src_state,tar_geoid,mi_shift,moran_shift
05,34019,0.010902500380887584,0.5778019654433114
05,34021,0.00993361834363293,0.6779842235967918
05,34023,0.01934839046323481,0.4574480493469036
05,34025,0.016622075032679304,0.3066626778688399
05,34027,0.02286786837221196,0.3805657307425915
05,34029,0.02442106366340881,0.6321339522533701
05,34031,0.013019916977691342,0.6167986063728322
05,34033,0.005723115637224586,0.8957859309383506
05,34035,0.015516903005668187,0.3695837162906156
05,34037,0.011550001342209959,0.427009701469733
05,34039,0.014027197290877362,0.6447400744230702
05,34041,0.005487629608442987,0.6734822315474371
05,35001,0.0134702839732444,0.5219258007241664
05,35005,0.002292399164217355,0.6293058612547721
05,35006,0.001783606594346574,1.8932764431832312
05,35009,0.0017630465720211198,0.7463811410581894
05,35013,0.005522452479986381,0.595394407777245
05,35015,0.002528794727900312,1.0791441384280593
05,35017,0.0025114126485024906,1.3252182293361334
05,35025,0.005315828195921735,0.7683207112696012
05,35027,0.0017631904431417431,2.417651812059622
05,35029,0.0012009358368489313,1.1690088983759317
05,35028,0.0018690189085784393,2.023019125808531
05,35031,0.00756195421823935,0.8624506108741863
05,35035,0.0021018306277327905,0.5771210444798786
05,35039,0.0027187204810168657,0.9558707383410825
05,35041,0.0014259411448973172,1.8502955314325322
05,35043,0.0032649550901789866,0.5040276521553256
05,35047,0.0025482866116383934,1.1633324338637723
05,35045,0.00491947451445936,0.5627930585222493
05,35049,0.013394655648608901,0.5687480772761832
05,35051,0.002275352017629258,2.449896161071624
05,35053,0.0018132753192392661,1.4514776148286734
05,35057,0.0009227696376497219,1.567933985789504
05,35055,0.001942290617849864,1.247904927749399
05,35061,0.0035419930915728906,0.610118352349221
05,36001,0.01273543874988415,0.5095036669402804
05,36003,0.004027909003152503,0.7379267537137927
05,36005,0.04460008123327087,0.40564345695337306
05,36007,0.006964071348571077,0.35843599674669696
05,36009,0.0037860035458638086,0.6732633049140857
05,36011,0.005082401962724414,0.7863386542568018
05,36015,0.003292178103505128,0.4901197433866307
05,36013,0.0064823428376483356,0.7087372137299357
05,36017,0.004091312984828978,1.3594314902126137
05,36019,0.0035624875983832583,1.009220840226802
05,36021,0.007398688424222265,0.8251367830317005
05,36023,0.0022935839852279835,0.8587021726328956
05,36025,0.005276042810710115,1.363746861542439
05,36027,0.011420881777033544,0.5296247659684656
05,36029,0.017064927913534183,0.3879387129456235
05,36033,0.0036371987089605018,0.8912998363883868
05,36031,0.004517401848009892,0.8481860145367435
05,36035,0.0037871107740102988,0.8256258883039787
05,36037,0.0035452939511615503,0.7525313501536992
05,36039,0.004497398845707879,0.8949987849250176
05,36041,0.0033456611417534876,1.6538121697856756
05,36043,0.005161188719833404,0.6188054407082482
05,36045,0.00570332597704798,0.5819047483177571
05,36047,0.04731558917819598,0.5816941694939461
05,36049,0.0027780011666620323,1.0558415087451913
05,36051,0.002490683425154189,1.0087966136301314
05,36055,0.016872781561235655,0.612241620631422
05,36057,0.0035124575960830138,0.8865375938115967
05,36059,0.035157287978204735,0.31563348540270236
05,36061,0.08404643549100112,0.6293190844040357
05,36063,0.00839559268469068,0.5183132334939886
05,36067,0.014778039740281143,0.5557111748725712
05,36069,0.004764170278405205,0.6580800729612654
05,36071,0.01376688656419325,0.7998406265925585
05,36073,0.0030617394404534324,1.5694334980288045
05,36075,0.005515606233126506,0.7050516220931448
05,36077,0.0044112662394533595,1.5531228998710436
05,36079,0.008050987733076036,0.6090724943674677
05,36081,0.04282954166424916,0.4604983576211373
05,36083,0.005619610980109305,0.7942470277718459
05,36085,0.015875290165992057,0.3520219341516668
05,36087,0.012253644593457302,0.7581545580169188
05,36089,0.003805152062351556,0.9170852623239231
05,36091,0.009643041084357842,0.3837923571073258
05,36093,0.007122304621788913,0.374855227856221
05,36095,0.0023731265023286554,1.1326576368324808
05,36097,0.00202190838620143,1.3201686947234674
05,36099,0.0031606516155157608,0.981824134453026
05,36101,0.006180653359995249,0.8143123994580341
05,36103,0.027018415300796603,0.4063507475073133
05,36105,0.004053379559915694,0.5534873297606707
05,36107,0.0032011931670256626,0.902714378176253
05,36109,0.010107984961406009,0.8041352337974548
05,36111,0.007800069204345108,0.4885746893945897
05,36113,0.004862262746688067,0.930333897134737
05,36115,0.004335332595394201,0.8965458449918956
05,36117,0.004779997304194446,0.6497263535088971
05,36119,0.021424059460210275,0.32191022841922934
05,36121,0.0033378455754941444,0.8205740278031781
05,36123,0.002712924674636775,1.3135567884170276
05,37001,0.005025675124823845,0.44977499214861805
05,37003,0.002159480546943536,1.0402248684588578
05,37007,0.0016042867320110918,0.942283941263642
05,37009,0.002308344413674737,1.2972674572577652
05,37011,0.0020497159145294336,1.27387901308292
05,37013,0.0026761912717698797,0.8476825024541014
05,37015,0.0011625704879555379,1.6864728523546226
05,37017,0.0023688189904536145,1.2274976318723483
05,37019,0.01292286662471725,0.8034869849797106
05,37021,0.007993415176605352,0.34776986835202556
05,37023,0.004308079846763604,0.6055609253022651
05,37025,0.0056625712174098106,0.3788374731467569
05,37027,0.004523195879703911,0.5443236727363292
05,37031,0.01566913670254339,0.4924658296608827
05,37033,0.0019258535596844962,1.0102155078770603
05,37035,0.005055774243703448,0.4815885181779212
05,37037,0.0027885226018998306,1.2390852322927193
05,37039,0.0028038470820221793,1.2325127863487046
05,37047,0.0030282319537383575,0.6651484699827114
05,37045,0.004060238659810676,0.5206150662074861
05,37049,0.0029520457309398676,0.862003265866419
05,37051,0.016908034309641294,0.7300338997023298
05,37053,0.001365192004278076,0.9451749760980713
05,37055,0.0035655693106896235,1.505781030355905
05,37059,0.0024787244275911125,1.0491841324988753
05,37057,0.006871277428176834,0.5001824072847699
05,37061,0.002569514357863978,0.8076330341967224
05,37063,0.012728475194754996,0.296462494504793
05,37065,0.0036329052093746705,0.8908173725711223
05,37069,0.002300959657992184,0.7320684748452694
05,37067,0.008562636477536396,0.38157851379170027
05,37071,0.010162382062192957,0.3165255708816794
05,37077,0.00220571489654506,0.8163604323871384
05,37079,0.0011576716858307484,1.3257702014664934
05,37081,0.01032470652221046,0.257631000642349
05,37083,0.0038303486417113424,1.0222171745650297
05,37085,0.0049197736533370924,0.908922134713858
05,37087,0.004077946807005649,0.5483313580860467
05,37089,0.005709735223703752,0.44539331541950117
05,37091,0.0011190783866333062,1.2035672176614607
05,37093,0.002134830385974232,0.7843270173561538
05,37097,0.007069441691294763,0.4402235479351521
05,37099,0.0019359709021032577,0.8567735141182293
05,37101,0.008457816629668305,0.5878870987892011
05,37105,0.0017167221694302647,0.6696018427100437
05,37107,0.002031346701106405,0.7019536165660384
05,37109,0.004614507078722799,0.8228220218684066
05,37111,0.0034029940286746667,0.8983366278535356
05,37113,0.004366232566815621,0.9531060212384984
05,37115,0.002042790637060409,1.169190865844203
05,37117,0.0023576747024942595,1.1154161791020571
05,37119,0.027697702909379382,0.3060639777803289
05,37123,0.0011142235433456418,1.2766600510037032
05,37121,0.0013193240872452021,2.0504737552406245
05,37125,0.004460069865407161,0.6216600325019421
05,37127,0.003850987160539826,0.640598377427456
05,37129,0.005565913801904383,0.32633157774049126
05,37131,0.0018976940288034428,1.6974433299584233
05,37133,0.0163641476466729,0.5010227503534959
05,37137,0.0013986847411188688,1.7170708235798082
05,37135,0.008091784843520081,0.884760459523719
05,37139,0.0016544600713083813,0.9065409551209892
05,37141,0.0020355529619018728,0.9151970104997338
05,37145,0.0015664845494781524,1.1645009865432825
05,37147,0.004775533684665081,0.4903151872384076
05,37149,0.0033819983912291773,1.2753746830370916
05,37151,0.0053514594718253004,0.5425655420934095
05,37155,0.006298391786447853,0.5103434631703928
05,37153,0.003994122629768451,0.766223731897844
05,37157,0.004548892594314507,0.5562175518760835
05,37159,0.004375621708825252,0.5245483545417512
05,37161,0.0026146056820923816,0.7874855210772882
05,37163,0.004087791951530876,0.7933862811090931
05,37165,0.002309925492532089,0.9977531764818012
05,37167,0.004283175023405336,0.7248275185100179
05,37169,0.0032024294496853034,0.9478772239756023
05,37171,0.00454169503866096,0.6525825143336499
05,37175,0.002401546064273968,0.9617440321437131
05,37173,0.0005699528561887135,1.1199317824913362
05,37179,0.01165544520727751,0.5578282221887881
05,37181,0.0017683420890435143,0.7909348848418003
05,37183,0.030986300313679705,0.5088031861211949
05,37185,0.0020553971790442773,1.5569041135503991
05,37189,0.003769644786450849,0.6230341655528646
05,37191,0.003924889571353358,0.4426440125297529
05,37193,0.003944215356706035,0.6519689876098317
05,37195,0.002615268830449552,0.5466908094149192
05,37199,0.002029548582231346,1.6234019019619812
05,37197,0.002675813952652866,0.9778188829532886
05,38003,0.0010233415104612602,2.3751890332858374
05,38005,0.002256761317231457,1.4664993629738747
05,38015,0.0055670185533353645,0.5048656652277457
05,38017,0.007272094676189285,0.47323883466721745
05,38035,0.004079562819366691,0.591938177611208
05,38053,0.0014139205226664587,1.891028694449904
05,38059,0.0017948710894163677,1.694365374150475
05,38067,0.005065602731454233,1.1812820982669687
05,38077,0.002698309465805985,1.8580616455152223
05,38079,0.0012467718525560434,1.4273411497338486
05,38089,0.002146823024888498,0.9747210370715085
05,38097,0.002052307053530102,1.7356959304206832
05,38093,0.0016559656622989513,1.434094472578186
05,38099,0.0036639366024587643,1.991320153104149
05,38101,0.0028357176214717575,0.7433544721771413
05,39001,0.0022653570872249265,1.1551539216817395
05,38105,0.0019887635086251764,1.2300911130865797
05,39003,0.006034508787967935,0.4182728220311406
05,39005,0.002873919792148053,0.6519120374062516
05,39007,0.0060382946603179215,0.8054938643547449
05,39011,0.0037827006294352586,1.2805763515942257
05,39009,0.004679678683593584,1.236316619826332
05,39013,0.004293192005911797,0.6674457195684421
05,39015,0.0027615750606975525,1.0607623119483733
05,39017,0.007849827557063557,0.886710166574007
05,39019,0.0025398612013881683,0.9638836514898879
05,39021,0.0019116885908020095,0.9340375933802892
05,39023,0.006366852395424184,0.4398072200023323
05,39025,0.006773507014684078,0.5249165490956135
05,39029,0.005187704143203277,0.8725008029748426
05,39027,0.0026681626865625863,1.1783552246718643
05,39031,0.002591142331954665,0.8064377539124986
05,39033,0.0035616610270784994,0.9116876337671727
05,39035,0.025685054146561203,0.4128094986259119
05,39037,0.003491038352478882,0.9581155285821912
05,39039,0.003370063927736628,1.052369390815589
05,39041,0.011914237801846406,0.4872604674474979
05,39043,0.0033539727422253105,0.6940077490523496
05,39045,0.005072595045628276,0.7462776889917923
05,39047,0.00312659380800579,1.0285882602610354
05,39049,0.023319045073685606,0.3776368278105726
05,39051,0.0033279653544511893,0.9438320574493227
05,39053,0.0022176239278065583,0.9652421041385972
05,39055,0.0062411751625094936,0.7465476076938568
05,39057,0.00552021685162426,0.458648754480984
05,39059,0.0036407787257014485,0.9657137986802097
05,39061,0.019793498778748142,0.5231165506490386
05,39065,0.0022485345687236116,1.2658035546501116
05,39063,0.00553866275047248,0.6821411194234673
05,39067,0.0019767811487650163,1.9002840702698631
05,39069,0.002457570247493665,1.2131448242847722
05,39071,0.0026657774090921896,0.8641015345804194
05,39075,0.004687670845506073,1.2046578852286567
05,39073,0.0030845243978921246,0.9723134576474451
05,39077,0.003966931040410278,0.8717335092870553
05,39079,0.0023606754646569666,1.0000869316070666
05,39081,0.005103134383398764,0.7691285090267587
05,39083,0.00265828589552596,0.7255626563014999
05,39085,0.010262711111101564,0.3966097649457235
05,39087,0.0030563430368402518,0.8749135604095418
05,39089,0.004746407095544713,0.4828721544496029
05,39091,0.0025064389435274317,1.1683986142256997
05,39093,0.008001048283154665,0.2259702583478196
05,39095,0.010738622678328119,0.47770293695875116
05,39097,0.00294973580378372,0.8380678982123378
05,39099,0.0110957708013971,0.3396527679789746
05,39101,0.002906773877152742,0.477345008204853
05,39103,0.008522914503384414,0.5251495564050557
05,39105,0.0029590105428557133,1.032157913016773
05,39107,0.0023836950364592743,0.9003613558695996
05,39109,0.004907918509357282,0.6485609426658107
05,39111,0.001948429007119881,1.652619947280961
05,39113,0.011007652491152866,0.31562901889252554
05,39115,0.0018175482949406247,1.2430617854354498
05,39117,0.002702677208753691,1.2337801405996518
05,39119,0.0052361687298197864,0.6041087859804305
05,39125,0.0026458617097248373,1.2015829899634591
05,39123,0.0056976902050497455,1.558006800600528
05,39127,0.002306358373857502,1.1263421120300243
05,39129,0.002289748611126482,0.9634905344698381
05,39131,0.002135664697017455,1.1726788193197126
05,39133,0.005987176738474948,0.9946838373802949
05,39135,0.003919756971398297,0.9857373107796367
05,39137,0.003840885818685031,1.0201300749203648
05,39139,0.005667797375684612,0.4077958702401647
05,39141,0.0033413012507215838,0.6974255911426804
05,39143,0.004379998642757737,0.7758154673185823
05,39145,0.002889987470604333,0.7500553689272084
05,39147,0.00524731429707435,0.9914461055435404
05,39149,0.004406399034729402,1.0229183709577123
05,39151,0.010099698150957282,0.2925770721978195
05,39153,0.01310249045129264,0.47895418612299706
05,39155,0.009687392220610021,0.3866922179052227
05,39157,0.004636534333949107,0.5752425198378559
05,39159,0.002412830821633089,0.8715840101513815
05,39161,0.002744956980833142,0.9615999955253195
05,39165,0.009155003161670065,0.4482239341432121
05,39167,0.004453852926902127,0.7616686821952221
05,39169,0.0046029815375803395,0.644405397280323
05,39171,0.0035497219653092033,1.0360773752083572
05,39173,0.005839042867017232,1.0084145540077176
05,39175,0.0023817214211355724,1.1155069218881595
05,40001,0.002188625114420657,1.78374378450957
05,40005,0.0014207336439485084,1.1867976620020242
05,40009,0.0008743329357518794,2.077759107341318
05,40011,0.0033894789022568643,2.866036202617124
05,40013,0.001937516159179716,0.8623582040622808
05,40015,0.002544864023794074,0.9963843436068113
05,40017,0.004974570224766293,0.5791577309019336
05,40019,0.0035788317709775238,0.98412072094045
05,40021,0.0026132598185865633,0.9281113168405632
05,40023,0.0026245627222477126,1.7949648582634452
05,40027,0.008408682840119017,0.5421324527662096
05,40031,0.006778465376143128,0.3878450300913707
05,40035,0.0018695190266667355,1.5616964762261327
05,40037,0.006181469985855907,0.6097139687071693
05,40039,0.001242496551671111,1.7386327406766944
05,40041,0.0035141684729852606,1.0661521935558358
05,40047,0.002293044716011637,0.7843025971920652
05,40049,0.0035562304680273734,1.1301039770253651
05,40051,0.0023794295608470495,1.0191589890085435
05,40061,0.0019055221326577847,1.384388788750392
05,40063,0.003358229634058264,1.5787861456026728
05,40065,0.001986690035290567,0.7632493507638518
05,40071,0.0030244682206327055,1.0143364344659846
05,40073,0.0015057259453771445,1.7151224574067823
05,40079,0.004358850629026515,0.8998096137840911
05,40081,0.0034421962247181835,0.9490089139377557
05,40083,0.0015717363285225815,0.9362849796852413
05,40087,0.002437968182885946,1.102652299647661
05,40091,0.002350431672110595,1.916993604637099
05,40089,0.0023089997776674104,1.0261921342259017
05,40095,0.001346816395308407,3.2539576916169963
05,40097,0.0032776424863435257,1.7256641267925794
05,40103,0.001032089168415256,1.5277756504972784
05,40101,0.0027651795991470263,0.6508937964458847
05,40105,0.0011734881639454296,3.099796458861842
05,40107,0.001534026131087821,1.6112923826822705
05,40109,0.020503973782910682,0.4577892298027639
05,40111,0.0027954062475536914,0.8827140089784977
05,40113,0.002396921531162943,0.8771740360552596
05,40115,0.004091198470899725,1.0599949444364465
05,40117,0.0022073049596221103,3.196880587391503
05,40119,0.0061230709074896516,1.1129579586662515
05,40121,0.002309040505348313,0.8238079098755319
05,40123,0.002312839278062052,0.9203654485826203
05,40125,0.003577498932531845,0.5762076443822861
05,40131,0.006727680321717479,0.5202176150143203
05,40133,0.0035907328143538722,0.9718888827658093
05,40135,0.0021911024879528113,1.1408016224657098
05,40137,0.0028272809930824944,0.8100051641218698
05,40139,0.0013054047290133974,2.2069041547061294
05,40141,0.002985667521700757,1.5795070894031211
05,40143,0.018811847361515265,0.37086124021643097
05,40145,0.004941719761245261,0.7103240536990424
05,40147,0.002952452479342755,0.6387406718049902
05,40149,0.0013951644987584397,1.760777120416473
05,40153,0.001728025307987136,1.498102337898703
05,41001,0.0038064777598441416,1.4334779494789434
05,41003,0.00659378678022361,0.8230890177103263
05,41005,0.016139121034482853,0.3152586351827506
05,41007,0.004968370065486925,1.2217596713287995
05,41009,0.003505540751399707,1.027230122474788
05,41011,0.004611624548344303,0.9172491355403064
05,41013,0.0011848751207681745,1.700905636321438
05,41015,0.002966682890822403,1.5029396147198901
05,41017,0.008898448262418444,0.6301135572980222
05,41019,0.00641277943330471,0.5856999243781058
05,41027,0.0012002218496788397,2.03874755514523
05,41029,0.0078113294541723765,0.6819788924113726
05,41031,0.001307875430924902,1.5594583952226384
05,41033,0.006080592518883321,0.8047517606510619
05,41035,0.0038053467983604843,0.6923754155801457
05,41039,0.013924688390219066,0.6720987809176077
05,41041,0.00895357076914947,0.7342013225300196
05,41043,0.004811982066895281,0.702537711781019
05,41045,0.0011735679811258858,1.1737986823808921
05,41047,0.007833589511847571,0.3812031615096645
05,41051,0.038129112740253754,0.7001843050254486
05,41053,0.003034725701068094,1.0689595134919014
05,41057,0.0042215908697310804,0.9545370505854897
05,41059,0.0034686355821867635,1.0573996536416084
05,41061,0.002958732802682751,0.9611538456392676
05,41065,0.0015436523436017206,1.1265809726993627
05,41067,0.02321914918663113,0.31814503223872087
05,42001,0.005504649787737985,0.7366802604202893
05,41071,0.003639932602186847,0.8912406364746017
05,42003,0.03783851772954372,0.4054352666872279
05,42005,0.008827470895097281,0.6885248438028564
05,42007,0.01252805277553534,0.4612905780980281
05,42009,0.005768666586727709,1.029311003610915
05,42011,0.010387558912386793,0.7724340314118738
05,42013,0.007040044220639016,0.5370332539600664
05,42015,0.006348701303204398,1.1428584800119015
05,42017,0.022040826940633487,0.36343001128998026
05,42019,0.008494806886594873,1.0602183821431173
05,42021,0.009637066638898751,0.6637625677892937
05,42025,0.005814238662075488,0.7731390903580748
05,42027,0.010600132099400828,1.2401093204363207
05,42029,0.017195861669837918,0.5368163434339789
05,42031,0.005228461742153937,0.7676027071315819
05,42035,0.002696658552564088,1.3623218222884492
05,42033,0.007671142422357394,0.9844078103502527
05,42037,0.005229167333263481,0.9784429461104053
05,42039,0.005824930571035619,0.6952865838882205
05,42041,0.007734954746692902,0.49725331189237326
05,42043,0.007446939260770471,0.47544503285737516
05,42045,0.014242303975796239,0.3426791200821124
05,42047,0.0031156735122208437,0.8764695549636573
05,42049,0.01203302403875082,0.43719916715888646
05,42051,0.009035421033768561,0.4589575836343341
05,42055,0.005798951736624355,0.5612517560519729
05,42059,0.0036939547857653865,0.995960014845213
05,42061,0.0048843058262055,0.8139430679776162
05,42063,0.004335018891621667,1.4047118050244223
05,42065,0.005605024293159574,1.3344117636130595
05,42067,0.0024638452767094467,1.4121137023236576
05,42069,0.009421226214631605,0.34250542443499676
05,42071,0.012670463192346626,0.5034176577880222
05,42073,0.006834595537407631,0.5010732570456843
05,42075,0.004690156223005774,0.577996561588279
05,42077,0.01012734719429011,0.727549800209761
05,42081,0.004051561164888387,0.5715560584215225
05,42079,0.015413976334039731,0.39694018281127025
05,42083,0.004041299939091211,1.060058007937084
05,42085,0.00729354157850493,0.6381207333820458
05,42087,0.0038475149862522893,1.109899495849556
05,42089,0.007088124800068273,0.48706106545224087
05,42091,0.027390721102868627,0.31853028603095773
05,42093,0.0012130022963774759,2.833743243082414
05,42095,0.0105367560694407,0.4751710298367608
05,42099,0.005640329303965991,1.0114482672984357
05,42097,0.0061090159406093835,1.0906556486485979
05,42101,0.034498042127197405,0.5696342611570201
05,42103,0.006330227850593806,0.8031963427526025
05,42105,0.0031734847260125845,1.1563392056546764
05,42107,0.012129938442084575,0.48650604844453554
05,42109,0.002578913716540774,2.1349057482787925
05,42111,0.008567235354924088,0.7913367457768881
05,42115,0.005556113582964051,0.7136721418136042
05,42117,0.005413546675558242,0.7471274973090889
05,42119,0.0018986783542262163,1.037033609166401
05,42121,0.0062055013764429085,0.7768382491096902
05,42123,0.006096519584945755,0.9085950980954847
05,42125,0.01045939030205595,0.4833811826813867
05,42127,0.004616779587014022,0.7261028937299012
05,42129,0.020469881561143228,0.31336796578207926
05,42131,0.004092791080911661,1.0044030394876506
05,42133,0.012079499181430548,0.7145356663536703
05,44001,0.003926585327309902,0.9153063704497051
05,44003,0.008684586907665347,0.418799737599055
05,44005,0.005141024079567749,0.6038196397518627
05,44007,0.01456713390592845,0.4432408777186421
05,44009,0.007396364484367945,0.5446389821551818
05,45001,0.002233751579680425,1.2120007180340386
05,45003,0.0031245835997814756,0.4022019645247253
05,45007,0.005763810674567116,0.3995226879668623
05,45009,0.0006359873156732767,1.3522174401112181
05,45011,0.0010023727759560024,1.001300819783209
05,45013,0.013028003578663138,0.5462463058526295
05,45015,0.0044872249535484075,0.4615727662111345
05,45019,0.012377618890054906,0.485943698239293
05,45021,0.0025285654266470666,0.7320098571061047
05,45023,0.003947312362025276,0.9390804189014806
05,45027,0.0022976176980361415,0.8606221056709085
05,45025,0.002806646721858422,0.984300282586789
05,45029,0.0016164518234021857,0.765052397783616
05,45031,0.0036123516687127095,0.7089076489259074
05,45033,0.0015243602000209818,1.0766311600277927
05,45035,0.0048644057325827866,0.5387363079101593
05,45037,0.0024094848615058783,1.2222467294310584
05,45039,0.001549193619350548,1.1554212336527947
05,45043,0.0027331756578003576,0.9046772320754486
05,45041,0.0031853031786424355,0.4519776426550926
05,45045,0.01288451486264871,0.44514997107912674
05,45049,0.0012670361045929704,1.5010186115545696
05,45047,0.001959760419458605,0.6919036487089957
05,45053,0.0005462210176643643,1.367353521455502
05,45051,0.011284858037159312,0.4528766729233737
05,45055,0.002353045789185365,0.6157788758185572
05,45057,0.0023264868194536642,0.688317195513269
05,45059,0.0034510853058938038,0.6449921892913345
05,45061,0.0016149850499306377,0.9480459737785232
05,45063,0.007742149188720226,0.298512689840761
05,45067,0.001882625393409875,0.872031499773889
05,45069,0.0027029195631672175,0.7802252723694674
05,45073,0.002780274540026651,0.686020389816795
05,45071,0.002295888215184102,0.8491513805580461
05,45075,0.0032467245169588424,0.5975905873022006
05,45077,0.003526251171482377,0.7837128125844479
05,45079,0.014969636826098379,0.4293633438613319
05,45081,0.0009752039285747493,1.2406180023635691
05,45083,0.005867933635592939,0.3894462092696918
05,45085,0.003125641291181117,0.44307439031653656
05,45087,0.0028247268782552845,0.8775446582095066
05,45089,0.0024429132879066826,0.7499251517105289
05,45091,0.005913286052833096,0.4484336685912487
05,46005,0.00234912319690638,0.9570492051832609
05,46011,0.002240293181947731,1.3798709792522643
05,46013,0.0029649364867720828,1.2649581101158471
05,46029,0.0019124083235646787,1.1548826922243367
05,46035,0.0008308943357039644,1.9582062456475495
05,46065,0.000812288595945101,2.0942488910327675
05,46081,0.0017956012811910429,1.4935351956488774
05,46083,0.0033496891657992496,0.8795959045521776
05,46093,0.0010934155304348008,1.361421829761394
05,46099,0.00715363282855888,0.38697063610720106
05,46103,0.004041687864082352,0.5074649502530533
05,46109,0.0017619136100478934,1.3311152392799106
05,46135,0.0008435139423534969,1.6103154664391033
05,47001,0.002608593170981122,0.645024132332855
05,47005,0.0020673394654113285,1.2731937969231124
05,47003,0.0021719168176989622,0.8007454534674436
05,47009,0.003264534527360321,0.41623273895808327
05,47011,0.0038413951723024163,0.659327045116942
05,47013,0.0031476859461274636,0.712077835576422
05,47017,0.002024054165412216,0.9990041312639526
05,47019,0.00347740681071416,0.606785679834113
05,47021,0.0026319927519002444,0.9012794684018863
05,47025,0.0020697522013846193,0.9060204569355896
05,47029,0.0024549241644920058,0.8209501682431819
05,47031,0.001910317914576078,0.7334303423542663
05,47035,0.0038329650493961927,0.6650624663778548
05,47033,0.0019105953628506516,1.3712224145548513
05,47037,0.017192933728100292,0.3821627950633284
05,47039,0.001636349209228009,1.3131845319039124
05,47043,0.0033033336181684313,0.8072771397735176
05,47041,0.0009810873704525558,1.0351373131817216
05,47045,0.001495971860421196,0.8862523741873871
05,47047,0.0035248860353472517,0.7447739682561696
05,47051,0.0022943005366093915,0.7444681859980244
05,47049,0.0014618558952981576,1.6476222489431143
05,47053,0.002096945725678446,0.7457630350798389
05,47055,0.0030430756770383266,0.986706114132351
05,47057,0.002308799250603793,1.9756088837745893
05,47059,0.0038934102078320015,0.6880830852218411
05,47061,0.0014705214950470964,1.5940454689710604
05,47063,0.0031063796381505773,0.6910208955531613
05,47065,0.006200630517050559,0.396475953980921
05,47069,0.001729050538771774,1.0118124695392818
05,47071,0.002130993573384531,1.130027467507117
05,47073,0.0036275824119375707,0.9632872227631701
05,47075,0.0017217642711323542,1.0569536579381877
05,47079,0.0025494741381251666,1.0856301467007048
05,47077,0.002060015685776403,0.9160439133426113
05,47081,0.0019415371602245393,0.9284854900635594
05,47085,0.0013465178617151784,1.4205912391465179
05,47087,0.0014112169046645291,1.2351649226743457
05,47089,0.003373865022575792,0.895543540631461
05,47091,0.0012183802602845138,1.326235601916716
05,47093,0.010290526842187151,0.4846750418823749
05,47097,0.0028145688365028942,0.8590086823388872
05,47099,0.002964632712385444,0.7187343518109865
05,47103,0.0028686589385075578,0.8130766447430509
05,47105,0.0018825620172327046,0.7057538967020647
05,47107,0.0029498793711279863,0.7678693419065654
05,47109,0.002533803613304321,0.9924788324183313
05,47111,0.0009441273164751971,1.055213694598187
05,47113,0.0034570747059221043,0.46737191082183094
05,47117,0.0019157655214892108,1.3190535827737913
05,47115,0.0029703345913335262,1.1507211027197
05,47119,0.0034350199420073524,0.5402665627998869
05,47123,0.0035244381625579068,1.2124006148603828
05,47125,0.010531036015773374,0.5087964985129886
05,47129,0.001939985646250062,1.2407390973866752
05,47131,0.003253196193149833,0.8288060176551839
05,47133,0.002067685926885288,0.9046096204449054
05,47139,0.0018030521713548002,1.309071693663986
05,47141,0.0025069285035334713,0.7110221099502735
05,47145,0.002917148781396542,0.9576143017755044
05,47143,0.0019863442015325746,1.5756619769204347
05,47147,0.0033167903767827756,0.6812388528113792
05,47149,0.008974742244276735,0.5600413168026253
05,47151,0.0017734343375573256,1.1610271500895926
05,47155,0.002714657019388201,0.5773863236589954
05,47157,0.016438060801046744,0.3854516397487701
05,47159,0.0016033686230132011,1.3053808140853977
05,47163,0.009327263619445513,0.5412486528690458
05,47165,0.006779832536521726,0.3726536893596038
05,47167,0.003211707179994164,0.8395919811652667
05,47171,0.0017813339470667624,2.198542358397615
05,47173,0.0010553630516559843,1.146454101584901
05,47177,0.0023904881813554438,0.8117515355138872
05,47179,0.002918541003543231,0.6261666477821475
05,47181,0.001248073417405856,1.6265424579746568
05,47183,0.0018896236021887346,1.3444014680292948
05,47185,0.002586628853949887,1.0830703868308023
05,47187,0.012456458889649172,0.4161525380474411
05,47189,0.0038374574434274773,0.6689836515346906
05,48001,0.0018160740811860533,0.9017300988822315
05,48003,0.0012597486088561998,2.957105156948948
05,48005,0.003089956452583845,0.6385001767798396
05,48007,0.0014303753261987117,1.3566535427205249
05,48013,0.002047118897652175,0.9309951449822652
05,48015,0.001503649812529578,1.1409639868370018
05,48019,0.001614892034849211,1.370374426420158
05,48021,0.0039860979234004465,0.9396001563360042
05,48025,0.0012283657835727687,1.3254053454849222
05,48027,0.01348187180125667,0.8625974710525887
05,48029,0.02139365566587263,0.33930285395832266
05,48035,0.0031726097638060803,1.5213332985554697
05,48037,0.002061402942604998,0.7515976617894538
05,48039,0.00808471298802961,0.6139345227431869
05,48041,0.015721059738883165,0.6907449406746526
05,48049,0.002590727275712968,0.8077113375865701
05,48051,0.0016904261606489723,1.383031874448981
05,48053,0.0028803338811772567,1.2289120259768895
05,48055,0.0017386649921138702,0.9504190941086249
05,48057,0.0010297791535795705,1.4647374376008069
05,48061,0.01866691951151271,0.29854011383373885
05,48071,0.0012609687206545052,1.281183497120979
05,48067,0.0016933303475139025,1.723266886182944
05,48073,0.002265522801009575,1.1119043411873364
05,48085,0.03454899682182665,0.5142363535673079
05,48089,0.0013530586822102517,1.0847216236345498
05,48091,0.004670058380456465,0.7803305488724284
05,48093,0.001440793821447791,2.1393950528134127
05,48097,0.002328054829919682,1.1469211143059
05,48099,0.007525338121992079,1.1225366288502887
05,48113,0.030447587271850624,0.37809116642773133
05,48115,0.0009614809175156467,2.282837201395615
05,48117,0.0014245127076183976,1.7473013228138707
05,48121,0.028442568397303157,0.7362945789849045
05,48123,0.0022673105653810517,1.2934413704080017
05,48133,0.0013855041579923953,1.3107548414161037
05,48139,0.004894165686281854,0.5066649206486096
05,48135,0.00857509299855819,0.5237972135317885
05,48141,0.022045418509163518,0.4403737511443276
05,48143,0.00122740449186559,0.9911764287281083
05,48145,0.002299475283548801,1.8656616228596796
05,48147,0.0026314684498939585,1.1279421369587208
05,48149,0.002571972628376825,0.9775240934106026
05,48157,0.02287742905439201,0.356520707040846
05,48161,0.0019527287336192302,1.442373843432737
05,48167,0.006626928223981942,0.8207848456289629
05,48171,0.0027344883546396403,1.3948151421971502
05,48179,0.0020307129896454026,1.0827611072374745
05,48177,0.0021442098160704423,1.7537900440822851
05,48181,0.003262542922961155,0.5243451903226372
05,48183,0.004469487059095649,0.642023952274618
05,48185,0.0012653298853307683,1.4755326520975995
05,48187,0.003858057998845428,0.8318674000958265
05,48189,0.002582401824869277,0.9856267608108746
05,48199,0.002508241695434004,0.9447538211523951
05,48201,0.03123842267502998,0.33602855704771706
05,48203,0.0026507268267081264,0.7157453529629254
05,48209,0.008378389739327724,1.0682476101493883
05,48213,0.0034466506818670818,0.9744144000220989
05,48215,0.03514351863900991,0.29681565106200963
05,48217,0.002827021064719407,1.2363363949500545
05,48219,0.0022118227204004715,1.2510066408624931
05,48221,0.0028117543965235966,0.7195673959696909
05,48223,0.0026568225556114758,0.9101825910298222
05,48225,0.0016861670644792769,1.3277890571805793
05,48227,0.002211194536904065,0.8145094008185554
05,48231,0.0027343354122572024,0.9318250251393704
05,48233,0.0017389979539386138,1.1886738247887507
05,48241,0.0017041830605028867,2.0066898221453653
05,48245,0.007001110969374666,0.34040473233315965
05,48249,0.0027035925122284583,1.0912154399379914
05,48251,0.005094754418555343,0.5532424631294999
05,48253,0.0021281150452577766,1.7910385818137733
05,48255,0.00113154746990363,1.388190372939528
05,48257,0.004257482622373617,0.7138794371929681
05,48259,0.002243403489418105,1.1524424167032292
05,48265,0.0031193646301832176,0.768053379041083
05,48273,0.0022431651606543107,1.412141542956697
05,48279,0.0018397444770646306,1.5827413833620296
05,48277,0.0024477450538583473,0.7020057819607209
05,48281,0.0008663826345651025,1.5688245920346893
05,48285,0.0033093662710312107,1.2074104248974615
05,48287,0.000933615139462031,3.3064462770900374
05,48291,0.0029762491084989805,0.6967014753117768
05,48293,0.0027098714853299173,1.391045459777456
05,48297,0.0010092822834868453,1.5579289924343258
05,48299,0.004115772559380779,1.3951445123123485
05,48303,0.012184216645474989,0.4357972178946001
05,48309,0.00561589108388189,0.4196375089761711
05,48313,0.0009023726693115001,2.2006652661986053
05,48315,0.0019035706360718402,2.0140133852337194
05,48321,0.0013658105295110635,0.884814721122624
05,48323,0.00383674181966129,0.9410579335639274
05,48325,0.0018325603947367073,0.9034662637996576
05,48329,0.005880303181658295,0.5269981000696007
05,48331,0.002428380605748898,1.1406047742732297
05,48337,0.002069496135019726,3.2461816599887943
05,48339,0.015805889428233976,0.42361297330424025
05,48341,0.0010498728976637297,2.087911981942104
05,48347,0.0020514412924858166,0.7013891817779601
05,48349,0.0021092246691527664,1.1582662638690884
05,48351,0.0011706143192932333,1.8452880476759754
05,48353,0.0013269632668990693,1.531615120865094
05,48355,0.007876537927668879,0.3682117949828506
05,48361,0.004019446078153942,0.5890433409071412
05,48363,0.002121720404431918,1.1054825012011527
05,48365,0.0017347856700967036,1.9187582646857704
05,48367,0.004687962345214237,0.6437989309831622
05,48371,0.0011648906423176225,3.031806997881622
05,48373,0.002793265553245966,0.9603012242040232
05,48375,0.005303445715745647,0.5322344275740459
05,48381,0.004733591006676465,0.5040685796297577
05,48387,0.0014366714856489983,1.1144560260990108
05,48389,0.001792082972966759,1.7770882025332748
05,48395,0.0011770982367725331,1.260881337095356
05,48397,0.005437266340204218,0.7920358985503502
05,48399,0.0013724804008817281,3.4177678486753686
05,48401,0.002685433133106188,0.7024145223346997
05,48407,0.0006403374853331385,1.0946156154462985
05,48409,0.003966907704970147,0.9044939136040753
05,48415,0.0006365655783295648,1.4947810177373215
05,48419,0.00208162569142915,1.1471817852454522
05,48423,0.004637523176821913,0.4403742944382712
05,48427,0.0079289359879836,0.9447991441269197
05,48439,0.022467816841221594,0.3229054913048002
05,48441,0.005016072589766475,0.4291900851851737
05,48449,0.0017695206314530156,0.945482792246081
05,48451,0.003877337591131128,0.5311111952917839
05,48453,0.04080214901677419,0.4162604479156942
05,48455,0.002440789910839834,1.6303593039780029
05,48457,0.0016235365427832668,2.350197691352735
05,48459,0.002460774121706497,1.121774147294601
05,48463,0.001603937484897053,1.8039504477773576
05,48465,0.0026150612587333144,0.9723574528734922
05,48469,0.003073093092159457,0.4509303409433926
05,48467,0.003051804239269747,2.2802006489839317
05,48471,0.002592182542076446,0.9653369919716497
05,48473,0.0017946959891570918,1.4196457503021342
05,48477,0.0019482173588047452,1.2796321059372173
05,48479,0.02126500041603153,0.42568767371424376
05,48481,0.0023748383924411696,0.7535759683785571
05,48485,0.005193396620532266,0.4871708623166184
05,48487,0.0011045712655952853,1.6982942009038065
05,48489,0.0027232367086998097,1.1248012017561266
05,48491,0.02117120306268442,0.4989636137941243
05,48493,0.0030106703260973787,0.8194776282769762
05,48497,0.003009971956362481,0.7700828154602318
05,48499,0.003031157351493362,1.0020238266155488
05,48503,0.0009769526178821275,2.6068062975321777
05,48507,0.0012665814101878174,1.446068936487368
05,49003,0.0052630152744057995,1.1296287134820733
05,49005,0.011320175686817851,0.6370095072544418
05,49007,0.002460020635243679,1.5969795056264187
05,49011,0.020252617070097526,0.6229356234442288
05,49021,0.003113558217429702,0.9588988954677767
05,49035,0.03479651542839771,0.7235940508932334
05,49037,0.001794156310330098,1.4276929629714177
05,49039,0.002087724201894937,1.5500161841772944
05,49041,0.0025863160135487584,1.7144827433928962
05,49043,0.004801428499243956,0.7625324082336111
05,49047,0.0038049890565019675,1.6147450529257488
05,49045,0.0037632609845548474,0.7344020695404808
05,49049,0.050120694509191745,0.9112036014216446
05,49051,0.0012268756366163199,2.5742445168510524
05,49053,0.00960669515469733,0.514130974813702
05,49057,0.01128698556456504,0.4216447502769448
05,50001,0.004749723335006525,1.0017201675694396
05,50003,0.004577199974068916,1.1262403398241567
05,50005,0.004574014263954026,0.9067199381895762
05,50007,0.010233175357649392,0.8111031506697179
05,50015,0.0027855342311117717,0.9768279889212614
05,50011,0.0033967069469704085,1.2303050644549811
05,50017,0.004918563604437064,0.9295333713706937
05,50019,0.004425180223988011,1.1065336706751459
05,50021,0.008420056555378674,0.6991290356197086
05,50023,0.007596696723904066,0.7520649291592151
05,50025,0.007689436629641199,0.7424750943814888
05,50027,0.007190180603599048,0.8344877239053461
05,51001,0.0026463546092912473,1.1187450695700256
05,51003,0.005457525394201325,0.8028039545415566
05,51005,0.002937541086235923,1.6517459212014767
05,51009,0.002311577000633818,0.8257464044393704
05,51013,0.036001341351151094,0.524249523546015
05,51015,0.004309783972224032,0.7553532835769076
05,51023,0.0034037195498799948,1.0788789461152892
05,51027,0.0027709424794240285,0.9371046632871606
05,51025,0.0006829690292800701,1.7390903205302655
05,51029,0.001369683963967296,1.5493164383101208
05,51033,0.001851225011155349,1.022069496138992
05,51031,0.0029447173095118453,0.8977891394228303
05,51035,0.002938354270368898,0.9824041602109492
05,51041,0.012355070673792164,0.3107785138321333
05,51047,0.0026273892355376,0.8931187756855019
05,51051,0.001141081181076689,1.3608763282580008
05,51059,0.03865823476760486,0.34657167273781603
05,51061,0.004662739399512723,0.6182887514642369
05,51065,0.0008656806697440805,1.6744848156330663
05,51067,0.002813780165947721,0.8181542815412216
05,51069,0.004665711327647057,0.7558237113431971
05,51071,0.0017337069619125299,2.228263233224443
05,51075,0.0017511567278930382,1.5565353837937923
05,51073,0.002474787092024916,0.8949142419621143
05,51077,0.00215717546350042,1.3670821186809403
05,51083,0.0032819759129429312,0.8332205422025257
05,51085,0.00669932598769989,0.6092693939196108
05,51087,0.010744476602936284,0.3652230229617827
05,51089,0.00519140361816094,0.6797228173605331
05,51093,0.003580150056265529,1.0175863360293425
05,51095,0.004020132525111912,0.8542260443295736
05,51099,0.0019487574230970179,1.3592002592308083
05,51105,0.0020359242943373762,1.239329621608307
05,51101,0.0009313989496437311,2.492928581026444
05,51107,0.026031639344735964,0.37328906346077406
05,51109,0.0023480529577594904,1.0455965769465323
05,51117,0.0033637745656198135,0.9049842394493234
05,51119,0.0014428463964384938,2.0376797041169366
05,51121,0.005488540072398164,0.8447253588867338
05,51135,0.0005045788511389882,1.568834781790458
05,51137,0.0013218923003299242,2.0151094868752475
05,51139,0.0022689245134796224,1.7780562818940857
05,51141,0.0018199793031097964,1.612165576281983
05,51143,0.005338065895426107,0.7140108626883274
05,51145,0.0017803223450983366,1.3846049590179796
05,51147,0.0006092717975571855,2.059176667782981
05,51149,0.0016061127936772225,1.3495209392350567
05,51153,0.02666544098192474,0.4317551822811942
05,51161,0.005751882034686806,0.8715486888526568
05,51163,0.0011894879079176843,1.767176265464143
05,51167,0.0020722157694862383,1.0517559802958947
05,51165,0.003972752485528138,0.6773435255793421
05,51169,0.004214669870025502,1.3390095058051361
05,51171,0.0026581266623842553,0.9224003325933592
05,51173,0.003305135899764247,0.9185359239297752
05,51175,0.0015269692773346275,2.4864426141842584
05,51177,0.00773987539101887,0.469371679760424
05,51179,0.009579264734874032,0.6296484015952551
05,51183,0.0020793296928187078,1.3140341437211467
05,51185,0.002715408413891999,1.243334906052984
05,51187,0.0018497850951046404,0.9904898661342131
05,51191,0.0035443358742800577,0.7747760053024556
05,51193,0.0008918611321168359,1.8454519681752302
05,51195,0.0027430429835966345,0.8718043779790047
05,51197,0.0018999588359568072,1.2116452250886283
05,51199,0.004134856554152583,0.7068910127193957
05,51510,0.021920607492501888,0.5973805788341847
05,51520,0.0008192448196105924,1.6798166807714414
05,51540,0.006241483892973276,0.732446882973565
05,51550,0.009624314719151535,0.4988910286217284
05,51570,0.0014384557697129207,1.8125769921877937
05,51590,0.003111990571226362,0.6250887024384422
05,51630,0.0019159076527480257,1.370323844192293
05,51600,0.0028331415030582383,1.4851505741895727
05,51650,0.005154548234725596,0.4424608777192452
05,51660,0.005325927580967655,0.7401128188741012
05,51670,0.0011592087175600519,1.0795381076595074
05,51680,0.0060408423650590674,0.5745475290624642
05,51683,0.004375162141821484,1.0811276388050886
05,51690,0.001689293963694773,1.20128898292185
05,51700,0.006498225262970861,0.5865199673433619
05,51710,0.020010976136651218,0.33408898403226817
05,51730,0.0030852653903639666,0.7014276788879871
05,51735,0.000782367198453076,1.315425399464936
05,51740,0.005020474447759238,0.522940656849493
05,51760,0.01601217077721416,0.4227695564953834
05,51770,0.0035167828775747438,0.4559413427499268
05,51775,0.0015839124411093873,1.4187410513509608
05,51790,0.0012741704330862986,1.2805875708159347
05,51800,0.008076458111629076,0.5428026684158751
05,51810,0.015957770473942336,0.35041542564938466
05,51820,0.0012172340255473286,1.5403254037659948
05,51840,0.002074377498427724,1.4562260094065353
05,53001,0.0010693838585649589,2.6749263817174245
05,53003,0.0018697766995918674,1.620057214144013
05,53005,0.006642102539028825,0.40968968889874025
05,53007,0.0036433520778984293,1.1575286007927106
05,53009,0.006990602621678415,0.9545437020076225
05,53011,0.01634138097520745,0.37127240810623136
05,53015,0.003283438529132125,0.4732801120318333
05,53021,0.007123620430932411,0.7645403928597123
05,53017,0.0024958445180719526,1.1805507633304082
05,53025,0.003618243702166965,0.7333305644939654
05,53027,0.0038473703256351175,0.6409352960833639
05,53029,0.007123723552750244,0.8878832179177287
05,53031,0.003890314956507536,1.512253690719807
05,53033,0.045533754673880426,0.7038152770834406
05,53035,0.011735026667128095,0.33336450595684436
05,53037,0.0028899619896833786,1.3629980243537232
05,53041,0.004509487556357217,0.759480012390265
05,53043,0.002165155114870071,2.3570345457466764
05,53045,0.003898662395784649,0.6775265198839993
05,53047,0.002721438793673863,0.8469011413699432
05,53049,0.002934696312519499,1.3375364100526816
05,53051,0.0028834573287849848,1.6643348696014912
05,53053,0.016355254243741936,0.35762445624661254
05,53055,0.003002170972284791,1.6324920762255266
05,53057,0.006140793335166983,0.7919970235390879
05,53059,0.0018370254650043312,1.6486062848420064
05,53061,0.022539137909492735,0.2923117311252621
05,53063,0.01346047132718989,0.31889842126417006
05,53065,0.00392609802558936,1.0424831051684447
05,53067,0.01044716137964873,0.4384364616792746
05,53071,0.002192852045911293,0.819417843894903
05,53073,0.009834080407014755,0.5947731004992795
05,53075,0.0034861797920857553,1.4936661989078648
05,53077,0.010190628655234995,0.5681657566982241
05,54001,0.0009287986481233073,1.441440026930708
05,54003,0.005720969653996154,0.7623018995417613
05,54005,0.0028606166779315966,1.063074447828221
05,54009,0.002426448242314228,1.0203792082650922
05,54011,0.006093363504267165,0.634856044999019
05,54019,0.0035009751052303404,0.7510688805246535
05,54025,0.0028469186464802065,1.2674620734736968
05,54027,0.001785619858658717,1.3528429034428273
05,54029,0.0031738542512467997,1.45045448427643
05,54035,0.0020456461698334927,1.0993000072873231
05,54033,0.004341103551624657,0.48517530912723206
05,54037,0.0027150862314714416,0.6969219925415735
05,54039,0.0069235572496405455,0.3951347411226019
05,54041,0.0023768612823077983,1.6026139662624828
05,54043,0.0017463912708821222,1.1527393659360443
05,54045,0.0028728419787101595,0.8657457904819791
05,54047,0.004290873078127355,1.0207733849960527
05,54049,0.0031574212673275612,0.5682992800717452
05,54051,0.0037248013751272646,0.7725573273869532
05,54053,0.0026486541921491424,1.059170130820014
05,54057,0.0023586220905944763,1.2749919067387496
05,54055,0.002880636770242037,0.8098660343724267
05,54059,0.003136077933628794,1.1933490396120203
05,54061,0.007949277592902272,1.025361683955171
05,54065,0.0012980758024301702,1.8122322099603714
05,54067,0.001631737109158347,0.9029094380479934
05,54069,0.005640741072608551,0.6296771367891334
05,54077,0.003121559266457469,0.9299557697162566
05,54075,0.0016082981824113794,2.480199476930562
05,54079,0.003362024759458791,1.3633099160930149
05,54081,0.003949419609636365,0.5836319148069948
05,54083,0.00204128112717331,1.3811408272713992
05,54089,0.0012031996545547106,1.620617351399337
05,54087,0.0014506078003629144,1.7166074661201685
05,54091,0.0011200633137177195,1.3777566327674178
05,54097,0.0015472646129652322,1.8394217394415744
05,54103,0.001967374423233088,1.2997149919228537
05,54099,0.0019175725127357137,1.2504946618229797
05,54107,0.005270883603479327,0.5214907587339247
05,54109,0.0018779629850944324,1.0703580575405724
05,55001,0.004573053644375616,1.0534161817635752
05,55003,0.0034120540656232654,2.159256770058822
05,55005,0.0040057186834462225,1.0881103473436993
05,55007,0.004014670729191252,1.6361854822147348
05,55009,0.008070352224746193,0.3530907984308249
05,55011,0.0031706927484917015,1.5310623372634466
05,55013,0.004503563801494071,1.0606452764877492
05,55015,0.004197280297913199,1.3281411964816607
05,55017,0.004290370053707788,0.9045016102480626
05,55019,0.005883093460448377,1.065707502488698
05,55021,0.005725046230385449,1.0015356787945262
05,55023,0.004176974550833959,2.3690202750114713
05,55025,0.025369750886324493,0.8290305073653441
05,55027,0.007287035669625151,1.0040675688474596
05,55029,0.005380672831037759,1.236100583308312
05,55031,0.0036007132825583927,0.8250983646348782
05,55033,0.0038765656534095064,1.3558094531040636
05,55035,0.004474849336041142,0.5744120996667262
05,55039,0.006137758339702675,0.7037815302967807
05,55041,0.002282996590177602,1.6473847047876027
05,55043,0.005326485319103939,1.3972994099212797
05,55045,0.0042792937856421616,1.1633311931813952
05,55047,0.0038335650932299413,1.8637128603709914
05,55049,0.00427119671398663,1.0392936877359407
05,55053,0.002917493006987221,1.186316195191452
05,55055,0.004312717708653329,0.6490661357405233
05,55057,0.00506238666439682,0.9660698420914205
05,55059,0.005722053291847788,0.48933518488540556
05,55061,0.0016692268643276878,2.286574210321812
05,55065,0.00411036244256335,1.4552473039453326
05,55063,0.00469029784401869,0.7152285936986816
05,55067,0.0027394250994480273,1.7177939307541918
05,55069,0.003975281096881659,1.3725480016713785
05,55071,0.00625974930201374,0.6645280268870988
05,55073,0.007366352688752411,0.578330268014802
05,55075,0.005228222337966422,1.05986970339821
05,55077,0.003876029271002797,1.290229671835333
05,55079,0.03101958292618959,0.6484783459103691
05,55081,0.003804007433477377,1.3786343203133062
05,55083,0.004707467084257721,0.8991772074202233
05,55085,0.007655486440338489,0.8943662206669488
05,55087,0.010410888176159015,0.4396429546729978
05,55089,0.007045068682010419,0.9683473366718671
05,55093,0.002596085330207482,1.5329984065525646
05,55095,0.004889829643764646,0.8417018477138525
05,55097,0.004934689279547589,0.780856922067203
05,55099,0.006328958696214964,1.2680761894822519
05,55101,0.007077210739626279,0.5790528880126092
05,55103,0.0028181974160795173,1.7247153303237024
05,55105,0.0053752471833980135,0.46433005709280417
05,55107,0.0034623768808404697,1.3191789426539067
05,55109,0.0068125728893985524,0.8662345628095974
05,55111,0.004733566331846524,0.8376146506617745
05,55113,0.0025707887351269737,1.2089552270181192
05,55115,0.005142213651014232,1.0711401623493562
05,55119,0.0031833945686806347,1.3333466339006177
05,55117,0.006200395083912563,0.6890704356458365
05,55121,0.005102939572034616,0.8916542948143105
05,55123,0.004584378678241363,1.187182949951577
05,55125,0.004018938979281974,1.4188507236880492
05,55127,0.005824277935051768,1.0744328326307013
05,55129,0.0029273332707102674,1.4628553205640666
05,55131,0.009205377812331557,0.7005027902080081
05,55133,0.024317181476590292,0.42284168644504705
05,55135,0.005336925802313438,1.0661189916529827
05,55137,0.003733232043048835,1.1019403079266619
05,55139,0.00735410478784058,0.592623404006754
05,55141,0.005998970409169619,0.9285900434070604
05,56001,0.004853085538770222,1.063362719159207
05,56005,0.004169481005859674,1.2901215136589557
05,56007,0.0011550940258766903,1.8232236755724986
05,56009,0.0015538918766032758,1.8204154002076012
05,56015,0.001087956762543806,1.8640373097155105
05,56013,0.002438355262404794,1.252220063648206
05,56021,0.00431272975526477,0.5068350678112552
05,56023,0.0013780204479810969,4.696447126368549
05,56025,0.004386267076559898,0.5794540080274208
05,56029,0.0017029089355594246,3.547510191527785
05,56033,0.0016575176892371323,1.366452804607369
05,56037,0.0036019923253674648,0.7350163376685083
05,56039,0.0014909509314071222,2.076647258661676
05,12057,0.024189290221335306,0.4353035614015551
05,12059,0.0012412379491652597,1.1444155818518935
05,12061,0.013310088104594223,0.4023823040836007
05,12063,0.002946411138566199,0.7533897527488602
05,12069,0.012866041143406377,0.5211063255392514
05,12071,0.0365251875401266,0.5357785716477587
05,12073,0.018012924288422247,0.8366357526693201
05,12075,0.0022109392599099797,0.7790390601381874
05,12079,0.0011924864458029757,1.2379585019933455
05,12081,0.014988479738381797,0.26930093735647814
05,12083,0.01183719104967502,0.38385696155638466
05,12085,0.013711033051626756,0.40681870952204324
05,12086,0.0324828321604114,0.4475337912040743
05,12087,0.014619846538765822,0.7731510450751317
05,12089,0.002424763886354944,1.0830906000122351
05,12091,0.006327716703868116,0.6181649708650695
05,12093,0.0027830852821736176,0.6700453240653627
05,12095,0.022810902155105544,0.3453973892124953
05,12097,0.012253711712060975,0.5222445418202675
05,12099,0.04255469416305371,0.4491830881554204
05,12101,0.01998586102355329,0.5540454918422324
05,12103,0.03429848669214053,0.3083461271689929
05,12105,0.01099469297661008,0.30301956699507
05,12107,0.0028472133174201214,0.6549746154755366
05,12109,0.008744302469441476,0.7448201844648517
05,12111,0.011340850076606396,0.6376880038680593
05,12113,0.006165960892658731,0.46599513458643155
05,12115,0.04212077393226175,0.4492226669448178
05,12117,0.012223337862228432,0.35739611812326744
05,12119,0.011015621132467584,0.9784458557327547
05,12121,0.0019672092103221084,0.9781943051522127
05,12123,0.0008866873671999185,1.3104141758868824
05,12127,0.017432328813871266,0.5043322032968272
05,12129,0.0013466276287018117,1.559279785844347
05,12131,0.0021827290944975335,0.9206126183764952
05,12133,0.0021535937617154824,1.2400946446975802
05,13001,0.0015394345235406454,1.2990307915567685
05,13009,0.0018032344897554627,1.0563138546457491
05,13011,0.0016780480106625283,1.4391036925254157
05,13013,0.005130891617205775,0.5785598315273297
05,13015,0.00438341552317941,0.8207583907390853
05,13017,0.0015137570096208615,1.2352546757341842
05,13019,0.0022388934906049716,1.0462826182987681
05,13021,0.00651048756237539,0.3733467880646862
05,13031,0.0026459764388684385,1.1493007238989368
05,13027,0.0013546711238362655,1.2837685992839958
05,13033,0.0016236477420207142,0.8426707983135143
05,13039,0.0017681512032813097,0.7470319126455812
05,13045,0.004463456209391659,0.6204383599786755
05,13047,0.0034751042803054712,0.8580155825732585
05,13053,0.007121095166270456,1.5326022214082284
05,13051,0.011145265595716589,0.36577087019622234
05,13055,0.0018182747885908746,1.0087761817818888
05,13057,0.013228424314235933,0.4074881313116809
05,13059,0.01421361681933652,0.4201603455070888
05,13063,0.013425213195896367,0.33934934931671973
05,13067,0.024192801494646397,0.6043459057584261
05,13069,0.0022257017781796506,0.8318035195553848
05,13071,0.0023249301536487394,0.8131441902235298
05,13073,0.006321741804904153,0.5336509707696272
05,13075,0.0010936367050434726,1.2431699267605636
05,13077,0.006540879977266629,0.5810623246613342
05,13081,0.0013155944788649178,1.008370787228706
05,13083,0.001394941659243521,2.668366632529469
05,13087,0.001581585522778878,1.030175884202806
05,13089,0.019815499566073945,0.48091972430398644
05,13091,0.0021751570490968816,0.9572555226266315
05,13095,0.004417001679499059,0.4841459420094744
05,13097,0.006911864053418368,0.5418330918603805
05,13099,0.002758173871322299,1.2076414994846993
05,13103,0.00285541210298884,0.7700330048019551
05,13105,0.0016384129348862512,1.1962542256456181
05,13107,0.0012461976306944252,1.1000822554677725
05,13111,0.001889984612771066,1.2305640524271981
05,13113,0.008004877629878664,0.6242232119569924
05,13115,0.003152719042649559,0.43896056079964424
05,13119,0.0016351610164293472,1.4704657986093956
05,13117,0.017453570108809137,0.45255301001809495
05,13121,0.030570410980490712,0.8012196175389201
05,13123,0.0014407778609300973,1.174508031421551
05,13127,0.002382839175351001,0.8697884536412612
05,13129,0.0037186540603249513,0.746638230103753
05,13131,0.001291086942855389,1.0080461995077539
05,13133,0.002923703500307064,0.9103594380546265
05,13137,0.0017431651623841483,1.1050972715661753
05,13135,0.03363560052114882,0.4930334752070553
05,13139,0.006877740375915851,0.4423230534969534
05,13143,0.0015826540201313204,1.1641347425496102
05,13145,0.001934017095797468,1.2341442377227914
05,13147,0.001708995851256355,1.2621195274012935
05,13151,0.012018795369859201,0.4932833393728659
05,13157,0.0034909146116043816,0.8744729248617761
05,13153,0.0056221620588843835,0.49427227945925156
05,13163,0.0011495550672370833,1.2830597781872843
05,13169,0.0015925238995812413,1.1187162072187278
05,13175,0.002535830033587992,0.6307665434401548
05,13177,0.002118682504749449,1.1582721808214678
05,13179,0.0066782356397290165,0.595301725450986
05,13185,0.005043410552413979,0.5214014735727022
05,13187,0.001235986248501316,1.7438275768226037
05,13189,0.002148003694672128,1.1482757320485188
05,13193,0.001449254496219111,1.1140910182684116
05,13195,0.0023235802878680952,0.965588723010229
05,13199,0.0013644286424479674,1.20065776664556
05,13205,0.0017837959866562074,1.3032611012169575
05,13207,0.0016414480178713795,1.3321585888351504
05,13211,0.0016698799067211868,1.1511066307407054
05,13213,0.0025739756795209174,0.8811651205706575
05,13215,0.008300256367955785,0.3677830801410768
05,13217,0.005328268130906649,0.7685995150953032
05,13219,0.0021315243767833403,1.1182642145612574
05,13221,0.0009989465639417704,1.3185104312325193
05,13223,0.007267166055977627,0.5383094712178949
05,13225,0.0013500576251753715,1.1240802567230876
05,13229,0.0012417032177997208,1.2037489689465668
05,13227,0.0013064160514528508,1.351164652463386
05,13231,0.0017274634370770228,1.3270562615274983
05,13233,0.002531140035264108,1.0034248915485748
05,13237,0.0011475771029942964,1.407617771437259
05,13241,0.001882582394546917,1.4631665823503925
05,13245,0.005729308740253,0.5204694709221991
05,13247,0.0037969362986258392,0.6598449122427343
05,13251,0.0017355993426088423,1.1239997263152521
05,13255,0.0019190012325581648,0.6020998000850587
05,13257,0.0012931070967186456,1.2789080214331736
05,13267,0.001664826516610789,1.3093182718624596
05,13261,0.0009825083316809397,0.9476845587402941
05,13273,0.0017804010671590102,1.70249802979023
05,13277,0.001273399362876742,0.7471090748760985
05,13275,0.001822467318302766,0.6995318251244713
05,13279,0.0017164606429350506,1.0813322290198117
05,13285,0.0028204146337321738,0.6443457891013861
05,13291,0.0034959496648286244,1.1387829174206072
05,13293,0.0018538063674325578,0.8485798484382506
05,13295,0.0025541266035485873,0.8351270612935361
05,13297,0.0046076175841288855,0.625962414449272
05,13299,0.001632432106445234,0.9438743869617001
05,13303,0.0012074776545795945,1.2236153290040999
05,13305,0.0017105508612458714,1.1339794273504682
05,13311,0.0010126148583493935,1.2236541378685084
05,13313,0.005492577721530793,0.6349902745209965
05,13315,0.0019316216376758057,1.2746680268786386
05,13317,0.0008363858243836806,1.7044538202894537
05,13321,0.001309257368241517,1.1577624905574886
05,16001,0.01581549320211474,0.4285390052114336
05,16005,0.004367163299695569,0.5621395399826477
05,16011,0.003564451402401966,0.9401987901434982
05,16013,0.0010919085254404864,2.0440299836427887
05,16017,0.002949997756541186,0.8157018657003641
05,16019,0.005499451229846965,0.5151949637117286
05,16027,0.007802150703093913,0.5586275456151659
05,16031,0.0026916314753500483,1.3868394121826795
05,16039,0.0008896141970922636,2.755128411918433
05,16049,0.0016707075103785578,1.3974737787988047
05,16051,0.0016247534964076572,1.7684823737452227
05,16053,0.001495729397184733,1.6450927010449719
05,16055,0.007368038838584073,0.5229429277228567
05,16057,0.0015694758462604316,1.2385732020135916
05,16065,0.003806602292240018,1.6273361652176472
05,16067,0.002307906050715835,1.5614127946888121
05,16069,0.0026257075711701087,1.0876567591477215
05,16075,0.0014094936956141858,1.8339985963819916
05,16083,0.002664223335058877,0.6956832313362388
05,17003,0.0023250330171116964,2.1988445882700223
05,17001,0.0034796279893470087,0.48484378304574083
05,17005,0.0008924165932787969,1.1552984035798013
05,17007,0.0033167540466022293,1.1985222983343138
05,17011,0.0043836986609511,1.1413241439180672
05,17015,0.003588158138013365,1.2648450359243728
05,17017,0.0028012404596376816,1.8872860752475913
05,17019,0.013663512368927242,0.9498321561434587
05,17021,0.003676635916073997,1.656026537394123
05,17023,0.0014873053287345662,2.97528415369332
05,17027,0.0027815280080291122,0.9566701168824554
05,17025,0.001300356763733491,1.8841575641636583
05,17029,0.0020770070247400135,1.5369893093157823
05,17031,0.025140074810331717,0.756635689627253
05,17033,0.002637103990635838,1.2720006233340602
05,17037,0.004186931063309679,0.9657100076140369
05,17039,0.002110439551675687,2.0544016629452537
05,17041,0.0024167353482963698,1.1820692620041322
05,17043,0.0305105878193213,0.3582105859089093
05,17045,0.001790633837168972,1.3621654433651138
05,17049,0.0034857302415815796,1.1973144820668316
05,17051,0.0021140884043864975,1.2572703381888248
05,17053,0.0021967160699782723,2.4761463825388983
05,17055,0.004644339746624813,0.9483961017363636
05,17057,0.004568383240409803,0.9432782135507606
05,17063,0.002691634356960221,0.97546150565867
05,17061,0.0021970761597480183,1.2667951765888417
05,17067,0.004116846747975905,1.0721356264651647
05,17073,0.00349738538655966,1.0043313461137748
05,17075,0.004548367343075804,0.9220579726006102
05,17077,0.004543443605503528,0.9720259220384773
05,17081,0.002184337751183288,0.7581273477232501
05,17083,0.002035301885110564,1.0507924902886474
05,17085,0.0020370290376047445,1.1643739373058408
05,17087,0.00047844499455693536,1.2840527355226599
05,17089,0.01833007989815128,0.5812469438972666
05,17091,0.003541396067541857,0.4565058258025713
05,17093,0.008196416223461869,0.9518128814670848
05,17095,0.0028159366347902974,0.6504500625293406
05,17099,0.005971990228990853,0.6505160970591581
05,17097,0.020748376292491585,0.6465329296513408
05,17101,0.0030995672327910713,1.2167200890690129
05,17103,0.0029609985502384354,1.0096123334512617
05,17105,0.0021219337061268817,0.9081308720124257
05,17107,0.002578387244463202,0.8182841024426167
05,17109,0.002385107262305551,2.2866820601385545
05,17111,0.01662317161776815,0.39158480573596793
05,17113,0.00763119858480543,0.5199401804498217
05,17115,0.005976297260610039,0.4329692229002083
05,17117,0.004440842990360076,0.9390723870037285
05,17119,0.007879907733060064,0.3539920039790821
05,17121,0.004225999804953579,0.9920922818592143
05,17123,0.003589256703417177,1.2254786303463217
05,17125,0.003482679502327833,1.654579712984969
05,17127,0.0012842234625610315,2.029557413174739
05,17131,0.0019403773579697839,1.543707318264273
05,17133,0.002394429778234648,1.913370875932197
05,17135,0.0031756510543692602,1.3341412236593866
05,17137,0.002611761992645418,0.8366947725887387
05,17139,0.001460503362579991,1.5041219079255757
05,17141,0.0032123224126173167,0.9177870535949672
05,17143,0.008778657180380988,0.5442828245516573
05,17145,0.0021555508614312436,1.5879708780591932
05,17147,0.001042552870568231,1.6453525048875655
05,17157,0.0025665939174997518,1.0881898080357035
05,17149,0.00252961359905333,1.2361191728759515
05,17159,0.0017055322158957748,1.5245727123677508
05,17161,0.005175264522058016,0.4113615366231134
05,17163,0.006921239861724681,0.6220299675419613
05,17165,0.003571758586020273,1.4118070286045779
05,17167,0.008154896255006124,0.3777730066978417
05,17173,0.0031270954135876644,1.2396881588578628
05,17177,0.003517658414672784,0.7520083445617376
05,17179,0.006785957132778954,0.6111820723938525
05,17181,0.002238653021062488,1.473148739740054
05,17183,0.00481682370379775,0.5081231413103227
05,17185,0.001811978605511559,1.1802932064150693
05,17187,0.0015017294507258159,1.4481284125582363
05,17189,0.002046903749383312,1.691360429347466
05,17191,0.0029496803742068084,1.7163986220834442
05,17193,0.002223190842362157,2.1418528265027135
05,17195,0.005689080946167015,0.5927805926086887
05,17197,0.017491890799509042,0.43215922316854105
05,17199,0.003658937898412661,0.71270306226328
05,17201,0.006673507824260806,0.3250583444073881
05,17203,0.0035728866218180453,0.9268319577446996
05,18001,0.001798077760591231,1.6135784712004222
05,18003,0.011592262163045623,0.40346722355323794
05,18005,0.0041746982304377124,0.6340749230897806
05,18009,0.0017499404163142484,1.5779361846555966
05,18011,0.0031648059225680425,1.5690482503532859
05,18013,0.0016277632027983863,1.578676952757098
05,18017,0.002176915446314642,0.9249757237032598
05,18015,0.0035371906989681906,1.151981372037878
05,18019,0.0045519954892449446,0.6376114365441181
05,18021,0.002302838850290154,1.6057335703771538
05,18027,0.002655836194897019,1.1850025373885933
05,18023,0.002074448729045825,1.004024654638434
05,18029,0.0033375053868333103,1.0265616302666751
05,18031,0.002135038595929009,1.1512275568618202
05,18033,0.0030131180197529605,0.8227067893065051
05,18035,0.005493593737984266,0.47452532252541135
05,18037,0.003148635618980933,1.3436697559570112
05,18039,0.007318762275247726,0.5085683364847535
05,18041,0.002831670266772928,1.1816551079115671
05,18045,0.002663032131964405,1.5669699657413987
05,18043,0.004349874262583453,0.6058473701750997
05,18047,0.0014979683956206297,1.5477324016889733
05,18049,0.0022795104938574716,1.0836608595943733
05,18051,0.002212201454199409,1.3482378283690506
05,18053,0.003112425055158952,0.6631703243002955
05,18055,0.0028787853268242643,1.3196903540470022
05,18057,0.017160012302126503,0.4270760022705385
05,18059,0.004307574733501791,0.8979409129299081
05,18061,0.0033454778967641125,1.284802004761124
05,18063,0.007547680960536848,0.5317759945884275
05,18065,0.0038075919849753967,0.750663368238436
05,18067,0.004375381888023824,0.4930228961639046
05,18069,0.004058315053930253,0.9176002020053315
05,18073,0.002141760673387598,0.9891290868530642
05,18071,0.0027181513203570935,1.0850108990145797
05,18075,0.0032161226885483226,1.2425036708876867
05,18077,0.0018368055720191072,1.1715572929706104
05,18079,0.001383146915395555,1.0205994146544584
05,18081,0.005678259087542488,0.6026199381696657
05,18083,0.0019220878025379372,0.9914127056741566
05,18085,0.003935283586533405,0.5890962350567224
05,18087,0.0031294946089520936,1.0109120322606127
05,18089,0.008569940033709233,0.5624999117816132
05,18091,0.003491390830368644,0.5356970595800287
05,18093,0.0030847197485447237,0.9254390330239269
05,18095,0.006639280282437541,0.5272112012231536
05,18097,0.019799091886219408,0.2289106774127565
05,18099,0.003310629475225972,0.8970071758711806
05,18103,0.002068054044804231,0.777645783306192
05,18105,0.010737697630610053,0.7920549515140681
05,18107,0.003097330701888992,0.9470527561362323
05,18109,0.0041668220478068545,0.9923905669469811
05,18111,0.0012366483318996706,2.173218772238532
05,18113,0.0025749655064355153,1.1782156262224701
05,18117,0.0030480550458576727,1.1225138403718486
05,18119,0.002421014617123262,1.4316546975121247
05,18121,0.0012935055282099332,1.483529931773015
05,18125,0.0025185768257076626,2.3483173432418836
05,18123,0.0019750710789875436,1.4185457694879466
05,18127,0.005085845706662608,0.4939669298889775
05,18129,0.0027499471868855795,1.3981485376638816
05,18131,0.0012382925909615445,1.9120682863103289
05,18133,0.001935147279099541,0.9355186860826975
05,18135,0.003723648136549714,1.0522887308461002
05,18137,0.002402946113731918,1.198382100911749
05,18139,0.0018813926053041553,1.5676420192357838
05,18141,0.009022004602821045,0.30459284024369504
05,18143,0.001720786698807426,1.2742491410178896
05,18145,0.0027989107978224313,1.0159508103468735
05,18147,0.0019855713448911684,1.657835917118575
05,18149,0.0026758825343273225,1.0282483104684395
05,18151,0.002747866817252578,0.8554792455767519
05,18153,0.0014292395760206267,1.1747945536302564
05,18157,0.009273490027946222,0.8275931725426168
05,18159,0.0009169986198367406,1.393109161212879
05,18163,0.007659586018386804,0.29559783289206915
05,18165,0.002290222624979572,1.4170397409086775
05,18167,0.004171281347166307,0.459119060236059
05,18169,0.0024576223798947324,1.6466397616803552
05,18173,0.003240346384078194,0.8213221304549055
05,18175,0.002770856519747718,0.9752100303132045
05,18177,0.003373929155998356,0.7043764224131279
05,18179,0.0028013741464061564,1.204179224342536
05,18181,0.0031681216046231535,1.0879950818645847
05,18183,0.0027220716689775513,0.9195047077351483
05,19005,0.00215759641971636,1.2528471754617434
05,19007,0.0022259464393402295,1.361931120486633
05,19011,0.002887608111107408,1.1854684565235092
05,19013,0.005372278547465309,0.5761068631862987
05,19015,0.002085840745721618,1.2905824312783503
05,19017,0.0033007935086587963,1.1768050445553913
05,19019,0.0025309502998490004,1.2100660939463337
05,19021,0.0019154445138396632,1.4117832134106432
05,19023,0.0032598367824855402,1.3756639603199579
05,19025,0.002095569755556091,1.4460866565745751
05,19027,0.0023705358334165324,1.6552775909995712
05,19029,0.0019942572179541544,1.6156416116375958
05,19031,0.002115568434784974,1.3149373141112932
05,19033,0.003518284474271457,1.1412483292077873
05,19035,0.0018025024237631482,1.2775199253639464
05,19041,0.0011792206097602338,1.8595945163752114
05,19037,0.002257735880193466,1.7436231565531117
05,19043,0.003329939566024427,1.3333032640451645
05,19047,0.003547467509654336,1.2655089790824219
05,19045,0.004142872413182187,0.8793342480043056
05,19049,0.004137717803407618,1.1077728869721524
05,19055,0.0013653636047890924,1.5205088518632606
05,19057,0.0033152113880131812,0.7426521679249952
05,19059,0.0022097072240585664,1.4478228589522
05,19061,0.004226748494017711,0.6034493950694425
05,19063,0.001375991630425438,2.1006323971003775
05,19065,0.003944348967897847,1.579615926957482
05,19073,0.001973511178874072,1.6998382913227685
05,19067,0.0021392760704939226,1.6936778307851235
05,19075,0.0023187243069829363,1.7669026411441595
05,19079,0.0020472115544279317,1.6375354459997793
05,19081,0.002023277908079958,1.3519721724290479
05,19083,0.0033056796004186308,1.281579617104192
05,19085,0.003317537907605057,1.5867376361350978
05,19087,0.0020666566053709062,1.2233046548519637
05,19091,0.0022562137502928447,2.300976546344889
05,19095,0.0016313786593192918,1.5432135550246047
05,19099,0.0028981196693393264,1.080131235844458
05,19097,0.003098681967304107,2.400442501913109
05,19101,0.0012347355783484284,1.965626830542858
05,19103,0.010731575031897039,0.7221611748251134
05,19105,0.0022158244800914934,1.7364265543338746
05,19107,0.002204542234435734,1.1814441329541014
05,19109,0.0037309219113500617,1.4170628245116923
05,19111,0.0024554788203522515,1.3805520012755605
05,19113,0.00903513616861305,0.32371203493048806
05,19117,0.0028707865374165004,1.795634757453832
05,19123,0.0029531891993937603,1.1822448292783756
05,19125,0.0019458290216420252,1.7766652139157575
05,19127,0.003123552488704772,0.7366926601563399
05,19129,0.0018047768652427534,1.7128935313309526
05,19133,0.002052253252108395,2.0635044885194627
05,19137,0.0020384681800986845,1.8791888824995104
05,19139,0.0028260990339442414,0.8772134678697755
05,19141,0.0017137536857941159,2.034506673043262
05,19147,0.0019010862275343722,1.2648138024674875
05,19145,0.002955993529060124,2.3880498771584056
05,19149,0.002303594720738781,1.3512892271079449
05,19153,0.013390765850083934,0.24919050298311543
05,19155,0.005593490671635241,0.5752996212176092
05,19157,0.0020047925628811497,1.9098412902519477
05,19161,0.0032418499862166524,1.4101429650197015
05,19163,0.006665558574308865,0.39977302767010225
05,19165,0.001555362455395788,1.7042488951475228
05,19167,0.002917856675575151,1.224591430470002
05,19169,0.009366454848424903,1.1198211188159954
05,19171,0.003783423366115902,1.4951875420317198
05,19175,0.0012506640892807458,2.0542113806738747
05,19179,0.004034145385639354,0.8230899670522634
05,19183,0.0016127845370311755,1.6346285258359565
05,19181,0.0031526458900133702,1.0912926663556228
05,19187,0.0024741740111153083,0.8051742976223069
05,19191,0.002067333173975717,1.4138410036077576
05,19193,0.004038928896946811,0.4894413550346602
05,19197,0.0025698537823895373,2.0270936207084365
05,20001,0.0027655729648967194,1.5568772623472855
05,20005,0.0013238474712241116,1.8511107042346748
05,20009,0.0020966293932071648,1.0388855979812799
05,20011,0.0018633005473837087,1.6092730554743806
05,20015,0.003591532220390854,1.0926474967642386
05,20029,0.0015329279758859945,2.0170635384176627
05,20021,0.001738340945005071,1.3435707558347731
05,20035,0.0031073314551689447,1.1353516863187885
05,20037,0.0030605953813650577,0.8632578573353097
05,20041,0.0021532277541997003,1.4968234783353187
05,20045,0.008598815563408795,0.5544065000608835
05,20051,0.001779578336663798,1.26827798413333
05,20055,0.004239885160591345,0.7199067719506742
05,20057,0.002390780156375331,0.9428590688822042
05,20059,0.0015301365466449189,1.3100557552445298
05,20061,0.004362179930846044,0.8133493295066463
05,20079,0.003282527535060859,1.1859079438592128
05,20087,0.0016279160181608598,1.3689218212692846
05,20091,0.022229398674589555,0.4303392341098271
05,20099,0.002689288679034976,1.1164552991185566
05,20103,0.002564916121843181,0.7677910849596405
05,20111,0.001964712659335334,0.9968791262491089
05,20113,0.002450262964193639,1.4898144598953236
05,20115,0.0016735998036261637,1.435035951560252
05,20117,0.0020534334872332025,1.4459245748585619
05,20121,0.0029816572423945597,1.018796333183522
05,20125,0.0037107854940957863,0.9752449518002014
05,20133,0.0023381032754527372,1.5200402647911861
05,20149,0.0011660439662390706,1.876989296596031
05,20139,0.0026153065779974546,1.4535936678973191
05,20155,0.003100781216326217,0.5649393547674775
05,20161,0.0101549325242106,0.7166035215584315
05,20169,0.0018946417371215798,0.7134572385939377
05,20173,0.011046425494743016,0.25482972442907137
05,20175,0.00217067155281899,1.2722038783214404
05,20177,0.00556650408446145,0.3190894300659415
05,20191,0.0022126197950380435,1.1558313102886728
05,20205,0.0020286136506717815,3.002021524710883
05,20209,0.02218410991931222,0.34098350371518826
05,21001,0.0027251286582895533,0.8050905226712448
05,21003,0.0017786835937223674,0.9816010822084028
05,21005,0.001716657348291184,1.2502228949102079
05,21009,0.00255699063220525,0.8005336495872151
05,21013,0.0033811336064852185,0.9053409582480453
05,21015,0.004962799314678463,0.5206722436130997
05,21017,0.0020065109101358586,0.9491218099436808
05,21019,0.0027797631869103984,0.7569589784399262
05,21021,0.00198643288243773,1.0112031198127693
05,21025,0.004421465820852149,1.0742708536516614
05,21027,0.0022443381532737776,0.8340571192673689
05,21029,0.003972850663602369,0.618185828867404
05,21031,0.0013431447782944752,1.2173348630615566
05,21035,0.0016615320475166068,0.8421851840332325
05,21037,0.004277398245852892,0.7397290022487009
05,21043,0.002053037793761808,1.142629412123315
05,21045,0.0014379133626273638,1.2235702054477449
05,21047,0.005055944573729755,1.5149844740875391
05,21049,0.0028176553480159018,0.874065624520371
05,21051,0.0017531706240099542,0.879477943878607
05,21055,0.0014440573373178216,1.1947184689365604
05,21059,0.0038336797036574366,0.5774460017045924
05,21061,0.0006770491948511144,1.5064962506909247
05,21065,0.0014524186438888847,1.3629791147655594
05,21067,0.0115420573194723,0.3532349865359851
05,21069,0.0015180065775818674,1.489958842014884
05,21071,0.0025983870683313945,0.9735165290712845
05,21073,0.0033651221534267382,0.7034080392459942
05,21079,0.0009917667457736087,1.4373567245246264
05,21081,0.0008048436800607786,1.9953627043275899
05,21083,0.0023964358464123752,0.744219686420744
05,21085,0.002150213354891699,1.0414578246426722
05,21089,0.0029905658879287957,1.2657214027826198
05,21087,0.0014070541151013183,1.3215497966762282
05,21093,0.003963943368776894,0.6224062349355619
05,21095,0.00338484806911792,0.8626145668541781
05,21097,0.0015390801532623414,1.1384958602338293
05,21099,0.002184521143501831,1.1446650914197751
05,21101,0.0023685374714797814,0.9404861204172688
05,21103,0.0026576869804880196,1.327126210050068
05,21107,0.002767915983828052,0.8029279044569668
05,21111,0.013479552016681615,0.5401766034235286
05,21113,0.002342494561130276,0.8774161843217715
05,21115,0.001521862830580571,1.151716397423382
05,21117,0.007606877864196452,0.5264993690946939
05,21119,0.0020815929556883806,1.1982812065189985
05,21121,0.002097985302276105,1.0214111083484303
05,21123,0.0009284620799908321,1.1574992698826196
05,21125,0.002877233819542103,0.788902172145123
05,21127,0.0019036569682123088,1.1719318025428425
05,21135,0.0013079788611037935,1.282909814864724
05,21133,0.0016014993054962337,1.0403619597614673
05,21137,0.0014102986125642696,0.9705774199362803
05,21141,0.001970711721338807,1.028739742330074
05,21145,0.0028171125540705742,0.6638782421176394
05,21147,0.0008187366066098214,1.281021615352964
05,21151,0.0030029941752914686,0.7494746440172694
05,21153,0.0011265249920703714,1.0909196051579324
05,21155,0.0016096577593274963,1.1570702520439626
05,21157,0.0026653533749713453,1.2441971731941133
05,21161,0.00165742210416848,1.290700095586926
05,21163,0.0015068148230527188,1.6866433816556905
05,21171,0.001504771612017956,1.0878938264026812
05,21167,0.0019397480412669576,1.352827037335316
05,21173,0.0015435217263744022,1.170246883052788
05,21175,0.002538554798453166,1.230206734297962
05,21177,0.003021662946385001,0.8439341190356033
05,21179,0.002496526992348582,0.7915107156791772
05,21183,0.0021712597552416267,1.0046726800722783
05,21185,0.0061026056807852854,0.7285014097001757
05,21193,0.002171284088328886,0.9717527425602792
05,21195,0.004639796987688539,0.5986794618212575
05,21203,0.001006414889597889,1.2335439902235177
05,21199,0.002976138360537946,0.5680585198327676
05,21205,0.0007875502211777096,1.5465002413871558
05,21207,0.0014391853363246727,1.3818251128018082
05,21209,0.0033344876971474475,0.6869735809581108
05,21211,0.0014939064789954392,1.4570371154915018
05,21213,0.0010909852579649736,1.5633316145783642
05,21215,0.0015132021511360522,1.3479264514069667
05,21217,0.0014204202637778077,1.2961245139981155
05,21219,0.0012570131584632945,1.429229207107172
05,21221,0.0012529197082175756,1.2100075915468165
05,21225,0.0007375396819298972,1.173990598493559
05,21227,0.004290900109222756,0.6024171635846655
05,21233,0.0013060904032680223,1.4909578241863866
05,21231,0.0014856013557667284,1.3496784853687513
05,21235,0.0016501565448107391,1.5145612128068964
05,21239,0.002750279277071403,0.9110197115986506
05,22003,0.0010301535771705236,2.3778862003266656
05,22001,0.0033520747308675982,0.7784557476268532
05,22005,0.005985145041625834,0.6079831298788869
05,22007,0.002343015825373331,1.0614456879941725
05,22009,0.0022896104854279765,0.8719747330920541
05,22011,0.0021807080336476562,1.1514075906863386
05,22013,0.0024247446352523524,1.7139822934183864
05,22015,0.00329351598676849,0.6020677485502268
05,22017,0.006203267798795524,0.30917610120089845
05,22019,0.003821712677355342,0.39087235361314876
05,22027,0.0020530281517771574,1.4300291475433788
05,22029,0.001353854668775563,1.5859027577671525
05,22031,0.00250803522504623,1.0783415909609353
05,22033,0.009600746281888072,0.4290847136570201
05,22037,0.0013127231367627123,1.0775345237770952
05,22039,0.0022230592333283275,1.2582942703567421
05,22041,0.0016506526963088338,1.7955618899147192
05,22043,0.0014050079361181457,1.2387634698624619
05,22045,0.0034599679664348002,0.7117706248369522
05,22047,0.0015004238108689276,1.2332873436015397
05,22049,0.0016685061318133037,1.4067025102886626
05,22051,0.011866318857476969,0.3330578108565544
05,22053,0.0019488886358725362,1.237846542156406
05,22055,0.006273950303421469,0.3373800253648649
05,22057,0.004530668132334862,0.8593673943431708
05,22061,0.0036413344141953993,0.7961793403357256
05,22063,0.006157524048840191,0.5684942862919539
05,22065,0.0018188506910361201,1.6353084310033923
05,22067,0.001794703138899815,1.1812389237596546
05,22069,0.0024034509657496228,1.1336485783828687
05,22071,0.041347756547847565,0.3434398596204631
05,22073,0.00451070534091219,0.34931994269502237
05,22075,0.0033923338099010937,1.6488447921814
05,22077,0.0015170526036865737,1.7535555404989447
05,22079,0.0035451060425786577,0.4321663996138973
05,22083,0.0017095718279521712,1.4377594591703466
05,22085,0.002761809782142788,1.1063474019739867
05,22087,0.005979801820237845,0.5552231968886976
05,22089,0.002290630300352152,0.6732386329578124
05,22093,0.002171600258444635,1.1234362511695681
05,22095,0.0022165305799191903,0.8563176573933906
05,22097,0.004129901596557138,0.6682779472174639
05,22099,0.002057603006520462,0.8954780574589187
05,22101,0.004783498772150091,1.1901612350686568
05,22103,0.007765960695078519,0.4464561181272167
05,22105,0.004936198266404143,0.5297626685690319
05,22111,0.0021115509695859174,0.9657460401892574
05,22109,0.004597392373635785,0.6395660359373136
05,22113,0.0029717642301045847,0.8331475848056028
05,22115,0.0062371190505765926,0.9313038114563558
05,22117,0.0026718919417953097,0.9680773198624489
05,22119,0.0024594568943304197,1.3469785080113832
05,22121,0.0012149392293855255,1.673903943436999
05,22127,0.0011995620751561896,2.2028535303317835
05,23001,0.005036453691829021,0.5829553028576163
05,23003,0.010906197516432004,0.8403126256467983
05,23005,0.013531405578558784,0.8472670385558223
05,23007,0.003279557291366266,1.162153654550166
05,23009,0.00930930929482821,0.624369646733853
05,23011,0.008350807032949294,0.6308776769140576
05,23013,0.0038216816589453275,0.8944535887104261
05,23015,0.004609745552029846,1.4301393542115621
05,23017,0.0061238810302742955,0.6348819119207901
05,23019,0.007808012638695022,0.6047485845740455
05,23021,0.005086595273880378,1.0206409156355616
05,23025,0.005623518130858319,0.781365981219273
05,23027,0.003543561851458767,0.9796172180624103
05,23029,0.007077153682266545,0.7483938509528784
05,23031,0.008737511323687547,0.43638643690770357
05,24001,0.005241225668483644,0.5065614533702941
05,24003,0.016109267267954003,0.37540164825995354
05,24005,0.023098424097730174,0.3292875890452749
05,24009,0.0070129846461456395,0.7345606338980004
05,24011,0.0026012588356323627,0.9563669234131339
05,24013,0.01082495872337242,0.4205224354586067
05,24015,0.004755755322070213,0.6969794046582758
05,24017,0.0071971472840053,0.49791352331870253
05,24019,0.0018634360394500402,1.0871089454982192
05,24021,0.01190703678359383,0.4736570905361216
05,24023,0.00339046406729189,1.0293814523895874
05,24025,0.012486294687719201,0.4115341832706121
05,24027,0.019735003778608363,0.43174772115799503
05,24029,0.0015793496919279052,1.3941626784529213
05,24031,0.029999308964938694,0.40391932149946
05,24033,0.024420555373684594,0.48418716851078075
05,24035,0.003165568140473464,0.8818514123036104
05,24039,0.0017568371278368477,1.4700759710665228
05,24037,0.005446408014332265,0.7892016643327191
05,24041,0.004017096377958251,1.339786890434596
05,24043,0.00395486747254081,0.4940032732554385
05,24045,0.003420115811725381,0.5063165037847535
05,24047,0.005745782010473192,0.8703938692226844
05,24510,0.02983779818403793,0.41387342057910287
05,25001,0.026232349568375012,0.4703492762899264
05,25003,0.011735475714153603,0.5051836239726962
05,25005,0.011413757335936987,0.6551787698896291
05,25007,0.0021235264318853657,2.0749606423941382
05,25009,0.015496097262307693,0.650359384274453
05,25011,0.0078079775674914755,0.9423760814744652
05,25013,0.010864938844233936,0.35727861196045074
05,25015,0.01375621442305803,0.7336875875143463
05,25017,0.03518652770674935,0.9086896214028273
05,25019,0.001875893432750801,1.5577535579248014
05,25021,0.026407230778598235,0.8160599664418747
05,25023,0.015521130017041088,0.5815019021096268
05,25025,0.05211090477958625,0.6178563554136187
05,25027,0.015061039416640777,0.3808864411150531
05,26001,0.005872879648508257,1.4175984453291979
05,26005,0.005234492185848959,0.7853105137257983
05,26007,0.0044117622729722425,1.0991821729711926
05,26009,0.0052492749300340966,1.1261022232365314
05,26011,0.0033001938160135617,1.5154214320835997
05,26015,0.0036513413708046303,0.7482480456748795
05,26017,0.004800681517542255,0.5592362063459283
05,26019,0.0029068354868642585,1.5305050136374474
05,26021,0.00679852365887874,0.44827349765057606
05,26023,0.003986228038551297,1.0699721922763572
05,26025,0.005922212018393164,0.4485054703580534
05,26027,0.003595788752854352,0.7816768012678879
05,26029,0.006742074392970636,1.0097247449892217
05,26031,0.004455380001534509,1.025272170011243
05,26033,0.004109245185448335,1.959399491250322
05,26035,0.004468210802746392,0.7965093881227443
05,26037,0.003896444922432762,0.5615588547549623
05,26039,0.0031355317545393576,1.241133831004121
05,26041,0.004284302969906965,2.1036120940873593
05,26043,0.0029797290133235154,1.071594062832394
05,26045,0.006801821405924704,0.7137046884798276
05,26047,0.0029457894520886355,1.0367694734091457
05,26049,0.014982084971369816,0.31032712700984955
05,26051,0.0046357986651965714,0.9116201472739164
05,26053,0.003683300744366137,1.4551842311611922
05,26055,0.006006541185683955,0.5763091085872359
05,26057,0.003183737600589922,1.087071164886727
05,26059,0.0032172766492026853,0.9197503177879977
05,26061,0.0032388748430567304,0.9975384440010929
05,26063,0.0067479239062453655,1.071727484850142
05,26065,0.02309034418076907,0.7422596201312263
05,26067,0.0027547204526316795,1.1902850306411379
05,26069,0.007042374288134437,0.9988415368445972
05,26071,0.004490521456272524,1.2707031752385427
05,26073,0.004439118477847701,0.9506284657250262
05,26075,0.005185895055036367,0.5780434766200412
05,26077,0.007966335186327101,0.3412112402144802
05,26079,0.0020407915601340035,1.0654193951512108
05,26081,0.015368224534383539,0.44794345647127737
05,26085,0.0027572955862711092,1.2869081147308774
05,26087,0.0070898276849539294,0.6763636341990007
05,26089,0.004917090286782822,1.2908779716123926
05,26091,0.0035411229186923265,0.8024948583781204
05,26093,0.01893792251913599,0.43843644132221693
05,26097,0.0038962735088437137,1.4306275937278745
05,26101,0.0052216623509056545,1.1948864225469886
05,26099,0.019751023241556184,0.33107929955737114
05,26103,0.006081152018783209,1.0053030699368333
05,26105,0.003911080158814142,1.295471231477466
05,26107,0.0017665855980373197,1.602586238430399
05,26109,0.004340341625471515,2.174300009198878
05,26113,0.0021746057944353695,1.4263948208308408
05,26111,0.005185104661200535,0.6189615651672589
05,26115,0.006126592568418537,0.44358850971880787
05,26117,0.005514526178501513,0.8765897168019116
05,26119,0.0045492552645210235,1.4951811653585207
05,26121,0.005588169960720247,0.39491811975630237
05,26123,0.0056940023278758385,0.9110864328673102
05,26125,0.031141508596065563,0.32270308041075874
05,26127,0.002095923048645014,0.9891700722306483
05,26129,0.00498274888362088,1.063863082259771
05,26131,0.0017656849898674016,1.742107238226632
05,26135,0.0044826341157720604,1.3642708527867555
05,26133,0.004229377134843548,1.187007725255164
05,26137,0.0027327876503501864,1.134225352770724
05,26139,0.009825105392597155,0.5614142726392918
05,26141,0.005401078697895788,1.3157576006390752
05,26143,0.007741176067937257,0.9696979556019265
05,26145,0.007305619005463431,0.3781199781629927
05,26147,0.01041106835866617,0.5838659871693292
05,26149,0.004532559223489056,0.749366011607934
05,26151,0.004100116109215173,0.9525571499592379
05,26155,0.003986665227351407,0.9362937707342187
05,26157,0.0065996678882582135,0.8260775559860363
05,26159,0.0041036061451708294,1.3831971968820156
05,26161,0.020309940794155105,0.461514079710443
05,26163,0.030706823821992208,0.4210299255804456
05,26165,0.002162510337559265,1.158900440517567
05,27001,0.005807231996346632,1.2147788479427715
05,27003,0.020230191644825302,0.4993034458398798
05,27005,0.004140286340848801,0.9063719127220148
05,27007,0.002400624166844616,1.0488218249842653
05,27009,0.0023977200843640486,1.1323005838052242
05,27013,0.004920684059078962,0.7720614534299662
05,27015,0.0025093471710621175,1.696883572886741
05,27017,0.002530088894321911,1.144100678291692
05,27019,0.009235135124723542,0.6605415607782094
05,27021,0.0045070836546284325,1.106745046215226
05,27023,0.0014769909250263366,1.2137817503326234
05,27025,0.0050082968596804655,0.8789881073910062
05,27027,0.0033657995732313244,0.8896687694273613
05,27033,0.0016733764216040905,1.5042038367341881
05,27035,0.0048855767890235505,0.9444885041141249
05,27037,0.01654329308988352,0.3730657870213163
05,27039,0.0032473924936901096,1.2869258723587098
05,27041,0.004388891672997118,0.8906535646922255
05,27043,0.005246005682156163,1.8500269818206017
05,27045,0.004348137603409667,1.2559852376583527
05,27047,0.005153066463138961,1.195768104093378
05,27049,0.004235859865773961,1.281451137992669
05,27053,0.03368504053817226,0.6370003936727734
05,27055,0.003042588361649117,1.6667453081352992
05,27059,0.0029822692107082426,0.9928071136039018
05,27057,0.005495833721851397,1.6986411066964264
05,27061,0.004593528113601597,0.8934824130581619
05,27063,0.002091782637848582,1.587516384879738
05,27065,0.0016560045634554568,1.498779566404905
05,27071,0.0015845939497490208,3.4533240884882304
05,27067,0.0035385314840951382,1.2768381399860085
05,27079,0.003611423840475501,1.042376528574888
05,27083,0.0027440341172163406,1.1828866116030037
05,27085,0.0031579630687519422,2.401181312888111
05,27089,0.0031806016679569787,1.6466597884212832
05,27091,0.0035450807682265006,1.3177267903502037
05,27095,0.0020552791173213468,1.672004062943114
05,27093,0.003359637201531452,1.3461591709043583
05,27097,0.004252245505760956,1.5983614501931132
05,27099,0.0034068509717488284,0.8948026454594878
05,27105,0.0018202438333183334,1.4611393548130645
05,27103,0.0020160418542911687,1.7580284154523347
05,27109,0.009604879259788538,0.4179971976047186
05,27111,0.008318050065436068,0.8025305200168937
05,27113,0.001949481442954718,1.4727853753677678
05,27115,0.004038176307109966,1.1433125281857581
05,27117,0.003674385694427305,2.014855145581979
05,27121,0.002743179933706586,1.4343999337782867
05,27119,0.002933976799196043,2.0056988053614733
05,27123,0.019432016325879077,0.48643041997776043
05,27127,0.003920016994438412,1.6163997307437987
05,27129,0.004893765582134909,1.0311043381862972
05,27131,0.0030468692048788073,1.1131406315419494
05,27135,0.00282460440124947,1.4458241898468656
05,27137,0.012421986866066674,1.0565482983224102
05,27139,0.010020773284387463,0.5967356705833682
05,27141,0.00703979510586844,0.7693534833312496
05,27143,0.0024038875604701264,1.5044331619404547
05,27145,0.00576094161618307,0.6793650130178254
05,27147,0.002610656337640302,0.9991746213093239
05,27151,0.0021305148724595543,2.0517745585885527
05,27153,0.003988379938655877,1.1266031725818337
05,27157,0.003415180282377088,1.0698327264949514
05,27161,0.0019181263083825012,1.6445799255633755
05,27163,0.012170074433372141,0.6096747582837534
05,27169,0.0027735818160869153,1.067055074526754
05,27171,0.007761743990674647,0.7663815086725342
05,27173,0.0023174356965312056,1.5335643036289177
05,28001,0.0019088123144856116,0.9371666076759894
05,28007,0.0022326045548626806,1.2009112257297956
05,28003,0.0021605026399087288,0.9902218883073585
05,28011,0.002737899794037104,1.262921625774634
05,28013,0.002295113390940596,1.7622119619292116
05,28017,0.0013102888439245302,1.6495648389286037
05,28023,0.0012630738463432817,1.3076083270168117
05,28025,0.001415574380968624,1.7249148976820237
05,28027,0.0020693828734025237,1.2804495571213477
05,28029,0.0023162124284828167,1.2283997209544422
05,28031,0.0010883736289268194,1.0982923521233567
05,28033,0.005383078722309889,0.45454949922762916
05,28035,0.00319137146280546,0.5896236960035468
05,28039,0.0016997872757206992,1.3866962580750126
05,28043,0.0012800095656088585,1.546512082749993
05,28045,0.0016034756503050037,1.0045587169654941
05,28047,0.004425838209931269,0.453419686201918
05,28049,0.008900379603717173,0.30092577451269903
05,28051,0.0026595278676945604,1.0443177128384096
05,28057,0.0018070531716529868,1.0717121785008856
05,28059,0.0032869512160644313,0.8455232679249077
05,28061,0.001348818357265448,1.3067361081256146
05,28067,0.002207321180242343,0.796110786315302
05,28071,0.0029726055357702686,1.034126846415497
05,28073,0.003015206185442187,0.9166241550945787
05,28075,0.003163993408555228,0.7194922990605543
05,28079,0.0012482246548015427,1.2072507875442577
05,28081,0.0030834072250799684,0.5469091752765718
05,28083,0.002211183552560789,0.8918112771999146
05,28085,0.0020176689801645244,1.4290564443934184
05,28087,0.0019003540068412432,0.7901517742146941
05,28089,0.0033578387388658736,0.732365925869495
05,28091,0.00193756353399731,1.4142188772381399
05,28093,0.0014642423361339093,1.4918178076760353
05,28095,0.0028243116559949835,1.2664158098402514
05,28099,0.002185199118186526,1.1316970994508064
05,28101,0.0014441475955623564,1.4493917949812503
05,28105,0.004123226073220449,0.911974449237279
05,28107,0.002312386511578087,1.159632249518493
05,28109,0.0022019214590233843,1.0088635651710434
05,28113,0.002073340754156134,0.8823980985777905
05,28115,0.0022902494911748975,0.9005222177433417
05,28117,0.0016717295466877169,1.3274242427607648
05,28121,0.004350059719027557,0.5376946265607307
05,28123,0.002258840151079108,2.1521630210223943
05,28127,0.0016574567171765207,1.1162738218096893
05,28133,0.0019652102186196114,1.4264604152989038
05,28135,0.0011554337316966087,2.7944961681215035
05,28137,0.001683033050656313,1.48795411590749
05,28139,0.0008887841020805857,1.527490378245399
05,28141,0.0009244204655658874,1.530220757941396
05,28149,0.0031132484140197897,0.8140028008560465
05,28145,0.003077284912800431,1.0119625537344075
05,28151,0.005716081641668083,0.6639351528389812
05,28153,0.0013686673852835488,1.1863897128714838
05,28159,0.001976968093284534,1.3347508071174332
05,29001,0.0016335201047127904,1.126860887309963
05,28163,0.001369202004544683,1.2108613162392463
05,29003,0.0014909124194267668,1.2928066650357968
05,29007,0.0025675227010029202,1.1836427195738595
05,29009,0.0016018552057050007,1.286060575332801
05,29013,0.001099118424830268,1.5428580478693303
05,29015,0.002544969745161418,1.1004995320962396
05,29019,0.007937428254709038,0.6394244239203525
05,29021,0.004127508037053325,0.48826031481642734
05,29023,0.002071176124393135,0.8289315621642079
05,29027,0.0022634403289271583,1.124412235920403
05,29029,0.004145524832520832,0.8490798506923977
05,29031,0.002418318916726997,0.9570117803260557
05,29037,0.004174273393623548,0.7606440263683449
05,29043,0.006179149970308227,0.6675201471731986
05,29049,0.001383957796107127,1.5682255747392182
05,29047,0.009215882784959046,0.4479928244061448
05,29051,0.0031000157730976755,0.6769345149588607
05,29053,0.001553440604064439,1.5756869585883335
05,29065,0.0008448925801964998,2.2733691346308897
05,29055,0.001335167695464844,1.0236232786652875
05,29069,0.003485086278086898,1.421565421835691
05,29071,0.005340763323558628,0.7736477888901199
05,29073,0.0021209383397259173,2.2632783572753237
05,29077,0.009641337705320552,0.5144628535590429
05,29079,0.0014160085303515837,1.786833903590838
05,29083,0.0025430902373784364,1.4409385373694683
05,29091,0.0030617027681337293,1.133497296806081
05,29093,0.0021259235558597476,1.7898584821328385
05,29095,0.01739303617996308,0.5523250088372021
05,29097,0.0035532286124015677,0.6623366354775306
05,29099,0.009464069504828396,0.48296811438278525
05,29101,0.0021810090912906055,1.6813775284632277
05,29105,0.0020581818022571926,1.3504866723794868
05,29107,0.0023239151514235098,1.2879112593676814
05,29109,0.0019326652208056258,1.6478188935691012
05,29111,0.0016715348316162185,1.1137965570859296
05,29113,0.0036879986136222607,0.8723538453097531
05,29115,0.002102574720316267,1.420650097353202
05,29117,0.0016181605982277848,1.3865326263473852
05,29119,0.0016387020120924,1.2770838111370946
05,29121,0.0019648031935194103,1.7834960007975056
05,29127,0.0029344161528313205,1.8388443682555184
05,29131,0.0017295158006834473,1.6437992842462759
05,29133,0.000988611711594623,2.4325752748457585
05,29135,0.0010860775608217636,1.4565366290008155
05,29139,0.0018054798005904837,1.2735649483133331
05,29141,0.0011580644342991796,1.4286121610506355
05,29143,0.002285798289756147,1.2545980307644726
05,29145,0.0036413027277061526,0.9784756216635803
05,29147,0.0009931092284004284,2.0573099438165436
05,29151,0.001814598358915954,1.4528801096539559
05,29155,0.0028279300044142188,1.5435312791441158
05,29157,0.002117279855623424,1.3722821033647663
05,29159,0.00264788297342724,0.7565235621345532
05,29161,0.0016837227794695155,0.8814505067771021
05,29163,0.0014871721104886566,1.4512942123740245
05,29165,0.004931133545927219,0.5521306753821806
05,29167,0.001806443275081493,1.4297216424325199
05,29169,0.0029410305234214623,1.0794288678350876
05,29175,0.002018846992402744,1.1075980398810545
05,29177,0.0015228442241891264,1.3290658454435396
05,29181,0.0013175943916501215,1.1025813644295297
05,29183,0.015576764844387999,0.46095209689656597
05,29186,0.0013041315631341832,1.3995841895455647
05,29187,0.002820840954070195,1.0786054112089214
05,29189,0.02159107012792507,0.5021218295581251
05,29195,0.0032630103447943313,1.1975664069617444
05,29201,0.0025223406103638607,1.2957929447662766
05,29207,0.002931679355752803,1.2474702495558339
05,29209,0.0028354526843326704,1.2190537250291467
05,29213,0.0019325116712740188,0.8927729496871676
05,29215,0.0017284211380812367,1.1448508940227613
05,29217,0.0023325400648928863,1.5363773718955256
05,29221,0.0019855875926188026,1.1493159541351954
05,29219,0.0018771909349824844,1.388197770106654
05,29223,0.001296231409825138,1.4065821125954383
05,29225,0.0025209281588104942,0.8894254293396856
05,29229,0.0015002679668531904,1.6487362390787257
05,29510,0.02422738953357379,0.5355847761600198
05,30003,0.0029207772279851315,1.1729257981258159
05,30005,0.0023302701425214466,1.2545642794221565
05,30009,0.003372967443928564,1.4033746704249443
05,30013,0.003658782069699547,0.4479065170567304
05,30017,0.0027016104870943147,1.260991357259716
05,30029,0.005552591631868739,0.8168428817687119
05,30031,0.006691957730192144,0.6894209107283868
05,30035,0.00047679832299709604,1.6556746944787548
05,30041,0.00121163753118346,1.4884093800356677
05,30047,0.0020098182347808935,1.1421885111059986
05,30049,0.003925585673208497,0.701646077074467
05,30053,0.0021165386408539674,1.2325880296539862
05,30063,0.006373200621352631,0.6005348216028775
05,30067,0.0016637963345432195,2.3532825607991406
05,30081,0.003544167717567967,0.8931935478242508
05,30087,0.0012073499145637454,2.2037427301581842
05,30083,0.001445003751277437,2.1850890353416244
05,30093,0.002700084821728485,1.1563712729459048
05,30111,0.0069578537893951005,0.5647975567381129
05,31001,0.002031516005965895,0.7708048344123387
05,31019,0.0025591983135927546,0.9501955725165847
05,31025,0.003055381569315548,1.6966223468113493
05,31041,0.0016957180852878412,1.3779698164012943
05,31043,0.0009322333137948573,2.308686391295593
05,31053,0.00275689795528569,1.2881589915407314
05,31047,0.0015760936962376623,1.8027964902141045
05,31055,0.017265561438453886,0.5722775582678746
05,31067,0.0029257311250844003,1.1289700776128306
05,31079,0.0030744074213613173,0.5522953617902306
05,31089,0.0018122235856342082,1.2401470897106543
05,31109,0.013881449134944157,0.4824498559768316
05,31111,0.002668548298578604,1.230374739779771
05,31119,0.002018483631321346,0.8395553188149508
05,31131,0.0021115557470524353,2.47156852713687
05,31151,0.0011585928425345258,1.1645813013784572
05,31141,0.0022722974747851447,1.1961397066945227
05,31155,0.002245384341633437,1.4604238892020698
05,31153,0.012587724763996604,0.5492167051840304
05,31157,0.0024350888622493654,0.7935933505498629
05,31159,0.0014109737043412531,1.6842110969614101
05,31185,0.001294116368679774,1.6098371629671548
05,31177,0.0019458180286246129,1.5415269184448426
05,32001,0.0014162812427511362,1.3040427325462511
05,32003,0.022514654732576297,0.4278977531774146
05,32005,0.007153861895261698,0.8251485513842007
05,32007,0.0040769280894585955,0.9991997774984009
05,32013,0.0008761706986569886,2.6237016903653054
05,32019,0.001815252117936954,1.115438002697216
05,32023,0.002534320335904718,1.4006440371494497
05,32031,0.013966513772038747,0.3106335945945078
05,32510,0.002602138938219896,0.6903936261887086
05,33001,0.004983795408781202,0.6351161616777112
05,33003,0.006005363308631537,0.9131026465140292
05,33005,0.004365783168912692,0.6966839296435609
05,33007,0.00561200663049529,1.0666831759064994
05,33009,0.0074512558733099855,0.7907382653265523
05,33011,0.014127911213126466,0.49073849493038163
05,33013,0.008047129133368549,0.48040093165229614
05,33015,0.017633872649250672,0.6589864911519654
05,33017,0.005177590715270172,0.7329481450409364
05,33019,0.0026485306891857645,0.9205047901558799
05,34001,0.006964098925432966,0.6269158238280282
05,34003,0.02626266562415955,0.5246582499809272
05,34005,0.013325304685190074,0.4155175492897584
05,34007,0.01172621602306471,0.5053225476474014
05,34009,0.01166903085201061,0.5123385832941746
05,34011,0.007137949424494151,0.4826575801462125
05,34013,0.0215320592853677,0.581680727023875
05,34015,0.008882862411016915,0.4014447742036283
05,34017,0.037380743821472766,0.5533614408559561
05,01001,0.002402443916084482,0.7847621710404254
05,01003,0.005562327050696025,0.49644659776855704
05,01005,0.0030430690666990168,1.003494030582221
05,01007,0.0010750014522940194,1.2358621815539343
05,01009,0.002903662630944571,1.0180294289308265
05,01013,0.0028951721051512828,0.9268580004736447
05,01015,0.00424976924197213,0.4611086222040152
05,01017,0.0021711557750469924,1.2275471523380486
05,01019,0.0031896090823535115,1.0330424379313157
05,01021,0.0024556475677512254,0.8585146173813051
05,01023,0.0014308088321059746,1.4060783125515985
05,01025,0.004061217169343832,1.097161487056928
05,01027,0.0011992242927501811,1.3425081704191946
05,01029,0.0011892482134438604,1.3862440671356322
05,01031,0.003379243576176905,0.8242611157565672
05,01033,0.002914774142326408,0.6979065663212988
05,01035,0.002106829189400652,1.1618693471256052
05,01039,0.0043396194432600834,0.8178694028505313
05,01041,0.0029693599091311232,1.249449703589795
05,01043,0.004346766963917102,0.6314950584715988
05,01045,0.0030289870853580326,0.6105980868047262
05,01047,0.003152315456817414,0.6206153268734211
05,01049,0.003942238901472198,0.6979030933255399
05,01051,0.0028106265673075673,0.743588701953037
05,01053,0.0016363324387336001,1.1852857125061527
05,01055,0.004043928757594019,0.46293837953752803
05,01057,0.0018484017761053123,1.4063878110398549
05,01059,0.002199363055227182,0.9418711644720404
05,01061,0.002367087206290636,1.1605763589327018
05,01065,0.0024104768432078876,1.1922665897361682
05,01067,0.002549131503794598,1.1296246546523867
05,01069,0.0057414329470228025,0.4946670344379481
05,01071,0.003417803417686924,0.8474266027263435
05,01073,0.009758855680030246,0.25966371842525066
05,01077,0.0026159862972696423,0.7268973028735018
05,01079,0.002787328658851959,0.8342321833825048
05,01081,0.005904766423765766,0.9833803163776871
05,01083,0.0028885886698198924,0.6682073630625608
05,01085,0.0016035384800599513,1.1677966148369352
05,01087,0.005901848873264159,0.8127811708370466
05,01089,0.007635780204963256,0.3912028195710242
05,01091,0.0015709342327844174,1.0598450420688308
05,01093,0.0029272902123416928,0.9942867364603488
05,01095,0.004139416115823043,0.6858193611951902
05,01097,0.008286096677189015,0.31975667223498627
05,01099,0.002466104288590552,1.0447393922769241
05,01101,0.006304784019331853,0.28372378711890056
05,01103,0.004124730830323074,0.511158982788333
05,01107,0.001867006130818297,1.3265340775321193
05,01109,0.0014811408039594439,0.7336919282193699
05,01113,0.0018014563261215452,0.7079372045269495
05,01111,0.0024227250209952053,1.0826796592691896
05,01115,0.00303857150052215,0.7517214940382758
05,01117,0.007236020308539965,0.4313150123177585
05,01119,0.0009633497626809651,1.458406573196393
05,01121,0.004026406200829612,0.6226109714017655
05,01123,0.0019530690310323564,0.7833433961433007
05,01125,0.0066597492406871425,0.3922583300774587
05,01127,0.004929467223945556,0.5661949173248734
05,01129,0.001969352580288775,1.3780190370879677
05,01131,0.0009326199573619862,1.105260038259471
05,01133,0.0017237576083377743,1.35498249173635
05,04001,0.006872030013367802,1.3567905427464955
05,04003,0.005632891094788038,0.6016214162755451
05,04005,0.005372416163386287,0.6310688770018972
05,04007,0.005716691605481814,0.8691504331407811
05,04009,0.002076244509871084,0.9480143425169606
05,04012,0.0064326524879281975,1.173209248701529
05,04013,0.032377168700694355,0.428913237503075
05,04015,0.012850751847815874,0.5830558773464668
05,04017,0.007311078289085881,1.180788109981384
05,04021,0.012454738380931082,0.8633107687293474
05,04023,0.0021233693350165713,0.9051779492406339
05,04025,0.013990414319998692,0.5306349797988641
05,04027,0.013218525808870625,0.709404726572997
05,06001,0.029657362603232307,0.8724889645894949
05,06005,0.00374349712244622,0.9808091495325097
05,06007,0.007058192146503155,0.9249500182888655
05,06009,0.004470301696812231,0.9711030960365179
05,06011,0.0016480156171002566,1.3540075228162232
05,06013,0.020200399781573845,0.6384755967456094
05,06015,0.0015638733081312988,1.1978784926321338
05,06017,0.008819286565392756,1.0075103700162713
05,06019,0.02107414004033605,0.3616304151692246
05,06021,0.0015909563893695933,2.2488438287995884
05,06023,0.006488292171235784,0.4885729346615808
05,06025,0.008533554266833622,0.5972221981971529
05,06027,0.0029734296835168426,2.0666319165239626
05,06029,0.023895844707871455,0.3897827167462256
05,06031,0.006968471323089641,0.8530227960295992
05,06033,0.0038625550142246993,0.6980607583472753
05,06035,0.002723198705691705,0.9068765084312614
05,06039,0.006508201612449154,1.3185359139693058
05,06041,0.0186846660847673,0.4669318347255682
05,06043,0.0027669931861960444,1.1414317862579193
05,06045,0.004677588420176033,0.9764781467997786
05,06047,0.013196210224894443,0.4586300142756582
05,06049,0.0019151878844699839,1.8199950399893632
05,06053,0.017920258467931105,0.9272802413334141
05,06055,0.007190303667031174,0.5315230323283365
05,06057,0.007072969774433903,1.3240326132167937
05,06059,0.03301188333899647,0.44435497405241825
05,06061,0.015525681566435625,0.5070920475909768
05,06063,0.0035235804368373247,1.2534359730632485
05,06065,0.02912145905279296,0.72034852554833
05,06067,0.018438145729739737,0.43195746506655075
05,06069,0.0036157292514346945,0.8202508874578728
05,06071,0.030592492859139037,0.3950270826869216
05,06073,0.025211692122846987,0.44752703031264746
05,06075,0.05944578746442553,0.7647316220336394
05,06077,0.015410845524546937,0.4146556732331476
05,06079,0.01389784890778512,0.7810164760406378
05,06081,0.02319465600489493,0.5494213514256177
05,06083,0.013784223944685479,1.1508481603994618
05,06085,0.0423913732520701,0.5270621209191826
05,06087,0.01408898156390774,0.9790813869204303
05,06089,0.008714391650829788,0.4785754556594091
05,06093,0.006036199943201877,0.8490054960174017
05,06095,0.010362519796122516,0.46993834737461904
05,06097,0.01578868487831494,0.45279201405442104
05,06099,0.013098598149262331,0.37899635905165263
05,06101,0.0039060901059224102,0.549223398798877
05,06103,0.0027392303886649154,1.0921487631075006
05,06105,0.0027624687441006337,1.7706568279952315
05,06107,0.019629469236800014,0.40581011451763543
05,06109,0.004049220066731927,0.8699173757089343
05,06111,0.01622885896201239,0.5284252822663201
05,06113,0.009173279521228908,1.023877915213896
05,06115,0.0034464517268295294,0.810262966770499
05,08001,0.018037462511360625,0.3718246677169933
05,08003,0.0007982572412484807,2.062428634324654
05,08005,0.022946665311159593,0.5262551108108406
05,08007,0.0016609283397281316,1.7477875465684105
05,08013,0.016524381894985958,0.8084023426099606
05,08014,0.006877136130125082,0.7106274066454092
05,08015,0.0027377340778562526,1.865720649103343
05,08029,0.0028915134745277184,1.090954858116356
05,08031,0.03517486931241981,0.5666044651812765
05,08035,0.022494009307549568,0.44960468149037475
05,08039,0.003906830380964523,0.9715205397766362
05,08037,0.00540798322129377,0.7920434601471217
05,08041,0.018021858544850843,0.471825114757284
05,08043,0.004206500027694581,0.8652952685767555
05,08045,0.0033723100606912484,1.262083842843317
05,08051,0.0007133071365587076,1.889625102340259
05,08059,0.023378761218374625,0.3718447703960731
05,08067,0.0028248157292161736,0.9523707742699516
05,08069,0.014104080315572108,0.7435783441547652
05,08071,0.0030541242268187804,1.2779167104035867
05,08075,0.0014550672228420733,1.0967541879453262
05,08077,0.005971444463636258,0.5284869227690147
05,08081,0.001176879260029959,2.1424255911645194
05,08083,0.0019974073406116063,1.6423288983683648
05,08085,0.0024507695012808027,0.8813394309258424
05,08087,0.0017498287589540848,1.5465168668089033
05,08089,0.002457566866068752,1.1246096129556293
05,08093,0.0022972170721965368,1.6012620393213028
05,08097,0.0012180669235049631,1.9958550993941737
05,08099,0.0021881988178600407,2.220544990776684
05,08101,0.007680719860490883,0.29127451539267996
05,08107,0.0036052128250308765,1.0215008477470873
05,08113,0.002645502698176511,1.9768488245358091
05,08119,0.0029583697560832825,1.4866319633982812
05,08117,0.003923315564768861,1.5181412013493438
05,08123,0.01095057558241797,0.6223976307752903
05,09001,0.023988263958123913,0.5867920719171973
05,09003,0.015037512087383248,0.4721273071533448
05,09005,0.013355488195240895,0.3932177221531954
05,09007,0.010345225749464965,0.7298877072318942
05,09009,0.013654880652455178,0.5413428268610394
05,09011,0.008529971137371688,0.3620293331967696
05,09015,0.004460444960857505,0.971507582822864
05,09013,0.007316420251801452,0.6443927580948716
05,10001,0.003195103672473106,0.492495459975738
05,10003,0.013368059077883401,0.4852578286516081
05,10005,0.015980902701520406,1.2297273971470892
05,11001,0.04903792814957634,0.6728408812021849
05,12001,0.015484487221551841,0.7341856695259172
05,12003,0.0015316038795027405,1.3474244267265871
05,12005,0.00558290643580281,0.46874759564409024
05,12007,0.0014874450573796336,1.474763149551176
05,12009,0.021585346619016888,0.3139005923141886
05,12011,0.025471068480690556,0.3506482402479042
05,12015,0.024645600125547378,0.47985071084333203
05,12017,0.014724836808871145,0.40518309163571115
05,12019,0.005384604042925254,0.5132205496118957
05,12021,0.03351469694266142,0.6528473493191022
05,12023,0.0028365622833811752,0.7534455357971227
05,12027,0.002546690644812971,1.1534870237164816
05,12031,0.010635466907095254,0.265163751144866
05,12033,0.00772677736946276,0.24916426513359713
05,12035,0.008568847500882004,0.6004428115270735
05,12037,0.0011939036268309455,2.65609500948461
05,12041,0.0011225045072934198,1.4785256507562083
05,12039,0.0027287033215489575,1.0163805021520502
05,12049,0.001967474873293827,1.3243699918858431
05,12051,0.001457570083428196,1.7163490462069433
05,12053,0.01234637533443839,0.6063465625193816
05,12055,0.012352932567281151,0.47753829978914236
