src_state,tar_geoid,mi_shift,moran_shift
08,34019,0.00510137515496162,0.6555809600775971
08,34021,0.004513864856474995,0.5848643323787169
08,34023,0.008408048468865363,0.38372440425067716
08,34025,0.00802587451709637,0.32171966053588863
08,34027,0.01036330340837418,0.3344578812605203
08,34029,0.013932684081079758,0.39235450248718456
08,34031,0.009890051400942021,0.4555309081218022
08,34033,0.003958917200663007,0.9306223427311827
08,34035,0.0062161062443575246,0.335289151494562
08,34037,0.006125638412895489,0.3991641814227058
08,34039,0.009067514116713301,0.4348427840624587
08,34041,0.003578050665888293,0.642036528745997
08,35001,0.006255986932288926,0.33253422089845447
08,35005,0.002035279744775286,0.739537126236668
08,35006,0.001529419943299306,2.1150451585458185
08,35009,0.0015653986959677142,0.8492531262515781
08,35013,0.0044814905823686284,0.6637778851903724
08,35015,0.0018928070680782015,1.1619996708728861
08,35017,0.0018573681479574823,1.3991611157486983
08,35025,0.0034363538581974246,0.7687361792999324
08,35027,0.001270136202256682,2.780369424778741
08,35029,0.0013202926997575846,1.249893675698155
08,35028,0.0007987465375672836,1.7370817079664704
08,35031,0.004752068612097558,0.9396580580098184
08,35035,0.0017336412951836442,0.7611208279072966
08,35039,0.001801635577713644,1.0564518264947966
08,35041,0.0009915912243484875,1.8994972674025277
08,35043,0.0016739250861885074,0.4626275267227954
08,35047,0.001741425731658834,1.1805326173244264
08,35045,0.004123738644196168,0.5366718604606142
08,35049,0.005370827718640997,0.5142445538984094
08,35051,0.0015248796499058171,2.548490316828368
08,35053,0.001175076877240986,1.47586641120817
08,35057,0.0007256097354447393,1.6277295654906416
08,35055,0.001254103349032985,1.426224398887644
08,35061,0.0027353347787270037,0.7109322303903156
08,36001,0.005438190833300976,0.4659404049536128
08,36003,0.0033654254899210707,0.7680122851255299
08,36005,0.03565231127515004,0.3079193463673122
08,36007,0.0063206769965248365,0.3683186224383569
08,36009,0.0032660631848736347,0.7484136580998001
08,36011,0.0040548303320330345,0.8272120848049525
08,36015,0.0025547683991069946,0.6040034965317449
08,36013,0.006185576537487687,0.6441989635916269
08,36017,0.00379233474216786,1.4810976179625055
08,36019,0.002525348942754273,0.9791545970759892
08,36021,0.004811710103037794,0.8470915213664238
08,36023,0.0017699192130119932,0.9843541397240144
08,36025,0.0036520274950556527,1.2683733593737838
08,36027,0.006552127206398478,0.4195282392999643
08,36029,0.011187533391046832,0.35202090648345996
08,36033,0.002985754359886702,1.0202502318888609
08,36031,0.002866283877445884,0.9241950091195212
08,36035,0.002673053334142013,0.9463923014658893
08,36037,0.0029312357533711406,0.8061640252020701
08,36039,0.0027067219443171328,0.973328118652393
08,36041,0.0018857327285802686,1.5515712975184939
08,36043,0.003941596167976199,0.7687643854548228
08,36045,0.0035914452389291655,0.5359218950161353
08,36047,0.036845155732857494,0.4584924781097529
08,36049,0.0022429435902191867,1.183306339393216
08,36051,0.0017815879268319019,1.0239379178362562
08,36055,0.008693143101950802,0.43540716474276847
08,36057,0.0029414909428276525,0.918315423341433
08,36059,0.020487609043416333,0.2731261300500246
08,36061,0.04111320065023261,0.375153943681821
08,36063,0.005859308725076817,0.4871575137588392
08,36067,0.008132888089104855,0.4226243704523688
08,36069,0.002830427497748368,0.6841985303782117
08,36071,0.007379207966331208,0.5713843949191476
08,36073,0.002005220324464565,1.581927034457544
08,36075,0.004453555549957656,0.6622177068391856
08,36077,0.0032938384763734627,1.5821506730685382
08,36079,0.003942853998413457,0.7203895768086848
08,36081,0.03263108847235232,0.44776566684918956
08,36083,0.003944712450988095,0.7369856817129168
08,36085,0.007841368877285747,0.403847142081221
08,36087,0.007650363232165866,0.4950682912911678
08,36089,0.003554371478273613,0.8571147232268328
08,36091,0.004364006516896802,0.39814727017306994
08,36093,0.004036687851608127,0.39562617840883707
08,36095,0.0020995547606962248,1.2922678529641596
08,36097,0.0014631036935139803,1.39285382994912
08,36099,0.0025736553190045513,1.0315351338806782
08,36101,0.0054598074369783854,0.7275571235715735
08,36103,0.018802402247460152,0.3491456258437896
08,36105,0.003166373059766122,0.48286035458623044
08,36107,0.002222398062160793,0.9910736136521722
08,36109,0.003589164955207324,0.7195795538244549
08,36111,0.00472024042691664,0.5267230374429207
08,36113,0.0030287992112069677,0.865038107439042
08,36115,0.0034195460643585748,0.87302482977283
08,36117,0.003854740100788285,0.6408191370387406
08,36119,0.012671366344699975,0.3250623952837142
08,36121,0.002807542940662011,0.9397033787198444
08,36123,0.0018420226559269345,1.5991478688914298
08,37001,0.0042651681662902625,0.3844498322276493
08,37003,0.0019835244948996243,1.0536918288410888
08,37007,0.0016775047245379477,1.1160514004248407
08,37009,0.0015966992291706434,1.194104031971485
08,37011,0.0013630719652378128,1.4033228711477443
08,37013,0.001901189401881366,0.9413015797673334
08,37015,0.001008668071255755,1.9374164264963367
08,37017,0.0018357852281361761,1.2988738565100875
08,37019,0.0073331443889073054,0.7276345323546902
08,37021,0.004636614222987381,0.36670920464849777
08,37023,0.003954882186614981,0.7249183870681827
08,37025,0.0027938324585687208,0.34903379005254964
08,37027,0.0038185978545400285,0.7511531388384592
08,37031,0.00845033109866126,0.42463159308783965
08,37033,0.0015527086367335757,1.2333413137204599
08,37035,0.004661583167581086,0.46925298407392935
08,37037,0.002015343938680057,1.2214111392023104
08,37039,0.0020287083488404285,1.3698577079402796
08,37047,0.0026995293423062263,0.8523001526084781
08,37045,0.004160591489976227,0.6169423075447459
08,37049,0.002039693506573629,0.8478240131206374
08,37051,0.008122441401219293,0.6371324097361111
08,37053,0.0008364520964176379,1.164335419414775
08,37055,0.0014663152165411096,1.5575761561480779
08,37059,0.0018911313442963626,1.158698107130927
08,37057,0.004847997250005051,0.4570562541587764
08,37061,0.002475258196153172,0.9110841987262929
08,37063,0.003872075865476777,0.40807838041501565
08,37065,0.003320536395004524,1.0025330671595634
08,37069,0.002269675794489941,0.9071472075644091
08,37067,0.005806801298147351,0.3808743540313769
08,37071,0.009323088581029555,0.34980830041268013
08,37077,0.002022208222116184,0.922824506342847
08,37079,0.001008300560013942,1.846483299634875
08,37081,0.004421631487505552,0.27746365400752687
08,37083,0.003121862920237536,1.0538892668562763
08,37085,0.0036653387451558244,0.8607122733794922
08,37087,0.002825687313151616,0.7134321531635416
08,37089,0.004432321071624078,0.4287202747180615
08,37091,0.0011680351576221887,1.3480683081056903
08,37093,0.0012819340174684793,0.905708222019664
08,37097,0.0054299404182293395,0.45581317134254445
08,37099,0.0014565472331903924,1.0286581268516675
08,37101,0.005342846646811815,0.5883793560791505
08,37105,0.0018060874871910833,0.9067461922616719
08,37107,0.0028666691548975376,0.767612049784666
08,37109,0.0034771938321669776,0.8691929420462884
08,37111,0.0026305284379934653,0.9804854318743611
08,37113,0.0030734119493755633,1.063871323863657
08,37115,0.0014721416250251113,1.3397376569753854
08,37117,0.0016246308321224928,1.318945265241389
08,37119,0.007922954129072339,0.31017369831965663
08,37123,0.0011587458798308448,1.3600160248245847
08,37121,0.0011849676888285976,2.0564607682482463
08,37125,0.002873826373864403,0.6698123441756259
08,37127,0.003084792759761351,0.7884687566079032
08,37129,0.002636300457304461,0.3355292654322136
08,37131,0.0014869039494251645,1.7149020762134477
08,37133,0.008021276276169578,0.4452969289271601
08,37137,0.0009884813169664705,1.6218746837196925
08,37135,0.0029887642713147546,0.6043007658311748
08,37139,0.0014616425476890616,1.0958648113244835
08,37141,0.0018858567957108616,0.9785682538977044
08,37145,0.0014877823707828233,1.1559687221657606
08,37147,0.0034494165198046007,0.4522424965384129
08,37149,0.001922982144662678,1.3077683016732446
08,37151,0.004858451695801429,0.4968944300256751
08,37155,0.006133489007619861,0.4940059149328911
08,37153,0.0027915392517038774,0.8143522158121064
08,37157,0.004338689829861131,0.7290904013361265
08,37159,0.004466715907725144,0.4327295371595692
08,37161,0.0025767048585596804,0.9459993492325374
08,37163,0.0031692624339082886,0.8885043575195392
08,37165,0.0018574081781392903,1.088502183004569
08,37167,0.003601587136343289,0.8209630404077349
08,37169,0.0024248391550871096,1.126248493641009
08,37171,0.00414641294460935,0.8299924066577646
08,37175,0.0015678299022329337,1.0758308781785517
08,37173,0.0005208741166508208,1.3686510386526585
08,37179,0.006111279090447432,0.44874800791348957
08,37181,0.0016698413436463744,0.88936979408322
08,37183,0.006865186248562349,0.37326095137164583
08,37185,0.0015923022835376696,1.5144298937006397
08,37189,0.0018176080038795357,0.7950277244105822
08,37191,0.003995681391739838,0.4442471375485026
08,37193,0.003481359409933236,0.7845573648083644
08,37195,0.002956645175460821,0.6276873496567261
08,37199,0.0016213400669750798,1.7263495134304647
08,37197,0.002186495214424081,1.2077132397677126
08,38003,0.0006732932759913055,2.2070255287204796
08,38005,0.0015103405668624333,1.7931836957399865
08,38015,0.0026260690130196114,0.560390954441136
08,38017,0.002478924267782042,0.39521182430149443
08,38035,0.0020134651317499862,0.6627686022089841
08,38053,0.0008536872683732705,2.2314751311570817
08,38059,0.0012204276006669108,1.7912296809555044
08,38067,0.0029365906810591433,1.517968396320866
08,38077,0.0017019822524412804,1.9253076985588822
08,38079,0.0010073968469637355,1.7821490163345128
08,38089,0.0010693159134824164,1.0711923486587998
08,38097,0.0012334218831149201,1.9013858496061602
08,38093,0.0010399363608770101,1.4629929168216738
08,38099,0.002614298231073245,2.111374027569824
08,38101,0.0016726310564304657,0.8283911922339077
08,39001,0.0020488892237592146,1.273629102949204
08,38105,0.0009286591324085655,1.3177812296131473
08,39003,0.004807673009797146,0.47776171067235745
08,39005,0.0021961631138452697,0.78458228874423
08,39007,0.0043348298883119935,0.8179476425688199
08,39011,0.003049725198213304,1.391071658529401
08,39009,0.0021961650163355006,0.8840375185667507
08,39013,0.003343136245076228,0.7479289823928316
08,39015,0.0023436658074417025,1.0963922025269033
08,39017,0.005073247423927492,0.7298969608105373
08,39019,0.0019738769596107054,0.9982870895854025
08,39021,0.0019784859352685595,1.0754953252629045
08,39023,0.0061280132159954445,0.44893449716469214
08,39025,0.0039772526438492245,0.4812468387933552
08,39029,0.004958610059935095,0.9373952360845157
08,39027,0.002072988656176265,1.389240376072649
08,39031,0.0021653949561366214,0.9148351104326988
08,39033,0.0031324358277235557,1.0072860518849316
08,39035,0.023487041625920448,0.40414901744468607
08,39037,0.003233930779564674,1.1230025636574412
08,39039,0.0025040249380867676,1.2523809034957334
08,39041,0.0049461056893219104,0.5450691950599871
08,39043,0.0023156910371253787,0.6935180160331837
08,39045,0.0029812213140856894,0.7908292413891844
08,39047,0.0023307551452122466,1.0633875679872404
08,39049,0.009828842817215354,0.3565606088406011
08,39051,0.00261817651710901,1.0800691617933287
08,39053,0.0016618615320552017,1.1254257482254477
08,39055,0.003536387820561272,0.7586079546313012
08,39057,0.0031003229156635363,0.46097561113611607
08,39059,0.0028841145055150115,0.9586331193039926
08,39061,0.010118859225402631,0.4114512405227162
08,39065,0.001510863044247204,1.3059995972333431
08,39063,0.002902501692940266,0.8205732026827034
08,39067,0.001605454717592676,2.0691104593721668
08,39069,0.00221467756168619,1.3580037785662755
08,39071,0.0024964823687680495,1.0031548317587335
08,39075,0.0031336107071059205,1.2276763805783741
08,39073,0.0019858660319404644,1.1517614490454777
08,39077,0.0030912834461309115,0.9493281213574576
08,39079,0.0018630821156589187,1.14225427898609
08,39081,0.004670970372750753,0.7934238730753538
08,39083,0.001938051485398487,0.8319073958681911
08,39085,0.00632579719559862,0.3946262293847421
08,39087,0.0029696495193615034,0.8786129205073565
08,39089,0.004281534097280741,0.4661216777756563
08,39091,0.002006909278067311,1.2824297394197801
08,39093,0.006064662246976455,0.3041448094830089
08,39095,0.008772113293088713,0.4588713766318405
08,39097,0.0024861391733908287,0.8569293815951164
08,39099,0.007926159483697803,0.48526658572014614
08,39101,0.0025802870325358314,0.5167707914969155
08,39103,0.004951849621808515,0.4919097093582618
08,39105,0.002526429730494703,1.1385319972306214
08,39107,0.0017258038210461262,1.0639249890711713
08,39109,0.003532124433228876,0.7423629327634336
08,39111,0.0013971664160322948,2.165339213497943
08,39113,0.008501256086416687,0.28880657119132097
08,39115,0.0014628682936678582,1.8585011865984473
08,39117,0.0018744829515106355,1.2644222471703441
08,39119,0.003515806203353426,0.6594523354639737
08,39125,0.001739133581097095,1.4123046876862697
08,39123,0.0032897033022871803,1.4068486086508665
08,39127,0.0019271207558674388,1.2175342753186469
08,39129,0.0019198681335005512,1.0910726488205023
08,39131,0.001872233295068991,1.2650833626277769
08,39133,0.0035910580939587495,0.6651211225338013
08,39135,0.002984012119128301,1.256834810760793
08,39137,0.002790865039947093,1.114851623676637
08,39139,0.004529298696976031,0.4252624394993121
08,39141,0.003183160842874041,0.7056521171241844
08,39143,0.003518238026813875,0.8039942365299303
08,39145,0.003110248395739024,0.7388264681618059
08,39147,0.0036910345596229497,1.0193455860878247
08,39149,0.0032367680428489675,1.0692561292004024
08,39151,0.00785797352381822,0.36759530046926725
08,39153,0.0075639131299279115,0.41810627355644764
08,39155,0.007824682277251492,0.36398973233632465
08,39157,0.004090575357488495,0.672546529656579
08,39159,0.001251674803935363,0.9179696010295596
08,39161,0.002081296585387067,1.0902924658366309
08,39165,0.004618113207039837,0.45566068329155945
08,39167,0.0033036418059961673,0.8464591005090663
08,39169,0.003932990823398331,0.6204839843991611
08,39171,0.0026787184467518543,1.1687221334491145
08,39173,0.0028885877657429957,0.7076381971096122
08,39175,0.0017955862731136674,1.2711238929596513
08,40001,0.0021388253657172404,2.1007686042068516
08,40005,0.0010037858820883129,1.7281336238300382
08,40009,0.000612299665003591,2.1127995191694695
08,40011,0.002098041193090708,3.18223648241276
08,40013,0.0018801698142224374,1.042814425317293
08,40015,0.002339931028183386,1.153309628188453
08,40017,0.0036492645433121246,0.6344725435496392
08,40019,0.0028272654810445877,1.1368544631797861
08,40021,0.0020123587004619568,1.065415359956935
08,40023,0.001994040826226996,1.8731466220900839
08,40027,0.004117065748938941,0.43910314824799174
08,40031,0.004493889902299107,0.3436651447972627
08,40035,0.0015638217480465127,1.8543271830258095
08,40037,0.0054516729654773615,0.7371229189822296
08,40039,0.000995690585198088,1.8885365550433086
08,40041,0.002907777920643775,1.1925577009955748
08,40047,0.002496461498125093,0.8440946866976614
08,40049,0.0030889661852732423,1.2130153738591114
08,40051,0.0021483877934900387,1.0380589774202997
08,40061,0.0015648652077756675,1.7223083955156968
08,40063,0.002316661792484644,1.9074342133046933
08,40065,0.0014953742876335824,0.8825493010247167
08,40071,0.0024591641575448017,1.1613257676504762
08,40073,0.001057189222860857,2.293222405966336
08,40079,0.0038665982309066794,0.9915138574518882
08,40081,0.00252642821573039,0.9317795319492309
08,40083,0.0011683457746100609,1.1259768465965958
08,40087,0.0017629327688536635,1.1472638676249318
08,40091,0.0019223336525294368,1.928253709683896
08,40089,0.002274522711959876,1.164117723237178
08,40095,0.0010475128222295947,3.478100187099999
08,40097,0.0026246301334768305,1.7366075907712246
08,40103,0.0009963719552015147,2.166060641989619
08,40101,0.0028496081970592712,0.8457654674322063
08,40105,0.001154705585494093,3.319835527660018
08,40107,0.0012671331924550037,2.1969006381476133
08,40109,0.012815773027756041,0.37660245326759617
08,40111,0.00284402282127642,1.014562026200796
08,40113,0.002527163148883704,0.921948899837574
08,40115,0.003470201614010313,1.080769042280733
08,40117,0.0018234904729300596,3.089099497109413
08,40119,0.0031564510807920955,0.9300539026084597
08,40121,0.0025670841715251386,0.948255467432226
08,40123,0.002003488923703606,0.9883505964464027
08,40125,0.0032646583174587686,0.6638433715889002
08,40131,0.0051262362227949745,0.49277639395276956
08,40133,0.0033907607109127966,1.3132837967614375
08,40135,0.002132576749721676,1.355295822670143
08,40137,0.0027055276504955187,0.906555842771378
08,40139,0.001147949704157754,2.262975113847435
08,40141,0.0023138697478174352,1.9476336831969943
08,40143,0.009411552776154596,0.2749415421717985
08,40145,0.003736557509178261,0.7109248070477677
08,40147,0.002570063938712574,0.7524551135311415
08,40149,0.001013348360124719,2.2355731159293084
08,40153,0.001320543645362576,1.7228814038321842
08,41001,0.0020470642827773,1.5602205934891489
08,41003,0.00252182694229382,0.7027132190758841
08,41005,0.006516439903066484,0.3595737209983927
08,41007,0.0024510143552409183,1.2912023473071343
08,41009,0.0018718857296772394,1.1572924885077576
08,41011,0.003257424572829559,1.0702790546331453
08,41013,0.0007840419847200755,1.6781628964482407
08,41015,0.0016769373299132825,1.7574674304311138
08,41017,0.00318561194963303,0.5509840696101165
08,41019,0.004779162804018173,0.6287422317156457
08,41027,0.0007038831615808862,1.3766545835331887
08,41029,0.0043055524507940425,0.622488760892127
08,41031,0.0008216890462557336,1.6356651791872092
08,41033,0.003996379004386602,0.8076178493384987
08,41035,0.0027938420172595917,0.649594536466904
08,41039,0.006071017312206754,0.549546642218684
08,41041,0.004320749002153685,0.8199251860833674
08,41043,0.003281726981525748,0.7240139545393549
08,41045,0.0012765326741923646,1.142993083186809
08,41047,0.004252356213405674,0.38460262987572924
08,41051,0.01169357419894813,0.36517820041278454
08,41053,0.002045497083293405,1.2547954063796227
08,41057,0.002288620808095966,1.057867029397822
08,41059,0.0026591064099308914,1.078263891390615
08,41061,0.0018595230680709398,1.055493742835727
08,41065,0.0014203592820930787,1.1234416933938278
08,41067,0.0063986170851753985,0.35155055039287353
08,42001,0.0038251010831902806,0.7852551649383811
08,41071,0.002700828020895705,0.928587646518104
08,42003,0.02342148260341746,0.40202025264548236
08,42005,0.006201856827746283,0.8218145600867187
08,42007,0.008435050926996816,0.36161895004934047
08,42009,0.004138937640327942,1.297775312245376
08,42011,0.008095183374030713,0.5671346105109791
08,42013,0.005719503361052789,0.5128528202955132
08,42015,0.0044628938409528585,1.202062490953348
08,42017,0.011802961219665932,0.266087643766753
08,42019,0.004772589882754229,0.8435628222235542
08,42021,0.007373028013625407,0.6716664155609491
08,42025,0.0033259903303838314,0.9220778163264165
08,42027,0.003977998718592694,0.7922154812753133
08,42029,0.007979334264501694,0.43116026849371675
08,42031,0.003533046644781903,0.9182596120258262
08,42035,0.001976006726301369,1.4955348772912123
08,42033,0.005725646548603677,1.024070439439168
08,42037,0.003117996366938552,0.953333836645001
08,42039,0.004507931715889248,0.7313665117381861
08,42041,0.0042739512744307305,0.4749071807894753
08,42043,0.0043819846686866375,0.46048535877520413
08,42045,0.008897880750300114,0.3285302280351583
08,42047,0.0024685723354704293,0.9784976594949629
08,42049,0.006776611930558964,0.47136801689552704
08,42051,0.008101133462907572,0.5388196720158099
08,42055,0.004600608564110089,0.5212715425326564
08,42059,0.002870882589795544,1.0865363328307753
08,42061,0.003792983484487225,0.861145007928246
08,42063,0.0037051232873113868,1.2004829040444713
08,42065,0.003868428860824271,1.504160287749984
08,42067,0.0016840656749540078,1.6495861772703369
08,42069,0.00643290697868658,0.3813580540701203
08,42071,0.008659336428788836,0.4417308703991922
08,42073,0.004788564053329468,0.5350871215971984
08,42075,0.0038076097327453696,0.5537007419531796
08,42077,0.005733425896064409,0.5350247001379461
08,42081,0.00315214376547479,0.5041863138410504
08,42079,0.011243635856735346,0.35336273082714537
08,42083,0.002921385792518078,1.161917820384922
08,42085,0.005813778759520094,0.5882804281592765
08,42087,0.003218748217020357,1.1935299996618032
08,42089,0.004086963161888417,0.4158299797468481
08,42091,0.013653077310425464,0.28448196389097213
08,42093,0.0008864862488703524,2.6973156371822915
08,42095,0.005996887640500267,0.439359867399193
08,42099,0.0038810460634649945,1.0791145098218222
08,42097,0.005179591592868744,1.1171679244553707
08,42101,0.024498264426645495,0.3804493242316741
08,42103,0.0035197084133893,0.8296204923289532
08,42105,0.002129910166443447,1.4592434297880408
08,42107,0.008426195955584928,0.5209969061900771
08,42109,0.00181328409312589,2.092883646400394
08,42111,0.00663798481686854,0.7898834010125964
08,42115,0.004215797583027698,0.8426845833440328
08,42117,0.0038508259291599317,0.9915538470877224
08,42119,0.001257497895085866,1.1464235856961529
08,42121,0.0044604543637760796,0.8835264574190571
08,42123,0.003933848195364878,0.9986332299000085
08,42125,0.008378477532723593,0.506681207220117
08,42127,0.003673509745427247,0.8774256833359034
08,42129,0.01573464639721025,0.4040105237064887
08,42131,0.0028449072229379258,1.1279053356233937
08,42133,0.008393479638290378,0.5920796633136349
08,44001,0.0022341661152055032,1.121087468854178
08,44003,0.004435142719476968,0.376366924506013
08,44005,0.0018657986686633507,0.5280245478897022
08,44007,0.008983376087940755,0.3809293590373086
08,44009,0.0033620135334930887,0.5425612489108796
08,45001,0.0015763214275737582,1.2179649537120467
08,45003,0.002871285882924465,0.4491828797195269
08,45007,0.00551748005714653,0.42048721197209393
08,45009,0.0006294567671137456,1.5037415063164121
08,45011,0.0011386867195795865,1.061862900145446
08,45013,0.005920118606317851,0.4912602057385572
08,45015,0.003997219710896701,0.34571560957111097
08,45019,0.005346498399549026,0.4171629292194938
08,45021,0.0024549569214921407,0.8787201103059986
08,45023,0.0030460865232506177,1.0518165736471212
08,45027,0.0024330000953840594,0.9830724054691818
08,45025,0.002401176974484132,1.0589036321881036
08,45029,0.0016128028896313827,0.9650885081645952
08,45031,0.002736173421862028,0.8648251250169064
08,45033,0.0015324672259527557,1.039125550011131
08,45035,0.0037907408190699216,0.5814224754283217
08,45037,0.0018092521400355657,1.4213480826845706
08,45039,0.0014568831298419824,1.3307341358206566
08,45043,0.0018341858106185732,0.9892074071288706
08,45041,0.003988936254875661,0.37552547693645905
08,45045,0.00683688211771986,0.46534980699950124
08,45049,0.0010707157420576103,1.6979688804963033
08,45047,0.0019377725721565673,0.8918115749458406
08,45053,0.0006346597039393065,1.6187086759772942
08,45051,0.006175272712312557,0.4799318491288427
08,45055,0.0023493748846901905,0.7688398068375635
08,45057,0.0025053432646089764,0.8533345873610619
08,45059,0.0031705915313683486,0.7946442275839061
08,45061,0.0014622339729132455,1.2609337836059744
08,45063,0.004709428722295803,0.3089636662708248
08,45067,0.0018941036083100133,0.9037598094144165
08,45069,0.002562939408567794,1.0624711746480038
08,45073,0.0027475075718756924,0.8993009438900001
08,45071,0.0018613107770116871,0.9521972918482277
08,45075,0.003504735020783803,0.6409304144582262
08,45077,0.002869829032779556,0.715950352534874
08,45079,0.007207100304933015,0.4373241215023457
08,45081,0.0011350625926572699,1.540622198568562
08,45083,0.005631604043616243,0.4708968608922337
08,45085,0.003417398399892738,0.47345925149835044
08,45087,0.0028057604530878064,0.9433553961646184
08,45089,0.0030197475722269313,0.7690549828574532
08,45091,0.0041834910043094435,0.491192920934301
08,46005,0.0018058888268527443,1.179938094030062
08,46011,0.0010349501028458449,1.4167841555294796
08,46013,0.0015325926256583929,1.3163242133223971
08,46029,0.0011824712192173657,1.1268635974029098
08,46035,0.0005183855070884331,1.6353875838254948
08,46065,0.0005976060405154827,2.0231651578628482
08,46081,0.0010451057585014296,1.3950504496858367
08,46083,0.0014443923030467536,0.8552162324320839
08,46093,0.00063620161128447,1.3738252650170202
08,46099,0.003812056760787925,0.342241738578303
08,46103,0.00205236253429279,0.5152243363878798
08,46109,0.0012335033689767872,1.8968042296435905
08,46135,0.000749764023120026,1.7675182739123487
08,47001,0.002161599475432646,0.7613846245872354
08,47005,0.001763827492921493,1.5105688982392227
08,47003,0.0017942154911637514,0.9108553755932424
08,47009,0.003370526012727435,0.5048914924373453
08,47011,0.0032810279118975767,0.6574338823757688
08,47013,0.0027818798638626916,0.9361655888183782
08,47017,0.0019593129134300325,1.1378996979690779
08,47019,0.003420380494168915,0.7917885341177766
08,47021,0.0019386564950409286,1.1647462532406447
08,47025,0.0020440581665395995,1.0224663821496522
08,47029,0.00201972863189216,0.9278942571683361
08,47031,0.0017551888691978838,0.9310026998808517
08,47035,0.0031132986575620673,0.8122988167221067
08,47033,0.0016252871805270445,1.4835288208177841
08,47037,0.006980337932178987,0.34284719391370755
08,47039,0.001507475693940422,2.085581336415768
08,47043,0.0026468943197945185,0.9371409744739068
08,47041,0.0007818169665847161,1.734775244926717
08,47045,0.0014874544831189448,0.9787501264538
08,47047,0.002778953232947422,0.8679160020520559
08,47051,0.002069847938393585,0.9443818897177497
08,47049,0.0012681703491200943,1.9854043650735258
08,47053,0.002053091207480687,0.8994295786564932
08,47055,0.002386238189164505,1.0270504904038267
08,47057,0.0015857696543876566,2.1890660058688507
08,47059,0.003684984372412715,0.8453050768425188
08,47061,0.001141249569358099,2.0267736098811904
08,47063,0.0026045154319150575,0.8651391995563571
08,47065,0.003797542788315491,0.4471312670881229
08,47069,0.0017148853569484866,1.195486984892741
08,47071,0.001693282720754779,1.3644193144357901
08,47073,0.0033785580205368654,1.0961184673122146
08,47075,0.0015911210164911856,1.232091772405623
08,47079,0.0023387120334282976,1.1481835596644088
08,47077,0.0017575796011597804,1.2850651270750577
08,47081,0.0016168617091407871,1.0324439259951295
08,47085,0.001187246677114215,1.5872006300222212
08,47087,0.001212441920452461,1.7875589436317172
08,47089,0.0029034530478764873,1.0653033154181395
08,47091,0.0011384846677326315,1.6692934876659429
08,47093,0.0061698449567331864,0.4180141360234672
08,47097,0.0025246822721360484,0.9335743002857688
08,47099,0.0027242331977072346,0.8732975835476579
08,47103,0.002283812391652401,0.865532034300149
08,47105,0.0017000974490092489,0.9790786400935886
08,47107,0.0026060879356735052,0.970500275078872
08,47109,0.0023544683923274567,1.0338212628979415
08,47111,0.0008817844428232737,1.6947183640858923
08,47113,0.003039723850809784,0.46927193204547485
08,47117,0.001712154908835998,1.412339399186003
08,47115,0.0019808747329400768,1.2601337003426074
08,47119,0.0028712998024926248,0.6372526803592704
08,47123,0.0028692925631299835,1.4341850638827343
08,47125,0.004245727291378037,0.4994659888459713
08,47129,0.0015627059389757615,1.4417500449338432
08,47131,0.002695576099504498,1.0250116373672435
08,47133,0.0022694299642678243,1.1553703870056977
08,47139,0.001478010366122001,1.541491370862056
08,47141,0.0022316898200363893,0.8690484503511097
08,47145,0.0023590684700698335,1.0404460832403253
08,47143,0.0014734164319621722,1.643622400349665
08,47147,0.0026281517676321675,0.7969693519380288
08,47149,0.004003763517886007,0.5901634488814937
08,47151,0.001397427993130497,1.4225642935498408
08,47155,0.002214923063138505,0.6121076085034304
08,47157,0.013860160924649171,0.41154439048661234
08,47159,0.001394138001228252,1.5335476486126975
08,47163,0.007840679015666027,0.5064354762978779
08,47165,0.005446481615729434,0.4783306276443223
08,47167,0.0026711140277196357,0.9557006643108227
08,47171,0.0012665209520956605,2.7541864219621655
08,47173,0.0009452655600349036,1.8215002221715106
08,47177,0.001928691950902159,0.7713714637401715
08,47179,0.0024841409967325356,0.5919546446094393
08,47181,0.0009579236094458623,1.9652504792379364
08,47183,0.0018702666947370689,1.467024195875577
08,47185,0.0020837278150917433,1.1921804517517904
08,47187,0.005927504436169034,0.30527949127716636
08,47189,0.0028211140132351573,0.6784505172210159
08,48001,0.0020245660941780033,1.0331836840961928
08,48003,0.0007125630570575981,3.1943970669468293
08,48005,0.0029575749784815954,0.7723612871999606
08,48007,0.001320415051271738,1.9395181897603113
08,48013,0.0015314201079064387,0.9963399280120715
08,48015,0.001135757603536886,1.3047596550321723
08,48019,0.001130929186392454,1.663229778229379
08,48021,0.002472505874471077,1.1937485760979987
08,48025,0.0012513283078137607,1.3429281834411502
08,48027,0.006564015007286013,0.7523375498051788
08,48029,0.014496575327446986,0.3258266857152664
08,48035,0.0019950052778654765,1.664869075292018
08,48037,0.002636421014016688,0.8124034353306729
08,48039,0.005474973665101514,0.6486713739713237
08,48041,0.006442729019813115,0.5667016397980473
08,48049,0.0024136334980518885,0.9857323762195793
08,48051,0.0014381560320117525,1.6322502893389677
08,48053,0.002040751808402977,1.2031842384185507
08,48055,0.0015275962759664786,1.0503792060353458
08,48057,0.0010886569192161888,1.6340028664920045
08,48061,0.014930340387191675,0.3270447585650313
08,48071,0.0007883693182748212,1.5606054105283795
08,48067,0.0017593149604684618,1.8016344629269507
08,48073,0.002233275898726891,1.147170988646468
08,48085,0.011727194304554026,0.39508179304770386
08,48089,0.001139420384809601,1.3698549162623117
08,48091,0.002457354585053795,0.8720449483189151
08,48093,0.0010834480339007118,1.962915927397095
08,48097,0.0016311455798309771,1.199990661230507
08,48099,0.0032736096987250446,1.1282373321173915
08,48113,0.017427523208030565,0.3049044600140756
08,48115,0.00090781828663914,2.419846993480242
08,48117,0.0009444625410198155,2.0685789731612707
08,48121,0.009548211256663709,0.604887231147479
08,48123,0.0017960338476484732,1.5544191585479161
08,48133,0.0010603333749494381,1.5137744602725305
08,48139,0.0038056775244800435,0.4889142802260448
08,48135,0.005069888008815031,0.517802947607549
08,48141,0.015836274975477543,0.3559693953781897
08,48143,0.0012260219328900522,1.1292867178507946
08,48145,0.0017990073490056773,1.890987391712051
08,48147,0.0024953563302630944,1.1613505680400735
08,48149,0.002137198946940794,1.1075905134389499
08,48157,0.010651679663247053,0.35959405362240293
08,48161,0.0016738735686879153,1.4104976848814432
08,48167,0.004638603958815949,0.775506325294895
08,48171,0.001586523852943559,1.6035497552344786
08,48179,0.0013547122952691612,1.0543000315953084
08,48177,0.0018301978499093421,1.9044607161948728
08,48181,0.003369513739059335,0.4476343479010953
08,48183,0.0030650207344695133,0.6345896453814915
08,48185,0.0009497614302286672,1.6950800420718724
08,48187,0.0029041728238663957,0.7995126849645815
08,48189,0.0019260511941209808,0.9941877484592835
08,48199,0.0021217190023940704,1.046488576828464
08,48201,0.024839335990741084,0.31028282939193386
08,48203,0.0026269244226191147,0.7986653903112152
08,48209,0.002812377869955544,0.7940663015619688
08,48213,0.0037349551292149633,1.0871414499747032
08,48215,0.02546471263622571,0.34739817852167176
08,48217,0.002523403763444445,1.341838694399136
08,48219,0.0015736747746760771,1.234051972962127
08,48221,0.00184579508303693,0.9089721195716072
08,48223,0.00253282758624466,1.085958368168331
08,48225,0.0014065963415774401,1.5406521768949988
08,48227,0.0018417829255306538,0.8679501811495756
08,48231,0.002362606871398514,0.9149487053282255
08,48233,0.0012248453732478107,1.2815013848392849
08,48241,0.0018544707727375601,2.141525257560229
08,48245,0.007856430293097042,0.42062774146066867
08,48249,0.0021459345763675357,1.2026116155753876
08,48251,0.004285586917767523,0.5502905805381078
08,48253,0.0016406901237231355,2.05132526876281
08,48255,0.0008369813219852277,1.6763281525355365
08,48257,0.002617038485067769,0.7203372452304475
08,48259,0.0014259807443203734,1.173435419398232
08,48265,0.0022447892065122,1.0228673312707406
08,48273,0.0016461619001497073,1.5219307246948002
08,48279,0.0017115590455271112,1.691062796419659
08,48277,0.0024257808486116846,0.8533783479305052
08,48281,0.0009708361705590833,1.5393497432999184
08,48285,0.002063413105545978,1.2973443621074272
08,48287,0.0007202638223053265,3.4355181770024545
08,48291,0.002502759124738513,0.8749908522832415
08,48293,0.0023402326924236994,1.345810299547277
08,48297,0.0006951839516191249,1.7585824061580297
08,48299,0.0025494221708616395,1.5885494467722427
08,48303,0.004802356931929895,0.39736731564101085
08,48309,0.004091327202160619,0.4093580802281752
08,48313,0.0007668308229390421,2.5945047000418615
08,48315,0.0012717846801058284,2.213515561068059
08,48321,0.0014452906264845549,1.0124031627885368
08,48323,0.0023075714088086753,1.117820913553633
08,48325,0.0016287072256738408,0.9737292562126418
08,48329,0.0032679353279437074,0.4642327418499729
08,48331,0.002173848371596823,1.1357775263041763
08,48337,0.001740542659177054,3.16076492048972
08,48339,0.008187585779211692,0.3981918488728893
08,48341,0.0007395476511981864,2.1072603851871685
08,48347,0.0015227601776190386,0.8655127685522012
08,48349,0.0022408490848333253,1.2010267296755959
08,48351,0.0008995535589589079,2.518978728143969
08,48353,0.0011930232253861703,1.7394011101844626
08,48355,0.004877899956399476,0.3204645460157981
08,48361,0.003804929719297642,0.6681934694837288
08,48363,0.0019279585775330373,1.2604841888991152
08,48365,0.001707315001992244,2.0783899574470435
08,48367,0.003735151892564881,0.6655996425084809
08,48371,0.0008901265342437654,3.2476609304885686
08,48373,0.002368558639623961,0.9677276940161283
08,48375,0.003540371659147109,0.5340315266252709
08,48381,0.002181908148963467,0.5273212848691906
08,48387,0.0011063225764995183,1.8798686268430802
08,48389,0.001257059396425832,2.0001404895400703
08,48395,0.0011872002355091378,1.6090478880810186
08,48397,0.0024147189017095397,0.9526528650226507
08,48399,0.0011002765803951728,3.5629315253099043
08,48401,0.0026244515218049134,0.8868018788131058
08,48407,0.0005809035358151144,1.7260855199693668
08,48409,0.002727765735458039,1.0729734544303353
08,48415,0.0004981272397331545,1.7098699548222365
08,48419,0.0016333940954416399,1.2644266686847547
08,48423,0.0033266722280357193,0.4948994581438916
08,48427,0.004763451666214259,1.046634536508417
08,48439,0.012149377567880178,0.2835645923316788
08,48441,0.0038928259536521715,0.3445745582086588
08,48449,0.0016166663359922855,1.0882943542460457
08,48451,0.0028765693241043326,0.6568042743092931
08,48453,0.01131831906453484,0.31772973137526367
08,48455,0.0015883410920351651,1.8906543782015197
08,48457,0.0014150621586436038,2.772172492167781
08,48459,0.0021954662269233747,1.3096776034669761
08,48463,0.0009705572979587225,1.9557662066288717
08,48465,0.0020345943585691265,0.9394486119968504
08,48469,0.0030899747008387487,0.4373293122690127
08,48467,0.0026962518363292808,2.331323224873996
08,48471,0.0016625894832854296,1.00265607214674
08,48473,0.0011770225298975902,1.9118641444427216
08,48477,0.0014798147067338475,1.2926916865994285
08,48479,0.01309321660031062,0.4228132818694378
08,48481,0.0018774188945472638,0.874355574923045
08,48485,0.004219964405940923,0.4829849984207885
08,48487,0.0008317669151963467,2.0681983614065538
08,48489,0.0019274881566210098,1.4107110177071185
08,48491,0.0062013681375322795,0.4919540428404125
08,48493,0.002395490137797523,0.9044502149216795
08,48497,0.0020975456932633605,0.8611404647906558
08,48499,0.0023304657332127937,1.126002318907063
08,48503,0.0008038596740352806,3.0168689358845477
08,48507,0.0008870966547336128,2.2032591226751026
08,49003,0.0031589645130439123,1.2807574611483252
08,49005,0.0047266050264631616,0.6641940905970924
08,49007,0.0015582588054982112,1.5509399970080786
08,49011,0.008389088795111969,0.6439348271965357
08,49021,0.0017170561358502998,1.117936602928677
08,49035,0.011217669309465427,0.41377510775278303
08,49037,0.0010885830918705946,1.5703144505123705
08,49039,0.0013878086901401927,1.7309224449099003
08,49041,0.0017712387115576362,1.9303905007398727
08,49043,0.00140188975112857,0.9060202455889615
08,49047,0.001968356123370848,1.7887438356254626
08,49045,0.001368831980550322,0.95708803987853
08,49049,0.021850128942306663,0.6892953739958314
08,49051,0.0006510186459892238,2.3769301512749563
08,49053,0.005202821204158803,0.5587469235345843
08,49057,0.005164304243350797,0.45589514038578977
08,50001,0.002544785434875733,1.1820266257872851
08,50003,0.0026040324378901448,1.2471081802564092
08,50005,0.002933505688162924,0.9265827984262422
08,50007,0.0025156701009227634,0.751250062207906
08,50015,0.0017468169954980852,1.0610425071360403
08,50011,0.0022561531181772335,1.3433690485348244
08,50017,0.0031166248623962006,0.9743669869410834
08,50019,0.0032561321448908932,1.095373476775415
08,50021,0.005522033669892937,0.6912534270482854
08,50023,0.004060663061544794,0.7990788429661706
08,50025,0.004843858377907665,0.8972192554359169
08,50027,0.003720317066091372,0.9944749202536025
08,51001,0.0017275025908402256,1.115665840995989
08,51003,0.0021909578262502586,0.6522986403187149
08,51005,0.002225570918712986,1.7628894455355866
08,51009,0.0018659931813202794,0.9634431667268291
08,51013,0.01168427745595695,0.4388825020674388
08,51015,0.0030010267923749295,0.7836129603867148
08,51023,0.0019999858905467016,1.2476267690960585
08,51027,0.0022174291883457434,1.0917507126964234
08,51025,0.0006643808863736356,1.9593436780310414
08,51029,0.0011706931773838964,1.5808016640683624
08,51033,0.0014319098680701048,1.0880859163488714
08,51031,0.0022843535152418247,1.0216040928826806
08,51035,0.0023626260146240147,1.2496123776217918
08,51041,0.0056247136557847546,0.3791761439471356
08,51047,0.0018458144864956511,1.0292315431105252
08,51051,0.0010280397152000779,1.913742559019863
08,51059,0.013195414508559222,0.30440715986871814
08,51061,0.0025241816376480875,0.7343063825860981
08,51065,0.0005522103915354253,1.9100079739953897
08,51067,0.002094484335271927,0.9945427070831976
08,51069,0.0031307499461949357,0.9006337931052868
08,51071,0.0012957829614229804,2.452862164059269
08,51075,0.00083385833719191,1.6335248106521865
08,51073,0.0016328470454807689,0.9909926666691912
08,51077,0.0017452093015530993,1.5576457950809641
08,51083,0.002429324917333056,0.9469712273085944
08,51085,0.0032891988154289615,0.5576513342124024
08,51087,0.003690079082066266,0.49116871398944123
08,51089,0.004537414454528722,0.8287602013342549
08,51093,0.0020176363585043466,1.0850436414244922
08,51095,0.00211167719132471,1.0881950220258996
08,51099,0.0011296677766933446,1.4966043602551629
08,51105,0.0016949509079636348,1.4567059437868146
08,51101,0.000715056889694337,2.6233163758358637
08,51107,0.007932425791486886,0.3673349051606853
08,51109,0.0016314888683727458,1.21349863602706
08,51117,0.0028187829002675286,1.1110353848412111
08,51119,0.001037292565148715,2.050748642370037
08,51121,0.0024459721375377956,0.7443223483293601
08,51135,0.00038403524983474845,1.965655916031831
08,51137,0.0011786058848644912,2.149005359480978
08,51139,0.0016507219727841349,1.7125064272955808
08,51141,0.0012867979352688907,1.8966924955474347
08,51143,0.004594433911442254,0.9058175386191054
08,51145,0.0009233481744219199,1.5324445019691326
08,51147,0.0003989636193870546,1.9009193295626436
08,51149,0.0013413459613820572,1.4329337923568217
08,51153,0.009238342683948391,0.3422111107209347
08,51161,0.00377913929785179,0.9261520916289405
08,51163,0.0010263977098377253,1.6730602513795505
08,51167,0.0020282802620656213,1.1411400596947323
08,51165,0.003477045254393331,0.7702923900007701
08,51169,0.0027941581561074127,1.4033769238369955
08,51171,0.0021401622117598836,0.9776571907379124
08,51173,0.0027533687504791003,0.9400469329987997
08,51175,0.0012918796268461437,2.317472222932804
08,51177,0.004095854783099499,0.4166408065165647
08,51179,0.0038242575119521913,0.5952116886320628
08,51183,0.0013903257202174685,1.6079933540497553
08,51185,0.0026208804555306973,1.373530429361552
08,51187,0.0013526022447859813,1.1357742395225785
08,51191,0.003030096278123245,0.8617388216547646
08,51193,0.0007334711266243929,2.225822090307912
08,51195,0.002616317081898012,0.8750298024011886
08,51197,0.0017240823328165521,1.2989536595631377
08,51199,0.001851904924716813,0.8859715286860508
08,51510,0.007393641994001582,0.5056152491874547
08,51520,0.0006960798576920955,1.4297008279789198
08,51540,0.0023651512003406675,0.8760633776171355
08,51550,0.006016341372471644,0.5144642973975831
08,51570,0.0010710941178389576,1.9735721084021212
08,51590,0.0025654304804520168,0.7416366866094473
08,51630,0.0008117366447571223,1.3503744237247126
08,51600,0.0011039496340158447,1.5529073505417734
08,51650,0.003455745396306839,0.39320273240904435
08,51660,0.0022271608867325218,0.9516047006593962
08,51670,0.0010507349574548019,1.0608113487695063
08,51680,0.002613884498627056,0.6626334962865897
08,51683,0.002174022574558949,1.2452550234664927
08,51690,0.0013421549346779185,1.3570726805137778
08,51700,0.0036578914328211825,0.5603131662803826
08,51710,0.01046665075604799,0.28426024230625
08,51730,0.002440550734377303,0.8660107167954951
08,51735,0.00038645778623464346,1.633585403997098
08,51740,0.004288270833071113,0.5546275567595284
08,51760,0.006642286105978745,0.37794565133570496
08,51770,0.002138682172316747,0.5472041079682024
08,51775,0.001149063738072233,1.3509559219218366
08,51790,0.0008420658646521793,1.2934283152585824
08,51800,0.0051200681091986685,0.5804751442104807
08,51810,0.007312461122695543,0.31230072607488857
08,51820,0.0009213024158551608,1.6182806661533304
08,51840,0.0008777692023737973,1.4304464502671634
08,53001,0.0008780839537121099,2.660426468912516
08,53003,0.001250988589964074,1.5450065270768103
08,53005,0.0028207262466720426,0.4205701612253035
08,53007,0.001637479690303174,1.3141544018531046
08,53009,0.0037033817071005577,0.9663997344575974
08,53011,0.006186390627129004,0.3597362078265453
08,53015,0.0028788576429498855,0.5393785714240739
08,53021,0.0029407967495204686,0.9599971114351413
08,53017,0.0017091508482445627,1.265251167166581
08,53025,0.0023575388990857427,0.8754472505229048
08,53027,0.0020759531714402684,0.8564295979035779
08,53029,0.0029972603172787825,0.9575961852180813
08,53031,0.002240107051201532,1.6134945216696872
08,53033,0.015037489363494095,0.45527869335197163
08,53035,0.004985859530035759,0.32399331831776085
08,53037,0.0014339652208678775,1.4509502477444982
08,53041,0.003145405384572834,0.675821007615272
08,53043,0.0014304219020898877,2.541039401569561
08,53045,0.0021211027536288648,0.8722979219914556
08,53047,0.00191889630929871,0.980212411537624
08,53049,0.001769741557969725,1.5046303554253808
08,53051,0.0017555739435331842,1.8512123261187141
08,53053,0.007552648447661417,0.2865072053893931
08,53055,0.0014633271353516894,1.8257679919044707
08,53057,0.002936388206668978,0.753445172778067
08,53059,0.0008668486672450588,1.5789218227455057
08,53061,0.007955346518286015,0.3497999875376097
08,53063,0.005356235198646287,0.3324527130799734
08,53065,0.0029235078577305,1.1950203016212921
08,53067,0.005208315202353879,0.37028715830305975
08,53071,0.0013884943440800738,0.8809898742041141
08,53073,0.003756163927899778,0.5841643797483933
08,53075,0.0013624818476820825,1.3404952636517486
08,53077,0.007076484124190701,0.5011789806702056
08,54001,0.0008272155891551643,2.0204930296144883
08,54003,0.003924618585524121,0.9304048436389505
08,54005,0.0025939258568203234,1.1728812706713947
08,54009,0.0016951266099848826,1.2521349945143148
08,54011,0.003541659001660177,0.6940469282239544
08,54019,0.003489943224345458,0.8722099635521074
08,54025,0.002457163443304964,1.2061014138890176
08,54027,0.0014498884818531885,1.5917302390742512
08,54029,0.0021605458709121174,1.4812816526186328
08,54035,0.0015695047834145574,1.359480989058074
08,54033,0.0038570039560918107,0.5657528937217159
08,54037,0.0021429677727128746,0.8114514489693021
08,54039,0.0067404096279160474,0.3413779804201397
08,54041,0.0016552114782213709,1.63125592478462
08,54043,0.001585648372696784,1.4181790683617588
08,54045,0.0025578276224270677,0.9542824854510626
08,54047,0.003069884350852962,1.0575658050082213
08,54049,0.0030406081752390878,0.6251644415564925
08,54051,0.0026779088377348968,0.9727574079043037
08,54053,0.0018959987163112268,1.2696476124337317
08,54057,0.0019165016328119427,1.2990866773863277
08,54055,0.0033137320298554547,0.915548598436015
08,54059,0.0024348310331361285,1.2381765190204534
08,54061,0.0039479065470213355,0.7842384759559706
08,54065,0.001006726426628612,1.7216096600604478
08,54067,0.0015621608716417836,1.2471263226404474
08,54069,0.0033282436779915763,0.7146784265655021
08,54077,0.0025134004641171235,0.9955318696285217
08,54075,0.001168499071899606,2.4719831049055934
08,54079,0.002295821764004403,1.3962927074706235
08,54081,0.0033252666897544236,0.7164700249305299
08,54083,0.0016994814877113477,1.2827442358567471
08,54089,0.0009548211171976575,1.6063086724601998
08,54087,0.0012172261555014666,2.085993862115965
08,54091,0.00097750431505707,2.059981380633001
08,54097,0.0014409240935349436,1.8872845216998613
08,54103,0.0018195957338668985,1.9413968777249742
08,54099,0.002328139055412802,1.3837345193003248
08,54107,0.004684014166550196,0.46317332027893354
08,54109,0.0017310764625149294,1.2434656631319017
08,55001,0.0030050509424943642,1.1090059864363824
08,55003,0.0018653302883883574,2.1529396329086614
08,55005,0.003013215216644873,1.1648965529652735
08,55007,0.002171209664478065,1.6057178546874982
08,55009,0.0041263479900885795,0.35093152282212553
08,55011,0.0020710540486358385,1.5205364539345925
08,55013,0.00273067300508757,1.2658069293580863
08,55015,0.00240679580507555,1.4327404880168018
08,55017,0.00280895167443272,1.082755565402533
08,55019,0.004239185110409647,1.1153095134903632
08,55021,0.0035243686843136218,1.0434968410301233
08,55023,0.002718567752737492,2.3605856686227003
08,55025,0.005548389112542616,0.5193669290624666
08,55027,0.0051193055517341065,1.1446160245719879
08,55029,0.002599066395932541,1.2495361110630965
08,55031,0.0017041237420792582,0.9516711430639047
08,55033,0.0020707418847539173,1.3040566176720372
08,55035,0.002084091216339706,0.5418297519406368
08,55039,0.004185431848415328,0.7738564141396
08,55041,0.0016120133446726706,1.7492393417003629
08,55043,0.003610515745325532,1.4818732458481967
08,55045,0.0024909186810884235,1.2446411019751051
08,55047,0.0023039564370145493,1.9826435672071672
08,55049,0.0027399988459369984,1.2278027909069844
08,55053,0.0018850690053891696,1.4390658539276489
08,55055,0.0030213303604744173,0.6757340772003109
08,55057,0.0030422400190452743,0.9933949998473132
08,55059,0.0034074635169351487,0.5293952580888988
08,55061,0.0012367343025928093,2.454763977605465
08,55065,0.0027121910882224078,1.5144521187774425
08,55063,0.0019541593762433776,0.6329983714104717
08,55067,0.0017958355314419716,1.7531924009756212
08,55069,0.0026903660840070904,1.42276849194016
08,55071,0.004010788458638341,0.7720470257709797
08,55073,0.004678337140381387,0.544392079096312
08,55075,0.0032710751213402504,1.2008707076792755
08,55077,0.0024231735027949288,1.5558138611730048
08,55079,0.017679529554232503,0.3704932036868595
08,55081,0.002864758942549518,1.6569974554972922
08,55083,0.0030346502653634364,0.9825101488548126
08,55085,0.00412710695204432,0.9554531984256086
08,55087,0.004551011162216892,0.39808946557304264
08,55089,0.003328595265826841,0.9024314055961958
08,55093,0.0013740368813210243,1.6315348875203004
08,55095,0.003105787572792928,0.9570814210265517
08,55097,0.002314225895960443,0.8315138414631542
08,55099,0.003717846347069686,1.3813778891547146
08,55101,0.0037822097419309185,0.5304324127335853
08,55103,0.0018816141687078701,1.9228228707471586
08,55105,0.004294508147932175,0.5174315607438552
08,55107,0.0021426055164070093,1.546238631887749
08,55109,0.0031035453432522397,1.0152703206990585
08,55111,0.0030165719889472787,0.9946068452559647
08,55113,0.0016543969482258052,1.2331756742250755
08,55115,0.00377249231824291,1.1931269216531473
08,55119,0.002165407034039956,1.4024807453950858
08,55117,0.0037401048634656516,0.664221343528799
08,55121,0.00357279142350485,0.9637804457364945
08,55123,0.0029688768881024393,1.3055043778597095
08,55125,0.0022037877740371118,1.4003469981293626
08,55127,0.003086859926448522,0.9462259413195588
08,55129,0.0017725627563415682,1.4589006047388708
08,55131,0.0047644677475553844,0.664701973976781
08,55133,0.011981018282225957,0.3027754443091251
08,55135,0.0038260333867474383,1.1543002365169983
08,55137,0.0023835958883039743,1.1852445479081404
08,55139,0.003342804396369497,0.49979487772451475
08,55141,0.003997456788150306,1.014292047771507
08,56001,0.0017574458750354114,1.1275962621454867
08,56005,0.0019507087443883405,1.3445366245978925
08,56007,0.0008774624871904959,1.7559262252828545
08,56009,0.0010554561820427853,2.2848789594472216
08,56015,0.0007600660333219578,1.75767016295902
08,56013,0.0016955281728300094,1.443196723794974
08,56021,0.001908151926339211,0.5197420638381792
08,56023,0.0008311689770085118,4.625148700658603
08,56025,0.00248122283440836,0.7251634319982996
08,56029,0.0009417150802561019,3.5856872330130125
08,56033,0.00118299596446087,1.445617517576341
08,56037,0.0018586419437447304,0.8578962622417797
08,56039,0.0005774120400951712,2.0141811266553384
08,12057,0.01047516488912569,0.3591306639894692
08,12059,0.0010377936345357694,1.6635917264140756
08,12061,0.007551192729299136,0.4526964242445576
08,12063,0.0025480453749403722,0.830750354109362
08,12069,0.009990344644756153,0.5665606959050474
08,12071,0.024177411943110357,0.4344774802673613
08,12073,0.00695197166299242,0.504395891048059
08,12075,0.001777060631386838,0.9389835463339182
08,12079,0.0012268875994050864,1.7082619704470106
08,12081,0.009741418088068202,0.34059105026365877
08,12083,0.009510290279039492,0.3961836019547383
08,12085,0.0069824672029867845,0.456249177848472
08,12086,0.022085173149850777,0.3377794737894552
08,12087,0.00626765626387995,0.7575828046899115
08,12089,0.0017005958082612978,1.0978030568261818
08,12091,0.003624183029711706,0.6668787955187374
08,12093,0.0023459280310319883,0.7889681957781217
08,12095,0.012220769397199925,0.3207542690968099
08,12097,0.006176917292662106,0.4496673541946075
08,12099,0.029471420819109796,0.366984672647249
08,12101,0.016659971332123952,0.39682568716433575
08,12103,0.02307674008707757,0.3151650196350676
08,12105,0.01140753034507772,0.24399111696270395
08,12107,0.0028486015534778344,0.7861671004909888
08,12109,0.003146043411511668,0.632409809574922
08,12111,0.0069406866035079395,0.5782335206931356
08,12113,0.004258916795101554,0.4703287504612192
08,12115,0.024688915146072382,0.4746985442114722
08,12117,0.006580079226224678,0.39382483550181413
08,12119,0.006137669890544958,0.9920599153711621
08,12121,0.0019100153015899667,1.0806931064911003
08,12123,0.0007026103543407133,1.6598770366100013
08,12127,0.013767318002722066,0.40967847084035336
08,12129,0.0008582776641057621,1.4155900858475123
08,12131,0.0016530968620411838,1.0935786558306702
08,12133,0.0018174531766966826,1.1574039972007018
08,13001,0.0013139982615931235,1.4397273043153587
08,13009,0.0016748036325784001,1.163469582992057
08,13011,0.0013164767524232875,1.8070266896525988
08,13013,0.0030346899740178726,0.6862208914023218
08,13015,0.0033092627104475067,0.9063808435450674
08,13017,0.0014109759146364715,1.5302962094556036
08,13019,0.0017644178553759913,1.1472627883341826
08,13021,0.005078218523146852,0.49168058877479
08,13031,0.0020390422636136787,1.1401760080648007
08,13027,0.0013193998342825699,1.4985666930688577
08,13033,0.001724608061199994,1.2502090482772317
08,13039,0.001087078619346836,0.9220704075178355
08,13045,0.0032611860518805395,0.7051409530542216
08,13047,0.0026633001235503526,0.927027234345761
08,13053,0.003246632808440638,1.7420454644406
08,13051,0.005277875557642652,0.41569876770828934
08,13055,0.001664503408626888,1.2466065599543155
08,13057,0.00671516567025245,0.5243538381798105
08,13059,0.005493122060119748,0.46686155338382995
08,13063,0.0070521978250174125,0.26881726896659325
08,13067,0.009171276892652017,0.41232986928656284
08,13069,0.0019667420342786342,0.8610140269704686
08,13071,0.002195409556448691,0.905226224387328
08,13073,0.0029978957894012197,0.6467610537963192
08,13075,0.0010186314175741615,1.6648339687420817
08,13077,0.004028368699048717,0.5847169068455148
08,13081,0.0013755020716181776,1.125631904208577
08,13083,0.0010442224453002815,2.628934854476361
08,13087,0.001543998459637629,1.064012854344443
08,13089,0.007946378926379812,0.43169886242117594
08,13091,0.0018661865646926806,1.2671119698415385
08,13095,0.0044138410461720505,0.43858632037339135
08,13097,0.003714123425856541,0.7461073554868459
08,13099,0.0021053363002692597,1.5778122948013271
08,13103,0.0021468367137067873,1.0572011438775566
08,13105,0.001549836713423665,1.3962526667180282
08,13107,0.0012320061094811558,1.2860410159172653
08,13111,0.0014404475071047073,1.4843604994402606
08,13113,0.004222065403185256,0.7819277787326137
08,13115,0.0026336113366164033,0.6010965420147636
08,13119,0.001508530006144086,1.7149642488691208
08,13117,0.007223136480295972,0.5275475916176575
08,13121,0.011476232495312664,0.5952568161419597
08,13123,0.0013924121816829144,1.3621742450687628
08,13127,0.0019114492957864266,0.906757527440149
08,13129,0.002570217584210006,0.9622032772900362
08,13131,0.0015131796315701394,1.2085532735624207
08,13133,0.0021773977124740183,1.05763993162134
08,13137,0.0015446959375247711,1.1689140082293683
08,13135,0.01587686266848795,0.373535861398568
08,13139,0.004499664789759218,0.4049285579529524
08,13143,0.0013168551073427376,1.327994907779305
08,13145,0.0012571490542951347,1.5114206396848515
08,13147,0.001214090542560523,1.4622487565436573
08,13151,0.00682989266262884,0.5817948172328685
08,13157,0.002223565264724484,0.9158126303001911
08,13153,0.004214308523909447,0.4985205945138363
08,13163,0.001058932829565392,2.0768311662063077
08,13169,0.0012186984255126191,1.289737117186734
08,13175,0.0028181466378131032,0.8649201944454252
08,13177,0.0013581404873408004,1.4131475220286889
08,13179,0.0033539352420976875,0.7081872203050309
08,13185,0.003602670696609489,0.47388029898548173
08,13187,0.0007304398221049346,1.558452542707804
08,13189,0.001471845193646169,1.4146646042005115
08,13193,0.0011528354689975173,1.7555858125942745
08,13195,0.0017155743976392753,1.0820833002814103
08,13199,0.0011944024058742047,1.9721922143456811
08,13205,0.00134078489875139,1.6774263823010933
08,13207,0.0011379437054554198,1.5773144541418358
08,13211,0.0013168289632253854,1.5556451301083662
08,13213,0.0020036541322065926,0.9295712344867405
08,13215,0.00639569247525449,0.47266100189910737
08,13217,0.0029830438356688066,0.8943417843787402
08,13219,0.0014626750733219983,1.1341676273674752
08,13221,0.0009481416314057618,1.7278765941174656
08,13223,0.004057848651909935,0.7123096145378428
08,13225,0.0009210485891811082,1.294060705667585
08,13229,0.0010597027874645222,1.8707395939558207
08,13227,0.0010501098105007108,1.4238629008990424
08,13231,0.0011791424046389701,1.8920671252712902
08,13233,0.0019161965044382251,0.9941896038508015
08,13237,0.001045604271096897,1.6710263957704967
08,13241,0.0012265076332090782,1.6000714603496273
08,13245,0.004678027727826146,0.5594328015571906
08,13247,0.002761012782764044,0.8260060155944952
08,13251,0.0016413175676100282,1.6542956651487744
08,13255,0.0020572497228516697,0.8026425209873983
08,13257,0.0011740641108888674,1.4965717590757264
08,13267,0.0013601251284607327,1.5474223812835393
08,13261,0.001362897948136787,0.9831535173649555
08,13273,0.0014129671427056873,2.369844913316171
08,13277,0.0013242945328566403,0.8101495047209644
08,13275,0.0017900432381598396,0.8496851414261669
08,13279,0.001374857172862968,1.251054287110249
08,13285,0.002780572628559937,0.6892044500332783
08,13291,0.0022660027294207127,1.179619531729519
08,13293,0.0017593796425318202,0.9298242401502472
08,13295,0.0026443586145571186,0.8855623806081487
08,13297,0.003487127838790002,0.7923878631960773
08,13299,0.0018225072954510422,1.1168762731679323
08,13303,0.0011844116140466293,1.5373065314798657
08,13305,0.0014871270840721622,1.1856959332341444
08,13311,0.0007918411255417522,1.3957537183560573
08,13313,0.00414481475731876,0.6920373200640554
08,13315,0.001429193639129819,1.933557897191877
08,13317,0.0007861213503466238,1.758237615450963
08,13321,0.0011158627995724296,1.5137753957397255
08,16001,0.005579376327275224,0.42535710962408757
08,16005,0.002716928077000232,0.49372138864449044
08,16011,0.002546983344109068,1.0077222244222799
08,16013,0.0006061093327573697,1.926366870577012
08,16017,0.0018873514417192302,1.0346378550805122
08,16019,0.00324235608152806,0.5889037388927676
08,16027,0.004601228525640495,0.5390355917013973
08,16031,0.0016406556845923567,1.411692617515819
08,16039,0.00074317685463184,2.8586544595632093
08,16049,0.0012914209476173823,1.4738933055004682
08,16051,0.0008503362937627774,2.166464114135694
08,16053,0.0013098321910297135,1.9715905204334658
08,16055,0.0030267893760544526,0.504837224465396
08,16057,0.0009669694652740321,1.1988943137185624
08,16065,0.0015713402611026662,1.6674484401565188
08,16067,0.0015696156478323705,1.8228380486490778
08,16069,0.0016907350980417673,1.1368001403954957
08,16075,0.001052461620815301,1.8222936176950744
08,16083,0.0021012588614455333,0.8988576396749609
08,17003,0.0016402053411306294,2.350038972433731
08,17001,0.0023593012579586174,0.5751636950370979
08,17005,0.0007333162196969829,1.8828497936088504
08,17007,0.0017768740745285694,1.1675288357522848
08,17011,0.003379397968853386,1.151968220020638
08,17015,0.002345857083187084,1.428304092271688
08,17017,0.0019518662861886438,1.9617699828174495
08,17019,0.005554357558839832,0.5824042694987666
08,17021,0.003065834252673097,1.6371954969915685
08,17023,0.0010696796546228794,3.2944390208737597
08,17027,0.0019798465407463413,1.0981559951398285
08,17025,0.0010246196438379479,2.2722845309519184
08,17029,0.0014426177347693701,1.4859773312142739
08,17031,0.018276494006881718,0.5269220382535954
08,17033,0.0019123170125163584,1.4096974376072897
08,17037,0.002442725716562816,0.833313564254852
08,17039,0.0013607422357856263,2.1002387971963006
08,17041,0.0015093415418748095,1.3605666660880424
08,17043,0.013617591927120257,0.3385322796865858
08,17045,0.0013450486331500566,1.6767273031579224
08,17049,0.0024049449203388668,1.2320624005366092
08,17051,0.0017326114516629412,1.3608586920421628
08,17053,0.0015352387479174924,2.7598737437075704
08,17055,0.0039077980430095565,1.0186130589753513
08,17057,0.0033754075470786436,1.069962122197872
08,17063,0.0015294503143410206,1.0051583776196715
08,17061,0.0018143852125549712,1.407249452331291
08,17067,0.002784591187663665,1.0692557472630924
08,17073,0.00291630347009266,1.045142212568181
08,17075,0.0034478571799840515,1.0142047827619571
08,17077,0.002196688207940392,0.9296706822675888
08,17081,0.0024829714515780905,0.9457298969606176
08,17083,0.0012799452142933428,1.0911035547715777
08,17085,0.0015045698330360588,1.2098279152803417
08,17087,0.00047757138339439575,1.663097795933287
08,17089,0.008122152091651938,0.4463552645160723
08,17091,0.003493926627644453,0.47227325816377175
08,17093,0.003875126606958659,1.0899171021969833
08,17095,0.002578791066300286,0.8272984159706895
08,17099,0.004976478411269195,0.6569901437730092
08,17097,0.007498760276682527,0.42909893689228995
08,17101,0.001961674411818075,1.4927638157996352
08,17103,0.0023126499360281443,0.9840590661944075
08,17105,0.0022372445684954315,1.01771856313785
08,17107,0.002209710777517183,1.021118625864483
08,17109,0.0014951212204290987,2.097559349558833
08,17111,0.007649886487450351,0.35569818566923633
08,17113,0.0025103717606368924,0.4698931019555349
08,17115,0.004931943356950395,0.419441198979996
08,17117,0.0035237633291615084,1.0429454350431049
08,17119,0.0065773282504933,0.45345161468448736
08,17121,0.0037300306166834093,0.9980867060688629
08,17123,0.002227452932006418,1.6338913309784204
08,17125,0.0023695683601154187,1.8858773626945817
08,17127,0.0009993884624463205,2.170663909987163
08,17131,0.0012053358188220935,1.7591527090376462
08,17133,0.001367640668494109,1.9931881813410197
08,17135,0.0024184375029198176,1.41257073777489
08,17137,0.0020467193962746925,1.0462905236716267
08,17139,0.0009728102965078068,2.015829045876214
08,17141,0.002073955956632721,0.9995526422141239
08,17143,0.005510053634701386,0.4882416333670576
08,17145,0.0016513507694667258,1.7680363488236654
08,17147,0.0008198231090684483,1.4608747602006138
08,17157,0.002171804300217046,1.1842477415342358
08,17149,0.002019618079081173,1.599770113780433
08,17159,0.0013060261345854073,1.6669086963563402
08,17161,0.004894045290560023,0.39893623526161676
08,17163,0.0049181951394205985,0.6253777255935413
08,17165,0.002625700832730165,1.4511312627174349
08,17167,0.004429753211165938,0.4476134364875049
08,17173,0.00213467516754051,1.3634620805516344
08,17177,0.002695367605732188,0.952629225682
08,17179,0.004559258360340213,0.6006862051684537
08,17181,0.001474811822990484,1.7328562163457424
08,17183,0.004511494963016112,0.5485438876619673
08,17185,0.0012153692978807955,1.8365276692760408
08,17187,0.001035857528834101,1.6768543376384435
08,17189,0.0013605061067100827,1.760430912812417
08,17191,0.0020330642779060647,1.80188840925917
08,17193,0.0016502551356598946,2.3871590432661867
08,17195,0.004556920552916358,0.6890035729510207
08,17197,0.009273909892979371,0.31419087069582413
08,17199,0.0031502952843676705,0.8544414503000524
08,17201,0.005240549989818273,0.38984103475801807
08,17203,0.0020866369879178467,1.192123225486685
08,18001,0.0017515585096176157,1.7155689666321254
08,18003,0.006710242363347499,0.37098316077228866
08,18005,0.0024041550971238427,0.7110948917028223
08,18009,0.001309374645909624,2.0397841640770937
08,18011,0.0018284198342941008,1.6251493872432612
08,18013,0.0010285071471036948,1.5148526989393278
08,18017,0.0019458286536566155,1.0477802535274041
08,18015,0.002421734027715089,1.2768462685553035
08,18019,0.0032644818375031654,0.625837347527054
08,18021,0.0016003156683774612,1.7563255756806506
08,18027,0.0019456938089531858,1.2388209246227317
08,18023,0.0015976513068876135,1.151023392190327
08,18029,0.002495446000367928,1.0646157600799477
08,18031,0.0015563697966816759,1.1890065625044859
08,18033,0.002144654651699426,0.8907605539401436
08,18035,0.0036495988731315397,0.4644434881158005
08,18037,0.002045280301504895,1.3816086752874175
08,18039,0.0051501814305619665,0.41465620727792296
08,18041,0.0021444700018422463,1.246557908681316
08,18045,0.0018276596539688016,1.7964975718218419
08,18043,0.002980710596743073,0.6088731016517311
08,18047,0.0012500793451674852,2.0605906037742865
08,18049,0.0015284069801989504,1.2651021618758431
08,18051,0.001896486647244621,1.342780535319014
08,18053,0.0031530050702159355,0.7705614086018375
08,18055,0.002478108338315077,1.385426055124453
08,18057,0.006574510297710601,0.4278514513781618
08,18059,0.0026223811128732867,0.9594192473099119
08,18061,0.0021529767460673373,1.5094195070742114
08,18063,0.0038361194987650434,0.5565203108670527
08,18065,0.003226789118845063,0.8721526529665024
08,18067,0.0031782177366192917,0.5798440824264168
08,18069,0.002690255222600482,1.0580172876584881
08,18073,0.0016886892560332653,1.163345386892586
08,18071,0.002207283373961201,1.2270407549545825
08,18075,0.00268042391426749,1.429072215159796
08,18077,0.0017056462412887846,1.3291391194570474
08,18079,0.0013435908948396928,1.2428521121902263
08,18081,0.0036350143807808905,0.6068764281158414
08,18083,0.0016135788780651792,1.0591634803068242
08,18085,0.003248505758993957,0.666719209060597
08,18087,0.002056300773621543,1.0759865053473059
08,18089,0.009158890478923045,0.47008605615953
08,18091,0.002691966211025435,0.4796391217631756
08,18093,0.002377623582948856,0.9262825467341831
08,18095,0.005017967191270488,0.4955137407785118
08,18097,0.011543468118006016,0.35168676028804496
08,18099,0.0024516113089250507,1.0579205611404328
08,18103,0.0018505850865408063,0.8208102377763953
08,18105,0.003573702523927699,0.5049354369671675
08,18107,0.0023132714476448257,1.199242538976627
08,18109,0.0028600815737131313,1.0771037212187864
08,18111,0.0010368467360543656,2.223027110433382
08,18113,0.00195398015542062,1.2000557735374802
08,18117,0.0022863223469064514,1.3264110961318176
08,18119,0.00180724852118576,1.3233752182766378
08,18121,0.0009798004454407221,1.7666593658888832
08,18125,0.0017238156039574997,2.480471855806531
08,18123,0.0012361159664634257,1.5407352325699608
08,18127,0.00310419281354765,0.4580190983555243
08,18129,0.0018177824364448486,1.4963769085381842
08,18131,0.001004523894672385,2.4461780504084847
08,18133,0.001291693945439111,1.0366276685216163
08,18135,0.002905624644958258,1.160066889724182
08,18137,0.001661470201742928,1.2398862464277667
08,18139,0.0014222934079793413,1.7587304256049565
08,18141,0.005845639912954956,0.3984705185484049
08,18143,0.0013493616268766453,1.4630415049673815
08,18145,0.0021128810027194593,1.0643059920923614
08,18147,0.0014774359515827467,1.818408927958563
08,18149,0.0023529019730007066,1.0231527033846737
08,18151,0.0019146850157909716,0.8718314759965112
08,18153,0.0008225525365630744,1.6188081118268818
08,18157,0.003371258291696502,0.5837147006983232
08,18159,0.0006914360816283613,1.8701446853172392
08,18163,0.005467189118779116,0.3392246770352715
08,18165,0.0015753790175587138,1.9416805694696697
08,18167,0.0029928097994010986,0.4504291093652146
08,18169,0.0020304039723865464,1.7114972545417813
08,18173,0.0023553569220419305,0.9117279949601412
08,18175,0.002029914544427202,1.1788750473780778
08,18177,0.002958866468480755,0.8057625405205298
08,18179,0.0021004272680998823,1.2137697588981207
08,18181,0.002269306785541442,1.0722721763957024
08,18183,0.0016416992669434833,0.9498327921322862
08,19005,0.0017684555172035577,1.481443038476509
08,19007,0.0016401716298279463,1.6536996792493033
08,19011,0.0020751485019119683,1.2329765158428518
08,19013,0.004366226711135754,0.5734166418409329
08,19015,0.0016054120123602646,1.3414119509973983
08,19017,0.00181088894187713,1.1772090828234982
08,19019,0.0017118699607666095,1.2022790917074768
08,19021,0.0013867149592720284,1.4182073000879731
08,19023,0.001932904052094797,1.4990233538019555
08,19025,0.0014401610961950837,1.686559579144361
08,19027,0.0016113125060469393,1.513571977124976
08,19029,0.0015788380718556993,1.6279143333670671
08,19031,0.0016235003293016174,1.4795706769391521
08,19033,0.002346807569108185,1.181170541821226
08,19035,0.0012009226960577042,1.8510478988543106
08,19041,0.0008732841840759407,2.0206576862254337
08,19037,0.001518642628368746,1.8672804095417193
08,19043,0.0023398250165320355,1.346474238092513
08,19047,0.002384227423404053,1.6849947314615337
08,19045,0.002834631190737502,0.996838513360004
08,19049,0.0017170625363189154,1.1104957299578737
08,19055,0.001087031196328077,1.8342176426117094
08,19057,0.0021719101647553287,0.879867870920057
08,19059,0.0013816899174477757,1.4973423802032781
08,19061,0.0027356245547647227,0.5732171021790816
08,19063,0.000977279117567352,2.2536569737823235
08,19065,0.0026656944773210895,1.600944767509738
08,19073,0.0014817392673094826,2.077801785044594
08,19067,0.0015625948754434652,1.9007843661972903
08,19075,0.0015667445272919025,1.8589951842983996
08,19079,0.0015151899251843362,1.878676887806668
08,19081,0.0013833062371724511,1.8710429439635812
08,19083,0.002634723486678917,1.5296456158385845
08,19085,0.002121511117520975,1.837070943205703
08,19087,0.0014513751819551933,1.4790073735782574
08,19091,0.0012994482960486478,2.4643912210780963
08,19095,0.001121908282738826,1.5153847862408178
08,19099,0.0022833787193209465,1.2206430928557308
08,19097,0.001948963434029214,2.32609425586916
08,19101,0.0007245826524812433,1.8759929380400788
08,19103,0.003554425303091132,0.5861806659934666
08,19105,0.0016216162587166995,2.0247954102023273
08,19107,0.0017508662146392914,1.9118007260800145
08,19109,0.0025964560052919436,1.6161803701723652
08,19111,0.002376585949196292,1.4281158838394132
08,19113,0.0047234255428011875,0.33154644022076146
08,19117,0.0017309942986293808,1.9137625384393486
08,19123,0.0019998367141313552,1.2545368073169012
08,19125,0.00123613204281871,1.7386954758743411
08,19127,0.002286014836960206,0.7998677314992807
08,19129,0.0013605540760560193,1.7591414703448067
08,19133,0.0016790334198971174,2.3558260757457403
08,19137,0.0013231216781431035,2.191531389200279
08,19139,0.0022261952680952455,0.936595814100266
08,19141,0.0011565487899475254,1.6633955485978231
08,19147,0.0013186040613154596,2.0174894014136795
08,19145,0.0022621714025814646,2.4485575492281075
08,19149,0.0017259712361039905,1.5147619848984728
08,19153,0.00484667197585978,0.33922724016823275
08,19155,0.004422100974725662,0.5693082859086431
08,19157,0.0015633372134812324,2.002773252318258
08,19161,0.0021539003747405314,1.823965982728048
08,19163,0.004137251921953757,0.4604477671239856
08,19165,0.0010717814599221524,2.231836259383097
08,19167,0.0018278692446495937,1.3738584845653836
08,19169,0.0035599995054042123,1.0000795048391147
08,19171,0.0022600144701898665,1.70182664927746
08,19175,0.0008976680820222367,2.2385060590649126
08,19179,0.0025410850886050263,0.8627338757736803
08,19183,0.001302043491705066,1.647578728652618
08,19181,0.0020960318052570255,1.2095776641821494
08,19187,0.002098441273159416,0.9447904467652848
08,19191,0.00123729246368038,1.6330832703398508
08,19193,0.002663697266409014,0.43644446120984665
08,19197,0.0017178973120581741,2.4245602564459676
08,20001,0.0018784550023113495,1.8715409445044329
08,20005,0.0008842195141227248,2.206857490051044
08,20009,0.0017114540769603472,0.984036428484577
08,20011,0.0013107774847864002,1.6436748145903857
08,20015,0.002285063947760765,1.1790618530749828
08,20029,0.0010865996768755172,1.9636656508899633
08,20021,0.0014699605959005572,1.5086123724413956
08,20035,0.002526231446469687,1.2932861342980988
08,20037,0.002446265161465048,0.9963612278103278
08,20041,0.0015331172685488052,1.517412922883571
08,20045,0.0033040304995664133,0.48632867364599713
08,20051,0.0012239665594716911,1.2525762686051354
08,20055,0.002492505935633287,0.8938680202886812
08,20057,0.0017559617199773344,1.0263798480188504
08,20059,0.0009521034757584252,1.5858622333043564
08,20061,0.0022718846638109546,0.9819658127200355
08,20079,0.002136538154715983,1.296647738196109
08,20087,0.0011402303335072946,1.902357150106351
08,20091,0.005234144391244364,0.30015772563954984
08,20099,0.0019445006999271514,1.1451139717547452
08,20103,0.0017408103115913317,0.8373120917324218
08,20111,0.0012761350683430858,1.1203461525011662
08,20113,0.0016243429865200095,1.7621454655841988
08,20115,0.0010687381515428948,1.5139100734576794
08,20117,0.0011810496468663359,1.5466578788276455
08,20121,0.0015835901138378842,1.075320652532434
08,20125,0.002903696852765183,1.1634706098385916
08,20133,0.0015875856649859178,1.8771158152757546
08,20149,0.0007983014169998032,1.282315767267733
08,20139,0.0017101324049435828,1.641064579574563
08,20155,0.0028009829764513326,0.6589281803737791
08,20161,0.003401543359816069,0.8300396564251534
08,20169,0.001648877715731643,0.881816914872723
08,20173,0.00771730628196407,0.3426525678205936
08,20175,0.0014652428650265574,1.5331827083161806
08,20177,0.00354926383062192,0.3591847244548559
08,20191,0.0017536079596953038,1.2125795454949162
08,20205,0.0015984272752032798,3.4849427630830676
08,20209,0.012376439211877746,0.3484007767049366
08,21001,0.0021562512073594765,1.085946491355695
08,21003,0.0014791114373116706,1.252942553232898
08,21005,0.001347925617404175,1.378177959475117
08,21009,0.002097986190035728,0.9050539173432335
08,21013,0.0024320508855393444,0.9465142185920301
08,21015,0.0025093101525496637,0.5422637541940812
08,21017,0.0014857673603957129,1.1776191181608247
08,21019,0.0024492172577237586,0.8308008555356274
08,21021,0.001359409263697072,1.1862631847272656
08,21025,0.003139936160533923,1.2036207199826863
08,21027,0.0017126219636320696,1.1631737555032988
08,21029,0.002533875899359022,0.7257850686108863
08,21031,0.0012110968115867,1.479207710039023
08,21035,0.0010805997831749025,1.076114025514311
08,21037,0.0019892589869807296,0.7911917641617782
08,21043,0.0014725489660302876,1.1416893603111247
08,21045,0.00138953667658769,1.6124086789132013
08,21047,0.003197339040711827,1.4805402910822898
08,21049,0.002115616748599387,0.8597577835152251
08,21051,0.0015098346062846187,1.0865530061522923
08,21055,0.0011793687616851872,1.848704110388536
08,21059,0.003254613278809624,0.6071965466700038
08,21061,0.0005341271721941661,1.622396149628117
08,21065,0.0011779590045893186,1.6457207192578356
08,21067,0.0038324329769585967,0.36029042398260847
08,21069,0.0012088077095699465,1.8932802625872058
08,21071,0.0024149119018866995,1.067659264513015
08,21073,0.0023997837337419482,0.8135424907826497
08,21079,0.0010400331045803673,1.7598017589681856
08,21081,0.0005324130842744412,1.795645635287345
08,21083,0.0021246042832495523,0.9217061063102707
08,21085,0.0017880273361169604,1.0305054726488037
08,21089,0.002417474637407673,1.33487453501188
08,21087,0.0011657815493780848,1.6461035527766488
08,21093,0.0026598438840174676,0.5112251108370546
08,21095,0.0031393621054635226,0.9978378140683707
08,21097,0.0013869607118538573,1.3633803757781202
08,21099,0.0016345429553015238,1.2609343156495376
08,21101,0.001769109251579716,1.0715696548513427
08,21103,0.00173890143698332,1.5778055323017224
08,21107,0.002718853970621189,0.893436839758322
08,21111,0.008192190521257768,0.48593941617681496
08,21113,0.0015995658908098123,0.8955200170459675
08,21115,0.0014200667277680368,1.28190139738519
08,21117,0.0036748881607778453,0.5750386852769636
08,21119,0.0015735189199101614,1.43876139778706
08,21121,0.002042829471731392,1.0538451254480825
08,21123,0.0006841583035132667,1.787846495366409
08,21125,0.0022712091878726694,0.8509750122587317
08,21127,0.001626129395583889,1.5994373327036293
08,21135,0.0009200338854635468,1.8085866178297074
08,21133,0.0014491996916500694,1.20329754916693
08,21137,0.0014133258391202173,1.1168331664647315
08,21141,0.0016911225194367941,1.1617245123932933
08,21145,0.002340077757466787,0.6663474807592444
08,21147,0.0008542737940017955,1.7035105339649732
08,21151,0.00204276323591309,0.8807327276535637
08,21153,0.0007745946515996745,1.7563736982689377
08,21155,0.0012520765399158212,1.237572954931636
08,21157,0.002032750923651526,1.3111098805839092
08,21161,0.0011860782268841628,1.4101952016135082
08,21163,0.0012237600933846745,1.5522575780171308
08,21171,0.0012334663793881866,1.765238402646485
08,21167,0.00149256972843063,1.6439666581625252
08,21173,0.0013415868588798271,1.3413463829936527
08,21175,0.0018693632923702608,1.6372810439940946
08,21177,0.0023889307769239527,0.8561312595498856
08,21179,0.0016901823490640272,0.9278508446403295
08,21183,0.0017701309847989132,1.0749709749937777
08,21185,0.002944786731247441,0.8388036174065481
08,21193,0.0014346804838934965,0.9697160723110937
08,21195,0.0045917318464247445,0.6743262160845881
08,21203,0.0010362485412853757,1.696072732714195
08,21199,0.0026957922310574408,0.7596904995848638
08,21205,0.000705835376746977,1.5013744879169606
08,21207,0.0011270755675978265,1.5971574101834745
08,21209,0.001953627025700689,0.8138877312736074
08,21211,0.0011417453068400002,1.5341006931707608
08,21213,0.0008401778035589806,1.8181460225761126
08,21215,0.000895197516651486,1.8743166155192115
08,21217,0.0011817741405015943,1.3971435354345971
08,21219,0.0010362446716472178,1.9494646959084008
08,21221,0.000726172904536391,1.5740372457791354
08,21225,0.0006861327642489085,1.8763762846284906
08,21227,0.0026260133580643884,0.6242796324992399
08,21233,0.0011332919410495359,2.0891469687777784
08,21231,0.00120915751304968,1.5202893474183468
08,21235,0.001593073159152938,1.6092557423927427
08,21239,0.001728341944570031,1.0574581783998251
08,22003,0.0012536528801954207,2.422566092372576
08,22001,0.0031145215835726462,0.8194800161042805
08,22005,0.0036651988736762097,0.7965526675225229
08,22007,0.0020428175438773335,1.2027964327229754
08,22009,0.0023056427227074153,0.828270254240162
08,22011,0.0020832190338383435,1.2045506879232655
08,22013,0.0017661658450113563,2.08638912021953
08,22015,0.002830681283316311,0.5719047091454327
08,22017,0.00628736565550338,0.3714026560293995
08,22019,0.003736311282403374,0.3504178953604424
08,22027,0.001755212754924901,1.7748448203663623
08,22029,0.0011742726269355975,2.02166372320859
08,22031,0.001995901784128664,1.1428141370380323
08,22033,0.005622752177303571,0.45746363089782005
08,22037,0.001313131366235563,1.6480707504742635
08,22039,0.0021047629544547267,1.32447347805871
08,22041,0.0017483217415001214,1.7040559129265107
08,22043,0.001228390206256894,1.4331163351185923
08,22045,0.0026568518152429174,0.8449012673967278
08,22047,0.001424492672452387,1.3916907748697733
08,22049,0.0014072933607970487,1.6940381776481073
08,22051,0.008371764824654165,0.34445733074897855
08,22053,0.0017854980553695752,1.1971504844014689
08,22055,0.0034708251914952904,0.41760462696234346
08,22057,0.004073847166113804,0.8561102978725168
08,22061,0.0024688721550132184,0.8945063772174612
08,22063,0.004166879064103063,0.7153204298188315
08,22065,0.001524020311783776,1.9012535844480938
08,22067,0.0019539849254220725,1.3056611065322135
08,22069,0.0020057878299452776,1.207551090638445
08,22071,0.02402771698487976,0.4314951918411903
08,22073,0.004196004515082112,0.4108392961237287
08,22075,0.002178213197344843,1.9067628618726835
08,22077,0.0014192156717021001,1.9362145623568752
08,22079,0.00444951518328371,0.33102851033726133
08,22083,0.0014416486855314474,1.525034145636147
08,22085,0.0020860042898367607,1.2756962503683038
08,22087,0.0038529271857966458,0.594698854639642
08,22089,0.0017949302355696796,0.7800933097852155
08,22093,0.0020268030211579927,1.1010655767155124
08,22095,0.0017068654383535433,1.0327776269613906
08,22097,0.004359519290255872,0.6896518184756488
08,22099,0.002097261776175761,1.0336717041657921
08,22101,0.004468845262345191,1.3851705511573604
08,22103,0.004409555053414929,0.45265369733783484
08,22105,0.003645359364922422,0.6361339794480669
08,22111,0.001835578602688349,1.0875911844714745
08,22109,0.003951837412616373,0.7512215248329334
08,22113,0.0025884860823423717,0.9570538977135611
08,22115,0.003162120869013549,0.9524613048160926
08,22117,0.002663178248422691,1.1514610391846614
08,22119,0.0024292657206665433,1.3949706889342663
08,22121,0.0009962607981554542,1.7555616014383149
08,22127,0.0008841622835388074,2.2968846196550277
08,23001,0.0034899227862213974,0.5875245019071457
08,23003,0.00789370257162539,0.8044898762579734
08,23005,0.005019553922723006,0.7129038119852166
08,23007,0.0021147070737985462,1.193046523641084
08,23009,0.005524484969288306,0.7733559695429277
08,23011,0.005735104527139883,0.585149241586422
08,23013,0.002332689778130013,0.9752482368769331
08,23015,0.0025549011108934837,1.475544038840609
08,23017,0.004422570137638771,0.709156408751414
08,23019,0.006132247795884359,0.5588761130260034
08,23021,0.0030670930124379785,1.1167257363195249
08,23025,0.004420390364675896,0.8406006247475816
08,23027,0.002310912635849229,1.060378557686739
08,23029,0.004796284559702084,0.8308229863508547
08,23031,0.0040090328998309095,0.43654515254445286
08,24001,0.0039438943031879226,0.6065453717009461
08,24003,0.006322056382658808,0.32139247730565523
08,24005,0.009775639935328666,0.40151743354510616
08,24009,0.0033343578213155204,0.9429456758471553
08,24011,0.002217086108709852,1.0698238534335662
08,24013,0.005985125983326844,0.3700822122472615
08,24015,0.003142510451517497,0.7804418210367711
08,24017,0.0040063930014928376,0.4695473975651236
08,24019,0.0017147825486257572,1.1686924789111874
08,24021,0.004447702824841592,0.4195199633225453
08,24023,0.002243461200411457,1.0119890396564475
08,24025,0.005403740784458426,0.3775735969632531
08,24027,0.007513707777710836,0.41996579905904136
08,24029,0.0011380073378437358,1.5407511964593288
08,24031,0.011492460516576541,0.3655920660017832
08,24033,0.013793682704986689,0.407201056072727
08,24035,0.0022588414779759944,0.986009417871439
08,24039,0.0016447120223496928,1.5154895303160623
08,24037,0.0030514832308795523,0.8546219035593121
08,24041,0.0027656202955307556,1.3898941589910487
08,24043,0.0032395856808336977,0.4080847852933511
08,24045,0.0027532996850670724,0.6081520355614535
08,24047,0.002843941764943226,0.8873578931785401
08,24510,0.018950321641507485,0.40860782781551014
08,25001,0.011621761792236134,0.4488199189629223
08,25003,0.007065229598342599,0.5539508857631028
08,25005,0.01056121412072872,0.5725920783803783
08,25007,0.0010508883881602223,1.9924320733608138
08,25009,0.008682705949484388,0.40519969323011945
08,25011,0.004844773039184676,0.9993965848269357
08,25013,0.007931886763434159,0.32132824284250067
08,25015,0.005400664713409421,0.6059859730444893
08,25017,0.013051014214761621,0.6600136316801375
08,25019,0.0008849355069276841,1.598704288283905
08,25021,0.012366518266749794,0.6455897128274782
08,25023,0.00756470430393434,0.48861891857978634
08,25025,0.022631970564493276,0.4494292077451384
08,25027,0.009923913084217272,0.3418188379893757
08,26001,0.0034289655873687773,1.6117924908896935
08,26005,0.0037550882562266833,0.7543926130013071
08,26007,0.0028383529454758588,1.064794863557426
08,26009,0.0029253731765955305,1.2789336721977504
08,26011,0.002356533920843984,1.5536962662170668
08,26015,0.0027580720410085914,0.8643761687252132
08,26017,0.0038708714549661734,0.5241137175027271
08,26019,0.0018772342785098063,1.5780499198560274
08,26021,0.006227155597823724,0.4167177428219939
08,26023,0.0033434833887045733,1.2808521586304589
08,26025,0.005129741347322589,0.4795068813241417
08,26027,0.0030752016495587463,0.8840069745772486
08,26029,0.0041322574755164425,1.0763270311864512
08,26031,0.002930279971630295,1.137817213705595
08,26033,0.0020147109194007503,1.9551624533818956
08,26035,0.0035904403687188466,0.8567088404216299
08,26037,0.0028230483745667343,0.6272703356753478
08,26039,0.0020336005940421414,1.375712909063944
08,26041,0.0027183077051965883,2.1459144549815754
08,26043,0.001979471403026241,1.1638201078619155
08,26045,0.004379376119785285,0.7019566042786399
08,26047,0.001686062865482255,1.131734138325156
08,26049,0.012716037915356077,0.42548405232807335
08,26051,0.003314160015976898,0.9957350464862784
08,26053,0.0024894776949374044,1.4783063153751623
08,26055,0.0028830375735560887,0.6405864405132237
08,26057,0.00264021748781249,1.1432871395241186
08,26059,0.0027923828748360213,1.0773254904233203
08,26061,0.002399272521668629,1.0057011909503344
08,26063,0.004468803177953923,1.0832025924768791
08,26065,0.007551987001906836,0.5681208542752524
08,26067,0.0019064544231002793,1.1934638362552652
08,26069,0.00433556233468775,1.0183929701097605
08,26071,0.0027973364080470893,1.4964586991544075
08,26073,0.0026128884450645133,0.9091895023197584
08,26075,0.00365225564775511,0.5655331626101842
08,26077,0.0041517735687065455,0.3584146702546232
08,26079,0.0013327388968940976,1.3656670061981762
08,26081,0.007542057601853791,0.3483044053154814
08,26085,0.0018951675062767123,1.654853119870778
08,26087,0.0043517754539222405,0.7728364230144464
08,26089,0.0027011436910686086,1.2924774932534413
08,26091,0.003561471956672965,0.7635762582993966
08,26093,0.010178786176388283,0.3445736263686595
08,26097,0.0024970605450665468,1.5712239148258311
08,26101,0.0034011149733183055,1.3288786170961482
08,26099,0.014265816584692953,0.4188590821299619
08,26103,0.003490006876013543,0.9200245468489122
08,26105,0.002442989719270959,1.424110742352356
08,26107,0.0016101187896713145,1.5922820260986448
08,26109,0.0029552434675477308,2.2880323377736884
08,26113,0.0016662795934538322,1.7680698849566658
08,26111,0.003143199209454986,0.6876035019286337
08,26115,0.004152483037983201,0.4926767648277735
08,26117,0.004021498883705066,0.9967094910167795
08,26119,0.0026825888052433673,1.8021069083905674
08,26121,0.00399138938752073,0.41608127825570507
08,26123,0.004464604665962434,1.0549791996640414
08,26125,0.014700644030605744,0.266057450805709
08,26127,0.0017117464258956626,1.0166962244910225
08,26129,0.0031126605631752965,1.1610366213253407
08,26131,0.0009894606659333976,1.813461479577945
08,26135,0.0026957130954245335,1.6873009228492406
08,26133,0.002882983785504159,1.2329224315562481
08,26137,0.0017956782650372447,1.1416614400851959
08,26139,0.0047062482464411415,0.4969946123567741
08,26141,0.0030400031733359427,1.421793518473885
08,26143,0.0045797482105469816,1.0805759817576688
08,26145,0.006278659077548639,0.40261689600188166
08,26147,0.0067746086464558295,0.5420927049990236
08,26149,0.003889975470713141,0.8034219342306242
08,26151,0.0036259991457163626,1.0857562381167396
08,26155,0.002995558749263494,0.9126318002197847
08,26157,0.004769806533272328,0.8356108270313313
08,26159,0.0031703496136645136,1.4179542861183132
08,26161,0.005495030596780708,0.43316776740212776
08,26163,0.026994137053828082,0.43030795261257837
08,26165,0.001879239590674772,1.2685583910035299
08,27001,0.003479546579139945,1.2601391232486039
08,27003,0.009981931046361987,0.4167351940365637
08,27005,0.002957778199900055,1.1132646681351424
08,27007,0.001692922682661024,1.191741022635162
08,27009,0.0015599841446790226,1.2130704277575726
08,27013,0.0021093193128042848,0.7716062729943367
08,27015,0.0019326243680015912,1.6951794272295775
08,27017,0.0014914225508424988,1.1714753864556466
08,27019,0.004071692241175327,0.7384296436284983
08,27021,0.002896607913865215,1.1345119314636813
08,27023,0.0011311091681091444,1.883318731258078
08,27025,0.0027936563481658423,1.0803499294435095
08,27027,0.0015482088793959542,0.8929611716463138
08,27033,0.0013108880217981152,1.738687349813692
08,27035,0.0032496633999356613,0.9037186486388578
08,27037,0.005711134013749924,0.3567972189695238
08,27039,0.001866844124771792,1.412841979720955
08,27041,0.002501464385677089,1.0702966297941965
08,27043,0.00317675977740441,2.1482621651185143
08,27045,0.003079731364565422,1.2767916595617426
08,27047,0.003475044905049777,1.1946063075428128
08,27049,0.002594929099227742,1.401830429734315
08,27053,0.009847299133394098,0.4080549511793637
08,27055,0.0019270823476248372,2.009595584934748
08,27059,0.0018023525153157572,1.062120219544571
08,27057,0.00316634861611137,1.8016378847818373
08,27061,0.002895642293524399,0.991025397386744
08,27063,0.0014983281844128094,1.9149348080458446
08,27065,0.0012571117070737836,1.973545105787745
08,27071,0.0008062170280928089,3.838755348614197
08,27067,0.0024117162454162103,1.2797351991961539
08,27079,0.002104617293788382,1.1963877210705316
08,27083,0.0019751696313068247,1.2430487882330732
08,27085,0.0019496517653719203,2.565934827868041
08,27089,0.001956840632459755,2.0019379468740532
08,27091,0.002357443659690647,1.3077733730728112
08,27095,0.0016111146848017438,1.6388358520226165
08,27093,0.002269155874548737,1.383641892269994
08,27097,0.0027178828331252537,1.6635808965934373
08,27099,0.002685510306049248,0.9715031005241374
08,27105,0.0015143364241622798,1.5100196923156917
08,27103,0.001273416581918074,1.838889713282016
08,27109,0.003512058196232271,0.36326220510147583
08,27111,0.005510423239682617,0.8077699295022033
08,27113,0.0015570630557859846,1.5065595976468324
08,27115,0.0026415906608042183,1.2493525429968018
08,27117,0.0023277977288522493,2.105671822104847
08,27121,0.001768073564285971,1.8015588614316682
08,27119,0.0021930928260526627,2.1458668796982097
08,27123,0.005629701018374016,0.3334036977198938
08,27127,0.0026607351222957274,1.6807659696921597
08,27129,0.002896076487825142,1.3612265948716578
08,27131,0.0014896284314488359,1.1905595808145322
08,27135,0.0018602415298446622,1.4805510659257768
08,27137,0.006938014801330913,0.6603055013967346
08,27139,0.004039701884535926,0.5794000810997224
08,27141,0.0032357658984031863,0.9284622241184773
08,27143,0.0016604280195699395,2.041413014060598
08,27145,0.002871281445448421,0.6438900943295887
08,27147,0.0019054211281809795,1.0771676508411827
08,27151,0.0015108589329098376,2.5088752544479536
08,27153,0.0028576088636768126,1.165307697821536
08,27157,0.002173075566536859,1.023503461044887
08,27161,0.001363949952548852,1.67470152859532
08,27163,0.0038167822642609464,0.59785654456646
08,27169,0.0016927332519942463,1.063841294368423
08,27171,0.003658010994016088,0.8709450486986791
08,27173,0.0016328572505882938,2.069490300491568
08,28001,0.001971274167600031,0.9995980925938738
08,28007,0.00210351402660536,1.3757841894199239
08,28003,0.0018837771559959751,1.0782680434451084
08,28011,0.002404888049083595,1.3728199845193494
08,28013,0.001767245259424346,2.1620998961481623
08,28017,0.0009756750015375557,2.011614748091067
08,28023,0.0010317716938138136,1.9296234121502742
08,28025,0.001354609022594655,2.205308033964349
08,28027,0.0019695724890567527,1.5975770579853463
08,28029,0.0016251097125798077,1.2468367270601872
08,28031,0.0008025054107586625,1.8072319022263112
08,28033,0.0038291936838282235,0.48787068614010315
08,28035,0.0022781677921045783,0.5532996662797869
08,28039,0.0012889294146282996,1.6924081891984644
08,28043,0.000950902723240425,1.4846127490538865
08,28045,0.001190553376061803,1.0948240929679995
08,28047,0.003412331383096273,0.3931824421344262
08,28049,0.007744751023178114,0.3747828052920595
08,28051,0.002008745499430021,1.351695232378579
08,28057,0.0013256850609169256,1.530270175204647
08,28059,0.003110446145568086,0.9031431322575739
08,28061,0.0011275725894236489,2.0551778126632447
08,28067,0.002357325506906418,0.8953891468237003
08,28071,0.0013909151556067295,1.125472975698619
08,28073,0.0019131119529776832,1.0900860974098854
08,28075,0.0025446709992674225,0.8137016496723561
08,28079,0.0010873759108566547,1.6047333181669068
08,28081,0.0029024635064518016,0.6537594535850748
08,28083,0.001781280739549996,1.1007013396358887
08,28085,0.0014949815577849593,1.435583270035622
08,28087,0.001967066120449923,0.9298051459439838
08,28089,0.0018231319674145063,0.6890944780315065
08,28091,0.0015814132085302255,1.572189845826425
08,28093,0.0013655403174883953,1.6608485172986023
08,28095,0.002571852184379761,1.2987509408296694
08,28099,0.0017950140998043516,1.181160171675166
08,28101,0.0013337060794085746,1.8045244172959187
08,28105,0.002304572172458407,1.0758221410747344
08,28107,0.0019036868533704526,1.3538731189474615
08,28109,0.00200667179851781,1.1310696561498292
08,28113,0.0020341499601556263,1.0390313349821527
08,28115,0.0019286396395036172,1.058358539021209
08,28117,0.0014433995049514343,1.6206277658294301
08,28121,0.002882256216196665,0.6552747222410992
08,28123,0.0017674109172768485,2.4532783866147416
08,28127,0.001408172185410578,1.4553625118505003
08,28133,0.0016485776248746436,1.5914653918545825
08,28135,0.000956584072507533,3.0405255815457486
08,28137,0.0013835519398776412,1.8651309771578266
08,28139,0.0009252606568982846,2.017642284391124
08,28141,0.0007652090269509571,1.7165431251141532
08,28149,0.0027332142708858254,0.966107921525929
08,28145,0.001911459079327225,1.080395443613684
08,28151,0.005017589782312364,0.7763553322329018
08,28153,0.0011926582088858657,1.74373806699105
08,28159,0.0016111661979899346,1.5596880575841534
08,29001,0.0011062693302798746,1.2384218634008801
08,28163,0.0015376075391685608,1.3424210768627138
08,29003,0.0011487798436223048,1.7028568853467165
08,29007,0.001881343171680952,1.1545856470880334
08,29009,0.0014427709255408344,1.2774395628020854
08,29013,0.0010024715054378986,1.5969112386043944
08,29015,0.0018496026685716428,1.3383257999583782
08,29019,0.0032492431331257662,0.5715465018878556
08,29021,0.003748423969896722,0.4832480697156485
08,29023,0.002025098306308039,0.9019610781165417
08,29027,0.0016340483736938763,1.2208286218234061
08,29029,0.0029125198360542594,0.9568209551936266
08,29031,0.0020556735984780116,0.9478199758292271
08,29037,0.0028317731003594444,0.9315811275449916
08,29043,0.00398658794997163,0.8291781770163317
08,29049,0.0009064083230931445,1.8097006969265639
08,29047,0.003981475594134704,0.44362982871417217
08,29051,0.002108747619881215,0.753036330990886
08,29053,0.0011171036579357158,1.6394820958312633
08,29065,0.0007343178111965171,2.3415219878897684
08,29055,0.0012605649212208685,1.1855959173569455
08,29069,0.003066876621662768,1.3370360376382817
08,29071,0.0036959041139278483,0.9164848029507384
08,29073,0.0015621391454962556,2.3732069793427524
08,29077,0.005192090647319351,0.41909538840322785
08,29079,0.0009777385159574531,1.8186548135916112
08,29083,0.0018943502575249095,1.575952097495428
08,29091,0.0026762841321154394,1.1913404020436493
08,29093,0.0013889776558440147,2.1148086042845415
08,29095,0.00756566061103077,0.4898936628048793
08,29097,0.003188317523851062,0.6045790829465513
08,29099,0.007857364090164782,0.46286717485338336
08,29101,0.0011234942743003273,1.8282306091840441
08,29105,0.0015432500233560442,1.5248520941752495
08,29107,0.0018368523330537121,1.437408073295753
08,29109,0.0016191129557671102,1.6483184198535625
08,29111,0.0012764177218218865,1.924335207697595
08,29113,0.002677861516747266,0.9191957442415045
08,29115,0.0016679360973819999,1.728676076858391
08,29117,0.0012327104742043274,1.703366105705295
08,29119,0.0011591243574406293,1.8118754486605104
08,29121,0.0016629241851386042,1.9323787096971803
08,29127,0.0019272369633983176,1.7524189592295834
08,29131,0.0013295076168018444,1.5510752183502965
08,29133,0.0008464892781299155,2.7218750895957213
08,29135,0.0009418884262784542,2.117080026859374
08,29139,0.001238217720646178,1.9837814984335964
08,29141,0.000986134569452315,1.512411691915616
08,29143,0.0020714471592663984,1.54838563120701
08,29145,0.0031246434919014387,1.0607085366417126
08,29147,0.0007256975673019803,2.1253662043836994
08,29151,0.001162766438474271,1.9640436128773562
08,29155,0.002341874180238741,1.5877886210251844
08,29157,0.0015917146141917278,1.6415932739883994
08,29159,0.0020905106485469382,0.8988903309250829
08,29161,0.0014091375165364095,0.9723518474662208
08,29163,0.0011692619444040177,1.7514589373941576
08,29165,0.001487259342401916,0.7316888440818732
08,29167,0.0011818243812257013,1.6640852356622176
08,29169,0.0017381067160896872,1.193593438419318
08,29175,0.0015305429996694904,1.200646551331792
08,29177,0.0011188172404635055,1.6807898010109272
08,29181,0.001227851862050323,1.9400875778203435
08,29183,0.006686707060019563,0.4681083322865046
08,29186,0.0009807517764803904,1.9783881328324227
08,29187,0.00227232825002954,1.258729700721306
08,29189,0.011055374199493566,0.3653612206034509
08,29195,0.0025358501850228626,1.2622752805885242
08,29201,0.002166556791285448,1.3807871203002988
08,29207,0.002569152690857756,1.2198058759201171
08,29209,0.0018331905324348997,1.2489475308271074
08,29213,0.0018271721176803593,1.0517333353206797
08,29215,0.0013913514599707896,1.726121104960823
08,29217,0.0016962385588651357,1.59520924584487
08,29221,0.0016288130134571265,1.3930148885398481
08,29219,0.0013733413382374326,1.6366794826325384
08,29223,0.001232718553975885,1.831548083794607
08,29225,0.002038137895429301,0.9108689251023542
08,29229,0.0011337855262300539,1.6704408369843544
08,29510,0.011568289692662876,0.5081861385976608
08,30003,0.00195820688668136,1.3867560463182287
08,30005,0.0014442705826603727,1.70180846184475
08,30009,0.0018192374416583204,1.5182049478335757
08,30013,0.0021580358639610112,0.4616808424009731
08,30017,0.0018382109442459083,1.4557204427496353
08,30029,0.0028127336794504234,0.8421673082929573
08,30031,0.0019835848392913656,0.6694277500441759
08,30035,0.0003841598277277719,1.798007305813896
08,30041,0.0009496510730782017,1.39688028532386
08,30047,0.0016264336938556902,1.36675551361329
08,30049,0.0018523299790795735,0.8698145233349267
08,30053,0.0014766693110439806,1.3737940144150014
08,30063,0.0023353096466954895,0.6252784798468367
08,30067,0.0009261482671683716,2.3299310272512788
08,30081,0.0023794557740526214,1.0069543698940537
08,30087,0.0007971866425656955,2.2155657267798348
08,30083,0.0009705388631558738,2.4097153560274824
08,30093,0.0014680183582858265,1.2394687652626677
08,30111,0.003252061689163025,0.5395386139392687
08,31001,0.0016030651928957932,0.9516426976678913
08,31019,0.001924874050334445,0.9961398715938924
08,31025,0.0018626812507791023,1.6631858059694649
08,31041,0.0012748092585511293,1.4669918525676588
08,31043,0.0007236376345288451,2.329497819325034
08,31053,0.0019045654341534512,1.3792188372020475
08,31047,0.001435300939449403,1.890941524073238
08,31055,0.006972565395211939,0.4018129565503259
08,31067,0.0019874263746713218,1.1999710631258442
08,31079,0.002171056530277171,0.7306446999072859
08,31089,0.001229591681790677,1.7473789797447665
08,31109,0.004284146989042361,0.4014290026523392
08,31111,0.001761379979404595,1.2585167335678331
08,31119,0.0015606773768601654,1.0952699430430413
08,31131,0.0014972187678667975,2.5597047216044997
08,31151,0.0008231010909434766,1.6457494960692105
08,31141,0.0016465461606171364,1.2901727525529867
08,31155,0.00144469693822866,1.550056464733505
08,31153,0.004142858279540421,0.5177011756476098
08,31157,0.0020225922016387735,0.9132121475407313
08,31159,0.0009092982572369263,1.982602609944879
08,31185,0.0009328804748028097,1.8621063675709686
08,31177,0.0011474514004404597,1.9669727110551247
08,32001,0.0009505767954270634,1.217622282557381
08,32003,0.016104194083331882,0.28735667532432607
08,32005,0.0034085858424474963,0.9046975029265802
08,32007,0.001895310406039023,1.0584596518054061
08,32013,0.0005729715648910725,2.5692488072499393
08,32019,0.0012606861577145957,1.2155085758634878
08,32023,0.0015979587673998822,1.4638461082924872
08,32031,0.004968471066075091,0.32591591207066467
08,32510,0.0014883027938623048,0.7819342097960406
08,33001,0.002828119046703435,0.7571513519862987
08,33003,0.003497477059791345,1.0298180953379366
08,33005,0.002647554047989586,0.859745831754207
08,33007,0.003812938417000347,1.0719710575091494
08,33009,0.003994380702697282,0.7878821358336204
08,33011,0.0051410432431698485,0.4734623275559728
08,33013,0.004669752634761565,0.40976760050628636
08,33015,0.0071190115220188446,0.5262423471856664
08,33017,0.0016156677249527344,0.659366895384929
08,33019,0.0019899951871448877,1.0678464492055946
08,34001,0.005154004214214995,0.5561834086993964
08,34003,0.01580192081696105,0.42176563809862155
08,34005,0.009329524636382258,0.3876446731585008
08,34007,0.007025134164053615,0.3372239613135474
08,34009,0.006462292347358156,0.5593928943137915
08,34011,0.004155100580522776,0.48630565714122725
08,34013,0.016150094281970725,0.4768603483285469
08,34015,0.006892480225457064,0.2963556732980947
08,34017,0.018116716023133937,0.37660750754081285
08,01001,0.0018582357247031607,0.8982397963410508
08,01003,0.004083378430121847,0.3976307629170278
08,01005,0.0025740190513854565,1.0210368070959774
08,01007,0.0008624015847762774,2.044935050573132
08,01009,0.0024414809738978038,1.1342208992001908
08,01013,0.0027310324349838523,1.1009396931643132
08,01015,0.004399594207897425,0.41196885703976743
08,01017,0.002238466007604651,1.3016367137045866
08,01019,0.0023331315860203442,1.1584054310372767
08,01021,0.00222568876816248,0.8501038189364236
08,01023,0.0012672631367423026,2.0529475227390233
08,01025,0.003141945077120976,1.2588703948659155
08,01027,0.0010724936355541869,1.8244758184965753
08,01029,0.0010133893510646716,1.7562463110494
08,01031,0.0033917839759099334,0.8768778781189169
08,01033,0.002609979537845841,0.8585320418251919
08,01035,0.0015005797279603935,1.4903680402489519
08,01039,0.004023101860616805,0.9349769737113455
08,01041,0.0023570916080113305,1.2695113801835651
08,01043,0.004355735037714671,0.7286980686797745
08,01045,0.0025116177752491373,0.7836894429635556
08,01047,0.003270598802628391,0.7444209234933531
08,01049,0.003271869501413966,0.833177831652545
08,01051,0.0025606055661693884,0.8824433578027214
08,01053,0.0020812946510021585,1.2089529940423425
08,01055,0.005080151568094564,0.45751412181062207
08,01057,0.0015424855772671181,1.6471767671939017
08,01059,0.0023110279354946616,0.981825031172494
08,01061,0.0021486270183880365,1.4966627006424131
08,01065,0.0021125943237767634,1.4673936820101263
08,01067,0.001604640420906211,1.3248445506526272
08,01069,0.005281254534583647,0.4301318350366845
08,01071,0.0030358046334010335,0.8156624468610095
08,01073,0.00931187002770773,0.3423860648804527
08,01077,0.002747347648115528,0.7174580747957192
08,01079,0.0023503409965721007,0.8557737864588317
08,01081,0.0032403287160528505,0.8099750675355539
08,01083,0.0022904803926353744,0.7336147510063458
08,01085,0.0013046067744781804,1.792094811291214
08,01087,0.004283767032285703,0.942715763920189
08,01089,0.0036337646689469922,0.36962121126262076
08,01091,0.0016491168643904376,1.2183286955919455
08,01093,0.002274762778729327,1.150877139621326
08,01095,0.003582150941550605,0.7249369109341365
08,01097,0.008851861768215225,0.4370556256106205
08,01099,0.0020972237424081133,1.034439373357614
08,01101,0.0063636285642574356,0.38213574377960025
08,01103,0.0035887434917123936,0.49717781368349473
08,01107,0.0017310882032459624,1.5543632931834923
08,01109,0.0016670156882838106,0.9207487568568677
08,01113,0.001801434732158072,0.913115903579775
08,01111,0.001889257632630231,1.21905490256357
08,01115,0.002555763643914384,0.8351419012838175
08,01117,0.0034916413317901654,0.3621682073099489
08,01119,0.000908602540964515,1.9323125943407429
08,01121,0.004237260364418299,0.7922494512905182
08,01123,0.002186922770993392,0.9613339677172414
08,01125,0.004516791688509404,0.4052030692305985
08,01127,0.0048839596914559,0.7360259625124154
08,01129,0.0014997362800517901,1.6674101862944515
08,01131,0.0009862991575520436,2.0924476632224485
08,01133,0.002017663281970413,1.3910355580773093
08,04001,0.0052286093825540236,1.3444051758037237
08,04003,0.0037963081465765994,0.5925543787325667
08,04005,0.0026621281457413566,0.7363490520337082
08,04007,0.003699110960448354,0.9520549326626578
08,04009,0.0014376086507738477,1.0590450534223315
08,04012,0.0036448066109807968,1.058017330744535
08,04013,0.014127712336918981,0.2877081580914782
08,04015,0.009350843142484046,0.5534850117769397
08,04017,0.005951676789455824,1.0995172362654337
08,04021,0.007123405694746988,0.7136497841551678
08,04023,0.0016709856218604755,1.0351944649774858
08,04025,0.008508339734468733,0.5446827716485252
08,04027,0.008187997057486915,0.6740613805349837
08,05001,0.002467458905143598,1.3321885136116436
08,05005,0.00328496548211473,1.035585105262243
08,05003,0.0017291210587311245,1.1375382289955673
08,05007,0.00378252040104494,0.40399955055864767
08,05009,0.002304916300738007,1.0966065221926429
08,05011,0.001863976944165546,1.636883615494158
08,05015,0.0009510694645469937,2.7791379075195652
08,05017,0.0015683930624901365,2.6182986967957866
08,05019,0.0012614659588602154,1.56019828830556
08,05021,0.002366953999946773,2.255414936140333
08,05023,0.0020272794409456852,1.0225623748214052
08,05027,0.0011887153460336196,2.184460160989858
08,05029,0.0016422110775197378,1.3375021793170263
08,05031,0.003492881352242803,0.7326854600191477
08,05033,0.002066548159358974,0.9251631626069684
08,05037,0.001982471323768973,1.2643060703548281
08,05035,0.004126480482250401,0.5940669931514806
08,05041,0.0015435146181700973,2.0028922093020194
08,05043,0.001098969647569243,1.5823015709368367
08,05045,0.0030875502696324545,0.6046565798431159
08,05053,0.001255398698206911,2.8607885754962337
08,05051,0.0030828109853436505,0.5356182588402612
08,05055,0.0014709192406465732,0.9616757106114145
08,05057,0.0011287248572016035,1.498575470487165
08,05059,0.0016680924760867106,1.122257836456199
08,05063,0.0016658720632903466,1.131013289032113
08,05065,0.0012777826702617574,1.865720649103343
08,05067,0.0016041015388698998,1.4238176617157194
08,05069,0.0038518560200375756,0.4922588252410685
08,05075,0.0017227474903315492,1.6104965523810504
08,05071,0.0016564438692376418,1.153306544451459
08,05077,0.0010930206665722012,2.000204173363582
08,05079,0.0008333462056776508,2.187884174508222
08,05083,0.0022611633317350657,2.6471750660870277
08,05081,0.0011236887007535384,2.14321540349054
08,05085,0.00230272931220839,0.7834983314418498
08,05087,0.0013741886348252028,1.8672199985527231
08,05089,0.0011896994356586604,1.823029695499181
08,05091,0.0019366328226023087,0.8470223184841382
08,05093,0.002490423542547953,1.1199582838617002
08,05103,0.0014380811549166083,1.1669716876490575
08,05107,0.0015253375047918404,1.36209872436792
08,05111,0.001933359342853985,1.6495200762210802
08,05113,0.0016016642072843243,1.0038277854727227
08,05115,0.001963645160234556,0.902414614936382
08,05121,0.0011166282495866464,1.7477875465684105
08,05119,0.005403206881340067,0.29127451539267996
08,05123,0.0012808928937244164,1.4665754627466114
08,05125,0.0038146422120229452,0.4864300211103824
08,05131,0.002968844290606879,0.5317821474446738
08,05135,0.0010614807246060636,2.048693173474282
08,05133,0.000959229547865762,2.2642760303633214
08,05139,0.002428662845212795,0.975224517607522
08,05141,0.001719192800756126,1.5272090030380214
08,05143,0.004460480054256603,0.6720830464967377
08,05145,0.0024241591582329506,0.8480921413761902
08,05149,0.0017607180448742964,1.3979346736377058
08,06001,0.010858980245406472,0.6647829833624619
08,06005,0.0021010404539501533,0.9500867894619306
08,06007,0.006014739096102742,0.7896939400976069
08,06009,0.0027783177121407333,1.0130624530363266
08,06011,0.0011335199979923124,1.6106389392765517
08,06013,0.007659227359590428,0.3309625798422823
08,06015,0.001257841949315199,1.3181409668613873
08,06017,0.004991794842435631,0.8599374947626491
08,06019,0.01751269179745049,0.2822017176449582
08,06021,0.0013600210110297582,2.4781157153501447
08,06023,0.003938482712544903,0.4617601352650543
08,06025,0.00547879787950141,0.6214137032807575
08,06027,0.0016713937101996024,2.1307095067772766
08,06029,0.015842912914226823,0.3170219635099156
08,06031,0.004473909948086012,0.8779161127757213
08,06033,0.003142612517529031,0.9048410777897522
08,06035,0.001799506647646205,1.0163680113529854
08,06039,0.003934346045944754,1.1747384400118706
08,06041,0.008190835494637633,0.3079519684263762
08,06043,0.0016495672494219896,1.2307661709824762
08,06045,0.0027615922648748137,0.9429061415842888
08,06047,0.008080981788431326,0.3956813982288998
08,06049,0.0012680416400339834,1.7614896562963733
08,06053,0.007033176388659632,0.7017979692863849
08,06055,0.0033857220793653015,0.47174750663084103
08,06057,0.0036817151321447456,1.3816971481997697
08,06059,0.016768516163736907,0.3058489355596181
08,06061,0.00480264466370028,0.4862609232919163
08,06063,0.0019201234280942904,1.5396572763211884
08,06065,0.022266956884407576,0.5336909632160358
08,06067,0.012931276569593031,0.3216224163654618
08,06069,0.001767362680899781,0.9363365283701445
08,06071,0.02360727565943816,0.2979013718579486
08,06073,0.011458934163077038,0.3201325557129459
08,06075,0.024590811621623816,0.5361041541496232
08,06077,0.014459944599533666,0.3297713068681676
08,06079,0.00588464800952651,0.4609689940509931
08,06081,0.0071818698381403865,0.4838198490238453
08,06083,0.005055684288019325,0.8442290794716951
08,06085,0.014148042297362004,0.35457332004807746
08,06087,0.0044674469527602855,0.8983972759437767
08,06089,0.005488645410809136,0.331744204130037
08,06093,0.0035552495798159916,0.9279016536199864
08,06095,0.0051188765069110735,0.43559805644226623
08,06097,0.007629686052337579,0.40348368344073277
08,06099,0.010938938443699156,0.3992392516066112
08,06101,0.0032941563079348615,0.5535961104670625
08,06103,0.002484405672878635,1.2113978080402659
08,06105,0.0014923657855718555,1.9324598377306161
08,06107,0.013169129344417593,0.3770076954163139
08,06109,0.002106175810954478,0.9194480001851293
08,06111,0.007500108950464229,0.3858680906169266
08,06113,0.0036185504157201917,0.7977600254136927
08,06115,0.0018943151872861989,0.9337237486284131
08,09001,0.010668061965062094,0.3717146140838657
08,09003,0.010144152478300425,0.37016886664525717
08,09005,0.007366826033628989,0.4082156867637804
08,09007,0.004449488595592853,0.7157100029428455
08,09009,0.007611446801442428,0.4239693164496111
08,09011,0.004015652103557194,0.3441187285361655
08,09015,0.0030845249116071833,0.8386177656152175
08,09013,0.0029779206459970347,0.5376796399541148
08,10001,0.0028326732325180694,0.4027707491891998
08,10003,0.006088500597034178,0.4453827364989204
08,10005,0.010031445047938108,1.0469481663495186
08,11001,0.021613749984572897,0.4437010321804866
08,12001,0.006732863329698851,0.47665834382671046
08,12003,0.001021644490114222,1.6981797198567876
08,12005,0.0037649679616898776,0.39810089263761916
08,12007,0.00106532348648477,1.713927593848885
08,12009,0.011169999126535395,0.3509642785517375
08,12011,0.015927146693832817,0.34621973245524484
08,12015,0.01517252800122316,0.4362228064221623
08,12017,0.009652014531004343,0.4996267511885034
08,12019,0.0037275994102512868,0.4870168704024678
08,12021,0.017143334975852062,0.45522564584369596
08,12023,0.0027051659743019645,0.9327829361687551
08,12027,0.002007281052121888,1.183323650803229
08,12031,0.009259705953871798,0.33165361304794605
08,12033,0.005631144763866224,0.30381778239602314
08,12035,0.004952559539972835,0.5792800581271976
08,12037,0.0008071979530150591,2.4556493360004596
08,12041,0.001057059191277124,1.7520364758149778
08,12039,0.002096716308899487,0.9948866340884115
08,12049,0.001503254035040546,1.4843612116443892
08,12051,0.0011670142221286497,1.7537724640842454
08,12053,0.01024427342847912,0.5668842222384807
08,12055,0.007375403279549338,0.6050199037263982
