src_state,tar_geoid,mi_shift,moran_shift
12,34019,0.0016406295291157935,0.4858805681686615
12,34021,0.0020130144977841082,0.5726384373262159
12,34023,0.003750581904393881,0.2995873055589477
12,34025,0.00313732011611713,0.2776168227844733
12,34027,0.004372820168896632,0.24943809583125362
12,34029,0.0022508315613801555,0.41407883924314987
12,34031,0.0030348947255453744,0.5169399773311206
12,34033,0.0010755769909374915,0.8738469546052903
12,34035,0.002744030731780965,0.29969007135392844
12,34037,0.0021320198403584696,0.3666867375000273
12,34039,0.0036893913855883262,0.5429577052082541
12,34041,0.0011602820601174719,0.6560151266776943
12,35001,0.0027213210982333378,0.3131794984259325
12,35005,0.0006738510060055312,0.6111787681891826
12,35006,0.00040071061454186995,1.9444055592060925
12,35009,0.0004496199405958462,0.7226792039823611
12,35013,0.0014615779623493475,0.6046440424126922
12,35015,0.0006959110355928224,1.136630921141335
12,35017,0.00043588058604991854,1.409107277344504
12,35025,0.0012489809407465375,0.6941740507933326
12,35027,0.0002710225847543848,2.478110934804444
12,35029,0.0003441370922065504,1.1674702812875843
12,35028,0.000282846737322057,1.7539208706309661
12,35031,0.0015012337460790074,0.7561949290387927
12,35035,0.00043952752733486766,0.5441201153906019
12,35039,0.0005316965898104833,0.9370677992202904
12,35041,0.00032460516001103903,1.8751430857751503
12,35043,0.0006667344007857516,0.4267323288518906
12,35047,0.0004854003904652866,1.119727059198741
12,35045,0.0013506543962596993,0.465288100715632
12,35049,0.0015959590220975142,0.46306740068516433
12,35051,0.0003616730801091102,2.4430270431183616
12,35053,0.0003530637968136362,1.4867704628193334
12,35057,0.00022285164626343435,1.472723778356837
12,35055,0.00037732064741108985,1.3576967018823067
12,35061,0.0008919532628751492,0.6003616939361687
12,36001,0.0024357077787096897,0.452339813545242
12,36003,0.0008419337722049302,0.6374667480219813
12,36005,0.014159290390209973,0.3387247883340581
12,36007,0.001660163475534235,0.34400791454624297
12,36009,0.0009013320560598224,0.6112670548518436
12,36011,0.0011990639434228477,0.8288739548300339
12,36015,0.0007317293846196257,0.53108659176104
12,36013,0.0016960092534929485,0.596215680440829
12,36017,0.0009374174735196066,1.4038045706967919
12,36019,0.0006419401879013267,1.0022146503697857
12,36021,0.0012227124816962523,0.7757915937897696
12,36023,0.000500326246540876,0.9140236028328893
12,36025,0.0009275904879745711,1.3472697528659128
12,36027,0.0020245457676008024,0.45382122869170294
12,36029,0.003787530286842605,0.32651807101774855
12,36033,0.0007670336759905028,0.8800947793530243
12,36031,0.0007600969641843136,0.8201530094654038
12,36035,0.0007473254303461465,0.8351914873087594
12,36037,0.0007321108288565448,0.7506018102962123
12,36039,0.0006552009612771952,0.8756110186171211
12,36041,0.00047466410955896874,1.5575616273844888
12,36043,0.0010861139526348405,0.6295127418780233
12,36045,0.0010987878990288999,0.5010909339531969
12,36047,0.02238072746964617,0.3933965495068749
12,36049,0.0006629947548606132,1.1475526397003346
12,36051,0.0005117277100429418,1.0126725469028799
12,36055,0.003024260718913441,0.4391684589745119
12,36057,0.0007537869620065683,0.8926423943194833
12,36059,0.010075273044362586,0.21094301606035135
12,36061,0.019321618704272698,0.4517522944054625
12,36063,0.0014904480148525997,0.4389852602207462
12,36067,0.003238569171497871,0.44800978704207634
12,36069,0.0008817088861623603,0.5881025173762956
12,36071,0.0030720731574351233,0.6257636701194484
12,36073,0.000591447171326099,1.6589140098697657
12,36075,0.0012629515425453147,0.6436080117286519
12,36077,0.0008388850761336973,1.5981549799525374
12,36079,0.0012985326615491037,0.5662712311014932
12,36081,0.01567583737842758,0.3477217810483983
12,36083,0.0012296373406464692,0.6971121400931174
12,36085,0.003088235549037771,0.3115822552736082
12,36087,0.002411556596829289,0.5531932549505519
12,36089,0.0010385443788654568,0.8530219516925548
12,36091,0.0016431589041913624,0.3799685558866084
12,36093,0.0013319657025265786,0.363260495468279
12,36095,0.000516390796987983,1.1502860469083434
12,36097,0.0003929002848239461,1.3840596084701027
12,36099,0.0006870955744815097,0.965540701336536
12,36101,0.0016703081782475694,0.7182364398867158
12,36103,0.007491764601429813,0.30564949248214346
12,36105,0.0007842190370103488,0.4937703137221987
12,36107,0.0006788396419906712,0.8735377606070974
12,36109,0.0012390576391814688,0.6116873779619055
12,36111,0.0013831322303694184,0.443978694949657
12,36113,0.0008582792722523982,0.8615496524704813
12,36115,0.0008629023095888499,0.8917377540018255
12,36117,0.0009506128650604799,0.6419415433128473
12,36119,0.003962968239076323,0.31235646969946
12,36121,0.0007465062420296889,0.7320801297536252
12,36123,0.0004985679701412547,1.317107514578705
12,37001,0.0011156652744550263,0.38325178014414063
12,37003,0.0004945186709981606,0.911326378630247
12,37007,0.00033722132595442325,1.0339153593389083
12,37009,0.00041440731575319545,1.3323412175591536
12,37011,0.00033689968803461646,1.2639153011722255
12,37013,0.00046688804505213156,0.8388251507821858
12,37015,0.00024653357603690183,1.5816695946529298
12,37017,0.0004747389232715703,1.3134410412906723
12,37019,0.0010664137990182248,0.6598362420145256
12,37021,0.0015309575503914617,0.3012966115355234
12,37023,0.0010383545952942456,0.6105430861750358
12,37025,0.00108897020529341,0.3357741599294448
12,37027,0.0009821296052714907,0.5195892581205354
12,37031,0.0019897773171655394,0.37918623818715996
12,37033,0.0004340833961033332,1.0539702545933405
12,37035,0.0012892097400411227,0.47816737489823874
12,37037,0.0005458685877495122,1.230455381496391
12,37039,0.0004888862392209968,1.2828046296358342
12,37047,0.0008177181424578652,0.6227535331017745
12,37045,0.0010529934174301116,0.4783602897164158
12,37049,0.0005512488341075908,0.7950095609341675
12,37051,0.0029732929677784153,0.5937538415846462
12,37053,0.00026430753057378134,0.9733950118528477
12,37055,0.00048198673384226896,1.4864386917363557
12,37059,0.0004688541633716041,0.9401456976280832
12,37057,0.0015056502356418152,0.43237157095703116
12,37061,0.0005902536436658787,0.7262599593740245
12,37063,0.0020274335822861155,0.30437168872216913
12,37065,0.0008820693720239534,0.902751090015513
12,37069,0.0005694499581315712,0.7466178649701551
12,37067,0.0018314459227812456,0.28714335208709657
12,37071,0.002645314191587507,0.3118791848171244
12,37077,0.0005995575761698111,0.7848007297402497
12,37079,0.00028386200260812353,1.4784843957390157
12,37081,0.0019399404224641269,0.26128775078583943
12,37083,0.000847350474761043,1.0376683804438662
12,37085,0.0012656902408677028,0.8344436562089255
12,37087,0.0006412876891006516,0.5243435822497956
12,37089,0.000757647441856542,0.40745732023352893
12,37091,0.0002996984028756091,1.3026883253421762
12,37093,0.00045704504380578967,0.8187928694780303
12,37097,0.0017171614203870561,0.46024203023244914
12,37099,0.00036243707296307705,0.8059154914939076
12,37101,0.001823220316297424,0.507453420966264
12,37105,0.0005152634287598177,0.6839317692126133
12,37107,0.000595173142685264,0.775983448885017
12,37109,0.0009081187176117094,0.8516119934514965
12,37111,0.000727023789018627,0.9211566911393794
12,37113,0.0006134612372331068,0.9423410367983933
12,37115,0.0003970956519782771,1.1681352278701655
12,37117,0.00040293802179849756,1.3159898813821307
12,37119,0.006060451842087035,0.22314336983109379
12,37123,0.00026843045332554226,1.4063886146643119
12,37121,0.00026969522653341315,1.9892549097902454
12,37125,0.000541388872254958,0.6080237003728503
12,37127,0.000844608075594214,0.6005325014290873
12,37129,0.0007438294878911375,0.2980496221156444
12,37131,0.00041125526677477075,1.8504600366639785
12,37133,0.002410998537098665,0.37025387265482657
12,37137,0.00028689323757724936,1.510898161771879
12,37135,0.001312380443158982,0.6221967135218847
12,37139,0.0003245666018315204,0.9527417214600937
12,37141,0.0004689001579475459,0.8506940945030623
12,37145,0.0003430607300281429,1.1789948596997537
12,37147,0.0011585782539480438,0.4388435421886133
12,37149,0.00042679937529531366,1.157846483835873
12,37151,0.0013069376358260355,0.4798771388960576
12,37155,0.0018640348649216296,0.5041542838022086
12,37153,0.0008084458282928629,0.6750925667195085
12,37157,0.0010154674889236003,0.5314155642767046
12,37159,0.0010121296162854097,0.48039807881965774
12,37161,0.0005343136279286959,0.7245346315236586
12,37163,0.0010350119229752192,0.7867933178216047
12,37165,0.0005493123466475469,1.033184622342452
12,37167,0.000996495205717713,0.691600101072264
12,37169,0.000613365475400049,1.0116946678547694
12,37171,0.001060654537889599,0.5475113025638207
12,37175,0.0003756190219112676,1.0383546370689196
12,37173,0.0001266989981217813,1.1965751927355306
12,37179,0.002322476336168604,0.5471208770907331
12,37181,0.00045372282765753657,0.7624594267385189
12,37183,0.006131065324043238,0.3186791699637103
12,37185,0.00043441299511323163,1.5489702561750753
12,37189,0.0006302317452149755,0.6290998775712824
12,37191,0.000973845781102763,0.4328293937636641
12,37193,0.0008724583788143074,0.6494887417243677
12,37195,0.0007655392982719487,0.5964381578581401
12,37199,0.0004230855896880379,1.4157654931614754
12,37197,0.0005976446067378367,0.9895972377321612
12,38003,0.00017641691844685659,2.2412450938694404
12,38005,0.00041304036580072667,1.7499081734793147
12,38015,0.0009973466019102721,0.5248283215500769
12,38017,0.0011459735173643471,0.35471703003601807
12,38035,0.0007410745655556199,0.6285280342815327
12,38053,0.00026833375963247795,1.9831461898697271
12,38059,0.00036546020065159946,1.7231938063484893
12,38067,0.0008468005235850895,1.1707629177504424
12,38077,0.0005024703280626979,1.9044514450980745
12,38079,0.0002827227077269723,1.2518883528806939
12,38089,0.0004349304445489528,0.9530706334901649
12,38097,0.0003564666478762676,1.6016082982070097
12,38093,0.00035813471800735184,1.2935241013564533
12,38099,0.0007244645624114568,2.082736240012642
12,38101,0.0005820575667327135,0.6881804435455966
12,39001,0.0005331784582861416,1.1250372108916353
12,38105,0.0003518677126252554,1.319706514957928
12,39003,0.001264808860606939,0.37842036297700876
12,39005,0.0005592764924065028,0.691684830728965
12,39007,0.0012932017109556404,0.813100115091716
12,39011,0.0007936598808902522,1.3628665625776346
12,39009,0.0007636635008877999,0.9189754233242231
12,39013,0.0009023520890822177,0.7168632805700134
12,39015,0.0007162161783913821,1.018722399300651
12,39017,0.0016586895833385956,0.7374368301509716
12,39019,0.0006070779262943296,0.8994312399488749
12,39021,0.0005950702548257444,0.8684194769054083
12,39023,0.001508105284143815,0.4185864026725832
12,39025,0.0013685674320284443,0.4811748453169938
12,39029,0.0012888870957338404,0.7865384140500242
12,39027,0.0006117197036547117,1.213010359901041
12,39031,0.0006218726151913448,0.8282060048091119
12,39033,0.0007984405877568932,0.9282307572503793
12,39035,0.008349061667713915,0.30707298061842303
12,39037,0.0008979630658461504,0.9763484478881975
12,39039,0.0006896350849191482,1.0670306380938552
12,39041,0.002040776185444189,0.5221747873847629
12,39043,0.000629552786034326,0.7092425917641647
12,39045,0.0011207218448054412,0.7034978467636073
12,39047,0.0005542855480413193,1.0424476755134966
12,39049,0.006461653670348515,0.26666577917789674
12,39051,0.0007258121919639273,0.9436822872592138
12,39053,0.00047737176964037854,0.9983496822749034
12,39055,0.0010647745686281703,0.73845758231101
12,39057,0.0010925757892953842,0.45467064277291314
12,39059,0.00077739416889265,0.9113342254120376
12,39061,0.005115879866258411,0.33953745455645923
12,39065,0.0004912693560739056,1.3703895336639016
12,39063,0.0009627744495367196,0.6946927713167649
12,39067,0.00040883592737375675,1.9520648504326619
12,39069,0.0006123885055037077,1.1581926000267735
12,39071,0.0007112482222311074,0.8527911616210904
12,39075,0.0008502793631540599,1.1786473006292277
12,39073,0.000655782565164942,0.970449234514972
12,39077,0.0009645525872609335,0.8466968030794593
12,39079,0.0005589613462615473,1.1147314931634427
12,39081,0.001149210643790004,0.7055212878612956
12,39083,0.0006459090384174335,0.6728226483058282
12,39085,0.001689116179199727,0.3793660031141543
12,39087,0.0007144081879221407,0.8389079643574425
12,39089,0.001385730725251447,0.41902913998957414
12,39091,0.0005396674424277101,1.2366404825308395
12,39093,0.0019129111431953319,0.25200507298090746
12,39095,0.002884070617422692,0.3648575904982606
12,39097,0.0006243442399306925,0.7842492544835757
12,39099,0.0022923533424565505,0.34049346632679894
12,39101,0.0006809583173279814,0.4679849466136468
12,39103,0.001600111919582789,0.49142818514187003
12,39105,0.000601126509492745,1.0991069458800844
12,39107,0.0005352251441193958,0.9560197323014527
12,39109,0.0009672975363007792,0.5967741338327164
12,39111,0.0003864012844520719,1.6848193977701003
12,39113,0.0025418586953835274,0.23477468208639338
12,39115,0.000355173576453499,1.1639745581044572
12,39117,0.0005933666796173071,1.1995363465520303
12,39119,0.0010205796058152825,0.6394454275992305
12,39125,0.0004713746301141163,1.3206120424893661
12,39123,0.0008566223181326638,1.4339254813458049
12,39127,0.000534453065872492,1.2331371301744327
12,39129,0.0005137896239793409,1.0611597323399342
12,39131,0.0005353140058541179,1.1461509681572954
12,39133,0.0012158795640893477,0.6508621129815122
12,39135,0.0008448914326577504,1.003842626267029
12,39137,0.000839321585191929,0.9884691711356927
12,39139,0.0011845753129732111,0.35939347028921675
12,39141,0.0007906244179676047,0.6361165470631224
12,39143,0.0009823395422218794,0.7104846066791614
12,39145,0.0008244385022859057,0.7118858816015345
12,39147,0.0011131057467822366,0.9257654233125997
12,39149,0.0009118076734777492,0.8632428303985948
12,39151,0.0025145596707885466,0.3029409962991039
12,39153,0.0028871613789909142,0.3757808122590011
12,39155,0.0019464555335355262,0.3016052055465947
12,39157,0.0012248330698783705,0.4959428658741066
12,39159,0.0004218436622498739,0.8787490683734849
12,39161,0.0006123088333343802,0.8906924590553337
12,39165,0.001676063168513119,0.4248270193497694
12,39167,0.0008782690381034515,0.7450688574213447
12,39169,0.001025083896291969,0.6023100898644606
12,39171,0.0007691631654662834,1.0455128662544686
12,39173,0.0012367758212222402,0.7299100332069801
12,39175,0.0004823675235466175,1.1490770040761291
12,40001,0.0005584234471155176,1.8285873938405468
12,40005,0.00028332395389970845,1.1160409705136998
12,40009,0.00021941591460279951,1.9150018581216446
12,40011,0.0006121252444086263,2.9731462460229117
12,40013,0.0005805340178751918,0.9087341609817989
12,40015,0.0006096743345994993,1.0824271261002432
12,40017,0.001171669287834905,0.5684177150959616
12,40019,0.0007634823387036002,1.0411394667870253
12,40021,0.0006293138608861875,0.9383161996359826
12,40023,0.0005399444675150598,1.5943694353426365
12,40027,0.0018645378731228348,0.4549413796779599
12,40031,0.0013247193441867009,0.33139062618890125
12,40035,0.00040436246780140695,1.5514773947428495
12,40037,0.0015265930577177222,0.532518502986826
12,40039,0.0002765704783399081,1.7915215757399752
12,40041,0.0007342781820264706,1.0674709420813986
12,40047,0.0006779657611718258,0.6720307228478323
12,40049,0.0008426366853712408,1.1426666442334392
12,40051,0.0005724351139756978,1.0624752019844288
12,40061,0.0004261306728333234,1.188493992614587
12,40063,0.0005993584616102939,1.6122242846887553
12,40065,0.00043798252713806097,0.8687177831612014
12,40071,0.0007039869699588621,1.0355649522064627
12,40073,0.00028398795474512517,1.890307192506642
12,40079,0.0011629335429742208,0.8941965267402575
12,40081,0.0008015141632928138,0.8554876282181036
12,40083,0.00037704533622741397,1.145389827645653
12,40087,0.00048252625479089926,1.1785846177573434
12,40091,0.0004621652021442474,1.8766584573805256
12,40089,0.0006589156798681664,1.119067407670757
12,40095,0.00028239509759705995,3.2405748388769045
12,40097,0.0007060329663032501,1.7885422536882183
12,40103,0.000269154854802218,1.6039460467509912
12,40101,0.0007709713352503142,0.6783784276004804
12,40105,0.0002880551926022763,3.2118443367648224
12,40107,0.00034654644557417146,1.6738609198341603
12,40109,0.006224077020194931,0.3746108466246162
12,40111,0.0008236244377747536,0.8403469975418689
12,40113,0.0006267475303968275,0.8981805807114032
12,40115,0.0009076832718005017,1.067750068276138
12,40117,0.0005050760276273774,3.2933341315840297
12,40119,0.0010970156669364787,0.9875227850297289
12,40121,0.0007476117956519532,0.8324841635788991
12,40123,0.0006187727272903351,0.9023652085422079
12,40125,0.0009373835726183923,0.5886565393795793
12,40131,0.0015237268893982202,0.4880376008399374
12,40133,0.0008359040301310004,1.1495677615094757
12,40135,0.0005682376807418355,1.1040345813125627
12,40137,0.0007512461530332173,0.75042388159478
12,40139,0.0003274543360714528,2.304844656939648
12,40141,0.0005902809776598054,1.7372794327394925
12,40143,0.005197316983354728,0.277310526780884
12,40145,0.001087067151708805,0.6761366533620409
12,40147,0.0006673158361602551,0.7041971559892491
12,40149,0.0003045778963027713,1.8495838784660905
12,40153,0.00035406830795118026,1.4850209082765078
12,41001,0.0005848164826133397,1.4623497351745534
12,41003,0.0009758285228019676,0.6258929168600345
12,41005,0.0029625067747198965,0.3084855774572659
12,41007,0.000831323229374799,1.104690791145775
12,41009,0.0006343467813398225,1.031245597280067
12,41011,0.0007303273365379006,0.8779257030002238
12,41013,0.00023773437392957524,1.6351513282355141
12,41015,0.00047641451785814914,1.5037663540340427
12,41017,0.0013130598170756297,0.5856239302090936
12,41019,0.0012187944466937805,0.5869817851125826
12,41027,0.0002524476676305357,1.6804851945940602
12,41029,0.0013759695976962244,0.6703018957538083
12,41031,0.0002303547908274854,1.580815037231503
12,41033,0.0009756274043034153,0.8267910374515398
12,41035,0.0007878184442533707,0.5863478326094912
12,41039,0.0024422436540489753,0.49690814699242397
12,41041,0.0010820284470048072,0.6803567545875481
12,41043,0.000912528532523047,0.7260512645944381
12,41045,0.0003381654586582633,1.1137254540552808
12,41047,0.0017643198705067245,0.3545695855670104
12,41051,0.007779095897704694,0.46312856572071615
12,41053,0.0006236114634859855,1.0698958399051088
12,41057,0.0006393464291906694,0.9520789726433722
12,41059,0.0008171481999516286,1.0356954140186232
12,41061,0.0006093373573999861,0.9674320673356241
12,41065,0.00041085657600806793,1.1091768523492076
12,41067,0.004840670470677701,0.26799738092471814
12,42001,0.0010363969073203295,0.8040414763201139
12,41071,0.000848056161962923,0.8240885607345916
12,42003,0.00902573885938163,0.2879476340248175
12,42005,0.0015629680922541699,0.6353251906067036
12,42007,0.0022825213524867733,0.3513797596508423
12,42009,0.0011895961552625183,1.136436942228277
12,42011,0.002688058398830779,0.6657432851783817
12,42013,0.0012576684058945116,0.49892656867449
12,42015,0.0013087027005510006,1.0693987735570407
12,42017,0.004537337916416382,0.2922961559434572
12,42019,0.0016367923338613988,0.8149483311907901
12,42021,0.0017470155179594542,0.6066749888267289
12,42025,0.001046374595523499,0.776677534330309
12,42027,0.0015725878024075587,0.7886878251908589
12,42029,0.0036185170782968203,0.40753898058639737
12,42031,0.001022400200080023,0.7172647022205969
12,42035,0.0006256768366988429,1.4357156867508547
12,42033,0.001548614438272487,0.9611642503781013
12,42037,0.0009768994896372596,0.9707420962881022
12,42039,0.0013159265479383193,0.6705917020194544
12,42041,0.001293951429896954,0.47642296451840266
12,42043,0.0017128248900943692,0.41256997340564683
12,42045,0.0031788549274665537,0.2878175205744073
12,42047,0.0006115635674124371,0.810124637510519
12,42049,0.002555735666244468,0.36951195645346196
12,42051,0.0018387043042921252,0.41412949723060205
12,42055,0.0013201362629924219,0.49824152475008693
12,42059,0.0008143355419978993,0.9860401982663957
12,42061,0.0010588649088382408,0.7931770165048485
12,42063,0.0008521867578024886,1.2323378927990587
12,42065,0.0011518697443884745,1.3524156440073238
12,42067,0.0004650227645870496,1.5165277885874777
12,42069,0.0018115964116373494,0.3076134478668553
12,42071,0.003081018206912078,0.4035591704809664
12,42073,0.0012650377262934409,0.4921300337833842
12,42075,0.0010535956732339229,0.533645114179471
12,42077,0.0019142848725206569,0.6496751711455454
12,42081,0.0008111169135622523,0.5029329234015699
12,42079,0.0030221268925806266,0.36542542870861394
12,42083,0.0007804490718983794,1.1005687726080406
12,42085,0.001324942429902207,0.5944314689799534
12,42087,0.000859958139994549,1.0860146434447295
12,42089,0.0012868666632393114,0.39911441045187435
12,42091,0.005654334353026982,0.2711847688356879
12,42093,0.0002612231834421961,2.6147585499240322
12,42095,0.002115313717437541,0.3665222054815753
12,42099,0.001163687036929944,0.9575977871020184
12,42097,0.0012875261389624461,1.0413961437994133
12,42101,0.009107568882043284,0.35534265412683913
12,42103,0.0009468645846752041,0.7721296637723434
12,42105,0.0006136336170364849,1.157459597664985
12,42107,0.0026444564673819304,0.4589133752934205
12,42109,0.0004880893629449581,2.20705776119009
12,42111,0.0017863777785557594,0.7466225870757559
12,42115,0.0012417782819138829,0.7064456073173426
12,42117,0.001058186420363132,0.8468937504943559
12,42119,0.00028943847956907677,1.0446778815004862
12,42121,0.0012668145516383444,0.7976461856226601
12,42123,0.0010875885958020546,0.942316320946863
12,42125,0.0021113266942925984,0.43254757063022026
12,42127,0.0008489403848302253,0.6939826107147395
12,42129,0.00376210712032744,0.32548892763259096
12,42131,0.0008253410269626855,0.9749077545445334
12,42133,0.0027043784169792895,0.5727200657347731
12,44001,0.0006358927057422014,1.004795156755267
12,44003,0.0013297072649027153,0.3622535911513473
12,44005,0.0006897198527932245,0.5406329826163477
12,44007,0.0032506042512046164,0.3081875357600171
12,44009,0.0009973984798436258,0.5079971564421817
12,45001,0.0004895864947774737,1.2070207258991748
12,45003,0.0008829820436105638,0.3874796602784071
12,45007,0.001496882484783745,0.3180452487381791
12,45009,0.00018214454755871833,1.3254932195750977
12,45011,0.0002952230239502757,0.8535052217736435
12,45013,0.0008234900343756013,0.4276533830673082
12,45015,0.0011501003382459016,0.3554366010245836
12,45019,0.0017254771791687116,0.3046647660189228
12,45021,0.0006362790757463914,0.6701286805610392
12,45023,0.0006623958956965688,0.8986418267137296
12,45027,0.0005366454159211586,0.8547704178226464
12,45025,0.0006019718287004506,0.9206629265203018
12,45029,0.00038680447245380013,0.7759295103014868
12,45031,0.0007205258082574684,0.6960001102052079
12,45033,0.00041858050009413537,0.9978575833067382
12,45035,0.0011932390623267915,0.5312721805500277
12,45037,0.0004628454544526961,1.2265636915834297
12,45039,0.00036724127362732764,1.2949493804812127
12,45043,0.0003699174332408901,0.8602939343546261
12,45041,0.0009334444362023364,0.3980430046434148
12,45045,0.0031353311298193704,0.3692485259423689
12,45049,0.0003236814449065168,1.392463634501547
12,45047,0.0005150380667339982,0.714981992002449
12,45053,0.00014761089099265824,1.4124702084114023
12,45051,0.0008594736760033554,0.34790330466252894
12,45055,0.0007167294589416933,0.5684016806226505
12,45057,0.0005367221450771171,0.7747201130495402
12,45059,0.0008515622073721491,0.523410747714044
12,45061,0.000315377682724458,1.1223158432276075
12,45063,0.0020022978808660464,0.2905841543590055
12,45067,0.0004557293013357644,0.978237501545714
12,45069,0.0006415781147813944,0.9040907424899932
12,45073,0.0006378086848956124,0.6214495745554616
12,45071,0.0005028388603588621,0.8734697897793103
12,45075,0.000844495430695788,0.5406099754286942
12,45077,0.0007953187122839074,0.6960950250430289
12,45079,0.0026107041243091994,0.3647309277601369
12,45081,0.0002660344569133407,1.2370831016630706
12,45083,0.0019310148052815697,0.353128248070289
12,45085,0.0009277961052637958,0.48800177522119526
12,45087,0.0007021224979941341,0.8569412248645691
12,45089,0.0006827551539617654,0.8149254924086209
12,45091,0.0014424868281388923,0.3950192075109834
12,46005,0.0005551802813021252,1.1188410860941123
12,46011,0.00042480425032199044,1.3542434604428506
12,46013,0.0005826640767837794,1.2046574514124784
12,46029,0.00043567682869974643,1.2218926759192503
12,46035,0.00018162245571410303,1.762493052466301
12,46065,0.00015440660594831236,1.8537407934328833
12,46081,0.00034428330415884733,1.561085611892744
12,46083,0.0005494906749780122,0.7690867865831892
12,46093,0.0002454318404721998,1.3111015773656038
12,46099,0.001629806666728779,0.35156332164605775
12,46103,0.0008565881895483236,0.4558027378953482
12,46109,0.0003288589836258734,1.2984267445196982
12,46135,0.00021245272588369112,1.5173890348938046
12,47001,0.0005429418920645994,0.6408756798630652
12,47005,0.00048157872154715186,1.4714525307664914
12,47003,0.0004730575482045536,0.7786651296162377
12,47009,0.0007791785847205616,0.35459214825307817
12,47011,0.000898364686682865,0.5998965280457863
12,47013,0.0007360057397522524,0.7560343053943952
12,47017,0.000471462574978875,1.003581858962986
12,47019,0.0008633925675717149,0.5652168240145686
12,47021,0.0005631607194052904,0.9271801602893738
12,47025,0.0004960776412390675,0.908630442546376
12,47029,0.0004874606745229898,0.7994007246559859
12,47031,0.0005002766637146867,0.6623040499275323
12,47035,0.0005733947508479231,0.589290149877416
12,47033,0.0004558207917891761,1.3263479497237836
12,47037,0.0035989877235013353,0.26147974631121057
12,47039,0.0003680316293112179,1.5062745796904642
12,47043,0.0007272528114318357,0.7668184997184228
12,47041,0.00022699828139405382,0.8407845413107848
12,47045,0.0004194049929180419,0.938610518700301
12,47047,0.0007173019702354706,0.7185943716117495
12,47051,0.0006275824675560788,0.8008268089991724
12,47049,0.00038166363640168907,1.7100356241032473
12,47053,0.00046588185728866884,0.7086915027652244
12,47055,0.0006262804679329293,1.0090196117097003
12,47057,0.00042878510077645315,2.0350896313316915
12,47059,0.0009216633549817408,0.6816865694625666
12,47061,0.0002898668612201439,1.378163126967359
12,47063,0.0007215282977858635,0.6960776162527319
12,47065,0.001363760713271701,0.347115290851333
12,47069,0.00043972793727449256,0.98220185834489
12,47071,0.000482239082127119,1.1764472540226414
12,47073,0.0008679811436661437,0.970591844846483
12,47075,0.00041141255697667035,1.0890816743196472
12,47079,0.0005263521661803431,1.056281198121291
12,47077,0.0004966406108838573,1.0322471201110066
12,47081,0.0004194098632328278,0.8779538282595634
12,47085,0.00031055655357807566,1.3884924110969534
12,47087,0.00031617230857251957,1.2288660460760692
12,47089,0.0007550349575008552,0.9358922614408056
12,47091,0.00028630021498172,1.4114385603612096
12,47093,0.002263537164004845,0.4078946409188955
12,47097,0.0006563184442799801,0.8382370671612573
12,47099,0.0007972650290795886,0.6868066575693524
12,47103,0.0006048814697989358,0.7496033661566694
12,47105,0.00040963836134203744,0.7910315412763899
12,47107,0.0006526754008367937,0.8528705746683495
12,47109,0.0006011701709945763,1.0280881346112287
12,47111,0.00024002139832675955,1.023998764636325
12,47113,0.0008008264612721101,0.44075663818408534
12,47117,0.0004197165746566166,1.3390279355376589
12,47115,0.0005792115362195727,1.1989437249775265
12,47119,0.000774279494464146,0.5142195330332713
12,47123,0.0007362955085685105,1.3102670196896156
12,47125,0.0018666395329468522,0.47334997045754973
12,47129,0.00047729970976290046,1.3294251548648697
12,47131,0.0006918546507125125,0.769816301937499
12,47133,0.0005835957282432888,0.9537631559618007
12,47139,0.0004084140769177926,1.366910475877492
12,47141,0.0006765752650028029,0.7119160892118234
12,47145,0.0006014291147882211,0.9085727333915118
12,47143,0.00044194754282460947,1.605697671611747
12,47147,0.0008279241504755448,0.6910758504747003
12,47149,0.0018685200965630497,0.4390933083539741
12,47151,0.0003902972654044351,1.290417831756363
12,47155,0.0005201334574937056,0.5291411098138953
12,47157,0.004263977387940592,0.2978595347593082
12,47159,0.0003940996812134323,1.2316582222701793
12,47163,0.0018553968838123942,0.4771301644389791
12,47165,0.0014397412677488023,0.41949260528712745
12,47167,0.0007875442332084408,0.8690261106499713
12,47171,0.0003488475664529154,2.369440326948807
12,47173,0.00025870278847796866,1.261326550408042
12,47177,0.0005759552311146265,0.8001998806604588
12,47179,0.0007617808394654253,0.5835995382579418
12,47181,0.0002883410157086577,1.5433422026721861
12,47183,0.0004360092251503167,1.4518184316577554
12,47185,0.0004965248991416651,1.1168262934065614
12,47187,0.0022385744702558695,0.29452403466934346
12,47189,0.0008983486698389571,0.6760257316053366
12,48001,0.00044911998070343317,0.8602108904641381
12,48003,0.0002571264543915458,2.906859853027757
12,48005,0.0008250975548915011,0.5256048558175223
12,48007,0.00022097877919023033,1.3202894795094877
12,48013,0.00044045280129144837,1.0007426312007561
12,48015,0.0003402197292758051,1.1112146902634048
12,48019,0.0002990930407521604,1.4023773654967602
12,48021,0.0007199165763018043,0.9260182456391597
12,48025,0.0003040238905351674,1.355441111863553
12,48027,0.002387340355830209,0.7004906572534115
12,48029,0.007649851030640246,0.2520716844284592
12,48035,0.0006158964718207746,1.5232212630591728
12,48037,0.0006349784907037124,0.7478209084243788
12,48039,0.001672734362088315,0.5289571299004524
12,48041,0.0025277694835316735,0.500271111709594
12,48049,0.0005481083918449565,0.8202821671179142
12,48051,0.0003901951030486047,1.4298237239995266
12,48053,0.00047820585863626007,1.0877919166451888
12,48055,0.00044321667382432107,0.9697231129236197
12,48057,0.0002854701993218649,1.5299640107285253
12,48061,0.004265941354138642,0.26520874311111226
12,48071,0.00021124756519552956,1.3080894773362388
12,48067,0.0003808373957561597,1.7479088050280345
12,48073,0.0004885938672933108,0.9934295965588504
12,48085,0.006564466412397655,0.33494680912057034
12,48089,0.0002722143597336615,1.2345061518748397
12,48091,0.0008314941524493955,0.8430937633584064
12,48093,0.00027483263411234204,1.896434948667768
12,48097,0.00042910911658620087,1.1335627244170283
12,48099,0.0011405367427237997,1.1154403581991081
12,48113,0.012072573456546255,0.2336035935811743
12,48115,0.00022893875805391056,2.3351862857315306
12,48117,0.00022714182070741025,1.81887272577234
12,48121,0.005930485605756299,0.6330555974079444
12,48123,0.00047141797844004173,1.2677305653450677
12,48133,0.0002706910845152978,1.3619199506016684
12,48139,0.0013877059026442447,0.48988345776804487
12,48135,0.0020675351904093516,0.4609270355647418
12,48141,0.005793466382213989,0.2926175675511136
12,48143,0.0003477191965143196,1.0363237450852265
12,48145,0.0004323379860487717,1.8681406113328258
12,48147,0.0006532137546140577,1.1011341390424305
12,48149,0.000520242171745837,1.0013055148751324
12,48157,0.003872889745750121,0.2997694232130169
12,48161,0.00038309180754135985,1.4364044296629057
12,48167,0.0013099725277905718,0.7013812675129558
12,48171,0.00048062652316761877,1.4316743878397262
12,48179,0.0004005847415967919,1.0801603279342227
12,48177,0.0004537672316601361,1.846933175112372
12,48181,0.0009759861822680928,0.463777418790893
12,48183,0.0009528056266150556,0.6002033802286763
12,48185,0.0002430405579944167,1.6651768511194451
12,48187,0.0009889807509205735,0.8340581457753095
12,48189,0.0005708647512384484,0.9803859370395455
12,48199,0.0006428873988767433,0.9226922762600891
12,48201,0.01772235369314233,0.2012036907025509
12,48203,0.0007575980457102898,0.7069114743173466
12,48209,0.0011995207138888904,0.6556457256390222
12,48213,0.0007332696784837119,1.0046583855414335
12,48215,0.008854806318979946,0.2397240009120046
12,48217,0.0006122147613273368,1.2956170750974834
12,48219,0.00047692138308816335,1.295136184045411
12,48221,0.00038064153753014217,0.7495367440543923
12,48223,0.000670073924167244,0.9649274687231937
12,48225,0.00032110303994137957,1.4837804990738437
12,48227,0.00047633965333492045,0.7734063716325565
12,48231,0.0007355962988995077,0.830817636925795
12,48233,0.00035565803712432566,1.0908239570909684
12,48241,0.000372854041045636,1.9791650416049082
12,48245,0.0021942269782710506,0.30649011278514665
12,48249,0.0005246841289346234,1.0559583813831541
12,48251,0.0013445932429830586,0.49061883640723725
12,48253,0.00037195555113287527,1.9311873480984125
12,48255,0.00025981321166715046,1.2132056081400588
12,48257,0.0009466586828364461,0.6740907861971054
12,48259,0.00040978767595058587,1.1256905892038476
12,48265,0.0004888635270399626,0.7714658527835729
12,48273,0.00041657167814250994,1.4444108008590424
12,48279,0.00037842286395927896,1.6547084419619176
12,48277,0.0005397142849055651,0.7557012529493121
12,48281,0.00022511688315103256,1.6176518749135065
12,48285,0.0005976235777922407,1.268666296581266
12,48287,0.00023627346933389847,3.2328341418389157
12,48291,0.0006439407206880861,0.6006297928993561
12,48293,0.0006098962438991535,1.415239300412002
12,48297,0.00020841068278826895,1.5552331127554444
12,48299,0.00046768184846473837,1.4216990435014538
12,48303,0.002291826691615864,0.3742854289029177
12,48309,0.0013455418701236578,0.3462318344503531
12,48313,0.0001886314507761744,2.3401636235699783
12,48315,0.00032853717437390106,1.8289910767750455
12,48321,0.0003907322780909134,0.8871357248489938
12,48323,0.0006544929147848701,0.9205478139043333
12,48325,0.000447386396051505,0.9447863737332128
12,48329,0.0012817629828869165,0.4770701525186073
12,48331,0.0005880470693107009,1.0532377872942076
12,48337,0.0003904818270111773,3.507907140571725
12,48339,0.0026483527409431637,0.3837281797062713
12,48341,0.0002761805692243707,2.095527090298318
12,48347,0.00046768176435161055,0.659638760021612
12,48349,0.0006293747921041187,1.0971320405041773
12,48351,0.0002027419400426696,1.9492103234981126
12,48353,0.0003353625983489058,1.5652030651512774
12,48355,0.0019189637564193634,0.354570282859919
12,48361,0.0008959914266162883,0.5565235495867753
12,48363,0.0005247309762901246,1.114902688369349
12,48365,0.0004230135464107162,2.1320543212459433
12,48367,0.0010911939462665706,0.655513780275747
12,48371,0.00026058258283669143,3.0126824050084444
12,48373,0.0005644895035300447,0.9204676371282282
12,48375,0.0012403449229231387,0.4958952795876575
12,48381,0.000983390662140632,0.5044244406606081
12,48387,0.000305436826188778,1.2337994521654168
12,48389,0.00032381634374453885,1.9137226642839809
12,48395,0.0002688947028521027,1.2351259815077253
12,48397,0.0008733831129487621,0.8080535067428829
12,48399,0.0002527050904850747,3.3109524984166407
12,48401,0.000679470521629981,0.6519030966030953
12,48407,0.00012783437071219516,1.1889253657480072
12,48409,0.0008699731002900808,0.8891258290604813
12,48415,0.00016716201586810343,1.5107803051683906
12,48419,0.00038776074091024235,1.1513210409955366
12,48423,0.0009837715584138564,0.4310978923946185
12,48427,0.0013587257361388997,0.9479647330694854
12,48439,0.008099396249990785,0.1987110917990434
12,48441,0.0010849751901654265,0.3074846648326144
12,48449,0.0004405345332474293,0.9978666995082598
12,48451,0.0007202455648698614,0.4454327190478139
12,48453,0.0075466997612376775,0.2553918599226612
12,48455,0.00036524116008806583,1.6195506569367362
12,48457,0.0003056070679287546,2.5262755991643098
12,48459,0.0005652582877987626,1.2559653121253005
12,48463,0.000334156208725654,1.8076212472676008
12,48465,0.000528853347615472,1.0213393722933732
12,48469,0.0008184829143285339,0.420108387364262
12,48467,0.0007404437365526568,2.300712534018951
12,48471,0.0004976136755535239,0.9765836433126112
12,48473,0.0003586105805676869,1.5916463969363959
12,48477,0.0003973665678759858,1.256859097154952
12,48479,0.004554595875719136,0.34952060497582177
12,48481,0.0004634595144902649,0.720456351770063
12,48485,0.0011394795787956617,0.37694624536174454
12,48487,0.00019889871496129536,1.7113003724105027
12,48489,0.0005468824788944487,1.3357725615634706
12,48491,0.003625953375172566,0.3476847282412417
12,48493,0.000707271268539335,0.7505289948791009
12,48497,0.0005969097536090581,0.6991956299421613
12,48499,0.0005520484197861377,1.1297956299259577
12,48503,0.00021763723877587477,2.6163829512122923
12,48507,0.00025993492501032135,1.6783775543497703
12,49003,0.0011779713611898349,1.2708681522843743
12,49005,0.0020945239378889163,0.6113116894640638
12,49007,0.00045936530414069607,1.6602046705745805
12,49011,0.003818076975713847,0.5013711932488055
12,49021,0.0006647867258297609,0.8730888959049614
12,49035,0.008378909572022884,0.4512634275462637
12,49037,0.00036145401073753156,1.3086789509446035
12,49039,0.00043273758739909826,1.5158801958225425
12,49041,0.0005686451966962047,1.5987753645993232
12,49043,0.0007394053713757411,0.7719955214996174
12,49047,0.0006954049063618892,1.6412437094695809
12,49045,0.0006434227167810793,0.6924331469550266
12,49049,0.010789783873543395,0.6730623689238979
12,49051,0.0003035191343240262,2.4249418522016617
12,49053,0.001713743020694428,0.5172447741723958
12,49057,0.0027114474386635157,0.368081969565785
12,50001,0.0008500316673383772,1.078283201934311
12,50003,0.0006919421218906046,1.1702421309306394
12,50005,0.0009450058854898113,0.8249356951827906
12,50007,0.0014010329127403668,0.6414844997356862
12,50015,0.0006127084689962468,1.0218613812355462
12,50011,0.0008627413965634502,1.2524094995454655
12,50017,0.0010131465792173188,0.9151010901728346
12,50019,0.0009098853062698653,1.110191122215072
12,50021,0.0016419978004048783,0.6640613616730793
12,50023,0.0014780723186011726,0.7781366313331728
12,50025,0.0014645530583615135,0.8623824911631462
12,50027,0.0012560407568410498,0.8708127221401434
12,51001,0.0003484416183378898,1.114668938306761
12,51003,0.000825878151701289,0.5779175876994543
12,51005,0.0005520671797487388,1.6314055024057061
12,51009,0.0004527842535519703,0.9067250343327146
12,51013,0.005008235295412001,0.4018192900010413
12,51015,0.0008562762974458226,0.6850990613509377
12,51023,0.0005591991433841163,1.1289166289193313
12,51027,0.0006264054977403315,0.9933326302410536
12,51025,0.0001615299538426846,1.635226376792716
12,51029,0.00034200524977044114,1.3348393496696727
12,51033,0.00044762379162277375,0.8731037296899788
12,51031,0.0006678123300458101,0.9396435432676008
12,51035,0.0006345881578666488,0.9585662169348496
12,51041,0.0026155315633138417,0.31444337431894337
12,51047,0.0006393174995566129,0.8608119033224946
12,51051,0.0002441503421440258,1.3831758888107055
12,51059,0.008971704218586351,0.22946766292219842
12,51061,0.0009889141919278636,0.6260366672836349
12,51065,0.00021687540678920724,1.738792948540691
12,51067,0.0005020760984497019,0.8536583221676964
12,51069,0.000990229627765411,0.7450119404296298
12,51071,0.0003405392891165536,2.527580695669774
12,51075,0.00025922611289516396,1.4166262855295035
12,51073,0.00047462999182422617,0.9150433625582258
12,51077,0.0004574418928418924,1.4702084735593413
12,51083,0.0006325469447668603,0.8704407681752826
12,51085,0.001296795527422896,0.5209048437421155
12,51087,0.0018080535968049971,0.40045842926357506
12,51089,0.0010633340296189652,0.5959250392368053
12,51093,0.0006628510688677808,0.9997088846231772
12,51095,0.0006608106716114885,0.8736141715886339
12,51099,0.00034932221935682204,1.3963108915038502
12,51105,0.0004776399527445453,1.1887236446692597
12,51101,0.00022695887878421055,2.5694127471630432
12,51107,0.004621490347913577,0.32949904283074755
12,51109,0.0004983822681107028,1.060667668077392
12,51117,0.0006550519800468056,0.9346113405321671
12,51119,0.0002518683457596587,1.8464259331779163
12,51121,0.0008948972265162253,0.805573691527494
12,51135,5.742985206086361e-05,1.5659081821100358
12,51137,0.0003686030366559747,1.7954553102766841
12,51139,0.00045662984633416704,1.7708753809072633
12,51141,0.0003067531459450128,1.514108840489402
12,51143,0.0011476488626675806,0.6532318940608819
12,51145,0.00029348009584688126,1.388463785195075
12,51147,0.00010200034226698817,2.0813247502395984
12,51149,0.0003689038233305413,1.362854460211499
12,51153,0.005176897598525579,0.29079727492541213
12,51161,0.0010354965045954719,0.8025914456395875
12,51163,0.0002506357992567362,1.7232196549512886
12,51167,0.0004904108837841685,1.069335417226613
12,51165,0.0010052798559937823,0.6420386276473927
12,51169,0.00074271092051591,1.2795178752546879
12,51171,0.0005634612406947292,0.8935593635802592
12,51173,0.000710065135624238,0.8794306317739408
12,51175,0.0003087335420487786,2.6053263723245106
12,51177,0.0016030645686440032,0.4010347205628896
12,51179,0.0016293315129104963,0.6139000090495806
12,51183,0.0003321622126492389,1.379553778527285
12,51185,0.0005762727094442606,1.2455954834644112
12,51187,0.00044569046811511817,0.9155826235498368
12,51191,0.0007831300238173789,0.7722049198932408
12,51193,0.00019646077894877451,1.7986156161029079
12,51195,0.0006723296950125462,0.7270308294550296
12,51197,0.000402114418293264,1.2242584390515407
12,51199,0.0007554019312487366,0.7385386908839711
12,51510,0.0029465873397063174,0.5175938545793267
12,51520,0.00020640446880212915,1.5294367101084156
12,51540,0.0008878037556579128,0.6854299372688029
12,51550,0.002221736582742885,0.4671916348524271
12,51570,0.00023793812250529035,1.8211609766961172
12,51590,0.000577277310222027,0.6542920089446452
12,51630,0.0003058969756250889,1.381372019983733
12,51600,0.00044003576931218326,1.4578166505609103
12,51650,0.0011361842138362154,0.3819868083438988
12,51660,0.0008323090038257355,0.7916189038455643
12,51670,0.00033579440696575877,1.0906521817163775
12,51680,0.0009577079990534598,0.6055686205774539
12,51683,0.0007215851275185958,1.136145898816774
12,51690,0.000376447603917752,1.3201880714612708
12,51700,0.0016123153406620036,0.47730917062793726
12,51710,0.0038201981839618704,0.252948447649837
12,51730,0.0005783779290128748,0.7670116321379624
12,51735,0.00011463046227639295,1.3921737096242364
12,51740,0.0012124642585669405,0.47791367791478306
12,51760,0.0024131454641988384,0.3529782460540427
12,51770,0.0006371554467589504,0.4330389196203597
12,51775,0.00028260993148278177,1.449055786101366
12,51790,0.00026774425532478696,1.300227683066781
12,51800,0.0016636989458991027,0.5300133242548507
12,51810,0.0031085230300971337,0.2310450356065871
12,51820,0.0002524161297207939,1.5555516790991022
12,51840,0.000332104627304863,1.2939623833152891
12,53001,0.0002838222806940237,2.7216223764484644
12,53003,0.00029738336453741135,1.5460117439060734
12,53005,0.0013997708288107007,0.4028324605985536
12,53007,0.0006531718193993464,1.1013078383075168
12,53009,0.0009074770559177603,0.9391931168573974
12,53011,0.003490244537994303,0.30337137427397975
12,53015,0.0008226273656972213,0.4502837842865491
12,53021,0.0011822080853347114,0.8093241386546648
12,53017,0.0005422850789808196,1.273729024180265
12,53025,0.0008609061950690191,0.7206001798251179
12,53027,0.0007778629063487761,0.6377868363811359
12,53029,0.0007018989991035503,0.9810888500795143
12,53031,0.0005499245260526499,1.5105413648753006
12,53033,0.014082076921313937,0.5302783206742928
12,53035,0.0017699540583756693,0.33473350241802974
12,53037,0.0005188395520640115,1.4260930981751343
12,53041,0.0009663516686361949,0.7093521397687744
12,53043,0.0004223139174817109,2.2899198697154377
12,53045,0.0007225072024031123,0.6736812348680701
12,53047,0.0006683705191679139,0.8089328822323737
12,53049,0.00041915195165247746,1.266916605782823
12,53051,0.00046711948237273984,1.5899465592746833
12,53053,0.004914621940017987,0.2754035873143593
12,53055,0.0003972343414473084,1.6277268057204015
12,53057,0.0010283692224938572,0.6548399179719341
12,53059,0.00029153537505283367,1.6599564099260604
12,53061,0.005102859262901799,0.3041348317595501
12,53063,0.002990728728179297,0.2546175818712478
12,53065,0.0008232312767166883,1.1173691233725733
12,53067,0.002281955127983249,0.32821529020263024
12,53071,0.00043115841110425514,0.7626443399080786
12,53073,0.0016423047822744644,0.564086242243198
12,53075,0.0005572567530184271,1.235380994445107
12,53077,0.0023355549248434207,0.5408472472196293
12,54001,0.00023475095273197587,1.457728577632586
12,54003,0.001126629804607334,0.7831675483253687
12,54005,0.0006512964859401979,1.0852470329790818
12,54009,0.00047688520662498543,1.1536624729205245
12,54011,0.0010857533168376983,0.5995170259094522
12,54019,0.000870942718904147,0.6919227727866737
12,54025,0.0005649816228019742,1.3290321525442954
12,54027,0.00037968266173339616,1.4809667694411528
12,54029,0.0006109819218224948,1.4462116352256456
12,54035,0.0004217448148269264,1.2422306522418376
12,54033,0.0012227984300548166,0.4177312809415458
12,54037,0.0007159458294240039,0.6444308416177267
12,54039,0.0016744821005031918,0.3263092717672288
12,54041,0.0004497818731863246,1.5576088517658602
12,54043,0.0003904704770769838,1.1532855106244897
12,54045,0.0006439386527388027,0.8993553480084875
12,54047,0.0007600015335339825,0.9826571827242545
12,54049,0.0007909496522415065,0.5609374744424303
12,54051,0.0006201845688640452,0.8126072506833673
12,54053,0.0005344114550421983,1.1232317224952364
12,54057,0.000484815109678962,1.255991163077675
12,54055,0.0007869634147349416,0.7564105895687495
12,54059,0.0007117069013092081,1.2177469225175355
12,54061,0.0012824028940630842,0.6625836835955612
12,54065,0.0002626967479408665,1.6133282704934468
12,54067,0.00040198575871052143,0.9934104637098794
12,54069,0.0008345093097219247,0.6866469347250788
12,54077,0.0006717350164864495,0.980421619365707
12,54075,0.0003353302996460985,2.566509320346235
12,54079,0.0006133273360106186,1.3786096566600052
12,54081,0.0008186409716184551,0.573695777270973
12,54083,0.0005013249972886518,1.3977579244318938
12,54089,0.0002611452502238263,1.3303112641919492
12,54087,0.0003174913669847027,1.7514811435641944
12,54091,0.00024287258511566373,1.503413865002335
12,54097,0.00038508624476263695,1.8021453034445745
12,54103,0.00040197557657469483,1.542359289969994
12,54099,0.0005573935826850463,1.4055721767517066
12,54107,0.0012346955282465921,0.4528530930056299
12,54109,0.0004421374882699107,1.1439336910611657
12,55001,0.0006733469595254096,1.0777465322741357
12,55003,0.0006027752740965269,2.1718319545065246
12,55005,0.0008741369593441872,1.0570445892704743
12,55007,0.0006398700831308106,1.4593986133909833
12,55009,0.0016961581298479236,0.30871370935858844
12,55011,0.0005420063354856222,1.5572844666281573
12,55013,0.0007412521827437071,1.1019886431799308
12,55015,0.0007554435612857455,1.3403041538157487
12,55017,0.0008251923732312305,0.8789618488983452
12,55019,0.001220015863350426,1.1407923233719726
12,55021,0.0011254513460903736,1.0285654738855492
12,55023,0.0007355374468203597,2.4030011545403247
12,55025,0.003938717870902462,0.4686481737097685
12,55027,0.0014971858520774406,0.952803680953025
12,55029,0.0007430943383685529,1.2174972714010528
12,55031,0.0005627533452603397,0.885030664947572
12,55033,0.0007551258303351525,1.294864017877745
12,55035,0.0007638067629594756,0.5188841529729872
12,55039,0.0013272514621059405,0.6916720500167601
12,55041,0.00042873738300071816,1.540032976100311
12,55043,0.0011665456282204522,1.4403709554701611
12,55045,0.0008229428587921807,1.216573224024187
12,55047,0.0006538632675639507,1.9890516431297558
12,55049,0.0008932933877515771,1.0886942814447156
12,55053,0.0005951154784873784,1.2059834856702552
12,55055,0.0010507065221740772,0.5683908634645145
12,55057,0.000927694554029175,1.0021103157326314
12,55059,0.001158801954211456,0.44208004428255354
12,55061,0.00033028139147040034,2.134932682686072
12,55065,0.0007620301345528595,1.4676308215315883
12,55063,0.0007265721374091892,0.5602173917827525
12,55067,0.0004679669194918227,1.701224275790999
12,55069,0.0007396930313900129,1.3971248669476957
12,55071,0.0011300815814625116,0.6694445067712009
12,55073,0.0014622578581431505,0.5679442059629873
12,55075,0.0008190021724847491,1.1334534958017575
12,55077,0.000648615062122556,1.293550143929658
12,55079,0.008994285184151296,0.3876566957316857
12,55081,0.0008909550978754435,1.51275609538171
12,55083,0.0007855981061948639,0.8996041803344933
12,55085,0.001067261950484955,0.8986804679841268
12,55087,0.0019613775415225766,0.38680966187506616
12,55089,0.0010744490248615218,0.9443641691765842
12,55093,0.0004774599762806656,1.609237107557315
12,55095,0.0008938842393563053,0.8419073938676644
12,55097,0.0008440236869740268,0.8144550508933541
12,55099,0.0009559828618835796,1.3360016598920137
12,55101,0.0012667320030850266,0.5714836371975371
12,55103,0.00057416517004077,1.6175944600229228
12,55105,0.0012166424950557145,0.46644961754178227
12,55107,0.0005357511302403138,1.4593198719383162
12,55109,0.0012653396210517754,0.8864043922998696
12,55111,0.00103879763303281,0.8438411817281537
12,55113,0.00046035835540815664,1.2577211990455794
12,55115,0.0009348750216921866,1.0715322406811878
12,55119,0.00064323531321051,1.3308990773347953
12,55117,0.0012418863136750456,0.6279771524061649
12,55121,0.0010279249662284945,0.853236406342859
12,55123,0.0009782666417708858,1.194482246345737
12,55125,0.0005732028888048736,1.4240283212362745
12,55127,0.0010745062397392422,0.9536179776049838
12,55129,0.0004998481769165759,1.4103748023711553
12,55131,0.0017157321309943564,0.6421411590890281
12,55133,0.00439097644063562,0.3491172826549376
12,55135,0.0011098544120041708,1.0074169935849482
12,55137,0.0006265208380184055,1.1249113257733283
12,55139,0.001249285678243368,0.48977396088024694
12,55141,0.0013181165945227607,0.9493972035916333
12,56001,0.0007954358407693845,1.0699824485809262
12,56005,0.000772539498690713,1.3809793052494734
12,56007,0.00027013632577240366,1.8645227738060275
12,56009,0.00030839454230219065,1.7652853193567237
12,56015,0.00019152299030721954,1.5685199754382766
12,56013,0.0006278535413856739,1.3243762874871898
12,56021,0.0007387798933701855,0.4832403723322844
12,56023,0.00027561971122611794,4.732726412451014
12,56025,0.0009529240260066325,0.5607952939933565
12,56029,0.0002801133330358817,3.5431551814541096
12,56033,0.0003643232344279772,1.5032355273910347
12,56037,0.0006985166341892844,0.7341857173775165
12,56039,0.00020201244292938732,1.9901960346289909
12,13001,0.0003984032462177346,1.257243358504084
12,13009,0.00035143074145908317,1.2119665970142524
12,13011,0.00036318968959640074,1.3144620722955656
12,13013,0.0009992804808417034,0.5507057176986974
12,13015,0.0009660473371800404,0.7962427427567057
12,13017,0.000347664893161106,1.2147671495711108
12,13019,0.0004854729340514341,1.0662010747142994
12,13021,0.0011742652967551628,0.3762798838697125
12,13031,0.0006527447929816094,1.1175653988543375
12,13027,0.00033428797638576624,1.212342405484712
12,13033,0.00040322767470070463,0.9483906971735202
12,13039,0.00041858602476770637,0.8537847820791774
12,13045,0.0009954322628347159,0.5923654479058146
12,13047,0.0007353860915791746,0.8257633760996558
12,13053,0.000994512437970978,1.620679240967908
12,13051,0.0016668181737668863,0.2976914228152526
12,13055,0.00044948412615412783,1.043588687542353
12,13057,0.0019991352837500135,0.4164099351426553
12,13059,0.002113652811289198,0.42165817778194353
12,13063,0.0026449056905932275,0.27521542958790035
12,13067,0.004547211115965409,0.3858875870865125
12,13069,0.0005477557421775956,0.8519316494405668
12,13071,0.0005859792150669641,0.8468666532269068
12,13073,0.001088677559625412,0.537552103780052
12,13075,0.00026488578682705655,1.0537111742786966
12,13077,0.00127431470467373,0.5039784846791262
12,13081,0.0003374346125409886,1.0227174047575516
12,13083,0.00029157148584425184,2.64507048268035
12,13087,0.00035931929292449513,0.9107024184793041
12,13089,0.0038677299098173598,0.37059674838691886
12,13091,0.0004441949424334849,1.1504891575044247
12,13095,0.0011638764847942858,0.450128908497818
12,13097,0.00133022814786563,0.511893887464824
12,13099,0.0005165826422486062,1.2556891016926366
12,13103,0.0006173338022855444,0.8794575660771397
12,13105,0.0004300179355154239,1.20337336235681
12,13107,0.0003208525012075627,1.145328989840388
12,13111,0.0003597877975096545,1.3715743178025617
12,13113,0.0014747907209994176,0.5510471225868177
12,13115,0.0008360169034489591,0.42452536514251493
12,13119,0.0003897809447717031,1.4756767524548258
12,13117,0.0028118684094925097,0.46373836368287263
12,13121,0.0055403776800064235,0.6156288869550447
12,13123,0.0003451534895223244,1.314224657804602
12,13127,0.0004548884383536975,0.8449462237782353
12,13129,0.0007313079292407021,0.7230135964608643
12,13131,0.0003620751047886619,1.126048076832682
12,13133,0.0005275352935001077,1.0158775241343825
12,13137,0.0004555376833622793,1.0881130279149478
12,13135,0.006892000958816561,0.36885628123598163
12,13139,0.001543217135606846,0.4002686890342289
12,13143,0.000350725820464722,1.3332765830532762
12,13145,0.00039947357883542535,1.3226836871020338
12,13147,0.0003112376340773676,1.4266101564197078
12,13151,0.0020324964544950223,0.476565642346432
12,13157,0.0006971398736227718,0.8044606505599694
12,13153,0.0012959910284978773,0.4754137096950616
12,13163,0.00029527481570761825,1.4212649251988319
12,13169,0.00043548080907132857,1.1947133275434298
12,13175,0.0007624715715159151,0.6442709522114517
12,13177,0.0003995604894878432,1.2861519223436109
12,13179,0.0011704626035844892,0.6255828162431848
12,13185,0.001243119816254755,0.49537987292531876
12,13187,0.0002390572022998233,1.407663346045267
12,13189,0.00041341408164760683,1.3052831690922506
12,13193,0.00032533284062462,1.1440696384885372
12,13195,0.0005102555409327665,1.0770460913958766
12,13199,0.00032181340731326016,1.4310459435999447
12,13205,0.00035711343694900546,1.3859749228628249
12,13207,0.0003190974957101241,1.3310017743372617
12,13211,0.00035994850811876854,1.1378861183493287
12,13213,0.0005933625781682234,0.970335881281279
12,13215,0.0018219694118229092,0.3399670999825115
12,13217,0.0008496253650786252,0.662853906882163
12,13219,0.00048255371220778644,1.1472961204290153
12,13221,0.0002536666300918059,1.2040418547842193
12,13223,0.0012982951495233562,0.4697596242088783
12,13225,0.00027095673257064655,1.1746008173185984
12,13229,0.00029123892537738825,1.3056289611347358
12,13227,0.00033081167600102277,1.2268875986605274
12,13231,0.0003109341541070967,1.381076554620275
12,13233,0.000554004433530131,1.0187743453151243
12,13237,0.00022875512635821727,1.4083615302893733
12,13241,0.00032255970532211797,1.4027632648362107
12,13245,0.001382254921559114,0.4836552653458492
12,13247,0.0007509854246304589,0.6133266627199067
12,13251,0.00037292470007293697,1.313133014702819
12,13255,0.0005067542999860968,0.5583492636950359
12,13257,0.000297962868971048,1.3565712496007087
12,13267,0.0003223116294168834,1.1180277554471076
12,13261,0.0002751197762738311,0.8728893082763807
12,13273,0.00034452963239341974,1.7723664075895924
12,13277,0.0003708965632414947,0.7041487132056472
12,13275,0.0004395999234229081,0.8598403533631817
12,13279,0.00034028141756380114,1.0120163864051688
12,13285,0.0007233183126184158,0.5860870134354681
12,13291,0.0004967326367227785,1.0759171938193008
12,13293,0.000375196893153669,0.8911019973949739
12,13295,0.0007005613830187345,0.8113427508570047
12,13297,0.0010911353740538324,0.6146928556734856
12,13299,0.000475319057169001,1.0083734288392325
12,13303,0.00030900342522589206,1.3007177409153792
12,13305,0.00039664265254069753,1.0768846162677284
12,13311,0.0002376592275423216,1.2428824090466088
12,13313,0.0010486446880644297,0.5207263660401908
12,13315,0.000396250394264107,1.407155916285216
12,13317,0.00020413447650260668,1.516865632237274
12,13321,0.0002792684135392699,1.2703161894192634
12,16001,0.002765027094595016,0.34414611561114494
12,16005,0.0009911796601941446,0.5309722906453658
12,16011,0.0007742040939648487,0.964499490200746
12,16013,0.00017832303318357184,2.00599394118571
12,16017,0.000524142472549537,0.7959729141054457
12,16019,0.0013427413814482896,0.4892499604723093
12,16027,0.0016052362419491963,0.5226429640293354
12,16031,0.000555621037537231,1.3503096979191402
12,16039,0.00021357882090062368,2.783000531487243
12,16049,0.0003163231363789353,1.3333116789470851
12,16051,0.0002848026936353939,1.82147791268056
12,16053,0.0003916334398355401,1.6641875085001676
12,16055,0.0011629841583384625,0.551936599030334
12,16057,0.00031046677287301783,1.2669373113834885
12,16065,0.0006179269526234951,1.6330992637030362
12,16067,0.00042069149140068284,1.653275616009324
12,16069,0.0004892278288653229,1.0685566198550327
12,16075,0.00033061060902493444,1.738520903276105
12,16083,0.0007510714917861844,0.6954374490453792
12,17003,0.0004662795426377226,2.0139888964091983
12,17001,0.0007409960130679925,0.5390966602194001
12,17005,0.00018155031580382604,1.238582215156994
12,17007,0.0005037360694049853,1.1133003163806985
12,17011,0.0008602225714495937,1.11835554184731
12,17015,0.0006222170389629804,1.3681378081254902
12,17017,0.0004986822482867271,1.852648583691315
12,17019,0.002329356678725311,0.549675989546371
12,17021,0.0007554131039363998,1.6242545880065242
12,17023,0.0002846119370071084,2.975281220000509
12,17027,0.0005439527571392315,0.9134100259425225
12,17025,0.0002587834150213806,2.0099043979589553
12,17029,0.0005056104666980961,1.5341482318273838
12,17031,0.018255915147031447,0.4840160016440932
12,17033,0.0005270129282022264,1.3970171009274142
12,17037,0.0008570876880781176,0.8815598772776174
12,17039,0.00036953875774248333,2.178018768960154
12,17041,0.0004775904467905653,1.184445616080916
12,17043,0.007230210470719403,0.29433650097386704
12,17045,0.0003432102707391089,1.5621570145422121
12,17049,0.0006633058003690217,1.17826101758216
12,17051,0.0004947948070589581,1.119746022651817
12,17053,0.0004195200937647142,2.482618112631339
12,17055,0.0010708809738194497,0.9092168564627792
12,17057,0.0009005118578256785,0.9245138345405681
12,17063,0.000561123749553372,0.9773072106512992
12,17061,0.0004555538213113463,1.3933480434582888
12,17067,0.0007903702665882743,1.0321419222199941
12,17073,0.0007563753388463157,1.0729402082184791
12,17075,0.0008757199912209823,0.874223397538597
12,17077,0.0007780177005724671,0.9430732290315531
12,17081,0.000587145134798788,0.8805866447725078
12,17083,0.00038458022819339623,1.0156164600995523
12,17085,0.0004023017113976356,1.156397621524567
12,17087,7.699024789921374e-05,1.3894841271304985
12,17089,0.0033319658830868776,0.5525581760611366
12,17091,0.0010900405681084576,0.44820320445463013
12,17093,0.0012143044712078712,1.0681004371766316
12,17095,0.000600219294667087,0.6068140021237627
12,17099,0.0013677351300062828,0.5608395386222648
12,17097,0.004137089463293662,0.5705315361873874
12,17101,0.0005260267605240539,1.4060316319226658
12,17103,0.000651205322762354,1.0372470346296316
12,17105,0.0005609129384955327,0.9501726930379717
12,17107,0.0005361719249976646,0.8029755130881634
12,17109,0.0004874750308715383,2.085756970465373
12,17111,0.0029258806930049994,0.33038877219781987
12,17113,0.0012977751088650345,0.39377907058718065
12,17115,0.0011686817145542382,0.3913726275633199
12,17117,0.000997324747865593,0.8974591210081085
12,17119,0.0020515589083752463,0.37081899024148834
12,17121,0.000998347259166279,0.888699720648785
12,17123,0.0005599131894272594,1.3856837939739843
12,17125,0.000619406807956466,1.5361926287750634
12,17127,0.0002964835841494761,1.7241075281546097
12,17131,0.00036469516143320833,1.4387221662936613
12,17133,0.0005017527434119071,1.9818310681377505
12,17135,0.0006506102558973069,1.3922416540353044
12,17137,0.0005757476229999532,0.838621228351687
12,17139,0.00028482041807678513,1.4960163298235598
12,17141,0.0007134235853402336,0.9211347347643395
12,17143,0.0018076585208738737,0.44294102181622813
12,17145,0.00047533640803291966,1.7067129041679447
12,17147,0.00025905972281903955,1.3560957979511188
12,17157,0.0006177866874319334,1.1020059446060924
12,17149,0.0004996341654926288,1.1876398308472431
12,17159,0.000373198996495276,1.4266741321443677
12,17161,0.0011126925803052487,0.3553977816139945
12,17163,0.0016387696243375714,0.5066090234252054
12,17165,0.0006782192074121564,1.4233418207627204
12,17167,0.0018930880009245122,0.32664648257823
12,17173,0.0005568606544120369,1.2383177315604665
12,17177,0.0007087777285431098,0.833240025233633
12,17179,0.0015117236296456325,0.5780647248289149
12,17181,0.0003986600711696929,1.5292758772936323
12,17183,0.001201803242772685,0.5128577734873124
12,17185,0.0003217199554426179,1.3065435855326495
12,17187,0.00032902075713096824,1.6341042918136517
12,17189,0.0003982747056413176,1.6555205636653139
12,17191,0.0005233122901084009,1.745372962670043
12,17193,0.00042187029322961764,2.154003260141833
12,17195,0.0011957138520582863,0.5923555310997236
12,17197,0.004015915598899594,0.3610334131628847
12,17199,0.0008286084966748941,0.6933437920252673
12,17201,0.001645070032297447,0.29750965721755684
12,17203,0.000747254343869527,0.9697493796062518
12,18001,0.00044078888301734865,1.6611095339581552
12,18003,0.0028613148763194517,0.309542554559341
12,18005,0.000799967796975346,0.631627189736734
12,18009,0.0003423012031964151,1.6344186285600935
12,18011,0.0006143224025302098,1.580684989752024
12,18013,0.0002551064072141418,1.4244475828613277
12,18017,0.0004480792113749179,0.988048876057909
12,18015,0.0007558477933712473,1.1868814873385765
12,18019,0.0009908412544154105,0.5878693384934554
12,18021,0.00046278377189579845,1.6650898276537114
12,18027,0.0005142597146546466,1.086714801429376
12,18023,0.0004200274440092989,0.9685623633551966
12,18029,0.000650605082848244,0.9710418392890074
12,18031,0.0004745924891473089,1.14288821127113
12,18033,0.0006065346682530674,0.7314670399390303
12,18035,0.0010595379943482098,0.45067472652699836
12,18037,0.0005951386303650885,1.2438686320608743
12,18039,0.001552828781994648,0.4428884913770159
12,18041,0.0004512770143628575,1.266677242426452
12,18045,0.0004902638330256401,1.520024184095289
12,18043,0.0008172183240460266,0.5725904804754953
12,18047,0.00036392777169201275,1.639926042866352
12,18049,0.00041064918326027167,1.1243666486484427
12,18051,0.000483798155854577,1.3610143223614237
12,18053,0.0007013330553469131,0.5850978359984637
12,18055,0.0006751529117218535,1.2967079686492085
12,18057,0.00269674820850194,0.3505209245175028
12,18059,0.0008069940824688178,0.887998282156397
12,18061,0.0006600824403879808,1.2765088155211857
12,18063,0.0012269040103413604,0.4811699237356577
12,18065,0.0008987273741735364,0.8369973689368805
12,18067,0.0009176662099686936,0.4615886647587423
12,18069,0.0007601732676237685,0.9002887666852121
12,18073,0.000534205485576537,1.127484781811905
12,18071,0.0006194217256067718,1.0521501394378268
12,18075,0.000703645280729696,1.3177988160561385
12,18077,0.0004222793257544234,1.1693060620657314
12,18079,0.00033815710896195915,1.2577005749225099
12,18081,0.0010276199233951325,0.5592910216505989
12,18083,0.0004164212741639245,1.0323177159318684
12,18085,0.0009382045851242431,0.5992134356735479
12,18087,0.0006086559318525412,0.9863810137318078
12,18089,0.002556914418002408,0.46251831492603945
12,18091,0.0008306456076609221,0.46359835648205894
12,18093,0.0006718050803233022,0.917922242094742
12,18095,0.001342224776100707,0.5077022884240175
12,18097,0.005740501232956584,0.21621377150037668
12,18099,0.0006732491319636016,0.8984028797633654
12,18103,0.0005091202571210275,0.7231438701085741
12,18105,0.001503198874435665,0.4265363474274939
12,18107,0.000624732464152822,0.9893068478130029
12,18109,0.0008333272942249009,0.9905919191929526
12,18111,0.0002826428927584431,2.294702518097751
12,18113,0.0006444097397186393,1.1081549102477823
12,18117,0.000622341155469476,1.2056773822196436
12,18119,0.0005068554855399394,1.508081526289306
12,18121,0.000285553413333164,1.43094545921205
12,18125,0.00043873049710265545,2.3023820342451873
12,18123,0.0003877562721237352,1.4846009260983277
12,18127,0.0008505213349780404,0.4603844245226554
12,18129,0.0004980155502146182,1.4133014306688574
12,18131,0.0002856765743284171,1.9164541115185176
12,18133,0.0004046623859570679,0.972610651194013
12,18135,0.0007574762119888747,1.150683427355762
12,18137,0.0004951230120915049,1.2422585751512678
12,18139,0.0004218150333116377,1.6918245831471685
12,18141,0.001907795268211272,0.2928673663694685
12,18143,0.00032860495982905334,1.3435493250576818
12,18145,0.0005731298007940274,0.9969629599391651
12,18147,0.0004173294645058212,1.631738709659664
12,18149,0.0005884106261525417,1.0655334084008572
12,18151,0.0005168266698063439,0.7943775748664574
12,18153,0.0002523683209029478,1.0868959371493099
12,18157,0.001422729964934519,0.5125697814760614
12,18159,0.0001789912596254728,1.2677466409049079
12,18163,0.0012380026577280847,0.2433921104412075
12,18165,0.0004531083019647977,1.5593131440583536
12,18167,0.0009032271905294748,0.4180073437523598
12,18169,0.0005869105532766504,1.75636288237365
12,18173,0.0007080492367910747,0.8110680246503574
12,18175,0.0005676127223740954,1.1097627054596735
12,18177,0.00078500814384652,0.7470992075709774
12,18179,0.0005600908087755829,1.1668698581483203
12,18181,0.000604080347453763,1.1241692250605346
12,18183,0.00045362510969527693,0.8707549281718183
12,19005,0.0004726953121938442,1.3567929738705047
12,19007,0.0003960035943848875,1.3303238455974533
12,19011,0.0006591991706583136,1.164602249026064
12,19013,0.0012796830253416762,0.4557414444817764
12,19015,0.0005490733561141454,1.2570044460025351
12,19017,0.0006229329852087675,1.2513735496092537
12,19019,0.0005754722958646352,1.2090236299053354
12,19021,0.0003729672331395595,1.4864373407621727
12,19023,0.0005685769132013428,1.287545777691266
12,19025,0.0003963805912904901,1.3041377920426689
12,19027,0.0004865053943700164,1.5626875420516044
12,19029,0.0004204633921965668,1.7632845508392812
12,19031,0.0004534862790549352,1.260653864963334
12,19033,0.0005590698768680712,1.173443467770741
12,19035,0.00034749864799749275,1.3163351254968196
12,19041,0.0002478811662361197,1.774107116594817
12,19037,0.00044692966604908534,1.723435333076409
12,19043,0.0006529965162971634,1.3135626460661087
12,19047,0.0006517693866612384,1.2860982815734057
12,19045,0.0008670023847636455,0.9301677328899132
12,19049,0.000808686010479307,1.1340132776406593
12,19055,0.0003132565794229016,1.3180836606202073
12,19057,0.0006152188174561901,0.7490756022140859
12,19059,0.0003721377584587938,1.440463368202473
12,19061,0.0009922140079520268,0.5804349156151487
12,19063,0.00026873641426019033,2.0892983077024763
12,19065,0.0008068281084451632,1.6669698276424951
12,19073,0.00043393103346642237,1.7287792470192067
12,19067,0.0003971716024484031,1.7376516539047127
12,19075,0.0004435387468561455,1.4143748463155987
12,19079,0.0004296512529087918,1.6191186546569252
12,19081,0.0003999341417336236,1.4978800325975057
12,19083,0.0006954340486213617,1.3894245687037359
12,19085,0.0006534715484718146,1.4967537566041254
12,19087,0.0004493062860473148,1.2676186232524869
12,19091,0.0004309802630856324,2.2459788993480263
12,19095,0.00038218351208656767,1.323678607376103
12,19099,0.0006048574098874961,1.1279093580315234
12,19097,0.0005418567884251034,2.306382801197192
12,19101,0.0002242028290601313,1.8251728696545553
12,19103,0.0015847583291812768,0.5393437699188045
12,19105,0.0004900527325485599,1.7721804216447476
12,19107,0.00046248329166234946,1.380055796942614
12,19109,0.0007370356848501151,1.5410572411294512
12,19111,0.0006689238156400388,1.389963815255264
12,19113,0.002110492449509957,0.31256794909716623
12,19117,0.0004872934756732262,1.6348519828263142
12,19123,0.0006050672090425075,1.1421611746534701
12,19125,0.00039434172420987944,1.7314133866624501
12,19127,0.0006711005243624821,0.714760755317207
12,19129,0.0003899039960455435,1.6590143409175535
12,19133,0.00043924211367544184,2.03459600339881
12,19137,0.00035878578493267585,1.8444622093606338
12,19139,0.0006176767034467114,0.8015409104867259
12,19141,0.0003651987682776747,1.721846192751276
12,19147,0.00035014741518839596,1.5304589346440742
12,19145,0.000552240621587673,2.263195643960002
12,19149,0.0004991654113722534,1.5073787015374294
12,19153,0.0029577504886957504,0.2653450971548963
12,19155,0.0012730449420880535,0.5573986179848767
12,19157,0.0004332753305426159,1.9883032441865123
12,19161,0.000619167320123333,1.4318103528898802
12,19163,0.0014475160164792898,0.37281418294765234
12,19165,0.0003018126694747281,1.8527363621678041
12,19167,0.0006266815393066591,1.180360688588872
12,19169,0.0012852020167672688,0.9098756768318313
12,19171,0.0006703911247199139,1.5844576759248314
12,19175,0.0002425238296041462,2.164590161464206
12,19179,0.0007966286424349376,0.7557461584132601
12,19183,0.00038115680847682445,1.7652519781752771
12,19181,0.0007189459799563274,1.1614825175681855
12,19187,0.0006005540861685281,0.7407593623956815
12,19191,0.0003870533183681184,1.47937487610439
12,19193,0.0008301015806127347,0.468709486852525
12,19197,0.0005064206600080938,2.0809244180133013
12,20001,0.000588780794056913,1.444125540404502
12,20005,0.00020805904672571623,1.7065730430877928
12,20009,0.0004903809235736075,1.0979389714248113
12,20011,0.00043378993559726965,1.7042575050266597
12,20015,0.0008283080304086415,1.1143023675249144
12,20029,0.00030114357497774047,1.9918541730735013
12,20021,0.00043568678446624345,1.3995339365090909
12,20035,0.0007511574807903348,1.1093635608221064
12,20037,0.0008053899217819809,0.9224644688069451
12,20041,0.0004756694379265869,1.5764106060769851
12,20045,0.0015994346682429309,0.47621120726886995
12,20051,0.0003626363377544094,1.1982799681900855
12,20055,0.0008949557843208127,0.7526054099935768
12,20057,0.000491043652141794,0.9409286755471936
12,20059,0.0003426592386413506,1.3249767936240824
12,20061,0.0008814315427789443,0.9162584357649709
12,20079,0.0006303821767445335,1.194963040935037
12,20087,0.00034971256024800355,1.2897430701860946
12,20091,0.003857660458156875,0.31897789297986057
12,20099,0.0006464017695825308,1.1722291838176382
12,20103,0.0006850572345394803,0.7803243460467708
12,20111,0.00046357228020933527,0.9561101529933146
12,20113,0.0005627878133768398,1.5757346191020252
12,20115,0.0003374271164829259,1.3017674686469223
12,20117,0.0003689575047335367,1.3011593311476362
12,20121,0.0005091665901748121,1.0608062701574008
12,20125,0.0006891056124841972,0.9621136605842523
12,20133,0.0004376764249189673,1.4470024169185802
12,20149,0.0002744448407072706,1.6045241317476922
12,20139,0.0004908155625068649,1.6355939187530464
12,20155,0.000661995815986673,0.5776241939289617
12,20161,0.0012951771911019533,0.7564364654212336
12,20169,0.0004402375544303636,0.6811453625098943
12,20173,0.0034969397923805285,0.24129698859605217
12,20175,0.00044275688437514016,1.3261496467515925
12,20177,0.0013094545739497604,0.303169499288015
12,20191,0.0005649607682017239,1.18623131445534
12,20205,0.0004500106012074272,3.0365503528978928
12,20209,0.003912992173854869,0.2992472555344425
12,21001,0.0005581171685085027,0.8697469736156032
12,21003,0.0004371186090309314,1.076359492669786
12,21005,0.000379480047765973,1.4111455490676097
12,21009,0.0005610658412188695,0.712416826669994
12,21013,0.0005668595993369216,0.8891522488246625
12,21015,0.0009977575434576345,0.4655517002463216
12,21017,0.00045280690176039096,1.0613730259732108
12,21019,0.0005219091034748828,0.7066018965496387
12,21021,0.0003999220195135299,0.99581956153933
12,21025,0.0008378874738026471,1.138727310109807
12,21027,0.0004940264437799049,1.037818264523996
12,21029,0.0007394420135614474,0.5120018945566779
12,21031,0.00031093959080903433,1.3864719483930106
12,21035,0.0003293942674717748,0.986096233188803
12,21037,0.0008574793986835343,0.6482595319312179
12,21043,0.0004738530223922148,1.1263649059528424
12,21045,0.00040936182659516163,1.271647587845073
12,21047,0.0009334740352429298,1.42915883654482
12,21049,0.0006296953245945753,0.8264537697333749
12,21051,0.00040458840041164665,0.9475420186695583
12,21055,0.00030988609843642155,1.205226335385942
12,21059,0.0009531700992179996,0.5654080812718311
12,21061,0.00010512798385332665,1.3884472234202674
12,21065,0.00033229548506979377,1.3159418960679294
12,21067,0.001957184862790558,0.25754655293634926
12,21069,0.0003430589760506021,1.4741756613880654
12,21071,0.0005731843445928188,0.9296685005577303
12,21073,0.0006672043358069435,0.6437733680203469
12,21079,0.0002778887864961719,1.3410716701349403
12,21081,0.00021274577121911038,1.661160890389114
12,21083,0.000589995540472279,0.8059816568546823
12,21085,0.000561817261740767,1.0327770905671745
12,21089,0.0006306185362762919,1.2338863187996771
12,21087,0.0003037633227009573,1.283526977789436
12,21093,0.000930832126160186,0.5808750847387488
12,21095,0.0008441723489731576,0.8347447849337012
12,21097,0.000313084043031474,1.3667439252700428
12,21099,0.0003999394092194443,1.228045535356967
12,21101,0.0005110427864009135,1.0362325885173178
12,21103,0.0005171282196101081,1.4420340695086462
12,21107,0.0007625331016441654,0.7801650437728598
12,21111,0.003572998938510465,0.42305086671618813
12,21113,0.000427264373490305,0.8716175554048662
12,21115,0.00037625522780660315,1.2406333528250522
12,21117,0.0012948026768199595,0.49346411394934303
12,21119,0.0004329577710495454,1.2725203144549164
12,21121,0.0005075459274184129,1.0648419050715479
12,21123,0.00017194049453819686,1.1809917892464512
12,21125,0.0007444530785557538,0.6617716925035586
12,21127,0.00038942100519908675,1.1710482021700912
12,21135,0.0003111355129305972,1.2033629199597584
12,21133,0.00042454890880791696,1.1568277208462054
12,21137,0.00033576518366058183,1.0643257437161415
12,21141,0.0004380736228061707,1.0955745388156868
12,21145,0.0005759558214967336,0.6322429783022557
12,21147,0.0002333007024587539,1.189741335868069
12,21151,0.0006639830720319528,0.761022292881514
12,21153,0.00021375966690743127,1.1757586905504542
12,21155,0.0002981273598446028,1.1477519908366258
12,21157,0.0005841638498009156,1.2828345407719814
12,21161,0.0003597544873614702,1.2527775043369616
12,21163,0.00030177236617028367,1.7113647621075805
12,21171,0.00032318490419584977,1.1805409396831423
12,21167,0.0003979830057397229,1.4450007315736038
12,21173,0.0003669132720256527,1.1398018727578785
12,21175,0.0005340534241320933,1.2224870716139784
12,21177,0.0006653072164402072,0.9011730531745774
12,21179,0.0005186526917950782,0.8597196194314958
12,21183,0.0005324214847848505,1.0418227148205181
12,21185,0.0010315038590493534,0.703915062249443
12,21193,0.00042196573818627334,0.9840734858652926
12,21195,0.0012175194505924187,0.6037675264626547
12,21203,0.0002602732233288639,1.2031616393127942
12,21199,0.0007359673744011155,0.5351318592002886
12,21205,0.00019277020607913497,1.3332641312504117
12,21207,0.00033371903944917413,1.5231259890571365
12,21209,0.000695329669911743,0.6661080894671462
12,21211,0.00038348804110004375,1.5461774772189134
12,21213,0.00020834677058389616,1.39401266186134
12,21215,0.0003095505789554284,1.3762962836332728
12,21217,0.0003174502354487664,1.315864446880178
12,21219,0.0003019725741613014,1.475296352123606
12,21221,0.00017263528609296215,1.1166810175843807
12,21225,0.00019840403685854612,1.390817357133748
12,21227,0.0007875896349378643,0.5615677913435688
12,21233,0.0002761857525169462,1.50206051380977
12,21231,0.00032625989089253457,1.4429371199305903
12,21235,0.0003962005107758966,1.4784291130688136
12,21239,0.0005236169862621143,1.0400843625558929
12,22003,0.0002783186088219916,2.402248945316023
12,22001,0.0008587312002939576,0.726764978472498
12,22005,0.001140573191578589,0.6013057476585876
12,22007,0.0004984660844755997,1.0844147953063883
12,22009,0.0005984801003627174,0.8442567634169134
12,22011,0.0005530213880401577,1.1004937493615743
12,22013,0.0005059385650936188,1.7356616019448565
12,22015,0.0009015307087931635,0.5545289712716075
12,22017,0.0015830433998263453,0.308160461959451
12,22019,0.0010975481668734583,0.37837618336575357
12,22027,0.000421606136737543,1.3885083041579758
12,22029,0.00029441719929407804,1.6282358533029846
12,22031,0.0005046449695609614,1.165320767885975
12,22033,0.0022163739471604458,0.38781022592097747
12,22037,0.00030331508674518603,1.2784418851822792
12,22039,0.0005576801598814234,1.254388778270698
12,22041,0.00043617865027531066,1.827932180120175
12,22043,0.0003315816171596586,1.3679211124496562
12,22045,0.0008228747943078139,0.7727235382441843
12,22047,0.0004364327236358173,1.1796647187027234
12,22049,0.00039623738685971,1.5154916133508225
12,22051,0.002151381667079553,0.24603402413997202
12,22053,0.0005046391858656161,1.3119972205502148
12,22055,0.0011929883038132257,0.33726043251187426
12,22057,0.0010954294419918368,0.803871949563193
12,22061,0.0007906956064398762,0.7709796978034014
12,22063,0.0011465189931434137,0.5155231917733857
12,22065,0.00038709405567877885,1.72006338374065
12,22067,0.0004857514591879628,1.227829157069464
12,22069,0.000543460516464583,1.2322470742624319
12,22071,0.007866188586253951,0.3039905987525875
12,22073,0.0012343062190416983,0.362855747040408
12,22075,0.0005999911364299559,1.6293781371170588
12,22077,0.00037196110476364765,1.7091497656943428
12,22079,0.0010773933773772192,0.37357752203061684
12,22083,0.0003960613028930598,1.5516969629525863
12,22085,0.0005661987360271721,1.1363676048718288
12,22087,0.0011813720732887995,0.5398060718031943
12,22089,0.0005859136218104024,0.6745087263136073
12,22093,0.000543198652793283,1.1721074030218546
12,22095,0.00047774330729603165,0.8969109726029274
12,22097,0.001093219847974606,0.6878446251199102
12,22099,0.0005372460522799014,0.7910191527293837
12,22101,0.0010917320997855336,1.2276688347512312
12,22103,0.001208843381251761,0.42999381837705314
12,22105,0.001054683580134951,0.5416624560192065
12,22111,0.00040935448730565135,1.0512226586485343
12,22109,0.0010749818279911674,0.5489601792065558
12,22113,0.00067402695513913,0.7627746843833025
12,22115,0.0010401299713312796,0.9069881227037424
12,22117,0.0007305353074311216,0.9868535308959191
12,22119,0.0005405880056037457,1.3138850496316696
12,22121,0.00028909546981171585,1.7896367077619215
12,22127,0.00027655171080847164,2.1049006717817975
12,23001,0.00113135738511467,0.5092984586482527
12,23003,0.002102457306897528,0.7211578007457293
12,23005,0.0022455595228531803,0.669209988081104
12,23007,0.0005521074761091806,1.1828605271432442
12,23009,0.0016406791450754845,0.6088962792072312
12,23011,0.0016596285621138906,0.5611664315088302
12,23013,0.0007430424995365237,0.9721128442079445
12,23015,0.0006336697535238595,1.42587288709783
12,23017,0.00131389633480274,0.6492651566943475
12,23019,0.0016824191027189172,0.5250485516573996
12,23021,0.0008071946127225813,1.0071767798938591
12,23025,0.0011427520575538787,0.7977489280609985
12,23027,0.0006715661043971763,0.9953206545472255
12,23029,0.001189935920545799,0.6541923598288238
12,23031,0.0014763041102798641,0.41747902877293147
12,24001,0.0010602728203342475,0.5294086828779829
12,24003,0.0034223043455694066,0.2838561829304398
12,24005,0.004965941687915392,0.32558246583168543
12,24009,0.0012492456805741083,0.6347022799003148
12,24011,0.0007205896388889393,1.0338355810553588
12,24013,0.001978987932495239,0.36589916666277905
12,24015,0.0010071711689022722,0.615613138296216
12,24017,0.0014814186465951864,0.44829090774225844
12,24019,0.00047045247540309634,1.1329408736195485
12,24021,0.002195164119088641,0.42659450682619415
12,24023,0.0006168839242809006,1.116924875780733
12,24025,0.0024355374424076892,0.35405252642460955
12,24027,0.0036020300797293954,0.43834596407553167
12,24029,0.00031843268027631575,1.4552201659014359
12,24031,0.006575329632218353,0.27768006828388103
12,24033,0.006704222548430233,0.4247572629010871
12,24035,0.0006296750677016123,0.8680902015870444
12,24039,0.00041361050417267964,1.4826713187032845
12,24037,0.0010140177598893395,0.8346573611965504
12,24041,0.000649938328394964,1.3703354619917045
12,24043,0.0010664770905145513,0.4737166151086432
12,24045,0.0008528099502092423,0.5094848052970719
12,24047,0.0006524492558635897,0.8565576582711908
12,24510,0.00705549106830401,0.26197084315096364
12,25001,0.0025407887907182075,0.3426742570158442
12,25003,0.0018991130002632222,0.5253069583274882
12,25005,0.0028379789740707643,0.5615519840452508
12,25007,0.000345449467082784,1.8753010343588392
12,25009,0.0035293055363455404,0.5309837039415103
12,25011,0.0013968995517948794,0.9036926741253805
12,25013,0.0023349657421115077,0.3103587454032233
12,25015,0.0018849014414789628,0.6126817579133021
12,25017,0.008975454383046085,0.6527805071631431
12,25019,0.00024998467257880306,1.4777969095133603
12,25021,0.005086448870112642,0.6157393317094612
12,25023,0.0029210944301294025,0.521687464212613
12,25025,0.00917883454566634,0.4375546050171418
12,25027,0.003823313676939215,0.31350444148307693
12,26001,0.0007917471161311857,1.4841143323913384
12,26005,0.0011661499433605722,0.6739797521803954
12,26007,0.0008418711915935832,1.0203153766395583
12,26009,0.0008180490370138844,1.172845764958068
12,26011,0.00062976854570957,1.356411571699895
12,26015,0.0007225015868023748,0.6830800791424262
12,26017,0.0009419839578975513,0.5439313693120765
12,26019,0.000444780002920526,1.462378036187539
12,26021,0.0016530436898827255,0.41963006839862166
12,26023,0.0008889604631995192,1.0647496503626384
12,26025,0.0015444923377846056,0.41590572401902565
12,26027,0.0007880836232876014,0.6688411557352347
12,26029,0.0010511462847195231,0.9684062125613722
12,26031,0.0008415146713822275,1.003309911883907
12,26033,0.00048566458049602247,1.909428311192282
12,26035,0.0007995919007742134,0.7900245025468784
12,26037,0.000919681525701134,0.5449422982186354
12,26039,0.0005166622474694141,1.1937015503043444
12,26041,0.0008240001060708471,2.153037697330834
12,26043,0.0005428915085992836,1.0628519936627758
12,26045,0.001515913319754242,0.6324690805292077
12,26047,0.0005489887665331745,1.0386231345625132
12,26049,0.0032525192960886464,0.2691227661393524
12,26051,0.0006828183544668187,0.9172420210474479
12,26053,0.0006524799359559494,1.4932812214343933
12,26055,0.0009239520716043037,0.6043993406326063
12,26057,0.0007068106658851791,1.0845490918158434
12,26059,0.0008429795077503234,0.901219942997198
12,26061,0.0007947449301907153,1.0578086948253873
12,26063,0.0011619617620500255,1.1034120967777268
12,26065,0.0032227179088794495,0.5420851266135612
12,26067,0.0006899569934708993,1.2589133989393968
12,26069,0.0010338510987296249,1.0143999359755753
12,26071,0.000703146052013617,1.3533654164066988
12,26073,0.0007673618307422252,0.9024785125129663
12,26075,0.0010433598061109048,0.5584327523386502
12,26077,0.0016461784614790864,0.3070512034154186
12,26079,0.0003674083652354051,1.2621871595177006
12,26081,0.004100268177743416,0.35903251844225254
12,26085,0.0004889744901986548,1.1483050681470253
12,26087,0.0013014826843565936,0.6326957632987826
12,26089,0.0007300101979270693,1.2616154671001425
12,26091,0.0011218754491436873,0.7626361195027037
12,26093,0.003679597179179071,0.3205301483174451
12,26097,0.0007055444993521312,1.502945930114832
12,26101,0.0009118845983094064,1.2679586027996756
12,26099,0.004196279990060616,0.3087807629056823
12,26103,0.0010458700749424077,0.9353557658949034
12,26105,0.0007071637963847648,1.2919323390078963
12,26107,0.00038929408882171733,1.5444982623396453
12,26109,0.0007816803247876827,2.131754962727605
12,26113,0.0004666791840135198,1.3025162792074672
12,26111,0.0009889582692007952,0.6309592446308757
12,26115,0.0013226047841333056,0.43174810582027756
12,26117,0.0011670257223493788,0.8639993251555657
12,26119,0.000664329995502968,1.5274605149535538
12,26121,0.0012074158680622925,0.3858204693162923
12,26123,0.0012067276283707887,0.8328446008931093
12,26125,0.008031350773316723,0.2157653766116021
12,26127,0.0004487047364677523,0.8444693258667273
12,26129,0.0007701556323514906,1.0539568236895556
12,26131,0.00021167533433271907,1.5782396987893696
12,26135,0.0006960011763017153,1.439107228716479
12,26133,0.0008775185886583057,1.1334008356668102
12,26137,0.0004998813029624568,1.1581403054524153
12,26139,0.0018968006811813476,0.5045955365743735
12,26141,0.0007977818558006673,1.3492833270533264
12,26143,0.0009620274900072212,0.9030433279411144
12,26145,0.0017087260864975557,0.34454495429348775
12,26147,0.0018922846354965826,0.5811004247498955
12,26149,0.0010698605115501553,0.7352861366083051
12,26151,0.0008625152187875822,0.9492193933127152
12,26155,0.0009149099398819812,0.9293075555661922
12,26157,0.0013801948189480218,0.6788960338903324
12,26159,0.0009725466718410343,1.231171163403722
12,26161,0.003388390515743455,0.36246540230488145
12,26163,0.012395760170871342,0.2850098439073667
12,26165,0.0005041353463246803,1.0886249513066337
12,27001,0.0008182468386173227,1.2498750945614496
12,27003,0.003955762613789416,0.44223218404667214
12,27005,0.0008532237186606709,0.9848642900077506
12,27007,0.0005323066629823885,1.1458349294403625
12,27009,0.00047687253194337074,1.1057622240381344
12,27013,0.0008675536054047112,0.7598299133691468
12,27015,0.000517634376636307,1.7101283134340395
12,27017,0.0004990666275108852,1.1751093874986067
12,27019,0.001555537834718636,0.6269501904387859
12,27021,0.0006923177393458856,1.0806726813945704
12,27023,0.0002979322252649156,1.2720451089373404
12,27025,0.0009073826681423928,0.9258392801782875
12,27027,0.0006831671030633173,0.8515902693768771
12,27033,0.0003496404279075882,1.3748004097049888
12,27035,0.0008408672666504358,0.8443920791815688
12,27037,0.00340642641507238,0.2713617578125823
12,27039,0.0005450681727974504,1.3182481813944822
12,27041,0.000749325620515916,0.8243349577052959
12,27043,0.0009269508850654728,1.8779827886186207
12,27045,0.0009488284676782875,1.2336695509941418
12,27047,0.0010064167562434795,1.1859834195401286
12,27049,0.0008198797333947034,1.4369338074080291
12,27053,0.007238062755113901,0.40418415962494775
12,27055,0.0005468433864772124,1.917608433247197
12,27059,0.0005988055990611641,1.0306808245121248
12,27057,0.000924315687252419,1.769057057514953
12,27061,0.0008371404257265893,0.8972702186060705
12,27063,0.0004201464626508561,1.6685903059176235
12,27065,0.0003730806277871549,1.54263987467784
12,27071,0.00024421614822796154,3.4411475183702134
12,27067,0.0007335570235994583,1.2109110927150808
12,27079,0.0006900218701842198,1.0605034248965295
12,27083,0.0006089146917661934,1.2302634986487437
12,27085,0.0006514262936211159,2.361121771390149
12,27089,0.000568937988253716,1.59107565838506
12,27091,0.000643452452882902,1.3351149392620483
12,27095,0.0004761074139182059,1.753042857076103
12,27093,0.0006500163029510879,1.4527424117162413
12,27097,0.00081114055858478,1.578462883550237
12,27099,0.0008020929493309181,0.8697309383989382
12,27105,0.0004699431649486572,1.3854403467845486
12,27103,0.00045426699148431494,1.8340757611259304
12,27109,0.0017237143844824386,0.3837211525146933
12,27111,0.0014798795407440749,0.7968351269290147
12,27113,0.00043202231087643197,1.5092699361728377
12,27115,0.0008258484135265851,1.1862212232132723
12,27117,0.0006891242460551625,1.900693170131863
12,27121,0.0004899637793292622,1.4778003137246776
12,27119,0.0007125154820201651,1.999184080429093
12,27123,0.003837511157837515,0.32565921500895756
12,27127,0.0006815073122069144,1.6132685638513604
12,27129,0.0008086311379080855,1.149610540939365
12,27131,0.0005728903905556071,1.1662702318943685
12,27135,0.0005071714262027416,1.5220590527687563
12,27137,0.002131884229430695,0.6800926438336641
12,27139,0.0015802418249943782,0.5620096250391218
12,27141,0.0010475004228515648,0.8314913453399091
12,27143,0.0005163771075707775,1.593788091416755
12,27145,0.0012134328150295976,0.5800163317800822
12,27147,0.0005440552327363726,1.07022073485433
12,27151,0.0004840863574054464,1.8561550321452718
12,27153,0.0007789890253801048,1.0902711002873813
12,27157,0.0005960326691828232,0.9902852324493658
12,27161,0.0003927124546267462,1.6789740216004856
12,27163,0.0018342390603490904,0.5037575534585115
12,27169,0.0005065920667777199,1.0755570911880314
12,27171,0.0012459895990688734,0.8228092665494702
12,27173,0.0005046993326083839,1.676695485140251
12,28001,0.00044495927797137794,0.9156174906526781
12,28007,0.000530723663574247,1.328069963243068
12,28003,0.0004978835481553757,0.9712379404833962
12,28011,0.0006326924980354305,1.357869455579685
12,28013,0.00044639920123429365,1.7779342555133597
12,28017,0.0002975427415022702,1.515883202270496
12,28023,0.0002693259097396158,1.4074523872081204
12,28025,0.0003316290849009662,1.9957187651157744
12,28027,0.00047774054881314596,1.3989925675038257
12,28029,0.0003796788505738886,1.2101266896387166
12,28031,0.0002166873364094999,1.1190491687947284
12,28033,0.0015172060628261348,0.4541636613322473
12,28035,0.0007651897242608383,0.5888254393825557
12,28039,0.00036283337705504334,1.3218968135528342
12,28043,0.00029116727150491664,1.5232582800283685
12,28045,0.00032604093210169725,0.9500254815104454
12,28047,0.0009180206931298023,0.40065990775940025
12,28049,0.002212048859002109,0.27229011749908005
12,28051,0.000577200923114475,1.2220647265483782
12,28057,0.0003552990637702844,1.0472448817550009
12,28059,0.0008699984896775325,0.6439928578415726
12,28061,0.000308689371964776,1.4803893451551902
12,28067,0.0005883201304321605,0.7449083161269148
12,28071,0.00048449047469868267,1.0651261944942896
12,28073,0.000553736907547709,1.0467980769694498
12,28075,0.0006042898773593111,0.7797104813765103
12,28079,0.00029626717444800754,1.255778209778833
12,28081,0.0007665523002667569,0.538273798663976
12,28083,0.0005556428407433892,0.9185334306503152
12,28085,0.00039234341301841533,1.3453452052945523
12,28087,0.0005166105396987382,0.7824512502773973
12,28089,0.0005604255023606078,0.6988700338861911
12,28091,0.00037455847579332904,1.5170578732956566
12,28093,0.0002976507531275603,1.667299186823865
12,28095,0.0006862356348348291,1.2469624005102877
12,28099,0.0004903095189772209,1.1396567951361816
12,28101,0.00031196815653227486,1.4394565674759867
12,28105,0.0007886637385480615,1.03039927260039
12,28107,0.00044122436145630937,1.2407154434706542
12,28109,0.0005454096762598819,0.9897091833380937
12,28113,0.00046552071872256196,0.947483850645896
12,28115,0.0004546523813543131,1.0043597224627705
12,28117,0.0003430300725911484,1.3364533598540622
12,28121,0.0009986876685321926,0.4624229226767858
12,28123,0.0005079039015293054,2.098632724268294
12,28127,0.0003938972649777256,1.2279049987205561
12,28133,0.00044781274908471745,1.5012213753302512
12,28135,0.00021019156389244203,2.82390338597287
12,28137,0.0003799390234889428,1.350103237482035
12,28139,0.00023719272797730962,1.4167066826400982
12,28141,0.00020720395729655687,1.512446995638217
12,28149,0.0006697847519072415,0.8381754280134454
12,28145,0.0005702859392172972,1.0820858995914093
12,28151,0.0013271535305301012,0.6523756650534678
12,28153,0.00031659044315357065,1.2397284962287451
12,28159,0.0004224211658648954,1.3654620101196502
12,29001,0.0003183361680361847,1.1112382325022754
12,28163,0.000325037553339618,1.2552360379428247
12,29003,0.0003378005620674016,1.1876301310917583
12,29007,0.0006067237422774756,1.0815188292362103
12,29009,0.0003737321241533037,1.2870526552716064
12,29013,0.00029745875879289387,1.4348217609308738
12,29015,0.0004392033680008418,1.1234592488509358
12,29019,0.001466783749856967,0.48778137490065127
12,29021,0.00101048142507512,0.46736974167171613
12,29023,0.0005970106238624744,0.7792670494707112
12,29027,0.00046909876863770637,1.127678224953066
12,29029,0.0005889551084945157,0.8207325369393892
12,29031,0.0005116909659686446,0.9251273254263833
12,29037,0.000919933430682168,0.737168740105227
12,29043,0.0012329557123205337,0.5735972982156665
12,29049,0.00027230766699451394,1.568673605436829
12,29047,0.0016269522438482986,0.4021510519835159
12,29051,0.0007130833728434027,0.6745722547564583
12,29053,0.0003384536911279117,1.626064549331743
12,29065,0.00020894892209739478,2.3020497276343965
12,29055,0.0003162255922179298,1.1086529043641138
12,29069,0.0007673304340160274,1.3144054048234153
12,29071,0.0011922309643234601,0.7459063054989139
12,29073,0.00035647390663981205,2.340600118277638
12,29077,0.0017808947243240847,0.3697407690632346
12,29079,0.00027183219899604296,1.6579270109180746
12,29083,0.00047350181609651185,1.496750568528946
12,29091,0.0006712288718678887,1.1440856757861564
12,29093,0.00037542020644545606,1.6350814738857513
12,29095,0.003464167723052495,0.4018200927509865
12,29097,0.0009526182693498708,0.6254834866057087
12,29099,0.0021552367243569373,0.4033774329685682
12,29101,0.00040729275839969603,1.6978593339209698
12,29105,0.00037634790354704715,1.3730212400524537
12,29107,0.0005191978062613525,1.3200927072736401
12,29109,0.00039352688717530213,1.6459910902403805
12,29111,0.0003456725250899211,1.317053254729336
12,29113,0.000683706326377091,0.9246587749818672
12,29115,0.00045222768913580027,1.355594377495046
12,29117,0.000322557673421088,1.3557023155799945
12,29119,0.0003375634050602394,1.2633625908793027
12,29121,0.0004075878168733821,1.7636778451839932
12,29127,0.0005272773031732527,1.8822519430151448
12,29131,0.0003625374618154429,1.7927804665328004
12,29133,0.00024005061251051784,2.5147304609283467
12,29135,0.00028161247985846106,1.498137110862349
12,29139,0.00034246625461872404,1.3814142689265732
12,29141,0.00022307014479010307,1.3862023273936042
12,29143,0.0005460141974435014,1.3593495745153088
12,29145,0.0007585128583381037,0.9713800523737791
12,29147,0.00021476629103576528,2.119340155958434
12,29151,0.00036656385012860914,1.4631198652601622
12,29155,0.0006268628124566518,1.6837457838038603
12,29157,0.0004268686285242421,1.5505408879838956
12,29159,0.0005762925300804811,0.813337418137654
12,29161,0.0003989525196210374,0.891532714518092
12,29163,0.0003631171912338983,1.6705271009225362
12,29165,0.0007036229138057266,0.4893013199192183
12,29167,0.00030727420495043733,1.2900697184891465
12,29169,0.0005338554522658605,1.0920313766288863
12,29175,0.00046284334452866336,1.1314575007133576
12,29177,0.0003291858897400207,1.223006161007293
12,29181,0.00034595991369786125,1.3404563103760632
12,29183,0.002599083256906959,0.4031510171914978
12,29186,0.00027468751593015685,1.5418537875676215
12,29187,0.0005754739135751623,1.0738585774032299
12,29189,0.00493348487143327,0.3940262881507119
12,29195,0.000704506252427253,1.2118622239463837
12,29201,0.0006443575701199788,1.310289244296702
12,29207,0.0006812940847097144,1.284469453283643
12,29209,0.00041160842849208035,1.2243749419541439
12,29213,0.0004291478332772686,0.8559405996696678
12,29215,0.00034495811018053855,1.165796767025162
12,29217,0.000471513898044574,1.540378634261374
12,29221,0.0004460156217521275,1.2000089582931188
12,29219,0.00038001034132831735,1.2251661742566686
12,29223,0.0003495265192617908,1.2288658041874634
12,29225,0.0006160511626295205,0.9901813726423215
12,29229,0.00029570353259735936,1.5374584743092756
12,29510,0.004567011908787967,0.4083142228614699
12,30003,0.0006169514021174809,1.4412672293802273
12,30005,0.0004344211200355823,1.1630906126202696
12,30009,0.0005217474100858638,1.4623044524815205
12,30013,0.0007432327908400524,0.4306558236349198
12,30017,0.0005473617612305992,1.292691720449955
12,30029,0.0010040856902529135,0.8252381042157543
12,30031,0.0010825795431365869,0.583774545047823
12,30035,0.0001381570680407241,1.6460176521845136
12,30041,0.0003174442594936675,1.5656011790649018
12,30047,0.0004906626992151972,1.2470572024795707
12,30049,0.0007312114452383429,0.6846873398306395
12,30053,0.0003868482092302509,1.2939868844492457
12,30063,0.0010659792799689973,0.6040110748587412
12,30067,0.0002609256389981814,2.3896449962401487
12,30081,0.0005655649540435636,0.8165492365602938
12,30087,0.00027611644360273015,2.1706431396857027
12,30083,0.0002864916919176121,2.1625016158503754
12,30093,0.0005006294727350848,1.0806585917380767
12,30111,0.0012912817879290582,0.48899557984377384
12,31001,0.00046054421830024974,0.7217001779298255
12,31019,0.0006908411822478781,0.9454463288292295
12,31025,0.0006198500254790983,1.6787673030954913
12,31041,0.00034269007857716603,1.202222548622666
12,31043,0.0002109624546856016,2.132190526474831
12,31053,0.00057220003057523,1.2524525985682198
12,31047,0.00041414485556752744,1.7914179678981614
12,31055,0.0043865496041061505,0.45473789176179025
12,31067,0.0005591379236695658,1.0956577296937178
12,31079,0.0007350039027187323,0.5897073634770241
12,31089,0.00034276325850732324,1.2120016347291767
12,31109,0.0023845955574242775,0.2997661403463179
12,31111,0.0005055018228953412,1.1864419436002123
12,31119,0.0005096303897809205,0.9642481618025791
12,31131,0.00043794053606936246,2.506517609586925
12,31151,0.00024353643977561974,1.202075071449021
12,31141,0.0005429667330209227,1.187368083787861
12,31155,0.0004697896995919564,1.3706864781445462
12,31153,0.0024776116274903954,0.4562462763005857
12,31157,0.0005514049375881771,0.7724988115127931
12,31159,0.00031765893721024465,1.626414256552373
12,31185,0.0002851597458862061,1.4561929638458249
12,31177,0.0003801010438632887,1.4803001425088853
12,32001,0.00028389157330854786,1.3376912339416793
12,32003,0.0062892220151927565,0.32170208061831734
12,32005,0.0007219643793745334,0.7495871895569418
12,32007,0.0008325054812598101,0.9748257179835924
12,32013,0.00020401849969000442,2.5367920878905323
12,32019,0.0003472122510995026,1.060096735476945
12,32023,0.0003476590294214934,1.405403565265683
12,32031,0.0018933303891436556,0.2845356123166215
12,32510,0.000423163601974449,0.5697792533598888
12,33001,0.0008188537498763529,0.6023439457938838
12,33003,0.0009706651114714735,0.8959552912746935
12,33005,0.0009279585918892108,0.707828889287868
12,33007,0.001018852821371826,1.1377897624692836
12,33009,0.0014449069062359276,0.7705593357298796
12,33011,0.0023343379356473575,0.4286345581104567
12,33013,0.0016315318993561992,0.40996425148157
12,33015,0.002924044283034494,0.45149150987212405
12,33017,0.0008153940359394074,0.6365735634602386
12,33019,0.0005523194269198812,0.8959756591293119
12,34001,0.001247946770718666,0.489894581589435
12,34003,0.006351510414197063,0.36386398211313964
12,34005,0.002694285806259929,0.3274391712716823
12,34007,0.0031113866604187733,0.3974741285934695
12,34009,0.0012376782565387875,0.5363313524863662
12,34011,0.0012888061620584174,0.40872775081556484
12,34013,0.005974931333027079,0.4618659701887924
12,34015,0.0022830226389906096,0.25318001052578626
12,34017,0.007261204111182496,0.36939268775539313
12,01001,0.0006361113209491378,0.8105476543366334
12,01003,0.0009616440630251888,0.4420666920016266
12,01005,0.000675593743598349,1.0161272382165887
12,01007,0.00020576619056127026,1.402433825186741
12,01009,0.000627681016961603,0.970778040474094
12,01013,0.000643319131955042,0.9856866428908885
12,01015,0.0009862094883838562,0.4052202823112328
12,01017,0.0004862313799640825,1.2243118840373575
12,01019,0.0006067228577861057,1.0700751766571917
12,01021,0.0005788953981770642,0.8378356482888016
12,01023,0.0003187783102167785,1.4985463153399896
12,01025,0.0007246956954889043,1.12896017596839
12,01027,0.0002774602533560282,1.2941292169426881
12,01029,0.0002807963431318546,1.3246982411388308
12,01031,0.0008468977044560863,0.8116792663576137
12,01033,0.0007053349873056849,0.7056686000201766
12,01035,0.0003998890000297287,1.1981992501917234
12,01039,0.0009997513044718155,0.7916203330898921
12,01041,0.0006558709473409592,1.2523066136474512
12,01043,0.0010366903725939367,0.5792249523665214
12,01045,0.0006692720336996243,0.5978781592387388
12,01047,0.0008133676913026766,0.6114063040059797
12,01049,0.000798903865690783,0.6597976996392546
12,01051,0.0006980767199062296,0.6946350998535319
12,01053,0.0005449181366770643,1.1649359229028193
12,01055,0.001161110680312273,0.38843363548728843
12,01057,0.0003947914681026897,1.4481113443836162
12,01059,0.0005568127206834627,0.9330933923471206
12,01061,0.0005893409949388375,1.291303101317008
12,01065,0.0005418544240480225,1.2171001719750756
12,01067,0.00043589310464471463,1.2696652052728625
12,01069,0.0014842883188100685,0.4547244616609721
12,01071,0.000788401493136774,0.8404942241865667
12,01073,0.0030618678609810007,0.27508868633085753
12,01077,0.0007370818015007423,0.6637859435001964
12,01079,0.0006835357809593809,0.8669761482920973
12,01081,0.0011965996229684056,0.7337142598670764
12,01083,0.0007516785936921581,0.68780025414796
12,01085,0.0003348219885222089,1.254696190500499
12,01087,0.0010409701870117024,0.8399977601562306
12,01089,0.001674630108744696,0.30722964937073044
12,01091,0.00045792909005785455,1.077206532307723
12,01093,0.0005988893768595455,1.0867548585356075
12,01095,0.0010375017770195662,0.6735035138550247
12,01097,0.002344015411545782,0.2946332984111034
12,01099,0.0005156855770996817,1.1085958848674708
12,01101,0.0019442443012081996,0.28535907802317945
12,01103,0.0010291549131726976,0.4792676519204347
12,01107,0.0004519589922803808,1.4292639760442165
12,01109,0.00043817344283374605,0.7542743928987726
12,01113,0.0004334653319494833,0.7588809286901298
12,01111,0.0005136838381253415,1.1429098112224767
12,01115,0.0006159293396568195,0.7290727897181195
12,01117,0.0014323067778864926,0.3530459777411982
12,01119,0.00021238030351265703,1.3032884856914575
12,01121,0.0010181252111278747,0.6126004478194796
12,01123,0.0004876361697032141,0.7387328107301329
12,01125,0.001579388965039183,0.35553962949749657
12,01127,0.0011907209258274882,0.48165559365775573
12,01129,0.00040438101297920326,1.4737040844452665
12,01131,0.0002280118360136798,1.4566277113136323
12,01133,0.000480350753785162,1.3355573093542776
12,04001,0.0016284242393357377,1.2719150202306817
12,04003,0.0009788125832823717,0.6106021115787413
12,04005,0.0011419956531215627,0.7370748087786505
12,04007,0.0006796395004309337,0.8774856028912211
12,04009,0.00045959822555184773,0.9296802885303338
12,04012,0.0006291472096203893,1.1277051371024045
12,04013,0.012151160611624363,0.2401211061592171
12,04015,0.001541221024307896,0.5221492039188216
12,04017,0.0015791829763146033,1.118079893302357
12,04021,0.0014568628957102984,0.5762693723651365
12,04023,0.0004505839873970269,0.8998626262630756
12,04025,0.0013983787847810332,0.4896381017727031
12,04027,0.0016165691339146706,0.5379447491567279
12,05001,0.0006187649596960387,1.2080773311577326
12,05005,0.0006752000033201064,0.7534455357971227
12,05003,0.0004519514258403482,1.0167137780161362
12,05007,0.001785600258728536,0.316889837756131
12,05009,0.0005525649995020274,1.1501612841483446
12,05011,0.0004477037503308067,1.2379585019933455
12,05015,0.0002731680357733025,2.6627152012737385
12,05017,0.0003529289692033868,2.2499149159065364
12,05019,0.000383466399498688,1.5349818631245478
12,05021,0.0005745717154447755,1.882528455102052
12,05023,0.00045493952015700635,1.0991831119376294
12,05027,0.0003721577184292726,1.936826606343955
12,05029,0.00044954982206083237,1.1918842030211023
12,05031,0.0010451065447628892,0.5388883961614921
12,05033,0.0006061381517447546,0.8171068118849492
12,05037,0.0004496285954459017,1.2899580067035659
12,05035,0.0012722808869448663,0.6001912507468297
12,05041,0.0004461326133729316,1.702174771732441
12,05043,0.0003002784067184561,1.6242454993013946
12,05045,0.0010953845846143483,0.5862260986615601
12,05053,0.0003686386497339431,2.4044533079526804
12,05051,0.000635975814332402,0.4955703483111025
12,05055,0.0004364666873324129,0.8145788113049898
12,05057,0.0003359134588972686,1.4207440207349336
12,05059,0.00044682035462149293,1.0175529331844209
12,05063,0.0005159560099218727,1.097749370176296
12,05065,0.00031727562170411636,1.1444155818518935
12,05067,0.0004409339234240836,1.3252395201255678
12,05069,0.001014712168412835,0.41727406979655307
12,05075,0.0004960708394592556,1.5315552627009463
12,05071,0.0004970727596934672,0.9974837585861834
12,05077,0.00024558247411688393,1.5227199624662713
12,05079,0.00023999749896465699,1.9228903823342032
12,05083,0.0006062624042588744,2.4035288118579983
12,05081,0.000318841467823104,1.5087625468041992
12,05085,0.0008191662710813636,0.7425622460373088
12,05087,0.00039731558007314504,1.32131750606424
12,05089,0.0003038402675945183,1.2545914576704356
12,05091,0.00045628281061676747,0.7026101623008858
12,05093,0.0007315968758939788,0.9329852688607156
12,05103,0.0003603927206001024,0.9781943051522127
12,05107,0.0004060457215453179,1.1500874350623334
12,05111,0.0004257389083567515,1.5001509445555543
12,05113,0.0004247622236224103,0.9821012720661122
12,05115,0.0005813444439146038,0.7622072860446951
12,05121,0.00025125979482072013,1.5898788613715515
12,05119,0.002061833073880684,0.24916426513359713
12,05123,0.00030088692391907633,1.406318114899877
12,05125,0.0010847613067120525,0.4023823040836007
12,05131,0.0009626876470350208,0.47750674628159917
12,05135,0.00024627335610656956,1.5185322597866835
12,05133,0.00029507141201719987,1.899661347045513
12,05139,0.0006761033735059136,0.858149575841931
12,05141,0.0004335691992682275,1.3910696870279735
12,05143,0.0016766750358769107,0.6293570918341658
12,05145,0.0007485327330923343,0.7319982872166952
12,05149,0.000478404493479097,1.2107222214593454
12,06001,0.007895820620607884,0.6383116903168325
12,06005,0.00046314014344490283,0.9749555783392501
12,06007,0.001660008513352108,0.7994327099645231
12,06009,0.0005184947829655613,0.9590262667481554
12,06011,0.0003659759534170024,1.304176943249973
12,06013,0.003752068085853989,0.4131745010163775
12,06015,0.00034123701255476234,1.0495836577696747
12,06017,0.001233905302155132,0.813914536512491
12,06019,0.007512666632539505,0.29845322412228315
12,06021,0.00035526465836852614,2.220329640192334
12,06023,0.0013596440848719746,0.445185492161632
12,06025,0.0017048577345125313,0.5883950964572283
12,06027,0.0004991211682614838,1.9735079011780838
12,06029,0.0061476766952325195,0.32385887398228963
12,06031,0.0013942609269024743,0.8565831216707599
12,06033,0.000713730146465666,0.7150865955301293
12,06035,0.0005160578182012521,0.8456225146737332
12,06039,0.0010350964650633297,1.0818673468127904
12,06041,0.0025961378522120055,0.31671308554085476
12,06043,0.00040304522933625066,1.0672348556046345
12,06045,0.0008513513262289855,0.9078253971990364
12,06047,0.0031277020291179537,0.37086020420991056
12,06049,0.0003369559787922526,1.6167904059472833
12,06053,0.0030325251027922963,0.7356131090234778
12,06055,0.0011070405705090444,0.49581060535188193
12,06057,0.0009588739191222618,1.211581780703924
12,06059,0.010386964481503183,0.36411274237856184
12,06061,0.0019065561872887336,0.37758339139978137
12,06063,0.00043685720116392224,1.2979569980719536
12,06065,0.008946233398473502,0.4640953744314737
12,06067,0.00605537762670091,0.24384184543751256
12,06069,0.0006672294698885711,0.7955621293518417
12,06071,0.011637601552204035,0.26091835616696735
12,06073,0.00875505028314782,0.29697073863610435
12,06075,0.010769528676551076,0.5150713409680946
12,06077,0.004665219959855028,0.3188467665974225
12,06079,0.0019503544256271445,0.5652259980511998
12,06081,0.00417003883173191,0.4114938835125019
12,06083,0.0018468431634099556,1.0119370347351773
12,06085,0.012076583877207689,0.40625838665689645
12,06087,0.0020737279839722084,0.9680112040143669
12,06089,0.0017397327151227402,0.3703610584257821
12,06093,0.0010427577980384251,0.8081851383739931
12,06095,0.0022859073498537512,0.41082384693472734
12,06097,0.002798793846098584,0.3150569185585517
12,06099,0.003655522290503602,0.33722992697679344
12,06101,0.0008858536284121743,0.5247372546219369
12,06103,0.0006656751486801242,1.0697343671203834
12,06105,0.0004063565748060327,1.5955899778549063
12,06107,0.004433824422550891,0.29776464121088236
12,06109,0.0006062902561725667,0.854752648133722
12,06111,0.0034333574693120503,0.4380913523133497
12,06113,0.0017418194670040354,1.000019145713173
12,06115,0.0006745832969162969,0.7671481866909858
12,08001,0.003908254367256592,0.33165361304794605
12,08003,0.00015503309223578298,1.6920042626618992
12,08005,0.004289082621371716,0.3861020598599092
12,08007,0.0002632470503213467,1.6068793204355991
12,08013,0.0026392861779528654,0.6594343622519288
12,08014,0.000760301640036426,0.5975296525372651
12,08015,0.00039741613972237353,1.9271472822947036
12,08029,0.0005799855068458639,1.1131412156285818
12,08031,0.005982079104303821,0.3377794737894552
12,08035,0.0037318976818117616,0.32218759392005164
12,08039,0.0006299892247638445,0.9467492898322399
12,08037,0.000673705513170181,0.7658464999305918
12,08041,0.0034914008599520132,0.35033478481506053
12,08043,0.0005207644267347918,0.8751279066262996
12,08045,0.0007250940401283106,1.2762850258423857
12,08051,0.0001524984920254175,1.4155900858475123
12,08059,0.00439759682807164,0.3151650196350676
12,08067,0.0005226950146885308,0.9883423655632608
12,08069,0.0020216431989301996,0.47665834382671046
12,08071,0.0005280225726132968,1.3865960259255135
12,08075,0.00030171647332540285,1.0806931064911003
12,08077,0.0010364531475025882,0.4961642965536589
12,08081,0.0002174453187648336,2.300042631356019
12,08083,0.0004065124333076939,1.6197577922498705
12,08085,0.0004970523802706843,0.911149248502565
12,08087,0.0004056036434678464,1.4998536762773247
12,08089,0.0005913976752580228,1.3130992888604969
12,08093,0.00031202109481852483,1.6160733914554497
12,08097,0.0001585647640591007,1.870110441507573
12,08099,0.00046797014639764244,2.263562091205655
12,08101,0.0015922765221919862,0.24399111696270395
12,08107,0.0005954424851853375,0.9850898334127836
12,08113,0.00035963139796376775,1.8887228905882993
12,08119,0.00042399165904318783,1.4669280258658517
12,08117,0.0005717630488663139,1.6234419528802027
12,08123,0.0022893501885339162,0.5209008431365194
12,09001,0.005546900092651542,0.46249374141612715
12,09003,0.004052838823389304,0.380865918426682
12,09005,0.0022474712489989734,0.36543049977758546
12,09007,0.001621844197178929,0.7117328931203377
12,09009,0.0035506432434854363,0.42744035531648855
12,09011,0.0014758249849121646,0.29513545996258805
12,09015,0.0010146591383044421,0.8733337321165946
12,09013,0.0010313646246301084,0.5218947444907758
12,10001,0.0007799939583833744,0.3871195933695079
12,10003,0.0022678001216269827,0.3319682880443589
12,10005,0.0020306550701115595,0.8515116794291183
12,11001,0.010402859672819573,0.526518168384408
