src_state,tar_geoid,mi_shift,moran_shift
13,34019,0.0038675212447945215,0.5906244626121754
13,34021,0.003357919805670944,0.626604495712605
13,34023,0.005886046980790322,0.5067582245451824
13,34025,0.006355468704523405,0.34720212151200414
13,34027,0.008470850568826972,0.34093953875116234
13,34029,0.012463063401128094,0.5273316763081082
13,34031,0.004203745608800009,0.5555605760599278
13,34033,0.0024720704726927333,0.8756606667965222
13,34035,0.004823232339338879,0.370400910027447
13,34037,0.004477370447891383,0.4197665188543113
13,34039,0.00486850151512206,0.5562356191536103
13,34041,0.002506570404799236,0.6133213352279967
13,35001,0.005026193601816463,0.452270409819851
13,35005,0.0009732089360204848,0.6042141586080527
13,35006,0.0008086831506438053,1.7503927785395232
13,35009,0.0007006113259084676,0.6733183264722414
13,35013,0.0016584862168712586,0.6721175029814388
13,35015,0.0011825057736930664,1.050643057419325
13,35017,0.001370059356967305,1.3130990167340877
13,35025,0.001764380876596805,0.6602015267999255
13,35027,0.0008273485276132109,2.407796060276856
13,35029,0.0006811733890753853,1.0785902861328849
13,35028,0.0005955734281085849,1.9365889505295013
13,35031,0.0024223810858645676,0.8181393841572823
13,35035,0.0011117166642646862,0.5706078115970624
13,35039,0.0010322580093755174,0.8504244136994704
13,35041,0.0005650812113687634,1.7556159004978877
13,35043,0.0010541423274268596,0.4517842955387734
13,35047,0.0009714680452983888,1.1228552975058068
13,35045,0.0018375451843978966,0.518871261387537
13,35049,0.006021778597717963,0.5942110571404228
13,35051,0.001122180766764655,2.353378317023079
13,35053,0.0007171275749543053,1.391603868801302
13,35057,0.0004363609599429198,1.3974539879145553
13,35055,0.000872565382933546,1.2758292467623034
13,35061,0.001594186820165095,0.6312840135463256
13,36001,0.0052723903557690245,0.49004814778469313
13,36003,0.0020078985610548694,0.5496330457645836
13,36005,0.02037612842370626,0.43062958383183597
13,36007,0.004202010988174514,0.3980934920893573
13,36009,0.0019768564520404102,0.6421312131533073
13,36011,0.0027201091237689977,0.8181692507374105
13,36015,0.0016728737353739712,0.5065033439554112
13,36013,0.00417194806510122,0.6293771023658572
13,36017,0.0022850475551382345,1.3526104011613986
13,36019,0.0014653218015075527,0.9744642813346078
13,36021,0.003634688262570079,0.7501770917562125
13,36023,0.000995505414364692,0.8384855517772822
13,36025,0.0027377707545959426,1.2541082779180168
13,36027,0.004960267598197653,0.5201493914354846
13,36029,0.00977980576931749,0.3672234942233727
13,36033,0.0016832071738915437,0.8705678174125744
13,36031,0.0025069900832652456,0.7839601529687558
13,36035,0.0020238523814841126,0.7417669531291914
13,36037,0.0017864123977099865,0.7113956756142925
13,36039,0.002025497333460396,0.9420171677216611
13,36041,0.0013073643613361718,1.6149030418922992
13,36043,0.002649047852572831,0.6508901502537447
13,36045,0.00201287050833193,0.568714400951276
13,36047,0.033209210637466194,0.4271741847339008
13,36049,0.001368025218710573,1.1173300387199145
13,36051,0.0010947059073998719,0.9735698577650945
13,36055,0.006897339637749196,0.4886415463379815
13,36057,0.001593711295496544,0.9090923319619968
13,36059,0.01812334174196056,0.38617128683200724
13,36061,0.04030716028902607,0.48262211463974986
13,36063,0.003970207595645275,0.5138107857754756
13,36067,0.007007439390072664,0.46241690052777323
13,36069,0.0022371805552196173,0.6415172017959545
13,36071,0.004223961992274184,0.6508865682006494
13,36073,0.0011476592041550187,1.6487370113239133
13,36075,0.002397586384098462,0.6226068825485996
13,36077,0.0022726363158187867,1.6067228031032599
13,36079,0.0025448973451436194,0.617503731460817
13,36081,0.0298647288196171,0.41870993463741046
13,36083,0.0023939750879073234,0.682768229100926
13,36085,0.0055249686625176595,0.40131464237326747
13,36087,0.0045846179995137374,0.6202869035259495
13,36089,0.0022499755421040647,0.906280646870248
13,36091,0.0034298426605761188,0.4039138567388984
13,36093,0.00268849500699218,0.4088242880067208
13,36095,0.0011450269929021678,1.1234724616285983
13,36097,0.000985180128351618,1.1090885680993576
13,36099,0.0017195440985390182,0.9019637272682147
13,36101,0.003846258635353717,0.7941701659264994
13,36103,0.013289615417412063,0.4508855039161634
13,36105,0.002289300963653728,0.4691984304082117
13,36107,0.0012886736557459785,0.8513058818720864
13,36109,0.003215495114229571,0.6965559781998588
13,36111,0.004351557674136919,0.5254580383017325
13,36113,0.0027961695793279613,0.8711424076819122
13,36115,0.002183470699366378,0.9193544106386345
13,36117,0.0023404794531546305,0.675639841070496
13,36119,0.009342531161393788,0.38960953401507115
13,36121,0.0019527837437093077,0.7472003944798333
13,36123,0.0011126042911055486,1.1240288338017117
13,37001,0.0022744883525475704,0.44603314848212217
13,37003,0.0009174122946948054,0.8855713594226702
13,37007,0.0007918258333649297,0.910783136862858
13,37009,0.001002661691451192,1.1896662738834047
13,37011,0.0008874433276991931,0.8647125681473374
13,37013,0.0012510146276472143,0.7324976438473664
13,37015,0.0005785125246413274,1.505467760772622
13,37017,0.0009975178306694632,1.0231612732381363
13,37019,0.005762041583119128,0.7840416844926443
13,37021,0.0035385174177391416,0.3591399082161448
13,37023,0.002148621834730308,0.5528858759498102
13,37025,0.001392313212254308,0.3417725606110809
13,37027,0.0018242766501754782,0.5219012178155443
13,37031,0.0071047067640112324,0.4297689546225566
13,37033,0.0008954805937092152,0.9848100195727629
13,37035,0.0023621407303245122,0.4721778317018094
13,37037,0.0014255922689025877,1.1725606886026838
13,37039,0.0014449078007394945,1.1881794341253749
13,37047,0.0015038397293660997,0.5967915828236419
13,37045,0.002107025861211813,0.5137957625807263
13,37049,0.0012203245013871298,0.8484644557390731
13,37051,0.004492948902992771,0.644440086764741
13,37053,0.0005265987106530372,0.884693089515264
13,37055,0.0012873396212521042,1.491931905546037
13,37059,0.0009701642436785585,1.0024356087097686
13,37057,0.0030032599177422918,0.39703333122173573
13,37061,0.0010040676739671043,0.7000451154795544
13,37063,0.003511459035182712,0.30994811499772384
13,37065,0.0015930368048761175,0.892293707308411
13,37069,0.0010007008514354796,0.6920255757597135
13,37067,0.0034252230112285995,0.3819000152136595
13,37071,0.005239624565894138,0.3806756369539284
13,37077,0.0010794945224668342,0.7849148786888649
13,37079,0.0004191193760203417,1.414629661955505
13,37081,0.003249275757921591,0.3265173768066215
13,37083,0.0016378490143349356,0.9141263287045895
13,37085,0.0015162169968443405,0.8894852094188421
13,37087,0.002212669105885202,0.5195244937854243
13,37089,0.0032548415453839876,0.44454829564109766
13,37091,0.0006037204071466342,1.1159755892266185
13,37093,0.00048420142598223383,0.764908214598141
13,37097,0.0030839926244360747,0.49026405675834245
13,37099,0.0008698130624289107,0.839353347970199
13,37101,0.002397386479751882,0.5025733159757397
13,37105,0.0008113427618449132,0.6540972576931845
13,37107,0.001228785726037804,0.7480537283199118
13,37109,0.0019684865775593313,0.818319048904885
13,37111,0.0016247141972719065,0.8650668465163729
13,37113,0.0020128635545591045,0.8314684778402724
13,37115,0.0009400025422080465,1.1764459143635013
13,37117,0.0009639713547094258,1.1485001761682974
13,37119,0.007402727716814364,0.30322856436101997
13,37123,0.000644774616042234,1.1912942421186852
13,37121,0.0007315276685641043,1.7847976418473306
13,37125,0.0020479440873574957,0.6665954336535117
13,37127,0.001562032161709153,0.5965720462854168
13,37129,0.0022364143871507355,0.3671164158950179
13,37131,0.0008815628348193619,1.5028620992788082
13,37133,0.004649084312960985,0.43544117080324574
13,37137,0.0007106861569962733,1.5659317019174623
13,37135,0.0027019881229397493,0.7308899803137741
13,37139,0.0006488632555278325,0.8651489063825385
13,37141,0.0010171850200010196,0.8232818163054703
13,37145,0.0008277618869203529,1.1295316305691967
13,37147,0.0012973866641458928,0.4421696673621123
13,37149,0.0015232255342696184,1.1546284051837499
13,37151,0.002251454627828143,0.4976422722186081
13,37155,0.002681491650717576,0.4643327567910597
13,37153,0.0016686052201177635,0.6458477313492862
13,37157,0.0023114312211013235,0.5735278744932396
13,37159,0.002268023429691052,0.42333873540317596
13,37161,0.0011774063858343983,0.6916160011699755
13,37163,0.001522604088578201,0.6529560075685301
13,37165,0.0011522338068719645,0.957286749067069
13,37167,0.0018478662351044646,0.6427430134561685
13,37169,0.0014694030428566026,0.9458480017012202
13,37171,0.0023687762842694846,0.6046387944949243
13,37175,0.0012040197278888915,0.9440935623148148
13,37173,0.0002639933417061614,0.8055980037107829
13,37179,0.0029684907235701034,0.6065148203190543
13,37181,0.0008944901362812159,0.645439174268498
13,37183,0.007984462580459109,0.4281456036805354
13,37185,0.0009589900472970956,1.4254460889333982
13,37189,0.0014909016905309644,0.6561210057242778
13,37191,0.0015630944307169158,0.4500258400484712
13,37193,0.001847185795707178,0.6426381648457857
13,37195,0.0013903177096155454,0.5641006947000331
13,37199,0.0010210831117470533,1.3092247398581198
13,37197,0.0011538472365677426,0.9780605729097611
13,38003,0.0004706799794815842,2.139065100156078
13,38005,0.0008533278919342322,1.3251639506153097
13,38015,0.0020787692619576178,0.5177123193257928
13,38017,0.0021862102394093405,0.4250070609376035
13,38035,0.001639304449238434,0.6198394389451531
13,38053,0.0005478507715387484,1.8869413605418204
13,38059,0.0007177833396529778,1.6130368111365574
13,38067,0.002021832519945498,1.0349533242608457
13,38077,0.0012061582757832876,1.918456249624512
13,38079,0.0004632408363209002,1.4132330344740398
13,38089,0.0009188275361751916,0.8333030765387551
13,38097,0.0008790192882385284,1.6986226298836795
13,38093,0.0007968416846569564,1.3474315156624128
13,38099,0.0016164820579754177,2.0539830973537825
13,38101,0.0010093243004754351,0.6856328711750589
13,39001,0.0011581627451807922,1.0109152299978552
13,38105,0.0006975043049390208,1.2298717972544988
13,39003,0.002753118032759488,0.44864239111213566
13,39005,0.0012826109096771333,0.6167978030878529
13,39007,0.0028954318421468644,0.7803771672686823
13,39011,0.0017925681442469824,1.2795030483224403
13,39009,0.00165971408514876,1.1240270653826612
13,39013,0.0024645352147363584,0.682116174425992
13,39015,0.001337246523029768,0.9383900699232705
13,39017,0.001942552130388673,0.7078348813522114
13,39019,0.0013132742136229586,0.9267526943614562
13,39021,0.0010987945499327783,0.8220333599002407
13,39023,0.0037800435496077142,0.45411470976321044
13,39025,0.0024340690395322166,0.47886072882030567
13,39029,0.003121715998799475,0.8037087223645931
13,39027,0.001142083172190948,1.1079447703729668
13,39031,0.0012923771294250863,0.8078015957577191
13,39033,0.0018635018983925882,0.8373132148122421
13,39035,0.02049058719603179,0.36852006654278247
13,39037,0.001589056276168992,0.8807803474452868
13,39039,0.001410116655941787,1.04150619932999
13,39041,0.0033468117981785353,0.5545790710114646
13,39043,0.0014784667351711086,0.6768642805052936
13,39045,0.0015477435211718072,0.7167091301164439
13,39047,0.0012487237867752348,0.9464363492068665
13,39049,0.007001695079227222,0.34115363043076496
13,39051,0.0014780983277972307,0.8886141813928359
13,39053,0.0010143424827164496,0.9016501306847741
13,39055,0.002509176311966237,0.7561648694815257
13,39057,0.0021244224726502214,0.43215757379775716
13,39059,0.0017398234041475526,0.8566191383710777
13,39061,0.009441424090819953,0.39262430541051396
13,39065,0.0010329992518464674,1.273486354840241
13,39063,0.0018573402595413197,0.5762614878482999
13,39067,0.0009433422499280055,1.8440535443576742
13,39069,0.0012150640931711343,1.1215208648985207
13,39071,0.0013511978866041204,0.7506320035564163
13,39075,0.0015826993239071005,1.144123928641059
13,39073,0.0013575512246194483,0.9619254862887033
13,39077,0.0018665380792135023,0.8368451496028907
13,39079,0.0010033154445593393,0.9916592811601703
13,39081,0.003325391459964268,0.7300408347125493
13,39083,0.001004949521526913,0.6885985012357869
13,39085,0.004971449846042107,0.46735937864914473
13,39087,0.0017659310100994956,0.8347728343720762
13,39089,0.0022305693529750927,0.4801395789942633
13,39091,0.0012180920408278785,1.1812010407412321
13,39093,0.0037563008819761034,0.35293680830304974
13,39095,0.00552219119055643,0.4319145316630265
13,39097,0.0013714652829247393,0.7317801857468998
13,39099,0.006881342838336617,0.30669034913846754
13,39101,0.0015097573399480066,0.47431361128655836
13,39103,0.0033395504213175977,0.43718537289969756
13,39105,0.0013129031662720521,1.000335203229173
13,39107,0.0010216305870698252,0.8666012368868073
13,39109,0.0017644538948772084,0.6151549574458993
13,39111,0.0008953312483462872,1.5999641493284211
13,39113,0.006865590073155724,0.3206334604562906
13,39115,0.0007639261707344342,1.2288654413463647
13,39117,0.0010152507035705556,1.222817274038707
13,39119,0.0022833145218076655,0.636361625850926
13,39125,0.0010728695571962615,1.0473645722095974
13,39123,0.0026920145540680444,1.433920402227948
13,39127,0.0010338937289894265,1.0157418010671755
13,39129,0.0009540322482636093,1.056476760689984
13,39131,0.0009466743135189688,1.1385757804232501
13,39133,0.0020758164805830806,0.9214029080950843
13,39135,0.0018170619963375624,1.0319925417387665
13,39137,0.0016389271510414138,0.8903022537326399
13,39139,0.002750716446754808,0.4242981595347084
13,39141,0.0016770706607208443,0.6671254948790194
13,39143,0.002216294281794446,0.6694262847109704
13,39145,0.0014120156201710525,0.7481386531715327
13,39147,0.0024437082719504996,0.9174799566326143
13,39149,0.0017832695403623658,0.8962545940887601
13,39151,0.005353464874829237,0.3944870148117985
13,39153,0.0065829254002244845,0.4511090194242286
13,39155,0.005499968670996031,0.36592310198298345
13,39157,0.0023253680905070155,0.524923450441969
13,39159,0.0006713737397762713,0.7727264316702072
13,39161,0.0013173518253191596,0.8923776974190764
13,39165,0.0026829895465031103,0.4777299820670692
13,39167,0.002266022476560619,0.7247703023956743
13,39169,0.0022218035960682786,0.5993999070784523
13,39171,0.0016690517952056947,0.9671915510224395
13,39173,0.0025644385037537987,0.9447730178471433
13,39175,0.0011743012386168585,1.1133653178223235
13,40001,0.0010270801097342764,1.5466483606518968
13,40005,0.0006313820614041033,1.042728456348264
13,40009,0.00030694214903527527,1.9057737295708654
13,40011,0.0013805981787847585,2.8815496646865486
13,40013,0.0007940995711754977,0.8003715480213436
13,40015,0.0012512813827093429,1.0319993360645336
13,40017,0.0018424598434810422,0.6193930897561263
13,40019,0.001356638628272731,0.9713278758614171
13,40021,0.0010584174401826072,0.9140670784580903
13,40023,0.0012230746473993054,1.6551338060296732
13,40027,0.0027135972463456204,0.5142582954596475
13,40031,0.001791418576136336,0.34866954901813074
13,40035,0.0009539943268723905,1.3671762429593781
13,40037,0.003432697943121842,0.5418726101464172
13,40039,0.0005462557704327746,1.6299202651942204
13,40041,0.0018225402897376064,1.0557216713524362
13,40047,0.0011976353787578288,0.6202677691064011
13,40049,0.0017261330702330652,1.0064977340678911
13,40051,0.0010125432648477677,1.0635145741693817
13,40061,0.0008812317313425087,1.362436337483236
13,40063,0.0012831905605758722,1.451597709200811
13,40065,0.0007384621090779493,0.7885896173152406
13,40071,0.0015128847294691385,0.9675386777319089
13,40073,0.0006209059069179248,1.7693548458562522
13,40079,0.0021326405644775523,0.849439065109904
13,40081,0.0015328781540631176,0.795109612959623
13,40083,0.0007279666847801569,1.0330498222719735
13,40087,0.0010041085196474064,1.0428488778723175
13,40091,0.0012544141586707336,1.7597000249389747
13,40089,0.0013148662988891795,0.9699231036095866
13,40095,0.0006109179852283409,3.1704777619324296
13,40097,0.001521884029685853,1.7005359575441803
13,40103,0.0005790924358290559,1.623075758867899
13,40101,0.0013679802101749375,0.6898893018910323
13,40105,0.000716958365183547,2.9312286183601395
13,40107,0.0006728961292269993,1.54845138155815
13,40109,0.00877064557830952,0.3826541920361145
13,40111,0.0014658389482117107,0.7518682778533855
13,40113,0.001584487042338059,0.8387175658963353
13,40115,0.0018700710090558737,0.9781745669692473
13,40117,0.0010335377946765472,3.105657817193871
13,40119,0.0021731884917131792,1.0254183106965016
13,40121,0.001513932908607389,0.7899008795162676
13,40123,0.001117635620996308,0.830670443532541
13,40125,0.0017361309132668552,0.6051964053915357
13,40131,0.0031774802848997777,0.5056635950138223
13,40133,0.001798659069499067,1.086262014906369
13,40135,0.0010008142696180515,1.1200940317720673
13,40137,0.0014521450883396407,0.7485142495451121
13,40139,0.0005921975061093135,2.0771561040404007
13,40141,0.0012448936152914688,1.450775292256661
13,40143,0.009116283861431434,0.38608221478525756
13,40145,0.00220922445248781,0.7115272242641013
13,40147,0.0014940190148385294,0.6951644776188056
13,40149,0.00073429206533142,1.6961473575981716
13,40153,0.0007288992669780949,1.1923905303964069
13,41001,0.0017827241418844903,1.3326649682052774
13,41003,0.0024725962322315518,0.6816500298877874
13,41005,0.006568227064801533,0.35116621106436335
13,41007,0.0021101700346189815,1.1539633885808005
13,41009,0.0013875519253385771,1.012043503118818
13,41011,0.0021489744511975504,0.8257047131730245
13,41013,0.0005145503074901401,1.5739345820947201
13,41015,0.0013156706449389507,1.3230657027558004
13,41017,0.0028544047440582274,0.5950518735823245
13,41019,0.003599355030017486,0.5683900054449814
13,41027,0.00046723180252309347,1.7273904102883173
13,41029,0.0031988041234981787,0.6900315364854478
13,41031,0.0005830358922649772,1.4349854960716086
13,41033,0.002851534780506352,0.8288925100766742
13,41035,0.0020869253447154835,0.6788618529671898
13,41039,0.007350637830858703,0.6053314612261605
13,41041,0.0041598417010391036,0.700326677822817
13,41043,0.0017862733252414502,0.7378421084249792
13,41045,0.0006635369081054235,1.0769690848993974
13,41047,0.002804617779229103,0.4046390327818027
13,41051,0.015191952286029058,0.52606843023037
13,41053,0.0010239855208233827,1.0597033137995224
13,41057,0.0019288248657536142,0.9123967359745007
13,41059,0.001344269572670893,1.0170423049502113
13,41061,0.0014363222191031175,0.9153554110001275
13,41065,0.0010336339447185,1.123131338453358
13,41067,0.007690115016984,0.38156252026112436
13,42001,0.0024851289702561194,0.6331623679505989
13,41071,0.0015452893794900677,0.7926157167435869
13,42003,0.027822367234602283,0.32424201526189245
13,42005,0.0037574504519408505,0.6035529874980443
13,42007,0.006647686796560968,0.4106650242101205
13,42009,0.0026213622248183162,1.0343963795306732
13,42011,0.004172886490029379,0.5842419766266775
13,42013,0.0034995516458338426,0.5151481556004451
13,42015,0.002885275382628927,1.1189544113289707
13,42017,0.009854391380038368,0.4572601833498373
13,42019,0.004141973960966116,0.8470933826160738
13,42021,0.005368761462689995,0.6249365427304702
13,42025,0.00245751101026441,0.7017491596225627
13,42027,0.003631454251236218,1.0624042713870772
13,42029,0.006209676693624482,0.5497075296967043
13,42031,0.002430377069516113,0.6721879521573131
13,42035,0.0013322266146050623,1.3242612446689128
13,42033,0.0037118287525435677,0.9497985115604541
13,42037,0.0023039184571916403,0.9525068213205857
13,42039,0.0032051102635288478,0.6665006113484897
13,42041,0.0030818308839943346,0.48576174364648367
13,42043,0.002854516024164405,0.463397279907737
13,42045,0.006164647679618904,0.40684091237168785
13,42047,0.0016976303158000889,0.7869737246895576
13,42049,0.0057575819932746,0.4433263580430966
13,42051,0.005124205557560316,0.47179788779161064
13,42055,0.0022190549222316125,0.4891005361358365
13,42059,0.0019234763805445034,0.9108320221907387
13,42061,0.0024732828950908025,0.7647618555447768
13,42063,0.0022594732247853983,1.4403935954116869
13,42065,0.002799780794255188,1.2711498277179465
13,42067,0.0009759273263510495,1.3963107701690234
13,42069,0.005009375756208534,0.39906483505143386
13,42071,0.005273213713859473,0.4509204767418417
13,42073,0.0036154970664458723,0.455608736047481
13,42075,0.0025833334683935147,0.5500088767028496
13,42077,0.004321019816324326,0.5817698131661003
13,42081,0.002146095878428467,0.5018289638183088
13,42079,0.008889375615645791,0.4055886728835673
13,42083,0.002126241594138115,1.121173618862881
13,42085,0.0038145015617568855,0.6049981066427308
13,42087,0.0019584406881909926,0.9873240302935745
13,42089,0.0030166890588457394,0.44309690287673054
13,42091,0.012978054242332202,0.38312389175095685
13,42093,0.0006216220902741713,2.6886570516648987
13,42095,0.004975816592784707,0.4060096595014177
13,42099,0.0023629469031543468,0.8954400160708561
13,42097,0.0033070850448295276,1.0894865885395864
13,42101,0.015958870813050707,0.412995711365705
13,42103,0.0030032369205922,0.8245739588388449
13,42105,0.0014459396062880413,0.9116861034688449
13,42107,0.006399917854648887,0.49369578691522187
13,42109,0.0010302826258912008,2.1542385098740238
13,42111,0.004265851119442122,0.7901989952547436
13,42115,0.0028123065384701123,0.657328374001616
13,42117,0.002666991367495586,0.8226657986849321
13,42119,0.000803824221397573,1.0390404453823934
13,42121,0.003234294768253875,0.775335810225396
13,42123,0.003204591911618003,0.9396280645262407
13,42125,0.006215986657964086,0.46537484075339697
13,42127,0.0025157653105465634,0.7207658166959545
13,42129,0.012394551083831445,0.38635216375710446
13,42131,0.0019861466358176453,0.9755110080166421
13,42133,0.005181776719239832,0.5505492423690855
13,44001,0.001672269352552004,0.9418031592867354
13,44003,0.0037839565830138488,0.3649478763217312
13,44005,0.0020130326695380375,0.5674451219795704
13,44007,0.006383063024532991,0.3625542324740468
13,44009,0.0032278868323948997,0.5274636255329774
13,45001,0.0010411878973291498,1.1315220758800344
13,45003,0.0016403812518196491,0.4497198009065666
13,45007,0.0028307705996730597,0.401001321753228
13,45009,0.00038010549900967873,1.4179910743115167
13,45011,0.0004970164695226771,0.9450225979962054
13,45013,0.004923257342277985,0.4988352836713663
13,45015,0.0015146452195744136,0.3915386346192865
13,45019,0.003810149082963226,0.4073273994438929
13,45021,0.0011496028193019878,0.582129720335538
13,45023,0.001540715001426695,0.8738077990532898
13,45027,0.0011948106553920145,0.8083579918764733
13,45025,0.00100265182245036,0.9481294024064525
13,45029,0.0008272866272539605,0.7696398397598331
13,45031,0.0014291069186031101,0.6671902445572259
13,45033,0.0006985803891452367,0.8411415829401342
13,45035,0.0014905212409843922,0.5643664392846974
13,45037,0.0008776439121499849,1.1587484507632055
13,45039,0.0007212188839106195,1.0531549933234208
13,45043,0.0012248448159272978,0.7929813702074943
13,45041,0.0015883666954073967,0.3407973350742013
13,45045,0.004784203067156575,0.3797311686074922
13,45049,0.0005908606682691742,1.1736827569301078
13,45047,0.0011494410148408648,0.6444139037799659
13,45053,0.0002559089286111246,1.2076744755792066
13,45051,0.005063833126869768,0.5055777546262297
13,45055,0.0010879283738960241,0.557601303969146
13,45057,0.0009948083407257534,0.7296322982468535
13,45059,0.0017147537694731142,0.5738011114291613
13,45061,0.0006186284734488202,0.9297793101972542
13,45063,0.0034405036639161743,0.374078966013412
13,45067,0.0008490973491545675,0.7972803215737977
13,45069,0.0012980115695472212,0.8633482606223649
13,45073,0.0016042319663026375,0.6477549908433247
13,45071,0.0009253024469065705,0.8406623524487479
13,45075,0.0016222547617843332,0.6190892789877426
13,45077,0.0015666147856200395,0.7153905977258562
13,45079,0.0036907252846734985,0.31370323085625246
13,45081,0.0006172886066841355,1.0096872854020453
13,45083,0.002990337243683682,0.3331066018527174
13,45085,0.0014670465963218487,0.47869568383511385
13,45087,0.0013131493377587478,0.8067322528839987
13,45089,0.0013764526558849833,0.7528643230646352
13,45091,0.001799920466844312,0.3557245840268704
13,46005,0.0010484820769634084,0.9046887229021409
13,46011,0.0007079475980082139,1.3451449505298156
13,46013,0.0011035891726366457,1.224967839952733
13,46029,0.0008395262934410959,1.1125862764170251
13,46035,0.00041642908478252004,1.556036979761735
13,46065,0.0003623111614957907,1.8144640668505227
13,46081,0.000791344056802439,1.1015451743357965
13,46083,0.0008857211345212708,0.706367158477706
13,46093,0.0003951866296993676,1.2078635176768633
13,46099,0.002905733703117637,0.4090164271249783
13,46103,0.001462806789471154,0.4894834722147874
13,46109,0.0007455575240865852,1.2099200897584608
13,46135,0.00046926480256875635,1.3165009431957937
13,47001,0.0014229845633013237,0.6400558640266406
13,47005,0.0011188269036968826,1.2007263370062844
13,47003,0.0008217638770755584,0.7123162910464678
13,47009,0.0018549910304373808,0.4431963990691904
13,47011,0.0014403271554503099,0.6101017123244461
13,47013,0.0016940578105192592,0.7269242033845551
13,47017,0.0009083992317078433,0.9742824206817376
13,47019,0.0021447715212221112,0.522796539191218
13,47021,0.0009466347979311254,0.9207082354525222
13,47025,0.0010485721452353975,0.9168928157092735
13,47029,0.0011938272050303724,0.7643345527981412
13,47031,0.0008588595060632678,0.6687516218431673
13,47035,0.002122317445113561,0.54733916206711
13,47033,0.000928470344436557,1.1903166375173238
13,47037,0.005731519602831204,0.33929172069111413
13,47039,0.0008687783379115237,1.6272385815230244
13,47043,0.0013221118268452812,0.7268991395336103
13,47041,0.0004917940183374021,1.0764502194593424
13,47045,0.0006533310922648501,0.7243067506045419
13,47047,0.0015985743695027077,0.6914514297161894
13,47051,0.0012155189673806021,0.7236765494648797
13,47049,0.0007581556951349686,1.622814000295431
13,47053,0.0011458239025567915,0.6686443856498716
13,47055,0.0013733326594355466,0.9413702729477665
13,47057,0.0010712398475671864,1.8684274504738498
13,47059,0.002148036136394017,0.6377212477437734
13,47061,0.0006671388596917107,1.4942542142160227
13,47063,0.001435989804277717,0.6516146075848273
13,47065,0.0027944471842300603,0.35651055407567583
13,47069,0.0008819329523053105,0.9283691617692634
13,47071,0.0009828274792455139,1.0695903862816587
13,47073,0.0019663662029808016,0.9194204641615976
13,47075,0.0008999549973724502,0.9710069861112363
13,47079,0.0012499467371990308,1.0536452747490173
13,47077,0.0010731777103816901,0.9148195072655875
13,47081,0.0007293231665048474,0.8320624504218607
13,47085,0.0006000662267170968,1.0585302655220565
13,47087,0.0006445280495162291,1.1194292719386192
13,47089,0.0016769252329218544,0.8621652560386094
13,47091,0.0006061372636029645,1.1990807294165025
13,47093,0.004815753364307465,0.4685042777084608
13,47097,0.0012385286609873755,0.7495791461110844
13,47099,0.0015070151743743834,0.6857740206317753
13,47103,0.0012904753609735255,0.6623993455962377
13,47105,0.0009182722710058326,0.6753877061311472
13,47107,0.001285818781708699,0.7495616478605303
13,47109,0.0012248273167507482,0.9340729825048024
13,47111,0.00041771784885261733,1.0775324231782315
13,47113,0.0017864158400116904,0.4848582558408031
13,47117,0.0008524751672837451,1.2792277859950316
13,47115,0.0012535455616911374,1.081564765784763
13,47119,0.001404297795135188,0.5166900661737236
13,47123,0.0014425815920632971,1.2704946407695552
13,47125,0.0027537003828385044,0.5124835083375309
13,47129,0.0009318431146715116,1.258985393259893
13,47131,0.0016003734766185899,0.6954868608913822
13,47133,0.0012219149640500606,0.9007174623390924
13,47139,0.0008857591435016164,1.1549346941265364
13,47141,0.001170577101952194,0.5828745772530782
13,47145,0.0013637622846112843,0.8784406361973964
13,47143,0.0008803711848903124,1.5316716310971188
13,47147,0.0013885901474238245,0.7026001798018061
13,47149,0.001989770083203344,0.5913237098922146
13,47151,0.0007946061358300729,1.0599072794118298
13,47155,0.0012399454056178224,0.5598874284299526
13,47157,0.004150196688836075,0.33230751082537835
13,47159,0.0006678347805598397,1.0925051797722152
13,47163,0.005216101863289122,0.49768972776015347
13,47165,0.0028033700975698367,0.3993683102905398
13,47167,0.0008980928725920843,0.8272795663573248
13,47171,0.000682432383389,2.299685062764901
13,47173,0.0004850638141714416,1.1791445162705148
13,47177,0.0010904821034169036,0.6703969240932244
13,47179,0.0015123227593193986,0.5790481670431441
13,47181,0.0005356868679925226,1.4890226934868007
13,47183,0.00109483907032183,1.2730163203594322
13,47185,0.001161758820334737,1.0751698182374072
13,47187,0.0037695121340007576,0.31777954287249033
13,47189,0.0012582151231007818,0.6701155888165807
13,48001,0.0009066040427969564,0.80993614193388
13,48003,0.00046432465689798583,2.7655750627282902
13,48005,0.001351875091338477,0.6051093353472915
13,48007,0.0008756611546851192,1.2470881244217462
13,48013,0.0006517741807877048,0.8939924200071047
13,48015,0.0007370965532926796,1.1731522082451729
13,48019,0.0007975505221905886,1.198367691387498
13,48021,0.0012620707299934252,0.9349891716555346
13,48025,0.0005090888185481375,1.2261490138936857
13,48027,0.003032938297987392,0.7984438029872397
13,48029,0.006224863998283777,0.44156311633748374
13,48035,0.0013091320496082654,1.5517704686943834
13,48037,0.0010457431716462385,0.7051457181085724
13,48039,0.002169184708881728,0.5099927150019155
13,48041,0.004235594560610013,0.6337011015620959
13,48049,0.0013821865312282848,0.7739709650354091
13,48051,0.000845101501856566,1.1873552468066493
13,48053,0.0011954564260019702,1.1124791482448406
13,48055,0.000666719279856032,0.912549942278868
13,48057,0.0005432695341661305,1.3754125945920697
13,48061,0.0063692058657711745,0.3426757062818421
13,48071,0.00036690796136090595,1.213454609383834
13,48067,0.001108884882395582,1.7177562561778423
13,48073,0.0009807196838713791,0.9537663516133278
13,48085,0.008073177201595949,0.43110549974687323
13,48089,0.0006913955093039841,0.990472029587747
13,48091,0.002144356752724818,0.7856988689182967
13,48093,0.0006264743740759681,1.928630594744216
13,48097,0.0008627089447941021,1.1291861046790068
13,48099,0.00208454031795665,1.0544073513104408
13,48113,0.010260067006371621,0.29386736547476183
13,48115,0.0005048419239799839,2.3267619814286196
13,48117,0.0005200873083304776,1.6553032799245027
13,48121,0.006273708698113419,0.6219572818390312
13,48123,0.001054745246011258,1.0522452192477705
13,48133,0.0006294154050502656,1.006397894275821
13,48139,0.0015341189662520511,0.46906616066187184
13,48135,0.0023201027872208624,0.50321743448844
13,48141,0.0063595006741441916,0.47031972271419564
13,48143,0.000637820493608713,1.0097575151809384
13,48145,0.000995492874300692,1.7865646528582437
13,48147,0.001285216972471419,0.980235825148121
13,48149,0.0013209878547244646,0.950691169424763
13,48157,0.004628263332075467,0.3730342606638169
13,48161,0.0009640596199892852,1.3621579785172557
13,48167,0.0020944294728232195,0.5639413101788927
13,48171,0.00106881196905568,1.072984493814412
13,48179,0.0007312918488248093,0.9703121152036968
13,48177,0.0008860459948625201,1.643907590663458
13,48181,0.001626153414105623,0.46125671385449424
13,48183,0.001678754705794432,0.6116783429001273
13,48185,0.0004998715870520693,1.5293625872934744
13,48187,0.001297053780904723,0.8402113746271844
13,48189,0.0008672882836767399,0.8886778743772862
13,48199,0.0010620629025291054,0.8114339182014497
13,48201,0.011467338185738217,0.3057480436020623
13,48203,0.0011910365858954096,0.6656111832673831
13,48209,0.0018153610999097074,0.8967976379870781
13,48213,0.0020859246393323152,0.9218692803810832
13,48215,0.01148247980555773,0.3481492613348703
13,48217,0.00133782165144058,1.243510834935169
13,48219,0.0009624427007780605,1.0998869755720782
13,48221,0.0011310481351831073,0.696370498048969
13,48223,0.0013956453761224327,0.8406209359785748
13,48225,0.0008230060700333948,1.399886748974496
13,48227,0.000962619646228627,0.685541678579741
13,48231,0.0011508290983874144,0.91151933386819
13,48233,0.0006650643975044388,1.1589457173872115
13,48241,0.0007048763037522936,1.9092539419344934
13,48245,0.0042666112108339345,0.4109826194083475
13,48249,0.0009973001596294707,1.052959752718567
13,48251,0.0019522652663748596,0.5590668413964641
13,48253,0.000914159173047445,1.832064814611167
13,48255,0.00047148521601634316,1.168423220636968
13,48257,0.0012213751645098277,0.6511523584516254
13,48259,0.000783473643953634,1.0636964377043925
13,48265,0.001713731209074044,0.7931563543341108
13,48273,0.0007538378569384996,1.1947213670378973
13,48279,0.0008936276911806698,1.468210682577958
13,48277,0.0011055577513487357,0.6595360751953687
13,48281,0.0005157402753783642,1.3515866808783534
13,48285,0.001396676394454167,1.0556528568551582
13,48287,0.0003905916981823079,3.2182087218901905
13,48291,0.0010621851044133508,0.620506408524255
13,48293,0.0013936172397407884,1.3325497428627966
13,48297,0.00039398429237511766,1.6296828044048364
13,48299,0.0018300888661644068,1.1977109312625531
13,48303,0.003263515766069582,0.4236520247797369
13,48309,0.0018901962119983824,0.3817289772531923
13,48313,0.0004538306636765771,2.211873170766511
13,48315,0.0009033303253389631,1.8556893704653967
13,48321,0.0008195230386694032,0.8603632878088382
13,48323,0.001104107560851328,0.9481234404824785
13,48325,0.0007046798800714566,0.891687795578496
13,48329,0.001610067416293969,0.4660531258677079
13,48331,0.0012668127761802236,1.071095460430615
13,48337,0.001065984934219207,3.2315413161545257
13,48339,0.003097339215261175,0.4529242118068494
13,48341,0.0004388894843057799,1.9387648619245093
13,48347,0.0007386090745579199,0.6977603592937042
13,48349,0.0011269077974083688,1.0263007466678917
13,48351,0.0005804819667037018,1.887519714485575
13,48353,0.0006279522748695816,1.2921478154976855
13,48355,0.002814632343063832,0.43507332820450895
13,48361,0.0019245492572703134,0.5931125653678385
13,48363,0.0011784952755284177,1.0263418064470653
13,48365,0.000858523955918241,1.9628897164491208
13,48367,0.001680460215216422,0.6122583340214507
13,48371,0.0005951211700170949,3.075139117117091
13,48373,0.0013961465318939532,0.8677855989019713
13,48375,0.0016873793537220468,0.48691183806526916
13,48381,0.001711380459740087,0.5394765572604425
13,48387,0.0007579867093615409,1.2070274448211373
13,48389,0.0008033483324380471,1.7822087015078183
13,48395,0.0006150677228146403,1.1238551690087077
13,48397,0.0013959674873428884,0.7493234742544828
13,48399,0.0006599932258604469,3.309535476289634
13,48401,0.0013544288224855738,0.6856941874218467
13,48407,0.00029771847368465534,1.1530797010987803
13,48409,0.0015032804063684622,0.8902502509565031
13,48415,0.00025224762051267833,1.4880530094326465
13,48419,0.0008133473442857766,1.0694202437460087
13,48423,0.0011455644893542329,0.4526439241363176
13,48427,0.002450201637266466,0.9322376104824325
13,48439,0.005408945948900557,0.3229130144977885
13,48441,0.0018594391419131412,0.2992079201242251
13,48449,0.0009081975976466543,0.8423442461595994
13,48451,0.0012129691671686942,0.4672891451707859
13,48453,0.010557879150602507,0.35314626352240613
13,48455,0.0010047679207346855,1.5106776718777395
13,48457,0.000843453003897326,2.378192183923563
13,48459,0.0011058633048688234,1.0882004812701502
13,48463,0.0005381349384239753,1.6434452654866907
13,48465,0.0009055368360872103,0.970188198215843
13,48469,0.0014109045509692008,0.42636944067758936
13,48467,0.0014635956181290651,2.2356850989052477
13,48471,0.0008667732309960133,0.9209597129260709
13,48473,0.0005793930859172518,1.386202286218856
13,48477,0.000804034688063407,1.1561790895721131
13,48479,0.006465712943887921,0.4751142216264359
13,48481,0.0009412222588419095,0.6612825624976232
13,48485,0.002190675416436826,0.4818580993907958
13,48487,0.00036531825802533434,1.7115001833910983
13,48489,0.0009337602833280394,1.1784166561840974
13,48491,0.005137448166076021,0.5564357652718402
13,48493,0.0014028088475179753,0.7261645309761479
13,48497,0.0010546567975195304,0.7021515876266644
13,48499,0.0015384720961902087,1.0475987915392806
13,48503,0.0003685053922710976,2.625808200603721
13,48507,0.0004499865235380337,1.442538090714559
13,49003,0.002009615254219713,1.148939132561611
13,49005,0.003219599707151094,0.7363438512683896
13,49007,0.000967278423890114,1.4111931310986623
13,49011,0.005027380222556647,0.6465883851321427
13,49021,0.0009640029335453613,0.8652780799620036
13,49035,0.01006384070141317,0.48635932670935805
13,49037,0.0005792029785655098,1.4953290823716023
13,49039,0.0009317903381526185,1.293921727122028
13,49041,0.001093940903471728,1.438928525113371
13,49043,0.0014871053024134225,0.7158182247839501
13,49047,0.001081470704295564,1.4962669653223104
13,49045,0.0009666601885801485,0.6333422664700219
13,49049,0.01655566846239818,0.808517798351015
13,49051,0.0003697531150174034,2.3022388244288146
13,49053,0.003025486784649865,0.5479549216110328
13,49057,0.0032068577014385856,0.449680464319235
13,50001,0.0021697852703321157,0.942670775203094
13,50003,0.002359708162629441,1.1305547844295087
13,50005,0.0023963670077534545,0.8445937258168171
13,50007,0.0032951450692701983,0.7518912649871019
13,50015,0.0013349064765074132,0.9222803533425543
13,50011,0.001478974337123916,1.1721065145896494
13,50017,0.0023954503546898174,0.8680281431453598
13,50019,0.0021887659330055895,1.0590542110852847
13,50021,0.0045110377846726306,0.7343024197582682
13,50023,0.003592613463959604,0.7327684412500088
13,50025,0.0037353689262768076,0.7072498756200244
13,50027,0.0036526968902155293,0.8467175498174347
13,51001,0.0011862529135695792,1.1067396550507507
13,51003,0.0020226920470375713,0.6723748594362345
13,51005,0.0013732957744202095,1.57190965963669
13,51009,0.001135910394759771,0.7031303632323984
13,51013,0.010499392117224116,0.5145739322203651
13,51015,0.0018646623584118024,0.6254187148364788
13,51023,0.0014192158069169353,1.085813228509382
13,51027,0.00134583852013518,0.8280292074016397
13,51025,0.00037079692831904653,1.536353070527366
13,51029,0.0007030975306160259,1.465516984286195
13,51033,0.0009836486243568086,0.8623477161164189
13,51031,0.001628975599016716,0.8992802778763792
13,51035,0.0015194763200058786,0.9065272807585311
13,51041,0.0034089169159502923,0.41955288707765703
13,51047,0.0009521692092058475,0.8225878982528888
13,51051,0.0005641935115654058,1.370918325631049
13,51059,0.012752920777829496,0.3785730252231567
13,51061,0.0017822879913922142,0.633301317184574
13,51065,0.00044707586495956107,1.672267562412138
13,51067,0.0011820843177826003,0.8005980707033851
13,51069,0.0017666306958246088,0.7425699618371528
13,51071,0.0007286245407584826,2.3562431948301756
13,51075,0.000572303414485271,1.3023660489227527
13,51073,0.0010648539797338556,0.8047761442730235
13,51077,0.0010753618150488409,1.1696347595488792
13,51083,0.0015961996863392142,0.7333308707902999
13,51085,0.0024646635709744034,0.5381578230146781
13,51087,0.0027336050240807266,0.4329324788463836
13,51089,0.0027813732554394636,0.6116196311119833
13,51093,0.0013305236112241695,0.9048881481883794
13,51095,0.0015381491732986122,0.8290013889484955
13,51099,0.0007672358060893574,1.1661749441799445
13,51105,0.0009575408980508353,1.163574399626329
13,51101,0.0005019023201589217,2.3795203513345085
13,51107,0.0065046563674277195,0.3609261724627198
13,51109,0.0010074083144887074,0.9530911246245839
13,51117,0.001784852211789908,0.9027152830380402
13,51119,0.0007269634177609919,1.9153785432857096
13,51121,0.0018594954657906277,0.7555532052320867
13,51135,0.00020062857171093812,1.5058986180128766
13,51137,0.0005952278132658,1.7146478771241238
13,51139,0.0009579632264190834,1.6911678874659122
13,51141,0.0007866055470063245,1.4078224463794478
13,51143,0.0027979112538365,0.6741415570262483
13,51145,0.0006087572957196985,1.0463173240770964
13,51147,0.0002484232701044339,1.8397198878767254
13,51149,0.000543679616591565,1.3669170976713796
13,51153,0.0061971945258978796,0.3869084785654181
13,51161,0.0023223567040613975,0.8115335744012375
13,51163,0.0006184314031391114,1.6108812888811959
13,51167,0.0010782796629595236,0.8968140280514958
13,51165,0.0021673168380933745,0.5997752588607097
13,51169,0.001819873440450047,1.2647106703946525
13,51171,0.0011868726592497757,0.8126273222695389
13,51173,0.0014820480851597492,0.8190577786330014
13,51175,0.0006573460490221465,2.3736781675501906
13,51177,0.0023272454647895098,0.4371709622216985
13,51179,0.0024854179239450457,0.6731722594821502
13,51183,0.0008713853669199094,1.2012899165120847
13,51185,0.0013551971171022177,1.1503670814992777
13,51187,0.0007372099163352781,1.043893433663046
13,51191,0.002021506697866198,0.6857247575127398
13,51193,0.0004535108361250768,1.8951333109449278
13,51195,0.001315258401641049,0.8375361276487633
13,51197,0.0008217950837333566,1.0637377313615095
13,51199,0.001522801584716035,0.6991234099847866
13,51510,0.006248377349894492,0.5290222855633796
13,51520,0.0004264115512571491,1.5040927498568597
13,51540,0.002077002483799422,0.7090442157082251
13,51550,0.0029348558302989946,0.46409830130149243
13,51570,0.0005536070034170419,1.570062583537946
13,51590,0.0015302050914169757,0.5935073375639351
13,51630,0.0005641629067041176,1.1604069132793802
13,51600,0.0009965157954426806,1.1460456061040702
13,51650,0.001897458360068375,0.3916229688803414
13,51660,0.001521582791086125,0.7259964463978335
13,51670,0.0005360906720245294,0.9202325505982413
13,51680,0.002215532804432278,0.5751434062020293
13,51683,0.0012847078768274689,1.0815213665218404
13,51690,0.0008449460890834462,1.011817618201096
13,51700,0.001815443564683743,0.5789513800516286
13,51710,0.007539615450627409,0.3605975697975267
13,51730,0.0012827612352804398,0.7574662990995548
13,51735,0.0002528484684928863,1.160407949509862
13,51740,0.0021117745585785357,0.49280454261696693
13,51760,0.005110268041564834,0.41259781548537783
13,51770,0.0014373995516206316,0.45307427386371574
13,51775,0.0006685453685105978,1.1373202574246493
13,51790,0.0006256738988592581,1.0708016889265202
13,51800,0.003012409940864977,0.5589878991993263
13,51810,0.004822167225624476,0.3367899210128254
13,51820,0.00048625729556456656,1.1630294977845907
13,51840,0.0007812972988091591,1.0662331884250167
13,53001,0.00039739974472724693,2.600558645650785
13,53003,0.0007709812262948159,1.5705014091653566
13,53005,0.00227871348498308,0.4447370393489294
13,53007,0.0013877122210260767,1.0726129088243723
13,53009,0.003388472462205276,0.9580760228042939
13,53011,0.006054236335354714,0.4277664793681777
13,53015,0.0016761198475748963,0.4195064669337744
13,53021,0.0018338776792415894,0.7655844372665326
13,53017,0.0010444967241819655,1.140172616810351
13,53025,0.0011023348539120224,0.6900492234802476
13,53027,0.0016820557474569147,0.6192828158086232
13,53029,0.002908615209773205,0.9248760164372567
13,53031,0.00187992557264742,1.4766357113050828
13,53033,0.020628931151426274,0.5135257192270666
13,53035,0.004454950971343232,0.36093196778737635
13,53037,0.0011186060252708473,1.35010770475594
13,53041,0.002403917289170825,0.7469778913523405
13,53043,0.000932545519260824,2.4222339881598205
13,53045,0.001559518221171115,0.6735350029922695
13,53047,0.001368421720924022,0.7372891011312139
13,53049,0.0014193716285416217,1.3734957814497133
13,53051,0.0013214183389519737,1.3648401715160505
13,53053,0.006431880517385917,0.4238314437249333
13,53055,0.0012655345089505835,1.4437401880218907
13,53057,0.003090951290981794,0.7809704739250343
13,53059,0.000804913247621567,1.3585808800567458
13,53061,0.0078101461010359014,0.41776296910812744
13,53063,0.0062138490722293774,0.31504213048157254
13,53065,0.0021054028454687243,1.0826948757919816
13,53067,0.004386607981215075,0.3755280801910772
13,53071,0.0008670634417176395,0.7536536829016295
13,53073,0.003002127615384527,0.5952329367181222
13,53075,0.0012435091676799219,1.4152631656599906
13,53077,0.0030664098533146928,0.6206864772911039
13,54001,0.0004612157869787273,1.3913462907965273
13,54003,0.0017967628503378031,0.7535637160457631
13,54005,0.0013688251111254872,0.994323971806735
13,54009,0.0010962351958388932,1.1119636917872415
13,54011,0.002527227858012661,0.5782803563720346
13,54019,0.0018507131316483302,0.6448763955803214
13,54025,0.0014392958404216584,1.155491457722779
13,54027,0.0007555001085762487,1.109564108773712
13,54029,0.0015757446411072155,1.3529579664153832
13,54035,0.0008871929082559553,1.1271181117967501
13,54033,0.0026246623799408226,0.49327216260727874
13,54037,0.0012696356537035016,0.6711945994308804
13,54039,0.004235908562136795,0.2896682185223277
13,54041,0.001040863095121112,1.3402542287278827
13,54043,0.0007406440094218816,0.958817540642918
13,54045,0.0012626364014294968,0.796323835408968
13,54047,0.0018652250999498432,0.9216737507704469
13,54049,0.0017488138114403152,0.5926506948267587
13,54051,0.0014689058625442315,0.8291149709884714
13,54053,0.0009802973120923962,0.9168359082422705
13,54057,0.0010007794323502871,1.2197875988451554
13,54055,0.0019534147215503764,0.766958028150633
13,54059,0.0015245934387085058,1.0652977026046224
13,54061,0.0026055125326915167,0.9013969674505694
13,54065,0.0006735807941028765,1.54245286633406
13,54067,0.0008373842455427558,0.9018161561134157
13,54069,0.002478425050632722,0.6626818259831252
13,54077,0.0016120672700399034,0.8919936235384638
13,54075,0.0007779272549518075,2.3318539851684985
13,54079,0.0012267262025775687,1.2663929895851718
13,54081,0.0019524728046084175,0.5872950184244103
13,54083,0.0011174947322096563,1.3232442212518634
13,54089,0.0006340020334838797,1.5384972546460984
13,54087,0.0006534715676509403,1.7530618945397352
13,54091,0.0005699617714389828,1.3755144716250618
13,54097,0.0007819408250444513,1.7467264485418197
13,54103,0.0010846825261518016,1.2940541638053202
13,54099,0.0013081248835825688,1.3309580564461319
13,54107,0.0031395335848845855,0.4484682106655762
13,54109,0.0009706040021967466,0.9978577093874913
13,55001,0.0021326742097740638,1.06025032162061
13,55003,0.0013428302654858429,2.1163330212735003
13,55005,0.002007503598336064,1.066636629488356
13,55007,0.0017128361137620184,1.2928365303866223
13,55009,0.0024509703792714105,0.3880317805048663
13,55011,0.0014638452645967144,1.3150717610303821
13,55013,0.002151207337767107,1.1310966907209201
13,55015,0.0016500537861024562,1.2385487825843136
13,55017,0.0016760359085183105,0.8460485598018308
13,55019,0.002620318287317292,1.091326253198848
13,55021,0.0022912240445195965,0.9201637978085205
13,55023,0.0017673078551145055,2.2932218464071408
13,55025,0.008202801893164928,0.6535368845808049
13,55027,0.0030335763182043857,0.993368373924915
13,55029,0.0023698697459521006,1.3366009032282544
13,55031,0.0015359334639233428,0.7775240149802911
13,55033,0.0015984329502385876,1.2501421471928154
13,55035,0.0016026352048441649,0.5336322187405319
13,55039,0.0026512389665747814,0.6718288999560014
13,55041,0.0011135441742632318,1.427567459025256
13,55043,0.0025010299465783553,1.3810291744634515
13,55045,0.0017624174131052176,1.1718977225269813
13,55047,0.0016557093256600113,1.8623736681988865
13,55049,0.0019453061296223217,0.9291325282355839
13,55053,0.0012432776365375964,0.9482523692146884
13,55055,0.002146748032121029,0.599570744988446
13,55057,0.002347052650219613,0.8908384966523145
13,55059,0.0020119079068649935,0.5001169786139936
13,55061,0.0007243362803906163,2.149782854650892
13,55065,0.0017734875400481362,1.1854329114718498
13,55063,0.0016931275109091576,0.5994160540622898
13,55067,0.0012399620284839364,1.6835250990277788
13,55069,0.001918387617963783,1.375059092993426
13,55071,0.0029180452200595745,0.6610376782558011
13,55073,0.003283205454292978,0.5571542488268181
13,55075,0.0023784107318312485,1.0451819410901506
13,55077,0.0016951790611018506,1.0631324543747642
13,55079,0.013880750693148439,0.4280107793973428
13,55081,0.00173284165837232,1.4676295031536144
13,55083,0.001971500478568639,0.906151923661231
13,55085,0.003661982526991506,0.9094294621348297
13,55087,0.0035616695258342875,0.39016142054769426
13,55089,0.0026777577942693432,0.9980666650956032
13,55093,0.0009291241351389314,1.5613644465904768
13,55095,0.0021918319221839616,0.7913696570626483
13,55097,0.0017164286335276673,0.7987865498539551
13,55099,0.0027166971295120826,1.2110660953085688
13,55101,0.002838469505816896,0.4941775182172783
13,55103,0.0014086913003774541,1.5115964455807835
13,55105,0.002454168118815885,0.5045558843352596
13,55107,0.0014615589248407872,1.2296416237666934
13,55109,0.001964116639478478,0.8366464196593157
13,55111,0.0021100364410316617,0.8109037170350732
13,55113,0.001381199756624421,1.1024857991145944
13,55115,0.002343633579856519,1.00917200292246
13,55119,0.001498865686457028,1.2242519635988705
13,55117,0.0027414265552757806,0.5761908177483617
13,55121,0.0022848316256395044,0.7890266610527409
13,55123,0.0020473763847699278,1.1835617947882136
13,55125,0.0017254837493866782,1.0464348499527996
13,55127,0.002132046259740875,1.086434553802992
13,55129,0.0014003011105416738,1.438041385393387
13,55131,0.003678400006386309,0.6622695869211911
13,55133,0.009824344332575905,0.4253187173847081
13,55135,0.002726395915346432,1.0184554298073472
13,55137,0.0017874842560259285,1.0421310405198394
13,55139,0.0031028475503555512,0.5270419970059297
13,55141,0.0026810231815485863,0.9461163835556357
13,56001,0.0016054751653769407,0.9719292193551125
13,56005,0.0011572968633991937,1.2570432876549402
13,56007,0.0006003772981456914,1.8188936442372765
13,56009,0.0006146552400728022,1.8414980982307574
13,56015,0.0005117125971015515,1.6573571379712757
13,56013,0.0009809211190047872,1.2856332532018726
13,56021,0.001573581524432819,0.49632748859241255
13,56023,0.0005399411372347003,4.662912891427006
13,56025,0.001764239288733006,0.5190537599264066
13,56029,0.0006614011311455659,3.4720144657793433
13,56033,0.000854336001721236,1.421290147465845
13,56037,0.0012205566201560498,0.6455688013562744
13,56039,0.0004567369908049843,1.8948744794775223
13,12057,0.008618162112255141,0.4217311268234497
13,12059,0.0005626148369129196,1.1440696384885372
13,12061,0.006064177114206544,0.4171258378570027
13,12063,0.0013795746878460765,0.6777019616270286
13,12069,0.00637977434314781,0.4820789954713801
13,12071,0.020310196693027534,0.49913938788488976
13,12073,0.005724346836433558,0.6478743154036263
13,12075,0.0011118568158104453,0.7573389311194222
13,12079,0.0006140850791345331,1.1180277554471076
13,12081,0.008070353841122552,0.32967481516999064
13,12083,0.005717759902745101,0.4373767607286391
13,12085,0.006051786793289706,0.4164099351426553
13,12086,0.01645450399157688,0.36885628123598163
13,12087,0.005837847024458673,0.7998431776439148
13,12089,0.0010595380047094469,1.1135907670351792
13,12091,0.0023078621543564377,0.5146638094470665
13,12093,0.0012111875184605391,0.5524558473352676
13,12095,0.006313699800444693,0.2976914228152526
13,12097,0.0027325003215754712,0.43768229461180896
13,12099,0.02572787693317364,0.4770746369836196
13,12101,0.012447876198163054,0.5154707966659472
13,12103,0.023846530471362624,0.3273986817847019
13,12105,0.006528165757196575,0.27521542958790035
13,12107,0.0015978184979597758,0.5985156032986569
13,12109,0.003163391205831539,0.7111247393644176
13,12111,0.0043550628923019535,0.5699739003929986
13,12113,0.002428512049781949,0.46959878175799197
13,12115,0.022103050097300053,0.53226560899332
13,12117,0.0039590191719357385,0.3991703206455114
13,12119,0.0043008018572915484,0.9630814932724155
13,12121,0.0008963534641172632,0.8728893082763807
13,12123,0.000383468813579952,1.2817375603010317
13,12127,0.010609323167840223,0.386116136529917
13,12129,0.00039920353697807333,1.3692126232351745
13,12131,0.001032772743392636,0.8660753857847617
13,12133,0.000938042860541592,1.0528777223461727
13,16001,0.004588994533581639,0.3716480320698014
13,16005,0.0017646855018189837,0.5291203830276208
13,16011,0.0011993975364426204,0.7764716091099224
13,16013,0.00043650853157263156,1.9494253324711341
13,16017,0.0013659156001326136,0.7981853562136472
13,16019,0.0020219374223476214,0.4910225870224377
13,16027,0.0019125396052741329,0.5161899617394167
13,16031,0.0010608761312868888,1.1875761002684742
13,16039,0.00033881348114712863,2.59453243719411
13,16049,0.00094141422780435,1.106895899567347
13,16051,0.0004971511204917872,1.733896383669881
13,16053,0.0005513327629762032,1.5060093649635964
13,16055,0.0026499344508603643,0.5095494895201731
13,16057,0.0006274841103003427,1.1982890177114667
13,16065,0.0009945832355622213,1.4925657058067612
13,16067,0.0008201102937443179,1.4544188774618767
13,16069,0.0012916973492965212,1.0319389612573766
13,16075,0.0005420263135761527,1.5962695749590834
13,16083,0.0009740721563162849,0.670541738860422
13,17003,0.0009987979648768354,2.0243117718296273
13,17001,0.001785901289318441,0.5716836834187854
13,17005,0.00044379851639430467,1.3227629592151982
13,17007,0.0009218842970323347,1.1041265607637902
13,17011,0.0022017356066758318,1.0662639960616462
13,17015,0.001627440774221101,1.128917882224529
13,17017,0.0012080700410297823,1.834997807427919
13,17019,0.004907314232667198,0.8157050659467143
13,17021,0.0018886471166629209,1.6116615759647426
13,17023,0.0006368100805833466,3.005906517399078
13,17027,0.0010783593636462432,0.8619468761675114
13,17025,0.0005827799182812172,1.8507385605095585
13,17029,0.0010994407790885163,1.404924948842026
13,17031,0.016403421534622504,0.3772109363303024
13,17033,0.0012150237263609082,1.2464348433490962
13,17037,0.001464783868630595,0.892750006125818
13,17039,0.0009025317515124383,2.0319912712021724
13,17041,0.000979919635631025,1.069056231260246
13,17043,0.01283790546587607,0.4516447553559015
13,17045,0.0009029486381353029,1.188319592699478
13,17049,0.0014203479630089473,1.0722800688652525
13,17051,0.0010623396129042736,1.151281582252296
13,17053,0.001053682495104581,2.2880314941786613
13,17055,0.0022962327198915197,0.888485503147453
13,17057,0.0022635430626232315,0.8632485825796048
13,17063,0.000879256284861558,0.9603779704861906
13,17061,0.0011103001277436486,1.2067247581519578
13,17067,0.0019258857931798,0.913878894478745
13,17073,0.0018683318594173012,1.0287760730236928
13,17075,0.002190545392821807,0.8248873428196953
13,17077,0.0015994355336006758,0.85549689763069
13,17081,0.0013463058190818402,0.7931297151488684
13,17083,0.0008031941438230237,1.0725153071428666
13,17085,0.0011337485881050195,1.064012683050032
13,17087,0.00024758277531267814,1.2496425148667636
13,17089,0.004336167353173535,0.5816931105070084
13,17091,0.0017792298119503345,0.4660030289307145
13,17093,0.0021249176209150785,1.0530662771037946
13,17095,0.0018017593106210584,0.5625239170526848
13,17099,0.003162001478585722,0.594806972466488
13,17097,0.006348726579670927,0.5251478974998119
13,17101,0.001337342087480617,1.2613316081497472
13,17103,0.0013672925276543265,0.9168863086948469
13,17105,0.0013349138945459758,0.8735155972019065
13,17107,0.0015533112885914976,0.8123397111974688
13,17109,0.0011000445629857595,1.910805841135358
13,17111,0.00469083978494373,0.39659534757187653
13,17113,0.0027333191928658315,0.4717044545083951
13,17115,0.0028604205833681535,0.3770567415261611
13,17117,0.00229635299965868,0.8960615054998525
13,17119,0.004067364945957399,0.3952730119058403
13,17121,0.002088751577796641,0.8625948936989614
13,17123,0.0014974162032161877,1.1950602236972538
13,17125,0.0015278767942816542,1.4912147551305686
13,17127,0.0005394554248582295,1.844361165535505
13,17131,0.0008702897979305536,1.5138210143559483
13,17133,0.001034794402342502,1.8197169498510704
13,17135,0.001542416336351263,1.2428743937785225
13,17137,0.0014053129598501077,0.8691181369181854
13,17139,0.0006857799990638266,1.2763235206188863
13,17141,0.0014145618132648404,0.8612102644307371
13,17143,0.003518001632498982,0.48975837702578995
13,17145,0.0009809437397545295,1.5352937197218028
13,17147,0.0005573044936924145,1.4456681794567174
13,17157,0.0013561195991622593,0.9627681105871221
13,17149,0.001253540206856091,1.0869515770583567
13,17159,0.0008519865162994982,1.217679495133699
13,17161,0.0025043335609498205,0.4050919214103142
13,17163,0.002679028986985184,0.537112334961062
13,17165,0.0017488145841185623,1.3953034713952328
13,17167,0.004201608200071586,0.37510699527885777
13,17173,0.0014148553078105394,1.0914617636699218
13,17177,0.0018506126793747155,0.7219682900138895
13,17179,0.0029892982594080476,0.5889067754327986
13,17181,0.0008629875426889086,1.2244222791004107
13,17183,0.002852475575415155,0.5202847506107621
13,17185,0.0005961763858728222,1.1228396247230517
13,17187,0.0006822557777150413,1.4126310721853477
13,17189,0.0009327914659217849,1.694901342452657
13,17191,0.0012767988051861719,1.608075998107737
13,17193,0.0009484100087573515,1.9645371071901738
13,17195,0.003060588661297521,0.5888949428689533
13,17197,0.005260649886397174,0.36637979312449687
13,17199,0.0018403766742650736,0.6157618776728097
13,17201,0.0034468950391415946,0.39235916458355036
13,17203,0.0014402032352941853,0.9388068551844685
13,18001,0.0008675250809515928,1.5959562686070876
13,18003,0.003949397786356386,0.36405028326543526
13,18005,0.0013654432298078963,0.6091830413893797
13,18009,0.0007564030907188824,1.4742093649494572
13,18011,0.0009677732269715455,1.5727494106415105
13,18013,0.0007139059395927025,1.2639712167135022
13,18017,0.0010190889745361625,0.8918559121456465
13,18015,0.001492336082756614,1.133141283746234
13,18019,0.0017488693599220211,0.5936021852975809
13,18021,0.0008931272889863933,1.468540832725073
13,18027,0.001004202800554363,1.0997351685947678
13,18023,0.0009431540687911415,1.011988370528792
13,18029,0.0012114258781503815,0.9107413284063466
13,18031,0.000933112658556747,1.0830151019198415
13,18033,0.0012509694688350556,0.7106165715648404
13,18035,0.002175273025729056,0.44666737339678275
13,18037,0.0011808831628993767,1.2494540358709605
13,18039,0.0023652292125517136,0.43523088272997995
13,18041,0.0012107188144326799,1.178501242032698
13,18045,0.0011851170866754614,1.4658068200012713
13,18043,0.001756939830918744,0.6158463575418347
13,18047,0.0006523889004325185,1.4112002543295712
13,18049,0.0009843309534207272,0.8380890476327951
13,18051,0.0010625065110859318,1.2081945343824798
13,18053,0.0017629745231919505,0.6266704083824532
13,18055,0.001383475602834554,1.235248859722544
13,18057,0.00453162204531646,0.3748321482077787
13,18059,0.0013634842669433334,0.8329587838379057
13,18061,0.001269822090010909,1.0741051753079303
13,18063,0.0020385232589685584,0.5353084060385743
13,18065,0.0017814880063402128,0.769648607226764
13,18067,0.0020902846519844235,0.4702927166476504
13,18069,0.001691824997852763,0.8473985548052339
13,18073,0.001022299691283632,1.0218534462976436
13,18071,0.0012882301467649663,1.0661785762717402
13,18075,0.0014473024421091107,1.1531584103742105
13,18077,0.0007966031116494366,1.174634335938326
13,18079,0.0006722023039248209,1.074797726595371
13,18081,0.0016366464153093787,0.5695600970195309
13,18083,0.0009718259241120117,0.9449077955989937
13,18085,0.0020765933929760482,0.5881705343175743
13,18087,0.0012163649771094595,0.9119396989216099
13,18089,0.003986969716774097,0.4821155003513812
13,18091,0.0019388109746461067,0.4438195022132877
13,18093,0.0012445182459093207,0.9078093813697141
13,18095,0.0032736393001239826,0.5051141037843245
13,18097,0.007010108981765876,0.2859092878523773
13,18099,0.0014089124668213602,0.8377348349363208
13,18103,0.0012352854776747928,0.7310525097497584
13,18105,0.002900620618479133,0.6714731710971312
13,18107,0.0013668937275307718,1.0198611350047913
13,18109,0.0014618475914516854,0.974558429957819
13,18111,0.0006074525708449843,2.055661963355098
13,18113,0.0011470836849295405,1.115517942752971
13,18117,0.0013630752648630194,1.0608883343168913
13,18119,0.0010269953091225138,1.1772341470066066
13,18121,0.000598605155098869,1.4563256828416797
13,18125,0.0009580331018341974,2.2782955367591926
13,18123,0.0008834947564847348,1.264203440839212
13,18127,0.001562842394761746,0.4740254456869158
13,18129,0.0013773351515523453,1.3072330504158842
13,18131,0.0006064738750218201,1.9630005364130483
13,18133,0.0007201267342701933,0.9052919045124436
13,18135,0.0018402302872177517,1.062041987468273
13,18137,0.0009362601268529074,1.1164062032834037
13,18139,0.0008571263484780321,1.3690830115164583
13,18141,0.003724273687747857,0.35694928236025575
13,18143,0.0006642089567684815,1.0655320417666636
13,18145,0.0011300225991870425,0.9748996603260082
13,18147,0.0009913183799965149,1.4473994020341905
13,18149,0.0010991925547426335,0.9401156978526182
13,18151,0.00131109530463649,0.7905368331303705
13,18153,0.0005925660552822085,0.9652883640238938
13,18157,0.0024233217600356143,0.7063750619027093
13,18159,0.0004105160374426773,1.3250924066853096
13,18163,0.0031613586247778488,0.3422981872647836
13,18165,0.0010678601305894352,1.3297451367253053
13,18167,0.0016873055237128795,0.4383268741689428
13,18169,0.001343863105384993,1.6925782348413256
13,18173,0.0012546574072023707,0.8098729645933025
13,18175,0.0010866127949743425,1.0582404305861
13,18177,0.0018941348081458953,0.6753940584129964
13,18179,0.0011787207642356345,1.109087840162931
13,18181,0.0012988174827700937,1.0017781105101977
13,18183,0.0010026427309384317,0.7883426327973744
13,19005,0.0012130762652377562,1.2125967966132263
13,19007,0.001076759415092193,1.160118067580826
13,19011,0.0012190458457952396,1.1548129985093587
13,19013,0.002948893729588151,0.579683255648968
13,19015,0.0010058043049294687,1.121548322386867
13,19017,0.001390985799022387,1.1565945892985707
13,19019,0.0010421865644654176,1.1760601314014802
13,19021,0.0007888478851566872,1.358192029185495
13,19023,0.001352644800096305,1.152639394469001
13,19025,0.0010020911362373143,1.4069552914135581
13,19027,0.0010127317144571193,1.5480692198924355
13,19029,0.0010012498309935366,1.4354216415396472
13,19031,0.001033830362311564,1.0567160507295443
13,19033,0.0017481324445660581,1.0806618215274049
13,19035,0.000830746277341657,1.3586210201788382
13,19041,0.0005380350353149396,1.7426987360195132
13,19037,0.0009559271052029568,1.7085453473559644
13,19043,0.0017100671654743463,1.2957078392778547
13,19047,0.0014933114748910095,1.0532971683257082
13,19045,0.0019548594940136913,0.8890569389283904
13,19049,0.001288014915033739,1.0490149923655694
13,19055,0.0006681560491397358,1.3953304144791545
13,19057,0.0015632425578779006,0.7301571424005294
13,19059,0.000993104377059587,1.2076080452339328
13,19061,0.002296500683087427,0.5469716029837857
13,19063,0.0006421635425257246,2.0736370415449636
13,19065,0.001840955536837666,1.5146282379273588
13,19073,0.0008910668783254896,1.6688045762866452
13,19067,0.001162169856761904,1.5675282079765045
13,19075,0.0009777495331746127,1.6546367171920133
13,19079,0.0009408435656792638,1.453687984942486
13,19081,0.0009793819005334038,1.3582989801720895
13,19083,0.001654594669344117,1.1798971239492961
13,19085,0.0014394633712754138,1.3277575805011836
13,19087,0.001034499198294795,1.0272632060743725
13,19091,0.0008567111275168828,2.1524682303026963
13,19095,0.0007983468392095244,1.3966417308285335
13,19099,0.0014974681747609137,1.0940475975470505
13,19097,0.0013480613806174807,2.273922317370461
13,19101,0.00054118815073441,1.7696367579186625
13,19103,0.003220735896917975,0.59390691209381
13,19105,0.0011162384964793443,1.6617942676847957
13,19107,0.0010561439371140522,1.183366117181571
13,19109,0.0017159593248663257,1.3210229381399736
13,19111,0.0015628114429849284,1.3885117396991185
13,19113,0.003495096708432693,0.31115354383368177
13,19117,0.001131809207663891,1.811562645118237
13,19123,0.001391288751149958,1.1191937932032459
13,19125,0.0008337368693779985,1.7182276736728606
13,19127,0.001466630314984609,0.5967042874377294
13,19129,0.0008411501876786212,1.508341736924292
13,19133,0.0011139483001349935,2.0639363093397787
13,19137,0.0008059255273214472,1.7778240023741814
13,19139,0.0011823153275296722,0.8232421692903812
13,19141,0.0007646262666556545,1.6845363914013392
13,19147,0.0009360802695503683,1.3389860696265814
13,19145,0.0015027980425529033,2.289674124622514
13,19149,0.0011091068237811036,1.2622026200417649
13,19153,0.004730903473784327,0.35777345471974187
13,19155,0.002759600943466985,0.5397966153952799
13,19157,0.000997439032703407,1.8434074674641063
13,19161,0.0013522560118924365,1.3220908166728158
13,19163,0.0027041168982133304,0.38630038764217267
13,19165,0.0007300622758059387,1.8195797796069826
13,19167,0.0011828217263201378,1.2331781914887423
13,19169,0.0029431264750897548,1.012591506500619
13,19171,0.001487727147059736,1.5997778794224562
13,19175,0.0005801590687407387,1.9993921004550763
13,19179,0.0016997824979526604,0.7381182645665667
13,19183,0.0008468273775342981,1.4127005472344079
13,19181,0.001663434736282308,1.1025168982212716
13,19187,0.001232286531638343,0.7024840212883777
13,19191,0.0009250709317116115,1.2464403267057644
13,19193,0.0014609536582974557,0.47584715247455833
13,19197,0.0011603848533626726,1.8967613839149762
13,20001,0.0013166333991237757,1.2942102107458415
13,20005,0.000524974801915511,1.6330501552554348
13,20009,0.0011590480372565533,0.8775119131965143
13,20011,0.0009002762597228935,1.4516010862052304
13,20015,0.001199147152387517,1.1115369177888892
13,20029,0.0007656133848733699,1.798002911358215
13,20021,0.0009477535516126685,1.3892912568957196
13,20035,0.00150308855450529,1.0947668023722883
13,20037,0.0015746871690288078,0.8872929729679492
13,20041,0.0010587915752540153,1.376817365013639
13,20045,0.002938095227160012,0.5332600842625858
13,20051,0.0008430311646009669,1.120287252528039
13,20055,0.00140149779237795,0.6909893412622683
13,20057,0.0006977242894788842,0.8660150769739898
13,20059,0.000610574856648859,1.06453096391
13,20061,0.0015209834377508643,0.7677225190924215
13,20079,0.0012499654202793962,1.0839892250871364
13,20087,0.0006798935027927211,1.4832322637441875
13,20091,0.006437288648244744,0.4696535685485387
13,20099,0.0014205222948131832,1.0839418626870796
13,20103,0.000981253702188824,0.7663633587078086
13,20111,0.0009010603482006225,0.9738518216514198
13,20113,0.0009822404422606575,1.5595187873300909
13,20115,0.0007749127983287521,1.187150669419631
13,20117,0.0009057991202675484,1.2486610650352983
13,20121,0.0009813082425088094,0.9864594299118116
13,20125,0.0017034326849745644,1.019457837887985
13,20133,0.0009223788634221703,1.3133598261402524
13,20149,0.00046439700804201336,1.5077312749083918
13,20139,0.0010048588714934908,1.3672509382880662
13,20155,0.0015883600926556213,0.6190133354755586
13,20161,0.0025401536647515137,0.7205639747158034
13,20169,0.0009360260657077004,0.6393186963904192
13,20173,0.0038701186233358795,0.2956282594649846
13,20175,0.0006432358836074949,1.257893450221802
13,20177,0.002715578412625505,0.38089899585036674
13,20191,0.0011235756465742379,1.0048574492808706
13,20205,0.0010360679646124948,2.976768890277873
13,20209,0.008427650200817174,0.39733393287717905
13,21001,0.0013014455002147058,0.7338962032292936
13,21003,0.0008111254878026963,0.9135674541475509
13,21005,0.000698956383058903,1.1690674183922163
13,21009,0.0010516608507980143,0.7200559519114345
13,21013,0.0012541908599783063,0.8942240653676996
13,21015,0.001337470284148675,0.49326106402451636
13,21017,0.0009746874290077055,0.8933490295634023
13,21019,0.0013377011431642298,0.6692182195888395
13,21021,0.0007770744274637778,1.0522339207035705
13,21025,0.001679205813519249,0.9664722736834792
13,21027,0.0009707980033533872,0.9164893275639211
13,21029,0.0011786004126802978,0.5707447479996713
13,21031,0.0005333416822601705,1.0800171958008902
13,21035,0.0008492890007265319,0.8768326328701278
13,21037,0.001742715440724989,0.6214000783272536
13,21043,0.0008038299100000212,1.0350468375141573
13,21045,0.0007471970626190301,1.1051260667108025
13,21047,0.0015407450945299206,1.4832883812969317
13,21049,0.001379266864492592,0.7661044822344625
13,21051,0.0008452962734715559,0.8491589329191275
13,21055,0.0006769210410718897,1.1606767358606742
13,21059,0.0018614266597456015,0.5798380783443863
13,21061,0.0002979301147853416,1.3903816392135804
13,21065,0.0005671995358158934,1.2933094979615247
13,21067,0.0037559083377264706,0.3414404199295689
13,21069,0.0008150032465907189,1.2968081937894669
13,21071,0.0012169099776899288,0.8829870087476577
13,21073,0.0014895092699704303,0.6581077504554844
13,21079,0.0006156519303022079,1.2921222879062073
13,21081,0.0003017544034457146,1.8932889721699702
13,21083,0.0010022704806441315,0.6642025326829445
13,21085,0.000993093401432892,0.8877894064697573
13,21089,0.001282107801443532,1.1541573890621386
13,21087,0.0006758211456326384,1.3294880607842743
13,21093,0.001279735372142705,0.5836434421714846
13,21095,0.0015358102566371832,0.8406053607803543
13,21097,0.0007237500776524326,1.1602761909633459
13,21099,0.0008370730778518838,1.0955673684406577
13,21101,0.0009662442057308351,0.9617145736176301
13,21103,0.0010766543433706332,1.1459975254869632
13,21107,0.0015353946076955278,0.6852613757284299
13,21111,0.006436387537127286,0.49152207047151486
13,21113,0.0008492844158583106,0.8233811674363061
13,21115,0.0006713385328457655,1.0360029893771425
13,21117,0.0024772033724916103,0.5240147781299077
13,21119,0.0008714549285661685,0.9083428360166617
13,21121,0.0008857833193491218,0.9999635355775092
13,21123,0.0003943893943167371,1.1261310194504133
13,21125,0.0013213645019403185,0.6634554042717921
13,21127,0.0008383636328306061,1.1109230383858724
13,21135,0.0006230286061347421,1.0746397196794197
13,21133,0.0008049570812176345,1.0570539021524035
13,21137,0.0007320142322707765,0.8566591001349544
13,21141,0.000914530202492632,0.9032813072989483
13,21145,0.001153373783402943,0.6579611495342126
13,21147,0.00040925192186796723,1.2301618497065128
13,21151,0.0010544121780617446,0.7821401772336202
13,21153,0.00037663219985270026,1.2232297690892975
13,21155,0.0006929473578106855,1.0211410745906293
13,21157,0.0012170224083608292,1.3027387480550336
13,21161,0.0007327952676459239,1.0689237031515186
13,21163,0.0005356550582453157,1.6782196083454526
13,21171,0.0007059211987187776,0.9312591733377993
13,21167,0.0009713994148422573,1.0830970067025636
13,21173,0.0006784700557232268,1.0527612584380246
13,21175,0.0011390994300479011,1.0712494994861679
13,21177,0.0012442487589090052,0.7655687075633824
13,21179,0.0009653809584411784,0.7472319733764643
13,21183,0.0009714592033181255,0.9138313729321944
13,21185,0.0019012074554221395,0.6564474699654987
13,21193,0.0007965434336904422,0.8366213303555381
13,21195,0.0025247879049613182,0.6245805161100213
13,21203,0.0004857382384398813,1.1163312310929645
13,21199,0.0013805859583033665,0.5330744526203862
13,21205,0.00031551309400288063,1.458972318607091
13,21207,0.0006822724133268201,1.1478965972287838
13,21209,0.0013480041934488228,0.5674952313153289
13,21211,0.0006995908173038057,1.5183635528807373
13,21213,0.0004475406327387684,1.36306055563844
13,21215,0.0005577685159225388,1.269096942157554
13,21217,0.0005835262216047838,1.0769125738729957
13,21219,0.0005355145977269653,1.3710978490823567
13,21221,0.00044046348846233627,1.05226884167321
13,21225,0.00031671083056729045,1.1915428593976478
13,21227,0.0012849818278171728,0.537129233473567
13,21233,0.0006579231382602256,1.4606828494304296
13,21231,0.000541394905585959,1.1730862437771277
13,21235,0.0007942730334331733,1.4074667421277642
13,21239,0.0010350644703638098,0.8403304251995408
13,22003,0.0006347564419929639,2.3674645734277453
13,22001,0.0012748413584798488,0.6602858833957929
13,22005,0.0015202402234896818,0.5741093664123245
13,22007,0.0012016097145944396,1.060107963712049
13,22009,0.0011873466127345117,0.7952264770080597
13,22011,0.0010231498874721985,0.8964438513226467
13,22013,0.0011453952530139934,1.6042890974109065
13,22015,0.0009907126852676158,0.547432939435378
13,22017,0.0026208094207606195,0.31425847784574645
13,22019,0.0014827212975932315,0.3860861839528687
13,22027,0.000956912531321765,1.2630236799826364
13,22029,0.0006384823440780565,1.4077361266744284
13,22031,0.0010447671898618984,1.0137598127714245
13,22033,0.002646063468584658,0.3846703783944534
13,22037,0.0006761781755454168,0.9881518399313695
13,22039,0.0010691627462016662,1.2099891235465137
13,22041,0.000868085933405974,1.7121344692512168
13,22043,0.0007230810175480067,1.3470855143811684
13,22045,0.001372331034720715,0.6897130705151673
13,22047,0.0006930714693071243,1.1402032750864608
13,22049,0.0008182088818541653,1.2506751574727526
13,22051,0.006060750768105171,0.38910741241264585
13,22053,0.0008690232943833487,1.1590535749313375
13,22055,0.001605317842795873,0.3581674627800456
13,22057,0.001903557780289709,0.8568987879162139
13,22061,0.0013197861345046484,0.7424336247763937
13,22063,0.0016780114087311994,0.5515594431698593
13,22065,0.0008252829677243372,1.5772305589406208
13,22067,0.000995876754266758,1.120270232683152
13,22069,0.001079566922436995,1.0772549834341094
13,22071,0.017440563504491566,0.3245226978757102
13,22073,0.0015696037118291567,0.40236110923932705
13,22075,0.0013005031295252754,1.7281520166828281
13,22077,0.0007807241697233183,1.574123171107672
13,22079,0.0018520316524731383,0.3622199389703588
13,22083,0.0008493223788864914,1.3598352458357121
13,22085,0.0012394642768899563,1.077608075730496
13,22087,0.00222932858458121,0.5571406540527604
13,22089,0.0010824436432852096,0.5840660537407287
13,22093,0.001115367308030817,1.0846969007217735
13,22095,0.0009042199666673429,0.8089529787957742
13,22097,0.0019499891711632343,0.5678015034004836
13,22099,0.0010229076159663567,0.8207974066086141
13,22101,0.0021988764316219953,1.3140519320261275
13,22103,0.002098000550203321,0.4595192668896724
13,22105,0.0017273898308094813,0.6035735031312841
13,22111,0.001016335372549154,0.982226681077345
13,22109,0.001609996111299798,0.5890958495956639
13,22113,0.0011558836866342114,0.696036532584891
13,22115,0.0017918176706040367,0.8898175470805477
13,22117,0.0012746617349673928,1.0088899724181737
13,22119,0.001147765633029438,1.3419841960978989
13,22121,0.000509970596354337,1.6409555002737775
13,22127,0.0005071328322468995,1.9431571491345438
13,23001,0.002635162557367624,0.5712239720744611
13,23003,0.005316987902787922,0.7629395105529829
13,23005,0.0055475985386106465,0.5497092593544254
13,23007,0.0017237163027503328,1.1108438525307038
13,23009,0.004560660729207118,0.5737874164133613
13,23011,0.00446347184808658,0.595667061454244
13,23013,0.0020590011496066625,0.8441491439875628
13,23015,0.002280397022023875,1.4552325312475394
13,23017,0.00312844174058974,0.6888090352710371
13,23019,0.005115760581734954,0.533309538112552
13,23021,0.002424934062156682,0.9124492654495978
13,23025,0.003134178682443224,0.7556316652708054
13,23027,0.001699149296922689,0.964941462572422
13,23029,0.0032744501162029877,0.6116912434335567
13,23031,0.0038240291606110983,0.4873780719667129
13,24001,0.0029789894668764863,0.4744166647787027
13,24003,0.004644773738163497,0.43720771346458037
13,24005,0.012234147396757437,0.39789292246845076
13,24009,0.0023080507534540555,0.7192796426998583
13,24011,0.0011421237590480522,0.8685343713179707
13,24013,0.004167132496506989,0.3647605124590535
13,24015,0.0017982199069495647,0.6479702158992693
13,24017,0.002155197312771728,0.4604818850628877
13,24019,0.001072392973627487,1.0451792786347238
13,24021,0.0035964889047232457,0.47165750870400897
13,24023,0.0014648034563653836,0.953507222515612
13,24025,0.004667924408835733,0.43966037550174936
13,24027,0.005793472872043598,0.5251322117719844
13,24029,0.0007822910185596079,1.348954041888175
13,24031,0.011090345407398216,0.36918695105957877
13,24033,0.0091888546616287,0.3900927203823231
13,24035,0.0013547301822222453,0.8162189428081956
13,24039,0.0008356071875657885,1.3447756410012635
13,24037,0.001449050479666683,0.7834438171304111
13,24041,0.0019109420540355622,1.2970916445391163
13,24043,0.00198989423056548,0.4626247664925728
13,24045,0.0013640482196394168,0.5162410316086151
13,24047,0.0023138473105703454,0.9172873070043397
13,24510,0.013653218151769331,0.33752279548857617
13,25001,0.012474120217818886,0.4623711977358968
13,25003,0.006187798241981296,0.5520985277840393
13,25005,0.006143320407655001,0.5380135066185782
13,25007,0.0007843434111359691,1.9261432865100745
13,25009,0.007311086289246802,0.4778416801840878
13,25011,0.0037056709675080714,0.9249236333769025
13,25013,0.0044747242259216636,0.3604843282084053
13,25015,0.005165868246132613,0.6658712796268226
13,25017,0.015658852777673878,0.5577824763613561
13,25019,0.000731282941186419,1.1018305466406788
13,25021,0.010193146667153603,0.588212588744332
13,25023,0.006391941527263375,0.5771824123886572
13,25025,0.020045243681524823,0.49305492643821036
13,25027,0.00596896891969221,0.386261996096205
13,26001,0.002429483147435465,1.1631471841011611
13,26005,0.002121519022714298,0.7309944567941735
13,26007,0.0022048942518915196,1.0179838399057102
13,26009,0.002347475701356062,1.08797785048673
13,26011,0.001556109905646244,1.3845731514419606
13,26015,0.0016814909909562666,0.6866210425334639
13,26017,0.0023705307935855116,0.5263284424202869
13,26019,0.0014165646442795556,1.418105569133231
13,26021,0.004013070608085787,0.46421124673346037
13,26023,0.0018466298334959275,1.0762944731434825
13,26025,0.0029530346642304382,0.478294455632794
13,26027,0.0018959844581323533,0.7155373348654469
13,26029,0.003098080966397804,0.924376329592408
13,26031,0.0021685266340330084,0.9838550251787213
13,26033,0.0016488460172438305,1.9308163230090116
13,26035,0.0022858891547544165,0.7448784148658116
13,26037,0.0021177208854702523,0.5703909025010895
13,26039,0.0014129817581234082,0.9505938433168101
13,26041,0.002161798875298241,2.1000416034186906
13,26043,0.00139349033627331,0.9696465244629522
13,26045,0.003413544694661039,0.6931755417211534
13,26047,0.001478489208556236,0.9290497573154656
13,26049,0.008086151791983284,0.2989994841290576
13,26051,0.0023543305499010873,0.8676805939479643
13,26053,0.0018891528877268287,1.401429543283645
13,26055,0.002145000899139611,0.6230557303723947
13,26057,0.0015333003311957115,1.0181156460540666
13,26059,0.0017228436950507868,0.8831736647322616
13,26061,0.001628916127956732,0.9861068515163026
13,26063,0.003196026775000001,1.062935690514151
13,26065,0.007629374787290846,0.5712596147449294
13,26067,0.0010943536890582384,1.2405035116735337
13,26069,0.0031773516994003286,0.9715262956165714
13,26071,0.002004864997376446,1.1995201845651196
13,26073,0.0014158718700086918,0.8419796575681406
13,26075,0.002023410978380272,0.49213905160084587
13,26077,0.0027867669887531783,0.35942485931563295
13,26079,0.0008043275782356683,1.0789590134838203
13,26081,0.005057050555642537,0.36703645545114155
13,26085,0.0012495816677790322,1.2247562124098645
13,26087,0.0027682915937081434,0.6617982021187979
13,26089,0.002216716337710536,1.0623671736220712
13,26091,0.0021828652113223914,0.6610005277235854
13,26093,0.007736157851394848,0.39722642527589613
13,26097,0.0018635866941072248,1.1918760603743552
13,26101,0.0025716353795971676,1.1793468644267793
13,26099,0.010732277419786622,0.339252069307755
13,26103,0.0027746205573076768,0.9918454574017787
13,26105,0.001836991593092013,1.3166388831762135
13,26107,0.0011383221832332096,1.4483195680676617
13,26109,0.002155982052603286,2.204637652228272
13,26113,0.0010949711841637835,1.3942101210098294
13,26111,0.002053291286674897,0.6476374421160311
13,26115,0.0028372379123121566,0.45402139763621935
13,26117,0.002526371362478816,0.8547123402219701
13,26119,0.0019246798744114954,1.3017352949283865
13,26121,0.0022890270818701586,0.362160416805143
13,26123,0.0025302074969259297,0.8906631921516338
13,26125,0.01682937028927128,0.3856066769854342
13,26127,0.0010611871816350034,0.9040192460108112
13,26129,0.002327939063101394,0.9836965520636043
13,26131,0.0006935529822867055,1.501344141850468
13,26135,0.0019465090568844073,1.2262299045834688
13,26133,0.0017892535677679108,0.9669179895981579
13,26137,0.0012305386094089647,1.0451407396044152
13,26139,0.0031712981478201163,0.5431020255897171
13,26141,0.0023793506215754,1.1413328048850302
13,26143,0.0034414916683065044,0.8935772335127603
13,26145,0.0037853362526071594,0.43215521956169833
13,26147,0.004936885154536192,0.5457203168450152
13,26149,0.00215629746557987,0.7391648521377165
13,26151,0.0022761037235821454,0.8641533336537665
13,26155,0.0020454801608102828,0.904075380454912
13,26157,0.0030914565237534076,0.6967716779369676
13,26159,0.0016833272831051236,1.2222586044711188
13,26161,0.007270297152344262,0.45714395565754284
13,26163,0.02288475169623221,0.37982108529939634
13,26165,0.0011136307461946196,1.0038974704946326
13,27001,0.002582021011430707,1.0934732944657304
13,27003,0.007760684341539315,0.5304460618902429
13,27005,0.0020703128841398277,0.9490206932760064
13,27007,0.001058102662585232,1.079358882411932
13,27009,0.0010093583299611013,1.0205087159353445
13,27013,0.0017960804650569197,0.7232762857333888
13,27015,0.0013003161913176943,1.6411597428359164
13,27017,0.000986257899057545,1.1304750443646654
13,27019,0.0026320149391663764,0.6622905709779826
13,27021,0.0022924724212039795,1.0439161238612127
13,27023,0.0006179399100512917,1.197767698288281
13,27025,0.0018787883124358196,0.8956671027067915
13,27027,0.0012364571150134736,0.8184986224499614
13,27033,0.0009445334469063314,1.5442597020843025
13,27035,0.002417449137102591,0.9022314113804717
13,27037,0.00581506433176712,0.39147009507038877
13,27039,0.0011971110913428645,1.0565187284524387
13,27041,0.001956209128478321,0.8356098193088649
13,27043,0.0024299643218397707,1.7332528998197674
13,27045,0.002125391292807298,1.1853902831722782
13,27047,0.002392920679751807,1.1114519234125437
13,27049,0.0017754744906217153,1.2280640826722273
13,27053,0.013522158124347197,0.35523998297997655
13,27055,0.0014229538151858154,1.7284175202211627
13,27059,0.001330523418947689,0.9278405958984792
13,27057,0.0023319144689603393,1.6884071544217685
13,27061,0.0021272752226585297,0.8558663399002088
13,27063,0.0009810615221745884,1.6329261720244597
13,27065,0.00071485633783523,1.4802475948018454
13,27071,0.0005514629991654205,3.4687666600303877
13,27067,0.0016753221229914605,1.1661983568645022
13,27079,0.0014401306719343022,1.0150076537309145
13,27083,0.0012334493723184874,1.0397897972955918
13,27085,0.0012832106139783952,2.2349734864818678
13,27089,0.0013236501662377202,1.688979111530312
13,27091,0.0015150174990799545,1.2345294659386024
13,27095,0.0010010926396446323,1.665767529499768
13,27093,0.0016114612720862995,1.293352824809131
13,27097,0.0017157123091916756,1.5203396867514647
13,27099,0.0016859379279664335,0.8066933885270082
13,27105,0.0009048596940636733,1.3788637192225446
13,27103,0.0009251384325210734,1.746727595619904
13,27109,0.003512340891671512,0.35428137528547704
13,27111,0.004258847661584192,0.7889051608786748
13,27113,0.0008888640409526334,1.2807065815655092
13,27115,0.0019162911547336067,1.1323728886465576
13,27117,0.0015888998569455598,1.8353496406677219
13,27121,0.0011919133556492598,1.3716633082903182
13,27119,0.0015387867736543991,2.003097252534738
13,27123,0.0073464993055782435,0.4420457535432039
13,27127,0.001878366406651913,1.44661149787168
13,27129,0.0021117632416803034,0.8917143297690538
13,27131,0.0011678008340040766,1.0983413396115163
13,27135,0.0011150232063735777,1.3287088243870242
13,27137,0.0066935646844933,0.9059513112084361
13,27139,0.002318254718961166,0.5634395255451761
13,27141,0.00174248136208527,0.8061931549263769
13,27143,0.0010706649886773815,1.5201037590175148
13,27145,0.002082745420505498,0.6348720555926473
13,27147,0.0009692812606057956,0.9332365658214614
13,27151,0.0010826382916058756,2.0736600093465047
13,27153,0.0019091926622674777,1.0332168740301073
13,27157,0.0015561815647798564,0.9880925344647723
13,27161,0.0009114306953769949,1.4563238790105575
13,27163,0.0037109198448214624,0.5582272022774356
13,27169,0.001141665148681045,1.0472137653619837
13,27171,0.0019346142608460783,0.7901784972997602
13,27173,0.001034986093858434,1.6853990610939231
13,28001,0.0010883349980741897,0.8879734575099807
13,28007,0.001151489369590565,1.1923204403588008
13,28003,0.0009173740302914251,0.9232451635090012
13,28011,0.0011338469886734823,1.2538777931324019
13,28013,0.0010557185254200312,1.6892716883355405
13,28017,0.000645299962201416,1.4776142854126595
13,28023,0.000550811041270799,1.255950992535676
13,28025,0.0006462433186675289,1.8446744728863225
13,28027,0.0009308880060657827,1.2547641884349416
13,28029,0.0008368835104402066,1.1127869190416886
13,28031,0.00041591808305807044,1.1392031219615828
13,28033,0.0014719449663030172,0.4995835225267585
13,28035,0.0009607624516825964,0.590692822909354
13,28039,0.0006828708393936474,1.1996094725560167
13,28043,0.000504502812564897,1.3778658817620224
13,28045,0.0005518768385760986,1.0067931995747215
13,28047,0.0017117207244964749,0.3543507729462838
13,28049,0.003189827019720516,0.325442057803892
13,28051,0.0009257453128571251,1.1281954986105447
13,28057,0.0007034875923551378,0.8999773595883885
13,28059,0.0010466380526500134,0.6765033946089201
13,28061,0.0005785686276489674,1.395471809916393
13,28067,0.0009109187359567796,0.7243951508892089
13,28071,0.0009178776015144772,0.9928736960879756
13,28073,0.000916979757205799,0.9115664572261372
13,28075,0.000894478778701947,0.702655762463423
13,28079,0.0004970508552748405,1.028276886230796
13,28081,0.0010335816532779773,0.5281387714208674
13,28083,0.0009125300843903561,0.9538015080840033
13,28085,0.0007169077278779499,1.2593609232041356
13,28087,0.0008559488873262713,0.7625684339213612
13,28089,0.001020782921412093,0.6363319735890435
13,28091,0.0007606894763632281,1.2985969987551582
13,28093,0.0006747396138529334,1.6599735236174054
13,28095,0.0012578230763602733,1.178667113266029
13,28099,0.0007654800553806707,0.9950988692125283
13,28101,0.0006322011230481766,1.203948189422256
13,28105,0.0013271445751424364,0.8029453908650496
13,28107,0.0008345619007199401,1.1443951122166907
13,28109,0.0009645114228900944,1.0051114860655754
13,28113,0.0007630201451142635,0.791218623206911
13,28115,0.00085925458266266,0.8441256282794867
13,28117,0.0006405724602794676,1.1612585465950174
13,28121,0.001658762294088024,0.4594224581656292
13,28123,0.0008932004732459465,2.0091454515946663
13,28127,0.0006590844047272888,0.9288113559731609
13,28133,0.0007365080549419721,1.2973328099781292
13,28135,0.0005177825170626291,2.7398154551071463
13,28137,0.0008288845738295734,1.217946489624112
13,28139,0.0004598970133456478,1.419740535865939
13,28141,0.00041069605389138674,1.3343211667709565
13,28149,0.0012770554534617831,0.7873350001064904
13,28145,0.0009996360493904851,0.9322818962636831
13,28151,0.0023740702412760727,0.6784404993377982
13,28153,0.0007138784973474213,1.2631562793915914
13,28159,0.0009518202975391961,1.2990683156085399
13,29001,0.0006619880608812383,1.0568693407873924
13,28163,0.0006592286687461681,1.1921855715919927
13,29003,0.0005645093921016537,1.1401587281264705
13,29007,0.0012019132915062612,1.114565012697743
13,29009,0.0006677705828313765,1.2243605150055712
13,29013,0.0005784179128282243,1.4860071821593848
13,29015,0.0012421159496572268,1.1026495579989102
13,29019,0.0022198402344730923,0.553106522515715
13,29021,0.002069306567242764,0.45090163442693154
13,29023,0.0011145687705636123,0.7164493226198982
13,29027,0.0008467805182208372,1.0693339963418884
13,29029,0.0019511032984348207,0.7623044970772803
13,29031,0.0011391256287685478,0.9197483396474768
13,29037,0.0014806232054846915,0.7050582857484288
13,29043,0.002079229269012708,0.622851753116441
13,29049,0.000603868459471442,1.4671370976256262
13,29047,0.0027753488042113234,0.45556556007106586
13,29051,0.0012566968364732807,0.6577285822129225
13,29053,0.0007469515236056803,1.4783707061669742
13,29065,0.0004561130525391174,2.1693844243341998
13,29055,0.0007458963051062442,0.9637102848280921
13,29069,0.00160040389931368,1.3970437166232534
13,29071,0.002175750447988065,0.6728620380148653
13,29073,0.0009733126567844666,2.1376048921289548
13,29077,0.00382493022273817,0.43861128680364814
13,29079,0.0006809271546593129,1.6434431813449906
13,29083,0.0012478002526069428,1.4024331903588105
13,29091,0.0014276134144795684,1.0802109617801428
13,29093,0.0008983018973769492,1.6012676375364838
13,29095,0.007676067868808277,0.45327255130051797
13,29097,0.0015655284735064737,0.5870949631072491
13,29099,0.0037083380533813087,0.5080960243249659
13,29101,0.0007201804832410306,1.5854707999991724
13,29105,0.0008048595015709248,1.2149402207703426
13,29107,0.0010957344286679001,1.1718487370163875
13,29109,0.0008603944638310428,1.6028852105572724
13,29111,0.0007578449658843309,1.2086759376779694
13,29113,0.0012764991504221918,0.7917115636992531
13,29115,0.0010792984630178938,1.2731694206500868
13,29117,0.0008522138832000892,1.145769825657817
13,29119,0.0006191927731827922,1.2210229816053355
13,29121,0.0009639912075779726,1.6554495420714463
13,29127,0.0012388350569527721,1.8195808594704004
13,29131,0.0007098336522394799,1.462058936957329
13,29133,0.00046796365372092554,2.3804001441870932
13,29135,0.0004915299187613074,1.4201380102573842
13,29139,0.0007565150468783248,1.2864117724320208
13,29141,0.0005058412420141743,1.442370512749372
13,29143,0.0012005087608647482,1.2033252189819241
13,29145,0.0016843741075974817,0.8673342878518174
13,29147,0.00045519794303209606,1.880860466939655
13,29151,0.0006873410397731139,1.4119892687377928
13,29155,0.0012978967101613698,1.3496373186941488
13,29157,0.0008819513229500912,1.4627116129744941
13,29159,0.0012519726817141778,0.7586947410087685
13,29161,0.0007491718162172491,0.8770122899041205
13,29163,0.0007441196135358445,1.321780639346532
13,29165,0.0013414828191935318,0.5145145232067407
13,29167,0.0006414856142359498,1.3245434379035717
13,29169,0.0008210289582269356,1.105007687121821
13,29175,0.0008593933199117545,1.1211057774888005
13,29177,0.0006383043824452625,1.2051436792272696
13,29181,0.0006026269859646218,1.191058042500449
13,29183,0.0048714759124329635,0.42969276698842596
13,29186,0.0005590240431030122,1.4217869842094923
13,29187,0.0010880894369938389,1.053990983047643
13,29189,0.009623301819205834,0.47825509263624816
13,29195,0.001590520441380674,1.1199393393427741
13,29201,0.0012993889008609738,1.2646281911396096
13,29207,0.0014209225241200482,1.23440037159823
13,29209,0.0014025698140295289,1.1775520787545883
13,29213,0.0010859717337249263,0.7826919449740122
13,29215,0.0007617292504126552,1.1263368506077176
13,29217,0.0010843735256121736,1.4053873559201409
13,29221,0.0008401058658605285,1.0776074641192268
13,29219,0.0006632087800895836,1.1506353714713216
13,29223,0.0007874614742255552,1.2018422677670768
13,29225,0.001098748701239908,0.8669211585471238
13,29229,0.0006269162282026801,1.533763127677379
13,29510,0.00996801703815425,0.4580412381484237
13,30003,0.0011284591165270092,1.1416332146697892
13,30005,0.0009676605038034498,1.1244357504068987
13,30009,0.0014984302566753245,1.3734453506178694
13,30013,0.0017799265311086226,0.4737705422220892
13,30017,0.0012757182315643947,1.2045339636360082
13,30029,0.0023263370137720455,0.776429255436105
13,30031,0.002335273350619403,0.6376203960587372
13,30035,0.00021780683503665367,1.310147054798111
13,30041,0.0006809073465579654,1.3894059869901931
13,30047,0.0009508462802593794,1.1927348607161177
13,30049,0.001494232906688111,0.6407632905547058
13,30053,0.0009936260285066628,0.8857237922110679
13,30063,0.0021507611836307588,0.5532488505155432
13,30067,0.0007074279323302301,2.3272814729621345
13,30081,0.0016754203142589157,0.8505213974058774
13,30087,0.00047995765481644395,1.9775840496885693
13,30083,0.0007322046223021243,2.084125426293127
13,30093,0.001202593855632519,1.1066937055635555
13,30111,0.0025926931235201005,0.5343412911154299
13,31001,0.0010412899895805565,0.7339057708939678
13,31019,0.0012004931250355333,0.8612998441026769
13,31025,0.001344735109607503,1.3900474245578132
13,31041,0.0007698693385426008,1.3548162567261666
13,31043,0.0003588278259886558,2.1137471244078254
13,31053,0.0011834699856034302,1.170409954618868
13,31047,0.0006971463531354251,1.7808235314798289
13,31055,0.006428526254706943,0.5424363049709015
13,31067,0.001306031291299319,1.050163488922239
13,31079,0.0013780492728859169,0.5328104746155593
13,31089,0.0008382877989085347,1.1140839627959658
13,31109,0.0041345835287231285,0.5081457127163448
13,31111,0.001007897947270489,1.1472323283154362
13,31119,0.0010840490590381907,0.9016439715951788
13,31131,0.0009552421464980396,2.2074675844897556
13,31151,0.0005123078806730106,1.1545649515651284
13,31141,0.0010126826357757604,1.0794529463023697
13,31155,0.0008221770088934066,1.163016073811287
13,31153,0.003725736729070588,0.5777645894669111
13,31157,0.0012533339054410044,0.7206200648017291
13,31159,0.0005843643480116907,1.6137208071273077
13,31185,0.0005626319092147625,1.471327234941787
13,31177,0.0007898262352525081,1.4057250805703634
13,32001,0.0005906377326478791,1.1571496878246144
13,32003,0.011009587800875199,0.42092288374087256
13,32005,0.0031582387924709377,0.7474315465922339
13,32007,0.0012667888149764273,0.9830685531270733
13,32013,0.0003131907763965811,2.4559630893377355
13,32019,0.0008126953613177817,1.0424138136257335
13,32023,0.0012859964556421488,1.4280205614015793
13,32031,0.00556075682272648,0.3740231461315944
13,32510,0.0012607037623095648,0.6268749070050256
13,33001,0.0023375748783901786,0.5633822288056458
13,33003,0.0027920695337244963,0.8249650269424529
13,33005,0.002142857937991559,0.6572646541051076
13,33007,0.0029224299043933977,1.0019422828809708
13,33009,0.0035212145510303346,0.7244962268425615
13,33011,0.004473568960755734,0.415610925488121
13,33013,0.0037913218156915758,0.414879781572878
13,33015,0.006559121381407923,0.5124673975305019
13,33017,0.0014282533406917998,0.6776829364908198
13,33019,0.001245686868021571,0.8309565525100387
13,34001,0.003210965717606552,0.5815347060669745
13,34003,0.012369645844174531,0.38977717829977115
13,34005,0.00611421895098991,0.42762341367910167
13,34007,0.004901147673558142,0.5129457721425498
13,34009,0.0058478349492235866,0.5353728335738953
13,34011,0.0025095625726959847,0.48650100914926964
13,34013,0.0071960756348759865,0.5047198379778489
13,34015,0.003642640337087533,0.3177830373658817
13,34017,0.01229160090757749,0.38813862160658
13,01001,0.0008550122314309853,0.7070885535555317
13,01003,0.0018282341467936597,0.46761354621660517
13,01005,0.0013560956634082783,0.9531039040675359
13,01007,0.00041919109956274294,1.397663036374811
13,01009,0.0011540412483682352,0.9769177637301172
13,01013,0.0014053588863509883,0.9526832318843726
13,01015,0.001990920817973783,0.3967485400731578
13,01017,0.001124109959043273,1.207535938666944
13,01019,0.0013736023439630122,0.9307829118614072
13,01021,0.0011896114735792667,0.791356678519598
13,01023,0.0007076186694723505,1.4282768126408794
13,01025,0.0015622007013448088,1.0400954959788191
13,01027,0.0005668261594513393,1.1934314888581175
13,01029,0.0005654079239265963,1.2683437300089
13,01031,0.0017474676629316455,0.7436369202876839
13,01033,0.001431601450641896,0.6964777051736654
13,01035,0.0009449874329023151,1.0414492882699025
13,01039,0.0022728984215435216,0.7591089589757757
13,01041,0.0013977703107067466,1.1419920874501357
13,01043,0.0018198356527985462,0.6141792953906535
13,01045,0.001471103558604601,0.629904218842533
13,01047,0.0016235282168754748,0.6022759915739674
13,01049,0.0015904647817545352,0.6806330946533451
13,01051,0.0012309467810719416,0.6389031881799411
13,01053,0.0009029093599361424,1.1542945192221532
13,01055,0.002177747905336423,0.4460734070477311
13,01057,0.000869217378721656,1.2226142304664704
13,01059,0.0012074233727781514,0.8656581367968228
13,01061,0.0011560228882644484,1.1392015578724297
13,01065,0.0011006834373369313,1.0510267946788299
13,01067,0.0009572770680840009,1.076662752682987
13,01069,0.002580256048809299,0.42934540471730664
13,01071,0.0015606518833730077,0.7827633213906339
13,01073,0.005446860137951791,0.3443301430761877
13,01077,0.001501079746660888,0.6608999164935839
13,01079,0.0012261405891524583,0.7884038926119777
13,01081,0.0017310125658139,0.920502007402208
13,01083,0.0010420081906291148,0.6387306204973386
13,01085,0.0006452778389368599,1.101350033583422
13,01087,0.0026842873211002515,0.7529087554599118
13,01089,0.002752000623134558,0.3786488773561887
13,01091,0.0007971021990873084,0.9603135825568814
13,01093,0.0013446349116037184,0.9917571669104198
13,01095,0.001671763705978586,0.6643790264022201
13,01097,0.0043053631293446006,0.30137922811487805
13,01099,0.0010321267840153608,0.9561716989556608
13,01101,0.002991937861073084,0.3256005815214428
13,01103,0.0017646949921146832,0.48839956450678934
13,01107,0.0009191954643309828,1.17995358790414
13,01109,0.0008509010095657453,0.6719388331381526
13,01113,0.0007171710265713383,0.7247050098027926
13,01111,0.000994716582350768,1.091741024473963
13,01115,0.001196584866114081,0.618083746929255
13,01117,0.002344026458490159,0.3972605386116697
13,01119,0.0003876053221689094,1.479450011681915
13,01121,0.0020814253449898124,0.6536556922743273
13,01123,0.00123496286583218,0.764116892423952
13,01125,0.0020303314994280387,0.37805854947191003
13,01127,0.002591079187963918,0.4630358773547448
13,01129,0.0008301974854616648,1.4249436415972825
13,01131,0.00048279916211917373,1.3040046688084281
13,01133,0.00101374801170985,1.2696805103884425
13,04001,0.0027876407116455334,1.2820075478294648
13,04003,0.0028022492228574236,0.6495906112346674
13,04005,0.0021218007023356034,0.7247213993136652
13,04007,0.002816291702553036,0.853234323405402
13,04009,0.0008056383592004099,0.8851474243352294
13,04012,0.0027171163157590677,1.0770526562625913
13,04013,0.018494170006567213,0.4379187674909325
13,04015,0.006742379679873127,0.5329105473446137
13,04017,0.003044524492390515,1.1442219196318244
13,04021,0.004169190370486429,0.7785888632017562
13,04023,0.0008453355589567542,0.8216401144056376
13,04025,0.00708921269256706,0.566403199207719
13,04027,0.005253499141739393,0.7848983323935355
13,05001,0.0014634909273293886,1.1588476248990884
13,05005,0.0024206262602758837,0.746638230103753
13,05003,0.0009610483726237122,0.8426707983135143
13,05007,0.002883299462899085,0.4201603455070888
13,05009,0.0013532496027026334,1.0584813778306328
13,05011,0.0011216668160453378,1.1239997263152521
13,05015,0.0005190355037562138,2.7161592068769784
13,05017,0.0008384591495779743,2.119907251859519
13,05019,0.0007543487252325764,1.3454755400182792
13,05021,0.0013765827512178493,1.8280024559269707
13,05023,0.001296911368396339,0.9942214845391542
13,05027,0.0007126196755296827,1.7767506648229923
13,05029,0.0010429874204191227,1.1668696088099688
13,05031,0.0014660382174274047,0.5383094712178949
13,05033,0.0011419107058282946,0.8123498362733855
13,05037,0.0009214879662113526,1.1620847381445167
13,05035,0.0018612480686907528,0.5862496451103252
13,05041,0.0007881432951569301,1.4173872048416236
13,05043,0.0006419274036049707,1.174508031421551
13,05045,0.0016776548275896643,0.5939211499849248
13,05053,0.0007305727881344064,2.3699812693813542
13,05051,0.0017867984168936375,0.5140720273289133
13,05055,0.0006993274128954267,0.7856982159606157
13,05057,0.0005650347611575533,1.2796746896514488
13,05059,0.0008095571131961037,1.016158248195251
13,05063,0.0008000686932748351,0.9506165395135437
13,05065,0.0007558580061310913,1.1140910182684116
13,05067,0.0009117185476741205,1.1413299395452545
13,05069,0.001906502466090305,0.4809962262470133
13,05075,0.0010065197523803074,1.3677892760127173
13,05071,0.0009078859025868637,0.9963297177495093
13,05077,0.0005415353240895378,1.4351780986729379
13,05079,0.0005342029878255658,1.9015526911539966
13,05083,0.001347135139551277,2.446171630998975
13,05081,0.0005751191452424971,1.5441010673286686
13,05085,0.0011337103389591366,0.7240741072285606
13,05087,0.0007970801430715051,1.1464824716657436
13,05089,0.0007781921841075565,1.2329384224869837
13,05091,0.000939337454354211,0.6596233244078311
13,05093,0.0010848458792966792,0.941207034429728
13,05103,0.0009170638499807588,0.8865382350069999
13,05107,0.0006081718717152742,1.1123118461559138
13,05111,0.0010053879684205382,1.4078729392491731
13,05113,0.0010114734695770276,0.8485798484382506
13,05115,0.0010372419925945011,0.7153129075856997
13,05121,0.0005239171366437863,1.4455523507585175
13,05119,0.0034365886141754787,0.33934934931671973
13,05123,0.0005389711418547969,1.2757838194178517
13,05125,0.0019644802534073786,0.4074881313116809
13,05131,0.0014858622425727205,0.47062609320912213
13,05135,0.0006327524266430286,1.3363638917278124
13,05133,0.0005427462647061818,1.8443724752077997
13,05139,0.0012404954838697328,0.7875492780684714
13,05141,0.0011076812005714905,1.2408089025631215
13,05143,0.0020025608046526744,0.7288648848569805
13,05145,0.0012135437573273626,0.6739959346116566
13,05149,0.0009216687794094469,1.1070736017219789
13,06001,0.01317167728069279,0.5571231074490111
13,06005,0.0016235282123823675,0.8752905710800928
13,06007,0.0036640698597231697,0.8707704901142264
13,06009,0.0020548239940050505,0.8765501734170967
13,06011,0.000673445611457685,1.1816353626250105
13,06013,0.0070036486673356714,0.46053150661872533
13,06015,0.000758258486462771,1.1744193893392
13,06017,0.0036861178131266303,0.7788852866097188
13,06019,0.0077646785630887255,0.4153519845445589
13,06021,0.000691313265201283,2.198726165718139
13,06023,0.0028321103748898554,0.5013124327231377
13,06025,0.002387192925944257,0.5895563704938658
13,06027,0.0014882788820968864,1.8538890390525242
13,06029,0.006900423750555866,0.42124403714339376
13,06031,0.001875573219168135,0.8631846351055487
13,06033,0.0022340136664234667,0.6869494853473405
13,06035,0.0013005904429628013,0.7721877070790987
13,06039,0.0018361580135298236,1.203836856389522
13,06041,0.007905027114749797,0.3661064100493564
13,06043,0.0013680978422706783,1.060355226497724
13,06045,0.0020581976124425428,0.9734126410693235
13,06047,0.0037528782162421707,0.41852754798076386
13,06049,0.00088359172383089,1.6131843337386764
13,06053,0.005821257271369726,0.8472802630995452
13,06055,0.003100784624558661,0.5926483445141834
13,06057,0.0031769745066973477,1.3140205514888452
13,06059,0.015756991153442524,0.47340368914648356
13,06061,0.00587750611852591,0.38479271676753773
13,06063,0.0015625321110587977,1.1895499767118913
13,06065,0.013174896538883464,0.5716746142973415
13,06067,0.006743409227443884,0.3644787917580138
13,06069,0.0011682472005820688,0.738033320507561
13,06071,0.010406221777422084,0.3885511820617277
13,06073,0.011677349804348909,0.3552642672798226
13,06075,0.024830503811269587,0.5427432862575372
13,06077,0.004753282948722001,0.44940776225506607
13,06079,0.0058138117386816466,0.7048468399302238
13,06081,0.009047305882435193,0.4409982510429832
13,06083,0.004951716160750701,1.0696119565129927
13,06085,0.01624830768723537,0.456445544294646
13,06087,0.004908143422540466,1.017249663574678
13,06089,0.004897159832314541,0.4093560614712869
13,06093,0.002838391865066065,0.7784674413310619
13,06095,0.00371603746485611,0.43295978980083355
13,06097,0.007318665397778007,0.4571734870792976
13,06099,0.003945079272504151,0.42339005896326337
13,06101,0.0016562102403812368,0.5627461878239448
13,06103,0.001464037770844734,1.0082831968644437
13,06105,0.0010981535436250232,1.4860358450931135
13,06107,0.006100084649320696,0.3884544860581686
13,06109,0.0018746195102581303,0.7405231097785229
13,06111,0.005677890141159171,0.5016015521026033
13,06113,0.0027883186430711,1.0650953374130063
13,06115,0.0009370110591687474,0.7702498940019161
13,08001,0.0045712879422192924,0.4332248623260816
13,08003,0.0003288348559411895,1.9076146019736346
13,08005,0.007255600989225264,0.4220941434815326
13,08007,0.0007777002730282708,1.6503562642785299
13,08013,0.005645049621290156,0.7676321520827661
13,08014,0.0017377519485106642,0.6550704977611576
13,08015,0.001060361789481675,1.71352268638964
13,08029,0.0016500383351947434,1.0539239387159565
13,08031,0.011687444015206253,0.41232986928656284
13,08035,0.0057725230266640675,0.3880999435145435
13,08039,0.0013748587920180877,0.8610140269704686
13,08037,0.0014463443948353723,0.6892044500332783
13,08041,0.005234307364201429,0.373535861398568
13,08043,0.0018206779086444706,0.8101495047209644
13,08045,0.0012140179117302449,1.2247880127684705
13,08051,0.00028453344800257173,1.558452542707804
13,08059,0.010014856199834797,0.4382371421838505
13,08067,0.0011242361197356234,0.978300085778656
13,08069,0.004771202782960019,0.5997333096800579
13,08071,0.0013668288916576258,1.3379741562276928
13,08075,0.0007210482613952378,0.9941896038508015
13,08077,0.0025325740824041596,0.48640051333672224
13,08081,0.00046949533788114505,2.0238488226977394
13,08083,0.0009252253017600977,1.4471928682092308
13,08085,0.0013617073276257438,0.8207150837998172
13,08087,0.0007778128872865448,1.4012072871032226
13,08089,0.0012039012038006587,1.1991991074240007
13,08093,0.0008644030549658852,1.3977898967183873
13,08097,0.00046695938212657173,1.7344672181554055
13,08099,0.0009340692596936848,2.0579109192258307
13,08101,0.0031322021906355717,0.26881726896659325
13,08107,0.0012922676197769537,0.9692453008758655
13,08113,0.0008802094440974602,1.7435837325086128
13,08119,0.0011583604755644864,1.4703511476636435
13,08117,0.0011474007850297242,1.3621742450687628
13,08123,0.0035045276195967193,0.5796820179699327
13,09001,0.008703275636275378,0.4120606427690989
13,09003,0.007359842828425432,0.42056546803121014
13,09005,0.006481976675361707,0.4278297818645314
13,09007,0.004303600134661725,0.7120882414226618
13,09009,0.006176141693247459,0.40079797811457735
13,09011,0.0037394854193138452,0.3990918726592253
13,09015,0.0019118352885488976,0.8682046322896623
13,09013,0.002443055668560729,0.6062343102654298
13,10001,0.0012587622346038572,0.4068257421384245
13,10003,0.004017493710953541,0.41264739900038505
13,10005,0.008500774618802191,1.0597627925070727
13,11001,0.019807259578042007,0.5383147588888711
13,12001,0.004874680777545663,0.6226619814376877
13,12003,0.0005546132344777246,1.1951700108513994
13,12005,0.0023075145628020737,0.38668754762550656
13,12007,0.0005889854964191436,1.0537111742786966
13,12009,0.011074198922331666,0.3338667448171333
13,12011,0.010122041945836227,0.3529044753450897
13,12015,0.011544267242767999,0.5007517050939169
13,12017,0.0070355590839082955,0.44763647097376225
13,12019,0.0016521206682372162,0.4692398658470351
13,12021,0.014637555426852541,0.5798457594213903
13,12023,0.0012127257690676342,0.7053089659967121
13,12027,0.0011308205521243706,1.0781049670250005
13,12031,0.003785239060922022,0.34810060023488737
13,12033,0.0032111195334662943,0.3360470782354052
13,12035,0.003950317973885507,0.5456913766043646
13,12037,0.0005830745926734326,2.37783097290637
13,12041,0.0006183354892765416,1.314224657804602
13,12039,0.0010271354412339307,0.9389490173197546
13,12049,0.0006695679131757893,1.2802672701930273
13,12051,0.00040815289193229143,1.6624998042669517
13,12053,0.006773357929756937,0.6026057114697423
13,12055,0.0056438863119839915,0.42452536514251493
