src_state,tar_geoid,mi_shift,moran_shift
18,34019,0.004356498352816542,0.6224707692106846
18,34021,0.004638132976354402,0.4851556054671021
18,34023,0.007766236217283275,0.45028858495064067
18,34025,0.007299642736292203,0.2870200840527362
18,34027,0.008650727459258364,0.36333852215841533
18,34029,0.015652687787294672,0.5287427067296205
18,34031,0.006770577831632678,0.5225768093073833
18,34033,0.0019961944512250245,0.874841465753583
18,34035,0.005781850911626657,0.36791337454644063
18,34037,0.004002197767723109,0.45731169646410785
18,34039,0.006293949962138385,0.5247946500624293
18,34041,0.0023758172685925017,0.6419553366897415
18,35001,0.007112338312439938,0.4393635129569791
18,35005,0.001185800551810244,0.6137638115343599
18,35006,0.001048083235823109,1.881589525358201
18,35009,0.0010910431998437334,0.7830910879626616
18,35013,0.003436078809494009,0.632344377588028
18,35015,0.0012617860802227098,1.1231265710238933
18,35017,0.0014389009821152402,1.3639299891806311
18,35025,0.002052651095115806,0.7137104284116979
18,35027,0.0009469862902464638,2.5188039425114517
18,35029,0.000817401803919378,1.1645564797479464
18,35028,0.0007705862827706336,1.907527732399034
18,35031,0.003577677532604306,0.8703063706155574
18,35035,0.0011990162293576824,0.5688752030200127
18,35039,0.0014524845166108023,0.8998247560826743
18,35041,0.0007129461724587345,1.7581163462966802
18,35043,0.0016301390401004712,0.455147482398038
18,35047,0.0013544973131216626,1.0807443533092675
18,35045,0.0023046896446763487,0.554741758034328
18,35049,0.00763520453520961,0.5901999929405592
18,35051,0.001273108964473145,2.4806304034622864
18,35053,0.0009064940232932209,1.2924193904122137
18,35057,0.00048771982196917985,1.5839073994594777
18,35055,0.0010552603632648946,1.150388518192409
18,35061,0.0017134400472653892,0.6124741624928433
18,36001,0.006382268986415648,0.4715634682187166
18,36003,0.0017328256469446054,0.702693765940192
18,36005,0.029086156531536133,0.36687056723554046
18,36007,0.0035588544343054637,0.35844452603414306
18,36009,0.001764059057224176,0.7099864566348459
18,36011,0.0021828641090707278,0.7851762101090543
18,36015,0.0014404414318148991,0.5144685122776212
18,36013,0.003181334159008698,0.7111775485908298
18,36017,0.0021637971578119595,1.4121730469080147
18,36019,0.0017113994816298534,0.9364843675868987
18,36021,0.0037500347540513524,0.8320663492073018
18,36023,0.000970170036158647,0.911757708320976
18,36025,0.0026019050682996544,1.3275072701461585
18,36027,0.004739283574348377,0.4903741550956051
18,36029,0.007873566236831817,0.2821987548097256
18,36033,0.0016844115005205569,0.9157922154611826
18,36031,0.002336079716776234,0.8297107745664808
18,36035,0.0014278225998297315,0.7717394656525146
18,36037,0.001730409416104981,0.7071227752447375
18,36039,0.001993352755180444,0.9597364308173051
18,36041,0.0015798240512621801,1.551443729650136
18,36043,0.0022725873554182156,0.6539497167122009
18,36045,0.0026370865676706642,0.6037750989240827
18,36047,0.042236289283118095,0.50169383158532
18,36049,0.0012936329480964055,1.0765233142266493
18,36051,0.0010885857044780956,1.0026177567376195
18,36055,0.006636049814836975,0.36230199790154666
18,36057,0.0013415520483486003,0.8575850409917198
18,36059,0.019073306770766643,0.2744166189822004
18,36061,0.05559713079542965,0.5201072199653396
18,36063,0.00270434549454664,0.4731096096358932
18,36067,0.006469999714068346,0.3951163527373412
18,36069,0.0018762931795189325,0.5854875974791093
18,36071,0.006016500055303963,0.7152119353870311
18,36073,0.0009329346094203108,1.468402703214786
18,36075,0.0021199340319023098,0.714742151582283
18,36077,0.0021785207300251733,1.5663964777671364
18,36079,0.0032019341150597053,0.6444565993783151
18,36081,0.037134569690684356,0.398066704726718
18,36083,0.002803282084086404,0.76374105868691
18,36085,0.007777481522780132,0.33256152414443096
18,36087,0.005875175387093826,0.7068906149957882
18,36089,0.002326499459731541,0.8619596879968524
18,36091,0.0035279747796641285,0.45081574683572756
18,36093,0.002776437588154712,0.3883085018065079
18,36095,0.0013319106480550577,1.1425512411632515
18,36097,0.0008633515964409622,1.1925825993128367
18,36099,0.00150340415975133,0.9626198454248128
18,36101,0.002844770572489692,0.837801381662323
18,36103,0.016654304635910718,0.39119895159015194
18,36105,0.002079664046758464,0.51269064654152
18,36107,0.0012900002360291655,0.8065484130905891
18,36109,0.003846138235180546,0.6656000613304958
18,36111,0.004404857836141769,0.4719611068988403
18,36113,0.0027515108206701794,0.9401243504760155
18,36115,0.0021520600024296267,0.9185595666068695
18,36117,0.002230938936749899,0.6449519034146624
18,36119,0.010942602008447407,0.31190904009695875
18,36121,0.0015855956301350953,0.7827390379338228
18,36123,0.0011678360297981056,1.163439133585137
18,37001,0.0018150104836521669,0.5124720390633681
18,37003,0.0010644227718586627,0.9452824318275428
18,37007,0.0007539687832180368,1.0062386055925112
18,37009,0.001149343471721551,1.0357666324020538
18,37011,0.0009016618919546888,1.1769500705305118
18,37013,0.00123822487591206,0.8687483785397108
18,37015,0.0005164157376747567,1.6441990013854264
18,37017,0.0012532860612581294,1.1482564372957815
18,37019,0.0073436215574215835,0.8113873657457826
18,37021,0.0040919987787695145,0.3120882500902156
18,37023,0.002334016225407266,0.5987762949499204
18,37025,0.0020896598586269545,0.3934702447625124
18,37027,0.002026764818217696,0.6195365873210763
18,37031,0.008615584920816379,0.4870495809039872
18,37033,0.0008470300783300944,1.0048643305045049
18,37035,0.0024282891836959345,0.4512192546417549
18,37037,0.0017838918269432473,1.258699265443755
18,37039,0.0015392639286994276,1.2691405217023675
18,37047,0.0016963096709768624,0.7203140567455685
18,37045,0.002098381913682885,0.5140650451390039
18,37049,0.0015169082247657565,0.908393737543798
18,37051,0.007778303781760888,0.6819116866191204
18,37053,0.0005821954155800606,0.9989083032481447
18,37055,0.0014976947606249022,1.5189170160200953
18,37059,0.0010321399663979966,0.9945128167216785
18,37057,0.00231661073823763,0.45949120275959104
18,37061,0.001369281346949426,0.845982614018077
18,37063,0.005817766795615585,0.23468008231990825
18,37065,0.0016372760297419834,0.9318233100950608
18,37069,0.0011195054030326754,0.8143250616763454
18,37067,0.002527553079735422,0.23922485611601066
18,37071,0.0042463586202182825,0.41183014249701866
18,37077,0.001182108742895712,0.8465221355128417
18,37079,0.0005896986128113375,1.471475564350785
18,37081,0.0035930130781546606,0.22398377407826472
18,37083,0.0018564042016056687,1.0017381975314423
18,37085,0.0024653532547758007,0.9713312769163623
18,37087,0.0022016027110637014,0.6408888958491731
18,37089,0.0033798334680533626,0.4401860551796132
18,37091,0.0005492721626632313,1.211604737901091
18,37093,0.0009688096605900967,0.8848911395494962
18,37097,0.0025981648985379407,0.48603913438568797
18,37099,0.0010866761565432265,0.9615632915852359
18,37101,0.004115833954810448,0.47853133115250623
18,37105,0.0008640569931040525,0.7581163729719708
18,37107,0.0012885994242496418,0.7155600009657372
18,37109,0.0016494118885475233,0.7385775846761602
18,37111,0.001451405243586005,0.8673939855834815
18,37113,0.0024001560758000542,0.9468250914293408
18,37115,0.0010126147534469023,1.1449471301779084
18,37117,0.0008302670629906194,1.2073910483191495
18,37119,0.011843331772878246,0.22610102236295093
18,37123,0.0006400033429442931,1.2036881285142111
18,37121,0.0006652373291225686,1.9454028367778127
18,37125,0.0024752181743475134,0.664165748960138
18,37127,0.0016032514333976958,0.6101293881109947
18,37129,0.002699999410982837,0.28358740518006736
18,37131,0.0009600426420830832,1.6109920979995023
18,37133,0.007647129393345082,0.5095265168170678
18,37137,0.000668233066420383,1.4690682100241903
18,37135,0.00380781216119916,0.49198793981171757
18,37139,0.0007472596805172893,0.9753903579094445
18,37141,0.0011568148555549348,0.848230222618007
18,37145,0.0007548362286899153,1.0710065041484917
18,37147,0.002208128039060737,0.498749250952238
18,37149,0.0016147219204188214,1.0891609411058423
18,37151,0.002499881249407078,0.527475196302767
18,37155,0.0033312487406274905,0.526095420551669
18,37153,0.0015557439868336433,0.7181709885005773
18,37157,0.0020705679081272762,0.5983195470243071
18,37159,0.0018911697806140823,0.4830274390795702
18,37161,0.0015221729521095809,0.8020557649325792
18,37163,0.0020778395365254766,0.766279838289568
18,37165,0.0012260368215764564,0.9807658898375605
18,37167,0.0019588631777269806,0.7686372411131646
18,37169,0.0013082149336013389,0.980490945398379
18,37171,0.0022871638340000774,0.6323528983671389
18,37175,0.001317573313175163,0.8648163527796106
18,37173,0.0002659304035415203,1.0313367431176925
18,37179,0.004339878678126283,0.5537479234528233
18,37181,0.0010732539075715719,0.7510305290545185
18,37183,0.014820441650615435,0.4041355175763664
18,37185,0.001084418267856108,1.4779535345913568
18,37189,0.0018798079982578191,0.7146369919215498
18,37191,0.002019807036915043,0.43974682194414194
18,37193,0.0017952163558019412,0.6468734023337264
18,37195,0.0013245975004547393,0.5551653338955608
18,37199,0.0011110257160464325,1.323574535860095
18,37197,0.0012956837889779905,0.9079326286667423
18,38003,0.0004498039081087143,2.1559784346888633
18,38005,0.001015034132519086,1.6294138265086202
18,38015,0.002260921920704151,0.5913541066067244
18,38017,0.002427507121037654,0.48026798187078
18,38035,0.0017370499844587125,0.6093223495130647
18,38053,0.0005482737083813734,1.9248251854453629
18,38059,0.0007864041383191145,1.6355795969341274
18,38067,0.0022532795536722478,1.0855709387061248
18,38077,0.0010318344439791533,1.8432878503065606
18,38079,0.0005920600492538031,1.4750719609295786
18,38089,0.0008725387350727036,0.9281581658026519
18,38097,0.0008831273653393102,1.7006288410902253
18,38093,0.000703159412336938,1.3020722289756204
18,38099,0.0016879412374916573,2.0222934519886913
18,38101,0.001283475749785061,0.7679305239489782
18,39001,0.000987044567494765,1.1044026833641007
18,38105,0.0006682693835783459,1.2510321760201335
18,39003,0.0021129890537629646,0.3840276228439371
18,39005,0.0010191822506617333,0.739080454127491
18,39007,0.0022023460631247983,0.8062608952502976
18,39011,0.00134976638471122,1.2568751609414552
18,39009,0.002176826025545619,0.7954864659297711
18,39013,0.0019490705151320275,0.6803075749922136
18,39015,0.0013455297423911365,1.017439781726074
18,39017,0.002520790632706256,0.6885412520017827
18,39019,0.0012158919562982647,0.8747415892323012
18,39021,0.0008226155880586343,0.9229322309467618
18,39023,0.0032067618864247043,0.4096388691503358
18,39025,0.0022147699999453038,0.5638062143223718
18,39029,0.0022539203690831026,0.8176103044772653
18,39027,0.0008954151636392628,1.1391005410827533
18,39031,0.0011001736021378145,0.8405106612089044
18,39033,0.0014720537121514035,0.9157247814507335
18,39035,0.01606639999698487,0.2924714366811459
18,39037,0.0015116777830740315,0.9804551500678584
18,39039,0.0012523987611468247,1.0239089562073
18,39041,0.004627814892551313,0.519457656547033
18,39043,0.0013775154199590612,0.6917473756161332
18,39045,0.001487141721906147,0.7249567580273605
18,39047,0.0012273714690768127,0.9240121099640765
18,39049,0.011539902061199533,0.24858747304784354
18,39051,0.0014487928314446848,0.9124777179465345
18,39053,0.000859638033527299,0.9852882711873202
18,39055,0.002490821034389989,0.7166038013272183
18,39057,0.0024487528375422424,0.4784044114722116
18,39059,0.001565005458393523,0.9268948077042961
18,39061,0.008950296006589052,0.31290905036343303
18,39065,0.0009592183037677751,1.250406912030068
18,39063,0.001824708391322228,0.7387597485829244
18,39067,0.0008837669359626102,1.7984278094264627
18,39069,0.0011593796150219133,1.1212564088542407
18,39071,0.0013666585021855266,0.8377881094790647
18,39075,0.0018704108259788535,1.1708519474470742
18,39073,0.0012126401434078655,0.9102455977474588
18,39077,0.0015262928356433,0.8591655719331318
18,39079,0.0012206711087234354,1.0211915356319343
18,39081,0.0023487670570187945,0.7295506517811862
18,39083,0.0009845835009275766,0.8039803415273666
18,39085,0.003347175168790395,0.4152356527460694
18,39087,0.001407610701243724,0.8105693870691275
18,39089,0.002166089144101546,0.4659877410889423
18,39091,0.0009378604913587258,1.2394283411628877
18,39093,0.003112191181281207,0.27332070483661197
18,39095,0.0037186917915432226,0.3311792512354135
18,39097,0.0011372652743471413,0.7858135247236755
18,39099,0.005344493845279425,0.3151906579863421
18,39101,0.0011857878293876198,0.45191149974441985
18,39103,0.003008553810405016,0.49345471971552785
18,39105,0.0014938472800577456,1.0913116057984944
18,39107,0.0008685970673149541,0.8664674368489907
18,39109,0.0018376118915222697,0.6210402741045029
18,39111,0.0008249554691249332,1.7576542072887138
18,39113,0.004917256712822915,0.23363477089178594
18,39115,0.0008097065368815819,1.247533932657845
18,39117,0.0011156597759302373,1.1389763554589118
18,39119,0.0017248832427079104,0.615836238027954
18,39125,0.0010890450785068567,1.1772709448859646
18,39123,0.0029286321292565087,1.515299243025124
18,39127,0.0012162393644563024,1.1055766598211298
18,39129,0.001039217090048802,1.0124655648053562
18,39131,0.0009925641206471898,0.9969012509976755
18,39133,0.0017322126896890321,0.7510573579145233
18,39135,0.0014727106219337713,0.9936382437609793
18,39137,0.0015491146694987274,0.88924388974736
18,39139,0.002364981952441105,0.38495741397411265
18,39141,0.0015157754988563755,0.6223712997567885
18,39143,0.0016312639305422448,0.7030245115065576
18,39145,0.001581273482293176,0.6300865822174364
18,39147,0.002073446642573658,0.8986688858476025
18,39149,0.0016171831998755325,0.9626448131523688
18,39151,0.0035944683569602044,0.304477917043762
18,39153,0.004196729071197874,0.3175679606385066
18,39155,0.003674120243027829,0.43224842266426466
18,39157,0.0017485201887697053,0.5054625835742863
18,39159,0.0008011433565008499,0.7867283371278762
18,39161,0.0009941440639500692,0.9067199746316452
18,39165,0.0027992089742764374,0.4098127098270847
18,39167,0.001936642888628667,0.7851171256301002
18,39169,0.0015783446265127976,0.6720941677497856
18,39171,0.0014706944463466836,1.047080666545885
18,39173,0.0023883251613422427,0.6939284360582018
18,39175,0.0009326141833190808,1.1208099430282488
18,40001,0.0011278056434349587,1.6047185059253346
18,40005,0.0005672599291598841,1.1679376722837953
18,40009,0.00032006581295564553,1.9432845018763054
18,40011,0.001652023963946967,2.97865964531223
18,40013,0.0009511841882265084,0.9254902027812772
18,40015,0.0012679698998184173,1.0024724655737947
18,40017,0.002104005012303022,0.5963931081540851
18,40019,0.0012435923627056114,1.0781386274513136
18,40021,0.001529239217188465,0.9568853082474458
18,40023,0.0011688288751651515,1.6098131576475134
18,40027,0.004266800004265576,0.49589936993280076
18,40031,0.0029879794835505073,0.3243739332917329
18,40035,0.0009971248047196668,1.420853754527869
18,40037,0.0028176956330323703,0.6424582609037531
18,40039,0.0005396655019634085,1.6973278524628082
18,40041,0.0019243405238993949,1.0849167247488871
18,40047,0.001175225686434271,0.7867312413133851
18,40049,0.001521756165022281,1.0696907067990764
18,40051,0.0009932555085321094,0.9602169696894668
18,40061,0.0008164541918777304,1.5203757072629136
18,40063,0.0014431835385876547,1.5562289691725444
18,40065,0.0008716415905592081,0.8225063540129482
18,40071,0.0012937211313483953,1.0565456002808797
18,40073,0.0005907251753231146,1.7300159867970408
18,40079,0.0021729143470492628,0.8920620583979565
18,40081,0.001582118809642468,0.7705891249669792
18,40083,0.00062719599070203,1.0307924454063768
18,40087,0.001020487296315181,1.1208959261968445
18,40091,0.0013015241573751237,1.8542637944360614
18,40089,0.0013351684147970121,1.0274093601438496
18,40095,0.0006175784357166878,3.3117597377982952
18,40097,0.0015235041990382823,1.6339736443719992
18,40103,0.0004975819031059943,1.6828562841092805
18,40101,0.001404803740001373,0.7242390233515793
18,40105,0.0005918236907910581,3.2575889079421123
18,40107,0.0007264654328362119,1.8051341587211769
18,40109,0.01143407836282146,0.36414710451455706
18,40111,0.0015281398724315066,0.8384754480051886
18,40113,0.0011392439419497245,0.8687042574437837
18,40115,0.0017214095442441213,1.0664221963644196
18,40117,0.0010382499500767,3.130872023411299
18,40119,0.0027972716192934985,0.8806364591392793
18,40121,0.0014522993469510848,0.8741453554613441
18,40123,0.0011725372323449946,0.918826159334443
18,40125,0.0018857454525668107,0.5815423638438223
18,40131,0.002480956618400491,0.5122268377574034
18,40133,0.0017857977749467823,1.1786157753828728
18,40135,0.001140403066148347,1.1514170852177352
18,40137,0.0013163450108161054,0.7822169386213039
18,40139,0.000717294471032869,2.0440512933740687
18,40141,0.0016474639674180422,1.5291874244173185
18,40143,0.00704876272613891,0.26426860302645605
18,40145,0.002016769287805979,0.7353473477584715
18,40147,0.001277132180879741,0.6398137907962815
18,40149,0.0006932662350018812,1.6951315723716989
18,40153,0.000822012929670706,1.3505537934117042
18,41001,0.0016199415219959566,1.4132351930455815
18,41003,0.0032289269279345252,0.6183746084197632
18,41005,0.006901657223494011,0.37176576460861743
18,41007,0.001999839572734193,1.1579618243888135
18,41009,0.001298987664147774,1.12415111934572
18,41011,0.002519726103737316,0.9804267887715876
18,41013,0.0005147899180312916,1.6507599890288316
18,41015,0.001593294899162149,1.4396152383646394
18,41017,0.003812947796347017,0.617322661571509
18,41019,0.003964744979275509,0.5601532344323955
18,41027,0.0005342313703351078,1.5926041422155885
18,41029,0.004044211112035791,0.7037989164395664
18,41031,0.0004986751174862401,1.5210634544101933
18,41033,0.0031000594244714364,0.7862073895540543
18,41035,0.002085896017276621,0.6902058946369819
18,41039,0.0072571979554254115,0.6067338660357217
18,41041,0.004534604048339381,0.7282139589721937
18,41043,0.002175894018720412,0.7478047965653312
18,41045,0.0005857201984784058,1.1332155061282827
18,41047,0.0035082818842308637,0.40180297294432543
18,41051,0.020973606334687943,0.6079446176988998
18,41053,0.0013511863256026157,1.159646321331878
18,41057,0.0019893071124890502,0.8735068197677467
18,41059,0.0015685852707861172,1.0818194687534997
18,41061,0.0013382815834112752,0.9131176817409998
18,41065,0.0009565210146037955,1.0572641356740728
18,41067,0.010371753340730577,0.3120497820863383
18,42001,0.0020408164678386216,0.8250687063988712
18,41071,0.001696902815257349,0.8170204955134439
18,42003,0.022864783033254756,0.30787373191140943
18,42005,0.0031826394937388754,0.6847727680659329
18,42007,0.0045520391329267424,0.462295108983234
18,42009,0.002569019394453987,1.115796984061487
18,42011,0.00417750176462247,0.6237099928666382
18,42013,0.002715079058331799,0.4939362781240943
18,42015,0.0023358017231998457,1.1046023577715987
18,42017,0.009009442688515504,0.37030803084690617
18,42019,0.002663842712157102,0.8921019217983763
18,42021,0.0037307860298438637,0.630215791357587
18,42025,0.0022530357480798156,0.8528571164937618
18,42027,0.0044155639453470575,0.7163613836395851
18,42029,0.00649325812476968,0.4956635476959312
18,42031,0.0021986448099623095,0.7176560756497224
18,42035,0.0011905766402316481,1.2351858763385613
18,42033,0.0030488068407084528,0.9240046552928313
18,42037,0.001931640232336926,0.9740847347659808
18,42039,0.0025367457028030913,0.6882247972686151
18,42041,0.0029868909040472874,0.50459911141964
18,42043,0.0024993505720229702,0.39784521152181507
18,42045,0.00434129646524468,0.3086185866505121
18,42047,0.0012723322311818258,0.8409293288250418
18,42049,0.004125953054168084,0.3338977424905428
18,42051,0.003774058151492385,0.49149720625210436
18,42055,0.002290333324896167,0.4967293087783993
18,42059,0.001559134472225821,0.9810025443451
18,42061,0.002257588150694489,0.8160226629840425
18,42063,0.0015165276798989118,1.1780747639041553
18,42065,0.0020326888465616966,1.3686347232737779
18,42067,0.0010221137041970488,1.416178429103487
18,42069,0.003004954915688117,0.34107436652681067
18,42071,0.004523223874507579,0.43899953697886074
18,42073,0.0025895826092732443,0.4877562547238211
18,42075,0.0018984651317265437,0.5687692142777272
18,42077,0.002825675008382361,0.6151101016551155
18,42081,0.0012313150353570235,0.4364339355174027
18,42079,0.006320919910209842,0.40650828663658933
18,42083,0.0015860681875297237,1.0912401219935846
18,42085,0.0025721534840378066,0.6318192377248459
18,42087,0.0017003818735412213,1.0866924244403733
18,42089,0.0032012183586342473,0.4254524013391509
18,42091,0.010134800700694868,0.2698252441074502
18,42093,0.00045280713882347935,2.771212769987723
18,42095,0.003568924336774069,0.4754598219753813
18,42099,0.0023474060516561874,1.0088573649492198
18,42097,0.0028866834285270412,1.0770630722440924
18,42101,0.02288161206144932,0.48369988576346656
18,42103,0.0031193492410263144,0.7341628916165812
18,42105,0.0013465669487161564,0.9468382049089282
18,42107,0.005118810009424882,0.4839424533065306
18,42109,0.0009046742879308502,2.193876768512444
18,42111,0.003688441703571862,0.7428881879696764
18,42115,0.0026026028143021182,0.7230980745148057
18,42117,0.0023095736560509207,0.7728368992244768
18,42119,0.000774260732323438,1.0296955168705269
18,42121,0.0027359258759979232,0.8192959845890823
18,42123,0.002554234985306056,0.9332434123922779
18,42125,0.004526906960691292,0.4629900298343595
18,42127,0.002169732059090994,0.7097396261553801
18,42129,0.009425229095911513,0.3539080845498699
18,42131,0.0015939962919744328,0.8994734780618068
18,42133,0.003328522222897688,0.5206233863489458
18,44001,0.0017791616967958626,1.0155546528561512
18,44003,0.0034017492959950257,0.4211366393148835
18,44005,0.002203764692827086,0.5791528031760319
18,44007,0.006671832158940189,0.32200646614861783
18,44009,0.003438598101441063,0.5570434677577132
18,45001,0.0010332566528001327,1.2522660367301834
18,45003,0.0014600510718773597,0.4795023612542787
18,45007,0.002535642633757994,0.37705481249194617
18,45009,0.0004104673707641251,1.4158824952188849
18,45011,0.000786529027507505,0.8666068002912657
18,45013,0.007068714194716888,0.43955384234817274
18,45015,0.002247786390610477,0.445945341905678
18,45019,0.006480006314465374,0.38337757101530995
18,45021,0.0012822429612255304,0.6719067761645285
18,45023,0.001592281077468924,0.9915850467240179
18,45027,0.0013552294642343737,0.9176239044099446
18,45025,0.001087269439485044,0.9165271022461303
18,45029,0.0010770872268602383,0.8511517409578488
18,45031,0.0014766826105982748,0.7232220336153362
18,45033,0.0008836520893966811,0.9566815733389702
18,45035,0.002570764831875081,0.6287609213449271
18,45037,0.0009977935182685451,1.2141258394520844
18,45039,0.000760828863229168,1.079211038355498
18,45043,0.0015597176726822347,0.9275775998861224
18,45041,0.0019216335881849492,0.42846025680391403
18,45045,0.005440384826254228,0.3528557825930054
18,45049,0.0005929391918799971,1.3258525810447477
18,45047,0.0011040876001301588,0.7064074173576349
18,45053,0.0004075288679209451,1.2506606919998435
18,45051,0.0061206058696809005,0.47412204888031884
18,45055,0.0011287803096138127,0.6202346663975511
18,45057,0.001014422451841451,0.7113630637906289
18,45059,0.0015806420509176199,0.6692793946601362
18,45061,0.0007427768257643188,1.0764167011677173
18,45063,0.0035942018229225595,0.2880343445759057
18,45067,0.000900504436019536,0.844720986719779
18,45069,0.00148209538429915,0.8704055954720821
18,45073,0.001697185437686822,0.7311554858902719
18,45071,0.0010913916242990447,0.8312781079910582
18,45075,0.0020524048480256543,0.5943671143551909
18,45077,0.0015150700694437952,0.6920566118253701
18,45079,0.006999419621334043,0.3225826334588918
18,45081,0.0006187141949470405,0.9795114726099869
18,45083,0.003186169210448721,0.3104481878959993
18,45085,0.0019662426824005445,0.5207451373212781
18,45087,0.0016094027045763313,0.8476085420118167
18,45089,0.0015030119944719345,0.7638260971294946
18,45091,0.0020524126919582884,0.4016045215784734
18,46005,0.0011425285929083553,1.0444882829844997
18,46011,0.001098631649427682,1.285611979847391
18,46013,0.0012203092458930947,1.1877191808734382
18,46029,0.0008583982446255957,1.0693857253588852
18,46035,0.00035283568777196364,1.6750537808080224
18,46065,0.00041513320244968433,1.8615187678565683
18,46081,0.0007352222689385104,1.292496557303511
18,46083,0.0011369624091718596,0.8305453562837803
18,46093,0.0004923200014453704,1.2704889794957621
18,46099,0.0023623504487208036,0.44077871199714364
18,46103,0.0015935608146065779,0.4786066729429712
18,46109,0.0007702528387963569,1.3727241181643108
18,46135,0.00047133040610359064,1.4557660734588647
18,47001,0.0012970489789257255,0.705844751465722
18,47005,0.0010465811141001596,1.3101680540515912
18,47003,0.0010725879580126677,0.7374929541865204
18,47009,0.00180894051306605,0.4376861705078547
18,47011,0.0015002823636435737,0.5809346802787891
18,47013,0.0015224660975533943,0.8086494808056961
18,47017,0.0009622050301059446,0.9864607808043925
18,47019,0.0021510730258951847,0.6151211852596556
18,47021,0.0009853038891578828,0.9958664671597969
18,47025,0.0011914951054130473,1.0034423435090853
18,47029,0.0011523174994265025,0.8089643466975931
18,47031,0.0008917154412246331,0.7772097075252097
18,47035,0.0022218332818232955,0.6563507939287251
18,47033,0.0008703902356925684,1.2423099246726084
18,47037,0.008109809067134535,0.2529381440302444
18,47039,0.0008662635196544754,1.643838411579731
18,47043,0.00140834173230892,0.7937389808754186
18,47041,0.0003935761026379031,1.3242307349188935
18,47045,0.0008394479541765516,0.8026330873772852
18,47047,0.0014105283096866991,0.7931446135473257
18,47051,0.0013028138556023432,0.8185866297551431
18,47049,0.0007547871586021469,1.6867057823280753
18,47053,0.0010620710919960344,0.8104088809616115
18,47055,0.0015457426635639177,0.9594736078598036
18,47057,0.0009379570011769909,1.8604089119269518
18,47059,0.0017876625798003691,0.6862943914917246
18,47061,0.0007055366230891306,1.6166583960807661
18,47063,0.001221160581333415,0.728765820012908
18,47065,0.0023520507797621794,0.32920990342220224
18,47069,0.0009243916617434796,1.0408547929796823
18,47071,0.000959741062262097,1.1433399189870226
18,47073,0.0018412215679296348,1.0202814173565284
18,47075,0.0007986034864649272,1.0099367707038691
18,47079,0.001208076053135236,1.1342114279125914
18,47077,0.0011882665583682313,1.0432276305564288
18,47081,0.0009255004493686616,0.9481277879408319
18,47085,0.0005993272048575514,1.030887523882589
18,47087,0.0006377493786465522,1.2609711888356272
18,47089,0.001625063619338237,0.9362820151741027
18,47091,0.0007449646889236723,1.3209089097714954
18,47093,0.004040910389746179,0.40056459903734615
18,47097,0.0013810256251300538,0.905703506077328
18,47099,0.0013766960892861455,0.739405692332589
18,47103,0.0012181713995341355,0.7241500288510921
18,47105,0.0009670004732835738,0.7511642151698614
18,47107,0.001182668924418842,0.8522361595591305
18,47109,0.0011766062256021654,0.992276430468638
18,47111,0.00047277299225237233,1.23041478085874
18,47113,0.0015429038240923755,0.4301073235295378
18,47117,0.0006858779568920428,1.3491233597795964
18,47115,0.0014140618820377249,1.0883450610136467
18,47119,0.0014869951089080344,0.5135466676364703
18,47123,0.001955183645598524,1.295546358382953
18,47125,0.005479908084382431,0.4805926725378376
18,47129,0.0010479260071295092,1.1971056059928686
18,47131,0.0014346587629874802,0.8163648917955904
18,47133,0.001263147247097125,0.9124571232634814
18,47139,0.0007800086692278694,1.2228478688738451
18,47141,0.0012426408430884597,0.7220189837087027
18,47145,0.0012448272699859056,0.9269357813864804
18,47143,0.0009190977006580606,1.5348114420248005
18,47147,0.0013834223477115141,0.6731425813583231
18,47149,0.003324195719875207,0.5920076271259165
18,47151,0.0009468576468648397,1.0577871832437808
18,47155,0.0011290149450742764,0.5907042921684461
18,47157,0.009787489973591147,0.28630346230614806
18,47159,0.0007703356244870438,0.9861819959767151
18,47163,0.0040736544480405815,0.552052003102924
18,47165,0.0029363126958749258,0.3979060379993204
18,47167,0.0013002342444787267,0.8239780650936573
18,47171,0.0007343564034304837,2.409857380453607
18,47173,0.0005653770276785486,1.1883368216521442
18,47177,0.0011980699039428008,0.6883572294735231
18,47179,0.0018485678653778028,0.565196672956552
18,47181,0.0005350775381791433,1.6393168642679397
18,47183,0.001062716067474939,1.4492944774617913
18,47185,0.0013162540718335803,1.0785949118332483
18,47187,0.005427915369655421,0.41889060702919956
18,47189,0.0017362299350752552,0.6985667462708294
18,48001,0.0012159932002971296,0.9630930673523972
18,48003,0.0004239920140246248,2.922445314399374
18,48005,0.0019181839014701869,0.6124051011118042
18,48007,0.0007784776420099537,1.3584560187987365
18,48013,0.0009388547460098726,0.813459916199868
18,48015,0.000684257665204213,1.2390147881745246
18,48019,0.0009411583672539478,1.2448409613242797
18,48021,0.0018454155680242281,1.0951474478766925
18,48025,0.0007431102538970333,1.2526208274119448
18,48027,0.006547575872508316,0.8006746452970211
18,48029,0.01262422509156594,0.2860100817513945
18,48035,0.0014526304561451187,1.5598605012836853
18,48037,0.001363112395042689,0.7568760386851847
18,48039,0.0036843051982306083,0.5765847991957039
18,48041,0.007307154514253991,0.5612153136706128
18,48049,0.0013292725484467098,0.9227773562579218
18,48051,0.0007307385471489327,1.2678513063370176
18,48053,0.0013218110850535618,1.0584769452950584
18,48055,0.000985707818841778,0.9316391403918619
18,48057,0.0004981639099217365,1.3637507463491618
18,48061,0.010435178495825474,0.2859038373816271
18,48071,0.0005200326424014838,1.3008597003131779
18,48067,0.0009253935431764575,1.7154116945488893
18,48073,0.0011060481375514256,1.0223239775471848
18,48085,0.015585612030133944,0.4037229945189699
18,48089,0.000620614593209139,1.100037794573337
18,48091,0.002361777707994829,0.8369984729173486
18,48093,0.000677081168902804,2.0321021877711303
18,48097,0.0010579744917661382,1.0826094800729824
18,48099,0.0034048425550449214,1.0313414811567159
18,48113,0.02139737748264702,0.27283327675749347
18,48115,0.000454680869473027,2.268522910923375
18,48117,0.0005423168672705945,1.7770932306974063
18,48121,0.013573890243006719,0.622376415666807
18,48123,0.001072257980756668,1.08775030035155
18,48133,0.0006303407856951466,1.0532796059397553
18,48139,0.002366438315277797,0.5160713690058492
18,48135,0.003808504388271413,0.4917153488244031
18,48141,0.012839986081635137,0.3798404333583489
18,48143,0.0007142469550924113,0.9129896341316923
18,48145,0.0013340561106210931,1.8296153513189564
18,48147,0.0014628573988092152,1.0457940745605865
18,48149,0.001468309811430979,0.9748888113255433
18,48157,0.009623696417237529,0.299266880285216
18,48161,0.0009353065894147783,1.411175743936054
18,48167,0.003564472272824387,0.5677449434985985
18,48171,0.0012452961032363196,1.1386219804728204
18,48179,0.0006945919076710292,0.9737944645052423
18,48177,0.0009141047501402599,1.759083041509749
18,48181,0.0015374104280386253,0.4756192416249897
18,48183,0.0020094776874770063,0.5939636341962452
18,48185,0.000510228743668854,1.539279953954817
18,48187,0.0019220398174219343,0.8675551911721966
18,48189,0.0011254416475286937,0.943452848129163
18,48199,0.0011490077779152505,0.9161388217087089
18,48201,0.024659434881481295,0.211035308997387
18,48203,0.001348614008856076,0.6579915041737477
18,48209,0.003371952130442148,0.7426236181382317
18,48213,0.002347287691563083,0.9701038908996414
18,48215,0.02076226826800723,0.2808445255358117
18,48217,0.0013675992035392492,1.308899993939457
18,48219,0.0010272617872148278,1.1338912203793217
18,48221,0.001269120268335891,0.7463249904959715
18,48223,0.001249788830853448,0.9257291451922376
18,48225,0.0010813227466130232,1.3508795368290312
18,48227,0.000983444815650922,0.8020479319071268
18,48231,0.0012052983848823407,0.876728100963041
18,48233,0.0006131601212592246,1.1320474355734262
18,48241,0.0008138494990035765,1.8722334075729166
18,48245,0.00435994510431029,0.30767769960068697
18,48249,0.0012975018139508249,1.0819981589157177
18,48251,0.002296940355544195,0.4970127793245016
18,48253,0.0012173504952395805,1.8619282420795538
18,48255,0.0005071039393120881,1.4079716982217862
18,48257,0.0017960917686983048,0.6492742334235894
18,48259,0.0009075699499517063,1.088851046209809
18,48265,0.0018868890636732144,0.8718404410242364
18,48273,0.0010805019046576962,1.2645340689132059
18,48279,0.0009212467368632721,1.6137882067417855
18,48277,0.0010066396171403782,0.7846754981343322
18,48281,0.0005052643835117878,1.428435449479916
18,48285,0.001368629306815472,1.0306790608076726
18,48287,0.0004946616434982667,3.2974668821785156
18,48291,0.0013536264314313003,0.6841241709082356
18,48293,0.0015286190907543298,1.30702465159315
18,48297,0.0004390907650764211,1.6617897417155132
18,48299,0.002221708865108833,1.2929325255252957
18,48303,0.004988804497536007,0.36542145430654555
18,48309,0.0025823086184840758,0.37200289919124174
18,48313,0.0004884921094179982,2.320877805118384
18,48315,0.0008712422108072226,1.9572655165215396
18,48321,0.0009323114662413681,0.8572486258323032
18,48323,0.00183507538313927,0.9694916632246712
18,48325,0.0010032765958811903,0.8833474050811407
18,48329,0.002603460894448285,0.4794584631780938
18,48331,0.0013054277523601252,1.0007490591502617
18,48337,0.0010226358209910597,3.379910993116472
18,48339,0.006365430362532788,0.43628234118888803
18,48341,0.0005378796224208937,1.8689490472297807
18,48347,0.0008741127968727021,0.7673006477880776
18,48349,0.0013019725965600602,1.0894155276458815
18,48351,0.0005243255430124541,1.9886934936600806
18,48353,0.0005864418980034734,1.3437979369849151
18,48355,0.004184652442918902,0.37743928191994325
18,48361,0.001776123426301448,0.6357823172046565
18,48363,0.0009761733083473278,1.0433105400733718
18,48365,0.0008570634694080465,2.0031443147589196
18,48367,0.0022588655114901685,0.6062459205970807
18,48371,0.0006562104730261248,3.0843641790551843
18,48373,0.0015758275056795702,0.9427696116164518
18,48375,0.0024033269793125546,0.5361875959941972
18,48381,0.001880369323605477,0.5298866808946231
18,48387,0.0007228870511870193,1.5159321792286538
18,48389,0.0007860999454533919,1.8726923589019584
18,48395,0.0006254993436661313,1.1512469404347645
18,48397,0.0022111294059737937,0.8409963435109021
18,48399,0.0006943841282859467,3.4229331214034553
18,48401,0.0012498372281349384,0.7435972452442952
18,48407,0.00034398511592483163,1.17010767876554
18,48409,0.001726289779570854,0.9074612800600507
18,48415,0.0003034851756000475,1.6135450922288304
18,48419,0.0008404441835297914,1.2295034079445648
18,48423,0.0018312144635042218,0.43678761258185445
18,48427,0.003770566248531246,0.9979142549985708
18,48439,0.011914113592728719,0.2009293953993274
18,48441,0.0024706527596604425,0.398649052646101
18,48449,0.0010591905579054152,0.9647449888684818
18,48451,0.0018263242719945515,0.4630460497741992
18,48453,0.022462596638520974,0.2955706401039701
18,48455,0.0010357664485504227,1.582075629318475
18,48457,0.0007829187093341747,2.422021159943713
18,48459,0.0012494405418409728,1.065791636385669
18,48463,0.0006618733774000551,1.783895967779498
18,48465,0.0013130023826669842,1.0016321099743601
18,48469,0.00122647028981203,0.4338490975744844
18,48467,0.0018126971832423836,2.2377843174580896
18,48471,0.001280816973758813,0.943049740454083
18,48473,0.0008835289965391034,1.4523123360503438
18,48477,0.0008466875702531602,1.2097987370728303
18,48479,0.010042047439568528,0.3557145870666241
18,48481,0.0009196996032668193,0.7137563493992217
18,48485,0.002765462200737839,0.4069356512359347
18,48487,0.000486225402295023,1.692203523114365
18,48489,0.0014910520460031864,1.1901656909793468
18,48491,0.00895304952901505,0.5275331874923674
18,48493,0.0015370633558841153,0.7942351960597619
18,48497,0.001240056009093372,0.7451702575430426
18,48499,0.0015841391229851256,1.0787128367882235
18,48503,0.00044660263538700884,2.67014518284232
18,48507,0.0005615455719957811,1.7600671966709744
18,49003,0.0024881312082562293,1.0490924279596126
18,49005,0.004766347091956136,0.7452817396785697
18,49007,0.0012802967759790568,1.599619436270483
18,49011,0.009290421546812293,0.6949355993895191
18,49021,0.001451909735505493,0.9125858505273802
18,49035,0.01639879586014646,0.607482455469088
18,49037,0.0008050409247952572,1.437389341385452
18,49039,0.001032945354324085,1.2733584681113095
18,49041,0.0013174813829893522,1.4993876912012958
18,49043,0.0017608629019211994,0.7656348948662861
18,49047,0.0015897263341821581,1.5635894328451816
18,49045,0.0013061441595313094,0.8068710005528945
18,49049,0.024592054380212933,0.6821813788639369
18,49051,0.0005946142893342856,2.2570679795724127
18,49053,0.0042121928651827935,0.545850924347248
18,49057,0.005135699888331048,0.39523047373867426
18,50001,0.0019012135839765593,0.9781795651098467
18,50003,0.002201729143470832,1.154248733512439
18,50005,0.00218405347946603,0.8205604714455744
18,50007,0.0034963549304498852,0.7892962691578107
18,50015,0.0011264822948401831,0.8674058084138548
18,50011,0.0017194325503313177,1.28700918494583
18,50017,0.002214659729613298,0.9322108590405279
18,50019,0.0022515282157649424,1.085410964104402
18,50021,0.003985153815909286,0.677203931296911
18,50023,0.00345380271423969,0.7370297006291338
18,50025,0.004080852310539118,0.7668839503522258
18,50027,0.0034122337323096385,0.8388996634364123
18,51001,0.0013155065770778665,1.1215280468034932
18,51003,0.0025671276013081875,0.6244785706075421
18,51005,0.0014009422904666562,1.670712249674032
18,51009,0.0010811283249123971,0.8145008732471033
18,51013,0.016934737596787812,0.48010541212846625
18,51015,0.0019384147897713406,0.7962672999648347
18,51023,0.00120667802967777,1.105889507459118
18,51027,0.0013340623206139176,0.9222218421941777
18,51025,0.00041142940735348265,1.602360134379072
18,51029,0.0008097532049807796,1.3789319497260395
18,51033,0.000966025573186817,0.8514857501905877
18,51031,0.0013035401519833254,0.959676639429815
18,51035,0.0014243302295468192,1.0299689732223944
18,51041,0.004605937603807712,0.31418707361477827
18,51047,0.0012699030265710075,0.7762116467991176
18,51051,0.0006601548170258038,1.4867827978504116
18,51059,0.02136623514513204,0.3168351517496221
18,51061,0.0021311897672905322,0.7161566496524817
18,51065,0.0004178403492155048,1.5980608731582415
18,51067,0.0011727607380259278,0.7984366270969976
18,51069,0.0021058974594438205,0.8122188510283624
18,51071,0.0007994080914644126,2.4010878503360384
18,51075,0.0006074421113057979,1.4480889800908896
18,51073,0.00116007326301396,0.8304221345314023
18,51077,0.001157800396860564,1.246096661992466
18,51083,0.0016924102417412077,0.8067325639064337
18,51085,0.002428279445930424,0.6067808577700826
18,51087,0.0034320785145422025,0.3742433527984883
18,51089,0.00251529796481542,0.6773108146538199
18,51093,0.0014245651535581194,0.9665139811972336
18,51095,0.001863690542542479,0.9600244791753582
18,51099,0.0008954007740934535,1.1728593287884195
18,51105,0.0012026287492468341,1.2278952368642877
18,51101,0.0003870235905779931,2.47957654218427
18,51107,0.012127441168170628,0.3640676310889292
18,51109,0.0010800758132214975,1.0195028022273986
18,51117,0.001904470892574527,0.9878292787082844
18,51119,0.000744189984038457,1.933272936174443
18,51121,0.002708113853821553,0.8229442055765422
18,51135,0.00013901383933722183,1.5851268282065647
18,51137,0.0006387386422610615,1.8601746491076823
18,51139,0.0009886335336362962,1.6135306806616299
18,51141,0.0008200913132680281,1.5827435357980086
18,51143,0.00264223495607297,0.7628065505256836
18,51145,0.000619474542062783,1.1421338786174806
18,51147,0.00030459135360060886,1.8548933634569633
18,51149,0.0009702901183319046,1.3699990860301479
18,51153,0.012755496138262844,0.46567459257535637
18,51161,0.0021824002393881284,0.7588588076982271
18,51163,0.0007022145238850833,1.714623074716396
18,51167,0.00099483856278965,1.0276465899563436
18,51165,0.0018926318550281955,0.7139655139804836
18,51169,0.0019101999382333168,1.330731903300717
18,51171,0.0011139026926401856,0.7517003014172742
18,51173,0.0014291709663142628,0.7776687382429719
18,51175,0.0007607191975270024,2.444673030402818
18,51177,0.003292433463332097,0.48951438077102377
18,51179,0.004113077648497301,0.6245834363444539
18,51183,0.0009546833157842154,1.2025546193956085
18,51185,0.0013112475245754176,1.2788283454009324
18,51187,0.0007577854740646863,0.9379207983448136
18,51191,0.001687433855566844,0.7381136345304546
18,51193,0.0005050690790252894,1.962220597972342
18,51195,0.0015205183977033108,0.8582218576058056
18,51197,0.0009645578396453336,1.1771292732500975
18,51199,0.0019083733809686944,0.7695268994509343
18,51510,0.010099589544187432,0.48779207127864926
18,51520,0.000421336723938985,1.4492577332981602
18,51540,0.0026070908778991564,0.8345820066820546
18,51550,0.004911940957281188,0.4536794630388234
18,51570,0.000546236537875117,1.6798710283281397
18,51590,0.0015834092812432522,0.6083557855108169
18,51630,0.0008105790955736978,1.2280633146136812
18,51600,0.0011149508751486987,1.3673707426332569
18,51650,0.002498989244458685,0.4072209230061155
18,51660,0.002317754859640231,0.8398585814929335
18,51670,0.0004945670270488992,1.0133981455407775
18,51680,0.0027061407186575134,0.607376884085735
18,51683,0.0016649364163763974,0.9819832738570305
18,51690,0.0007653283346708193,1.0937335737124856
18,51700,0.0026386395551110057,0.5459893521709971
18,51710,0.010080442849386834,0.3549703853442375
18,51730,0.0012510677941134185,0.7815145156326903
18,51735,0.0002524702420908198,1.22205232665599
18,51740,0.0026923329866676404,0.4507907822926388
18,51760,0.007189481078038034,0.3166593483499764
18,51770,0.0016662827367647398,0.4244803862678519
18,51775,0.0008230954381858542,1.0991272546859894
18,51790,0.000682980492358648,1.102128617385528
18,51800,0.004046542351274316,0.5322956831480271
18,51810,0.008277777424976571,0.3669949826916904
18,51820,0.0006040539756941922,1.354517961473067
18,51840,0.0008373284422412943,1.2297337592206203
18,53001,0.000485612079988723,2.5629653524096736
18,53003,0.0006095579193140266,1.5065661771970806
18,53005,0.0025594441966862586,0.4453525474679798
18,53007,0.00168583400477976,1.1046875235081701
18,53009,0.0036314452651222125,0.9804806533267568
18,53011,0.006397915004167547,0.36275443208880326
18,53015,0.0015892476011417252,0.422926527639954
18,53021,0.003091738501714597,0.8389419799621916
18,53017,0.001113140653136656,1.1806718486819403
18,53025,0.0015861674556321783,0.812308295981449
18,53027,0.0017163237651670817,0.6955091976247644
18,53029,0.0033759382524847217,1.0021549686554425
18,53031,0.002226284188691034,1.4378552643235052
18,53033,0.02724014261161136,0.6822096270776543
18,53035,0.0052318038222745515,0.36831574221473307
18,53037,0.0013567425494840663,1.4048989778959664
18,53041,0.0021456485514600773,0.7440722807539476
18,53043,0.0010194899034840215,2.207615944036436
18,53045,0.001872880783547708,0.7582552542686501
18,53047,0.001345113301993742,0.7878076051882507
18,53049,0.001399314896170598,1.453477725777811
18,53051,0.001360591516045596,1.480138542511186
18,53053,0.00816409042602406,0.32758182287650045
18,53055,0.0013629520424370313,1.4488144430506884
18,53057,0.003086972741451576,0.8136465405029017
18,53059,0.0007348512339980304,1.4000658755780437
18,53061,0.009392933160812276,0.3196957933460594
18,53063,0.005121700769961459,0.2682361957684229
18,53065,0.002286666911319843,1.1180462351663694
18,53067,0.005527829280569541,0.428401463211172
18,53071,0.0008923982437013008,0.8361429880177876
18,53073,0.004718399440091413,0.6384825983517523
18,53075,0.0014854869864294198,1.1499242419036786
18,53077,0.004955366341048588,0.5947495856839243
18,54001,0.0004893549730576383,1.6759906653589178
18,54003,0.0026150939511895652,0.7696325463478753
18,54005,0.0014119717544601187,1.03324414519517
18,54009,0.0009495164583979821,1.1075544700776812
18,54011,0.002615603261354555,0.5558990914866656
18,54019,0.0018551478837015333,0.7531475644604162
18,54025,0.0015418150633854596,1.2059394177169036
18,54027,0.0008087062468852142,1.2137369006702305
18,54029,0.0011878648784635617,1.365410655767224
18,54035,0.0008978953073849929,1.123572974453552
18,54033,0.0024669739514091393,0.4969973789053162
18,54037,0.001415103407147682,0.7543940275840337
18,54039,0.003714660916563422,0.41055697601545427
18,54041,0.0009877469615715891,1.3855639218692666
18,54043,0.0008576732376678449,0.9980713189162175
18,54045,0.0014184014715184468,0.8375517410772714
18,54047,0.002094032702061403,0.9009137095525924
18,54049,0.001569327956059441,0.5675504242114097
18,54051,0.001442068031125821,0.9183873652987464
18,54053,0.0012278717613585775,1.0747558220659668
18,54057,0.0010918345108976051,1.155218360832856
18,54055,0.0020050956933154265,0.8406200579525024
18,54059,0.0014499957790546922,1.1575604087010913
18,54061,0.00362949138182761,0.6485016325163077
18,54065,0.0006718912438336686,1.6897355226321438
18,54067,0.0008003807823789657,1.051993471644036
18,54069,0.0024692532976563096,0.6146728759113346
18,54077,0.001639893887707018,0.9288778963848681
18,54075,0.0008094226848205173,2.2367407255747
18,54079,0.0014744806484194215,1.2748825204741685
18,54081,0.0019960412314752583,0.5822957400665252
18,54083,0.0009850063227742204,1.2866622909882686
18,54089,0.0006706507769542345,1.610727418637407
18,54087,0.0007450424096816866,1.7471461419330245
18,54091,0.0005485233384387669,1.5479406068070265
18,54097,0.0006959523071574031,1.8321364359205563
18,54103,0.0009861204198369053,1.4250486937937372
18,54099,0.0011719924996785064,1.2495785711821883
18,54107,0.002617516051670459,0.48329583469309173
18,54109,0.000748275977747795,1.0289968558305445
18,55001,0.0022172549071132704,0.9779037102352377
18,55003,0.0013681112901092031,2.106060501046993
18,55005,0.0017338490126544421,0.9812952986740036
18,55007,0.0018199832290962331,1.414930842797096
18,55009,0.0019968864324384885,0.34866015125246497
18,55011,0.0013166734085477648,1.3897829161456396
18,55013,0.002140183832621494,1.189313436071715
18,55015,0.0015047994406270212,1.353581206341126
18,55017,0.0016215958015577572,0.9321546646287419
18,55019,0.0025740092778995115,0.9701237783439415
18,55021,0.0022279111850369154,0.9953826741364042
18,55023,0.00165078309910681,2.271853684757812
18,55025,0.011068957222024943,0.46918241044220105
18,55027,0.002771971882898998,1.0768102973145985
18,55029,0.002424940711849785,1.3295985327707345
18,55031,0.0014079226689580962,0.8414501864323133
18,55033,0.0015163719362136878,1.3296326453079443
18,55035,0.0014010559945395724,0.5534958373841332
18,55039,0.002343366133540198,0.7124881997965815
18,55041,0.0010284197233124503,1.5419468408791759
18,55043,0.002180503106838003,1.4859831955733207
18,55045,0.0017739899449109205,1.2088249714629402
18,55047,0.001475420838922276,1.8247442187648364
18,55049,0.001793775355950265,1.005559101901358
18,55053,0.0012759885230750787,0.9164443520218191
18,55055,0.0016217844352138537,0.691083761216038
18,55057,0.0024042980624422528,0.8595286504420019
18,55059,0.0021261112146247403,0.47648582943597134
18,55061,0.0006905425834002481,2.3012045636851477
18,55065,0.0016675448329979909,1.2563596486449586
18,55063,0.001571860852722905,0.604366230923922
18,55067,0.001100567485096614,1.6912239155169366
18,55069,0.0016197604497599771,1.4211325522255078
18,55071,0.002143751411549113,0.6292559882545646
18,55073,0.0025487650964219253,0.4810359200828221
18,55075,0.002141637823940407,1.0785990018500533
18,55077,0.0017324241823378262,1.1543815894437808
18,55079,0.01616451986023844,0.46492771492914015
18,55081,0.0017360607022431104,1.5356911151730448
18,55083,0.0016379763362102074,0.9248690310308448
18,55085,0.0037698760886333885,0.8883384063305291
18,55087,0.00338840228142627,0.4336907165562177
18,55089,0.0025108264159235585,1.0217969130141793
18,55093,0.0008066820022859234,1.553957645763203
18,55095,0.0018508023347169912,0.8126935767198052
18,55097,0.0017655222122705937,0.8469613071800571
18,55099,0.0027399692871298022,1.2611959441486187
18,55101,0.002027932919884436,0.5799263785555003
18,55103,0.0012920654910926444,1.5064006634563796
18,55105,0.0014193251977645724,0.4632266137999931
18,55107,0.00120734378845003,1.3736065164635418
18,55109,0.0026191124395964415,0.9502318227092196
18,55111,0.0017083643860560094,0.9081712986303312
18,55113,0.001283637967764463,1.0502101381752518
18,55115,0.002210434808960806,1.159145473749287
18,55119,0.0012601040645578165,1.3298598826950212
18,55117,0.0020240089793714233,0.6735598046498641
18,55121,0.002009676425045971,0.8153308501629459
18,55123,0.0019408078098092983,1.0881642201970336
18,55125,0.0019002643261059032,1.1976400956008153
18,55127,0.0020178416962065323,0.9146024125756017
18,55129,0.0012810303438629553,1.4038042485087066
18,55131,0.003276100376646512,0.5892966195182551
18,55133,0.00810746056136382,0.4170608509872231
18,55135,0.0022449945156555844,1.0048217011500282
18,55137,0.001580965015926309,1.0774973447179101
18,55139,0.002200964291862065,0.5722675455149874
18,55141,0.002164239921262384,0.9525218883912229
18,56001,0.002097683542702157,1.1000623813958224
18,56005,0.0017429313925152296,1.238467370743502
18,56007,0.0005856776704522983,1.838434823590176
18,56009,0.0005991276356548392,1.8672069392914492
18,56015,0.0004953043319956638,1.6558165976468202
18,56013,0.0012287676539523558,1.2936366659106324
18,56021,0.001972420859210885,0.4590591978388283
18,56023,0.0006268451675464904,4.702411337268794
18,56025,0.0017954682202283002,0.5775480309642966
18,56029,0.0007139204053929107,3.516385672638758
18,56033,0.000765185066956058,1.3895551161824922
18,56037,0.0012748759138106888,0.7766872756007085
18,56039,0.0005710273141884479,1.970103062558269
18,12057,0.013126338196446706,0.3746977940219932
18,12059,0.0007692438711895548,1.2677466409049079
18,12061,0.00801436453746481,0.46359835648205894
18,12063,0.0015421957579994392,0.7231438701085741
18,12069,0.008563384882902115,0.46453076369106705
18,12071,0.02554644240569057,0.5311161480924592
18,12073,0.008589788747880016,0.4952879302643553
18,12075,0.0012165732503672327,0.8878229507319408
18,12079,0.0007353534850844701,1.0868959371493099
18,12081,0.009186370856243567,0.21621377150037668
18,12083,0.007551071561010378,0.3906480292943114
18,12085,0.007329492659371585,0.46717585428038466
18,12086,0.02406422399905325,0.3417748876209056
18,12087,0.007168012750978061,0.7862046030695057
18,12089,0.00116589987100565,1.102180083771895
18,12091,0.0033007787482842586,0.563857406029433
18,12093,0.001314189629502334,0.669403192810963
18,12095,0.010956771085913489,0.2645977596780985
18,12097,0.00487380938014649,0.5483372289969243
18,12099,0.03065007462434991,0.43393750086223015
18,12101,0.012653506055373612,0.4605185586054506
18,12103,0.02480755462343187,0.2171103509424532
18,12105,0.006745696122512895,0.32528024615693274
18,12107,0.0015971313951953809,0.6559124764865065
18,12109,0.0040360759151284635,0.677674364144125
18,12111,0.006038070661860212,0.5287026118233079
18,12113,0.002835820378593576,0.5060008475058971
18,12115,0.024978826936404422,0.5091498179633007
18,12117,0.0052799797283666515,0.3559094435642975
18,12119,0.005797032736121284,1.0480301084355037
18,12121,0.0012621996271011096,0.8707549281718183
18,12123,0.0004181127288099227,1.5021534140208175
18,12127,0.01062543925309516,0.36903556926128334
18,12129,0.0006100152548778515,1.430207823468944
18,12131,0.0009544969703472412,0.9606568373159527
18,12133,0.0008841689861631942,1.1727842247783224
18,13001,0.0007919016093282641,1.1766837700068231
18,13009,0.00102025241849468,1.1240821400181886
18,13011,0.0008263324385522378,1.3707863074813067
18,13013,0.0019443614461344128,0.5312425922935019
18,13015,0.002192669496794816,0.7732755971739165
18,13017,0.0006577277219533904,1.20703008179661
18,13019,0.0009194217559733937,1.0641788254395428
18,13021,0.0023694542551161036,0.3914401350046464
18,13031,0.0013814570816513497,1.1301243148824889
18,13027,0.0008682251167207355,1.133474208784335
18,13033,0.0008925010612609206,1.0143485373820451
18,13039,0.0009460894107115943,0.8181123470246482
18,13045,0.002266771279727317,0.679665826829128
18,13047,0.001406399778588619,0.7928113520355267
18,13053,0.0030793187407664783,1.557377319379422
18,13051,0.0046585829307523256,0.2859092878523773
18,13055,0.0009074934520602837,0.9793750545095985
18,13057,0.005054186676502825,0.5039128795215834
18,13059,0.00624384621251631,0.44362539801608325
18,13063,0.005846043664835133,0.3447543173371718
18,13067,0.00993305528093777,0.505759264416224
18,13069,0.0011121090883761044,0.7615051654940971
18,13071,0.0010040863504436291,0.7841825951939976
18,13073,0.002784755416045584,0.5228278916322008
18,13075,0.000556988872848581,1.3384295336364707
18,13077,0.0026112924777528697,0.5767845524769241
18,13081,0.0006664367882994246,0.9089123616726208
18,13083,0.0006464166697466571,2.5439493845655443
18,13087,0.0008590252749040865,0.9576982260215398
18,13089,0.009010769631787551,0.36595353826758203
18,13091,0.0012304603552993041,1.1420430540549014
18,13095,0.0024254859388648767,0.4432989248589596
18,13097,0.0027917653170718903,0.6029571046856662
18,13099,0.0012681441810882851,1.1148957676664017
18,13103,0.00120690669636939,0.8659320032593587
18,13105,0.0009801882603970174,1.0689514578136432
18,13107,0.0006045179050325433,1.1046940567864925
18,13111,0.0009813204466889874,1.0741051753079303
18,13113,0.003261020451095893,0.6179621976889969
18,13115,0.0014312224377483953,0.4702927166476504
18,13119,0.0006874769950097559,1.2736359860766966
18,13117,0.0066769200974573974,0.4475899881482775
18,13121,0.016062116811163388,0.5675148685359389
18,13123,0.0008639408591475104,1.0451617190444418
18,13127,0.0011365415751629468,0.8590224593970536
18,13129,0.0016718383778560053,0.7613161718092726
18,13131,0.0007121585292480081,0.8380890476327951
18,13133,0.0016744431834294748,0.9435287199064225
18,13137,0.0009211414796014317,0.9665879188038153
18,13135,0.015665170768282853,0.3886115465036163
18,13139,0.0027800579249744077,0.4781208084532021
18,13143,0.0008686840607566893,1.1894232227968153
18,13145,0.0009401359871040204,1.1826023027045816
18,13147,0.0006955452920241929,1.3077520053985212
18,13151,0.005014426086659462,0.509451492707722
18,13157,0.001413272719649564,0.8498058670333106
18,13153,0.003117349933793984,0.4703086217320788
18,13163,0.0006163878391753419,1.6717852338880572
18,13169,0.0007603304649857822,1.038551145001127
18,13175,0.0015095097633604278,0.6846670633790757
18,13177,0.0008311149080519531,1.262631954091703
18,13179,0.003054315308393303,0.671181683555328
18,13185,0.002506447073170234,0.5175077202160058
18,13187,0.0006193887880066487,1.2639712167135022
18,13189,0.0007744460446901637,1.0995579743923607
18,13193,0.0007214851256576942,1.3250924066853096
18,13195,0.0010944478208861374,0.9609684975802831
18,13199,0.0006307709930688978,1.4777845343350424
18,13205,0.0007239169667032777,1.0491321138911156
18,13207,0.000673235781848767,1.0966450802235654
18,13211,0.0008412123912391933,0.9652883640238938
18,13213,0.0010446986682538788,0.8496820391953123
18,13215,0.004031188812850022,0.3422981872647836
18,13217,0.002084181069920395,0.7421027333920779
18,13219,0.0009918160645984622,1.0842237587528212
18,13221,0.0005963843409489203,1.2161134282543555
18,13223,0.002791714606085076,0.5101480606006746
18,13225,0.0005172400915933002,1.089363033283558
18,13229,0.0005680133763109887,1.2830614820949187
18,13227,0.0006563278985999686,1.270212011742537
18,13231,0.0007248946447109705,1.4923965274168207
18,13233,0.0013382911606380605,1.0112221254948137
18,13237,0.0005852212659962692,1.2239679293036596
18,13241,0.0008000963719330793,1.229391270610612
18,13245,0.0032141544653413448,0.44417344049343804
18,13247,0.0015029747382289814,0.6244734269786538
18,13251,0.0006932880211126194,1.1745663193538587
18,13255,0.0009111204375757676,0.6593560193122951
18,13257,0.0007217478373928874,1.0174302946014506
18,13267,0.0007905883841227307,1.0607301708186443
18,13261,0.0006656591888086481,0.8886325168847214
18,13273,0.0007968182547464544,1.959942254376548
18,13277,0.0007481864435962824,0.7310525097497584
18,13275,0.000860294487412335,0.8105739464500572
18,13279,0.0008854692440256793,1.0957073169907812
18,13285,0.0014436506321038745,0.7106165715648404
18,13291,0.0018239361882385792,1.06521770411347
18,13293,0.0008495610821182116,0.8250140529612929
18,13295,0.0013311522419553272,0.8632587911740794
18,13297,0.0020734500376839967,0.6914061296967289
18,13299,0.0008946133973420736,0.9876849824373176
18,13303,0.000659303573544582,1.119294704641521
18,13305,0.0007388530481293392,1.0830151019198415
18,13311,0.0005387939736577669,1.182562349677415
18,13313,0.0022175984492203192,0.5993037861430135
18,13315,0.0009299152996241504,1.4272467041489676
18,13317,0.00047173966184333994,1.4673981129732396
18,13321,0.0005041387025150399,1.0613028631583106
18,16001,0.006443081483877451,0.31731664245875196
18,16005,0.0018788917169952214,0.574877750643098
18,16011,0.0015695447491617593,0.8768777753985761
18,16013,0.0004021242567757888,2.003977433565218
18,16017,0.0015689816748887559,0.855214639321808
18,16019,0.0023011853092140483,0.4974635534279489
18,16027,0.0032451987979795626,0.5009963133123756
18,16031,0.0011862054277388893,1.3537812062618415
18,16039,0.00038933475766487303,2.723492302976595
18,16049,0.000930018783045454,1.2126045186625551
18,16051,0.0006284878518566915,1.8141946805565496
18,16053,0.0007250004826084191,1.5480169822479295
18,16055,0.003009229154952173,0.552275599847719
18,16057,0.0007479439323034523,1.1226491172602924
18,16065,0.0014634692667717672,1.4380626212343781
18,16067,0.0007380180192626014,1.4140437711967284
18,16069,0.0010138510406769506,1.0491055996619636
18,16075,0.0006838644526281874,1.6313360673352955
18,16083,0.0011788456487362615,0.7278176503791378
18,17003,0.001135640474593563,2.0832259074896764
18,17001,0.001294048279829157,0.5491309393580017
18,17005,0.000452395883787557,1.471082951067289
18,17007,0.001307501432327895,1.1392185058514346
18,17011,0.0019840248194937953,1.1252812152455238
18,17015,0.0016989588664073105,1.2215226428946497
18,17017,0.0010721862731745736,1.8584781114635105
18,17019,0.006430025966058396,0.4675630890695868
18,17021,0.0015004089119599194,1.647603667956093
18,17023,0.0006507194386605521,3.029810836625216
18,17027,0.0011557524044630036,0.917648161657479
18,17025,0.0005735600538279905,1.9861888414235045
18,17029,0.0007965853835555896,1.5633746986229242
18,17031,0.022280473643252252,0.5915638137056067
18,17033,0.0010009660492596342,1.3216862572749963
18,17037,0.0016849204598656739,0.8225373034108012
18,17039,0.0008666427091111999,1.9311978909486434
18,17041,0.0010505317545203075,1.1314267945624863
18,17043,0.013510791346993003,0.36034165213112984
18,17045,0.0007488840166415631,1.4434570016999686
18,17049,0.0012450795543627394,1.134018921913427
18,17051,0.0010719033622181495,1.226597428491136
18,17053,0.0008799203456264979,2.393741596129832
18,17055,0.001924609387962192,0.9128274697732219
18,17057,0.0019183123030659956,0.9652333549854838
18,17063,0.0009226921919694774,1.0389810665545407
18,17061,0.0009779830091261451,1.2757557665515318
18,17067,0.0017443583837008295,0.9620099079837788
18,17073,0.0014077711434325809,0.981215873547646
18,17075,0.0020048172002505487,0.9302408541382402
18,17077,0.0018323252057397342,0.9719894122174518
18,17081,0.001097747906413549,0.8423037231643503
18,17083,0.0006392836930738827,1.0170278187976396
18,17085,0.0010600223700503752,1.0437554005448284
18,17087,0.0002363767724691217,1.4267092321388064
18,17089,0.0068842702896957115,0.5653786761373516
18,17091,0.0014487716776039141,0.4239148441975815
18,17093,0.003213241384486844,0.9725955441922383
18,17095,0.0012240073429435681,0.6270970819934848
18,17099,0.0021466130804985565,0.6076702813587443
18,17097,0.007225621254295886,0.5363847257985082
18,17101,0.0014795165663530918,1.192448293770021
18,17103,0.0011537204294971893,0.980999705973101
18,17105,0.0009336957695550769,0.8733371792398436
18,17107,0.0014883717514290406,0.8277198607219406
18,17109,0.0011624488607512391,2.0269911424220695
18,17111,0.005685261427949806,0.41265331189463755
18,17113,0.002734647118184301,0.4775353589477061
18,17115,0.002005953133636399,0.37481531541537316
18,17117,0.002129566564912474,0.9503773255700818
18,17119,0.0028965288335973823,0.40892946275811454
18,17121,0.0019754846945938525,0.9810632638445351
18,17123,0.0012971388499500138,1.1874165896810698
18,17125,0.0015546334566008456,1.4852845600204336
18,17127,0.0006201376922159714,2.0225093008214956
18,17131,0.0007932512197147039,1.5627588842977072
18,17133,0.0009897762066545814,1.782664605017335
18,17135,0.0015026853258823497,1.3214039474715735
18,17137,0.0011742696159720927,0.8834707251647469
18,17139,0.0006154595140825218,1.5117103177775428
18,17141,0.001382309211347494,0.8997769452738984
18,17143,0.002848557784143309,0.3924162970370595
18,17145,0.0008382893463170083,1.5353405590358669
18,17147,0.0004530413685445376,1.5119704028777423
18,17157,0.0012202938620806756,0.9913096357143513
18,17149,0.0010857213001514308,1.046436088542682
18,17159,0.000845162511898798,1.2885704824195774
18,17161,0.0018591158241354252,0.4035169129578966
18,17163,0.003107628266926298,0.5347327991999133
18,17165,0.0015661934170514602,1.2684021959982001
18,17167,0.0045964375313600715,0.27358461949492857
18,17173,0.001226795547610779,1.0881542035539162
18,17177,0.0015206437431329505,0.8161130556034222
18,17179,0.002619313212780095,0.5942253685099143
18,17181,0.0009055711571715411,1.3575404865535092
18,17183,0.0021077729744888927,0.4221417095046811
18,17185,0.0006019251478756589,1.3583938480751332
18,17187,0.0006203916149047764,1.5032384105846868
18,17189,0.0009060742087577491,1.7165753791125034
18,17191,0.0011417098581347838,1.6733235023174702
18,17193,0.0009355382737850845,2.001576963011219
18,17195,0.0025384687926262935,0.5907245369570341
18,17197,0.006328020635472267,0.3479052589511207
18,17199,0.0017906243995095053,0.782960192961032
18,17201,0.0023463742968391345,0.3087109009722544
18,17203,0.0013373319878497694,0.952194230056384
18,19005,0.0010909944901652824,1.2463442776844234
18,19007,0.0008484339112139449,1.23369485060646
18,19011,0.001174442977649177,1.0651027571551366
18,19013,0.0023939451312428783,0.5590299460246272
18,19015,0.0010824526789371758,1.257902456672935
18,19017,0.0011836806598503839,1.088567836946513
18,19019,0.0010185458199057705,1.21014827138241
18,19021,0.0008243156419015789,1.2077886185670996
18,19023,0.0012380536442814006,1.1446321968478397
18,19025,0.0009728890651348696,1.4394262270937075
18,19027,0.0010529234824549647,1.5027622711596975
18,19029,0.001034069415340122,1.5647143576635627
18,19031,0.00092859963726287,1.0877531316750468
18,19033,0.0014147495915577046,1.1571635129010462
18,19035,0.0008842225351485207,1.4713120073013963
18,19041,0.0005643452916877855,1.7389466262822253
18,19037,0.0008337346763492017,1.7282926435502237
18,19043,0.001515656402396262,1.2618081761895081
18,19047,0.0016113236081991013,1.011433132837065
18,19045,0.0015766597047242486,0.8648842141096408
18,19049,0.001472277113156864,1.0981248625382676
18,19055,0.0007648174714834286,1.4532692808499514
18,19057,0.001151523846673418,0.780640799385193
18,19059,0.000946602725412659,1.3675263799018191
18,19061,0.0015527173924899374,0.6296698872157184
18,19063,0.0005769725887014676,2.161339894713741
18,19065,0.0015900334090686759,1.5625367681812081
18,19073,0.0009753149723233078,1.6440019864438462
18,19067,0.0010169541817004646,1.622900868994063
18,19075,0.0009226432054762179,1.7929391108628117
18,19079,0.0009322913770646313,1.508097703063769
18,19081,0.0009194928164131746,1.4973193514509828
18,19083,0.001581841407013158,1.2576628461270327
18,19085,0.0013954456482195732,1.3993584972192568
18,19087,0.0009489567209615712,1.1048380745886253
18,19091,0.0008216427683140505,2.3546391383132264
18,19095,0.0007827411851285744,1.4795068021502202
18,19099,0.0011245206817377506,1.1362014343075486
18,19097,0.0012431131549185369,2.2409327134849675
18,19101,0.0004182674226062051,1.8556873641635894
18,19103,0.004853161691992866,0.5659017212327703
18,19105,0.0010626866415819744,1.8023966450171998
18,19107,0.0011036470434567867,1.2240037496509366
18,19109,0.0017915146745588397,1.5558405619718292
18,19111,0.001101982272833273,1.4070973810228902
18,19113,0.00285108811537463,0.3255614997972954
18,19117,0.0011468277504321355,1.7501846310646523
18,19123,0.0011472569323348622,1.0720740076885538
18,19125,0.0007370165290849502,1.7374026483026694
18,19127,0.0014074171490417932,0.7447472505343083
18,19129,0.0008402421322286677,1.5399165463452578
18,19133,0.0010317407469765953,2.086755937079661
18,19137,0.0007681049897270431,1.7520946714073165
18,19139,0.0011124428325774574,0.8667251145208429
18,19141,0.0007779144309125156,1.7030427596264868
18,19147,0.0008742560362587109,1.3895343416258226
18,19145,0.0016305668853799787,2.3344866644124993
18,19149,0.001077465939565306,1.3416306106455471
18,19153,0.003989284639312739,0.22193820102266895
18,19155,0.0020966755345730856,0.5599742764652902
18,19157,0.0008504492701843778,1.857343522847177
18,19161,0.0014187905878173992,1.2867710476261625
18,19163,0.001984036928311033,0.3610778669093701
18,19165,0.0006233821723816846,1.9265978749836925
18,19167,0.0012706498137783986,1.1986133750422456
18,19169,0.004114699931443117,0.8458549667044516
18,19171,0.0015468009543556343,1.560998749642309
18,19175,0.0005411746534328376,2.0707816693268075
18,19179,0.001356446016415087,0.7434855732743854
18,19183,0.0008087420437182895,1.4245710682750703
18,19181,0.0015001538075661532,1.1320916778656367
18,19187,0.001171936342724027,0.8056679105983542
18,19191,0.0009026704493411446,1.2604035438203387
18,19193,0.0011715908244548947,0.46517725460869175
18,19197,0.001121086992711298,2.0127806211647212
18,20001,0.001320529538121095,1.3865496014802279
18,20005,0.0004674730464610952,1.8242343075268779
18,20009,0.0010069472379186611,1.0293742272656972
18,20011,0.0009336362389884743,1.5537163956283255
18,20015,0.0016048193609568232,1.0462671470898979
18,20029,0.0007313092132536914,1.954756066947405
18,20021,0.0009158968337644158,1.4413257189217756
18,20035,0.0013064301471305232,1.145627068745232
18,20037,0.001475535258587934,0.9125361059171742
18,20041,0.000911159142694196,1.322218653660766
18,20045,0.004010352321232105,0.564939804567852
18,20051,0.0009439810913033584,1.1481496163949667
18,20055,0.002018777682385311,0.7665603004562822
18,20057,0.0009855131727447572,0.8753622664339042
18,20059,0.0006576089206266644,1.1816335198927683
18,20061,0.0021355898727241705,0.8017444451325471
18,20079,0.0014893002092774982,1.1754112673654105
18,20087,0.0006869273817188262,1.577481923052768
18,20091,0.007873562379310686,0.42166766712871256
18,20099,0.0012495262120028178,1.10371441373131
18,20103,0.0014347537153808685,0.7193768908389601
18,20111,0.0009135709849263565,1.0177488491953042
18,20113,0.0009749260163533464,1.5444900554808387
18,20115,0.0006879808701290513,1.2357094027645008
18,20117,0.0008352211961259692,1.3138521926297475
18,20121,0.0009505071267323985,0.9208007747564564
18,20125,0.001759823957257352,1.0328441763310026
18,20133,0.0008847260043226167,1.470018538815224
18,20149,0.0005699830891609919,1.58606196900455
18,20139,0.0010515382502932992,1.4587126992943704
18,20155,0.0012258142773974132,0.5610376468342883
18,20161,0.00409502811437633,0.749380469141829
18,20169,0.0007447443353771237,0.7878867339415608
18,20173,0.003974028710115606,0.18256119725746014
18,20175,0.0009485702018847601,1.1920338745603565
18,20177,0.002424326066511288,0.3218850023705257
18,20191,0.0011957717114434337,1.0993563518292513
18,20205,0.0010866329845291244,3.048095627727099
18,20209,0.010860317821098586,0.32297215842148164
18,21001,0.0012660617127330496,0.81225477793573
18,21003,0.000851293195233256,1.0007404165696296
18,21005,0.0008566292703382477,1.2586671675240544
18,21009,0.0009645030938256003,0.7868773804986782
18,21013,0.0013338882568765796,0.8911049139175955
18,21015,0.0018307802936842242,0.5169067256141198
18,21017,0.0007528974039590262,1.0308738131704624
18,21019,0.0010710546670268943,0.7524631770693019
18,21021,0.0006734009444601246,0.9631233410103212
18,21025,0.002090493732941658,1.054800585771095
18,21027,0.0010332935918588824,0.9491874935817155
18,21029,0.0012072518196839912,0.6250977320751702
18,21031,0.0005264396747560011,1.2351697318750512
18,21035,0.0008058518027992503,0.8626495710703367
18,21037,0.0014649124606226852,0.6851177964378422
18,21043,0.0007445567085058431,1.0212599385581946
18,21045,0.0008101212020756958,1.2362701638225928
18,21047,0.0024252709701928048,1.43812878962672
18,21049,0.001245724962782735,0.8194417864775573
18,21051,0.0008181520291379282,0.9068294144532513
18,21055,0.0007052224875412434,1.3095143337328823
18,21059,0.0014173239682033411,0.5994966544445278
18,21061,0.0002635985836851517,1.5411603254311605
18,21065,0.0006856824382983917,1.3632492589587226
18,21067,0.004325080884549857,0.30822240050556904
18,21069,0.0006748783274722818,1.637198214508308
18,21071,0.0013534516722541422,0.9822352740975864
18,21073,0.0014562613879629377,0.7278569093673171
18,21079,0.0005518270278770794,1.323879103466997
18,21081,0.0003948145487905146,1.9320844064700078
18,21083,0.0011513600659318612,0.7323055700218823
18,21085,0.0011602640207388814,0.9260249342038238
18,21089,0.0012381872130936878,1.2712488709711265
18,21087,0.0005945253861622901,1.4684708400688609
18,21093,0.0019586593117236263,0.5421502770885721
18,21095,0.0017562476180732673,0.875600023460188
18,21097,0.000656256892452747,1.1910613307700624
18,21099,0.0009676964649881066,1.1564015419941895
18,21101,0.0009554175821403812,0.9601330408769769
18,21103,0.000927849181541669,1.1949670973569717
18,21107,0.0012929046717194224,0.8091055041844196
18,21111,0.005131253205963757,0.4237595053307541
18,21113,0.0008773644836291737,0.8565240268026857
18,21115,0.0007137334820302869,1.0792371456404108
18,21117,0.0021843215352340896,0.5274993558709818
18,21119,0.0010751871919026147,1.1146627180675328
18,21121,0.0009757890585859716,1.005600400310557
18,21123,0.0003548969014061251,1.367429468450213
18,21125,0.0013658753914451366,0.7963786794884382
18,21127,0.001054111163590789,1.0510641219769898
18,21135,0.0006090603926360256,1.3143671754240307
18,21133,0.0008817388320236532,1.0198368524867851
18,21137,0.0006689920037599,0.9843810035121722
18,21141,0.0007714842326003533,1.0911969245714905
18,21145,0.0012051596679482502,0.6005814721433745
18,21147,0.00045205653393313316,1.360968873271835
18,21151,0.0015638226512451855,0.7996170030810273
18,21153,0.00043245126316781955,1.276963916758041
18,21155,0.0005981212536175055,1.0831279666258664
18,21157,0.001302749829408858,1.240038858545666
18,21161,0.0005938716928735544,1.1196113021825909
18,21163,0.0006786148350172223,1.7124799905076522
18,21171,0.0006051822864050185,1.1971388701206087
18,21167,0.0008485167038018744,1.1083542178728063
18,21173,0.0007079278413207124,1.1475478437177935
18,21175,0.001288294385360706,1.0105487521956251
18,21177,0.0012303451664147675,0.8044758835488027
18,21179,0.000985129343049422,0.825744819177664
18,21183,0.0010041881973848964,1.0089690298536602
18,21185,0.002343060918032748,0.6455913073759566
18,21193,0.0009882880169633315,0.9454897760890705
18,21195,0.0024688776888999106,0.7080019580824127
18,21203,0.0004782236278498254,1.1842234062529258
18,21199,0.0012443606890690329,0.6401370112083293
18,21205,0.00043258228918068687,1.4870720083376858
18,21207,0.0007051426886045482,1.2796057204728164
18,21209,0.0012959719316714246,0.677334093964974
18,21211,0.0007192565529280974,1.4168178445281878
18,21213,0.00040372484209133655,1.427837174784499
18,21215,0.00057851792541073,1.3618219676471592
18,21217,0.0006609610123166602,1.1610344153527052
18,21219,0.0006150734276675502,1.5615180013671195
18,21221,0.00048650690367746895,1.0778000342843534
18,21225,0.0003017435878088832,1.3367417773969805
18,21227,0.0018086297559192519,0.5516448996322976
18,21233,0.0005766838724392466,1.565616021788806
18,21231,0.0006465869258431853,1.332021665579453
18,21235,0.0009121779985174337,1.469944779451388
18,21239,0.0011503410190026831,0.9916371274781337
18,22003,0.0005677455332172294,2.411184716061476
18,22001,0.001668780121414772,0.768573843583412
18,22005,0.002374525806703975,0.629560994031278
18,22007,0.0012344103523432178,1.1327993962270042
18,22009,0.0012780569294996477,0.8085238177835473
18,22011,0.0011879373356157323,1.0451115449929103
18,22013,0.0011674239672318691,1.5412985361238745
18,22015,0.0015331488554252378,0.5507156024880432
18,22017,0.0030969048124190835,0.254406826190523
18,22019,0.0019526793103127624,0.41297069465201497
18,22027,0.0009410307454385006,1.2448757820159118
18,22029,0.0006759446170868164,1.5764505846631556
18,22031,0.0011991804890585818,1.036642541616769
18,22033,0.004718603101110672,0.3514691032963574
18,22037,0.000654939821393729,1.0197340030212778
18,22039,0.0011119827676402286,1.2265375094988684
18,22041,0.001039564962940895,1.7602219227401346
18,22043,0.0007591802988562477,1.4015140222794027
18,22045,0.0014864763766504296,0.6571089744159707
18,22047,0.0007917415946538382,1.1563502835599053
18,22049,0.0010101438250649571,1.3767661820858212
18,22051,0.005549817341366117,0.2814280195649693
18,22053,0.00106179344212772,1.18138040411303
18,22055,0.002451269069243839,0.35277976958746254
18,22057,0.002229282624803158,0.8847894806979306
18,22061,0.001787450438768233,0.7595329527406252
18,22063,0.002672499935977214,0.6398570086740009
18,22065,0.0009543964199399999,1.7039016271075402
18,22067,0.0009385628877963426,1.1370597342981712
18,22069,0.001318693439152414,1.104167753109118
18,22071,0.023545465557036634,0.2513828326160574
18,22073,0.0022543441029642384,0.3841720670995632
18,22075,0.001742147451152778,1.7310653878068996
18,22077,0.0006659681202853858,1.7309689413474274
18,22079,0.002338839155344231,0.39069203993108065
18,22083,0.0007912781757059091,1.4533207218547426
18,22085,0.0011639065173147444,1.1611989519859032
18,22087,0.0030691407601084963,0.5771381917971967
18,22089,0.0011092116690764602,0.6597218760210335
18,22093,0.0011960220681076028,1.1199647049067334
18,22095,0.0008432454980444523,0.8505813480112725
18,22097,0.0020792142373317456,0.6350683529962252
18,22099,0.0011127414018688446,0.9379693306294089
18,22101,0.002299291924079072,1.2453893517574623
18,22103,0.0032412915501503496,0.500224848579619
18,22105,0.0021836203391768015,0.5976289335581145
18,22111,0.0009281695614213787,1.0827743905883014
18,22109,0.0021761436785463274,0.6429789130541105
18,22113,0.0011740674906150974,0.7322797837672685
18,22115,0.002788735622112279,0.9658426968653144
18,22117,0.0015231158809019339,1.0293457588098265
18,22119,0.0009973239784371324,1.3308805170442193
18,22121,0.0006484746937415958,1.6079723574099742
18,22127,0.0006043378350701417,2.0943677342263403
18,23001,0.001913050540271077,0.5307990507149942
18,23003,0.0054271170818786406,0.8114946212592525
18,23005,0.006089650694360371,0.7284361371576402
18,23007,0.001620973803448366,1.1438951220142444
18,23009,0.004632122021907681,0.693533093544195
18,23011,0.003987249192994496,0.6349148073980807
18,23013,0.0019399078545096536,0.8957662494568457
18,23015,0.0024022377782727043,1.4034882276923446
18,23017,0.0030117514017565334,0.5951138758456852
18,23019,0.004086467213225149,0.5798016015949953
18,23021,0.002678732751450931,0.9460656793252195
18,23025,0.003002228589519753,0.7780748186683801
18,23027,0.001725750464773497,0.9240511902945187
18,23029,0.0033808811111121465,0.7810112468581523
18,23031,0.003829055263910593,0.4339741062006447
18,24001,0.0026080019239710416,0.589685900234598
18,24003,0.007837672321816059,0.34890185277650004
18,24005,0.01133453419328044,0.31921784579173806
18,24009,0.002808359334413287,0.7796431500831323
18,24011,0.0012138369759690662,0.976055595702001
18,24013,0.004535442265596942,0.4211528062073547
18,24015,0.002035743027651665,0.7115474799566402
18,24017,0.003141120458762123,0.44396256207759843
18,24019,0.0010016037638309783,1.14827260551813
18,24021,0.004683356994885078,0.47528509715074857
18,24023,0.001467099602836643,0.9544106996402951
18,24025,0.0055327164367764805,0.4612367598100178
18,24027,0.008889598160288588,0.5601363269011108
18,24029,0.0006799848416022242,1.3998373198699743
18,24031,0.01764962675164354,0.3602212411940964
18,24033,0.011913423444094476,0.47328808557947505
18,24035,0.0014101988334140358,0.872184637728373
18,24039,0.001094954734812565,1.3722031145553433
18,24037,0.002585505599985696,0.8476422390417727
18,24041,0.0022628419034224976,1.3674932081438584
18,24043,0.0018995032403960198,0.466809794227911
18,24045,0.0015245804664813906,0.5339467684781
18,24047,0.0028081089845534805,0.9572567068573052
18,24510,0.01869672323148276,0.2981342618448912
18,25001,0.01383307592522246,0.4336988641636653
18,25003,0.005706382291625273,0.617787006861125
18,25005,0.005362381193519944,0.41657710946576965
18,25007,0.0008861787405824477,1.875548581009718
18,25009,0.007030502335208327,0.5195521981366644
18,25011,0.0037057919387590565,0.8599023849114212
18,25013,0.004422919052656139,0.3305247786253178
18,25015,0.005991871832520291,0.6657330347458097
18,25017,0.018025915513763386,0.7588490202647448
18,25019,0.0009730648738384877,1.3188229098148223
18,25021,0.011203931572324575,0.7538553026457504
18,25023,0.006526679084613601,0.5057156424095254
18,25025,0.029595167738403694,0.521846256465271
18,25027,0.0052701800546620095,0.3546146359299721
18,26001,0.002969964153692224,1.2746746738938068
18,26005,0.0019092084195078392,0.6735447380864084
18,26007,0.0018683771734770507,1.0350423666582558
18,26009,0.00239890112320818,1.0823546782643303
18,26011,0.0015150833637411645,1.4124345217482057
18,26015,0.0015180087013752198,0.7955524618588559
18,26017,0.0016911346632255619,0.507791107752795
18,26019,0.0013782564322466792,1.4108150986455004
18,26021,0.002572893317173633,0.44479701696710244
18,26023,0.0017565501461659725,1.1228483494267194
18,26025,0.0021167880415145506,0.4159725054806834
18,26027,0.0016539373283110828,0.7529201698708605
18,26029,0.003180375104539663,1.000788603523961
18,26031,0.0020927871060266493,0.9624809723771292
18,26033,0.001961542721825961,1.93055445333306
18,26035,0.0021976022281995464,0.8057687362878221
18,26037,0.0017315787890802247,0.5172291989836978
18,26039,0.001333400634415122,0.9512240045563657
18,26041,0.0017805697701111915,2.0958769490959366
18,26043,0.0012721122900821301,1.0710062026997613
18,26045,0.0026013844387016575,0.6433178662498246
18,26047,0.0013352236572201695,0.9767923055937103
18,26049,0.0058406971003015255,0.2861268467419133
18,26051,0.002307859971453796,0.8485729683780427
18,26053,0.0019043445193203824,1.4272259787236223
18,26055,0.002360907247664189,0.5940578464817801
18,26057,0.0012275112180948496,1.0722155426781828
18,26059,0.001214246653834597,0.890227102876493
18,26061,0.001400976789842383,1.00719260411054
18,26063,0.0031297648536385394,1.047302716444171
18,26065,0.009706284852889224,0.5607762303046276
18,26067,0.0010397386224230134,1.2263950163798285
18,26069,0.0032434875025248865,0.9735086276440534
18,26071,0.002103249381809718,1.2675139872336016
18,26073,0.0018593884722688289,0.900059778666609
18,26075,0.0017656447751516345,0.48754597572004493
18,26077,0.0029192105500880235,0.31615636633501104
18,26079,0.0007932063300966676,1.1990163996671939
18,26081,0.005113311013460557,0.2996988983380735
18,26085,0.0013133407032023614,1.2695456032980692
18,26087,0.002109172888687298,0.6739986021444874
18,26089,0.0025242331542267077,1.0944163845565624
18,26091,0.0016607524609962606,0.7451416079047051
18,26093,0.007196950924109318,0.4578883178680203
18,26097,0.002067567049679437,1.3463383802634603
18,26101,0.002495678126131117,1.2374533781186259
18,26099,0.00742160173830488,0.25304198497519353
18,26103,0.002625261502730453,0.9614843065339638
18,26105,0.0016659913296078234,1.3141200972203815
18,26107,0.0008401603117353016,1.592910630988557
18,26109,0.001967394331518242,2.257616559288833
18,26113,0.0009403771220478386,1.4105686502988521
18,26111,0.0015780120785667555,0.6816745020274451
18,26115,0.0019257021228504287,0.44193737186347204
18,26117,0.002010628752919426,0.8832381779325347
18,26119,0.002109071425776766,1.366298847866227
18,26121,0.0015619798023025098,0.41109577856969043
18,26123,0.0025899592345977884,0.9488222239174557
18,26125,0.01196641239367413,0.28627673155218275
18,26127,0.0009793584749321611,0.8328181500664975
18,26129,0.002345328651332343,0.9583090540460428
18,26131,0.0007128326028827721,1.5577920108700896
18,26135,0.0021819624491691966,1.2902287290143533
18,26133,0.001860729008615087,1.0463815578072386
18,26137,0.0010411482561443561,1.087628669342609
18,26139,0.002949258659914272,0.5467001330764706
18,26141,0.00256567153587347,1.135056782456204
18,26143,0.003945750660704406,0.9567477944950394
18,26145,0.002658691398275131,0.30418679203116944
18,26147,0.0036376994093251314,0.6295508631303326
18,26149,0.0016204475025211865,0.8024475380790634
18,26151,0.0020368665191039925,0.985012370393232
18,26155,0.0012736179216945528,0.8277721518287088
18,26157,0.0027131533567848207,0.7358866379612822
18,26159,0.001649073519847514,1.3017076149263633
18,26161,0.00922364542726672,0.42004121557128477
18,26163,0.018485027003695163,0.3224137712422999
18,26165,0.000903158000702095,1.0257758668138275
18,27001,0.002841486817335414,1.183927540804426
18,27003,0.006850544619318425,0.4931758792209077
18,27005,0.0018949617456908016,0.9998266922873827
18,27007,0.0011084592297351352,1.035110666135336
18,27009,0.0008371592233905905,1.1066324694047696
18,27013,0.001680338451475672,0.7974462045753221
18,27015,0.0010801076847429703,1.7077586537006726
18,27017,0.0011905803867605766,1.083527962440613
18,27019,0.003178334738652185,0.6504296382328506
18,27021,0.002402380060270678,1.0362713760076971
18,27023,0.0006101344621333211,1.4267431967135935
18,27025,0.0020579371326177745,0.9668916485931051
18,27027,0.0012583147878414752,0.8430169730534177
18,27033,0.0007912760407262589,1.6175365894898315
18,27035,0.002266320885423845,0.9663715755434195
18,27037,0.006512869487709498,0.3118271769114446
18,27039,0.001052778008375546,1.08452966948182
18,27041,0.0017500213887647411,0.8842859733635222
18,27043,0.0023198119124362656,1.8065689813211776
18,27045,0.0020326324207302804,1.166769164903749
18,27047,0.0020685300748334266,1.118215431970065
18,27049,0.0016051018491096657,1.3524148693502975
18,27053,0.015477217461482517,0.45458446839890754
18,27055,0.001236804874326979,1.5625674887343175
18,27059,0.0010976141212500697,0.9484318720583537
18,27057,0.002469947177495377,1.7380855943707552
18,27061,0.0020341702190155527,0.866959669409604
18,27063,0.0010550003185800403,1.7511427639563137
18,27065,0.0007252198920324581,1.5202971473311755
18,27071,0.0005862636783236987,3.3285870252921153
18,27067,0.0013968564958436213,1.2421646888560287
18,27079,0.0014264020389278618,1.0313463110943282
18,27083,0.0011956664847818858,1.120894221711457
18,27085,0.0012698458556280024,2.1805830384470566
18,27089,0.0013648602635181915,1.7747581371876855
18,27091,0.0014103758014381781,1.2826806338679955
18,27095,0.0008479059095117161,1.668642309137344
18,27093,0.001458845493485242,1.3631068001680313
18,27097,0.0015803312137220068,1.4605677260784677
18,27099,0.0014739703523683923,0.9433115557753616
18,27105,0.0008160669726829948,1.3843139552487096
18,27103,0.0009295562486644586,1.7114527469950334
18,27109,0.0035290439962527456,0.431416426692441
18,27111,0.004066078445081981,0.8059797278488754
18,27113,0.0008694887116922099,1.3678977584810526
18,27115,0.0015905147227603792,1.1670731861714223
18,27117,0.0015989750456476667,1.9871727195309592
18,27121,0.0012040579155865436,1.559783782952327
18,27119,0.0013420248234701914,2.040329982401593
18,27123,0.007931478315507137,0.3461099789932736
18,27127,0.0015983448021323712,1.5165077128250586
18,27129,0.001879644321577119,1.0873247150040746
18,27131,0.001124256043961687,1.1085174506350823
18,27135,0.001164372717224416,1.3873255996097758
18,27137,0.005482027840609042,0.819245809750795
18,27139,0.0036884986797347673,0.5482172988429643
18,27141,0.0026277991911876127,0.860620690647967
18,27143,0.0011276875306963183,1.6563148759441872
18,27145,0.00186677720879834,0.5895658463658596
18,27147,0.0009096713706616383,0.9632876095505949
18,27151,0.0010434336722730934,1.9084003280501727
18,27153,0.0016878681762614396,1.1334145794425752
18,27157,0.0013768674868331657,0.9763171846262694
18,27161,0.0008752123907506253,1.4990012133235833
18,27163,0.004340398042307886,0.5547802016403092
18,27169,0.000955177138057359,1.1172286945087062
18,27171,0.002505725208496221,0.7876596441203569
18,27173,0.0010241689928763113,1.6683362791662915
18,28001,0.0011259631333021259,0.8942399534317899
18,28007,0.001168227013278114,1.24185920038833
18,28003,0.0010401431321240041,0.9670518988792554
18,28011,0.0015079381455391663,1.319200243565959
18,28013,0.0009331618154736157,1.6723064690677163
18,28017,0.0006037428207770667,1.6133500097455367
18,28023,0.000566098388702546,1.329101462895397
18,28025,0.0007245252679422092,1.9078647984621375
18,28027,0.0012171819278016351,1.3147365342860424
18,28029,0.0009667395180177671,1.145494421089965
18,28031,0.0004255191684350951,1.2724356140647934
18,28033,0.002287992032053616,0.45395323768495
18,28035,0.0014768781932979272,0.6073750174939809
18,28039,0.0008445304148779744,1.18522231458044
18,28043,0.0005604077930196141,1.498964082697764
18,28045,0.0006457414442305954,0.9020402326975158
18,28047,0.0023149336598515947,0.4011224226883485
18,28049,0.005393138663628259,0.24551610471388222
18,28051,0.0012570592787646503,1.1586025271706537
18,28057,0.0008168064433910345,0.9026321484361741
18,28059,0.0016882626557968559,0.7303844619436571
18,28061,0.0006153628137439939,1.5866819021383756
18,28067,0.001182455002990653,0.8230995643366387
18,28071,0.0014571036766060383,1.07761445879524
18,28073,0.0015996977740758735,0.9993704837343337
18,28075,0.001358391344220418,0.7105794907137276
18,28079,0.0006451344138284101,1.152672534859331
18,28081,0.0011343783965690425,0.5634403825445549
18,28083,0.0011943282942199636,0.9433058301257026
18,28085,0.0008008464940359878,1.3336206799991366
18,28087,0.0011544774833496803,0.7393163493220012
18,28089,0.0014680346164574413,0.6804707602468218
18,28091,0.0007598081866501983,1.41867764627186
18,28093,0.0007114274237038157,1.7097149993452074
18,28095,0.0013420493670741167,1.2072539470712884
18,28099,0.0012074925271623553,1.0973369474645491
18,28101,0.0007611635146071001,1.3711233079572172
18,28105,0.001903168717013899,0.9318254979804094
18,28107,0.0009885661072733267,1.1641987664375169
18,28109,0.0012592461900421581,1.0132241855340558
18,28113,0.0010266475365125877,0.8414914282749908
18,28115,0.001004046156247676,0.9634472845030335
18,28117,0.0007696502976560652,1.290726907298069
18,28121,0.0021657320501454764,0.5031524011595422
18,28123,0.001273004537443771,2.019478535443826
18,28127,0.0008720433862786401,0.9898750592856737
18,28133,0.00096331058219639,1.4218708417678867
18,28135,0.0005261597582787834,2.731721073456361
18,28137,0.0007521878147178758,1.2726864301498992
18,28139,0.0006105697211881407,1.5931370997222682
18,28141,0.0004188062933914313,1.517501265750398
18,28149,0.0014528037229732415,0.7810964741437812
18,28145,0.0012295784193815918,1.0320930284461396
18,28151,0.0029131318415964885,0.6915416988823783
18,28153,0.0007388209387373068,1.437809484947527
18,28159,0.0010804632862249476,1.3661696011497064
18,29001,0.0007257691264192821,1.0374405595758207
18,28163,0.0007317788988861471,1.2426554421873954
18,29003,0.0006110217560137228,1.3649455257447611
18,29007,0.0011202346239708953,0.9959984814133865
18,29009,0.0008953951298825041,1.2647281533733672
18,29013,0.000581201023978134,1.4743648015006259
18,29015,0.0013578650769238592,1.1079944935790518
18,29019,0.0039181983830720345,0.5150233602054055
18,29021,0.001866824279276983,0.4541093504032462
18,29023,0.0009019117277052607,0.7829497050137676
18,29027,0.0009627575116612865,1.119017847189046
18,29029,0.002048128543584867,0.8778879864272122
18,29031,0.0010457857956838383,0.9341893559086741
18,29037,0.0015046797320919679,0.8374971223857158
18,29043,0.002357718174509678,0.6705449357037362
18,29049,0.0006386934209272152,1.4101174454517482
18,29047,0.0032520437099961574,0.45464039329197853
18,29051,0.001475243393691533,0.6279349562370063
18,29053,0.0006958658825711048,1.5042066162969292
18,29065,0.0003976506258190845,2.294025022561012
18,29055,0.0005895341342316975,0.9996800314920303
18,29069,0.0016153623332828167,1.3801181353483185
18,29071,0.0023739395524380465,0.7746746271007945
18,29073,0.0009382836412011705,2.292143058370513
18,29077,0.0038556649418466675,0.37891311581835374
18,29079,0.00046025988286367927,1.744568038259459
18,29083,0.001076994071396133,1.3562548556564997
18,29091,0.001481643015015011,1.09174320196833
18,29093,0.0009462821848172838,1.787191152194151
18,29095,0.007896973633819148,0.4252095737411827
18,29097,0.0016029219435304905,0.6142925327956544
18,29099,0.004069405601757435,0.5226944634703172
18,29101,0.0009752995699830021,1.7056082469469018
18,29105,0.0008075668788232538,1.2743057182059137
18,29107,0.0010389502275076113,1.2656074622111764
18,29109,0.0009716946470165672,1.5900901636407296
18,29111,0.0007625901859974056,1.2724654322334124
18,29113,0.0017225295604452139,0.8184559329388836
18,29115,0.0009340545157156006,1.2867679071992695
18,29117,0.0007493524916025474,1.228049999139255
18,29119,0.0008050604039068541,1.36442233323463
18,29121,0.000993199581777096,1.7659056077208302
18,29127,0.0009963349884814657,1.7145395314993612
18,29131,0.000796975841934409,1.6077428276531032
18,29133,0.0004176455235945532,2.390372619877134
18,29135,0.0005388059890212056,1.587141970089819
18,29139,0.000693729618150569,1.4648152088520423
18,29141,0.0006163543563775912,1.4050748224670995
18,29143,0.0011920670981252685,1.2868448776332975
18,29145,0.0013801014012734978,0.9585106713847965
18,29147,0.00044073673414673673,1.9326369816602464
18,29151,0.0008307629367886841,1.5523322713186667
18,29155,0.0012839244345092236,1.5116176067833202
18,29157,0.0008153493659880266,1.5209170387627309
18,29159,0.0010441205748561529,0.7803426098043109
18,29161,0.0008963581868389578,0.9130464766183747
18,29163,0.0007908660294870722,1.401986597729518
18,29165,0.0016275977717738694,0.5398232383934882
18,29167,0.000856861377897167,1.362842510590385
18,29169,0.0015451758371638098,1.136559784555494
18,29175,0.0008609957311120722,1.0443079118184273
18,29177,0.0006090780300282839,1.4144733325099652
18,29181,0.0006371065015573674,1.34794099603822
18,29183,0.004923638761811135,0.43442165479185835
18,29186,0.000552025154041832,1.6124673982068667
18,29187,0.0014815179696102917,1.1138215185201876
18,29189,0.008140931877812571,0.4040699914664295
18,29195,0.0015459428367153988,1.1116940591999969
18,29201,0.0011010825725610092,1.261733649028617
18,29207,0.001334772762804083,1.2503001750212963
18,29209,0.0014992003277410895,1.1212226996207557
18,29213,0.001071309196585831,0.8594601104943487
18,29215,0.0008707522794317466,1.3024698725588733
18,29217,0.0009379379018559011,1.483519066083111
18,29221,0.0009981716130626895,1.2149335881216232
18,29219,0.0008376280689690412,1.1202669200809237
18,29223,0.0007273407789434467,1.382720478389759
18,29225,0.000943313008106556,0.8547236629100909
18,29229,0.0006575628281059354,1.6227300875084332
18,29510,0.01181727275936123,0.4276454913141117
18,30003,0.001341149977911821,1.302554176246889
18,30005,0.0012049697763830962,1.2044384601342752
18,30009,0.0014759378081658414,1.428776722971377
18,30013,0.0017651721080784663,0.45370876532524623
18,30017,0.0011527896841513926,1.3042331359915116
18,30029,0.002314847826977016,0.8624199854922766
18,30031,0.003041829498426843,0.6365576827037092
18,30035,0.0002714037095057226,1.4492878247537804
18,30041,0.0006915147909817694,1.3945948711345144
18,30047,0.0010462424857950454,1.2054000580132154
18,30049,0.0018386176538684102,0.6824589336320597
18,30053,0.0010742985943972129,1.1404879691008203
18,30063,0.0027989972398109824,0.5529597422737648
18,30067,0.0007922195933511955,2.3617541420439827
18,30081,0.0017956385672169687,0.9043603490216181
18,30087,0.0005131746491110818,2.1104525458720005
18,30083,0.0006746875047822041,2.214992976877779
18,30093,0.001064980973570694,1.050191255561768
18,30111,0.0023362028943545035,0.57176962659659
18,31001,0.0009389280397468216,0.7605337933153286
18,31019,0.0011559374506069017,0.9286022776308025
18,31025,0.0014473660717158876,1.6130879850420394
18,31041,0.0008608655582280837,1.2182802889972246
18,31043,0.0003748504489397136,2.2033604911815257
18,31053,0.0009063236020449912,1.271013920298066
18,31047,0.0008612693930569355,1.8109850182661769
18,31055,0.006477562491538512,0.4043524296732754
18,31067,0.0012277620372850074,1.0662708495489364
18,31079,0.0012389823766982663,0.5762075737778409
18,31089,0.0008028628830943051,1.3167762091284476
18,31109,0.00604322487033966,0.4829368524138187
18,31111,0.0010094639825267016,1.2002189425343743
18,31119,0.0008195052358153523,0.9337881312836028
18,31131,0.0009056639749885002,2.3071975502264204
18,31151,0.0005000818542428774,1.2140126235934774
18,31141,0.0009533020966427093,1.0712772366201833
18,31155,0.0009123796504196524,1.242329620660004
18,31153,0.004931884765287655,0.5482160906430974
18,31157,0.001257013281352302,0.7751541922364582
18,31159,0.0006618332669426534,1.6908101955704733
18,31185,0.0005660188236389083,1.6965441613375052
18,31177,0.0007893730485229307,1.369107335432786
18,32001,0.0007941104395504975,1.1970953623439005
18,32003,0.014223061426844855,0.3440676017492482
18,32005,0.0034644150545793816,0.7203583103000103
18,32007,0.0016744530593626604,1.0054290542022388
18,32013,0.00030986071010871507,2.543441197826179
18,32019,0.0007416973465351937,1.1450093332876947
18,32023,0.001375386330032625,1.3899336028307965
18,32031,0.006956227729453684,0.24602804558362323
18,32510,0.001269451105568458,0.6791436931947915
18,33001,0.002125354080034177,0.688702182053834
18,33003,0.003022718244903947,0.9265151316298409
18,33005,0.0019275875220071876,0.7552527726965087
18,33007,0.002878252961375126,1.0751123893666688
18,33009,0.0031925789651659348,0.7412117643409181
18,33011,0.0044244106688558936,0.3741797796816782
18,33013,0.003418372695470671,0.4109492680406994
18,33015,0.006989300766514393,0.5899484073361804
18,33017,0.0018476803192901095,0.7333937311726125
18,33019,0.0010927149369509923,0.8540435992267065
18,34001,0.0031857320659864604,0.5336692969926979
18,34003,0.011685084812097627,0.5044934022083636
18,34005,0.0061284565096287975,0.40611479386711297
18,34007,0.004470314746551457,0.3774734676454961
18,34009,0.006546817548445211,0.6046431555931718
18,34011,0.003883121613742837,0.4373625516979556
18,34013,0.011350918569088672,0.421497192094455
18,34015,0.003773981615642876,0.4396066588409743
18,34017,0.018012315192278874,0.47257138296619794
18,01001,0.0011058934046940308,0.793676395578394
18,01003,0.0023231039774757123,0.4830545684536269
18,01005,0.0016091758829698394,1.011080727380851
18,01007,0.0004237635801938381,1.4735881610887966
18,01009,0.0014617568454018336,0.9542474179319024
18,01013,0.0014655811013473588,1.0260803200446498
18,01015,0.002341750953714607,0.41588903644899616
18,01017,0.0011231600332075624,1.1435081889135819
18,01019,0.001406898144228237,1.050480039494955
18,01021,0.0011627775052911935,0.8328779708278817
18,01023,0.0007204271936917134,1.6343354788152573
18,01025,0.0018738822820051552,1.0224603542823198
18,01027,0.000591251261597921,1.332097376181694
18,01029,0.0005753043377792473,1.3570083053816757
18,01031,0.0019354955796993148,0.7938963623252304
18,01033,0.001243566591398534,0.6624346143233305
18,01035,0.0009449662924094813,1.0231735841996672
18,01039,0.0021502499522860906,0.7770667650088349
18,01041,0.0014459378446158796,1.1816373070394044
18,01043,0.0019860140096382758,0.6162224015509863
18,01045,0.0015315484807612142,0.6747268505933643
18,01047,0.001834933745064332,0.6541128487257284
18,01049,0.001711602912417729,0.7048688260587448
18,01051,0.0013225769013408102,0.7540550245656078
18,01053,0.0011791211625807908,1.1365771466970687
18,01055,0.0021630820128500892,0.4062919975217047
18,01057,0.0007881590707121264,1.1558049231898155
18,01059,0.0012383944167273025,0.8864704195760178
18,01061,0.0011814971848721175,1.176831562026736
18,01065,0.0012641857919792829,1.19159346968074
18,01067,0.001004704795855254,1.1262706588817406
18,01069,0.0025737360960501627,0.4560469031060541
18,01071,0.0018310888200489246,0.7878854543156887
18,01073,0.004143987534362074,0.22209775339448348
18,01077,0.0016883924512387178,0.6594681399595859
18,01079,0.0013582396487395866,0.8050655347186993
18,01081,0.002887880800600878,0.6881419645522595
18,01083,0.001430929644697084,0.6543223560913674
18,01085,0.000771902886982786,1.3350795391511028
18,01087,0.00280847400180414,0.8668091483324106
18,01089,0.0038380731992807824,0.304180268622739
18,01091,0.0007373771780909606,1.1320026986959613
18,01093,0.0012895091083476387,1.0972746631988646
18,01095,0.00205420452525523,0.6717342763116936
18,01097,0.004257144997414432,0.2628862146009216
18,01099,0.001253982514479053,0.956720408433779
18,01101,0.0041652218735320655,0.2967772190018946
18,01103,0.0016870193943794552,0.5419695844014519
18,01107,0.000936092420426576,1.2405487935285142
18,01109,0.0010313223205968241,0.7172152568754939
18,01113,0.0008744966216272059,0.8057516907633356
18,01111,0.0010703200638507724,1.1832243748718672
18,01115,0.001474630718061245,0.762056551805738
18,01117,0.0028103607954993964,0.4660806821072
18,01119,0.00044909354674235204,1.5944574578296598
18,01121,0.0018023939596332771,0.6682022807107122
18,01123,0.001059399259659705,0.7987845247997988
18,01125,0.003399132441349746,0.37554637161814214
18,01127,0.002379656225989531,0.5413415140792543
18,01129,0.0009456936133987108,1.384613888133376
18,01131,0.0005088189877912788,1.5435977353472474
18,01133,0.001056305287160365,1.308404591649499
18,04001,0.0035246417835489703,1.3704840870435258
18,04003,0.0035046633529670778,0.5803565731645091
18,04005,0.002699911941890402,0.6864809911735127
18,04007,0.003271323956933946,0.9642268995257514
18,04009,0.0009817361814027734,0.892702414867367
18,04012,0.00323931630386761,1.1247068300614194
18,04013,0.027200495696201626,0.3525970932138545
18,04015,0.007778238952743958,0.6071523968419247
18,04017,0.003836675718612636,1.0628172090886363
18,04021,0.007508952537956895,0.8532301958985118
18,04023,0.0010661675699655993,0.9515501374645104
18,04025,0.008573214108521984,0.4935209122579039
18,04027,0.008175515883092116,0.7626515395699474
18,05001,0.0014824795008603205,1.225563556370937
18,05005,0.002514292991065684,0.8246819271144857
18,05003,0.0010049080923396345,0.9409220961540612
18,05007,0.0035663176682846818,0.3900527203855233
18,05009,0.0013178825831289544,1.088192847898697
18,05011,0.0011663011841660826,1.1747945536302564
18,05015,0.0005443541252611581,2.700760378424462
18,05017,0.0008487591063565826,2.194163321867333
18,05019,0.0008829082577856422,1.394069071933012
18,05021,0.0014471834560769302,1.7632601202124207
18,05023,0.0014061826754488962,1.005785266692081
18,05027,0.0007974863624335462,1.7778243880950593
18,05029,0.00094539941597097,1.1865461356931513
18,05031,0.002307741101339893,0.6017747646958739
18,05033,0.0012451310105244162,0.790718631704837
18,05037,0.0010091967430277493,1.1904065052765604
18,05035,0.0023394958164329625,0.5756867349581838
18,05041,0.0008015246747147027,1.5617026997659316
18,05043,0.0006842339510403115,1.38420018488731
18,05045,0.002172049722551339,0.6207567778260057
18,05053,0.0007909776256644052,2.4764107105492053
18,05051,0.0018519565484516089,0.5266630676800496
18,05055,0.0008140569395674436,0.8249910656998725
18,05057,0.0007431060910140103,1.3193134010025558
18,05059,0.0009085071951647981,1.017430458760972
18,05063,0.0011055238861050838,1.0230583279086354
18,05065,0.0007047721193312271,1.3019516601394368
18,05067,0.0008355251488659999,1.2430583381112084
18,05069,0.0024239026530726926,0.4874091853858601
18,05075,0.0010382464651814286,1.310814669226552
18,05071,0.0009815358866500205,1.0382929325059795
18,05077,0.0006135322797508762,1.64151934148309
18,05079,0.0005580281734353268,1.8690181120990292
18,05083,0.0013594729183363237,2.505159662621884
18,05081,0.0005582720732386137,1.6671245218950648
18,05085,0.0015532343645320852,0.7431105436966812
18,05087,0.0008139742175026416,1.3420498200163755
18,05089,0.0008040044434262943,1.396533987203048
18,05091,0.0010393580735373184,0.6920453323125476
18,05093,0.0013818091706688932,0.9845554196305879
18,05103,0.0008248834936366598,1.0097076453842164
18,05107,0.0007770551614295815,1.1881314435349117
18,05111,0.0009294197970662828,1.5168198147863254
18,05113,0.001007645098935436,0.9498380399536777
18,05115,0.001275496228678061,0.777645783306192
18,05121,0.0005270754476665021,1.5988287446516287
18,05119,0.004977191253485831,0.2289106774127565
18,05123,0.0007176975374382806,1.3491608605944885
18,05125,0.0023140093001570976,0.4930228961639046
18,05131,0.0015683088143099732,0.4787958648819357
18,05135,0.0006581683543411015,1.55499373586329
18,05133,0.0005338375646730531,1.8970276006024662
18,05139,0.0011962768087786521,0.8931888588711061
18,05141,0.0011441583481695318,1.2773022403674295
18,05143,0.0038447994895361238,0.7179581567585653
18,05145,0.0014535697316136376,0.7338028971287774
18,05149,0.0010266166009584438,1.1728828449291737
18,06001,0.018133166753675857,0.7319476194028653
18,06005,0.0018908329861769646,0.9124373584568023
18,06007,0.004292614032548561,0.8417287234684239
18,06009,0.002609623136627856,0.9455788210529807
18,06011,0.0006649363619486714,1.28076424658439
18,06013,0.010845957282964265,0.5098149862599007
18,06015,0.0008764200897206413,1.165344869728283
18,06017,0.004465483468389616,0.896452047000336
18,06019,0.014223626300492469,0.3026334963042229
18,06021,0.0007506185110564077,2.279549147918891
18,06023,0.003241692866355402,0.5475492397850752
18,06025,0.004492707932178717,0.641294351220493
18,06027,0.0013363666847958245,1.9841208617329846
18,06029,0.013277789953509592,0.3484254312174948
18,06031,0.0035033765840394872,0.8461461937738464
18,06033,0.002385768932879773,0.7367210615300028
18,06035,0.0013705376804515356,0.8622845498469961
18,06039,0.0030210571620236763,1.1500333784733936
18,06041,0.00923368431166886,0.43762514812459363
18,06043,0.0014629013038252045,1.0400416914838946
18,06045,0.0028102233815736097,0.9835466442337367
18,06047,0.0059965486077649096,0.4413730785856452
18,06049,0.0008668024669158909,1.6387171622559047
18,06053,0.00847473668705123,0.8761590324839719
18,06055,0.0037944853837922387,0.61477879071862
18,06057,0.003958776992939857,1.4003810657826612
18,06059,0.022345030037444914,0.40938014015862756
18,06061,0.008687023108373547,0.4139628315583655
18,06063,0.0017367665744005114,1.1421995120635258
18,06065,0.021845449814964227,0.6381128941339281
18,06067,0.012925866104516756,0.35364597298041356
18,06069,0.0014290762906817788,0.8262459890837007
18,06071,0.020233125910919695,0.33848600866523865
18,06073,0.019483037054922527,0.37062113437099686
18,06075,0.036398567247130864,0.6948191546381496
18,06077,0.007797158876996083,0.3842871544395472
18,06079,0.007496438026713057,0.5978609201824105
18,06081,0.011537293239541715,0.4588508384596713
18,06083,0.007074926732024041,1.004142749558267
18,06085,0.023320125095115496,0.47342847516497255
18,06087,0.0061147609989789095,1.1089597050145972
18,06089,0.0047156962170479075,0.48073598077012647
18,06093,0.0031954270366407337,0.8653379763180212
18,06095,0.005579879979246264,0.39808516758137397
18,06097,0.008244476688783113,0.4287824769572392
18,06099,0.0066164778707833,0.393404669363969
18,06101,0.0021079672560624214,0.5512100816535125
18,06103,0.0014673109326858364,1.0364096022787095
18,06105,0.0012620986327797543,1.6283899858423705
18,06107,0.009707226120042206,0.4237801156428008
18,06109,0.0021185207216532324,0.8668799990449638
18,06111,0.008834850302859049,0.552986803437981
18,06113,0.004181263094531009,0.9087546240799966
18,06115,0.001646954178935756,0.8260328413591297
18,08001,0.007396937468719488,0.35168676028804496
18,08003,0.0003535842563237329,1.936608760748739
18,08005,0.009400888098995554,0.4407346857969213
18,08007,0.0007979308800163136,1.6684628071570775
18,08013,0.007238872568803735,0.6361064207228821
18,08014,0.002459091002581113,0.6577195999700585
18,08015,0.001265262110749298,1.9416805694696697
18,08029,0.001406308851638398,1.076379411384657
18,08031,0.017275595602354237,0.4773290951385604
18,08035,0.008853430277780764,0.4393784860578544
18,08039,0.0016120365895119183,0.8937633040719053
18,08037,0.0018687554251783838,0.7552873001581284
18,08041,0.008752520819688784,0.37098316077228866
18,08043,0.002002441241088865,0.8208102377763953
18,08045,0.001383206270139434,1.2971972085922416
18,08051,0.0003368830028106481,1.5148526989393278
18,08059,0.00955696744620434,0.35785754127794994
18,08067,0.001021991537511199,1.0294665662308746
18,08069,0.006671890636168936,0.5049354369671675
18,08071,0.0014395951308185761,1.3983252340537273
18,08075,0.0006677568704501122,1.03878992448955
18,08077,0.0026799516754479526,0.5111118565653974
18,08081,0.0004458571516090382,2.173918487996012
18,08083,0.0010182144461519647,1.6093041169745543
18,08085,0.0012316942214869724,0.8718314759965112
18,08087,0.0006782129189562605,1.4386379344274904
18,08089,0.0014459744169447318,1.2364815792766064
18,08093,0.0010199223557258268,1.470299034579361
18,08097,0.0003928692489900636,1.7023118662812948
18,08099,0.0010839904801300424,2.2192562662002397
18,08101,0.0030544206686257034,0.3392246770352715
18,08107,0.0012909777749554672,0.9897309883902242
18,08113,0.0010109658491355442,1.785149491898358
18,08119,0.0012509286987473095,1.4351382607636074
18,08117,0.001647189522057463,1.3233752182766378
18,08123,0.005147211605654826,0.5968250561971588
18,09001,0.010178074862091404,0.44011869705077655
18,09003,0.006513327158523051,0.3693469925630115
18,09005,0.0064854683196204485,0.4009664174331128
18,09007,0.004081649706105866,0.6730065137807769
18,09009,0.005835302131562603,0.40133837498834624
18,09011,0.004201319666781593,0.38209483117838416
18,09015,0.002003765753224622,0.9194058698356292
18,09013,0.002992499570609054,0.6537556799902244
18,10001,0.0016356778440640301,0.49923955154237926
18,10003,0.0036374660195933935,0.39707696846049245
18,10005,0.0097640926082313,1.0515506063279592
18,11001,0.02841841175519604,0.5977182717410638
18,12001,0.007910362497459236,0.4265363474274939
18,12003,0.0006979505103964992,1.379376907646255
18,12005,0.0029153662948778144,0.47881713195712267
18,12007,0.000698073019971263,1.4908148389840963
18,12009,0.011528804169637405,0.24229709986880785
18,12011,0.01694647742255232,0.2657294503982603
18,12015,0.0143333672091931,0.49113475960550995
18,12017,0.008335641931274701,0.4615886647587423
18,12019,0.0023015787147304357,0.4844592343249729
18,12021,0.01872950352748054,0.6059415877350014
18,12023,0.001353470095706997,0.8043476457547264
18,12027,0.0012428601057872526,1.0889540770296684
18,12031,0.00527385726454926,0.2191977605692463
18,12033,0.0034413882425979726,0.2433921104412075
18,12035,0.004708479105215661,0.6044337447503807
18,12037,0.0005961123973795388,2.4655579562089383
18,12041,0.0006224677074711209,1.3344696345697322
18,12039,0.0013116137847746887,0.956058770468867
18,12049,0.0009458577037311895,1.2676325933201826
18,12051,0.0006079914351089588,1.6545747923888643
18,12053,0.00692988599480195,0.5722234644760645
18,12055,0.006871755864732286,0.5062368517031729
