src_state,tar_geoid,mi_shift,moran_shift
21,34019,0.006106231995412651,0.6007125914902173
21,34021,0.006333781860247973,0.4252117623355895
21,34023,0.011830515186205759,0.437250724749411
21,34025,0.010396051255899139,0.3403419826284021
21,34027,0.014620438488876113,0.44186749549468324
21,34029,0.01935384867478213,0.5446899770217514
21,34031,0.010539211825630493,0.5391776692076384
21,34033,0.0027583278148584738,0.9843418710769444
21,34035,0.009569225018671173,0.41596360308604924
21,34037,0.005876716999474594,0.5273628786311707
21,34039,0.009952171431281546,0.4517953592374332
21,34041,0.0033723605399350828,0.6933176886354958
21,35001,0.009541586860710044,0.49391870918092884
21,35005,0.0016385005145924305,0.6729393901980089
21,35006,0.0013164924596891353,1.7834351750638253
21,35009,0.0012468762613469728,0.7426131586147803
21,35013,0.0049368798985158545,0.6750697414124802
21,35015,0.0016194758746534079,1.1012696865068954
21,35017,0.0017039400861846828,1.3422858686864811
21,35025,0.0034965092411377166,0.7558870697470137
21,35027,0.0010428351864614945,2.4100054045975083
21,35029,0.0008630945445888505,1.124852471877809
21,35028,0.000985601926113798,1.9528608514682235
21,35031,0.005154511184813679,0.8026922546126612
21,35035,0.0014230016939944861,0.6064611262867414
21,35039,0.0019136282680527166,0.9304208049733008
21,35041,0.0009202620875085419,1.808512341096518
21,35043,0.0023436685858862142,0.5857810622680071
21,35047,0.0016938064325573636,1.1098398191411143
21,35045,0.0036717588951773613,0.6162058047373191
21,35049,0.00925276855775183,0.6140350750737713
21,35051,0.001611285722431174,2.2989166251025073
21,35053,0.0012809396770143708,1.4268280965100488
21,35057,0.0005817682882487509,1.4605173489929022
21,35055,0.0014124457514820242,1.2769248996849647
21,35061,0.0025751518757849805,0.6420232667467323
21,36001,0.007954499704822508,0.45131744806752416
21,36003,0.002529092229205677,0.6495378752461691
21,36005,0.03608510935630837,0.41315057390852494
21,36007,0.0038383483586188092,0.4046883461444568
21,36009,0.0026632027969457034,0.6842678941448395
21,36011,0.003199815256425899,0.8158869857595322
21,36015,0.0019374717658956545,0.5721735866493374
21,36013,0.0039111548138902295,0.7053518473344365
21,36017,0.002608315805179929,1.4002285338851341
21,36019,0.0021298600120922373,0.9539124655333802
21,36021,0.004280463955926206,0.946856861828416
21,36023,0.0014187010733888292,0.9149100253306574
21,36025,0.003101966570729866,1.2903117141318405
21,36027,0.006593462986858419,0.5037685587509335
21,36029,0.009040100445923464,0.33768128485890037
21,36033,0.0018131209476942053,0.9467887405305446
21,36031,0.002856254908522492,0.8036676749883003
21,36035,0.0019465096229885394,0.7667544977143879
21,36037,0.002355671995613984,0.742528799034836
21,36039,0.0025781474954871156,1.0004345219580495
21,36041,0.0020405726774501247,1.5203521889194485
21,36043,0.0029436081897094607,0.6710996583486891
21,36045,0.0032010483428276384,0.6699418015487578
21,36047,0.041740617648355446,0.5105723425450942
21,36049,0.0017065553966306797,1.0275356818710015
21,36051,0.001340546798209944,1.0146336001467555
21,36055,0.008930260300513044,0.3567278717967305
21,36057,0.0019673426844352944,0.8721055068028566
21,36059,0.02663421008266852,0.3689439068386424
21,36061,0.06794359513096891,0.5700791593267365
21,36063,0.00348762263883137,0.567058723005216
21,36067,0.007965020152267136,0.4462106431458893
21,36069,0.00249213463137321,0.6971640846551749
21,36071,0.0081392663711,0.7655678693475414
21,36073,0.0014811539791785987,1.63626929455087
21,36075,0.0025530850498536282,0.7255488711780821
21,36077,0.0025116506292393527,1.4653586096471911
21,36079,0.004202026507755098,0.6319441503634728
21,36081,0.03396065744443976,0.4414702676129411
21,36083,0.0032124034055605807,0.7627597941566547
21,36085,0.009627169338417417,0.4280113184187224
21,36087,0.008262633016204658,0.7721846947044598
21,36089,0.0027427202532123865,0.8513573335902134
21,36091,0.004505679389693965,0.5246203973800916
21,36093,0.003910494829321425,0.4420840538321657
21,36095,0.0013946083829974353,1.1768890272305068
21,36097,0.0011167297055658385,0.8935896799221416
21,36099,0.0018521222787316147,0.9291517166770267
21,36101,0.003699027642954479,0.8447565466952252
21,36103,0.019920276480080316,0.4480127367858765
21,36105,0.0024734300651865827,0.6242675005342122
21,36107,0.002002614031589653,0.8818600670722891
21,36109,0.005165129536601333,0.7283468459275688
21,36111,0.005119849187596954,0.5369802854660017
21,36113,0.0033961394813193583,0.9448177769222958
21,36115,0.002546383135016419,0.953383878496602
21,36117,0.0027141898942750612,0.7315928264083749
21,36119,0.01276724966977283,0.3522815785261551
21,36121,0.0019736165899375945,0.770031174842745
21,36123,0.001555127557477079,1.1726327718998608
21,37001,0.0026205303459507032,0.5465854037910625
21,37003,0.00136009882129659,0.9544250313713288
21,37007,0.0009595646341113679,0.8086470697516687
21,37009,0.0013954491454616425,1.2360729412820695
21,37011,0.0013985240021590658,1.0315163762811728
21,37013,0.0018522251927297474,0.8020349229141486
21,37015,0.0008164487096222157,1.4807660146205102
21,37017,0.0014862559566688014,1.0522866593687163
21,37019,0.008976840408321106,0.8026658508596609
21,37021,0.005127027455412614,0.4078028977045854
21,37023,0.0026692601062125536,0.6627073063258475
21,37025,0.0030786240937386937,0.5006531370669418
21,37027,0.0024910557518717296,0.5023728380954199
21,37031,0.009387920519899815,0.5314646245903241
21,37033,0.0010448137344580926,0.8948426932648144
21,37035,0.0031914339803582824,0.5630729452109758
21,37037,0.0022250563137954133,1.2557862508730415
21,37039,0.0021309303888807215,1.1379367283310555
21,37047,0.0019971272995505654,0.5821761288718311
21,37045,0.0029496968149005324,0.5787131260185434
21,37049,0.002256513846682453,0.8907825091943844
21,37051,0.009963115469347443,0.7543307164163424
21,37053,0.0008014094009859613,1.0185787365410912
21,37055,0.001986758889418371,1.499446155883548
21,37059,0.0013542499417941295,0.9261228000137748
21,37057,0.003440663426853792,0.57439470059044
21,37061,0.0017603655689421686,0.7132684518564757
21,37063,0.007966439764393199,0.325138425057057
21,37065,0.0022224638907820103,0.939676650729469
21,37069,0.0012787963582447843,0.7204304600323943
21,37067,0.00454388988437273,0.3660897095094773
21,37071,0.0053713925104822095,0.4666606750947789
21,37077,0.0014722861973450816,0.8176961751276436
21,37079,0.00075650711249841,1.2367120167713443
21,37081,0.005141516804598639,0.26878924717813946
21,37083,0.002626733485622084,0.9831115748984384
21,37085,0.0031428431149555375,1.011368751768715
21,37087,0.0028514424861465796,0.5957718892855765
21,37089,0.004478583094453487,0.5760337651417475
21,37091,0.0009029698690155646,1.0529019612546666
21,37093,0.0013511721781138339,0.7755441466521988
21,37097,0.003241072495741756,0.528677738567559
21,37099,0.0011150229335623646,0.8965066172668936
21,37101,0.006321935097725746,0.6486637715814307
21,37105,0.001169998971022622,0.7102073565079227
21,37107,0.0016257190145013505,0.7939257446366544
21,37109,0.002245738065800576,0.8780758650363197
21,37111,0.002128625175219965,0.8423335827561522
21,37113,0.0029951737446758083,0.8952003448059062
21,37115,0.0012778159193473093,1.1945957190267578
21,37117,0.0012940107016067893,1.1223449134760841
21,37119,0.01917901297452101,0.2478696064493381
21,37123,0.0007842412793652211,1.204564696832431
21,37121,0.0008721568274521019,1.8991892478411294
21,37125,0.0031839823862515448,0.7500334577375521
21,37127,0.002325140920745387,0.6629356350261401
21,37129,0.003987629697892738,0.4377886209131235
21,37131,0.0013356485223527863,1.565295259745359
21,37133,0.010279647082146291,0.5543769035474709
21,37137,0.000995579786250835,1.5609450660475386
21,37135,0.004816069348339272,0.736526391927526
21,37139,0.0008157453929838656,0.8213632231882236
21,37141,0.0011748598984935316,0.933814747509813
21,37145,0.0011225252082881023,1.1070991223673274
21,37147,0.0031838736298452435,0.42524192467796973
21,37149,0.002289233692264027,1.185708463687364
21,37151,0.0034677321240332137,0.5631057845420124
21,37155,0.004278880937513959,0.5403945370451068
21,37153,0.002006527680285916,0.6739929244544474
21,37157,0.0026599200911415675,0.6055175372159646
21,37159,0.00246662185165259,0.5514724120527998
21,37161,0.001802131434165347,0.7477555091867618
21,37163,0.00280481349941845,0.7540108390414572
21,37165,0.0015832131134988457,0.9119740154881146
21,37167,0.002482607109118643,0.6294042090049881
21,37169,0.0016684849559124948,0.9496497449831569
21,37171,0.0029542791082455802,0.6247737396810645
21,37175,0.0018470318897141381,0.9329144853605755
21,37173,0.0002725806191371722,0.9345937590470044
21,37179,0.006360692992608493,0.5596141008101311
21,37181,0.001154758489600984,0.6799574648276376
21,37183,0.02080567538534268,0.3335403656425566
21,37185,0.0014180462776997832,1.5265907573634496
21,37189,0.0022975954914012586,0.739090283812879
21,37191,0.002280635914635191,0.5107781778988905
21,37193,0.0025240877311438472,0.7219181386970386
21,37195,0.0017012907192271158,0.6653722800716323
21,37199,0.001345152748216829,1.3978056511469554
21,37197,0.0016378737718810116,0.9467624952832658
21,38003,0.0006024696341533913,2.073183563865266
21,38005,0.001310198665972868,1.2879074712839726
21,38015,0.002750026136569068,0.551181907224729
21,38017,0.0039834321580560755,0.5097586240103241
21,38035,0.0023410758328055417,0.6798712443403547
21,38053,0.000850696037804168,1.9073664401126398
21,38059,0.0010016915748999637,1.6426070596286972
21,38067,0.003089906942202531,0.9652536232397815
21,38077,0.0016304482583430456,1.9229465206262517
21,38079,0.0007823602848272057,1.3177943897490547
21,38089,0.001179305081536281,0.9166909636859318
21,38097,0.0010707414288750527,1.6469236841009451
21,38093,0.0009263779039560884,1.27776330282703
21,38099,0.0021596526142446722,2.009851549423692
21,38101,0.0016793086862396996,0.6842559630511017
21,39001,0.0015107955052793072,1.0319171353721632
21,38105,0.0008048087766700649,1.264104049966803
21,39003,0.0034515236112394846,0.5115016953457802
21,39005,0.0018040990811297375,0.6407028067897947
21,39007,0.003253689663190693,0.824487974612384
21,39011,0.002125501358215849,1.2742536097308261
21,39009,0.002917320657202353,1.145770752507883
21,39013,0.002169234636249615,0.7189363494208855
21,39015,0.0020083564333520255,1.006976467859354
21,39017,0.004610267251053377,0.7666553115254565
21,39019,0.00163451450774099,0.9011045069692741
21,39021,0.0013292427304073887,0.9477836385875136
21,39023,0.0036721438344609076,0.5544407346165183
21,39025,0.003815386733469608,0.5439684820540814
21,39029,0.003034636820268067,0.8981733274218875
21,39027,0.001418852535260271,1.1292737032024276
21,39031,0.001658202946450039,0.7949927989346134
21,39033,0.0021353653508839987,0.882752937785525
21,39035,0.01731644038889427,0.36820404129350714
21,39037,0.0022387306989329935,0.949410299084481
21,39039,0.0019060465229284898,1.0173125097916988
21,39041,0.007677577023011104,0.5387243904593042
21,39043,0.0018805373522148207,0.7937083374112343
21,39045,0.002553653926362907,0.741030000793647
21,39047,0.0017680752468121285,0.9507671308900811
21,39049,0.016111876074204005,0.2567825693177723
21,39051,0.002145484075274572,0.8693890374065665
21,39053,0.0011951350178359924,0.9284942373022717
21,39055,0.0037891813674365026,0.7532880086712757
21,39057,0.0033565390334397136,0.4935901633636085
21,39059,0.002154423589197143,0.8729943385050958
21,39061,0.011663522176689242,0.4104615216179516
21,39065,0.0013303087063184819,1.254322482988045
21,39063,0.0033065755285268763,0.6217429558764642
21,39067,0.0012807185752784975,1.790623154291932
21,39069,0.0016397762193527932,1.046132474325834
21,39071,0.0019615974171238635,0.7445365014148921
21,39075,0.0029737294826654706,1.146039054267193
21,39073,0.0019053355352518602,0.9820826308712188
21,39077,0.0024892651608308843,0.8666210697078256
21,39079,0.0016190921716169706,0.9505403803962408
21,39081,0.0033033249396014464,0.7412993126478995
21,39083,0.001442011040819521,0.7396229821878746
21,39085,0.004900871558628385,0.4612111044103533
21,39087,0.0018073770026798934,0.8325088300799892
21,39089,0.0035525372549004707,0.632278397652002
21,39091,0.0013722453342472534,1.2621690109261412
21,39093,0.004034291874886113,0.35251059044582395
21,39095,0.005590129760648688,0.38753557071104144
21,39097,0.001581693498428287,0.7709768407758859
21,39099,0.00722208707614643,0.44271955981720423
21,39101,0.001524725914664403,0.5823670383343713
21,39103,0.004338887668743826,0.6073099645072585
21,39105,0.0017121888187141172,0.96184691257349
21,39107,0.0014823801097214536,0.9191996450961569
21,39109,0.002555555724139963,0.6856566855207014
21,39111,0.0012993545471658883,1.5704754558202454
21,39113,0.005710289985888,0.3109210047372522
21,39115,0.0010290653693859246,1.0900846208014887
21,39117,0.0015324085129665144,1.225919300394494
21,39119,0.0031110101507820583,0.6451247203827456
21,39125,0.0014285254261468272,1.0385120688917633
21,39123,0.0039716419379450755,1.602900868220014
21,39127,0.0015577010977483124,1.0821446005189979
21,39129,0.0012378132376279537,1.0335612380086492
21,39131,0.0013815646288476814,1.1516899211582012
21,39133,0.003025796547276906,0.880323324285239
21,39135,0.0021738582139722348,0.985355497411306
21,39137,0.0025173347702408,0.8833550820179722
21,39139,0.0034449315782698305,0.5810703879207981
21,39141,0.0021050552918260392,0.6120241858983403
21,39143,0.0028123172863774473,0.7170117137379308
21,39145,0.0014786219403889712,0.7124746899143408
21,39147,0.0029285559369313344,0.9864000900442651
21,39149,0.0027340721089590863,0.895856858529478
21,39151,0.006095411239125315,0.4227184902805904
21,39153,0.0074043940698511135,0.337688858784273
21,39155,0.005126381492562729,0.4756206507133131
21,39157,0.0027415679855392456,0.5926793246784235
21,39159,0.0011509094466145148,0.8143110634650642
21,39161,0.0013497125218515488,0.8688972875348067
21,39165,0.005796285750431272,0.5756457754105974
21,39167,0.002268852228952288,0.7492799184435709
21,39169,0.002387869862603515,0.6346930334277073
21,39171,0.0022135774284294573,1.0605181632982617
21,39173,0.0034961092768913773,0.8864190514448524
21,39175,0.0014199757449093666,1.1597606493200194
21,40001,0.0016467662523369838,1.5511442254942842
21,40005,0.0006659763570846089,1.021269346721875
21,40009,0.0006339340602271957,1.789008663759598
21,40011,0.0019900782653209017,2.8559150787327776
21,40013,0.0012789335326888027,0.8967196637864637
21,40015,0.0016646804668037595,0.9287388020254917
21,40017,0.0028944911531643067,0.7547832206040214
21,40019,0.0020590977388426344,0.9930208924452516
21,40021,0.0020676843291825985,0.9036059203495328
21,40023,0.0016165577445244389,1.4422279264579365
21,40027,0.004698656561149234,0.3973542396512407
21,40031,0.004076972733416427,0.5404949905348896
21,40035,0.001173494453877573,1.4346835415330332
21,40037,0.003782394956886261,0.582860755071519
21,40039,0.0007486070641575982,1.6996126635689763
21,40041,0.0025033737525238698,1.088230045726006
21,40047,0.0017474577279413368,0.7491219935663839
21,40049,0.0020073891955983596,1.0191362786305103
21,40051,0.0011674277585273418,1.03441925343165
21,40061,0.00104371436878913,1.2214185038000283
21,40063,0.0017675166253975742,1.4771734315569278
21,40065,0.0010058443434103964,0.8132717595618226
21,40071,0.0017293512897954529,0.9908501806516294
21,40073,0.0009887329998143478,1.7753666227972777
21,40079,0.0026757220825335964,0.8202649323120214
21,40081,0.0021458249703025113,0.8426762881699877
21,40083,0.0008625445881608058,1.0263117171763716
21,40087,0.001411148697996398,1.0333607147260877
21,40091,0.0016235789134491907,1.7945338919427143
21,40089,0.001638108195820161,1.0181133849730102
21,40095,0.0007754868131473438,3.20054136971268
21,40097,0.0018360593899875441,1.69033474059593
21,40103,0.0007830927869514557,1.5862092830889274
21,40101,0.0019487025520254196,0.7207178484001727
21,40105,0.000835695503128097,3.0676568193855958
21,40107,0.0007950898240018967,1.520107405579617
21,40109,0.011744014811036919,0.42058681140282733
21,40111,0.0022194798103316077,0.815224265109073
21,40113,0.001856052865838099,0.8721087155869803
21,40115,0.002419344615282424,0.9726528502210247
21,40117,0.0014321798048412906,3.1249618885706534
21,40119,0.004102634479869568,1.0869816746992276
21,40121,0.0018350222927289407,0.7520008622725628
21,40123,0.001647450455549781,0.80630502400217
21,40125,0.0020468119923763794,0.6781374711145913
21,40131,0.0034471674970337524,0.6170968484934909
21,40133,0.0022855729331398454,1.0900790058166723
21,40135,0.001537772526179435,1.0889966010094614
21,40137,0.001757277688703344,0.7487434975614934
21,40139,0.0012247013920582512,2.154205767519577
21,40141,0.0018496000403786597,1.4803367330101107
21,40143,0.010900071904523231,0.364375591746933
21,40145,0.0026941134807014445,0.7911792816132567
21,40147,0.0019863784828266988,0.7918461156416939
21,40149,0.0008590147138662,1.6309708182729652
21,40153,0.0010175978190076998,1.267626445598902
21,41001,0.002255937538228775,1.419043801302828
21,41003,0.004212013653011259,0.7241683203156599
21,41005,0.009629555584365393,0.4284666823569221
21,41007,0.0027604603037717805,1.1688401904838435
21,41009,0.0019449527256730405,1.0881463055079845
21,41011,0.003304483404977427,0.9179261248015572
21,41013,0.0006728557460048132,1.5689719640059714
21,41015,0.002072132174301448,1.2065987308883384
21,41017,0.00629011045300112,0.6676218934822106
21,41019,0.005103432076644179,0.7396900398045044
21,41027,0.0007136062055125003,1.801626023106419
21,41029,0.0064994736358114785,0.7616480936864913
21,41031,0.0007118515746677565,1.4502633179876783
21,41033,0.004230087909485914,0.7966289631918441
21,41035,0.0022691666712585843,0.6895828637150777
21,41039,0.009868975742501068,0.6674198800465716
21,41041,0.005788907694481317,0.7302341405665473
21,41043,0.0032161035113374616,0.7665611236468493
21,41045,0.0008978482612656458,1.079854169467744
21,41047,0.006668346379318589,0.4504390187523016
21,41051,0.02590269124862064,0.6071316836393273
21,41053,0.0024723601357513926,1.0233495382226354
21,41057,0.0026172552443466915,0.9454682610207974
21,41059,0.002237178921037258,1.018128727484526
21,41061,0.0019952154717204217,0.9401684671790761
21,41065,0.0010943616322612582,1.0620780356430934
21,41067,0.0161137297746905,0.38878082570410566
21,42001,0.00299705085713092,0.8370890164664943
21,41071,0.0026216367540852986,0.8590558910449989
21,42003,0.02615894493265822,0.26311945813511034
21,42005,0.004558189623819539,0.6566623282666628
21,42007,0.006292758215833801,0.5484727948940566
21,42009,0.003385882028447808,1.1249335172450496
21,42011,0.006169184954350772,0.6617660594437154
21,42013,0.0036751555940600653,0.6688861545943815
21,42015,0.003483618597430042,1.1134696371506696
21,42017,0.013657613357194339,0.3904755220561265
21,42019,0.004508346016443463,0.9803983000526073
21,42021,0.005255941259304636,0.6811691632067708
21,42025,0.0036326699618234805,0.7887714305806974
21,42027,0.006604551530774165,1.10791310164687
21,42029,0.010093720229256985,0.39947003735561476
21,42031,0.0031985506810384887,0.7228632065151355
21,42035,0.0017278950789164798,1.0577557198335283
21,42033,0.004340807920515788,0.972771611693982
21,42037,0.002718008043983893,0.9611530058392038
21,42039,0.003645785497092573,0.7293388017622193
21,42041,0.004427183254457415,0.5018498483226532
21,42043,0.003354396267001385,0.4936821473119697
21,42045,0.008321176435366503,0.34661847294907894
21,42047,0.0020744304238738192,0.868893572940551
21,42049,0.00677641815147879,0.44357181354105185
21,42051,0.0048806952356377185,0.5170976551854876
21,42055,0.0033447549902112872,0.6138635214096513
21,42059,0.002164291146189886,0.8942182508098947
21,42061,0.0028547013851713795,0.7704064569814713
21,42063,0.0020836390327201677,1.452012330697457
21,42065,0.0034331318115226627,1.3258094943292142
21,42067,0.0013471499424991893,1.383120116346822
21,42069,0.00512297485033854,0.4438899404908177
21,42071,0.009164960528839102,0.4752784249185625
21,42073,0.0035655955735180074,0.6032827213387538
21,42075,0.002706100578839056,0.6709160350229263
21,42077,0.005426738719777578,0.6157302767880409
21,42081,0.002230359846612555,0.5576442089052825
21,42079,0.008226751441337266,0.4146814754432382
21,42083,0.0024199055993432113,1.119680765984684
21,42085,0.004054761113731363,0.707151229769361
21,42087,0.0022239307915931476,1.0334927432997656
21,42089,0.005017614320641975,0.5700216513283272
21,42091,0.014976717476959955,0.3457065926788713
21,42093,0.0007088522838613876,2.6224083190088296
21,42095,0.005796193102506177,0.4237566343733521
21,42099,0.0031377993304448227,0.9674747671849115
21,42097,0.0035875511999180344,1.174551553670321
21,42101,0.026260134755023926,0.4094422956370801
21,42103,0.00405283146356552,0.9041414747340394
21,42105,0.0019498044042982983,1.052524412972379
21,42107,0.007451729993885632,0.6068916530831379
21,42109,0.0013663872099418618,2.134617513023621
21,42111,0.004819046346083736,0.8358559862077486
21,42115,0.0037932953516333903,0.7186673220973542
21,42117,0.003372416981476886,0.8278857307496597
21,42119,0.0009502323174823597,0.9603198037744013
21,42121,0.003753264082994363,0.8386436977011009
21,42123,0.0036198966149714627,0.8920177173744411
21,42125,0.00676569207570763,0.45970828910227374
21,42127,0.0028596609071153693,0.6559910780286168
21,42129,0.011899734123879211,0.39835783399154656
21,42131,0.0026258125641402934,0.9219960324396063
21,42133,0.006299721716014407,0.5800352785566284
21,44001,0.002304486935607052,1.0406176642429836
21,44003,0.004878030732671217,0.5371952836745422
21,44005,0.0027332736019478983,0.6549285552838501
21,44007,0.009806933623399735,0.33637925411113356
21,44009,0.004155065193275584,0.5973960707213868
21,45001,0.0013586961877074483,1.1880192164927805
21,45003,0.0018872644077063089,0.5127078249748789
21,45007,0.0041124374851977345,0.5328001113752463
21,45009,0.0004729666374288133,1.34355729512696
21,45011,0.0007695181813038303,0.9524641942246636
21,45013,0.009464270823901062,0.5790830266661929
21,45015,0.0029764527248484864,0.5135881089356401
21,45019,0.007992164747696831,0.3263499562658784
21,45021,0.0016768938487025378,0.608058114263363
21,45023,0.0017932922297024642,0.8863780830427735
21,45027,0.0015798436071506466,0.8895550276111299
21,45025,0.0012739938737254875,0.8674298344202631
21,45029,0.001066910917598916,0.7933827210091999
21,45031,0.0016610061888976504,0.7250860229058285
21,45033,0.0011167213571959787,0.9238084681189009
21,45035,0.0035342612342360944,0.6520054413976739
21,45037,0.0012437373372969508,1.070977568398915
21,45039,0.0011116830590856134,1.088711358058226
21,45043,0.0019754947505381073,0.8767343886445955
21,45041,0.0017982808295706873,0.46321645537697886
21,45045,0.00843474591093231,0.44863851948526956
21,45049,0.0007671730818693994,1.2643077276323438
21,45047,0.0015780009896821424,0.6950566478111865
21,45053,0.0003938901742404374,1.251400805817958
21,45051,0.00830066813166806,0.47847533056540287
21,45055,0.0014962248531713547,0.5460106176075308
21,45057,0.001565791415641566,0.7396730612054954
21,45059,0.0018337080787380272,0.6036705612525225
21,45061,0.0008495302687422583,0.8765279702450037
21,45063,0.004030914460878644,0.32010501168252226
21,45067,0.0016027962716604182,0.7868377913423003
21,45069,0.0017387496947826441,0.791725985197163
21,45073,0.002221481558425985,0.6536172726774782
21,45071,0.0013825061390619542,0.8551732200897044
21,45075,0.002541123025484838,0.6952730542907464
21,45077,0.0018866888431501424,0.7185897591192943
21,45079,0.00963196407784193,0.38622795298839796
21,45081,0.0005819796575538113,1.037479396694767
21,45083,0.003942403503042257,0.477779620117998
21,45085,0.0021486779203496323,0.5507025605453144
21,45087,0.0018251856379885353,0.794290538767459
21,45089,0.0018463374771143944,0.7116912103667561
21,45091,0.003346117316704775,0.3884144185117399
21,46005,0.001269019953979301,0.8697815023601195
21,46011,0.0012727475655908234,1.3620091897396571
21,46013,0.0017619904465855586,1.1487247062658168
21,46029,0.0013036861849569958,1.0826945640649221
21,46035,0.0004887793980311075,1.7671988142069528
21,46065,0.0004880543908424753,1.825528724794203
21,46081,0.0009911312938419626,1.27249502157
21,46083,0.0016891885666895385,0.7267188538008142
21,46093,0.0007845829910731736,1.290700020443829
21,46099,0.00427283622293152,0.45467011532165275
21,46103,0.0029226342217292343,0.5974931508116081
21,46109,0.0011244648504476404,1.21023639023406
21,46135,0.0006343393017167973,1.3906209442735329
21,47001,0.001588572219091019,0.6949734649438455
21,47005,0.0014305981868706792,1.2615481439980463
21,47003,0.0012947127454676997,0.7152321025554582
21,47009,0.0018712528992311905,0.4554158753592157
21,47011,0.002442606619487961,0.5939207504218954
21,47013,0.0018698859235825207,0.773192151380026
21,47017,0.001297002731037194,0.9276950974415766
21,47019,0.0022404046464009893,0.6147632373275093
21,47021,0.0013585572119668439,1.0042236372073232
21,47025,0.001428318535933986,0.9581838784448714
21,47029,0.0014498784860177162,0.8082375228370992
21,47031,0.0013122747347877799,0.7021063852102589
21,47035,0.0029731736324778908,0.6151816907776487
21,47033,0.0010065359208049354,1.089660993800748
21,47037,0.01031792855937376,0.31385422551601383
21,47039,0.0011772439416265965,1.4385741148396445
21,47043,0.0017658765838534562,0.749705229831142
21,47041,0.0006764442204548138,1.065367534211628
21,47045,0.0009287341639346663,0.8425139682399121
21,47047,0.0020539575343907963,0.7310277052694314
21,47051,0.001398387661395286,0.7709145930513435
21,47049,0.001024595976559091,1.5737986090361633
21,47053,0.001145626397801737,0.6850614472971269
21,47055,0.0018218259360518615,0.910266529098662
21,47057,0.0012776531673168341,1.9089114632161375
21,47059,0.0025634059510806642,0.6746689105220717
21,47061,0.0008053944751634459,1.5538167160391025
21,47063,0.0015873907659809845,0.6652730142221749
21,47065,0.003531748296358529,0.4401227824360493
21,47069,0.0011691168546934213,0.857496050092823
21,47071,0.001275939340507453,1.0874739918078762
21,47073,0.0023803640607568503,0.9288849160025181
21,47075,0.0010344387937008194,0.9582647076581682
21,47079,0.0017450901212205778,1.0331861239488114
21,47077,0.00132182270197409,0.8950756603934154
21,47081,0.0010752920357205947,0.8744218218742033
21,47085,0.0007970897463990064,1.103725865336094
21,47087,0.0007675457870477527,1.1523916656403173
21,47089,0.002161473115711506,0.8616736374995069
21,47091,0.0005977760237769492,1.2292476142207538
21,47093,0.0042785601804530326,0.37139766186614914
21,47097,0.0016170521048975322,0.8169901819147103
21,47099,0.001946200182791556,0.6832351593373475
21,47103,0.0014692177179982866,0.7153981096662552
21,47105,0.0012267241348141282,0.7395332094352232
21,47107,0.0019390725245130688,0.7936170625052864
21,47109,0.0014936584281298093,0.8995308359078613
21,47111,0.0005277464780625228,0.9308989124682325
21,47113,0.002035766329697398,0.6155743389354645
21,47117,0.0011265015883817101,1.2624079838538504
21,47115,0.0019115611695322103,0.9866441437752891
21,47119,0.0018526277160479273,0.554843307417935
21,47123,0.002607421518996076,1.2873168832326507
21,47125,0.006361204871068851,0.5828244566571739
21,47129,0.0012302909490763683,1.2215672117739145
21,47131,0.0018341743467894362,0.8061403610235599
21,47133,0.0015209494277020777,0.8815895439371138
21,47139,0.0010423521791535796,1.1843571259732142
21,47141,0.001770547910266489,0.7318305640522004
21,47145,0.0014823526610368992,0.879962064269596
21,47143,0.0010906685205555732,1.5495770219688347
21,47147,0.0021223347651536306,0.7405796843367243
21,47149,0.006044524841254951,0.48909036038552883
21,47151,0.001189837084099146,1.0401481511197688
21,47155,0.0016726284335948013,0.5856713500357538
21,47157,0.011482917126272288,0.40442095238157355
21,47159,0.0010060278024924241,1.0600047451245447
21,47163,0.005449946210581388,0.6198050950593352
21,47165,0.003539987814365065,0.5015817287092342
21,47167,0.0018022729652813815,0.8257190112972355
21,47171,0.001004179793997884,2.2074230108397632
21,47173,0.0007485376678766984,1.1529180210294097
21,47177,0.0014833889411350963,0.6689396990426256
21,47179,0.0023168976220873344,0.5703860567011917
21,47181,0.0007361715852344572,1.482928919171202
21,47183,0.001117576863035476,1.4655985986490399
21,47185,0.0015314254682375328,0.9828860361645096
21,47187,0.007751037840481361,0.5142971899506543
21,47189,0.0024415861683083416,0.7062260605527638
21,48001,0.0013320205972206498,0.82742007512444
21,48003,0.0007225668859913841,2.799237755396904
21,48005,0.0027048634872046807,0.6445363912965999
21,48007,0.0011836055809458926,1.3481110726044496
21,48013,0.0013407130823141094,0.868751008094737
21,48015,0.0009069119456305481,1.2379852722516236
21,48019,0.0013308478738320547,1.3072255414653289
21,48021,0.0029879140138483955,1.0705799309507884
21,48025,0.0009874144514257206,1.2799791892984191
21,48027,0.009201326046384184,0.9434761214431314
21,48029,0.01883349951884773,0.3647884831568292
21,48035,0.0017499410520322974,1.5600384186889922
21,48037,0.001866017553392132,0.8199286990525894
21,48039,0.005840813319124615,0.6604499620043695
21,48041,0.009620718018499883,0.5450136248016222
21,48049,0.0014781890964739276,0.873261368030549
21,48051,0.0009210094882994528,1.3233951776950383
21,48053,0.0017947362035142364,1.0891092434229634
21,48055,0.0012009950631310974,0.9036707016146792
21,48057,0.0007233152062989546,1.349289373484624
21,48061,0.014800415989330611,0.39609873277109486
21,48071,0.000735782124117819,1.2767374786806875
21,48067,0.001210746371399679,1.5346739309301318
21,48073,0.0012866924639596893,1.0687121357708773
21,48085,0.024581463006450668,0.4437525697747412
21,48089,0.0008815109349583441,1.0118792880365275
21,48091,0.0030150849313321706,0.9244178501393387
21,48093,0.0008448852311629976,1.81924711533135
21,48097,0.0012923099060061709,1.0989998267944496
21,48099,0.003553173734653111,1.1122595559425392
21,48113,0.029105715022921703,0.3749462013240411
21,48115,0.0005413090567853224,2.143773744585146
21,48117,0.0008654537659931607,1.6797967597380454
21,48121,0.020464271098846566,0.6470344799342261
21,48123,0.0015170615002629306,0.9692521648088536
21,48133,0.0009762646167140172,1.0379278602258077
21,48139,0.003543074999743926,0.6146636319155401
21,48135,0.006078500015964915,0.5913126771888231
21,48141,0.01774633184935763,0.4684508264138391
21,48143,0.0008948260614653366,0.8705161179539668
21,48145,0.0012456357416725386,1.7724648632481594
21,48147,0.0018647587163985574,1.014109768877909
21,48149,0.0018524898285528812,0.9978306706699197
21,48157,0.016686742162578816,0.34985872845436683
21,48161,0.0010611585022903944,1.4214510013817026
21,48167,0.004624162175761738,0.6388080263130255
21,48171,0.001639088331714769,1.2138033673296256
21,48179,0.0011365260047128038,0.9946250562719849
21,48177,0.0012880230907646615,1.6191307720250265
21,48181,0.0018700620780558435,0.5889777690109745
21,48183,0.0028814548561488696,0.6896653268882693
21,48185,0.0006485782468055905,1.5204123438601207
21,48187,0.002643947234825359,0.8824647078167509
21,48189,0.0016468074342937725,0.9100080997570713
21,48199,0.0015443577968737845,0.8459213615588619
21,48201,0.03400494830530242,0.3243489963127644
21,48203,0.001785549997979106,0.761572305528545
21,48209,0.005631675307301947,1.0166428338413567
21,48213,0.002508563751347019,1.0463344234421157
21,48215,0.03132333038363934,0.35235580547050105
21,48217,0.0018585508580518933,1.2373024367885417
21,48219,0.001368041595474467,1.1850716368591525
21,48221,0.001564832042735151,0.6543616670774975
21,48223,0.00200656654113061,0.8027205986379562
21,48225,0.0009529487685539064,1.3651382707427813
21,48227,0.001391336225506799,0.6927062863040726
21,48231,0.0022047425280400843,0.9303918873269851
21,48233,0.0009089473804158634,1.1211561403129742
21,48241,0.0011630479555115344,2.0174890702848645
21,48245,0.004753826319536703,0.41251326985083214
21,48249,0.0016739790628631835,1.0497213737515692
21,48251,0.004003477514082336,0.5932568482625244
21,48253,0.0013257323922688787,1.8444827126811303
21,48255,0.0007932879337913894,1.1874548179703917
21,48257,0.002942138084995885,0.82145676258444
21,48259,0.0012498848293930611,1.1246050203981932
21,48265,0.0024867713279379746,0.826782746913318
21,48273,0.001579100465379352,1.2434724916908544
21,48279,0.0011850798266552275,1.4757653230821204
21,48277,0.0013968191358258082,0.6763528747099745
21,48281,0.0005927691228120746,1.4188662450244247
21,48285,0.001845470856197578,1.0810858555299876
21,48287,0.0006920448549028137,3.2653051399969977
21,48291,0.001946147331328996,0.6483894294076372
21,48293,0.0017831194194264258,1.3277000414147528
21,48297,0.0006359024603312946,1.5860304209848575
21,48299,0.0028294479185017964,1.2927772910344137
21,48303,0.0070869414666909275,0.33978507829281374
21,48309,0.004258848088296223,0.37003745457336734
21,48313,0.00044510311812246995,2.26355437551686
21,48315,0.0010865927397128408,1.8224273986898678
21,48321,0.0010023945876148903,0.8877720510229752
21,48323,0.0026206469028364045,0.9560223933657155
21,48325,0.0014344357764245425,0.9170300361899187
21,48329,0.004447909651818971,0.6119787458816597
21,48331,0.0016701609881286136,1.0089800442245114
21,48337,0.0012724056843910457,3.308564773759847
21,48339,0.01195379049580615,0.4799415303367012
21,48341,0.0008550341378956521,2.0183622895123086
21,48347,0.001214397509645242,0.734732053479065
21,48349,0.0015984407030680972,1.074593607326762
21,48351,0.0006940443136624599,1.891691848253611
21,48353,0.0008730944806481533,1.3646328965304866
21,48355,0.004865339751904976,0.41222110159070763
21,48361,0.0022496525441800664,0.5906624348189012
21,48363,0.0013287936916965965,1.11268507054282
21,48365,0.0010846868335245053,1.849437034877672
21,48367,0.0035322345410377085,0.6751632802570414
21,48371,0.000990075242715621,2.9932933858722404
21,48373,0.001814548367307809,0.9140953601087568
21,48375,0.0034732938177590407,0.5602207990836192
21,48381,0.00247283498677447,0.5294385328480865
21,48387,0.0007888653543783934,1.1390726210286801
21,48389,0.0010964575415337117,1.802559693170496
21,48395,0.0007426454995431632,1.068564144507884
21,48397,0.003555608240466861,0.777504985149964
21,48399,0.000926945518706171,3.3108444428929986
21,48401,0.001777070044312699,0.6920396690911546
21,48407,0.00040401572750574534,1.0710786170920912
21,48409,0.00250082760786374,0.9468463749252765
21,48415,0.0004602160082382224,1.2405917616185504
21,48419,0.0011800263784923467,1.0971617071999598
21,48423,0.0037720255783468826,0.5591118879031949
21,48427,0.005091483405612832,0.9682405461448242
21,48439,0.01972574409767526,0.2681861627582743
21,48441,0.0032871294318620433,0.48607057906952045
21,48449,0.001442070800127754,0.8423595118190833
21,48451,0.0021945616910840535,0.534838731325478
21,48453,0.027720507053694384,0.2797285492545605
21,48455,0.0014738274195201058,1.633662198539867
21,48457,0.0010170277515343393,2.2905656732919284
21,48459,0.0016211732760635057,1.0034468231022853
21,48463,0.0011078920539247718,1.717793240191923
21,48465,0.0020396327587723466,1.0288107377291005
21,48469,0.0017326137426703404,0.5680994988861865
21,48467,0.002145817678974799,2.285184139312777
21,48471,0.0017727039249604527,0.9256562685681199
21,48473,0.0012834566118579468,1.5256973906590023
21,48477,0.0012845899651807331,1.22356748989403
21,48479,0.015714236236469198,0.4533093439358324
21,48481,0.0011916336088530093,0.6592939225698342
21,48485,0.003378484005356028,0.610999945221417
21,48487,0.000594787816293509,1.6487448853969924
21,48489,0.0018499441023918331,1.0617237643638098
21,48491,0.01520140439249661,0.5782213546535283
21,48493,0.0020603831319571625,0.7059770180562197
21,48497,0.001815847059449212,0.7333629850919571
21,48499,0.002055700735630519,0.988456595883416
21,48503,0.0005828343879954685,2.5794387386108295
21,48507,0.000666981730455364,1.5164298493891075
21,49003,0.003770124192377395,1.2346914031952247
21,49005,0.007664697597257991,0.6305837348420412
21,49007,0.001409683200659777,1.549585814130274
21,49011,0.014320325002887834,0.7290152517450391
21,49021,0.00220435258302395,0.9442121287018319
21,49035,0.02516553255744375,0.5427691498973855
21,49037,0.0011360904056968173,1.3602979297026538
21,49039,0.0015990645105863708,1.33156654516734
21,49041,0.001834163920693054,1.4696538093399258
21,49043,0.002440958688800439,0.8123066495262252
21,49047,0.0023888420360836725,1.5280530701988648
21,49045,0.002066419103710837,0.7246391254936625
21,49049,0.03632004950818681,0.8319439814993025
21,49051,0.0009104300957489413,2.3816822582663146
21,49053,0.007446073913481344,0.5809804134705884
21,49057,0.008185197455274554,0.4514250673880251
21,50001,0.0026439188089126863,1.0070961629853148
21,50003,0.0026622367027382874,1.2169205891400217
21,50005,0.0026483321428201227,0.8224427358865044
21,50007,0.005650608820055541,0.7095465259737151
21,50015,0.0016437946157335257,0.9783392262082536
21,50011,0.001987285633149549,1.242703139137228
21,50017,0.0029621050369445473,0.8910959766174705
21,50019,0.002902685432824298,1.0498309860028507
21,50021,0.005066631070549074,0.6292774959130786
21,50023,0.0044064586445934344,0.800553716345903
21,50025,0.0049308857287831956,0.8139136186571574
21,50027,0.004352344808648055,0.8561906600256397
21,51001,0.0016519419425270914,1.0596479932882312
21,51003,0.003334767230809126,0.6822659731600196
21,51005,0.0017051927790659987,1.6150113752332804
21,51009,0.0011522592057052962,0.8987184309058831
21,51013,0.021649511173670425,0.5125021150594067
21,51015,0.002322661367686582,0.6890070141388339
21,51023,0.001705764364061702,1.050571501664572
21,51027,0.0018119827950983764,0.8034861951419906
21,51025,0.0005414094832045047,1.4906213624173195
21,51029,0.0010362935432501215,1.272353527400352
21,51033,0.001110791522507518,0.8448674135529758
21,51031,0.0017307893540975013,0.9636270691319742
21,51035,0.0018271284551123826,0.8518917675213457
21,51041,0.006865008566396936,0.3925240789480654
21,51047,0.0017234538954650307,0.8223962912946168
21,51051,0.0007779890369693094,1.2749267986121604
21,51059,0.024285633492023444,0.383314708580796
21,51061,0.0025607621072344954,0.6649777817177399
21,51065,0.0005974448990500545,1.558652489866016
21,51067,0.0017272863358105321,0.7738719890500492
21,51069,0.0029228322913852434,0.7352413055279247
21,51071,0.0009878445030816346,2.3715403720896355
21,51075,0.0007754343778363269,1.3248255881154436
21,51073,0.001581385022642022,0.8601873754963331
21,51077,0.0014986963757732724,1.190905847630181
21,51083,0.0018935142659084292,0.7501964575266497
21,51085,0.0036981489610607206,0.6340469641737175
21,51087,0.006189655772799778,0.47046384891532467
21,51089,0.003225277264294566,0.6096808444937747
21,51093,0.00204792817819598,0.9409476988484153
21,51095,0.002683444579009578,0.8902005897924553
21,51099,0.001200490890983672,1.170835993395219
21,51105,0.0012988938772803662,1.132208762252086
21,51101,0.000624969108982665,2.347213997915728
21,51107,0.01860929739753636,0.3980264712165679
21,51109,0.0013024454878047362,0.8961490674103149
21,51117,0.002368693986782464,0.9646790586435866
21,51119,0.0010962855195710524,1.917568512461271
21,51121,0.0035221108926307807,0.8206128437098165
21,51135,0.00017027461106364027,1.452616678218075
21,51137,0.0009820819267811625,1.6919579515053969
21,51139,0.0013039340472294563,1.568178435370294
21,51141,0.001152310574154997,1.387284929545615
21,51143,0.003676778233015206,0.6176770453023221
21,51145,0.0008460420374025291,1.0860898844396136
21,51147,0.0004316719404173249,1.8523572889961069
21,51149,0.0013080708533870307,1.3497749164951958
21,51153,0.018801478535900293,0.47866413999307383
21,51161,0.0032543969951957007,0.8283016197909535
21,51163,0.0007957752023237683,1.6481643369069017
21,51167,0.0011591211690547235,0.8285561892991267
21,51165,0.0021075264403100473,0.7084881178863394
21,51169,0.0025971760378510735,1.2437886802717386
21,51171,0.0015944258868013082,0.852255535398991
21,51173,0.001907776439549827,0.8540972789031588
21,51175,0.0009206314045067907,2.3542800703419866
21,51177,0.004286362218723157,0.5946840174719017
21,51179,0.005850565422977186,0.7114196234787991
21,51183,0.001070326772861474,1.2148740164515968
21,51185,0.0016668938231035075,1.2415251994395653
21,51187,0.0011002553521346399,0.9782819891153905
21,51191,0.0023176712953021745,0.7290938728514428
21,51193,0.0006309864476022657,1.7162800686844575
21,51195,0.001668281200777181,0.8325209861658381
21,51197,0.0011748058699337985,1.0911104469110182
21,51199,0.002589161239485561,0.8055566243609106
21,51510,0.012200009473031096,0.6528818341113457
21,51520,0.0004946761879589721,1.3230227065347557
21,51540,0.0035676667546329457,0.7293461125906352
21,51550,0.007097974421625773,0.5102011096170175
21,51570,0.0007547089173957688,1.5364703500076071
21,51590,0.00172792523657149,0.7129010285096882
21,51630,0.0011365221018252174,1.2311809542523546
21,51600,0.0016975962459621922,1.2858233465398572
21,51650,0.0031279424887841758,0.5523318790380295
21,51660,0.003412814016536669,0.7278603102116367
21,51670,0.0006467454266634394,1.0066734356479792
21,51680,0.003669122750162207,0.6395468311134289
21,51683,0.0027985068353622903,0.9753995743694893
21,51690,0.0011016830666647438,1.0924520100498436
21,51700,0.004318306230165467,0.61757333835937
21,51710,0.010721799881686873,0.348687447079751
21,51730,0.0017412764846273245,0.7242239911965491
21,51735,0.00044078792526012144,1.2371640825052064
21,51740,0.003105849790832486,0.6167049698580727
21,51760,0.009123905204937943,0.34789853305569607
21,51770,0.0021769516591373258,0.5152997997742785
21,51775,0.0011048000334304806,1.1819814333931338
21,51790,0.0007967742197228396,1.1805927538466892
21,51800,0.004541594031852684,0.634642013878715
21,51810,0.010130289616752086,0.4012311118370881
21,51820,0.0007606159960257637,1.2371219792412942
21,51840,0.0013250577531340717,1.0734427481075592
21,53001,0.0007892354474740473,2.6035528337010208
21,53003,0.0011223674262413742,1.5894312422462085
21,53005,0.0038199332213909986,0.5181220669313105
21,53007,0.00231250487263475,1.1418570464163191
21,53009,0.00458951097016615,1.0673893427317118
21,53011,0.009620249318050738,0.4036681355206987
21,53015,0.0020397895916258726,0.5369354042874985
21,53021,0.0049322298841153285,0.8263691088541233
21,53017,0.0017074467635537513,1.1007767518542237
21,53025,0.002678873964874981,0.6604871934104998
21,53027,0.0023862471355931437,0.6904513172241746
21,53029,0.004343680087331202,0.9175086055719248
21,53031,0.002961660287201523,1.408053942424321
21,53033,0.03655163343476204,0.5814590558494299
21,53035,0.006293774448203672,0.4116305820137152
21,53037,0.001704469846702562,1.2506613852704838
21,53041,0.0032063238588513824,0.8357324065478879
21,53043,0.0012716949034829157,2.329830896392295
21,53045,0.002276722596086427,0.6625443036096667
21,53047,0.0017849461649485834,0.7995297941153394
21,53049,0.001902628289076286,1.3314899133758076
21,53051,0.001648621882455333,1.5400964850932957
21,53053,0.011855922308439432,0.38409892956854114
21,53055,0.0019325117366403952,1.4600126391490094
21,53057,0.004187419704591822,0.8351416848581362
21,53059,0.0010079243424588906,1.349884735273356
21,53061,0.013347752623323224,0.3522937600397092
21,53063,0.009074752664799976,0.3351746203171954
21,53065,0.002629155925646831,1.0604246135425317
21,53067,0.007593477069181791,0.538130373858593
21,53071,0.0013869889328653783,0.7340423989636681
21,53073,0.007070574779274599,0.5857028636127332
21,53075,0.002034400656040025,1.4866505598597617
21,53077,0.007461070427239399,0.6526725521473816
21,54001,0.0007267233444266127,1.3591630291459065
21,54003,0.0042477683287450215,0.8034585424700315
21,54005,0.0019642071758585134,0.9959820985220655
21,54009,0.0015396732260226015,1.0416820348473912
21,54011,0.0035506605331720705,0.6559796792365215
21,54019,0.002097958025489406,0.7030454973309491
21,54025,0.0018441312063434219,1.1677521067299308
21,54027,0.0011403620359847241,1.294217928005884
21,54029,0.001691338331988553,1.3687632611107916
21,54035,0.0010132354261076885,1.001960473241091
21,54033,0.0027174420410724658,0.5590764480040673
21,54037,0.0014761331299439652,0.7196461864045738
21,54039,0.004346401684837181,0.51886992815371
21,54041,0.0013955001936673584,1.3766846196790463
21,54043,0.0009753101597672043,0.9633931702861954
21,54045,0.001670137277159706,0.7956402996773617
21,54047,0.0023320420136944994,0.9261837965738732
21,54049,0.0019426858902921139,0.6961128476616255
21,54051,0.0017528947782716403,0.7954311491508712
21,54053,0.0014669015081620834,0.9481642946013882
21,54057,0.0012126516115954567,1.2028422342092635
21,54055,0.0019454182895204362,0.7109003163965275
21,54059,0.001969944853862142,1.1042818265412366
21,54061,0.00433376672910922,0.8976840381957999
21,54065,0.0008030583223458017,1.6042007650509593
21,54067,0.0012187066098613207,0.9717320342331783
21,54069,0.002480306698916638,0.7002419298745758
21,54077,0.0020988609213106546,0.8331787999402781
21,54075,0.0010569637275828242,2.3466509143575314
21,54079,0.001982651427073958,1.3102213390172082
21,54081,0.002399499183137845,0.5996821064819723
21,54083,0.001274284521645971,1.3157829260849623
21,54089,0.0007451289481248886,1.3394843912629508
21,54087,0.000889961526422063,1.712123805612015
21,54091,0.0006404471589326706,1.3529289593657259
21,54097,0.0009191820964169543,1.8059249501880552
21,54103,0.0012698964343161427,1.3356740070886188
21,54099,0.0013809195250939026,1.3853413320657528
21,54107,0.002748425181352692,0.6088115120453435
21,54109,0.0011373379739112606,0.868119076314429
21,55001,0.0030314334482357914,0.9875182124851875
21,55003,0.001629501104632464,2.114212416090128
21,55005,0.0022024003081091773,1.0845406617797222
21,55007,0.00251531393786139,1.29391422682111
21,55009,0.003978927529325148,0.47978627221532105
21,55011,0.0018420825868488407,1.2315334625169512
21,55013,0.003023332979625244,1.1230027988527975
21,55015,0.0022755138911779095,1.2823930470755058
21,55017,0.0025920724582367666,0.913925888585326
21,55019,0.003847538666299845,1.0587146026835492
21,55021,0.0032757212512731504,0.9347196142876516
21,55023,0.002261875877877079,2.329446360065422
21,55025,0.01510694686468455,0.6302957975880479
21,55027,0.00406616109787656,1.0300897798618114
21,55029,0.003378738344661069,1.3668254473578183
21,55031,0.0018285580464902891,0.8560091673103847
21,55033,0.0022852094067160717,1.318246156330628
21,55035,0.0023939689674859392,0.6274110724776862
21,55039,0.0037322436007805335,0.7657021475456246
21,55041,0.0012141256849283351,1.4831896625478993
21,55043,0.0034209279382481856,1.3269234078593248
21,55045,0.002333344768479619,1.2339815204792335
21,55047,0.002102415128067731,1.871482686826412
21,55049,0.002691680522716233,0.9966171394289915
21,55053,0.0016099873661379056,1.0296727675856368
21,55055,0.0026365934288641287,0.6803987099833834
21,55057,0.003155724619406447,0.9195295180203046
21,55059,0.0032230388145657834,0.5553387621521022
21,55061,0.0010235958966357637,2.156302467151171
21,55065,0.0025412909492149804,1.1667871898909354
21,55063,0.002025208161951231,0.5796923400359123
21,55067,0.0016287008061312248,1.6825212298963728
21,55069,0.002367544648300651,1.3880926636874067
21,55071,0.0035097744085681184,0.7160070103466205
21,55073,0.00443740265870788,0.6601815146976739
21,55075,0.0028651709645012204,1.1032725396001315
21,55077,0.002351840474140247,1.1594779239180983
21,55079,0.022228948924359167,0.46852118459679104
21,55081,0.002441818138619217,1.4604599074835394
21,55083,0.002423472191143321,0.9364465040931054
21,55085,0.004860918791026235,0.9215799401082079
21,55087,0.00569614536179397,0.5559720796512918
21,55089,0.003987914736965252,0.9812047538166242
21,55093,0.0012384487240589385,1.4948178898703353
21,55095,0.002674260762247769,0.7559732281460981
21,55097,0.002832793118619522,0.8801078478823565
21,55099,0.0035735908181999242,1.2561366167716537
21,55101,0.0034118285728940725,0.6153049427326794
21,55103,0.0016898506482947964,1.5096172579546776
21,55105,0.002993948854476691,0.5117883332384067
21,55107,0.0018933032226626189,1.299939720896448
21,55109,0.004165826859765104,0.9497719022951888
21,55111,0.0030557074020534517,0.7748129129082693
21,55113,0.0016647218961628614,1.1509381314538996
21,55115,0.002962056257965765,1.1135787132958928
21,55119,0.0019243858111495534,1.2704790004659778
21,55117,0.0035426391931953996,0.7662101752953128
21,55121,0.0031096399015004303,0.9067024344341236
21,55123,0.002839513679040568,1.1681066352440417
21,55125,0.002597143598540865,1.2375366849926563
21,55127,0.0030518997695068756,1.0462015142793886
21,55129,0.0019261313609872416,1.4124800327231934
21,55131,0.0051752016371317995,0.7584555441893471
21,55133,0.01383064230543267,0.35234637682755443
21,55135,0.0032029822808940034,0.9486790613424755
21,55137,0.0021345091443101686,0.9914695790853588
21,55139,0.003738473824388043,0.5516744862703596
21,55141,0.0033485461026278546,1.0640961500059996
21,56001,0.003008330791785849,1.041807993575769
21,56005,0.0027618514137214916,1.2704702985858995
21,56007,0.0008860049707906603,1.777778039502731
21,56009,0.0009097445347571549,1.8866852460367083
21,56015,0.0005882772032108816,1.6880717393037792
21,56013,0.0016674556692285018,1.2847263369657267
21,56021,0.0022833861212941315,0.5505326784017481
21,56023,0.0008946996752345486,4.688674082362783
21,56025,0.00259405285023004,0.6266736179726717
21,56029,0.0012015579961315499,3.402758615147124
21,56033,0.0011065481185712294,1.4561010230024283
21,56037,0.0018873544445905134,0.6541673542842907
21,56039,0.0007470114954857853,1.9650263897251659
21,12057,0.01342385022071543,0.3803278358449609
21,12059,0.0008000656812360438,1.1757586905504542
21,12061,0.010453174388276153,0.5066196732254469
21,12063,0.0017926890396996447,0.6437733680203469
21,12069,0.010987948816600139,0.4955933908710095
21,12071,0.02999500691287988,0.5404352813188829
21,12073,0.011228951422884761,0.6926884263941747
21,12075,0.001257399866236304,0.7806432197306017
21,12079,0.0009117202429983646,1.1166810175843807
21,12081,0.012763121597774641,0.33315448925667734
21,12083,0.009350342097062475,0.40897974814708965
21,12085,0.009962290425720355,0.5192617984655951
21,12086,0.025701992578837377,0.4266346197033939
21,12087,0.008929815863233707,0.8258092420882526
21,12089,0.0016920936792673914,1.1366568192464281
21,12091,0.004164498281354702,0.6482595319312179
21,12093,0.0015542103194062947,0.6094953947926031
21,12095,0.017493988671707733,0.25754655293634926
21,12097,0.008371818354524956,0.6148062927300625
21,12099,0.0355746011342564,0.44952790161822176
21,12101,0.015058566926674417,0.49463002642200415
21,12103,0.026668637160678195,0.3085962914299815
21,12105,0.009066440123575431,0.39555096632030506
21,12107,0.001937165141577315,0.6663266235134435
21,12109,0.005625834344145078,0.6948924951329213
21,12111,0.008465559704937606,0.569178208569625
21,12113,0.004168457271323582,0.610067703865846
21,12115,0.032103603380523885,0.4828961218453347
21,12117,0.007446105970119125,0.3320774548444852
21,12119,0.007452893277330802,1.0051338030971568
21,12121,0.0013562191660280122,0.8697469736156032
21,12123,0.0006224968204742936,1.2968726152875876
21,12127,0.013762141253586345,0.42209239807905125
21,12129,0.0009668289360336502,1.4687374366631616
21,12131,0.0014525202821862187,0.9195693504788102
21,12133,0.0012146470751675652,1.0158956813648576
21,13001,0.000976477865607354,1.1179116474771467
21,13009,0.0011585296455368969,1.131661410580985
21,13011,0.0009701747878265416,1.3070046726222477
21,13013,0.002801141065701488,0.5420617091787988
21,13015,0.0031453583143219504,0.8514900323060933
21,13017,0.0010411567246308934,1.1250507761414668
21,13019,0.0012532579296362831,0.9580632730261323
21,13021,0.003826738375036225,0.5429622821157332
21,13031,0.0016822426198788189,1.0706364452055526
21,13027,0.0010061379795545857,1.0729191766637864
21,13033,0.0010967024276532773,0.7338962032292936
21,13039,0.001141919506960122,0.7498471702527458
21,13045,0.0031708040366976685,0.7001556304829408
21,13047,0.001906603951460054,0.8329748111272575
21,13053,0.003827537818429823,1.4815799016036062
21,13051,0.007001055693893032,0.3414404199295689
21,13055,0.0010612684992271247,0.9420022644189107
21,13057,0.008872138450370265,0.5286867773136441
21,13059,0.008549709479722998,0.4393489570379429
21,13063,0.008942825922056776,0.4733909178834657
21,13067,0.017374153254069314,0.5546595026482792
21,13069,0.0013132653082017294,0.7800480065469163
21,13071,0.0016474867504900122,0.8049208041559468
21,13073,0.004338061058067342,0.6212888037088466
21,13075,0.0006537635518530664,1.0805037493255019
21,13077,0.004253449909209495,0.6179630400930783
21,13081,0.0007632755874862959,0.847760342745929
21,13083,0.0009413213469264639,2.574967003616793
21,13087,0.0009672796952795098,0.9091609139068026
21,13089,0.012778614481977294,0.47169501200928143
21,13091,0.0013444380213771634,0.9154051024774145
21,13095,0.002763791330337642,0.6242539077052183
21,13097,0.0046820056004175156,0.6096316118509378
21,13099,0.0015333402915563513,1.0799426097775684
21,13103,0.0018207807101639135,0.7655687075633824
21,13105,0.0010883752782882778,0.9083428360166617
21,13107,0.0007600121056711126,1.02318450433277
21,13111,0.0012764467726982948,1.0769125738729957
21,13113,0.004930734657716325,0.6304481857123727
21,13115,0.0018314295200274747,0.5330744526203862
21,13119,0.0010175164347452673,1.2734252090996585
21,13117,0.009658831848480837,0.5398645988946166
21,13121,0.02271598041832042,0.49152207047151486
21,13123,0.0010966824628387015,1.09342158224428
21,13127,0.0017052953316047752,0.964591728464967
21,13129,0.0021982255958540326,0.6642025326829445
21,13131,0.001038004702455922,0.8407656632901719
21,13133,0.0020170271847361203,0.9410912687986238
21,13137,0.0013748734687961876,1.0939529016185099
21,13135,0.02576670868134154,0.4562387196976662
21,13139,0.004062127865404397,0.5039883809632776
21,13143,0.001081482536083519,1.1628859295822578
21,13145,0.001154642362220987,1.0884824995748705
21,13147,0.0009039870044893974,1.155176352537055
21,13151,0.00817551793267074,0.5477376378313907
21,13157,0.0018738351584906474,0.7645821803848851
21,13153,0.00411959535662551,0.5922364457442054
21,13163,0.0008336747075962188,1.3683743916353952
21,13169,0.00094435046275227,1.0125419274132117
21,13175,0.001787887236728539,0.6445011550086025
21,13177,0.0013975432429938742,1.1476830046430113
21,13179,0.004010212588279271,0.6862842705809926
21,13185,0.003636400362541872,0.5990922056433083
21,13187,0.0008302036626353348,1.5159731271012102
21,13189,0.0011123135943636245,1.0827772525034736
21,13193,0.000793050909647465,0.9312591733377993
21,13195,0.0014413567181856748,0.9687719554179726
21,13199,0.0009058673825872045,1.2799767537857172
21,13205,0.0009343439293286262,1.1334816338873692
21,13207,0.0009317720077552472,1.142169048553664
21,13211,0.0010815419854863886,0.9094797215190352
21,13213,0.0016241353590781982,0.836645588032424
21,13215,0.005573710297991605,0.5013354132037864
21,13217,0.0035827001455382658,0.6922228188275603
21,13219,0.0014134525385008905,1.0449667952884014
21,13221,0.0005870283236970595,1.1409155232653476
21,13223,0.004872123141679092,0.5342709308883176
21,13225,0.0006662794037475374,1.0724170853373458
21,13229,0.0007735125288395557,1.0976436292444294
21,13227,0.000860970641609572,1.235061563738661
21,13231,0.0008766815202199901,1.269096942157554
21,13233,0.0017673986511598772,0.9534034867967571
21,13237,0.0008555975813066412,1.1478965972287838
21,13241,0.0009756867536197063,1.1696527041342926
21,13245,0.0040673336443049915,0.5820530468835082
21,13247,0.002538897447169664,0.6420481810876882
21,13251,0.0009617766212979578,1.0607885251908271
21,13255,0.001431330484712808,0.547205471711161
21,13257,0.0011423852374919355,1.1815295809622324
21,13267,0.0009975355483614408,1.0875524981512272
21,13261,0.0006292873637693162,0.7664397679147749
21,13273,0.0008885150332177294,1.7234409174015322
21,13277,0.0009466564288288693,0.7413256812312307
21,13275,0.0009254090142433753,0.7700042419698646
21,13279,0.0012075064172785287,0.9913301843988194
21,13285,0.002141229324651223,0.6144497127186149
21,13291,0.002303169066394405,1.0019511795144396
21,13293,0.0011741935285859725,0.8134492883244108
21,13295,0.0016976563590758876,0.8033910077726034
21,13297,0.0030807643693106608,0.6506224804014883
21,13299,0.001231198424688563,0.916004074845489
21,13303,0.0007899575054000227,1.0959809176733208
21,13305,0.0010631862898346546,1.0578823206605366
21,13311,0.0007522204886402663,1.1895531772141454
21,13313,0.0034123855293381362,0.7094559014355563
21,13315,0.0010686795702361666,1.1607029314617827
21,13317,0.0005850102803737703,1.3563744215071922
21,13321,0.0007283541514438225,1.0953270698701236
21,16001,0.01145486587738767,0.42215946306788893
21,16005,0.002966557294619596,0.6049718112292808
21,16011,0.002589218753860698,0.8456749699004947
21,16013,0.0006219506431871346,1.8901286664697077
21,16017,0.002146247410750349,0.8573471426194325
21,16019,0.003990273532009927,0.5382466957859473
21,16027,0.006139684240582838,0.5893195422323707
21,16031,0.0016922520219554088,1.2445627842065692
21,16039,0.0004893511194088218,2.6301258334191115
21,16049,0.0012568411998440405,1.063920802566145
21,16051,0.001080868484108827,1.4519256058292558
21,16053,0.0011096288730650201,1.4408151518737837
21,16055,0.004151093797202289,0.6446698937414355
21,16057,0.0010294213913517362,1.1299347766011578
21,16065,0.0022879312234762982,1.3934907453510437
21,16067,0.0012180117616640285,1.456962900465792
21,16069,0.0015288467828757626,1.0166079175156437
21,16075,0.0008686132132123611,1.6471474294159743
21,16083,0.0017946921990988365,0.7057540641212661
21,17003,0.0014054634382682334,1.9781399752614068
21,17001,0.0018869665354102052,0.6528920646693372
21,17005,0.0005372700101681074,1.3171270950145133
21,17007,0.00206465065893288,1.1125418907013025
21,17011,0.0027444968376263523,1.1324795231529132
21,17015,0.0020727343660441227,1.1689446082054078
21,17017,0.0015936799016727284,1.8536827205020063
21,17019,0.008338424524275521,0.8248585273019409
21,17021,0.0019777951185066156,1.625548279178061
21,17023,0.0008544175341219413,2.9757238989562946
21,17027,0.0016907551999484679,0.8813775652156562
21,17025,0.0009156530529813391,1.8734193435903412
21,17029,0.0011105066101337515,1.469969202464026
21,17031,0.02249609977138595,0.5119203950408541
21,17033,0.0014230648657162814,1.1957954169629819
21,17037,0.0024117890255392804,0.92928445234367
21,17039,0.001124212680812469,2.0314107220955786
21,17041,0.0014461772201221335,1.0516001449264316
21,17043,0.018991022071801332,0.43330705521665064
21,17045,0.001084284092716495,1.341943715903086
21,17049,0.0020172506401451296,1.0837560880030475
21,17051,0.0012695032222638245,1.1710351433202657
21,17053,0.0013147989149487986,2.4904015427709405
21,17055,0.0029706990967835914,0.8751628094171037
21,17057,0.0027444244516595883,0.9208318872186043
21,17063,0.0014067377264213668,0.9470602625984903
21,17061,0.001304531884033167,1.2397292858768987
21,17067,0.0024763590455347444,0.9637695615612222
21,17073,0.0022817528232910887,1.0167464735175067
21,17075,0.0026080194567906353,0.8853219612311659
21,17077,0.0025987602909481352,0.9449904613509749
21,17081,0.001515138287244029,0.8337112752344954
21,17083,0.0010089571176120663,1.060559546793089
21,17085,0.001528097365424044,1.0708111848658481
21,17087,0.0002974530958901814,1.164541396126649
21,17089,0.01385487255983582,0.5757894591823915
21,17091,0.0021572242298329167,0.602362670927753
21,17093,0.005743353969143873,1.0710672055481854
21,17095,0.0018518155162964883,0.6726238495559647
21,17099,0.0033208171802570686,0.6397977388265199
21,17097,0.011646797701391431,0.5170736434336903
21,17101,0.0020806879862372138,1.0938650256319808
21,17103,0.0015946181971500072,0.9536823903653191
21,17105,0.0013636965883944963,0.8837492141513714
21,17107,0.002223321729604753,0.8466798581762528
21,17109,0.0013923831415296037,2.249081615532291
21,17111,0.009836624258027081,0.46973857047540435
21,17113,0.004172879799139528,0.3460623467810621
21,17115,0.002877690258869604,0.546122557693147
21,17117,0.0031151731138834566,0.8730110405753031
21,17119,0.004591608227848468,0.49587772682522596
21,17121,0.002479759914058087,0.8665767744849591
21,17123,0.0019225254537177019,1.202900625620379
21,17125,0.0019885179197582543,1.4997935639031938
21,17127,0.0007268553114426113,1.8850750892460635
21,17131,0.0011448947837207509,1.3951674964755958
21,17133,0.0013707089783287856,1.7890819534722708
21,17135,0.0017781912900874687,1.2603388046664445
21,17137,0.0014506384747571851,0.8721873666103482
21,17139,0.0008860321572930845,1.347102636575912
21,17141,0.0020385583500245057,0.8461273040506364
21,17143,0.005316403430349396,0.488133786523518
21,17145,0.0012805151618138714,1.5078697336027105
21,17147,0.0006530008363718923,1.2849721966713552
21,17157,0.0017030459149899712,0.8912327584959593
21,17149,0.001689306336768615,1.0764349222810594
21,17159,0.0011841555194565614,1.245155439258572
21,17161,0.002524962964681787,0.5190761520440266
21,17163,0.004217079139716829,0.506022149958752
21,17165,0.0019511688596855342,1.4508311318346137
21,17167,0.005323076241486218,0.4510477180545242
21,17173,0.0015800313463328818,1.1204396318072476
21,17177,0.002032713032999906,0.7854579193538139
21,17179,0.003521224572662687,0.6455930529890758
21,17181,0.0011606458361549108,1.2627226445037547
21,17183,0.0031714272797442183,0.6347990997741995
21,17185,0.000947030904461458,1.1378039503854174
21,17187,0.0008626241579672993,1.5055784256304445
21,17189,0.001293043136553678,1.42378050172569
21,17191,0.001689759803347477,1.5819044557675739
21,17193,0.0012037287248934123,2.0599544477156284
21,17195,0.0031640037228640567,0.677475269130121
21,17197,0.0102779196530165,0.4041550491372802
21,17199,0.002232901454585786,0.607836183086731
21,17201,0.003731680452246813,0.3953019452587695
21,17203,0.0020613384349861172,0.9197881334630372
21,18001,0.0012527463144563291,1.6170428087655886
21,18003,0.006125428131028326,0.38211775389922836
21,18005,0.0024426558817209295,0.5816239518561476
21,18009,0.0008684221651367988,1.449707526925295
21,18011,0.0019280830113580793,1.629344911725834
21,18013,0.0008325263501658706,1.382104035044654
21,18017,0.0011383581348244863,0.8933344601795108
21,18015,0.0023499244359806415,1.1165543385131322
21,18019,0.002834024426313479,0.6364320184407448
21,18021,0.0013525545600769396,1.5323225548232826
21,18027,0.0016544713022571696,1.0860645385011851
21,18023,0.0012469831662666418,1.037871252145669
21,18029,0.0018628969497072316,0.9450036364381879
21,18031,0.0013722717135506897,1.0100058831017718
21,18033,0.001737477958979468,0.7323055700218823
21,18035,0.0029605633363564117,0.42739835805773635
21,18037,0.0017371442281699724,1.190745333870004
21,18039,0.004901831104161447,0.5326279283809172
21,18041,0.0014187283972114187,1.1471935930760786
21,18045,0.0014041586653687314,1.4302795396699328
21,18043,0.002024529896687329,0.6543424062438155
21,18047,0.000918103000596553,1.4810997023028165
21,18049,0.0010843983300632552,0.8974721943506836
21,18051,0.0012413385988224604,1.2234502026500338
21,18053,0.0019851359681830783,0.6250977320751702
21,18055,0.001744924191353537,1.2895348795420407
21,18057,0.011632275717010221,0.4846358916637041
21,18059,0.0027159163735634905,0.8321933728806501
21,18061,0.0019028432437401045,1.1778231282814229
21,18063,0.004451562759080577,0.5637416059526216
21,18065,0.0022869870851331725,0.7327420726426781
21,18067,0.0025456203028789864,0.5169067256141198
21,18069,0.002476523663189095,0.8626495710703367
21,18073,0.0013326523394566765,0.8973743674774476
21,18071,0.001573523037193389,1.0629285133967785
21,18075,0.00184640801461246,1.1723524652157105
21,18077,0.0012737684316875373,1.1552397077895034
21,18079,0.0008471680339563004,1.0473836734296889
21,18081,0.0037753130056067522,0.631494052778908
21,18083,0.001304111029208881,0.9494370335580584
21,18085,0.002447084467111722,0.6836231630013755
21,18087,0.0022214417179214694,0.9688942836964927
21,18089,0.00605751107221448,0.4468682225021924
21,18091,0.0020810564592465075,0.6005814721433745
21,18093,0.0018223738660217235,0.8906432464603347
21,18095,0.002920616410337429,0.5692970227289191
21,18097,0.01483362424244671,0.30822240050556904
21,18099,0.001827790511335766,0.8933277771434495
21,18103,0.0014791606041149694,0.7278569093673171
21,18105,0.005387929545412865,0.6269345153980596
21,18107,0.0015408775926793999,1.0130886666314163
21,18109,0.0023290410283999864,1.0117168941807648
21,18111,0.0007933208602726884,2.1311902105517753
21,18113,0.00170804847518547,1.1101259440746936
21,18117,0.0020039892165534213,1.0590699201551124
21,18119,0.0014964397053356885,1.1610344153527052
21,18121,0.0008063445783274487,1.4661169854876241
21,18125,0.0014342147004364793,2.2111974230533322
21,18123,0.0012944863811805392,1.3381233134160946
21,18127,0.002531443342159476,0.6055820097608862
21,18129,0.0015261691660539954,1.3082331893824783
21,18131,0.0007257908143534474,1.985241541962728
21,18133,0.0009510799095457307,0.9155130556133294
21,18135,0.002063197756475656,1.0079675896719376
21,18137,0.0014082152221726006,1.1860408367092863
21,18139,0.001136644647141669,1.5222020381262096
21,18141,0.005172276023229184,0.36437770546330206
21,18143,0.0009708024519366904,1.134643261915294
21,18145,0.001450309165101543,0.9482455054124708
21,18147,0.0011294413245705667,1.5416593520039927
21,18149,0.001387460137263029,0.9272855740884675
21,18151,0.0015515822223529695,0.7975886013950245
21,18153,0.0005853358035718983,1.0007404165696296
21,18157,0.004506761177482149,0.6564383792457782
21,18159,0.000594350945230094,1.3095143337328823
21,18163,0.004232884515494234,0.43622147388711646
21,18165,0.0011936936539787611,1.461614501933799
21,18167,0.0020551799308963768,0.5421502770885721
21,18169,0.0016494655489189816,1.6315328657030794
21,18173,0.0019812478886357043,0.8796685264604421
21,18175,0.0016583200792456324,0.9740058015322848
21,18177,0.0021592416541829397,0.7197233349287513
21,18179,0.0016991752088213786,1.1071624476350292
21,18181,0.0015743079047335034,1.021013617188487
21,18183,0.0013142266215524661,0.8031195354513869
21,19005,0.0014990332571281119,1.2714214910129857
21,19007,0.0013461065883371623,1.201095145471419
21,19011,0.0017566213717717099,1.0973802744067802
21,19013,0.00329026417617481,0.4798950386535222
21,19015,0.0013360542253640926,1.1996764291011346
21,19017,0.0017223166780067705,1.2088140479309653
21,19019,0.0015163633528254587,1.093671126515954
21,19021,0.0010326237339790341,1.4107724692552273
21,19023,0.001679353078321717,1.1544316743530518
21,19025,0.0012209729058462505,1.3067041622085007
21,19027,0.0011706867643073676,1.5536620730703181
21,19029,0.0014813859218771222,1.4966124442849458
21,19031,0.0013550815743114146,0.9936792750163204
21,19033,0.00212080606657077,1.0996945167232
21,19035,0.0009790789820451015,1.3095275451254145
21,19041,0.0007557021599612332,1.7371340251509362
21,19037,0.0012163164412736865,1.4937383458361588
21,19043,0.0020988174610828947,1.29300353410543
21,19047,0.002088322656419285,1.1336075297610713
21,19045,0.002502482809132277,0.9609393389092945
21,19049,0.0029323488353089483,1.159734382518723
21,19055,0.0009583929117945149,1.282989669130637
21,19057,0.0015917100244442848,0.7885315477485887
21,19059,0.0012360701457437874,1.1169839832493753
21,19061,0.0026696661437447624,0.608053267930455
21,19063,0.0007644559201872205,2.0047563460545885
21,19065,0.0023723668124567,1.4648631669892096
21,19073,0.0014224186263887284,1.541894813444735
21,19067,0.001352709156199393,1.4649430238557062
21,19075,0.0013429339739895352,1.70738608974957
21,19079,0.0012194787808020263,1.5032068310594882
21,19081,0.001220396335831582,1.2963055112460176
21,19083,0.0021879471833208095,1.2527971713931914
21,19085,0.001986219853186317,1.4308814157827945
21,19087,0.0013323001723771317,1.0796545204713341
21,19091,0.0011683503281769933,2.1807849882322468
21,19095,0.0010565920439498814,1.3795217765934722
21,19099,0.0017054551969747495,1.1279981566411408
21,19097,0.0018117409620987414,2.2976684346663685
21,19101,0.0007624145383069809,1.6838685944818637
21,19103,0.006772235750780334,0.5492311451343974
21,19105,0.001150418862272844,1.7035363274463147
21,19107,0.0013677587979106104,1.151162797428905
21,19109,0.002351698581309285,1.467303668547075
21,19111,0.0015977952527423632,1.362849076192942
21,19113,0.006649970057290618,0.42646864022799286
21,19117,0.001596241251847014,1.6705307029222887
21,19123,0.001758254821239791,1.1542070761061236
21,19125,0.0010226606497159136,1.7415824991335132
21,19127,0.0020602555799096455,0.6573198104121255
21,19129,0.0010956580447513088,1.5411946181067013
21,19133,0.0013740683222933053,1.9253550466086213
21,19137,0.0010707320697946558,1.6879331288536485
21,19139,0.0015903186136657296,0.864514112205004
21,19141,0.0011100885092239841,1.8048506008840346
21,19147,0.0011079756575710965,1.3262640525970673
21,19145,0.0017726969954781127,2.2701889025360136
21,19149,0.0013790327140440527,1.2196153079762926
21,19153,0.008281785906977222,0.32724708825453597
21,19155,0.0028307514794126327,0.6925475169890511
21,19157,0.001236550621637318,1.8457033556405626
21,19161,0.0020010875904016407,1.1211636499649413
21,19163,0.0033840307092949298,0.4301867999678822
21,19165,0.0009402983906086266,1.8575635069160472
21,19167,0.002022482677611573,1.1917551378300228
21,19169,0.005042755489693806,1.1053699345284762
21,19171,0.0021301103786418264,1.5606799474952526
21,19175,0.0007205508695293226,2.0048912591616985
21,19179,0.0022036057798037792,0.7804198691135276
21,19183,0.0010485147178458574,1.4983932318140667
21,19181,0.0020283393256963532,1.1273964618168468
21,19187,0.0014443894279530416,0.7753044086129057
21,19191,0.0011920487952138683,1.245618002545861
21,19193,0.0025021465650789257,0.5596309659722214
21,19197,0.0014817912726916055,1.8649716351347128
21,20001,0.0017201994924457337,1.367211528140406
21,20005,0.0006827685180144212,1.7099463238360038
21,20009,0.0013289529877231626,0.99640711470478
21,20011,0.001108769753070296,1.4567228958507792
21,20015,0.0021904101809055686,1.1278018517351724
21,20029,0.0008616175090615028,1.921390362152634
21,20021,0.0010796825619211487,1.3792984231512635
21,20035,0.0019500496318424626,1.0990610827788587
21,20037,0.00202126463305589,0.8701306642984902
21,20041,0.0013667687425692355,1.3200734061706143
21,20045,0.005893512020744446,0.5300913995501286
21,20051,0.0011148323737928485,1.1513828694145403
21,20055,0.002789387850395933,0.7058651145130942
21,20057,0.0015871168216538712,0.8819112685179993
21,20059,0.0010356342356596228,0.9992315018865483
21,20061,0.003257805759753764,0.8014514004996249
21,20079,0.002131625790674609,1.1431104672467192
21,20087,0.0010598353345137993,1.4458022367371435
21,20091,0.01289055979971647,0.4151272480876747
21,20099,0.0017167918250901146,1.0603266286732151
21,20103,0.001518884770247217,0.7608181619576283
21,20111,0.0012941640607416285,0.9590065978251613
21,20113,0.0013609933727064402,1.5734295165925478
21,20115,0.0009699938539579966,1.1985779661023759
21,20117,0.001077076098598496,1.337746318038354
21,20121,0.0013713998477176,0.9969132463866116
21,20125,0.0022941026636112047,1.011578321329698
21,20133,0.0012369791540776305,1.3399644188532
21,20149,0.0010163246933042823,1.5984277420632396
21,20139,0.001281187275941885,1.4089388406360341
21,20155,0.001731391638029356,0.6894524362853963
21,20161,0.005806725101670802,0.7551477263275381
21,20169,0.0015400194771579936,0.6770384402172118
21,20173,0.007760062925580572,0.3255551948268967
21,20175,0.001436615776843944,1.2549790438918869
21,20177,0.003178667229550567,0.38852851636289165
21,20191,0.0014736282977442312,0.9642903730640491
21,20205,0.00132525057206127,2.9341673272573345
21,20209,0.012958467403350148,0.37123172368332963
21,22003,0.0009830678948978865,2.3284956267844046
21,22001,0.0022855200922343704,0.7512915285753013
21,22005,0.004359409055354949,0.6856707391414694
21,22007,0.0015543333783279904,0.9005006927165883
21,22009,0.001182636306823433,0.8004544459665709
21,22011,0.0015539007494978518,1.0441418715775381
21,22013,0.0014877892251830098,1.660769397430451
21,22015,0.002546008593002637,0.5898215087820186
21,22017,0.003998660803498911,0.3603418507980328
21,22019,0.0023654399893029508,0.4994603835615397
21,22027,0.0013169711079434663,1.2220365586790962
21,22029,0.0007784149144420123,1.5392432877260651
21,22031,0.0014310913078151985,1.026467443731054
21,22033,0.006407439004124166,0.4033148296835571
21,22037,0.0008676892095656521,1.027723247879178
21,22039,0.0013236739292235215,1.1999957486821329
21,22041,0.0012678320818694541,1.6779676200290825
21,22043,0.0008710308181979682,1.2788521972179894
21,22045,0.002321559116045911,0.7332985918418216
21,22047,0.0011119172101888054,1.0769235262958805
21,22049,0.0010090527434322447,1.3321597979448263
21,22051,0.006845792505108698,0.39078597861791825
21,22053,0.0013037187071009058,1.1824695786985155
21,22055,0.004007406076460034,0.4340712987890233
21,22057,0.002702972403486549,0.9413548488608482
21,22061,0.0025396664078408725,0.6620720910499487
21,22063,0.004286076564385326,0.6213538648932383
21,22065,0.0011780289447605313,1.5930627195181697
21,22067,0.0010620842214710887,1.1682761772603674
21,22069,0.0016763477027527931,0.9907132472691408
21,22071,0.026711093454416635,0.3728832205048311
21,22073,0.0025985277072707804,0.4491288111089742
21,22075,0.0019669118528059136,1.6276275924975725
21,22077,0.0009885842645303241,1.6282270218051769
21,22079,0.002241994954507633,0.4788215769531465
21,22083,0.0010373858402325932,1.471857026402797
21,22085,0.0014290443138722765,1.0211931390104185
21,22087,0.003681403908003135,0.6376918405528413
21,22089,0.0014853016630814908,0.6578748031506225
21,22093,0.0014408237129172662,1.072142259148574
21,22095,0.0012638635795490165,0.850123984303833
21,22097,0.002752638486055825,0.7158760886024945
21,22099,0.0013948356348222708,0.8643410645274543
21,22101,0.002977357135649802,1.3209410120864304
21,22103,0.004162311605391878,0.5550107178707857
21,22105,0.003350450824985442,0.597327374498774
21,22111,0.0012879501684661015,0.9246188656328586
21,22109,0.003189957024166927,0.5935185183039271
21,22113,0.0017512999286155852,0.7851281190471467
21,22115,0.003455707027266298,0.9879043464238777
21,22117,0.001693135183477744,1.0619899963275006
21,22119,0.0013725025616386937,1.307873761080086
21,22121,0.0009348895939700137,1.586339887809226
21,22127,0.0006548904466860105,2.0160732158504544
21,23001,0.0028750729947529478,0.6304730734496363
21,23003,0.00670902377003702,0.8791155799933185
21,23005,0.007797370366322467,0.7247081523723135
21,23007,0.0021452653944601164,1.1347342528044118
21,23009,0.005971661369056332,0.6245617463407778
21,23011,0.004805504519726923,0.725197090053843
21,23013,0.0024696715019039014,0.8739147070926755
21,23015,0.0031058303156795723,1.5184103179679862
21,23017,0.0036727246138946066,0.7045887735881144
21,23019,0.004832350023671099,0.5321351142256213
21,23021,0.003232185940582549,0.9521815658419851
21,23025,0.0037480594811785777,0.8288115342036904
21,23027,0.0021715218979184367,0.9482572204172973
21,23029,0.004252732057923993,0.6691709368834213
21,23031,0.005473060547344219,0.4796342477342482
21,24001,0.0030806884205373548,0.6294579913189712
21,24003,0.011099824190613462,0.42291715765293075
21,24005,0.013770509533580187,0.4061610370125004
21,24009,0.0038002668336449227,0.7092396502999512
21,24011,0.0014430784883206172,0.8020358917464318
21,24013,0.005851243656100634,0.5228747284664085
21,24015,0.002750372845391779,0.6947087059953496
21,24017,0.004650127494082036,0.5903773756030951
21,24019,0.001308605308453636,1.0877414965961263
21,24021,0.005851143832215888,0.48274275219508117
21,24023,0.0021622131010854647,1.0690093805868708
21,24025,0.0076743332653225384,0.4594594494463981
21,24027,0.012679460075473962,0.5535258376098399
21,24029,0.0009338085048836404,1.4213796010675932
21,24031,0.0220868306159748,0.40633241258078767
21,24033,0.015687859992797492,0.5040496495814987
21,24035,0.001840952979803987,0.7623877432194139
21,24039,0.001272264083631241,1.4120147200061999
21,24037,0.003642230174147491,0.904795695535268
21,24041,0.002685651617998257,1.3997115238144953
21,24043,0.0026021558761967017,0.5887066123064472
21,24045,0.0021510815246024374,0.6118005357761376
21,24047,0.0040340713605496745,0.9531854619119411
21,24510,0.020613809282848648,0.38692876055860304
21,25001,0.018450678682229934,0.4617265193865717
21,25003,0.0076896376606522985,0.6125579035025684
21,25005,0.006880500859718755,0.473725580001502
21,25007,0.001288336282423209,1.8629073351080192
21,25009,0.009707075791830723,0.5017454815464268
21,25011,0.004613599413683285,0.948054870925576
21,25013,0.005915811538664025,0.37808078205017215
21,25015,0.007534480766891486,0.609292188992966
21,25017,0.024635947117112762,0.6487704974860589
21,25019,0.0010375071215966863,1.2491540944241057
21,25021,0.016023984766049475,0.6242796440023568
21,25023,0.008819774875813098,0.5280142753378602
21,25025,0.03624938087778392,0.4745511139255373
21,25027,0.010085646055777551,0.3209778086281946
21,26001,0.003879973053339084,1.2096896110201603
21,26005,0.0034530343970836236,0.8460972134379786
21,26007,0.0027828171158159136,1.0329264706375807
21,26009,0.0034285325628547855,1.1713355803660424
21,26011,0.0020955070709582327,1.485683609624207
21,26015,0.0024249155209564188,0.7152290067098825
21,26017,0.002604657327950476,0.6193273734993419
21,26019,0.001860120465162789,1.4443684925727498
21,26021,0.003448101720504739,0.47649143556248535
21,26023,0.0022856905867074022,1.0222568228600544
21,26025,0.0030856320045208117,0.47484596678102414
21,26027,0.0023755739702006153,0.7403243653705585
21,26029,0.003970539457829773,0.9167522794375872
21,26031,0.002916957405782526,1.040721016700271
21,26033,0.0021788959128125527,2.020876931331367
21,26035,0.002910707040576823,0.7651884915174312
21,26037,0.00248072800456988,0.5701618597572069
21,26039,0.0019923791797810918,1.0072642642177754
21,26041,0.00268649767575188,2.122053361143365
21,26043,0.0016477394193028373,1.0046366261109898
21,26045,0.004412850892778638,0.6744502220977165
21,26047,0.0017577583259370559,0.8925849642222339
21,26049,0.007429341665424808,0.3947161985859507
21,26051,0.003148620184492694,0.9083532476120149
21,26053,0.00252316827560344,1.3853565672225772
21,26055,0.003793285945414399,0.6501956756960187
21,26057,0.0019216375900373889,1.0477733094709483
21,26059,0.0018496164849441952,0.9229338331925728
21,26061,0.0020571434482757845,1.024686070190081
21,26063,0.004067530668252378,1.0967198060491963
21,26065,0.01082514797702681,0.561531715557605
21,26067,0.0016463339986939954,1.2476241790212217
21,26069,0.0047866190780329,1.0477266638874294
21,26071,0.0028665669156802834,1.194071793579208
21,26073,0.0023824928549166886,0.9076276050320131
21,26075,0.002652013278491755,0.6283185433739781
21,26077,0.004428551987757982,0.27072401642703336
21,26079,0.0010821529921116592,1.1634277689423027
21,26081,0.011196567938577266,0.39045340095963704
21,26085,0.0016488455252753535,1.310033501956506
21,26087,0.0032863789318409095,0.6988975407231918
21,26089,0.0035165568392405817,1.1501416204202328
21,26091,0.002602928169225014,0.7789910302435926
21,26093,0.00983234544299352,0.5080802498393896
21,26097,0.0024771106050957945,1.2519729003588393
21,26101,0.003440405679359988,1.2350581559841998
21,26099,0.009739722156417982,0.3676503261479094
21,26103,0.0033765081507819124,0.9613191034523901
21,26105,0.0023246542523051115,1.2626846846624604
21,26107,0.0012735976522462854,1.4982633273792647
21,26109,0.0028139835979329748,2.160670947050342
21,26113,0.0013410786210690667,1.2329715774182983
21,26111,0.002709569873992636,0.725631999369841
21,26115,0.002881857215966745,0.4790886784841451
21,26117,0.0031414234717276274,0.891715217824029
21,26119,0.0029678707862944354,1.419049660465453
21,26121,0.0033017165662840462,0.4971927840902866
21,26123,0.003694037452218405,0.8744519979394463
21,26125,0.017411936393655538,0.3352992343812578
21,26127,0.0012198410096322244,0.9129542080439081
21,26129,0.003092680187469339,1.0441675993453328
21,26131,0.0010199861392439962,1.3590095658500632
21,26135,0.0027760492612660397,1.2349990767577101
21,26133,0.0026624854482539986,0.9909183602155305
21,26137,0.0015787124284978042,1.0938190817421618
21,26139,0.006110685748087887,0.6624647435878002
21,26141,0.0035819933166970916,1.078900730408385
21,26143,0.005409994926336023,0.9681348420945939
21,26145,0.0038796053130097804,0.4394994002029416
21,26147,0.005217404145821872,0.6321926565698385
21,26149,0.0026492006392364394,0.7521686544715595
21,26151,0.0026268493854849986,0.9292453301107348
21,26155,0.0023093579122736977,0.8410612333582056
21,26157,0.004047693640475797,0.7097626648374004
21,26159,0.0025484134478478957,1.2832413020826634
21,26161,0.011747898832166195,0.3241815465008474
21,26163,0.019701747838120884,0.34668384063441504
21,26165,0.0013412375433561779,1.0655565162400638
21,27001,0.00387750673212086,1.1507282233966831
21,27003,0.01041325185980236,0.5089339745696311
21,27005,0.0025887225795786176,0.971728300965101
21,27007,0.0017081949650406315,1.0477167504181941
21,27009,0.0014754093884735639,1.0577351064916403
21,27013,0.002761302781295785,0.7559290733602921
21,27015,0.0016737421924132173,1.7003546970277363
21,27017,0.0013104347095095421,1.0868912131533854
21,27019,0.005268864711113295,0.6738647638449488
21,27021,0.003196195380229557,1.1303241169749738
21,27023,0.0010493792036294467,1.1031495907768325
21,27025,0.002918579403565796,0.8771814350399812
21,27027,0.0019558708700442365,0.9105022315436806
21,27033,0.0010638672611202416,1.5989626542519224
21,27035,0.003459790099859721,0.9225695996059841
21,27037,0.00873757930454893,0.39308780789958925
21,27039,0.0017502404929872028,1.0720678510351775
21,27041,0.0025515403448867044,0.8325104318955391
21,27043,0.0031618730305185993,1.7353997878335925
21,27045,0.0028932872078707163,1.2377413453800912
21,27047,0.002842119612807129,1.1015667323395373
21,27049,0.0025642114436303693,1.2729915162666503
21,27053,0.021277752269316098,0.4914032802263493
21,27055,0.0018507905125717792,1.7856925786436735
21,27059,0.0020949278218865787,0.9645358552442729
21,27057,0.003461304672211374,1.7114815627440905
21,27061,0.0028434862534860487,0.8831790141782503
21,27063,0.0012049867826086631,1.6022118118868833
21,27065,0.0009887150583029847,1.297774489300832
21,27071,0.0008483431762892601,3.319191689388378
21,27067,0.002181177759457584,1.2520145858057488
21,27079,0.0020065075851971067,1.0593546526215567
21,27083,0.0018576914335042966,1.1191639106761329
21,27085,0.0017773275074847645,2.308204806982029
21,27089,0.001747758802654992,1.6132134811986834
21,27091,0.0019869315914336203,1.2535311918920737
21,27095,0.0010380349219571237,1.6190585803733841
21,27093,0.002323180763346896,1.2676201835848293
21,27097,0.0022875876830891722,1.511897453375798
21,27099,0.00206149707773838,0.8652844954857885
21,27105,0.0010922394100389154,1.3944828415808936
21,27103,0.0013067710004417371,1.6758571837464085
21,27109,0.0058444925006521835,0.52597577902698
21,27111,0.0055355969292976105,0.8799373935564344
21,27113,0.0014713749313502754,1.283943339151228
21,27115,0.0023933499294702607,1.1435717504167635
21,27117,0.0020560414872498834,1.8298242048474223
21,27121,0.0016887765839464892,1.2513479603515079
21,27119,0.0018463653778573598,1.9934307547497332
21,27123,0.011429279967788015,0.44489445176046927
21,27127,0.002266384842673972,1.4648926112422938
21,27129,0.002622472729293907,0.9218392630631128
21,27131,0.0018539506650224146,1.1094578126109242
21,27135,0.001527802294015141,1.2817026000519411
21,27137,0.007153485916233214,0.9113813068835974
21,27139,0.006452615426266029,0.6419821757550499
21,27141,0.004449278246383914,0.8198702530187101
21,27143,0.0016051087956468323,1.5235367501046408
21,27145,0.0032232537453250956,0.6578164415386818
21,27147,0.00133999683640788,0.9845920986193555
21,27151,0.001347401410453887,1.9574561187997082
21,27153,0.002215729057272996,1.0671799003826206
21,27157,0.002052272553259016,1.0201924053447433
21,27161,0.0011280949029479506,1.5118861113606885
21,27163,0.006423255031458625,0.5867533001749243
21,27169,0.0016789969280691093,0.8971562583455309
21,27171,0.0048453866654313655,0.839745907367333
21,27173,0.0015031021413880192,1.62490428963554
21,28001,0.0012322012588037725,0.8368218216152858
21,28007,0.0013889060145809858,1.2133108580601064
21,28003,0.001301415099638601,0.8193098777432027
21,28011,0.001762085835609347,1.1955092571270396
21,28013,0.0012070635153958035,1.5835417690260345
21,28017,0.0007399367251767846,1.445706836262147
21,28023,0.0006790004001772929,1.2088369771904006
21,28025,0.000984983228140317,1.8673638102895875
21,28027,0.0014533717324315561,1.18583174985377
21,28029,0.0012189781896177702,1.0467748546814568
21,28031,0.0006371578062312871,1.1355478343642238
21,28033,0.003281240242265265,0.5751050341796781
21,28035,0.002067780330109197,0.612463727584451
21,28039,0.0011230506467049728,1.2114158551467942
21,28043,0.0007018731364974817,1.4702293134706967
21,28045,0.0011256719787207383,0.9169958898205981
21,28047,0.002695018777340672,0.5151037538279971
21,28049,0.006761178500669533,0.38035633683897085
21,28051,0.001705444710072313,1.0697905069556517
21,28057,0.0008938444646373052,0.8701537294181411
21,28059,0.0022146035037937813,0.7340465559344767
21,28061,0.0006991933578139171,1.3530833878843649
21,28067,0.00145856513085905,0.7839986011623544
21,28071,0.0018986564926421398,0.9693524576833011
21,28073,0.0021310653243035967,1.0432547373219807
21,28075,0.0020418499480921765,0.7620451723517201
21,28079,0.000860856707363753,1.112745752930843
21,28081,0.002017906768914779,0.6121234689844648
21,28083,0.0015131457480708898,0.8724566022935982
21,28085,0.0011888551969433721,1.3275024205090022
21,28087,0.0015017326575534362,0.7824682491569369
21,28089,0.001908419986778207,0.8102389097359429
21,28091,0.0010713781244350066,1.3023798655336034
21,28093,0.0010094206798099358,1.638204260001084
21,28095,0.0015044133575593203,1.1478620151569374
21,28099,0.0016266102865398469,1.0268312288681232
21,28101,0.0009004572289439854,1.3282981617636396
21,28105,0.002849991492838968,0.9414965174015254
21,28107,0.0015609638910170697,1.137934377239632
21,28109,0.001799677011712562,0.9910859103539689
21,28113,0.001123701365847189,0.7734622635988907
21,28115,0.0014382306068899532,0.8067557100446309
21,28117,0.0009950954012591558,1.2198837773427913
21,28121,0.0034190069236269237,0.5288631186751295
21,28123,0.001352571446997348,2.1112741958854406
21,28127,0.001087511975221879,1.01116777694959
21,28133,0.0012669183713900712,1.3362167861631247
21,28135,0.0006726848160203151,2.718142018994562
21,28137,0.0013061963771588054,1.359143928153644
21,28139,0.0006923848303679729,1.3447494123246362
21,28141,0.0005253966204115477,1.278355640739578
21,28149,0.0016810531611313438,0.8507473628846826
21,28145,0.001593655076609258,0.8942045201992943
21,28151,0.003515601751346628,0.692299369060711
21,28153,0.0012048934864249566,1.118229816691586
21,28159,0.0013124094692930136,1.2688580802465923
21,29001,0.0007715280793212207,1.0384382978681486
21,28163,0.0010709848474072673,1.149672867367883
21,29003,0.0009045114972202939,1.1780532450395516
21,29007,0.0014513824995253267,1.0948832882079833
21,29009,0.0010262704274985404,1.2050985583298477
21,29013,0.0008421159356002804,1.289582309216687
21,29015,0.001784581087405266,1.0824556093674518
21,29019,0.0056675316370527465,0.505531183053771
21,29021,0.002510724333366091,0.6308031846563019
21,29023,0.001263278089141918,0.7261822080076897
21,29027,0.0011709675727201558,1.0726342152789679
21,29029,0.0030717475034381003,0.8145333739628452
21,29031,0.0014813770579598646,0.8449011555148228
21,29037,0.002092737784769071,0.7301262242399353
21,29043,0.0036500820776033073,0.6287057316666212
21,29049,0.0008342351717824284,1.4982250791043683
21,29047,0.00552162518603174,0.49482449383756455
21,29051,0.0018513240672760026,0.7314790234669558
21,29053,0.0009239914009241291,1.4168095997309549
21,29065,0.00048569403430234856,2.1187155770591923
21,29055,0.0008674013836962797,0.9613362621467707
21,29069,0.001985294894846094,1.4103340248636835
21,29071,0.003361957671945833,0.7614480814161665
21,29073,0.0011416520267803043,2.2012729247645364
21,29077,0.006559315820830081,0.4522165610657909
21,29079,0.0008029849551228898,1.352691028850628
21,29083,0.001319028467036032,1.3819802573610727
21,29091,0.0019711704427815536,1.1274855813010924
21,29093,0.001210814480920154,1.561306966829893
21,29095,0.009528107465986065,0.4293572572394733
21,29097,0.0023829180029010084,0.6591126469996325
21,29099,0.0057280900937153306,0.6267948608460431
21,29101,0.001316179017923013,1.6890812467114418
21,29105,0.0011511262641747328,1.2733877126940494
21,29107,0.0012111083579346405,1.1594688879789201
21,29109,0.001320781842092782,1.601252569073068
21,29111,0.0009451785747780528,1.1868677270286077
21,29113,0.002555333924110219,0.816610825006709
21,29115,0.0012495144693766883,1.312279659199956
21,29117,0.0008917152111018691,1.1381255413661437
21,29119,0.0010595786463681808,1.1620490998867532
21,29121,0.0013281453577106417,1.5979398243515586
21,29127,0.0015990468006560783,1.7148035963635078
21,29131,0.0009152986951955605,1.576392358494768
21,29133,0.0005542653833626274,2.3351197810430615
21,29135,0.0006759289055741165,1.3243114949927106
21,29139,0.001073015043474777,1.3410232079195803
21,29141,0.0007697170326783656,1.3954984665436767
21,29143,0.0012878780046423825,1.2780970419917232
21,29145,0.0022056814296529323,0.8959573853258572
21,29147,0.0005149174621211241,1.9353572380309825
21,29151,0.0009498675734836252,1.3330075713557752
21,29155,0.0018506915344324263,1.4043252787599818
21,29157,0.0012306415790548594,1.4382470114403287
21,29159,0.0015943122311716609,0.7538686652417184
21,29161,0.001035732636190926,0.8675587123133821
21,29163,0.000915466373434959,1.4515565770077736
21,29165,0.002670324913364059,0.5505194233300652
21,29167,0.0009088765021429959,1.3157323178602267
21,29169,0.0019720123191874074,1.1540774661029858
21,29175,0.0012343777795437289,1.0005956645362095
21,29177,0.0009676868288895608,1.165443128594997
21,29181,0.0007375441127021967,1.161821862945198
21,29183,0.00839500969981292,0.4278116116587923
21,29186,0.0006443891686568786,1.4120512449883236
21,29187,0.0016406970969395215,0.9808606642399114
21,29189,0.013872834222758876,0.31908531068718016
21,29195,0.002055575927028933,1.0548012217915907
21,29201,0.0014561350360746573,1.1937648953621605
21,29207,0.0016237323729705957,1.2413445518008235
21,29209,0.0021091847269932994,1.1951907331879628
21,29213,0.0013540035879601785,0.8429489515547163
21,29215,0.0012254274836402236,1.0820568495263636
21,29217,0.0012433664737597542,1.3896680194068916
21,29221,0.0013368771288832283,1.1238364083836028
21,29219,0.0012703829519154653,1.1218303839200277
21,29223,0.0009587304059053637,1.2631156606816036
21,29225,0.0016652065056314087,0.7197444018533451
21,29229,0.0009882607969686425,1.4946507716824415
21,29510,0.0144737757689921,0.4815086275008643
21,30003,0.0017404163961267903,1.2493026616904501
21,30005,0.001425548363625464,1.0758256568785343
21,30009,0.002026492125415724,1.4143394745570228
21,30013,0.0019560220135566037,0.5473837602947943
21,30017,0.0014777201394937248,1.2635937491103773
21,30029,0.0034061834698604744,0.8243629723961031
21,30031,0.004396014160825187,0.6340131040937954
21,30035,0.0003813905526404191,1.4748101504091178
21,30041,0.0008030978612276387,1.4082812290032278
21,30047,0.0014140468305789296,1.1460876231799426
21,30049,0.002494666963455339,0.7260224027691923
21,30053,0.0013272710129405025,1.075486801308367
21,30063,0.004177707569442425,0.7212712583269248
21,30067,0.0011336998604138118,2.3592282752812026
21,30081,0.0022084294576968267,0.8434003367220955
21,30087,0.0006490321245333927,2.160842259600945
21,30083,0.0008050169355745184,2.134760389811464
21,30093,0.0016451595887223447,1.0854284625048412
21,30111,0.003740250851726053,0.6225976976886728
21,31001,0.0012605101892411753,0.6819953641929198
21,31019,0.0016340416254848297,0.9096750937805616
21,31025,0.0019380781073282162,1.5646805724726642
21,31041,0.0010395643422258924,1.1176324645440272
21,31043,0.000601160580404351,2.051959396233662
21,31053,0.0014720845279596717,1.222460542379291
21,31047,0.00106038828100283,1.868919278540841
21,31055,0.0109019238478439,0.3550410322731179
21,31067,0.0018999277972219697,1.0611109922370698
21,31079,0.0019840367056010474,0.6082925372115754
21,31089,0.0011069329596803833,1.1578254209156795
21,31109,0.0077172318171694464,0.472535006145847
21,31111,0.0015076247827504922,1.2040552854567572
21,31119,0.001361049826859777,0.8321578728928096
21,31131,0.001250484839017807,2.3804107814361126
21,31151,0.0006900293785515463,1.0186818236353266
21,31141,0.0015809678362293086,1.0938477483991744
21,31155,0.0013487810326565644,1.1769763250554075
21,31153,0.007152405534589528,0.5463262453996659
21,31157,0.0015595373078370067,0.7354018888811165
21,31159,0.0008824589037496022,1.5874368854317331
21,31185,0.0007214383901937586,1.411241048433578
21,31177,0.0011273922941836213,1.4826681053089854
21,32001,0.0010260893907243275,1.2037655807959733
21,32003,0.018237875345377574,0.38685913944099715
21,32005,0.004524323431921161,0.7642524175767221
21,32007,0.0024119637849621175,0.9691456319235207
21,32013,0.00047830515615320435,2.3534817402381973
21,32019,0.0010610058075265325,1.0849882855821518
21,32023,0.002037791149026263,1.4331325343203902
21,32031,0.007039794762660556,0.3413162372816015
21,32510,0.0015713474007315923,0.6985806101580462
21,33001,0.0029712335665519358,0.574923693345982
21,33003,0.003989210648931709,0.9146249042743645
21,33005,0.002645673798854225,0.7581342136822793
21,33007,0.0037123573880432545,1.098507494091369
21,33009,0.004694263524886515,0.7930838643592645
21,33011,0.007577087954906137,0.4660125656808441
21,33013,0.0046251595024221215,0.5396298695126438
21,33015,0.010541055318746821,0.6382415172915256
21,33017,0.0022154488890261687,0.673942984274028
21,33019,0.0015779998902473635,0.8554599125361607
21,34001,0.004294486446682653,0.5398556156826669
21,34003,0.018820004355518616,0.5247030013080974
21,34005,0.00846131505995039,0.47323903156523955
21,34007,0.0074395551003021065,0.4458301309795811
21,34009,0.008163788827016032,0.670268422560814
21,34011,0.004244269016536139,0.4763411563119187
21,34013,0.013880702461511971,0.3440214680310579
21,34015,0.005361168057597302,0.4603542770771758
21,34017,0.023887776483378774,0.5279410770296428
21,01001,0.001283348945636337,0.7603545047014958
21,01003,0.00430347722294505,0.6035618956458976
21,01005,0.0020432254234465643,0.9112066991520457
21,01007,0.0006425100977934373,1.2863742285475261
21,01009,0.0020819739986517377,0.9909533171892971
21,01013,0.0017491603672047241,0.8589557478714472
21,01015,0.0024622082828579207,0.5301573366557742
21,01017,0.0011389896925009771,1.2269233317431867
21,01019,0.0017445313141946923,0.9432214468561666
21,01021,0.0015097220233753021,0.7926470238696164
21,01023,0.0007506645674557085,1.4293674467544464
21,01025,0.0023263762249360978,1.0591745343294032
21,01027,0.0008365314776802198,1.1456791004817515
21,01029,0.000808301709313912,1.132215169582787
21,01031,0.0020832256262580725,0.8246824666106232
21,01033,0.0016002086209222788,0.750130416700994
21,01035,0.001280441259462664,1.0468869295654195
21,01039,0.0024141785404396387,0.7849284941358415
21,01041,0.002047696671043129,1.1925245925521684
21,01043,0.0024005909226104036,0.6283151567115762
21,01045,0.0017711588872425317,0.650595480014877
21,01047,0.0020558060156288535,0.6421473180981561
21,01049,0.0023328652494543417,0.7450699680884703
21,01051,0.001880282830102376,0.7360403010562383
21,01053,0.0013344212650023622,1.1222537031093065
21,01055,0.002404568610966381,0.5944252975819944
21,01057,0.00113275880275742,1.2502969550951106
21,01059,0.0015081354699166454,0.8746145146052076
21,01061,0.0016197784217452504,1.1090802933859434
21,01065,0.0014974784273030827,1.0866449631542847
21,01067,0.0011595609140868613,1.1140002822752686
21,01069,0.003401276962157201,0.6010724378094042
21,01071,0.0021167348116279696,0.8506249063626175
21,01073,0.0060383030214764995,0.31540791469716856
21,01077,0.002086002553224577,0.7017581362492222
21,01079,0.0016002230410870255,0.7001801853380746
21,01081,0.003835872920540708,0.8914689851655723
21,01083,0.0015051253134833083,0.6790259888159025
21,01085,0.001109484084398912,1.0820033122954986
21,01087,0.0034091444047753628,0.7673723388949071
21,01089,0.004854209663030634,0.41715099906196845
21,01091,0.0009656928760981294,0.9529538636467983
21,01093,0.0015296958698953627,1.023483794436007
21,01095,0.0026509894949818145,0.7344387064343577
21,01097,0.005340454802011126,0.3594711135768326
21,01099,0.0014509285890143948,0.9715154817636533
21,01101,0.0049249131373520875,0.3805916741161157
21,01103,0.0021913010232257777,0.5663232060798941
21,01107,0.001333361172011239,1.2069362428073183
21,01109,0.0010543079722564216,0.7244078301171921
21,01113,0.0011167699650336575,0.7958380918800775
21,01111,0.0013504999769437993,1.0753726661867224
21,01115,0.0019377649637474864,0.6709581492204094
21,01117,0.0034360426865188147,0.5204791977541685
21,01119,0.0006509298342743628,1.433886143698962
21,01121,0.0022251427521980515,0.6926183469270404
21,01123,0.001290579315716307,0.7743000633457788
21,01125,0.004534534879388722,0.3879200799278748
21,01127,0.0028566119392746873,0.5575236482933702
21,01129,0.0012598499441928358,1.3195052933663058
21,01131,0.0006308886616745832,1.294888397935915
21,01133,0.0012936944526579298,1.2720288744415886
21,04001,0.004758794761702865,1.397568712368304
21,04003,0.004292092792516137,0.6495375391545255
21,04005,0.004273543885868246,0.7930236974846537
21,04007,0.004215598624271121,0.9472270016908907
21,04009,0.00117826699666645,0.8222200823792511
21,04012,0.004380386440800697,1.1779095461901812
21,04013,0.03181035472377948,0.3493700181076068
21,04015,0.010605403608383785,0.631600604011878
21,04017,0.005386151715472868,1.082401068530818
21,04021,0.011002539876688531,0.8857437954083675
21,04023,0.0014618909895247358,0.8661511115032204
21,04025,0.011287842529625619,0.6166143266635578
21,04027,0.01018244311112635,0.7873996414316978
21,05001,0.0016514381690348379,1.2139839017196858
21,05005,0.003593381115169027,0.7775152310396761
21,05003,0.0010002285323549933,0.8050905226712448
21,05007,0.006501523892986212,0.44885804462529216
21,05009,0.0018229588210957072,1.0280715439805694
21,05011,0.001428493894834595,1.1719318025428425
21,05015,0.0008082694036434932,2.733709215530558
21,05017,0.001110253672070398,2.081401319110312
21,05019,0.0012735190965098005,1.4089049186193126
21,05021,0.0019262887568315436,1.8862774879480113
21,05023,0.0017751252228468482,0.9895635142341467
21,05027,0.001009974601231332,1.7766769784293412
21,05029,0.0011413189499097473,1.069081782612887
21,05031,0.003138803081810332,0.5680585198327676
21,05033,0.0015714022000705445,0.8177883655446876
21,05037,0.0011907968591281057,1.1038326503400864
21,05035,0.0029309298160150286,0.6579093525765628
21,05041,0.0011357040892427941,1.4425397826813509
21,05043,0.0007999364582034496,1.3954684754640967
21,05045,0.002910076454397219,0.7244507179855448
21,05053,0.001024732931583137,2.463857397618724
21,05051,0.002252957233824989,0.6004798350487168
21,05055,0.001073196970624858,0.744219686420744
21,05057,0.0010576328624473422,1.2988286132661606
21,05059,0.0012267674324573377,0.9621629749790145
21,05063,0.0012914592423422654,0.9026234151169971
21,05065,0.0010368873054548398,1.1364619216767076
21,05067,0.0011528437387440342,1.1252211379673576
21,05069,0.002485134183814493,0.6073516845670152
21,05075,0.0012002898948805605,1.313446512783791
21,05071,0.0012562002181437082,0.9715487847323083
21,05077,0.0006450048607824719,1.3626565524584864
21,05079,0.0006262152188451671,1.9660386631863742
21,05083,0.001866961745056471,2.420600882055458
21,05081,0.0008681896813025598,1.4815519058494744
21,05085,0.0018195268902248519,0.8186621478198092
21,05087,0.0010137338079687717,1.0878938264026812
21,05089,0.0010538334596904156,1.1947184689365604
21,05091,0.0009360366998567096,0.7034080392459942
21,05093,0.001716902477075827,0.9200743177582243
21,05103,0.0010024615386984802,0.879477943878607
21,05107,0.0010163551927668416,1.0378659513308288
21,05111,0.0012558667247667308,1.4676478382446854
21,05113,0.0012281358481723169,0.9006634782211286
21,05115,0.0017550776890561232,0.8206517174812618
21,05121,0.0006525188374408522,1.5558180306795204
21,05119,0.0051202274373313246,0.3532349865359851
21,05123,0.0010006698716056924,1.2717839823580563
21,05125,0.0031555188819133583,0.5206722436130997
21,05131,0.0023930498895628574,0.6214869005090043
21,05135,0.0008815020296667526,1.4373161268882486
21,05133,0.0007929158170715674,1.7251279399231814
21,05139,0.001481229201216184,0.8749141775312814
21,05141,0.0014976367251973012,1.2729751046798254
21,05143,0.0062670020775468065,0.6828863617784844
21,05145,0.002183344200735094,0.7493797411472747
21,05149,0.001290654758814127,1.121212148961202
21,06001,0.02093623000268694,0.6854522292421861
21,06005,0.002553136625968521,0.9195740889496821
21,06007,0.00558141182192681,0.8828085700406546
21,06009,0.0033124389203950787,0.9625616378386072
21,06011,0.0009800572992148405,1.153676576952816
21,06013,0.014878098734632514,0.43886995239174453
21,06015,0.0008593485075714089,1.1855526449144616
21,06017,0.005765901349005794,0.8419554092835342
21,06019,0.02021654618922699,0.33587063533464084
21,06021,0.0010155630889058904,2.260016974729037
21,06023,0.004907840006445994,0.5975443998670761
21,06025,0.006641310521094473,0.6718796991237359
21,06027,0.0017725186239998304,1.897971897803028
21,06029,0.019711350757063935,0.3945503573512926
21,06031,0.005253512515008965,0.9126134866421979
21,06033,0.0026437883348319913,0.7066442523167219
21,06035,0.0016498025084223697,0.841322595880952
21,06039,0.005291015498680517,1.4118312012439003
21,06041,0.012496475471104811,0.533053577973962
21,06043,0.001888259216982386,1.0608090958372671
21,06045,0.0033620040926748977,1.040176234569019
21,06047,0.010303495753737736,0.5658406658332482
21,06049,0.0011465713611324827,1.4319471366666083
21,06053,0.01227610408120365,0.8886514471048802
21,06055,0.0042834460639271064,0.6218296762011303
21,06057,0.00517140947319869,1.3856551128259778
21,06059,0.028945433388002473,0.44927728335002876
21,06061,0.01113511785227507,0.48766230352417395
21,06063,0.0021743874539949318,1.1461416999910268
21,06065,0.02956846435892119,0.7000945593598709
21,06067,0.014912442377779531,0.40844942521828
21,06069,0.002394526560778835,0.7858643175075612
21,06071,0.028492037617996104,0.4027565806019191
21,06073,0.022860494975636813,0.39229171713593514
21,06075,0.0430210387058753,0.6692652204634886
21,06077,0.01253046160531252,0.40899450196694126
21,06079,0.01012570976653701,0.6739501201989277
21,06081,0.015284457884377338,0.44671294643591086
21,06083,0.00934418693373008,1.1529451449558423
21,06085,0.03176304948727108,0.5056516001171093
21,06087,0.008336681376191818,1.0982878751576564
21,06089,0.005587062902435298,0.4811183972001921
21,06093,0.0034416974083723187,0.8391378901191717
21,06095,0.007041472473501734,0.4676744316534083
21,06097,0.011332195774763534,0.37251983428703384
21,06099,0.011165509188897459,0.4458874105027624
21,06101,0.0026903839055573745,0.6085906693167779
21,06103,0.0022927290603016754,1.0589773515850731
21,06105,0.001493794096727076,1.6241197730501449
21,06107,0.01498316730774745,0.472861616909761
21,06109,0.0028628464396719443,0.8245592721043232
21,06111,0.012683565330045193,0.585454939180547
21,06113,0.006459873559151659,1.1105984293599438
21,06115,0.002143249509128145,0.8052284620697072
21,08001,0.012811975659524185,0.36179367519277966
21,08003,0.000418856221252805,1.9105563543417037
21,08005,0.014341622053332862,0.46911008633960355
21,08007,0.0009362221495588455,1.6457207192578356
21,08013,0.010392208992329958,0.8035912956641869
21,08014,0.0028776560357426737,0.6486367556963417
21,08015,0.0016775603968685472,1.85824622717955
21,08029,0.002018174646472789,1.091606144644447
21,08031,0.023510062908165166,0.5435954624136773
21,08035,0.014692689401014033,0.5100817110843509
21,08039,0.0019774630047416607,0.8955200170459675
21,08037,0.002865294105895414,0.7257850686108863
21,08041,0.013448663174414356,0.46622247551708945
21,08043,0.0023090202042973917,0.8561312595498856
21,08045,0.0022402677260758732,1.2858151233771267
21,08051,0.0005377468920285364,1.5013744879169606
21,08059,0.012685623519262182,0.36029042398260847
21,08067,0.0017497606158749384,0.977538648242218
21,08069,0.009065075455665345,0.5790558670106537
21,08071,0.00181803958340147,1.349679645087302
21,08075,0.0009724930983481939,1.0305054726488037
21,08077,0.004084013726548775,0.5985611078345243
21,08081,0.0006728251534444132,2.1453141677294054
21,08083,0.0010843696414954516,1.5622050991564926
21,08085,0.001614042549521578,0.8181103616518755
21,08087,0.001045793340496251,1.444670354646341
21,08089,0.0014500355491148024,1.2305582137493463
21,08093,0.0012956396823226312,1.519691180600798
21,08097,0.0005827039449809692,1.9097505559785433
21,08099,0.0014380826240363391,2.1711152039912607
21,08101,0.0034667061063620437,0.4071582169081801
21,08107,0.0017551404193032515,0.9361358522634547
21,08113,0.0012243024055531699,1.7868370901103996
21,08119,0.0016170308123160902,1.4458885383962226
21,08117,0.0023942365036799763,1.3971435354345971
21,08123,0.006509057663907545,0.4736119477337423
21,09001,0.015042544433450655,0.3933659167437345
21,09003,0.007133209760247594,0.41043231536634966
21,09005,0.008340491359970377,0.4653269728396203
21,09007,0.00616421397016092,0.7629315497353235
21,09009,0.00975246437602885,0.4660367356979401
21,09011,0.0051922352218648025,0.42063192556710394
21,09015,0.0029714039008056086,0.8930989726512586
21,09013,0.0037133013165811563,0.5704549743455077
21,10001,0.001952517610660182,0.5401635015065596
21,10003,0.006571817651276641,0.4473216252795426
21,10005,0.013154377304980282,1.241452902834482
21,11001,0.034666363656103275,0.5351978503342354
21,12001,0.009356131958400954,0.5294954851588084
21,12003,0.0010077045452871406,1.189741335868069
21,12005,0.0032031340065478793,0.5298323050934715
21,12007,0.0009296426328552396,1.2021390737244781
21,12009,0.015146723410869607,0.3425988652157962
21,12011,0.02112809903912576,0.30046527541911655
21,12015,0.01894697221515966,0.5679842170817592
21,12017,0.011298906290939789,0.4655517002463216
21,12019,0.00402659011483272,0.5596895358425236
21,12021,0.02457016334058519,0.599600077926196
21,12023,0.0019096436068099033,0.6952813902446421
21,12027,0.001737112572154362,1.0812100452740823
21,12031,0.00876380810956136,0.35797957934222463
21,12033,0.004756604946977307,0.41357656884495075
21,12035,0.006775998533711034,0.636819546620958
21,12037,0.0006793995972606035,2.5067335152080843
21,12041,0.0006945223378173447,1.3983461166375464
21,12039,0.0016527441863695427,0.9206323581991799
21,12049,0.0012688530360515289,1.1781268352720637
21,12051,0.001004336674600367,1.705955022481975
21,12053,0.009019849740935641,0.5914080160004991
21,12055,0.008496422066236391,0.5120018945566779
