src_state,tar_geoid,mi_shift,moran_shift
22,34019,0.007376931841391198,0.6020225890749384
22,34021,0.007131480264918584,0.5915759001427104
22,34023,0.012578855507577183,0.5125831611119199
22,34025,0.01221943958040323,0.3482223356044178
22,34027,0.017759623641876818,0.34627433336123054
22,34029,0.016669078079793835,0.5298053366081221
22,34031,0.008764883278296153,0.6625559447470472
22,34033,0.0029359601401446724,0.894047556785468
22,34035,0.011291396435138388,0.371139831995265
22,34037,0.0076219326728116585,0.4280330756907919
22,34039,0.01009103116438162,0.6049934626191071
22,34041,0.004343912189084041,0.6429994734493817
22,35001,0.010887644274315243,0.428210187544962
22,35005,0.0016147089501657294,0.6627848429872977
22,35006,0.0010265435722769305,1.867352905198498
22,35009,0.0012757621980775636,0.7563168208077602
22,35013,0.003870185239095167,0.6454726561525945
22,35015,0.0019528584491540677,1.0954680941064079
22,35017,0.001932158879858995,1.3647306913528008
22,35025,0.00329763957496463,0.7348410856548084
22,35027,0.0012735643848685787,2.463733175515438
22,35029,0.001006649985464275,1.101441801710906
22,35028,0.0011482962587434412,2.3290735153957507
22,35031,0.003967528277832128,0.8182572477472028
22,35035,0.0016626157482916377,0.6137693185831892
22,35039,0.0017400331108208818,0.8569214782358271
22,35041,0.0010226621505823649,1.8499374036854397
22,35043,0.0021819219790664333,0.5083842600678476
22,35047,0.0014616580510631643,1.053885896796071
22,35045,0.0028943392800681485,0.5332971598738351
22,35049,0.008447220268623958,0.4990545907295329
22,35051,0.001486551251665492,2.547245007278807
22,35053,0.001138141884602832,1.5114169398397723
22,35057,0.0005968935140698833,1.8791616421678907
22,35055,0.00144503141859433,1.364129052022052
22,35061,0.002389119279426973,0.6317349073177089
22,36001,0.008839717429932316,0.5023028164879345
22,36003,0.0027716454141156798,0.5981901465241889
22,36005,0.024826735995925626,0.40902429703188586
22,36007,0.005062044894769898,0.40412445248454393
22,36009,0.0028878172657333936,0.7250798074214557
22,36011,0.0037491847559806744,0.756885959276662
22,36015,0.002051365850185715,0.5277935700876059
22,36013,0.005279651554510614,0.7077333828092427
22,36017,0.0030150179220269067,1.3955300118976801
22,36019,0.002144453631293833,0.969611986162607
22,36021,0.004676741913177151,0.8137697685793156
22,36023,0.001648982496034019,0.8892682398917022
22,36025,0.0038179533860158567,1.3744054128353331
22,36027,0.008111286605900764,0.5145605243233946
22,36029,0.011812491557771075,0.3992594841529723
22,36033,0.0020904200199824948,0.955886192040973
22,36031,0.0032589514906203954,0.8208117134408042
22,36035,0.002373888287412532,0.8456867721401247
22,36037,0.002601466794115025,0.7796974898486793
22,36039,0.0025560373989080764,0.96120678588216
22,36041,0.001799910053814902,2.0338423614783596
22,36043,0.0032812337947804872,0.6990803027998549
22,36045,0.0028645318445014293,0.5521005663798597
22,36047,0.031386470853191434,0.4949221503547187
22,36049,0.001998420980367055,1.1613157858358143
22,36051,0.001739941115422391,0.9659923522331446
22,36055,0.008910424550855257,0.47051344937605477
22,36057,0.0019740692847452835,0.8263095905520079
22,36059,0.030611735187547083,0.30334743918364543
22,36061,0.0570069576452576,0.49059920697796133
22,36063,0.004474264441305317,0.5015760929465428
22,36067,0.007927908309361492,0.5180612774772395
22,36069,0.003767446587407293,0.6102605834703336
22,36071,0.009305402962757024,0.7769994662448773
22,36073,0.0017517060534816675,1.5799446299473556
22,36075,0.0035002293273307073,0.5979519801705788
22,36077,0.002889022586731631,1.5295745275601103
22,36079,0.004992693076036297,0.624245186201623
22,36081,0.027757373120887732,0.3874832431365217
22,36083,0.003903910078349978,0.8557459113350823
22,36085,0.009055412680174662,0.35820649077551836
22,36087,0.008438721111160697,0.7320438124878463
22,36089,0.003639125633460873,0.8899680785545411
22,36091,0.0067450698173851685,0.4318322289290802
22,36093,0.003996670066759469,0.39721483555879167
22,36095,0.0018300397681959085,1.1906507632239642
22,36097,0.0013109495765199566,1.4499490056144146
22,36099,0.0023544279508873906,0.8917072126477098
22,36101,0.004828462099472784,0.8798533464248194
22,36103,0.024161756212338056,0.35896302804606633
22,36105,0.002817144025090739,0.5278880685770294
22,36107,0.0021996796502646463,0.8372546949176537
22,36109,0.005304371863130993,0.7962922197192113
22,36111,0.006719126768458666,0.5069155229633311
22,36113,0.0036531109617225807,0.9562361439948727
22,36115,0.0033307902920873323,0.9170386749690759
22,36117,0.0037472560316293988,0.6038558505846113
22,36119,0.013891473620341566,0.3803334108888687
22,36121,0.002450657259717562,0.7256130318250189
22,36123,0.001681691078301407,1.2816974696936196
22,37001,0.003381563308992597,0.4603544557304534
22,37003,0.001827791090457286,1.0310734119171034
22,37007,0.0009733987559356061,1.0327162278459248
22,37009,0.001526639044275162,1.3570472032491232
22,37011,0.001357866380659574,1.4362352762628703
22,37013,0.0019054046224334905,0.8381996050325016
22,37015,0.0007427860415912415,1.8292770989170044
22,37017,0.0016537881494815508,1.3308273100461891
22,37019,0.0077652106996242126,0.7490774442134743
22,37021,0.0058037900913567066,0.34356655164227873
22,37023,0.0034678619434640023,0.6719720057967067
22,37025,0.00331956801058221,0.3709813052401346
22,37027,0.0030685473654995885,0.53448190792384
22,37031,0.007817214446109715,0.47904826846587933
22,37033,0.001284159033335133,1.1432887024520415
22,37035,0.0045801084068606245,0.48348771998139245
22,37037,0.0026211780586314565,1.2023696364708045
22,37039,0.002012065642301409,1.2545791098132333
22,37047,0.0023578130210577244,0.6276268620040792
22,37045,0.003497992662035297,0.5265456871591504
22,37049,0.0022594314099407117,0.9086266439709028
22,37051,0.007301769537002107,0.7637656200310537
22,37053,0.0007820800971450313,1.0179346589795326
22,37055,0.002143176102175535,1.5155666877914358
22,37059,0.0021471926965522573,1.1149752382445866
22,37057,0.005371406582295783,0.43949719239378243
22,37061,0.00198165921652891,0.7395491899765085
22,37063,0.007119592050866851,0.28415268019608747
22,37065,0.0023731610722799294,0.9467479533133581
22,37069,0.0016931837626660404,0.7811002952951805
22,37067,0.004889465020783621,0.38307952724634936
22,37071,0.006850449601499015,0.3747107564748517
22,37077,0.0017725239264980632,0.8391042470424765
22,37079,0.0007766032774374047,1.5985927524923014
22,37081,0.0059073164882317555,0.3487336139324199
22,37083,0.0026791312241332276,0.9994461404747418
22,37085,0.002993710956343527,0.9519226809651502
22,37087,0.003158913648873116,0.5880690192992494
22,37089,0.004774857438133626,0.42585454360428354
22,37091,0.000783762032775057,1.1980241817994026
22,37093,0.0011632537931678848,0.8537905976368432
22,37097,0.005163236623187768,0.48567630855028243
22,37099,0.0014296677339097536,0.935291624457639
22,37101,0.005767531118477172,0.5448014766776127
22,37105,0.0015013229740669064,0.7216616440528847
22,37107,0.0013698625065506355,0.7310371301600244
22,37109,0.0033560677095983973,0.7896480120767827
22,37111,0.00281834444581863,0.8320876988226867
22,37113,0.003051615037664713,0.938158950288793
22,37115,0.0013647971330372469,1.2988383097585683
22,37117,0.0013003030311314991,1.1227444883291122
22,37119,0.014798343970132577,0.303355542126424
22,37123,0.0009592760024680931,1.3444419032162875
22,37121,0.0010002551990821887,2.0508592826253307
22,37125,0.0037319501253495818,0.6616360875339591
22,37127,0.002682405089677219,0.645320237863036
22,37129,0.0031171188724361852,0.36049302763138574
22,37131,0.0014507017056677603,1.7794398094719526
22,37133,0.007748459723369405,0.4667151756835203
22,37137,0.0010544530351269863,2.0402948715340345
22,37135,0.005801470981574922,0.7924224187888731
22,37139,0.0008384317783160642,0.8464972400836202
22,37141,0.0013665126632079758,0.8159996923371251
22,37145,0.0012587401297911645,1.171983503450461
22,37147,0.0029939657238024476,0.48703974686897655
22,37149,0.002020902969592114,1.271005749213533
22,37151,0.004456349309519199,0.49784648463456416
22,37155,0.004097903793495762,0.4904754632940404
22,37153,0.0023687699656022715,0.5839790435015169
22,37157,0.003499404154948415,0.6502121410749254
22,37159,0.003020411080091535,0.45160524190151663
22,37161,0.001881406623129913,0.7366470834959643
22,37163,0.002827221673566158,0.6839523958458713
22,37165,0.0015594287652032223,0.9311245595019403
22,37167,0.0030404216376513824,0.7277863631532797
22,37169,0.0023467837710254955,0.9460232882671482
22,37171,0.0034833034311235983,0.6207492836897573
22,37175,0.0020977578142343505,1.0040346623517928
22,37173,0.00037765566758473946,1.370087002866433
22,37179,0.007527163914336142,0.549467526210223
22,37181,0.001111314657919321,0.6719825679564694
22,37183,0.021161786172197262,0.46178744652856996
22,37185,0.001275470835550068,1.5476778180885526
22,37189,0.0027392402553383837,0.6345200502287718
22,37191,0.002506935299552361,0.408794984497886
22,37193,0.0030315677261228318,0.746547869534196
22,37195,0.001710641375367818,0.6157286684951224
22,37199,0.0015109731939106418,1.514969097469938
22,37197,0.0020529252602711798,1.110100342539685
22,38003,0.0006879196397062217,2.676585849123144
22,38005,0.0011863670922076062,1.4127583720932175
22,38015,0.0036869668432740355,0.545965371725379
22,38017,0.003930086251882885,0.4402962477048635
22,38035,0.002253200445095105,0.5966650868093701
22,38053,0.0008209989870762853,1.8835942108032917
22,38059,0.0012132817093873749,1.777242609658827
22,38067,0.0028520852757054254,1.2502088950364276
22,38077,0.0017615941491664038,1.8198135936779751
22,38079,0.0007253553546340707,1.568289372310873
22,38089,0.0013741638709015294,0.8879369282744707
22,38097,0.0011590637696309582,2.0584419377560303
22,38093,0.0011696838708315797,1.4826202446367762
22,38099,0.002240452344761426,2.1438930804382794
22,38101,0.0019472862312172926,0.6905265171630358
22,39001,0.001698545469726958,1.2122254369001695
22,38105,0.001013439627723835,1.270142237745869
22,39003,0.0034283177397809697,0.40608554926825174
22,39005,0.0021187890557898036,0.697180210837706
22,39007,0.0039417799525072504,0.753096068932385
22,39011,0.002756958450914331,1.239020100531119
22,39009,0.0029063095435854047,1.2128943016425469
22,39013,0.002910743799953571,0.6850250642214452
22,39015,0.0022077721598313866,1.0600891938872083
22,39017,0.005366541673744417,0.7680094353925548
22,39019,0.0019322979223795388,1.0421838642278312
22,39021,0.0018103597500134154,0.8987974471379825
22,39023,0.004306944026169827,0.4128578861393645
22,39025,0.004560446504859743,0.49627987095820975
22,39029,0.004182307258185045,0.7818427067833777
22,39027,0.001813659190870749,1.2598137491128214
22,39031,0.0018557923342414516,0.8834127098886035
22,39033,0.002529374087482643,0.9139721712861669
22,39035,0.016536849070204012,0.3774319934049914
22,39037,0.0026135732816870423,0.9131448608268722
22,39039,0.0022496322112610886,1.03877485799199
22,39041,0.007954927767596823,0.5317310057303869
22,39043,0.0024153665636248477,0.6777066338936472
22,39045,0.0036193090186259955,0.7043133204487364
22,39047,0.0019438346831684096,0.9448189120355439
22,39049,0.012051012719301327,0.30125804565469155
22,39051,0.0023771114124495557,0.8636084265248551
22,39053,0.00127347158584214,1.0393965693687122
22,39055,0.004577233553856682,0.7721464504109602
22,39057,0.004559267553629696,0.43861011194908495
22,39059,0.0028976519053308188,0.9386639138641577
22,39061,0.01284164577314645,0.3910165479079218
22,39065,0.0015478096182557693,1.4020321253319843
22,39063,0.004106466783767197,0.678515805508712
22,39067,0.0013663363974400543,1.9898369198248331
22,39069,0.0020359881741302825,1.260816173691585
22,39071,0.0019359078807062722,0.7320386161753452
22,39075,0.002627245557794686,1.2033000663672873
22,39073,0.00207413527561915,1.1202445036557955
22,39077,0.002970624055924561,0.8963786839601247
22,39079,0.0014683320044079813,1.0763714793654446
22,39081,0.003740397761712331,0.7045842899956445
22,39083,0.0019355155923451947,0.739407749962782
22,39085,0.006690140590044887,0.3844888153514327
22,39087,0.0020063198799831535,0.8450790116445017
22,39089,0.004129378370276427,0.5141171963230132
22,39091,0.0018051357553169089,1.206626542679625
22,39093,0.004814776529221055,0.31600578037367827
22,39095,0.005718496275236141,0.3595837221143255
22,39097,0.0018911027614724421,0.7545575071727739
22,39099,0.007609808166976547,0.33455697596932604
22,39101,0.0016827534984730805,0.4812253324587637
22,39103,0.005979880919306048,0.49795094130888
22,39105,0.0018231438005608656,0.9847591995575926
22,39107,0.0017544955396788188,0.9062873573051468
22,39109,0.00335531008257251,0.679306461355818
22,39111,0.0013023407796713537,1.7869081733927323
22,39113,0.006562961464334783,0.30815483041315145
22,39115,0.0011025940138522006,1.437846516480911
22,39117,0.0017901342827952571,1.314405236224067
22,39119,0.003307449821598543,0.6009483261334281
22,39125,0.0016498927524295195,1.1624518887559725
22,39123,0.004073626195808163,1.539171590228976
22,39127,0.0017587243199410824,1.149250970255152
22,39129,0.0014531975049231942,1.0308137530610273
22,39131,0.0016240967436379737,1.258732996631355
22,39133,0.00406494091380671,0.8903383893216114
22,39135,0.002608029302960235,0.976588069675978
22,39137,0.0026385564386270524,0.9925637212857723
22,39139,0.003798545745329031,0.43297694125824304
22,39141,0.0022348056041326353,0.7091090513183927
22,39143,0.003301257504157151,0.7706334327042691
22,39145,0.002238547102177644,0.7196754894730341
22,39147,0.0036247415527183888,0.9806994401300909
22,39149,0.00309964502788222,0.9465849542692233
22,39151,0.008372715555043467,0.3768358412135497
22,39153,0.00931616934294396,0.41342714674335884
22,39155,0.007013630953644077,0.35039637386615957
22,39157,0.003583007618983697,0.5982872669830833
22,39159,0.001412775849761556,0.7002422462566926
22,39161,0.0018823515205255421,0.9184229015833782
22,39165,0.00655277244945809,0.4188026288302163
22,39167,0.0031908949010308846,0.7864422256540127
22,39169,0.0027864539776301473,0.5640960273931335
22,39171,0.0026219179930764554,0.9748812738505421
22,39173,0.004941318373710724,0.941201812511235
22,39175,0.0015137855441854082,1.212954755272495
22,40001,0.0015300390343739561,1.7052488419213057
22,40005,0.0007346284127167612,1.3589910338199653
22,40009,0.000465224566420246,2.3204987493734848
22,40011,0.0017817109303568568,2.834100632869063
22,40013,0.0010354701635989793,0.9106134276615706
22,40015,0.001508807011033416,1.0662367167292501
22,40017,0.00295303154951596,0.6112010468301448
22,40019,0.0018341287952272362,1.0485459907677823
22,40021,0.001780954322215354,0.8676181092225225
22,40023,0.0016633843246186136,1.7833511102954922
22,40027,0.006066853054709837,0.5411654227453264
22,40031,0.002904254242976991,0.3666315554157431
22,40035,0.0013432602683535095,1.5043144193046365
22,40037,0.004285421801084876,0.6313586645299393
22,40039,0.000821861653000302,1.7992826556986514
22,40041,0.0026402353700489536,1.0292536510576986
22,40047,0.0015999989462835561,0.7069297686342094
22,40049,0.002216029212262509,1.0610858758172188
22,40051,0.0017346652175898646,1.0499185299993354
22,40061,0.0011475043077395451,1.6415066823709255
22,40063,0.0017039056076234994,1.44441729964821
22,40065,0.0008851293541459171,0.7587728201973601
22,40071,0.0020577106152273954,0.9870934307111576
22,40073,0.0010265952528999084,1.915270344448318
22,40079,0.002986289028844572,0.885254760866327
22,40081,0.0024433964067055356,0.9325018007877122
22,40083,0.0009751638942905596,1.079430558926698
22,40087,0.0015992147588456272,1.078240812826158
22,40091,0.0018196457721464446,1.896817385772289
22,40089,0.0017633158461013907,1.0187504293623522
22,40095,0.000988051851300705,3.299940654374444
22,40097,0.002252698818255997,1.745141234613253
22,40103,0.000782803408318693,1.8465573568013827
22,40101,0.0017667304398668745,0.7480643002922661
22,40105,0.0009487659382908427,3.2149879208893064
22,40107,0.0010017793251852459,1.7886575051804585
22,40109,0.009739092891026242,0.3635552432455466
22,40111,0.0021724144868295082,0.8059835798864712
22,40113,0.0020912861309834137,0.8857937794447516
22,40115,0.00273609541882118,1.084265996557016
22,40117,0.0015461765268364952,3.037384198275012
22,40119,0.003776928304995794,1.139319851320038
22,40121,0.002114076942954971,0.8465184741008546
22,40123,0.0013893276683889341,0.9225252087500834
22,40125,0.002632901891933815,0.6324463192494023
22,40131,0.0042863973175543265,0.5544787345023078
22,40133,0.002213440940637122,1.099205426719921
22,40135,0.0015459710615906847,1.1811558711900207
22,40137,0.002119712641996921,0.7212870171684972
22,40139,0.0008237875465705975,2.2170607456491482
22,40141,0.0016876275666454484,1.4931763208701985
22,40143,0.01256514402209566,0.3606924606363389
22,40145,0.00345345915642549,0.7382228703696117
22,40147,0.0016377019119488722,0.7402954878837151
22,40149,0.0009620576435560291,1.680698580560441
22,40153,0.0009302825099897682,1.5016517448752171
22,41001,0.0024594307371691346,1.5109517489218407
22,41003,0.00436458668316054,0.8082568208916971
22,41005,0.012855665726992658,0.3785718892840282
22,41007,0.0031089696009564847,1.2031780756074901
22,41009,0.0025956922521352733,1.072981204629623
22,41011,0.0033782453078798395,0.8336493291088902
22,41013,0.0008339240907659849,1.854281929886753
22,41015,0.00211466897565657,1.5403421331379228
22,41017,0.006413113397452312,0.6244383112815568
22,41019,0.005428663276456373,0.6014412284133642
22,41027,0.0008128901645182412,2.251937926861705
22,41029,0.005931394989941321,0.712471410656385
22,41031,0.0008426727804998935,1.5867674824252234
22,41033,0.00441950053265326,0.8473087771144008
22,41035,0.0029047024634675507,0.6938568424533941
22,41039,0.011696721378299833,0.7014841697818206
22,41041,0.005699417927299072,0.7832449962165531
22,41043,0.0031100258691487107,0.758856359422758
22,41045,0.0010291351435875752,1.136043975180161
22,41047,0.005433258369053057,0.3984828609635228
22,41051,0.025610835468626594,0.5475746841460617
22,41053,0.0022444046732597958,1.0645428287658758
22,41057,0.0028413070500910996,0.9055576626929078
22,41059,0.002284161820405366,1.037492430405797
22,41061,0.0020725685594780254,0.975931967996625
22,41065,0.0013896914177776525,1.0537019674943753
22,41067,0.016547889280118164,0.31238499299064176
22,42001,0.004256637498862231,0.7196263991780055
22,41071,0.002784530852223182,0.8204961086184805
22,42003,0.024834020063983223,0.34135838496396853
22,42005,0.005716028366241545,0.7066520150982409
22,42007,0.008111640789321284,0.42804650688885343
22,42009,0.0041074976613546,1.1181829766312381
22,42011,0.0067777792903983705,0.8001677482700841
22,42013,0.004189223730414373,0.5404666383458149
22,42015,0.004321653793135429,1.1134984530079373
22,42017,0.015938511035025433,0.37989545164211536
22,42019,0.006523786870012026,0.9670080611354188
22,42021,0.00659667191688739,0.6934641498675357
22,42025,0.003968459647335302,0.7588298808902487
22,42027,0.007130474825269094,1.14739124926676
22,42029,0.012937132851880645,0.5269377027916612
22,42031,0.003653735374794844,0.6866028114587287
22,42035,0.00197280780295931,1.3386906705802837
22,42033,0.0056891318344688534,0.9948911918589752
22,42037,0.003133181911461955,0.9670682345574934
22,42039,0.004605404134514583,0.6700943047345219
22,42041,0.00545661525521225,0.47031102390394475
22,42043,0.004587467772947862,0.48803419992470215
22,42045,0.00827134417842556,0.37839880565484646
22,42047,0.002410456741625456,0.7843210861851803
22,42049,0.007985218196479932,0.439968443331439
22,42051,0.006760527380493453,0.5163379292909692
22,42055,0.0044950590620759226,0.5287612797279305
22,42059,0.0025337774632217813,0.954185594518536
22,42061,0.0036058143016358874,0.7916302654903445
22,42063,0.002979923786854436,1.5086923813356192
22,42065,0.003855576639197653,1.3093084602202254
22,42067,0.001539937014850837,1.5441089486231294
22,42069,0.005720303927679849,0.37158544026945023
22,42071,0.010209143251542468,0.5199813915505407
22,42073,0.0041365470049077495,0.47650186108348375
22,42075,0.0035855618504880634,0.5177495276826634
22,42077,0.0066156129666197164,0.7895614638089066
22,42081,0.002887104205894837,0.49191578684467213
22,42079,0.00965448479359846,0.44686217485421525
22,42083,0.0025978851307563344,1.172186734835306
22,42085,0.005003644177318638,0.6012478580911259
22,42087,0.0026201811219449347,1.060796102889128
22,42089,0.005378510319457968,0.42555682642368037
22,42091,0.02007663369227486,0.3289843371752083
22,42093,0.0008525004861981791,2.9041988891553197
22,42095,0.008295457488536905,0.48979483810322805
22,42099,0.003713779820327944,0.9930204863386501
22,42097,0.004554641412058021,1.071128636746522
22,42101,0.0168782941040184,0.4255017010602777
22,42103,0.004584228377265724,0.8230089261564237
22,42105,0.0020130831690622015,1.1971026077226021
22,42107,0.008106220022090665,0.5196493467160777
22,42109,0.0016823996038054072,2.2142541234889004
22,42111,0.005903139501770696,0.7421572456847633
22,42115,0.0040674036841189315,0.6394549149451235
22,42117,0.004078638464509024,0.8202118059289352
22,42119,0.001034980703600886,0.999304736879701
22,42121,0.004134207192339028,0.8881752323078137
22,42123,0.003929537684557519,0.9331104838643512
22,42125,0.008568637120800124,0.45503004661520774
22,42127,0.003497535611447988,0.7480189498823192
22,42129,0.015399018285244316,0.38957738302940936
22,42131,0.002904275369341908,1.0896885771773472
22,42133,0.008721410708788933,0.639886679775307
22,44001,0.0027261661311906663,0.9945418525048799
22,44003,0.006144803201004521,0.38227767899421017
22,44005,0.003252005334605185,0.5470488360864462
22,44007,0.009307260374634174,0.4328631896411561
22,44009,0.004914562596974434,0.5838624246787784
22,45001,0.0014731481949313298,1.3106042397091526
22,45003,0.002769207271596632,0.43048665007692816
22,45007,0.004505825597549282,0.4053452622323738
22,45009,0.0005115358449324672,1.8003406795819348
22,45011,0.0007483356588910523,1.0262644557839276
22,45013,0.00720821553461411,0.4881519303685251
22,45015,0.0028212016379137346,0.46868703944558926
22,45019,0.005915516575282417,0.45183253912409543
22,45021,0.0015400516746657588,0.6789622767022553
22,45023,0.0020009736356529765,0.9050580652548261
22,45027,0.0016805712478010584,0.8163829869145984
22,45025,0.0017353659907834657,0.9019392018777136
22,45029,0.0011413014235033532,0.8514684397458545
22,45031,0.0019533248983443557,0.7693673756758297
22,45033,0.001146916969064407,1.1403997717282701
22,45035,0.0034890487967732787,0.6191852569009402
22,45037,0.0014644676585643,1.2738244104922027
22,45039,0.0010491475784999054,1.2073825169077161
22,45043,0.0018975817999245725,0.9144000510315187
22,45041,0.002070612284265092,0.38945227062985194
22,45045,0.009747456537343394,0.354777235323619
22,45049,0.0009509439193102756,1.4508892604302337
22,45047,0.001900784504057499,0.7096073507491442
22,45053,0.0003272550723259565,1.5207432850810951
22,45051,0.007551103350034126,0.43758236909521314
22,45055,0.0019430554323796915,0.6548396965456772
22,45057,0.0016892045135182357,0.7521007987191147
22,45059,0.002421603670502404,0.6370154012834143
22,45061,0.000800579131454054,1.0723852450285423
22,45063,0.005046190631779647,0.30358951472509976
22,45067,0.0012398305480320754,0.7799896206350542
22,45069,0.001676453464318508,0.9535335738189561
22,45073,0.0025519907479135736,0.6567582459991126
22,45071,0.001496631318070804,0.8305412957946706
22,45075,0.002585723339265319,0.6243980971811917
22,45077,0.0030889199591363284,0.8142206721046537
22,45079,0.006507269159762219,0.31557241640165185
22,45081,0.0007703290949201396,1.2213023824064675
22,45083,0.0046920259098836535,0.35024561428123985
22,45085,0.002585804854191247,0.5007779010474118
22,45087,0.002043738904715158,0.7416132229209659
22,45089,0.0015057231298769502,0.5803674930395414
22,45091,0.003677557836282981,0.41456452951631834
22,46005,0.001272919589313374,1.037175801409228
22,46011,0.001468005753750295,1.4455010037604712
22,46013,0.0020797556401054244,1.2084183678994131
22,46029,0.0012917150875534288,1.2177868096582594
22,46035,0.0006513180331932,2.2518195715409792
22,46065,0.0005609040055967871,2.368875551549853
22,46081,0.0013163772294136331,1.598692309620941
22,46083,0.001970360801529227,0.7212701816201473
22,46093,0.0007785519497518845,1.4662264470332649
22,46099,0.0044924951188304064,0.38271913767529697
22,46103,0.0029352182487917553,0.5295107288171395
22,46109,0.0009656667655288256,1.425364542078922
22,46135,0.0006450841052547419,1.640686064499649
22,47001,0.002311626227559798,0.7169032203035055
22,47005,0.0015025562033154287,1.258031741963826
22,47003,0.0013135194182611438,0.6645657182836295
22,47009,0.0028532487776249988,0.4368105912351959
22,47011,0.002751027674357771,0.6378217543533576
22,47013,0.0019827180086242945,0.7684561413943732
22,47017,0.0013945411760468316,0.9461129796192929
22,47019,0.0029996591945923774,0.6278716966984296
22,47021,0.0017577450243916632,0.9990568173721007
22,47025,0.0015276723155804666,0.8951413967804042
22,47029,0.0017819492796618817,0.7647673178852724
22,47031,0.0012670426127451581,0.6921949380769397
22,47035,0.0031752530653578106,0.6263343729180563
22,47033,0.0010665553289527128,1.1324930573254666
22,47037,0.008018655819128412,0.3253912462322284
22,47039,0.0011415145730925245,1.618174887446653
22,47043,0.0020556401352694147,0.6882187485057959
22,47041,0.0005729274919581519,1.4528328025639943
22,47045,0.0011378319503314556,0.8785244342328458
22,47047,0.0024043303480732695,0.7810537372039567
22,47051,0.001790571922169022,0.7496211328147409
22,47049,0.001058376322371981,1.9002720595304625
22,47053,0.0014271942269053818,0.7132594785863435
22,47055,0.002063554838779325,0.9305174483317015
22,47057,0.0015121567977549133,2.06403060451228
22,47059,0.003112487901825747,0.7311530783865262
22,47061,0.0008216842120651532,1.8669756843793504
22,47063,0.0022435402911989543,0.7188257752231156
22,47065,0.004258443075545621,0.41160481328372883
22,47069,0.0011867991387625803,1.1382759551410977
22,47071,0.0014414165313703657,1.2813143600395385
22,47073,0.0028762006270942075,0.9913937607585236
22,47075,0.0009918255376204041,1.171385209283742
22,47079,0.001784132944237434,0.9978807635746701
22,47077,0.0014738394583038677,1.115906391037152
22,47081,0.0010896211586172045,0.9513945690745407
22,47085,0.0009188091077916336,1.190768421797751
22,47087,0.0008966524396028354,1.4105371497197112
22,47089,0.0026202107319894196,0.8492487902170681
22,47091,0.0008685902227866435,1.3881793870988401
22,47093,0.006504834128663438,0.3814980209033578
22,47097,0.0017569930620027368,0.8371600908762887
22,47099,0.0024253303723111006,0.7421849187292789
22,47103,0.002007875333159637,0.6978135940121434
22,47105,0.0014648062952190846,0.6667332836327101
22,47107,0.0020839568289603293,0.8246925418270523
22,47109,0.001658435214830211,0.8668352094356566
22,47111,0.0006411838002292309,1.2804416545285817
22,47113,0.0018069685237249687,0.471927727323609
22,47117,0.0015106220583849827,1.3540946944898025
22,47115,0.0022247935010834396,1.1794628039928783
22,47119,0.002267620363991977,0.5820277086864563
22,47123,0.002524813374222143,1.3188502337079022
22,47125,0.005460783125897855,0.5257776111581449
22,47129,0.0013202921015782524,1.4059642275339999
22,47131,0.0022539902877123847,0.7455829395163677
22,47133,0.0018312821665443723,0.8814774241778232
22,47139,0.0009821497420146922,1.3193636525245913
22,47141,0.0019501748868921375,0.7151164299627947
22,47145,0.002112266782537355,0.9235287030501326
22,47143,0.0013445137873787582,1.6305606776303565
22,47147,0.001896077446912777,0.7385339997295667
22,47149,0.005502963035199475,0.597908291651261
22,47151,0.001221126611782572,1.1916344111396737
22,47155,0.0018946197218192436,0.5624724616667443
22,47157,0.006431243735671179,0.3332208418701494
22,47159,0.0011563829595567779,1.31046704624893
22,47163,0.007384046422710139,0.5026715297818746
22,47165,0.003984967121244592,0.3717612786591416
22,47167,0.0019115495856692158,0.8451950571528455
22,47171,0.0009612661661899126,2.3458476328730566
22,47173,0.0007265398037265673,1.1974552958838385
22,47177,0.00157134388922547,0.6354360066845752
22,47179,0.002672211739698879,0.6000944394538604
22,47181,0.000790920294705269,1.9414723959416662
22,47183,0.0012518379981052278,1.4891464298397041
22,47185,0.0016549057325769274,1.0791581208315608
22,47187,0.008680647916897877,0.36472314800021144
22,47189,0.0025694626673078186,0.6792855755943673
22,48001,0.001268964575773821,0.9141325093403142
22,48003,0.0005869840229773138,3.0555035240058985
22,48005,0.00254236267075888,0.6479332184232317
22,48007,0.0010114150372238706,1.4143717211412934
22,48013,0.0010998434315990164,0.898501950186336
22,48015,0.001137161275199606,1.3365934083956295
22,48019,0.0014291647270178753,1.3467734385172323
22,48021,0.002470328567863698,1.0847408177833253
22,48025,0.001010124762174213,1.2695739460968332
22,48027,0.006225879518209568,0.9213504012288553
22,48029,0.012158319230882363,0.37917821208245495
22,48035,0.001924286535860842,1.5675928854909456
22,48037,0.0016236071628111227,0.8243024195330032
22,48039,0.005169732563804638,0.5283438036915491
22,48041,0.00724058133365026,0.6251727857037404
22,48049,0.0015144143472449337,0.8225249576884245
22,48051,0.00108577785644886,1.3645323031906527
22,48053,0.0016651404568590693,1.1834728807886878
22,48055,0.0009711110629402678,0.870712536438977
22,48057,0.000822935299160067,1.6179986019783608
22,48061,0.00959581927951602,0.3233225472262084
22,48071,0.0005992009211355469,1.3774247832281943
22,48067,0.001294192836623184,1.7201929245925907
22,48073,0.0013138767491434362,1.059405700964415
22,48085,0.02222161622944929,0.4180366243695286
22,48089,0.0010730190162979323,1.119770508960105
22,48091,0.0038226720992674858,0.8895306324483896
22,48093,0.0009084479453520236,2.4512312391605913
22,48097,0.001323369692048325,1.151024026039788
22,48099,0.0034733689021256716,1.1984248460458766
22,48113,0.02018550865748567,0.27716518527850786
22,48115,0.0005378820708984772,2.6213345045848793
22,48117,0.0007431967501924979,1.7441975694893088
22,48121,0.0193086647108171,0.7116219750221293
22,48123,0.0013458241996892441,1.0747363691570064
22,48133,0.0008290925490550693,1.2950800981076223
22,48139,0.0035274574597970697,0.5385216401978725
22,48135,0.004591833707255154,0.47278705588378217
22,48141,0.012972535965163855,0.38746627270357253
22,48143,0.0010622708150558689,0.9176233823464608
22,48145,0.0013016057151351737,1.9407398284832709
22,48147,0.0020834113182937194,1.0153416481957291
22,48149,0.0019963738783048282,1.0331908590762686
22,48157,0.013915013020312398,0.3343798107757787
22,48161,0.0011577704963156902,1.405372215656865
22,48167,0.0037457816036989408,0.6230609293718437
22,48171,0.0018346023110098382,1.289069305720566
22,48179,0.001200627173020316,0.9733812044768945
22,48177,0.0011956724830002572,1.7449963653421343
22,48181,0.0027643248002010476,0.4754542400458694
22,48183,0.003199404429096239,0.6451778517042283
22,48185,0.000629728388521371,1.6339893880145602
22,48187,0.002998062999719784,0.8715361403794023
22,48189,0.0013213076171422343,0.955428813887492
22,48199,0.001560440630814475,0.8273340123444282
22,48201,0.024145033861140888,0.2600550074752339
22,48203,0.0019691344553649658,0.7266593455431479
22,48209,0.00489220181128273,1.0359646050423241
22,48213,0.0025953641899768474,0.9819465547354616
22,48215,0.023087989259153865,0.24133071559342487
22,48217,0.001879984847488319,1.2915311870409163
22,48219,0.001189484187245816,1.2172691839734993
22,48221,0.0020224304091838513,0.7092688428916794
22,48223,0.0019105372425142506,0.9153326038911677
22,48225,0.0009446914308741519,1.4133427425252267
22,48227,0.001150429140236786,0.6764164502571673
22,48231,0.0020614946584687093,0.9155760883692824
22,48233,0.0009075597355703316,1.2557368909232975
22,48241,0.001078226984090568,2.080314207683524
22,48245,0.003771727728004206,0.39227179329497447
22,48249,0.0014764259512746918,1.1070765441529564
22,48251,0.004045014927644574,0.5284681029739425
22,48253,0.0012235005190441833,1.8981661257362776
22,48255,0.0006478050039094572,1.5753391245995882
22,48257,0.0025889250008576106,0.6629104895090858
22,48259,0.0014760697308716262,1.1884973755299437
22,48265,0.00253568393714995,0.7641657595594786
22,48273,0.0014520710714426373,1.4313911445919616
22,48279,0.0010761898318465742,1.493538938311731
22,48277,0.0016695685784257276,0.7621381715475306
22,48281,0.000625900728376462,1.6411838362434001
22,48285,0.0020032174786170707,1.252382485626345
22,48287,0.0007144616001103066,3.639539678059423
22,48291,0.0014618770478825396,0.7101062306188827
22,48293,0.0015935038806818955,1.4000938769691051
22,48297,0.0005753240720400046,1.8859484880147857
22,48299,0.0029513870376922185,1.447043338270845
22,48303,0.006254173768753617,0.46964563326790937
22,48309,0.0032109667341574497,0.43953924213186696
22,48313,0.0005142152059403489,2.240530575840973
22,48315,0.0010841716639689348,2.1260668314257374
22,48321,0.0008972512900341367,0.8574605523345605
22,48323,0.002148893279105432,0.9747951932377413
22,48325,0.0013511899910305515,0.9123164058212679
22,48329,0.0033148027108502614,0.46825203439661867
22,48331,0.0017408449352071162,1.0813491584133945
22,48337,0.0013067595181241933,3.2127091720021874
22,48339,0.009633490063079566,0.4591500244687024
22,48341,0.0006770043213413981,2.326137697334146
22,48347,0.0011718816126372084,0.7494912009983704
22,48349,0.001701354216840925,1.0316874747809217
22,48351,0.0007779715939594349,2.129120166711919
22,48353,0.0007222476948674696,1.6073123549500132
22,48355,0.004484847848596162,0.42079654736839256
22,48361,0.002552138932586556,0.6259627828224704
22,48363,0.0013552226947574312,1.0281882645204892
22,48365,0.0011754194888002965,1.9522537304656822
22,48367,0.0034873883102897575,0.6240529522887186
22,48371,0.0007792403290220314,3.1835614801696486
22,48373,0.0021471708992826083,0.8832825000924467
22,48375,0.0026953661339108523,0.5487715153490009
22,48381,0.0029461394154274892,0.5215065299045699
22,48387,0.0008592067691277026,1.4769753519896829
22,48389,0.00087725372100379,1.9450365220706949
22,48395,0.0008020727432655401,1.2667368513881418
22,48397,0.0033676127242019236,0.8388184248149397
22,48399,0.0007907780825594538,3.6007478197881584
22,48401,0.0018852429182827173,0.7436102695459829
22,48407,0.0004409209825621316,1.2905484133739717
22,48409,0.0024440099412431707,0.9686251868453882
22,48415,0.0004838364513765265,1.8870558043868269
22,48419,0.001302910018931619,1.1833993164858563
22,48423,0.002761192344791063,0.4489450917825899
22,48427,0.004065736957151697,0.9769620940972492
22,48439,0.01588373492420052,0.2911546834764403
22,48441,0.0021206645791882,0.3943845924936067
22,48449,0.0012905501563549558,0.9327100465439018
22,48451,0.0017270354572489896,0.5956895535301925
22,48453,0.023546138791654177,0.3586521168340745
22,48455,0.0014187029308957017,1.5139448161948152
22,48457,0.0011240601786326923,2.4153711717799564
22,48459,0.0017055504161862837,1.2152528585978624
22,48463,0.0009538428047066592,1.9390678293514423
22,48465,0.0015265853559700245,0.9952998914184417
22,48469,0.0016988046852630227,0.4419434858634636
22,48467,0.0025179293621552814,2.1554381740301283
22,48471,0.0016115636284400221,0.9701267780005741
22,48473,0.0010614345993896625,1.3668277402060032
22,48477,0.0014636817327907915,1.350044130133909
22,48479,0.011413564059934532,0.3904696863390365
22,48481,0.0014072619761154681,0.6560004607944346
22,48485,0.002291512620260412,0.47744186339717776
22,48487,0.0005724710583819161,1.785997850496344
22,48489,0.001594504861339959,1.1347354437021668
22,48491,0.013730349344731729,0.5527009837249327
22,48493,0.0021711964170487647,0.7238600978485265
22,48497,0.0020946338365276746,0.7186563091202454
22,48499,0.002221232495560317,1.0455729494514476
22,48503,0.0005812762025470435,2.834858198503755
22,48507,0.0005906368084418764,1.6256625663642215
22,49003,0.003533649273226417,1.1419698095865753
22,49005,0.0069302902741962494,0.7182528252950036
22,49007,0.0017189059243502224,1.7895415258860297
22,49011,0.012603433340146403,0.6595010308965034
22,49021,0.002022858420094298,0.9190318031503286
22,49035,0.02321048218236583,0.5812438720431078
22,49037,0.0010479923259524879,1.7456725379211775
22,49039,0.0015486643619668893,1.4563511994501142
22,49041,0.0017991397950160204,1.7808588210450678
22,49043,0.002412361046624185,0.8311994910485269
22,49047,0.002386067046536107,1.7085990358398688
22,49045,0.0018353228214321056,0.7221748679009153
22,49049,0.0303970923992001,0.8666169371144057
22,49051,0.0007641623411635719,2.6538582977404257
22,49053,0.006811192074139425,0.5548256511818932
22,49057,0.007580197014638394,0.43457309896638846
22,50001,0.0032154973609361355,1.0226761564984954
22,50003,0.002925338211967426,1.164364123865611
22,50005,0.0032767479203597684,0.817614269338964
22,50007,0.005819710178931551,0.7853477886095076
22,50015,0.0021071012912363195,1.073017439935679
22,50011,0.002673545697416186,1.2720644650737667
22,50017,0.0035750899908522857,0.8848960097642153
22,50019,0.003371090279098409,1.1170993441303745
22,50021,0.005878845181772511,0.719451734187327
22,50023,0.005372873785583738,0.7442826723837597
22,50025,0.005376030755963878,0.7433796349205032
22,50027,0.005369977561078851,0.8735784941888527
22,51001,0.001350174874091866,1.0763274980466648
22,51003,0.00368489647982212,0.7751295011868506
22,51005,0.002039471276969138,1.641048133508236
22,51009,0.0015208403785495251,0.8497437727482525
22,51013,0.018710511096739168,0.42099002575212247
22,51015,0.0032381876341596103,0.6740898173720349
22,51023,0.0021222558747073456,1.1103789804691095
22,51027,0.001916565229989045,0.9550739503554386
22,51025,0.00034282251940829676,1.720504688583616
22,51029,0.0011194217498339315,1.7366261127555105
22,51033,0.0013850658060792856,1.0282523961752805
22,51031,0.002206731156851516,0.9496615443173761
22,51035,0.002041722550786198,1.0507777367162454
22,51041,0.007881169494182652,0.3811484818145897
22,51047,0.0019898267013666606,0.8663066507982078
22,51051,0.0008122248276397728,1.670519937774195
22,51059,0.026888629927260183,0.3043637958406339
22,51061,0.0031953293048838224,0.6679443146325198
22,51065,0.0006925593310221878,1.7572223995463736
22,51067,0.002045172280865904,0.8557829316549085
22,51069,0.0035758743928995572,0.7883291002467987
22,51071,0.0011090148494537577,2.5665527278930402
22,51075,0.0010968385243608325,1.5931082365539309
22,51073,0.0019622879682988977,0.8709041739633545
22,51077,0.0013583878029243314,1.4170964929673786
22,51083,0.002380542908874026,0.784589613765034
22,51085,0.004713519706557164,0.5625821049287314
22,51087,0.005685364169364036,0.41809670144654787
22,51089,0.004072703104261152,0.6920187574649697
22,51093,0.002580431069040999,0.9279695554291256
22,51095,0.0028519038838166065,0.8298802648172795
22,51099,0.001154421076532714,1.4472049873788289
22,51105,0.0014280900411364561,1.1987200765020478
22,51101,0.0007349254659088411,2.433427303364923
22,51107,0.017369020235013365,0.3672591423469253
22,51109,0.0017633687760255797,1.122597955959172
22,51117,0.0027516846112152207,0.9503156781878536
22,51119,0.0010576405440035509,2.261177219497971
22,51121,0.0035948922699677536,0.8300592723986296
22,51135,0.00022645893468987616,1.630383449475246
22,51137,0.0010417329094116541,1.9759667009751212
22,51139,0.001630652065685859,1.8940677560514596
22,51141,0.001189027639607184,1.6250104746821143
22,51143,0.004196266598620174,0.7239823198639498
22,51145,0.0011762854061213197,1.3187355635678775
22,51147,0.00043557389119882207,2.323478872672737
22,51149,0.0013630440138012133,1.414947030584774
22,51153,0.016573716528344704,0.46439117037271266
22,51161,0.004122263019676058,0.8600914291657544
22,51163,0.0009396866241462416,2.186481750248346
22,51167,0.0017286126961393565,1.1469509030346525
22,51165,0.003056698595120122,0.6892096708305251
22,51169,0.0025517592256579713,1.3522470181741535
22,51171,0.002115086990522676,0.8600636638700152
22,51173,0.0024278813422124648,0.8046546704744847
22,51175,0.0010780821423713677,2.4042418089697444
22,51177,0.005156760038913164,0.47465904328795827
22,51179,0.005812412576343297,0.6715607158092878
22,51183,0.0009923704537977214,1.4355693183144986
22,51185,0.001948386019101585,1.2383779958893506
22,51187,0.0013389541049644014,1.005698340990825
22,51191,0.0027873007403789243,0.7428847284296838
22,51193,0.0005972269702927049,1.9830720452581239
22,51195,0.0019763928535554997,0.7308276069437873
22,51197,0.0013891546173984434,1.179842012032432
22,51199,0.00281403506995506,0.7806562708678422
22,51510,0.011086343257669069,0.5783434110841168
22,51520,0.0006340944401216429,2.022999380575375
22,51540,0.003045030397528036,0.74810778133433
22,51550,0.006282913170763439,0.500848174849022
22,51570,0.0009912303724507136,1.8688350347553166
22,51590,0.0015115148687027463,0.6623686006400438
22,51630,0.0011014152786362641,1.4568005347188937
22,51600,0.001788677949994156,1.6173414615870445
22,51650,0.0031955972327741868,0.39069048752467894
22,51660,0.002709101252820305,0.7471989648365321
22,51670,0.0006403354245623707,1.0316486535724614
22,51680,0.003892515255692038,0.6089466367356249
22,51683,0.0025182342364374615,1.1662379838193966
22,51690,0.0011171251603544969,1.293532092784916
22,51700,0.0037221188156970025,0.5586905990676932
22,51710,0.008363488384105932,0.3699510791758758
22,51730,0.0015317132262805764,0.8055302291858385
22,51735,0.0004515841640548984,1.4476519095637843
22,51740,0.0030038646115882156,0.45630724664141015
22,51760,0.00610992605541807,0.3532362549983581
22,51770,0.0024130191704017766,0.5078249151095474
22,51775,0.0010709454798316566,1.5966130967768661
22,51790,0.0009887624404176178,1.408159456132884
22,51800,0.004790302730349663,0.5724976328595958
22,51810,0.010653677062631373,0.3190931763986965
22,51820,0.0007325548342397097,1.6253339470158619
22,51840,0.001306190562847405,1.5007492069422208
22,53001,0.0006892314970799684,2.6950209903477362
22,53003,0.0010314903174838883,1.5316293699858432
22,53005,0.004906352666053812,0.4757746525726509
22,53007,0.002635012649937975,1.0973654752924533
22,53009,0.004991737111557948,0.9633917489258068
22,53011,0.011877162285178001,0.33276613663955523
22,53015,0.002565623266474785,0.4800067257990252
22,53021,0.004090934644565266,0.8469328704620738
22,53017,0.0016546238644371037,1.1253770631238034
22,53025,0.0023996888879884255,0.7098532568296357
22,53027,0.002777264871106353,0.7421183510905429
22,53029,0.004363886696374757,1.0442398709538405
22,53031,0.0029582342356844274,1.4904601438565894
22,53033,0.040216235949322256,0.6300929510494809
22,53035,0.007989265722694695,0.39458980647883457
22,53037,0.002102707955931211,1.3779536443039424
22,53041,0.0037885679428141506,0.7445507607690295
22,53043,0.0015195016640407594,2.6583018340429083
22,53045,0.002603490026540974,0.7194940764453348
22,53047,0.0022453718095708044,0.7452239110175757
22,53049,0.0018553485006706052,1.3276217107051524
22,53051,0.0019385383568816174,1.6425010012850694
22,53053,0.013841145323094672,0.32690132760802937
22,53055,0.0019335698834981004,1.5307223587638588
22,53057,0.005213049496284646,0.6990644123645722
22,53059,0.000999749013742818,1.681103610986567
22,53061,0.01780772903031201,0.3536090596199884
22,53063,0.011009457094029252,0.3210667085782208
22,53065,0.003188523829537531,1.1169825365554014
22,53067,0.008950938618736257,0.37952750683859326
22,53071,0.0015109702325332441,0.7497201793024436
22,53073,0.007405582132804555,0.644100892939968
22,53075,0.0022796824310303706,1.5749273605527512
22,53077,0.006910146618099316,0.588644289286407
22,54001,0.000788550011850901,1.9038493434470811
22,54003,0.0034339311087925096,0.8184707252046868
22,54005,0.0018908939636421037,1.0155710917145437
22,54009,0.0016041511069308466,1.1421037416381528
22,54011,0.003443118375141877,0.5817667551170702
22,54019,0.0023828819364203014,0.7027224709084214
22,54025,0.0020190562123057728,1.3721303002109766
22,54027,0.001077163217130107,1.4315491651990915
22,54029,0.0023436484022731447,1.3802973518315285
22,54035,0.001422299284374693,1.214586406677912
22,54033,0.0032894613457839865,0.5344155334822582
22,54037,0.0019581245220695333,0.7727954972943714
22,54039,0.005359370239299078,0.36894703547738517
22,54041,0.0015405946182916375,1.5195345025217704
22,54043,0.0009850451670322061,1.0339563471207132
22,54045,0.0016947900918005989,0.7798171865601522
22,54047,0.0022502562821786042,0.9365936966702404
22,54049,0.0018696654825029802,0.5841833548885291
22,54051,0.0021584765106162315,0.8105792071334085
22,54053,0.0016191430006674955,1.1848997203092675
22,54057,0.0014896265729065234,1.2831655788312555
22,54055,0.0022518297464720256,0.7899283480098578
22,54059,0.0020875465656161997,0.9982370531713769
22,54061,0.0043371671485771725,0.9689254309776275
22,54065,0.0008873454944309643,1.8934839858854766
22,54067,0.0011803839842565984,1.072721305166817
22,54069,0.00282655656624863,0.6789578099208804
22,54077,0.0023573847749579187,0.9064326464613255
22,54075,0.001008590494173216,2.413852301064406
22,54079,0.0022348048471582923,1.3261675811389793
22,54081,0.0028516400341420203,0.6313316599479737
22,54083,0.0014501955604430178,1.3943863326963135
22,54089,0.0008434253076870076,1.9205217894771014
22,54087,0.000995679666567681,1.9584912846473792
22,54091,0.0006656302976796466,1.6096436074322809
22,54097,0.0011517948500086707,1.9512431855874637
22,54103,0.001438755167281784,1.3135540650043902
22,54099,0.0017498381983755752,1.2066508064254022
22,54107,0.003648263819380224,0.4720469042774991
22,54109,0.0012219574637276792,1.1345191606367275
22,55001,0.002935157361441308,1.068433133012162
22,55003,0.002017409632386074,2.1110084363186274
22,55005,0.0031609020560134215,1.0600575278129205
22,55007,0.0024647720129996635,1.5828743585622036
22,55009,0.004603892848721124,0.397725966792625
22,55011,0.002102610512769446,1.6361495285475318
22,55013,0.003001687324503677,1.2702235294087065
22,55015,0.0030297341995429382,1.2958007311824613
22,55017,0.002952629645864118,0.8654261886187857
22,55019,0.004037568491608123,1.0694603156758185
22,55021,0.0038662322330887634,0.9800545038374106
22,55023,0.0025933115434689613,2.3339313924287155
22,55025,0.015454710385834704,0.6869219598952068
22,55027,0.005167467167905852,0.99865391445255
22,55029,0.0034341340830502318,1.280233513891971
22,55031,0.002170325195175791,0.8775051619855504
22,55033,0.0029483889121329023,1.3509412902066202
22,55035,0.002662854525067417,0.4871195080338451
22,55039,0.004511861836616872,0.7290421431794374
22,55041,0.0013600136018219807,1.7556304990458764
22,55043,0.003744241171766349,1.4482143152800686
22,55045,0.0028846942438704834,1.2247981262614012
22,55047,0.002396785091217116,1.9584795748057553
22,55049,0.0029648199052879666,1.0983811445882703
22,55053,0.0018427460580929989,1.1409387349652758
22,55055,0.0035397519075209597,0.6758023465678006
22,55057,0.003538616404374593,0.9089926898639816
22,55059,0.0035712855552849643,0.49247596740600813
22,55061,0.0010574324010931813,2.4832677710625157
22,55065,0.0026241301109709604,1.5149268221177798
22,55063,0.002980951596286449,0.6828411787095876
22,55067,0.001982007599372296,1.7173193840778946
22,55069,0.0028965448438336107,1.3609043525296602
22,55071,0.004455209482682322,0.6933428932975565
22,55073,0.005007421043228948,0.5280042071937026
22,55075,0.0035434505534234235,1.0657811257585181
22,55077,0.0025305555184793435,1.396982015666688
22,55079,0.017657711916684554,0.4823270172832633
22,55081,0.0028450416632964386,1.5008604943073098
22,55083,0.002963306077317715,0.9479345194352575
22,55085,0.005064206676848057,0.9913813640609106
22,55087,0.006798460365474234,0.3841158604063854
22,55089,0.0051474060669213515,1.0291502554349197
22,55093,0.0017529130467169583,1.5374661472749374
22,55095,0.003478722249929561,0.7861205274362634
22,55097,0.0032489987145073876,0.8509851494231597
22,55099,0.0037428894803023544,1.3207264219189203
22,55101,0.005497945093475336,0.5590270301335271
22,55103,0.0019298330651336135,1.7007095218107855
22,55105,0.0036010184173178514,0.4883051139031402
22,55107,0.0020335216931543403,1.3401714584690596
22,55109,0.004222507870099053,0.9172129174329607
22,55111,0.0038023764350929535,0.7345776065274391
22,55113,0.0015419054089665777,1.2858301083321153
22,55115,0.003685729225215793,1.043651766001646
22,55119,0.0021761074653779263,1.4222389362656258
22,55117,0.004707380643590437,0.6923933949791992
22,55121,0.00326007857286021,0.8083783223232615
22,55123,0.003205311133899282,1.1744614683057963
22,55125,0.002627186893219389,1.4173534792127216
22,55127,0.003936968612033729,1.1806156775967795
22,55129,0.002073416995463651,1.5325734230160195
22,55131,0.007084026228910881,0.6094897054954188
22,55133,0.017732929178794717,0.43432802678611404
22,55135,0.003988078632270191,0.9886855730485511
22,55137,0.0026665200815970927,1.1915665185186117
22,55139,0.004690746826058376,0.5958346351839283
22,55141,0.004609715267075038,0.9915810193082978
22,56001,0.002874756504188331,1.0429851860213475
22,56005,0.002649626225319399,1.3000553420636312
22,56007,0.0008374821784023883,1.8638783595685198
22,56009,0.0010170288867002403,2.0067092297642817
22,56015,0.0007291012431839781,2.0402489637173957
22,56013,0.0018012662744358984,1.29117674237847
22,56021,0.0027106299896188205,0.49155294881587897
22,56023,0.0010661461291604085,4.898759552913257
22,56025,0.0029274146303133043,0.6037493444954546
22,56029,0.0011558201041888272,3.5611872385555845
22,56033,0.0013375160908885198,1.4647300722258436
22,56037,0.0016657940768269586,0.7401088880356513
22,56039,0.0008597948263683091,2.3213543817408624
22,12057,0.010704562186397825,0.4100259648113908
22,12059,0.0008544153705147251,1.4411626963979405
22,12061,0.009763090988265853,0.4107116499741809
22,12063,0.0018949339620187846,0.6745087263136073
22,12069,0.009494582446258937,0.4339296516045407
22,12071,0.024788079446068336,0.5129680703896551
22,12073,0.010488459818137737,0.7634652025666684
22,12075,0.0013124571793631,0.8443341835813741
22,12079,0.0008939406635276541,1.2784418851822792
22,12081,0.012046964054363443,0.3311135775825298
22,12083,0.007927136668608442,0.3773751386593438
22,12085,0.008776985157168484,0.4507012296303705
22,12086,0.023068208893774506,0.3387778989109624
22,12087,0.007335248296892734,0.7724065979857013
22,12089,0.00205185551237918,1.0569298388058521
22,12091,0.0040425177880703414,0.547561369340121
22,12093,0.0013989401516694203,0.6359263968124425
22,12095,0.013953480741945683,0.2782682134488805
22,12097,0.006753417577847802,0.5285029422304719
22,12099,0.029289851103931272,0.40571323123851855
22,12101,0.014711496436857797,0.46962935140019924
22,12103,0.02846070993567208,0.2978016354383609
22,12105,0.006789323765754934,0.3297838143291603
22,12107,0.0018471115023648967,0.6724635920624913
22,12109,0.00565244768907516,0.7014351386370248
22,12111,0.006922680564469541,0.5299620344047092
22,12113,0.004023573810203914,0.48597965526125103
22,12115,0.02988351232307401,0.523898170159459
22,12117,0.007688525671081885,0.3998682870848727
22,12119,0.0057554292937257254,1.044679142254333
22,12121,0.0013607646731323686,0.9512050464890889
22,12123,0.000601713962490666,1.6381864019311974
22,12127,0.014914131297674329,0.3981267072598082
22,12129,0.0008594465550142461,1.7987959910398552
22,12131,0.001700424967597782,0.9716291414928043
22,12133,0.0011223741550588171,1.171298864781816
22,13001,0.0010463448858566843,1.2935834936171724
22,13009,0.001295481582591766,1.0956297124332846
22,13011,0.0011278894594587334,1.4685116378320793
22,13013,0.002865678375283704,0.608455979524018
22,13015,0.0028924595572573358,0.8128993348343831
22,13017,0.000964568678393654,1.1435705518961796
22,13019,0.0014455785043619013,1.0059286823585105
22,13021,0.002086377064367931,0.3581674627800456
22,13031,0.0015424141606909894,1.1182980201463244
22,13027,0.0009228397404613557,1.2019383173722564
22,13033,0.0010392600482187903,0.9830574131574588
22,13039,0.0011340485318574603,0.7845996588362836
22,13045,0.0030673432854471895,0.6593824744602489
22,13047,0.00229966102895314,0.7802037793014537
22,13053,0.0032650252914458167,1.579286218745122
22,13051,0.00435197532669874,0.31425847784574645
22,13055,0.0012866946842234382,1.082439336997337
22,13057,0.007796290923730547,0.4922434388276742
22,13059,0.007272940749437748,0.48352531845233926
22,13063,0.0064262972916068715,0.3622199389703588
22,13067,0.016266733631364418,0.5529868559053508
22,13069,0.001233870267206847,0.78523526764943
22,13071,0.0013961258846740948,0.7816981764515207
22,13073,0.004135135577089584,0.6035735031312841
22,13075,0.0007029005102177179,1.4082515243851688
22,13077,0.004117189233704723,0.5802398286084511
22,13081,0.0009653827502787253,1.1182505246000218
22,13083,0.0009783503104159861,2.7310308101906613
22,13087,0.0008575488057657532,1.0887768619663591
22,13089,0.008903435513202308,0.3486226521367772
22,13091,0.0013160598880075267,1.0292326053928882
22,13095,0.001960586672953209,0.45765590921682914
22,13097,0.003763406693519336,0.5515594431698593
22,13099,0.0014475584521724122,1.1937364081816546
22,13103,0.0017147631955934455,0.7061999504838734
22,13105,0.001152112067486538,1.170794125223153
22,13107,0.0008200250830014466,1.1470481545625237
22,13111,0.0013679467171072374,1.1959066856824954
22,13113,0.005572733439017307,0.6173607704224341
22,13115,0.0020007228920921943,0.5481776110493052
22,13119,0.0011993413628234944,1.5039639598806906
22,13117,0.010676977396276877,0.4208458289945412
22,13121,0.014861468633608196,0.5459977416088961
22,13123,0.0013473853606715087,1.3406289608416795
22,13127,0.0017152104300117421,0.8626885200142709
22,13129,0.0022520691977844553,0.5840660537407287
22,13131,0.0009616385870037256,1.0046947674662912
22,13133,0.001809074506358264,0.9538650836426107
22,13137,0.0013760881246703955,1.0626387613243198
22,13135,0.021470161207389524,0.4038123879595791
22,13139,0.0044908371873247695,0.40236110923932705
22,13143,0.001018367069708439,1.206354179236922
22,13145,0.0011534030841411959,1.3332240301318357
22,13147,0.0012327768625354314,1.3644488372546286
22,13151,0.006736564910390056,0.5309226346236757
22,13157,0.002026854895138271,0.7873493669534573
22,13153,0.0036921312858756855,0.46720131355507705
22,13163,0.0007134138397022236,1.6959509342836931
22,13169,0.0011534138519342875,1.2861492459436332
22,13175,0.001651926237579703,0.696036532584891
22,13177,0.00128406189003422,1.2579782856015016
22,13179,0.003255804178568911,0.6921314455362606
22,13185,0.0027193425646762767,0.42645894192596423
22,13187,0.0007998170329634615,1.8981065259784644
22,13189,0.0011498133162375493,1.1588504614637352
22,13193,0.000820102395135073,1.4557653301874272
22,13195,0.0015419565961551562,0.9834114279212861
22,13199,0.0008516508371834466,1.3844693891520439
22,13205,0.0010102973941591381,0.9881518399313695
22,13207,0.0010275055276759324,1.3223768403972167
22,13211,0.0011665086834410068,1.031624509988509
22,13213,0.0014277405725736472,0.8655685975804038
22,13215,0.0035065989332084915,0.32913366743608513
22,13217,0.0027648518673715106,0.6831492160187631
22,13219,0.0015941253121823419,1.1866235194396204
22,13221,0.0006136836323892603,1.3571620530914787
22,13223,0.003947682267063363,0.5741093664123245
22,13225,0.0007114027752282752,1.1818029094799267
22,13229,0.0007541979499524222,1.362551110552689
22,13227,0.0010488519765059006,1.3680657356046642
22,13231,0.0010248410092960002,1.508920882269794
22,13233,0.0016045243929764795,1.0714365563134058
22,13237,0.0007959891468811835,1.3776838075008941
22,13241,0.0012199265134569877,1.404479040803644
22,13245,0.002854500794210403,0.4278733805153567
22,13247,0.0021618880979700117,0.6076614828980132
22,13251,0.001065131181268002,1.0872113716625107
22,13255,0.0014842259285321067,0.6304498774134941
22,13257,0.000999257181162264,1.318499594833781
22,13267,0.0010633215871625429,1.2661921413195096
22,13261,0.0008792797474243734,0.8591039379539348
22,13273,0.0008408455253613521,2.0369932766362817
22,13277,0.0009364873401709455,0.6804077398506359
22,13275,0.0011413943159904391,0.8160624574868406
22,13279,0.001065301190014534,1.1653050223265708
22,13285,0.0018192141111451367,0.6213205097059282
22,13291,0.0023501659018110147,1.2439294606073368
22,13293,0.0011682007054726702,0.8464635292594374
22,13295,0.001640848080296768,0.8271010834889221
22,13297,0.003269962917459375,0.7011553465985327
22,13299,0.0010897271621810888,0.8964334685667195
22,13303,0.0009847795113178974,1.1669548273763273
22,13305,0.001079781114672485,1.1062672219700544
22,13311,0.0007647938529275389,1.346437551346996
22,13313,0.0031914018968183474,0.6288176650155246
22,13315,0.000968860445669982,1.4836396837579282
22,13317,0.0006120043187904493,1.7351952669692579
22,13321,0.0008400352241512601,1.0991595824745284
22,16001,0.010577838553570584,0.34309764353471506
22,16005,0.0026766176928140145,0.500103378199844
22,16011,0.002254986250292153,0.8568212714088044
22,16013,0.0007615616309561419,2.4403015664621486
22,16017,0.002253056040670532,0.7717724640109968
22,16019,0.004205583998324859,0.5445295107646014
22,16027,0.004750140549329222,0.5391021785881202
22,16031,0.0016221481373690362,1.43751643009415
22,16039,0.0005799529414032533,2.762522554428893
22,16049,0.0012800300579362362,1.4539790776474757
22,16051,0.0008400762187022548,1.9048987399654023
22,16053,0.0008404575272394537,1.5122743477778298
22,16055,0.005213683828793082,0.5339537406858968
22,16057,0.0012801898349100447,1.1667584955037313
22,16065,0.0021279321637653207,1.660689120197448
22,16067,0.0013594512594163625,1.5397253004719504
22,16069,0.0018097907304236158,0.9974185357006716
22,16075,0.000940974243977514,1.8567975186509689
22,16083,0.002076754475178249,0.7442646119233358
22,17003,0.0013528038098649965,2.2231161162956736
22,17001,0.0022707504812364467,0.5173461371252409
22,17005,0.0006310336410775055,1.4614417699621718
22,17007,0.001958124965110743,1.2440626870861378
22,17011,0.0032486782635236917,1.1254914475313864
22,17015,0.002197568816153093,1.2716052001683076
22,17017,0.0014608409339360907,1.7777322464886682
22,17019,0.00767757772614162,0.8749260709575948
22,17021,0.0023283989078901578,1.6637768445731944
22,17023,0.001032493792454976,3.2713547476263454
22,17027,0.0017333145243416679,0.9101002169056341
22,17025,0.0008559107316601671,1.8648620771252316
22,17029,0.001230264579275091,1.5070691149479907
22,17031,0.018442535084925972,0.6090626626245622
22,17033,0.0018163967621065865,1.3119002462982134
22,17037,0.002478557727257701,0.999041978517787
22,17039,0.0012730709981182606,2.0550719393154484
22,17041,0.001357376001036569,1.2156125458916371
22,17043,0.02400582730359981,0.34968131746726816
22,17045,0.0011757547757641968,1.434088172063728
22,17049,0.002370660459283425,1.165342754267928
22,17051,0.0014438949886833034,1.1905263061672082
22,17053,0.0013502788416210922,2.6285216318745386
22,17055,0.0033840580655076355,0.8376806640580272
22,17057,0.0027092328000618638,0.9426501560820312
22,17063,0.0018075586802098168,0.9865702541551393
22,17061,0.0014482590083361101,1.275885071184425
22,17067,0.002673060954107883,1.0186588804330965
22,17073,0.002599661989751486,0.9894929919619618
22,17075,0.003362251689629489,0.9128875932055053
22,17077,0.002496103417635165,0.9862933995970613
22,17081,0.0018011912883196856,0.8629332648417447
22,17083,0.001327349793815116,1.1111232798753732
22,17085,0.001666261108155168,1.1611657239521878
22,17087,0.0003357836123576099,1.6114229530863777
22,17089,0.011904254181803764,0.6203484166657609
22,17091,0.0025656893172106734,0.47114862313149597
22,17093,0.004763981253689469,0.9165158003728221
22,17095,0.0020290106958657573,0.657518842803151
22,17099,0.0041844523685562575,0.6250494547415583
22,17097,0.014400523473580814,0.6491489468368384
22,17101,0.0018540787953254818,1.3431757971218001
22,17103,0.002161464290541236,0.9295997296559956
22,17105,0.0017709312303339172,0.8542696296888385
22,17107,0.002071162134804139,0.8073678430184619
22,17109,0.0015283351203151216,2.2465081435789447
22,17111,0.011194594089401898,0.3945116142524311
22,17113,0.0040516047815452524,0.50411264460391
22,17115,0.003095459966415845,0.37410214232264566
22,17117,0.003477895257792916,0.9244096778680626
22,17119,0.006078835760173131,0.4426022880447419
22,17121,0.0030576009457057803,0.9271707198929832
22,17123,0.002075375912312169,1.2768061737449419
22,17125,0.002338798436311296,1.6471579394759963
22,17127,0.0007975218528058996,2.0445879663855893
22,17131,0.001332889210060911,1.758458437581188
22,17133,0.0017307128311141993,1.9933493810295635
22,17135,0.00199935793297405,1.318922884099664
22,17137,0.0016572577150396016,0.8364720718115116
22,17139,0.0008837940742633974,1.5535720287643489
22,17141,0.002385024733958539,0.9036442401335565
22,17143,0.0047205718968787854,0.4952355858402885
22,17145,0.0013100525760821634,1.7053591226351923
22,17147,0.0008555803235805847,1.8625952084132034
22,17157,0.0018700787072348528,0.9522562399059773
22,17149,0.0016573450993649685,1.136620385121471
22,17159,0.0012261022975638492,1.5300023401523268
22,17161,0.003187719156248913,0.4156045473009681
22,17163,0.004206545194575016,0.600746489014561
22,17165,0.0022143909815322427,1.274317255240869
22,17167,0.006764603757058614,0.3621729667672225
22,17173,0.0019512062119234933,1.291784604265669
22,17177,0.0027539820740892715,0.8152618482706856
22,17179,0.005453530485884707,0.5612364137603703
22,17181,0.0012691973002573501,1.4826033936432368
22,17183,0.0033072405815521614,0.5448394077072914
22,17185,0.0008807395127395991,1.3851092544891828
22,17187,0.000783761005830226,1.5133583817238019
22,17189,0.0014162837252099938,2.113735068705885
22,17191,0.001794948283701392,1.6899979572503847
22,17193,0.0014093099868073141,2.078887882250763
22,17195,0.003894199425649825,0.6392376808417348
22,17197,0.011673526235840016,0.3863733318467131
22,17199,0.002805324981149842,0.7264155973083044
22,17201,0.003879482080879077,0.35120396904876194
22,17203,0.0024746146281879123,0.9480336759744631
22,18001,0.0013891290030626985,1.6558204323908285
22,18003,0.006561402796877296,0.37832007094617226
22,18005,0.0029637229738859166,0.6816266889057045
22,18009,0.0010392849509606808,1.6781669788032478
22,18011,0.0019179811848929558,1.5815593825785084
22,18013,0.0011332648132081741,1.7170171373874832
22,18017,0.0014952512086095421,1.002671257538694
22,18015,0.002616105857959137,1.12380412818215
22,18019,0.0028184069305921514,0.6257670396732053
22,18021,0.001667828603512504,1.642621268412041
22,18027,0.0017277427227125207,1.2500587081566927
22,18023,0.001254568114187963,1.0034372283670654
22,18029,0.0023389486463284994,0.9644044661697255
22,18031,0.001460637131843833,1.1887705439743301
22,18033,0.0019238264887164226,0.6597218760210335
22,18035,0.0035737789052268936,0.4655495881445651
22,18037,0.0021924077939160227,1.3029633101590323
22,18039,0.005014016801679769,0.39069203993108065
22,18041,0.001754494881886536,1.2275274469782507
22,18045,0.001701990517495972,1.6411179941320926
22,18043,0.0023814569489900954,0.616182321141406
22,18047,0.0010356427701338781,1.3609847511883306
22,18049,0.0013975068244530076,1.1611989519859032
22,18051,0.0017413327489501894,1.2332548836167698
22,18053,0.002299910745827983,0.6463122305735011
22,18055,0.0022015372547316233,1.3052129813927709
22,18057,0.011666558887251743,0.39928445564927456
22,18059,0.0028015049401877963,0.8825437316831057
22,18061,0.0021824508173331346,1.3367608980613832
22,18063,0.0045331462374489165,0.48810114194752036
22,18065,0.0026742478959668465,0.6571089744159707
22,18067,0.0030906400716102064,0.49779177100463634
22,18069,0.002680842534263179,0.841845330561745
22,18073,0.0014717616986805084,1.177761583809723
22,18071,0.0018041292757597018,1.0610971352159118
22,18075,0.0020083135247690284,1.3453921828245414
22,18077,0.0013751681859742407,1.1933837279417676
22,18079,0.0010454841722184196,1.2279144345139588
22,18081,0.0037136220913701282,0.5848368383134035
22,18083,0.0014567924571926318,1.0468059370985225
22,18085,0.003101661499842981,0.6731710917669846
22,18087,0.0017722873418768775,1.009810983575857
22,18089,0.005391546998356813,0.4396802838822486
22,18091,0.002441203201039159,0.4570689452278421
22,18093,0.0020495086590146174,0.9088569305576228
22,18095,0.0036740651867350335,0.5061882902976107
22,18097,0.010038070336341772,0.2513828326160574
22,18099,0.0023067530360190353,0.8880674661205553
22,18103,0.0013388298698612014,0.6996917261280997
22,18105,0.005451501046554461,0.7442475836047512
22,18107,0.0020786835115183546,1.0296835076781095
22,18109,0.0025578464817005583,1.0197515475731325
22,18111,0.0007924442270140351,2.223093196572129
22,18113,0.0019331345297072197,1.083942952511476
22,18117,0.0019861946492582927,1.1985419825518104
22,18119,0.00173005732198544,1.5367128366592568
22,18121,0.0010310848539866453,1.761561663036199
22,18125,0.0015883468896603415,2.383844823954504
22,18123,0.0012453027883550384,1.4278414906127126
22,18127,0.0029990141875416974,0.48293157590798336
22,18129,0.0018852670535084953,1.3709004569519543
22,18131,0.0009792128665739846,2.0009781673164073
22,18133,0.0011854779440993442,0.955273578262278
22,18135,0.0025125135308682245,1.0610717569502068
22,18137,0.0016584560192934852,1.2859943591531984
22,18139,0.0013794129230289042,1.6540220548733766
22,18141,0.005340777215419274,0.3362148414936369
22,18143,0.0011569921699756901,1.390498832691826
22,18145,0.0017174410853627883,0.9608286791596858
22,18147,0.0013302209658338797,1.6941045758887998
22,18149,0.0017737658629848143,1.090806814110763
22,18151,0.0017838985978287968,0.7844595803666895
22,18153,0.0008746107419753552,1.0197340030212778
22,18157,0.0044675588355438,0.7417049403251519
22,18159,0.0006234391347761958,1.6412734882673428
22,18163,0.003911936956993822,0.2938532708774074
22,18165,0.0015059816545763334,1.321903067818498
22,18167,0.0026254173349985043,0.46490830795457416
22,18169,0.002085429132445238,1.7360533947762107
22,18173,0.002340738852095247,0.84323988545454
22,18175,0.0018390861465932774,1.0541403223374661
22,18177,0.0024690390970631463,0.7559572729568389
22,18179,0.0019038358088008822,1.1846212964167135
22,18181,0.0020804431011268837,1.1018528111701764
22,18183,0.0016126391280034272,0.8038769576673439
22,19005,0.0016057968898610894,1.279988566860776
22,19007,0.001223290451801957,1.3217705318304116
22,19011,0.00208580460650781,1.1161459024532943
22,19013,0.0034354259487515515,0.5879735371650988
22,19015,0.001546860593554047,1.325536561448071
22,19017,0.0018894885447332253,1.22300860881333
22,19019,0.0015531672635997716,1.2514893634542885
22,19021,0.001042269202409738,1.444709010332949
22,19023,0.0018585274956647608,1.3354403671181365
22,19025,0.0013434680380586524,1.7422851141447375
22,19027,0.001381191280303095,1.5986315524582169
22,19029,0.001387741405822091,1.606475729685436
22,19031,0.001545678584180188,1.336181724529253
22,19033,0.0023800440368919036,1.168036228103737
22,19035,0.0010605470189274321,1.5813738802161414
22,19041,0.0008704924332997672,2.004113614256804
22,19037,0.0014052908918817254,2.0471432605197903
22,19043,0.002444314909066361,1.322814495107237
22,19047,0.0022049157875740095,1.1799400069314308
22,19045,0.0028764207205494345,0.9661361324109747
22,19049,0.0028854296741459696,1.1021951804107701
22,19055,0.0010948415035068378,1.68828993834354
22,19057,0.0022782090671031687,0.8132989791622866
22,19059,0.0015821723824959717,1.4809847871847077
22,19061,0.003489291835131776,0.5885525448534987
22,19063,0.0008872804425651728,2.3488104777015524
22,19065,0.0025345365880322665,1.6997207242822847
22,19073,0.0015221726471340848,1.78194352364437
22,19067,0.0014180654667750976,1.6423916100617033
22,19075,0.0015500053019331314,2.043534457704791
22,19079,0.0013000513670258322,1.722504169459117
22,19081,0.0014005667921152209,1.3825067470883012
22,19083,0.002354467152582715,1.3248368256126306
22,19085,0.0021372386280699984,1.4994141686061084
22,19087,0.0015671780680827196,1.1370599312894056
22,19091,0.0012914651855451943,2.3918835614834615
22,19095,0.001203561248630518,1.6642061736899525
22,19099,0.002271454139997978,1.096374677546339
22,19097,0.0021283450121751175,2.390684735683729
22,19101,0.0007808856498630141,2.1172048772359786
22,19103,0.006424761385268325,0.6081925609200247
22,19105,0.0018024156127491727,1.7732440149163524
22,19107,0.0016083906671747808,1.1672194337259707
22,19109,0.002431541815052894,1.506083099072653
22,19111,0.0018017641386326028,1.3906581785787409
22,19113,0.007042956691510214,0.3572813930328391
22,19117,0.0015667757997053103,2.077436951493494
22,19123,0.0019558801979853717,1.2417563793449562
22,19125,0.001269240104926452,1.8307735070674407
22,19127,0.0021239312628641258,0.6661970354337216
22,19129,0.0012647876794243985,1.8114994396725141
22,19133,0.0014908371752928651,2.243069564278353
22,19137,0.0011626429567002776,1.9298492418813096
22,19139,0.0018843546779439876,0.8427678615763666
22,19141,0.0010898955574233482,2.3667773610728013
22,19147,0.0011667300083770629,1.2898883632354703
22,19145,0.0020872265086722725,2.263219067002427
22,19149,0.0018253751671206695,1.4179295259255675
22,19153,0.009227881060529049,0.3177075520012161
22,19155,0.0036803975304396694,0.5988444042648048
22,19157,0.0014324859306827648,1.9403426448748606
22,19161,0.0021039484428210294,1.4577359407193236
22,19163,0.004344161521737391,0.4198545425011027
22,19165,0.0010133629889257697,2.1931555447651747
22,19167,0.001787209372338154,1.35440908785415
22,19169,0.005023989580322459,1.1397802337494691
22,19171,0.0022173312665489256,1.6265178590293772
22,19175,0.0008954064464169091,2.2378003554790693
22,19179,0.0023972346105828536,0.756451665855862
22,19183,0.0011844624097834301,1.7131888574145682
22,19181,0.0024733306909703046,1.143885533807422
22,19187,0.0015943615622493925,0.7579861256132511
22,19191,0.0013299351144348966,1.4304582713811622
22,19193,0.002701624334422247,0.46552677935197684
22,19197,0.0016453617151958872,2.104566205346035
22,20001,0.0017508845477214828,1.6057335963169623
22,20005,0.0007306401854582394,1.8661459295157625
22,20009,0.0015478821008950035,1.020686056204291
22,20011,0.0012828759904605783,1.6554618230574822
22,20015,0.0022812423440059185,1.1292482516051263
22,20029,0.0010141085203313395,2.321654970396515
22,20021,0.0012165039995968355,1.4828056826127651
22,20035,0.0023332820273295426,1.124582820479071
22,20037,0.0019245211917248727,0.883782754082745
22,20041,0.0014598945225154534,1.4769814590813495
22,20045,0.005926368485103422,0.45197171393735186
22,20051,0.0011503375171665593,1.3770469572152595
22,20055,0.0023323959726453234,0.7151301551521253
22,20057,0.0013813854100130723,0.8401182048710657
22,20059,0.0009664579261794044,1.292704943482036
22,20061,0.0024923793345681985,0.7522395813234773
22,20079,0.002257166868283376,1.3249145237816442
22,20087,0.0011442525169164956,1.69471467359151
22,20091,0.014030632416838482,0.3397601839284029
22,20099,0.0017979578532081235,1.1164802478256899
22,20103,0.0019462086265347764,0.8002875037468826
22,20111,0.0015309621180939316,1.002205341053784
22,20113,0.0017495373518333762,1.67021419285269
22,20115,0.0010407852992309428,1.5699604967976872
22,20117,0.0013064320488082614,1.6848422915267065
22,20121,0.001889037218936374,1.0264839404827386
22,20125,0.002212715464345651,1.0019225127435074
22,20133,0.0012606896475897843,1.4092520580107808
22,20149,0.0009180224684670282,2.1071038951743772
22,20139,0.0015194498089747194,1.5550081760379362
22,20155,0.0020354428570633683,0.640791235984735
22,20161,0.0049329537054565754,0.78190894802326
22,20169,0.0013688796932426416,0.7447518156483713
22,20173,0.006400105169346604,0.29504958484992916
22,20175,0.0011496129848918564,1.3986779428616718
22,20177,0.0037503256352242166,0.360339557250668
22,20191,0.0016005639454656634,1.1726977381023447
22,20205,0.0013514688975933252,3.2135260099880667
22,20209,0.008487599423681188,0.39222590365026394
22,21001,0.0014889927064599023,0.9005006927165883
22,21003,0.0014078711986666602,0.9949036099559405
22,21005,0.0012012937408909061,1.1702112246421383
22,21009,0.0015902690018788786,0.7005689217585012
22,21013,0.001724953992746287,0.8657226412471745
22,21015,0.0031150479721395587,0.4788215769531465
22,21017,0.0012557887825090583,1.0528219012242388
22,21019,0.0017896415003438588,0.7397416183583648
22,21021,0.001059350925719785,1.0894363942062324
22,21025,0.0022408466370248893,1.113703911436505
22,21027,0.0014449277712087812,0.9246188656328586
22,21029,0.001964837449132897,0.5935185183039271
22,21031,0.0007754026992435161,1.241321841905493
22,21035,0.0010756078500102407,0.8648254131367097
22,21037,0.002335827067775738,0.6657208686921473
22,21043,0.0011590575881869434,1.0876010760568373
22,21045,0.0009547303259593455,1.0950578249878127
22,21047,0.002233889271070078,1.6519961536307433
22,21049,0.001768184488488838,0.7437730756695197
22,21051,0.0010285981258538492,0.9405461110788718
22,21055,0.0009741684878190358,1.4309223235005863
22,21059,0.0029234145795482844,0.5664620228361504
22,21061,0.0004480619851503439,1.8016334159627752
22,21065,0.0008048491501770267,1.4367164441069114
22,21067,0.005363682530239565,0.3603418507980328
22,21069,0.0010104969399734904,1.7007000407807384
22,21071,0.0016038332621838062,0.9143159309538305
22,21073,0.0021734747461264296,0.6620720910499487
22,21079,0.0008333562897998878,1.4089302590175439
22,21081,0.0006494774397083822,2.254559089822532
22,21083,0.0018466589323569446,0.6972297797421108
22,21085,0.0014923847890651102,1.0162295403051924
22,21089,0.0019155189169937623,1.1965243191313277
22,21087,0.0008608249190953352,1.608986079073462
22,21093,0.0029587822168011427,0.6829157209496148
22,21095,0.0021521385819520287,0.7785719798207843
22,21097,0.0011724143803658231,1.3228176296588277
22,21099,0.0010012275520637083,1.2003875982193355
22,21101,0.001128542420509666,0.9362313553109812
22,21103,0.00150018017993813,1.1531253884038715
22,21107,0.0020477806706824275,0.6659240137212585
22,21111,0.008897349233813868,0.42403671358026723
22,21113,0.001243577542455374,0.7536197214199273
22,21115,0.001018740604055309,1.2935440092761716
22,21117,0.004144516123225285,0.5263747243534226
22,21119,0.001232032349210051,1.027723247879178
22,21121,0.0013984330880239914,0.9211640255723421
22,21123,0.0006133286741444328,1.4241608919693916
22,21125,0.0017845223714361461,0.6578748031506225
22,21127,0.0011833844712838219,1.2045534357129903
22,21135,0.0007720848192728411,1.3478341132019123
22,21133,0.0009849895148360424,1.1235328184625417
22,21137,0.0007996510757512259,1.0065058485170002
22,21141,0.0013824957838546239,1.0948959433988632
22,21145,0.0015144772036363699,0.6246978097105705
22,21147,0.0005844007589639118,1.4176430690957822
22,21151,0.0019255065545645813,0.8026153848148313
22,21153,0.0005242286535061133,1.433817595086043
22,21155,0.0007888544677595062,1.1860243102741534
22,21157,0.001963909424162658,1.3257391994651615
22,21161,0.0011690497797758664,1.2886825812289682
22,21163,0.000887537140725109,1.6356260832715586
22,21171,0.0008050436309127442,1.218715986214991
22,21167,0.0013562220068815307,1.2300187180515902
22,21173,0.0010196805207748035,1.2401814566914575
22,21175,0.0014542677996062711,1.119735374204065
22,21177,0.0018093844617753185,0.7339788461098461
22,21179,0.0015360571297734467,0.7056088356174315
22,21183,0.0013154677868981426,0.9724327623996852
22,21185,0.0033871499105820125,0.7263674929643406
22,21193,0.0011407201551493938,0.9053340888612884
22,21195,0.0031700359385234515,0.6899543815471031
22,21203,0.0007450753381334831,1.4037514963445294
22,21199,0.002422245454158358,0.6213538648932383
22,21205,0.0005180585927916108,1.9029011588072855
22,21207,0.0009518595736957498,1.532693961977951
22,21209,0.0021170206482324996,0.7103767282890878
22,21211,0.0011559006681196608,1.5187801531333973
22,21213,0.0006833331600133517,1.5759023681947881
22,21215,0.0008445393030307471,1.4337144485748878
22,21217,0.0009483343467003959,1.4570185994119915
22,21219,0.0006611250761322882,1.4413731741851377
22,21221,0.0005988665515096012,1.2298494976987198
22,21225,0.0005034723317933974,1.3443656354960005
22,21227,0.002472685949512612,0.5847697572114523
22,21233,0.000682277903988691,1.594355052001761
22,21231,0.0007471175707277131,1.1997052318073156
22,21235,0.0009844810465500706,1.4706235405144423
22,21239,0.0014854887351399904,0.9138853994398585
22,23001,0.00346758278146192,0.5864611317796046
22,23003,0.0077601971982787675,0.7409099791673751
22,23005,0.009417310657544248,0.8028368250906335
22,23007,0.002260289386348564,1.1177090906708553
22,23009,0.006860892917471254,0.6901524640383969
22,23011,0.006301640611931366,0.66228135724239
22,23013,0.0030214669719372082,0.887972118904447
22,23015,0.003331362448804561,1.4268466462457383
22,23017,0.004532906309040537,0.6772077507051218
22,23019,0.0059008210686590686,0.6293980822980507
22,23021,0.003106930664020859,0.9392444104203915
22,23025,0.004172044873732868,0.8205051028269454
22,23027,0.002592173562694148,0.9954721287154735
22,23029,0.00415198165259203,0.6960224523753814
22,23031,0.006998583272143749,0.43963290961721674
22,24001,0.0036388466383922946,0.620554191010765
22,24003,0.011328056721724822,0.37824850072287314
22,24005,0.016151586303769127,0.3764287711850266
22,24009,0.004610374765516728,0.7608760960546427
22,24011,0.0018297901484354928,0.9409778263042523
22,24013,0.00808162024033157,0.40095247372162607
22,24015,0.003988275306291543,0.613534167751929
22,24017,0.004197743679346826,0.488563098157943
22,24019,0.0014958187024873117,1.1332948642602523
22,24021,0.006996963790186271,0.5067439013846506
22,24023,0.0024077897492031466,1.0353945936859292
22,24025,0.009938334988468288,0.44337966681527674
22,24027,0.013349338475740494,0.5074193092657016
22,24029,0.0010511695737641707,1.4976362163379906
22,24031,0.02230789655800532,0.3493494310940506
22,24033,0.01478850084022958,0.5270580086205214
22,24035,0.0021573963243563606,0.757122110956029
22,24039,0.0009749820167607239,1.418958654908901
22,24037,0.0035240016523478525,0.826763503473159
22,24041,0.003138651952509787,1.4186674221219047
22,24043,0.003048994213674998,0.3921558128140685
22,24045,0.002578588424660827,0.5371372842658739
22,24047,0.0034838435752493177,0.9170889360554894
22,24510,0.01320295957700244,0.32218470243157715
22,25001,0.018334383517633723,0.3693282358770775
22,25003,0.008386826572183013,0.6045179407669983
22,25005,0.00790831471433462,0.5111726565469161
22,25007,0.00125757382140374,2.3340825665998284
22,25009,0.01207150068285087,0.6504285804279442
22,25011,0.005712082734590595,0.9245194513449775
22,25013,0.0071665167521766954,0.37058584977521497
22,25015,0.00834852384121315,0.7124438123218082
22,25017,0.026648634512804633,0.7441874845151166
22,25019,0.0009299904055509658,1.4387486729136116
22,25021,0.01939965063104681,0.7122509661602074
22,25023,0.011955544151787397,0.6283497312344435
22,25025,0.027777436528852506,0.4646337652141031
22,25027,0.011242715445463031,0.41909117490278025
22,26001,0.0036721762718507447,1.3865865799680412
22,26005,0.0038085154446524613,0.7305883782039965
22,26007,0.003220749500371554,1.07648827045956
22,26009,0.003539434365232167,1.1894848094308947
22,26011,0.002184524033616136,1.649824466245661
22,26015,0.0029282028719046995,0.741032223018004
22,26017,0.0027356764300790317,0.5198374090459442
22,26019,0.0020642072742238496,1.6459530636180701
22,26021,0.004702957521169869,0.45190961963445475
22,26023,0.002750000867638061,1.0615769314451422
22,26025,0.004266544900649082,0.401531146972545
22,26027,0.002807771962948783,0.714741855622468
22,26029,0.004282722781769719,1.0142104734282373
22,26031,0.0033512520495000454,1.0635590555011916
22,26033,0.0019602565058301886,1.9886143511056207
22,26035,0.0029482598517506274,0.7591074722342035
22,26037,0.003304612982059446,0.5586624729773643
22,26039,0.0021925911634268,1.2009781831949344
22,26041,0.003143387932246723,2.1017334764173996
22,26043,0.0019941294569553437,1.0845957976767417
22,26045,0.0049362678630562136,0.654427405021773
22,26047,0.0023878797700798426,0.9420253068653226
22,26049,0.008668799780366056,0.3122312848776141
22,26051,0.0031748028286846582,0.9038700532378527
22,26053,0.0022925966226446633,1.439363547454518
22,26055,0.004452915397563671,0.6386277035644156
22,26057,0.002207697047226157,0.9599526828007034
22,26059,0.0024617306286241858,0.8975214414597573
22,26061,0.0021953961011399958,1.030973768661073
22,26063,0.004349452733116109,1.0945859133455658
22,26065,0.010062148930179402,0.611501249314868
22,26067,0.0018058789772002876,1.2102441241086894
22,26069,0.004660343559734169,0.9062885531779509
22,26071,0.0027920284616774326,1.375600021924579
22,26073,0.002783297712698281,0.9835291404735711
22,26075,0.003207262424695771,0.6238571620506878
22,26077,0.005159530008023566,0.3653133320921658
22,26079,0.001292096213409342,1.2152974618476895
22,26081,0.010937813933092667,0.4477648002267397
22,26085,0.0017474089008613079,1.54174484514821
22,26087,0.004333672625465044,0.6836198413337775
22,26089,0.003737592298648572,1.294659926263844
22,26091,0.0035782941265511095,0.717445634170647
22,26093,0.011992963149472203,0.44615513150813063
22,26097,0.0024948361178265977,1.4785373726278364
22,26101,0.003588546524596082,1.247006612113373
22,26099,0.013472029930818004,0.2935564782076723
22,26103,0.003593695131467574,1.0706250885011888
22,26105,0.0025639534965598435,1.2921421730705895
22,26107,0.0014253377975174907,1.556516400641287
22,26109,0.00319556770911474,2.2483181680374633
22,26113,0.0014725742843293937,1.5909180315418308
22,26111,0.0032647965782137975,0.7040771589283371
22,26115,0.0044899459447341385,0.4459249661614711
22,26117,0.003762745777276759,0.9050213766491896
22,26119,0.00273976679528225,1.4676323169760892
22,26121,0.004122337341365949,0.3966670794923363
22,26123,0.0038695032664952107,0.9053754007052257
22,26125,0.024755302669414874,0.2997066081112899
22,26127,0.001330866784083545,0.9510036772167981
22,26129,0.003593937229427329,1.1006170121791317
22,26131,0.000999228043665583,1.8633964073162332
22,26135,0.002595795293783484,1.4838899324285972
22,26133,0.002973473066780607,1.2533173223863356
22,26137,0.0018625368378326294,1.151051313102125
22,26139,0.007065230765615338,0.5449237227636707
22,26141,0.0033867623764303996,1.3915920057697457
22,26143,0.004781019481725911,0.9407182065792822
22,26145,0.004328088744756237,0.3486249693904326
22,26147,0.006789081097237387,0.61236382463293
22,26149,0.0028948279945965306,0.7798784757373285
22,26151,0.002954820530769376,0.9282040131077622
22,26155,0.0031385224249270544,0.9469599288905886
22,26157,0.004484527273324711,0.7304119528521387
22,26159,0.002982544607201006,1.3050753530019144
22,26161,0.011494339755945411,0.4142785193639042
22,26163,0.017440914933092373,0.35534378676575235
22,26165,0.0016929062087356534,1.1501144171419746
22,27001,0.003935958628097702,1.2335814164915118
22,27003,0.013444463369354927,0.5340721972970394
22,27005,0.0033490914852399765,0.96304313311316
22,27007,0.001715266873290697,1.1117459067362052
22,27009,0.001465755623543076,1.0788345167736355
22,27013,0.0027449882183143586,0.7727856774328797
22,27015,0.001896002260874493,1.6922770002892085
22,27017,0.001671977393560856,1.14968180078881
22,27019,0.005796496034912831,0.6693938208994561
22,27021,0.0032868850866642997,1.1087124552216756
22,27023,0.0009068806875988262,1.4615714171290608
22,27025,0.0035298637106346105,0.9076628873811748
22,27027,0.002195329513809665,0.8311727895145198
22,27033,0.0010645559180824504,1.8321161018274807
22,27035,0.0037379202347756994,1.0049623317645673
22,27037,0.011779524755513818,0.3012399510818241
22,27039,0.0017807821266863986,1.3698870897127244
22,27041,0.002951071981462512,0.9022212928340028
22,27043,0.003338095708320366,1.9911073502640069
22,27045,0.0031340709088976773,1.3213182699676207
22,27047,0.003664721924923196,1.0941191439493971
22,27049,0.0031620999758321744,1.398744446348269
22,27053,0.021905299523294973,0.532657970381752
22,27055,0.002006546171185719,2.020713314598334
22,27059,0.001934072194757345,0.9745421240984461
22,27057,0.003608519504854179,1.824644000817887
22,27061,0.003655618094924056,0.8420129889084185
22,27063,0.0014197924533406998,1.992484276154643
22,27065,0.0011391670211663625,1.7478375846212895
22,27071,0.0008859847562662853,3.557104516513094
22,27067,0.002208070464068726,1.1884277122324387
22,27079,0.0021881207350341486,1.175526356453336
22,27083,0.001740073499575621,1.1875483186603266
22,27085,0.0024934656489698586,2.3838247596493054
22,27089,0.002083053406598939,1.900743097195081
22,27091,0.002207873907030673,1.3394953425629532
22,27095,0.0015299620705365173,1.6518914298983827
22,27093,0.002487058895196084,1.3573254638523908
22,27097,0.0027465264750354103,1.601902997259267
22,27099,0.0026395136336821307,0.7895037116416592
22,27105,0.0014558392817139675,1.5313982151349086
22,27103,0.00143726413088846,1.7941236357106114
22,27109,0.006900467468835269,0.3843963331208342
22,27111,0.006393302232942853,0.7766469528144595
22,27113,0.0014077123182054607,1.5538379101849573
22,27115,0.002700768605904565,1.1914695146638419
22,27117,0.0021376118686323364,1.9570252963678743
22,27121,0.0017433914760074125,1.7406085133385147
22,27119,0.0022064818963566414,2.0286093986890963
22,27123,0.010833811934713555,0.4410447196240882
22,27127,0.0022860455338804117,1.6563138928731158
22,27129,0.00286275342070114,1.092178082440883
22,27131,0.0022599710220372344,1.050951605119441
22,27135,0.0017718365608354273,1.5783663051217327
22,27137,0.007612756560382639,0.935990418689832
22,27139,0.005674929744008023,0.5703989710307142
22,27141,0.003967330188380048,0.7796443106891227
22,27143,0.0017297896369262795,1.7232676665991151
22,27145,0.004139685110147427,0.6365382059036762
22,27147,0.0019035515759602154,0.9607801608443726
22,27151,0.0013708767910915918,2.366161001171058
22,27153,0.003059150071294667,1.0329952147168506
22,27157,0.002286676921903464,1.0751925782905805
22,27161,0.001310147398195145,1.6796202544954426
22,27163,0.00829540860647024,0.5513157726337402
22,27169,0.001705147784489422,1.1079333343895352
22,27171,0.004664478500219543,0.8265917248866212
22,27173,0.0015311994351192358,1.776545193629624
22,28001,0.0012474682214339027,0.8604400847010295
22,28007,0.001475296138384937,1.2398833135251857
22,28003,0.0015846452738129493,0.996119903737612
22,28011,0.0015020181568141174,1.2756829238487168
22,28013,0.0012562444312014,1.711166350372717
22,28017,0.0007153017358150173,1.9067634636736717
22,28023,0.0008144497700165683,1.4344177741005233
22,28025,0.0008997372284463718,1.8574188424450162
22,28027,0.0013308592321720307,1.3345854974740794
22,28029,0.0013514930363703482,1.2953865903934652
22,28031,0.0005823966922960206,1.3200552237852303
22,28033,0.0038667598843342716,0.4732895463490763
22,28035,0.0020111036489843287,0.5556547570058978
22,28039,0.001032545281009391,1.36174991983444
22,28043,0.0006368313131128005,1.6742365037021305
22,28045,0.0010993024420334412,1.0696607265096538
22,28047,0.0019885160511839894,0.3712002921128227
22,28049,0.004974614504033741,0.3410998830353674
22,28051,0.001468899785870927,1.152435130725141
22,28057,0.0009504805094996955,0.951707713944906
22,28059,0.002111689896885519,0.7403277282600722
22,28061,0.0007911624158747244,1.5206007966310369
22,28067,0.0016311124044748322,0.7855321901563994
22,28071,0.0017478923086336681,1.0236957869537642
22,28073,0.0017958449960934581,1.057335696093192
22,28075,0.0015452909040691244,0.7379140782947484
22,28079,0.0007299132304787364,1.1346250724724956
22,28081,0.0017782706884469546,0.5868434904008942
22,28083,0.001295512346094024,0.9539786347387198
22,28085,0.0011702016636461886,1.455454485155322
22,28087,0.001257909493820768,0.8048424112785222
22,28089,0.0018173556829618857,0.6944462576219401
22,28091,0.0011628744420424462,1.4376453638852262
22,28093,0.0008954099835842764,1.6002749969216816
22,28095,0.0015669455179760537,1.1764259289077585
22,28099,0.0013979175054787114,1.1040826876554073
22,28101,0.001039155775422214,1.3624922468501872
22,28105,0.0025919256262832285,0.9448091619609191
22,28107,0.0011580330950225978,1.1591756745611925
22,28109,0.0016787203020453805,0.9909246602638514
22,28113,0.0012980135919798852,0.9772424540537186
22,28115,0.0014814080996287328,0.9383777749477689
22,28117,0.0008406825471791605,1.3704664232030048
22,28121,0.0027066020252541475,0.5770371337165613
22,28123,0.0012636653852512066,2.1099846262235875
22,28127,0.0010854397897440099,1.1190326182976607
22,28133,0.0010210491477251175,1.4325072091675555
22,28135,0.0006845162724364192,2.812725171734071
22,28137,0.0011133219808329034,1.349315501643058
22,28139,0.0006885339543501096,1.8237670793187228
22,28141,0.0006197717399787539,1.6923894299321753
22,28149,0.00200243708189584,0.8726615149876146
22,28145,0.0016168121173662554,1.0318461099941476
22,28151,0.0028626571540662595,0.7012441502075181
22,28153,0.0009592091397461853,1.5388977893138889
22,28159,0.0015178050884965977,1.4331472552586482
22,29001,0.0008732570628898211,1.0480026448135857
22,28163,0.0010031274094981265,1.1292844637868975
22,29003,0.0009785454022603654,1.3727233253599076
22,29007,0.0014338642318285158,1.1486822110003623
22,29009,0.0010692436221387664,1.2654335437546513
22,29013,0.0008814954897380234,1.9485777081680764
22,29015,0.0019097567180621482,1.2162021931534588
22,29019,0.004888873022519698,0.5903732701193414
22,29021,0.0024181483734055744,0.4713447448471422
22,29023,0.0014648921633116801,0.759482356741497
22,29027,0.0016486098940599607,1.07648972631094
22,29029,0.0029055522899343413,0.7899685795341798
22,29031,0.0014731929643522154,0.952182828668384
22,29037,0.002679258969741432,0.7717441686564622
22,29043,0.0036904632566769615,0.6657791265430949
22,29049,0.001059708308512227,1.6930931648445193
22,29047,0.006044545423520251,0.40728073044513324
22,29051,0.002261702177091247,0.7148301592782457
22,29053,0.0009113444955277992,1.5537441422360405
22,29065,0.0005776139638515441,2.3921818181216787
22,29055,0.0008724638142574377,1.1574271211669827
22,29069,0.0021005730161064913,1.4006891015681828
22,29071,0.004084267131276706,0.7947531378090481
22,29073,0.001356406994181829,2.2619304336883523
22,29077,0.006298783274690008,0.42369120213445455
22,29079,0.0007856930211880029,2.102581776028845
22,29083,0.0017487298413686042,1.4730546954010988
22,29091,0.002226357075660962,1.1768608211279286
22,29093,0.0013369730837315505,1.9948600947936526
22,29095,0.008958174843495856,0.3724867625783819
22,29097,0.0029120253086957417,0.6145932865931338
22,29099,0.006797744449449939,0.5063121212733478
22,29101,0.0013229749084133497,1.7349489752024456
22,29105,0.0012786968445221945,1.3533454944351568
22,29107,0.0017040694677027445,1.3940169027136105
22,29109,0.0014371507795426872,1.6147867131770604
22,29111,0.0010198114556045845,1.2168160807606416
22,29113,0.00234892302912374,0.8238204572000944
22,29115,0.00155633011452809,1.4508028288982022
22,29117,0.001045593922296447,1.3502017005796496
22,29119,0.001000482718882488,1.4749907365510686
22,29121,0.0013877198376202337,1.8727106896901982
22,29127,0.0017468227151003885,1.769739174517469
22,29131,0.0011413047655590219,1.8135879254759977
22,29133,0.0005483597228369154,2.466528507030537
22,29135,0.0007571849966479099,1.5867150975205644
22,29139,0.0009913243623334807,1.4787250406819101
22,29141,0.0007306420882144593,1.5041917669016327
22,29143,0.0014580646287226052,1.3980747161133467
22,29145,0.0024821847991954664,0.936285095624946
22,29147,0.0007218065177762141,2.1008206990996356
22,29151,0.0010708672992945987,1.6592531402020232
22,29155,0.0017255936194342115,1.470188307313144
22,29157,0.0012695802095340305,1.5889910412997434
22,29159,0.001761674235710272,0.7447696485350431
22,29161,0.0011905003101737545,0.8718017114902757
22,29163,0.0010524132807783024,1.5881416172963656
22,29165,0.003168667523437355,0.5938663091211126
22,29167,0.0009947082869325946,1.610629316914856
22,29169,0.0015780459427238251,1.0815651445511694
22,29175,0.0011585106114273538,1.2199759622479094
22,29177,0.001197113229726601,1.5709716169357515
22,29181,0.000890942476110899,1.3657823863670981
22,29183,0.00977967196321985,0.4572675185083395
22,29186,0.0008168740614966658,1.6455697341556281
22,29187,0.0017326480971604531,1.0439380788200443
22,29189,0.016854084166163255,0.5003729103145883
22,29195,0.002090378096208787,1.1940291256925255
22,29201,0.001777096882175604,1.2428073530533055
22,29207,0.001869659331032576,1.1315861304116552
22,29209,0.0021865567397470944,1.2648957852704614
22,29213,0.0015803421780038226,0.8182928563244479
22,29215,0.0011877174796414325,1.3484622891401212
22,29217,0.001390176041536782,1.4380500836347632
22,29221,0.00132984459532313,1.2374989240868182
22,29219,0.001280575323656779,1.3536236878391115
22,29223,0.0011326502282794264,1.6308397996236716
22,29225,0.0018916282179731998,0.8104488299691024
22,29229,0.0009766130542915071,1.8463884560827986
22,29510,0.012044160858966592,0.44916159513390413
22,30003,0.001816366201871151,1.3835766083829057
22,30005,0.0012118883230213848,1.4144507850631034
22,30009,0.002036840955671118,1.5479239362084503
22,30013,0.0021676826629975316,0.4336021114951493
22,30017,0.0016204527944897564,1.1879628786209488
22,30029,0.004017993940817731,0.7945746561590347
22,30031,0.004246380504714206,0.6329746862805794
22,30035,0.00032889971715404476,1.7761838118859257
22,30041,0.0008237551456597365,1.5517187218148512
22,30047,0.0015377093806554574,1.2269241859149413
22,30049,0.002831229259547497,0.7328592845499043
22,30053,0.0015633901125142692,1.2983567085388845
22,30063,0.004491001599167629,0.6035817967261773
22,30067,0.001114193265317569,2.4804088582024075
22,30081,0.002545632422133357,0.8338906946114792
22,30087,0.0006946920198726494,2.3709718318451443
22,30083,0.0009451983799242367,2.32520193628531
22,30093,0.0018281626069489745,1.1073631064396414
22,30111,0.0046115195341809145,0.553821039979604
22,31001,0.0012810807175681184,0.6956033485820267
22,31019,0.0017607495153640507,0.9211750772112783
22,31025,0.002203214872676144,1.6266334889232419
22,31041,0.001244696325730477,1.753938554944032
22,31043,0.000685309807873803,2.462737885162605
22,31053,0.0018327526133104573,1.2259139633481457
22,31047,0.001276106658164641,1.8537201098523086
22,31055,0.009743423522119717,0.5189713296799409
22,31067,0.0020248560752937845,1.2564240311725798
22,31079,0.0019379379949596752,0.6094370182154302
22,31089,0.0010491541915036665,1.5569140956321392
22,31109,0.007820137324647985,0.5324157100156552
22,31111,0.0018206619271726892,1.2617461662531493
22,31119,0.0012738179618810793,0.90117129442646
22,31131,0.0014425208575731703,2.464722584850925
22,31151,0.0007506676822398482,1.3756545033170384
22,31141,0.001631081333369471,1.1656363613879441
22,31155,0.001518101289019409,1.4923383310790002
22,31153,0.007992062688971725,0.5343374704440056
22,31157,0.0019614978849105454,0.6425930294646752
22,31159,0.0010512933888266027,1.9635615580984354
22,31185,0.0008789862806783904,1.878957675775116
22,31177,0.001416816788901027,1.4716188757616635
22,32001,0.0008064595365079418,1.2212426979248105
22,32003,0.01546570849915333,0.41349142035813113
22,32005,0.004255393305865998,0.8552799499334038
22,32007,0.0020409938253396387,0.9605502248308825
22,32013,0.000521145472207179,3.0835828235808997
22,32019,0.0014568969912846486,1.1140007368080087
22,32023,0.001960863868096791,1.4409831307304546
22,32031,0.007516483367866224,0.3228850504963301
22,32510,0.001862247815608745,0.7023066186139951
22,33001,0.003538213117113223,0.6704127592774158
22,33003,0.0043818515493916875,0.8740679205422112
22,33005,0.0038981163423565625,0.7300192018762834
22,33007,0.0042647539122523575,1.0844741654978622
22,33009,0.005906763632103546,0.8015701319569912
22,33011,0.00957248737145169,0.4744594927949843
22,33013,0.006181430719688259,0.41767631219880197
22,33015,0.01335185161507868,0.5388127441883694
22,33017,0.0031694592843406434,0.705330781150905
22,33019,0.00202601833417633,0.9007543869308697
22,34001,0.0045456001303385936,0.5964670715769433
22,34003,0.021411807662812112,0.5206579614470792
22,34005,0.009329459450452144,0.4268612732671793
22,34007,0.007924107690582582,0.5091326166945763
22,34009,0.007956008888584372,0.5612171158945256
22,34011,0.0032018498510220585,0.46492653034195724
22,34013,0.010086203336079517,0.4986984471129507
22,34015,0.006523548111297554,0.36137859983872694
22,34017,0.018631433938659542,0.43064772267826473
22,01001,0.0015360505338899196,0.7088374536906548
22,01003,0.004286480408135898,0.5142584664355051
22,01005,0.0018828598245647968,0.9250857654577149
22,01007,0.0004969147648671739,1.515327655010157
22,01009,0.0020896951025018077,0.9659578735576616
22,01013,0.0017206869273780727,0.9135871015592036
22,01015,0.0020790974167962358,0.3986622921505079
22,01017,0.0016899623850300026,1.148728727346234
22,01019,0.002083869698656633,1.020989092434344
22,01021,0.0017148521180927764,0.7609052277416551
22,01023,0.000980244667952065,1.4886845536540243
22,01025,0.0020381190143119294,1.0679777467863614
22,01027,0.0008287868867969323,1.5718668956797186
22,01029,0.0008343210419602101,1.5479993354085966
22,01031,0.002373701933540195,0.8628318507644148
22,01033,0.002123839567442934,0.6737926419476612
22,01035,0.0013625353997694161,1.114208469024159
22,01039,0.0024391091061383,0.8031550725293197
22,01041,0.0018080903906983541,1.1740944498134107
22,01043,0.003224673575560604,0.6170749915911837
22,01045,0.002098712029831164,0.6838879403226101
22,01047,0.001817927508210055,0.6857217371474265
22,01049,0.0026341482441605093,0.7350938014216982
22,01051,0.0022298364098105356,0.7226143720137871
22,01053,0.001270972162544561,1.1060023050998171
22,01055,0.002645883082454161,0.4466953225331274
22,01057,0.0012338223235250504,1.2741035048240152
22,01059,0.001439475358224818,0.8978838145434943
22,01061,0.0017813135760042377,1.3291723685757333
22,01065,0.0015557757962994434,1.250419103687814
22,01067,0.0012334043623516786,1.1856155947567661
22,01069,0.0039361648151681125,0.447258528277786
22,01071,0.002422200757597065,0.792035389244265
22,01073,0.007007437233744829,0.306133287096072
22,01077,0.0028326908081899695,0.7085148926958862
22,01079,0.0019565668834117833,0.7240643998894191
22,01081,0.003283696367578264,1.0490975496628072
22,01083,0.002195328995117608,0.6634995486818046
22,01085,0.0008864177356993532,1.3232158825881235
22,01087,0.0031286645137962913,0.8026202406434969
22,01089,0.005625902801469806,0.3793533523328149
22,01091,0.0010443061975219322,0.9568150149877553
22,01093,0.0021379768340158475,1.041456648766604
22,01095,0.00297373078780607,0.7015120530413046
22,01097,0.0038017426952613683,0.2836146235313791
22,01099,0.0013559998674253432,1.0645092543956431
22,01101,0.0033482515573262893,0.2943021476917187
22,01103,0.002832325794702505,0.5120623068125147
22,01107,0.0012460251149976473,1.2170569067057406
22,01109,0.0010682411232914126,0.6651821597780003
22,01113,0.0010910642847410585,0.7214926764990103
22,01111,0.0015615606708774385,1.0798319157211524
22,01115,0.0021543058291824124,0.7589378626430514
22,01117,0.0042763532975172765,0.39508080370843507
22,01119,0.0006155374290516151,1.761517362792221
22,01121,0.0024777255969513218,0.7162758240489703
22,01123,0.0015471663854836528,0.7274976762872181
22,01125,0.0033410697290867193,0.3594223498456798
22,01127,0.0033627745054994377,0.5933219612950044
22,01129,0.0012119732312098183,1.420231736406641
22,01131,0.0005573739656380188,1.384562785398979
22,01133,0.0015477732457193948,1.2938453338071714
22,04001,0.0044601666639503615,1.3246056135628002
22,04003,0.004244219141506069,0.6149427956122798
22,04005,0.004316325210784075,0.7500480056337844
22,04007,0.004021519175772444,0.9277093297313678
22,04009,0.0012955460188521198,0.8478405058522249
22,04012,0.0033761474120700425,1.1019901721464496
22,04013,0.026956538580861562,0.3883637470199737
22,04015,0.009686549013320445,0.5831394405101742
22,04017,0.004878793985116689,1.1533753191356877
22,04021,0.007337973135513396,0.8297847734875735
22,04023,0.0012875675611866862,0.8961879615279993
22,04025,0.011366761001904554,0.4686503954136762
22,04027,0.006264317181906888,0.7476864040826235
22,05001,0.0016249614581474612,1.1623365554019038
22,05005,0.0034543194236569138,0.6732386329578124
22,05003,0.0013050412300887153,1.0332299428588865
22,05007,0.006386068713413737,0.41199149237221117
22,05009,0.001772839998748345,1.0813303201320685
22,05011,0.0012501934599554749,1.1249601127066857
22,05015,0.0009260053299111089,2.71458788769582
22,05017,0.0011056470670984062,2.2308354168614932
22,05019,0.001038332292304026,1.6160331681549984
22,05021,0.0017324826714025096,1.7916723588472063
22,05023,0.0017899464733927362,1.0067644446069623
22,05027,0.0011063183244695214,1.8070936055435078
22,05029,0.001289958986068996,1.261793688038534
22,05031,0.0028103573537545364,0.6068660117937056
22,05033,0.0017748205632671832,0.8027487166363904
22,05037,0.0011928713328738976,1.1882750674204121
22,05035,0.002318853816541131,0.5278271235593501
22,05041,0.0011612451304734547,1.4982642149695444
22,05043,0.0007793741253167212,1.5000122464482937
22,05045,0.002931389004562545,0.5492918768075535
22,05053,0.001174599638096738,2.7108470173902686
22,05051,0.0023963365606138884,0.5143321254131162
22,05055,0.0011277750073702322,0.8325210276701923
22,05057,0.0008340668168198977,1.399500435400227
22,05059,0.0011835958382867874,1.0101588259497496
22,05063,0.0013302368249903894,1.0169152947806246
22,05065,0.0011301515054450743,1.0775345237770952
22,05067,0.0011466011140440844,1.232547568148681
22,05069,0.0017380379162022003,0.4352184240076846
22,05075,0.001344730902966321,1.4892463351958138
22,05071,0.0012770079852343615,0.9832075450621652
22,05077,0.0006458305394530733,1.6140766013657495
22,05079,0.0005522144624411803,2.0287164490641736
22,05083,0.001905299810032465,2.500099485555497
22,05081,0.0006982156942766569,1.6335954232950196
22,05085,0.0018865065629694092,0.7613058416393919
22,05087,0.001180699498761591,1.3350922075869311
22,05089,0.001119597741864391,1.573190615383583
22,05091,0.000993282568848239,0.695781054616838
22,05093,0.001516183473717352,0.9138265397342403
22,05103,0.0010709718535427538,0.9961677199589009
22,05107,0.0009595611015557475,1.2888215886297494
22,05111,0.0011625170725623427,1.6066116053382178
22,05113,0.0012966410791251115,0.9643511889534045
22,05115,0.0018561079448910648,0.7536388946316664
22,05121,0.0008238340748486226,1.8553585032807498
22,05119,0.004655762567019726,0.30917610120089845
22,05123,0.0007806697841719108,1.345554578152432
22,05125,0.0035232694388626805,0.4877829047572382
22,05131,0.0029034538816226,0.4969559308007925
22,05135,0.000892970485763597,1.6465672295234326
22,05133,0.0007458552328521664,1.7687307139606694
22,05139,0.0016917202295963908,0.8190987546970024
22,05141,0.0016946845914001644,1.3500262349246661
22,05143,0.005159717939296249,0.7169134310354119
22,05145,0.0018461107530148523,0.748529891802741
22,05149,0.0013111268688738638,1.2131957927242845
22,06001,0.02292825723648304,0.7489246259434825
22,06005,0.002577000814856223,0.8884919485226913
22,06007,0.005594916600080557,0.9103135990088425
22,06009,0.0031243678724842904,0.9494825048018416
22,06011,0.0010444946252472947,1.3803650048463305
22,06013,0.015534894756277595,0.531634936499731
22,06015,0.0010696072873263435,1.2851076846783327
22,06017,0.0062491209620539135,0.8274090668670003
22,06019,0.015319629108708807,0.39761706163238464
22,06021,0.0009808959925630422,2.298469599952797
22,06023,0.00480952558861428,0.5210655287453522
22,06025,0.004807147364886569,0.6367506361669532
22,06027,0.0019006962961220064,2.1856380917165237
22,06029,0.014121000572086777,0.38932560641647823
22,06031,0.0036659365043469707,0.8388762915718945
22,06033,0.0032092869229416766,0.761319238064319
22,06035,0.0017467953836704853,0.814690690531612
22,06039,0.004148977105820976,1.4151095403239116
22,06041,0.013721838910745009,0.41712141529093005
22,06043,0.0020463025475508483,1.167582207363559
22,06045,0.003614897835755192,1.0236294793760965
22,06047,0.008071298005708206,0.4488171167166812
22,06049,0.0011193868184619356,2.0878349800164324
22,06053,0.01057368024977883,0.8881585759091299
22,06055,0.005660583975100414,0.6270929361097589
22,06057,0.005521288681719961,1.3892466828422443
22,06059,0.031172606945610675,0.419047978047795
22,06061,0.010477530879066126,0.41012777683523965
22,06063,0.0019566317617307582,1.332881838254653
22,06065,0.022290246046440053,0.7028075926456665
22,06067,0.014859253884201496,0.36333922914457756
22,06069,0.002456123395764566,0.7580254658399035
22,06071,0.02279154740179127,0.36354826033944165
22,06073,0.019727329561605784,0.40134556527183773
22,06075,0.0383773950198638,0.6493246218614445
22,06077,0.010167839421486023,0.425226543013317
22,06079,0.010805141664349977,0.7208951522200434
22,06081,0.018572149214277862,0.46998715555306997
22,06083,0.008259300992674343,1.1817834990937515
22,06085,0.0353578588284142,0.5155504205062144
22,06087,0.009627623494151312,1.109229302570645
22,06089,0.006827190467077431,0.4406106001760851
22,06093,0.004241574849696874,0.8674629991151258
22,06095,0.00711296015780813,0.468741355938714
22,06097,0.013162002281752821,0.4337010735763249
22,06099,0.008578992857173062,0.36943150391898216
22,06101,0.0030231031486167436,0.5161476261481142
22,06103,0.002446486080893389,1.0238779804068745
22,06105,0.0016024891626342831,1.7943916644148392
22,06107,0.011484620518769978,0.41016510527677835
22,06109,0.0027249410236823497,0.7747197258152562
22,06111,0.01210872537137406,0.562601984785334
22,06113,0.005742366971212702,1.0738346552404283
22,06115,0.0016580375364408716,0.7611803982110097
22,08001,0.010970550695514062,0.4108392961237287
22,08003,0.0004444490242974244,2.330254723676224
22,08005,0.01564416138190789,0.48806828575914996
22,08007,0.001065311205677692,1.9938502646338747
22,08013,0.011553623344841196,0.8413642035641314
22,08014,0.003049654636430854,0.6463540008025599
22,08015,0.0018239869030392875,1.9128334306961077
22,08029,0.0025582153621187017,1.066101754567555
22,08031,0.02055841127646128,0.44055771289552526
22,08035,0.013993590586867714,0.47566350794160533
22,08039,0.002389934005587321,0.828270254240162
22,08037,0.002650815562940786,0.7512215248329334
22,08041,0.011862325839447989,0.4283895940386123
22,08043,0.0022979975790219874,0.7800933097852155
22,08045,0.0022634806733266843,1.2749608802453218
22,08051,0.0006148518925911632,2.1872488887876265
22,08059,0.01694612178198362,0.34445733074897855
22,08067,0.0019057114504518902,1.0185393421816769
22,08069,0.00982254598114253,0.5789839551680467
22,08071,0.0017253366115424728,1.3843979346851938
22,08075,0.0008587637169098892,1.1409187884678431
22,08077,0.004956513508466404,0.4623927859464534
22,08081,0.0007475286080152308,2.2929442458147027
22,08083,0.0012815986138469753,1.5296308215831895
22,08085,0.0018653592389787522,0.8877101372002532
22,08087,0.0011818325100093575,1.450395153252703
22,08089,0.0017732555403437743,1.0875911844714745
22,08093,0.0015334902880505766,1.7430278124631349
22,08097,0.0007164592131268042,2.2236965619913214
22,08099,0.0014297149458810106,2.4281028659940582
22,08101,0.003943373026400499,0.33102851033726133
22,08107,0.001922420802917843,0.9800717863062839
22,08113,0.0011868041348034556,2.0194960642308
22,08119,0.0018883503688473403,1.5998359874017554
22,08117,0.0020742163819949403,1.6537837995433111
22,08123,0.005758937776388253,0.6315297354910344
22,09001,0.01734370452820393,0.5291068771584441
22,09003,0.009982009033586304,0.4671401314217798
22,09005,0.009617280077286072,0.3915924751038458
22,09007,0.007824228040319533,0.7898172804745905
22,09009,0.011956469859281059,0.5347426102095542
22,09011,0.006277463169524108,0.4111524576134867
22,09015,0.0036415600259733154,0.9597745381353295
22,09013,0.004897480849335297,0.6304790473080538
22,10001,0.0021289188501731654,0.42658989796751784
22,10003,0.006854031631213376,0.38589511310043034
22,10005,0.012459927773805389,1.2311752990650433
22,11001,0.02772147082320743,0.5369967419192189
22,12001,0.008049240291609543,0.6628662936465417
22,12003,0.0011068599706503869,1.526314833581591
22,12005,0.0036557213476073437,0.43828931256762854
22,12007,0.0009696746244112362,1.5998205892008797
22,12009,0.015584811999943916,0.24603402413997202
22,12011,0.01839434750119732,0.2717835040940077
22,12015,0.016948380777127355,0.5287019963855045
22,12017,0.010523315705476908,0.4125385009302668
22,12019,0.0035659899623441335,0.4769094434449512
22,12021,0.021063438422842255,0.6113512393405228
22,12023,0.00191794024128084,0.6805257223829773
22,12027,0.0013788848038456462,1.1183776822214528
22,12031,0.00825631479963568,0.3131263343299568
22,12033,0.004175249807391167,0.3153613012529521
22,12035,0.0065576577527335644,0.6113375325420504
22,12037,0.0007273750172867988,2.9680731152319195
22,12041,0.0007870936094899279,1.4742288134521773
22,12039,0.001756162306214022,0.9428675184666143
22,12049,0.0011586158163342918,1.2816782467703414
22,12051,0.0007755605686635954,1.5977875755608226
22,12053,0.008792232968781408,0.5134976048740963
22,12055,0.0073527640479460294,0.5155231917733857
