src_state,tar_geoid,mi_shift,moran_shift
23,34019,0.014135830205054815,0.7062842445183833
23,34021,0.025046390574956192,0.785290460217439
23,34023,0.042805095834328497,0.5435268609150049
23,34025,0.026539120299743216,0.44996988302386903
23,34027,0.03463816364197014,0.4224752835426057
23,34029,0.03856954177697562,0.6665992967338714
23,34031,0.045947936955784294,0.7063841888615383
23,34033,0.00919468804029902,0.8950974816075836
23,34035,0.029253723609129742,0.42560332711292276
23,34037,0.015411893819718013,0.58593568933038
23,34039,0.04014139229106239,0.6954161580410515
23,34041,0.008920920161137595,0.7923654708964962
23,35001,0.028569977823496087,0.593831428201471
23,35005,0.009350406569539498,0.7252576286442917
23,35006,0.005473883742178343,2.1435445796125028
23,35009,0.009955673077266426,0.7956168704590314
23,35013,0.02623517814240586,0.6929718853380513
23,35015,0.00795509191769592,1.1670008268445138
23,35017,0.004417529869175822,1.3225049200123749
23,35025,0.018984015694917384,0.7999473613295195
23,35027,0.0018506674040500446,2.822780949774515
23,35029,0.004627609357962054,1.2987180506889529
23,35028,0.002488591617993255,2.8765959474745357
23,35031,0.021950022670144564,0.7651019152642107
23,35035,0.00637023249211686,0.6936386332897662
23,35039,0.00708959332193762,0.9331147237052494
23,35041,0.004275293179623175,1.981632371324418
23,35043,0.009923816821077203,0.5938606546982645
23,35047,0.005156660021218259,1.179762506672717
23,35045,0.02048188611442736,0.6027104471444448
23,35049,0.01678296011268615,0.6508748741914806
23,35051,0.003472199724817576,2.7169908610953586
23,35053,0.0036757038117756686,1.3498371252316603
23,35057,0.002195428113909733,2.410211829250049
23,35055,0.0028028826407147252,1.2784031941701077
23,35061,0.011114920685949109,0.7536997370196002
23,36001,0.01874959825517284,0.5863161211161798
23,36003,0.007064052681616202,0.6809386446114951
23,36005,0.09433038993258162,0.5498170969436293
23,36007,0.013248837757320787,0.45697425863612645
23,36009,0.007593039782641605,0.7375987777748071
23,36011,0.008491224420011089,0.9151472068955777
23,36015,0.008726351443747471,0.7092660127680167
23,36013,0.011383494883991794,0.7143792654772232
23,36017,0.007842685345840206,1.4047392974896393
23,36019,0.0075583602309550555,1.0301909896579555
23,36021,0.00784408366842421,0.8436395633579841
23,36023,0.005045929145737083,0.8973940401819496
23,36025,0.005590018853154087,1.4171810555199524
23,36027,0.016799868756188628,0.603980294814689
23,36029,0.023642800821306393,0.5390909904226098
23,36033,0.00635806843929414,0.9949047289610357
23,36031,0.0049703712903085345,0.8438477769089217
23,36035,0.00581910253109212,0.9065264475970408
23,36037,0.0074352111629036755,0.8531835393874853
23,36039,0.005494720552924845,1.0401402455359545
23,36041,0.005500446549896077,2.531611400757865
23,36043,0.007522717754233258,0.7291938693999754
23,36045,0.016788809668120522,0.6764731053970829
23,36047,0.06394297489358695,0.5841730553777611
23,36049,0.005563142468430106,1.2601565611164982
23,36051,0.004057730888193695,1.0897218085374543
23,36055,0.031436259196394103,0.6465508551049538
23,36057,0.007176024470288539,0.973266759819085
23,36059,0.04318452927650561,0.4236600438700322
23,36061,0.10209545961683975,0.6009313535035139
23,36063,0.013321101443651626,0.5728458173579728
23,36067,0.025670375336855976,0.6518475020789385
23,36069,0.00667288147005784,0.7198350973710231
23,36071,0.032462084839247535,0.8519589285793366
23,36073,0.005668561927762022,1.6804260651199092
23,36075,0.012218475341417909,0.7626239209363165
23,36077,0.006266521828962444,1.577899100415005
23,36079,0.014437264725232785,0.6843558351773418
23,36081,0.05421052694865363,0.5181102105794536
23,36083,0.009970913203333473,0.7297178774727412
23,36085,0.03549978016812401,0.5426018735322617
23,36087,0.03151251011949711,0.8177233436274912
23,36089,0.009928846979262504,0.9485197686997929
23,36091,0.01334899088220186,0.5012907748814507
23,36093,0.01724192918558495,0.5481750587540566
23,36095,0.004079168835132869,1.0866283090874562
23,36097,0.003214175436032562,1.5222868461357908
23,36099,0.005018189913797033,1.0107621892859877
23,36101,0.01052899629574933,0.8467157818445165
23,36103,0.03922413530167199,0.4783794157449114
23,36105,0.00773250199612116,0.6173884712311245
23,36107,0.005315531091851408,0.9689737094360055
23,36109,0.016479477910795588,0.8579344534133947
23,36111,0.00869727205229261,0.5762178693865811
23,36113,0.005936888250046243,0.897818266735792
23,36115,0.006020736194842035,0.9725111276619177
23,36117,0.009385614267904414,0.7665399318217316
23,36119,0.03739522742247927,0.4811884918237024
23,36121,0.00557193245598591,0.8328404470065955
23,36123,0.00496400843344941,1.6361853105123008
23,37001,0.011602316413621555,0.4858076866952565
23,37003,0.00563561972008923,1.033196122021897
23,37007,0.00502159524707447,1.3261992512201712
23,37009,0.003714233924502076,1.3321465927515583
23,37011,0.0030076388490594104,1.4170473814237101
23,37013,0.004740781141961858,0.8653218348073725
23,37015,0.002371254884774241,2.357529505590302
23,37017,0.005833271946958576,1.285623440729523
23,37019,0.01865800414225913,0.7856241502224488
23,37021,0.013365019806794826,0.4673185133951632
23,37023,0.011522880853302251,0.6420265432352752
23,37025,0.021015606452485864,0.5334584477493823
23,37027,0.01074556755780783,0.614932850900644
23,37031,0.019577271835369742,0.5583578010462841
23,37033,0.0040381699599660635,1.1523011763805968
23,37035,0.015275649916027182,0.5453895920522247
23,37037,0.004843672243571771,1.2594231885801102
23,37039,0.004170493563056133,1.2797019543653674
23,37047,0.008576839216582996,0.7202542814743929
23,37045,0.01113600627826856,0.7115316196874181
23,37049,0.00950184090315684,0.8309460418141125
23,37051,0.04680198048568197,0.6990239343947187
23,37053,0.0024256084837758545,1.0719205895171542
23,37055,0.003881030056242458,1.503243607266317
23,37059,0.004667252812396705,1.045098312008464
23,37057,0.012741006291467212,0.6498779516442091
23,37061,0.007749237228494575,0.8463706362551369
23,37063,0.035431029286811765,0.47579225311600293
23,37065,0.010702266834080827,0.9935945287396208
23,37069,0.0068315810949932795,0.7738655417162272
23,37067,0.02246701477775606,0.5526866103788768
23,37071,0.025287333909446975,0.4573607652843829
23,37077,0.007121294064463621,0.9379700944399116
23,37079,0.003227633079910311,2.3759038213563386
23,37081,0.028152790689106255,0.43031997145978096
23,37083,0.009046562464137483,1.0003490077913526
23,37085,0.02001613220600904,1.0021331893855927
23,37087,0.006052586830767968,0.6462902314983934
23,37089,0.008827824007316498,0.6093613617291118
23,37091,0.0027148892314935403,1.4762094363091705
23,37093,0.009467674573716334,0.8694506143103087
23,37097,0.019803921958046703,0.5330595792188253
23,37099,0.002791983482941779,0.9758303978850653
23,37101,0.0266482108284024,0.7038434991053858
23,37105,0.0074040336838752776,0.6997734654375521
23,37107,0.008024710524829943,0.8695960192883916
23,37109,0.010143872956537115,0.9065207536865695
23,37111,0.006649319101523923,0.9348694615975448
23,37113,0.006121823105530571,0.9979634735461185
23,37115,0.0030919084163260903,1.1801776058453752
23,37117,0.0036141513520292737,1.4443048104725311
23,37119,0.0624824009921243,0.43516249027340076
23,37123,0.0025253573783337495,1.3334897168425948
23,37121,0.0021927652203714756,2.362080753975128
23,37125,0.007023853949563316,0.7720011042436932
23,37127,0.011459668113471932,0.7696315779917603
23,37129,0.014998108882665739,0.506655148654006
23,37131,0.0035034068852343348,1.9974828817157426
23,37133,0.04218926991333603,0.6006140810337879
23,37137,0.0015997935610649917,2.6827572175339727
23,37135,0.016717117301638416,0.8638634920525327
23,37139,0.004770311491552868,0.9977400142207568
23,37141,0.005171378306713532,0.9801784160696293
23,37145,0.003992703073871056,1.2023076778824857
23,37147,0.018262868379476643,0.5382775310781226
23,37149,0.004413067003253668,1.2452067656203825
23,37151,0.015298094038738597,0.6467358537728207
23,37155,0.025838336247748634,0.630266030915442
23,37153,0.008715937523936604,0.8323520136512006
23,37157,0.010244765853196862,0.5512755972222454
23,37159,0.012615496426568338,0.6257269354175132
23,37161,0.006000114524292049,0.831861533650089
23,37163,0.01203823358089337,0.8457470254129357
23,37165,0.006740871533490415,1.0986631469982109
23,37167,0.00910675633846268,0.7770355566154658
23,37169,0.005506314741682239,1.0637614800549593
23,37171,0.008868955968755613,0.69499244988566
23,37175,0.0031135800167673288,0.8480076670004119
23,37173,0.0008361914793649003,1.4028691959220887
23,37179,0.03399340305257136,0.5577302084766167
23,37181,0.006054412910889463,0.783207666549492
23,37183,0.05853011806690182,0.5507440804115439
23,37185,0.004011176174084265,1.57272267186693
23,37189,0.004869247695771385,0.7637503310571722
23,37191,0.013691799847564223,0.6410497836008029
23,37193,0.009829048631547703,0.7689250462563
23,37195,0.010104404954803687,0.6315801856954447
23,37199,0.0035626653500104694,1.8093675365910789
23,37197,0.005842837711953678,1.1156885304153163
23,38003,0.0016950469463077984,3.0779158172133476
23,38005,0.004659759570620317,1.9367572705597023
23,38015,0.011565513329302493,0.6511902288870897
23,38017,0.018236482668372588,0.4654667746565298
23,38035,0.009108098805089768,0.7760660285493644
23,38053,0.003605882408296259,2.5003837248171212
23,38059,0.00365135766299196,1.7156274915327991
23,38067,0.007969499372929071,1.5015980269857658
23,38077,0.004199935454635692,2.0714385752355557
23,38079,0.00409924371533298,2.373220256306008
23,38089,0.005208170785412227,1.0729819209444007
23,38097,0.003260648407264556,2.5575971467510077
23,38093,0.0027354170439263673,1.465970622886464
23,38099,0.005571409696587671,2.2584869152845717
23,38101,0.00848595354013779,0.7720595559228348
23,39001,0.005813627286139068,1.226120323176841
23,38105,0.004211202194459389,1.344750785507836
23,39003,0.01655235026898385,0.5792385234303756
23,39005,0.00584859451624463,0.7892906767611101
23,39007,0.010309644390144916,0.8716854063222117
23,39011,0.007492318145175421,1.3965787414170807
23,39009,0.010155464063231727,1.258406304797536
23,39013,0.00833621086629641,0.8663191905870155
23,39015,0.006339602589955579,1.0574151025096852
23,39017,0.024046667485345972,0.887583739901902
23,39019,0.0044873490860869655,1.0351605417036847
23,39021,0.004827589981245271,1.0214097875717443
23,39023,0.016441922415369296,0.5433768524394391
23,39025,0.01881295565511932,0.591333664861642
23,39029,0.011564337395849,0.9900139781222388
23,39027,0.006011487728806541,1.2465732052677434
23,39031,0.005493511568237765,0.9332552200305116
23,39033,0.006677903614475126,0.8348997509362976
23,39035,0.033446052749299994,0.5794375670019398
23,39037,0.008209431093123167,1.0005418624991933
23,39039,0.006303182376727734,1.200892971119019
23,39041,0.02973172000744892,0.5882729790430398
23,39043,0.005863060294740567,0.7799352372018657
23,39045,0.012223259383888454,0.8667396227489926
23,39047,0.0062044132122553676,1.0243508269841743
23,39049,0.05189092678737826,0.4718665871204105
23,39051,0.006665051309844859,0.9957632895266367
23,39053,0.004511892797744466,0.9881543594105427
23,39055,0.011011939464984863,0.7838300194966407
23,39057,0.0104599551204317,0.5928424992097155
23,39059,0.007934442208448042,1.019531464114456
23,39061,0.034137580455315356,0.5973899986614976
23,39065,0.005044012877826646,1.348255660173505
23,39063,0.008836922977408504,0.7088284223474083
23,39067,0.0037442276320885028,2.1583287526317836
23,39069,0.005127151432449922,1.2777693355041215
23,39071,0.007090215706146557,1.0168880460531338
23,39075,0.01238292584671136,1.1449362672228287
23,39073,0.00487869265473343,1.0554211045763582
23,39077,0.009586516518761672,0.9449955000180226
23,39079,0.005776243666670484,1.2173882269091805
23,39081,0.008701640871205878,0.8397368353566104
23,39083,0.006010949346482329,0.8658683772296549
23,39085,0.013068226689109144,0.47140854091272943
23,39087,0.007402714673375442,0.9087034787465587
23,39089,0.014150235062464949,0.5806488498608775
23,39091,0.004741689912788684,1.219194459958818
23,39093,0.01695602033678022,0.42349319981966277
23,39095,0.027248410448021558,0.6673246952713857
23,39097,0.007677112417605557,0.8151788638757317
23,39099,0.018438436465770713,0.5498189677679919
23,39101,0.008498738416851498,0.6727183779956127
23,39103,0.01698327525637507,0.5915809507411735
23,39105,0.006217189948058661,1.2150986418011442
23,39107,0.005210184692030453,1.0096831315913368
23,39109,0.009522730704734625,0.7214162580737242
23,39111,0.0032339032205287365,2.4963976091020257
23,39113,0.02081475657027626,0.5184620111992044
23,39115,0.0030700118459579076,2.259393673132233
23,39117,0.005931970342502302,1.2298854782736564
23,39119,0.010380052334085267,0.8031300065007302
23,39125,0.005267387033599894,1.6685642775324236
23,39123,0.006786245991963789,1.4466830625918203
23,39127,0.0065751114080311495,1.2920346549075323
23,39129,0.007421585106314015,1.1099907662361717
23,39131,0.005889591014397272,1.1948687314300104
23,39133,0.012371583379982615,0.8341888116055971
23,39135,0.00694803954722836,1.0953491163489097
23,39137,0.009012399693170088,0.9214785029649457
23,39139,0.010274121941299168,0.5891230935609376
23,39141,0.01051283098768721,0.7519481722443998
23,39143,0.009333850837543352,0.7984379302627692
23,39145,0.008586921362233565,0.7896526927496701
23,39147,0.009706915814600344,1.0057114100793296
23,39149,0.010477306509802267,1.0178245384852378
23,39151,0.018678453749104814,0.5552456163245573
23,39153,0.021864255137651688,0.6115545148122263
23,39155,0.013292654962203082,0.5261231245664403
23,39157,0.010220573197775279,0.7040591820584805
23,39159,0.005837739969713411,0.9604196808888508
23,39161,0.005875562151281716,1.0664928540573673
23,39165,0.02239709025479121,0.5973069285626681
23,39167,0.006015595121414744,0.7985042895884198
23,39169,0.010015610407956989,0.7650112514274215
23,39171,0.006892901653978541,1.1417816948603674
23,39173,0.010228709103376019,0.9107718355753331
23,39175,0.004399150504180543,1.2993046957404262
23,40001,0.006473455015662627,2.163392168791034
23,40005,0.0023533259537941225,2.2351067418691173
23,40009,0.0027827789071936684,2.5951258094367162
23,40011,0.005404511088483386,3.3539356652436823
23,40013,0.005589342305473633,0.95073282240978
23,40015,0.006527712294085866,1.1791705628671572
23,40017,0.019562034067008044,0.7486553211331004
23,40019,0.007589557368074771,1.0868677302649727
23,40021,0.008037423737297206,1.0046141907356778
23,40023,0.005143403059271805,2.1746721576512416
23,40027,0.028680732986254148,0.5786959489215673
23,40031,0.021816282999530933,0.5923235825084935
23,40035,0.0033913985784108187,1.962396413200908
23,40037,0.0138630767571654,0.6777378814178759
23,40039,0.003693636581560846,1.9581287302968953
23,40041,0.005965407537856662,1.1112395798771695
23,40047,0.008736307400116156,0.7119691139465756
23,40049,0.0079193910560236,1.1831092814946655
23,40051,0.00723295444343348,1.123218396443481
23,40061,0.003929403147148354,2.5375956709844023
23,40063,0.006368524279428694,1.9916749810631416
23,40065,0.005603476802685362,1.0037866470699257
23,40071,0.007941333705904727,1.074638699406888
23,40073,0.003316233482060155,2.621877319581441
23,40079,0.011862616879225608,0.8280447828992182
23,40081,0.007059128454564454,0.9283087363908967
23,40083,0.004388161378844837,1.1024238276630236
23,40087,0.005212153877090684,1.1975418971828136
23,40091,0.0037667748801533314,1.9414925229662623
23,40089,0.006219800421565784,1.1365920808879022
23,40095,0.003148809619469511,3.769713371393532
23,40097,0.007783561036851843,1.717338357458453
23,40103,0.002452598384381079,2.7735489737696226
23,40101,0.008962563894925862,0.7063638871702433
23,40105,0.0026910124309194768,3.753279192423556
23,40107,0.0031014283135512837,2.792811497631669
23,40109,0.04644648118108597,0.5814485294380592
23,40111,0.007708841519483624,0.9478706720740345
23,40113,0.005488516749108186,0.9387571674057315
23,40115,0.010496142607762172,1.1237142346706674
23,40117,0.0038952599839702532,3.4234095414258676
23,40119,0.015940880402421344,1.0347692931703207
23,40121,0.006082955178899545,0.831609574575698
23,40123,0.006659214752191193,0.9163926707705984
23,40125,0.010380051233357218,0.6776271361253303
23,40131,0.01504918653512554,0.6256415391064448
23,40133,0.008345281875862837,1.1419588498941022
23,40135,0.006134236571041163,1.2334324343173404
23,40137,0.006906237338906348,0.87713204042475
23,40139,0.005192242663549379,2.319952872478538
23,40141,0.005795616521059108,2.054093935149982
23,40143,0.04217861893879206,0.48592131324335175
23,40145,0.011454608640863593,0.7745029552915611
23,40147,0.0073067526659251715,0.8823110811289491
23,40149,0.0031112787815818824,2.415497660965121
23,40153,0.004977453799392028,1.7201418682023226
23,41001,0.00415115114387739,1.6389055313421346
23,41003,0.011609857714740216,0.7589706207003177
23,41005,0.02118333370135248,0.4895717653876751
23,41007,0.0052434591666664756,1.2080221038845464
23,41009,0.005405941642426674,1.1086222262997307
23,41011,0.005932566989001341,0.9537443380510173
23,41013,0.0018351786450516436,2.3205152839985064
23,41015,0.0041662343051251894,1.8227781598244768
23,41017,0.013760688747997513,0.7115896528875699
23,41019,0.009622312921212668,0.719034782003524
23,41027,0.0025493024817833023,2.6135579816490186
23,41029,0.012705428431337054,0.7542207522274635
23,41031,0.0028862368602474062,1.6732456030531182
23,41033,0.008606472621158412,0.9135889313169531
23,41035,0.005578006683186114,0.7262242438974529
23,41039,0.01809047402975238,0.5789214507653452
23,41041,0.009651458831001849,0.7743023247156575
23,41043,0.010365019140048656,0.8209931261332729
23,41045,0.0038032863291464947,1.1536817513917799
23,41047,0.0259680944932232,0.45406982198360457
23,41051,0.0564937615874307,0.6970934609888386
23,41053,0.008079544205882831,1.09864866414725
23,41057,0.005767190822258298,0.973910470002321
23,41059,0.009535355368427567,1.048320339082458
23,41061,0.00478293782971441,1.0006024777015874
23,41065,0.0034515906221897785,1.158614728944311
23,41067,0.05402416765243746,0.43528270674473285
23,42001,0.00954669399326574,0.8954119372620096
23,41071,0.012025385169998619,0.9063778898097905
23,42003,0.029286230722641932,0.4967574424250343
23,42005,0.009974853740919151,0.7352251049391154
23,42007,0.013806147120366019,0.5558002977060573
23,42009,0.009466206848950947,1.1850737704692713
23,42011,0.027797123641510973,0.7399257197530589
23,42013,0.01292963197825511,0.6725609879590603
23,42015,0.009469343331393383,1.1354882698571165
23,42017,0.026507128085234463,0.4584981500509657
23,42019,0.010131422989363387,1.085122409712914
23,42021,0.011512351402899934,0.6552882572382716
23,42025,0.009340940906068042,0.8503495029544862
23,42027,0.019429976015870522,1.1867768827337206
23,42029,0.02947591618397299,0.5359014054638226
23,42031,0.008301990555523303,0.735900211561622
23,42035,0.0052199568580638305,1.494654189669707
23,42033,0.010349472641681706,1.0799756117151764
23,42037,0.006934948036043412,1.0583906301599622
23,42039,0.008102408165958242,0.7538257501244728
23,42041,0.013269748484821538,0.5930891076865642
23,42043,0.016737082855676853,0.5761373528589673
23,42045,0.02942910424300608,0.49019620450391466
23,42047,0.004554199975231321,0.9799157581661558
23,42049,0.022603357210903594,0.5557415833143113
23,42051,0.013429819727662745,0.6490075496440806
23,42055,0.013674404757692235,0.6742446994666363
23,42059,0.006044886596157754,1.091072647761669
23,42061,0.0077527405973148835,0.8601794195788277
23,42063,0.0076786437070676195,1.4418719589986897
23,42065,0.007936244750203963,1.398602642804687
23,42067,0.004414980840166111,1.5966348410516646
23,42069,0.012183618679558915,0.5264468190881294
23,42071,0.03371295959575662,0.5982436225921938
23,42073,0.008872484477867506,0.6795620546570732
23,42075,0.009792407087916687,0.6883585428306966
23,42077,0.022062795919154353,0.7444269782745886
23,42081,0.007496618008459402,0.628436347654266
23,42079,0.017342118356585418,0.5230133559596524
23,42083,0.005167690894319647,1.111794786300028
23,42085,0.010038232017903086,0.7147351362827532
23,42087,0.0069117268541138786,1.1326075481947042
23,42089,0.013600178670144179,0.6023302877059
23,42091,0.033168517589357974,0.44928537856372563
23,42093,0.002307446035176898,3.2757601108145367
23,42095,0.01467722157741681,0.545567844893203
23,42099,0.009525606779407506,0.9514145018324575
23,42097,0.008208489887701238,1.1207047261129293
23,42101,0.06595249931850758,0.601614784462895
23,42103,0.0074567073633429485,0.966356399155181
23,42105,0.005060440521271616,1.6288177899060619
23,42107,0.015576730836444497,0.6906185609485577
23,42109,0.005700842283248083,2.2294449221903596
23,42111,0.011301976518098288,0.8803335457798617
23,42115,0.0075702346372054806,0.7905815167188561
23,42117,0.008471217906212676,0.8194822037117139
23,42119,0.003850506894767375,1.0975591816416184
23,42121,0.008592196769144227,0.8809888659318732
23,42123,0.008148570642131876,0.9391766089682634
23,42125,0.012980574465625516,0.5430039723736717
23,42127,0.005541986733033417,0.8061467693630165
23,42129,0.018153217653351966,0.5285585069352868
23,42131,0.006838243251272522,1.1597290208474191
23,42133,0.024467577281115125,0.6856478599275904
23,44001,0.005994291348009421,1.0662997382158426
23,44003,0.012233590677958829,0.5705020930159528
23,44005,0.005617951760821568,0.6403695710135526
23,44007,0.03866474322866277,0.4920427779067815
23,44009,0.008561190368475897,0.7010964984401208
23,45001,0.004863098358318561,1.434832768384615
23,45003,0.010415817223980776,0.6117415027959062
23,45007,0.01515846845014055,0.5546200788682946
23,45009,0.0016437931527630702,2.3509390229182054
23,45011,0.0037197418378900017,0.9366082010474709
23,45013,0.02372201964591949,0.6047093068980303
23,45015,0.021404549594193762,0.5523263125062191
23,45019,0.027172027157692534,0.5249796319231481
23,45021,0.00960252016336404,0.6816401303112942
23,45023,0.007886323124714953,0.9446974938327843
23,45027,0.0057027418606091255,0.943198903422409
23,45025,0.0071364569493139835,0.93231946709161
23,45029,0.0043097395259802706,0.8553657822555071
23,45031,0.009009787995483248,0.7661087203269652
23,45033,0.005763384270597387,1.1247754455669967
23,45035,0.019084692518501423,0.74815856978047
23,45037,0.005007503570985521,1.3120509425560476
23,45039,0.003249187355188504,1.5246881157175831
23,45043,0.00504323531059402,0.9226204923881504
23,45041,0.011965255453159825,0.5753928801480633
23,45045,0.03288501627424632,0.6011771302954183
23,45049,0.0030693363436902184,1.9141657504184482
23,45047,0.006653868273630308,0.7846892406328663
23,45053,0.0023131163776045787,1.5817874578093274
23,45051,0.01769491051440722,0.5606105872896737
23,45055,0.005872653727011075,0.6758762404683899
23,45057,0.00846729180883758,0.8727615834597676
23,45059,0.009119742528716215,0.642057797597429
23,45061,0.004577333845323932,1.2800383198090575
23,45063,0.019374521355728196,0.3934063522952325
23,45067,0.006135324301477125,1.0749919133882941
23,45069,0.006475837787826042,1.1466495624977682
23,45073,0.006458580361544999,0.6632507169410217
23,45071,0.005622685276522355,0.9100822879670493
23,45075,0.01041043489503554,0.7367245217860315
23,45077,0.009117779258284223,0.7549423104341954
23,45079,0.041492130086539375,0.5490528090024558
23,45081,0.0031197081305352563,1.5180026275960192
23,45083,0.018513210370663585,0.5355915934248763
23,45085,0.013427379506238348,0.6448837131760308
23,45087,0.006435248798812497,0.9960796336155678
23,45089,0.007601305111401685,0.8801012608798056
23,45091,0.021498743692345286,0.5166453797261393
23,46005,0.004641525809906275,1.3419857308543506
23,46011,0.005127498126929789,1.3462620240779084
23,46013,0.005348792352723386,1.3379323539122443
23,46029,0.004239184676337557,1.2541539430839608
23,46035,0.0017249662317607667,2.6077182642770813
23,46065,0.001605459183489003,2.891302296332222
23,46081,0.003029915014667785,1.6055851891463182
23,46083,0.00913367841629993,0.8394039477954557
23,46093,0.002763897484237945,1.4512530034174511
23,46099,0.023334134874854886,0.4781818985075977
23,46103,0.009106263068366446,0.5866632645123174
23,46109,0.00304626937107449,2.270650593359905
23,46135,0.001611566686423023,1.831829870217373
23,47001,0.005179103016349211,0.7894019508478904
23,47005,0.004601408073228547,1.59152587448961
23,47003,0.006264233073471863,0.9524809182008482
23,47009,0.009420376971044944,0.5699669309205926
23,47011,0.012071501401325247,0.693117880637805
23,47013,0.006648610612509469,0.802934309475019
23,47017,0.004482287617648354,1.0810254726830801
23,47019,0.0072046193888698085,0.6209139402686759
23,47021,0.006176541525779009,1.0104039201211172
23,47025,0.0051280228353812515,1.0165891070066235
23,47029,0.005260798276947403,0.9230416832722328
23,47031,0.005454776967761946,0.8242842189233267
23,47035,0.006332738050777216,0.7351337227767608
23,47033,0.003911991962405685,1.6910832721808045
23,47037,0.042828928593814736,0.48098093429724104
23,47039,0.0035249415400692677,2.5673664523599693
23,47043,0.008270904360367565,0.8421918452497019
23,47041,0.0023791644616430806,2.432726142194371
23,47045,0.004245581166667734,0.8639083181786859
23,47047,0.005309400275031143,0.8128457676241861
23,47051,0.004222052005975386,0.850852347851346
23,47049,0.0027356512874781593,2.700926570999831
23,47053,0.006167383641603204,0.6604326718531026
23,47055,0.00580086942503954,1.0519497458309386
23,47057,0.004472502297525516,2.3639432823541098
23,47059,0.0074659486812218194,0.74086850581375
23,47061,0.0022489842881017025,2.604160264470448
23,47063,0.00901089570897081,0.7218689462815983
23,47065,0.01679384808396656,0.5254330992556631
23,47069,0.00513742279890422,1.277465716186698
23,47071,0.004399321575998686,1.3406497471486258
23,47073,0.008135347558201165,0.9556301319540907
23,47075,0.004160862551725999,1.4166245326409534
23,47079,0.0052440666544587445,1.2250228739815952
23,47077,0.005174115268819517,1.3722630777979137
23,47081,0.004543766793699813,1.2519588115801978
23,47085,0.002754095860271045,1.6302235057909404
23,47087,0.002642932947070343,2.2011327668574396
23,47089,0.007932499929791056,1.0244591723869232
23,47091,0.0027438016926870736,1.741712062485185
23,47093,0.02704184247458029,0.5648507758314686
23,47097,0.007976775770569749,0.9546003426116342
23,47099,0.007338235417282811,0.8447210062930876
23,47103,0.006099723754612452,0.8856073221922945
23,47105,0.004351847833098918,0.8716568814052157
23,47107,0.006789629866195673,0.899797602116771
23,47109,0.005502378001543097,1.1215563693139798
23,47111,0.002604231958087272,2.3033423188037045
23,47113,0.009722280297357258,0.5860805958475226
23,47117,0.004896011107089101,1.5124036879821412
23,47115,0.005787074951946126,1.240299275582076
23,47119,0.008919072060858756,0.6799682995977858
23,47123,0.006926919992559024,1.3704968088470817
23,47125,0.035069693769458184,0.5919302595812926
23,47129,0.004442031094438807,1.5750600105298156
23,47131,0.0056073326381125155,0.8821416303679399
23,47133,0.005674254289830568,1.0407778120644597
23,47139,0.003163412374262089,1.68024306865241
23,47141,0.007168593466011488,0.8169169215905616
23,47145,0.004627952935095008,1.0130594567569464
23,47143,0.00425779617391164,1.6643829655332802
23,47147,0.00995687677171206,0.7957603915707863
23,47149,0.03295541802512375,0.5568718724677685
23,47151,0.003622635421437102,1.5933947979326728
23,47155,0.006253363699190182,0.6785718683098817
23,47157,0.050913001168769366,0.5664540519695072
23,47159,0.003317979455271691,1.596094649956543
23,47163,0.013573274652030237,0.6245989126273074
23,47165,0.01827931011403372,0.5998673266887078
23,47167,0.010564180629208345,0.9058191596140571
23,47171,0.002984978787977785,3.090311343167524
23,47173,0.002794520723217377,2.0925510050383602
23,47177,0.006028925191640302,0.8810621325242131
23,47179,0.009058063604497913,0.6940791794893625
23,47181,0.002384326148255232,2.524168349570899
23,47183,0.004143274302654284,1.5238414958529072
23,47185,0.004876564722088316,1.2356754909601806
23,47187,0.026622843863324985,0.5313476984804005
23,47189,0.013462319938071298,0.7703102140632099
23,48001,0.007820520852322098,0.8840556652962351
23,48003,0.0035058657883670925,3.6044028076886123
23,48005,0.012378816233208379,0.7072144182996876
23,48007,0.0030298951403414528,2.116997380819674
23,48013,0.008390405691675757,1.017803002311218
23,48015,0.0036217006795478896,1.3238805254068606
23,48019,0.0027186804828489455,1.6701166091537705
23,48021,0.011128809531566801,1.0936611487348942
23,48025,0.004759319691816421,1.4457489622592097
23,48027,0.0443403045650446,0.8427353281093405
23,48029,0.06268811536296687,0.5000472377584291
23,48035,0.004804442908371021,1.7042940883289932
23,48037,0.009520958792555621,0.8684776421210468
23,48039,0.032554729610687026,0.722126541702472
23,48041,0.04073392078018295,0.6670078597697614
23,48049,0.006287290797851727,0.952859547468996
23,48051,0.003457202697670822,1.7058750960649796
23,48053,0.004798703465786848,1.068134679688782
23,48055,0.005955979522700179,1.023910260840126
23,48057,0.0028586256827442726,1.7168037260415134
23,48061,0.061276086601331714,0.4841407862782557
23,48071,0.0038442844932247873,1.4125673208727747
23,48067,0.00404653235751044,1.6573356801981316
23,48073,0.008020887630885397,1.0535351732569032
23,48085,0.07363237995293295,0.5301497006487923
23,48089,0.0024122455649957324,1.4037830529973625
23,48091,0.010015102159535324,0.9074215325842908
23,48093,0.002645716827749431,3.05850536561638
23,48097,0.005699909701709532,1.1849522857626635
23,48099,0.019066683902551188,1.1325601005192982
23,48113,0.06431866387129483,0.4404375322302029
23,48115,0.002686876938429853,3.2300048307292415
23,48117,0.004397840289439921,2.11183205609604
23,48121,0.06996774694833809,0.7674458038296719
23,48123,0.004697780646661463,1.6927939676676167
23,48133,0.0027769058101771178,1.6111797737166111
23,48139,0.02225890150087048,0.6397151830365561
23,48135,0.032375449899729875,0.7072092853902441
23,48141,0.07509323357612877,0.5699110870978802
23,48143,0.0039849398484356835,1.0279595930757923
23,48145,0.005676417348205183,2.1866969007223487
23,48147,0.006035714270426077,1.2296362901954574
23,48149,0.004068164829162057,1.110319345022396
23,48157,0.05578166702120339,0.4195417176762325
23,48161,0.0042315792124171785,1.512720532049315
23,48167,0.022134648033731743,0.8863943140321305
23,48171,0.003071278706438094,1.6071360230052802
23,48179,0.004366895226635602,1.0999337983009858
23,48177,0.006006426891766351,1.9483244778003046
23,48181,0.009418259939743814,0.6299957263031238
23,48183,0.015444522647510759,0.7162668828243237
23,48185,0.0034343679951402643,1.6585471573307289
23,48187,0.01669612156756633,0.8611572351065591
23,48189,0.00966424800117901,0.9963173851932015
23,48199,0.007444675159780987,1.0232088230069545
23,48201,0.06367944040998921,0.4465277374431987
23,48203,0.010578841253210337,0.7464269024064178
23,48209,0.02317439658343993,0.9930722762079995
23,48213,0.008346515560117734,0.9806537673569369
23,48215,0.0985729383947163,0.39941058995769385
23,48217,0.005912407595115418,1.3795522516259595
23,48219,0.005688984120532635,1.241118554142209
23,48221,0.005050256971976245,0.8889566044899689
23,48223,0.006980073304197207,1.049957612848633
23,48225,0.003557117137178924,1.5474818559719825
23,48227,0.006528219429284588,0.8105252108954369
23,48231,0.009190529467476796,0.925349343115444
23,48233,0.003996775186819342,1.2302912212644335
23,48241,0.005392597690575804,2.179643768355309
23,48245,0.03301279901350851,0.48750789591473326
23,48249,0.009211469688026774,1.2089923575562274
23,48251,0.02073780975536299,0.6267525085975998
23,48253,0.0036472589564167475,1.9662146055221275
23,48255,0.0025206936000326985,2.2045236659326806
23,48257,0.017711950233150694,0.8070642137252074
23,48259,0.0045275200314053,1.177810532085479
23,48265,0.003959481246606906,0.910846696390074
23,48273,0.006822289048259715,1.5239913438333568
23,48279,0.004323847288746185,1.8768075319164714
23,48277,0.006577080914017303,0.7455648734536954
23,48281,0.002603376083007631,1.6905849495415095
23,48285,0.004813160527802215,1.1540435889402345
23,48287,0.0022333732527864505,4.377462207464307
23,48291,0.01057114424594122,0.7778785551521362
23,48293,0.0069538239522126885,1.5638918091864116
23,48297,0.0020670695856197263,2.527022572734651
23,48299,0.006810178800420388,1.6483972459232517
23,48303,0.036303090957906986,0.5157224451208571
23,48309,0.025137304322621404,0.4976271742034115
23,48313,0.002019102183633979,2.727139942013638
23,48315,0.0030481880239704526,2.5767300935046333
23,48321,0.005596754368107262,0.9789926344564269
23,48323,0.012359512214791875,1.0667897983153054
23,48325,0.005648388228475919,1.025416264400879
23,48329,0.022851764049323302,0.6250953889579507
23,48331,0.005577957512547648,1.2711749808286037
23,48337,0.003614911020468526,3.5140079157546533
23,48339,0.04344203488632845,0.5398287670456308
23,48341,0.0036263343282319804,2.6880970904088266
23,48347,0.007866888425663974,0.813891699759128
23,48349,0.0070958661913276405,1.2058341100661112
23,48351,0.0028138827868058325,3.0577077176268848
23,48353,0.0035123875674070797,1.6890823780499846
23,48355,0.031224345804917022,0.5370508414726429
23,48361,0.010292734432533857,0.7261765107319614
23,48363,0.004921882188205699,1.1749455333943164
23,48365,0.004822977158875439,2.0575904088487387
23,48367,0.01468250593908599,0.7631159237511039
23,48371,0.003595874828610522,3.84240871708437
23,48373,0.005820741994886513,0.9168340914154892
23,48375,0.023580335479233806,0.6938696417987295
23,48381,0.01240454611126374,0.6464506413838544
23,48387,0.002554793100533244,2.487687245758202
23,48389,0.004892887429006308,1.9541300999886502
23,48395,0.0029958520926397962,1.6762348210973965
23,48397,0.013855070270425146,0.9464287090893668
23,48399,0.0030499655806666137,4.232373191434215
23,48401,0.008770472903536664,0.8352067990978007
23,48407,0.0018227166204624464,2.089358974026016
23,48409,0.012212100037028354,0.9588842529765069
23,48415,0.00211690816828429,2.4753168344712893
23,48419,0.005365091913342531,1.415208632200688
23,48423,0.017917755404433904,0.6083793018933316
23,48427,0.025043041747500275,0.9364551854272637
23,48439,0.061642893269205884,0.44775840258214555
23,48441,0.01844717293075547,0.5627398886818488
23,48449,0.006884275156343673,1.050798350150423
23,48451,0.012078241990716991,0.6137572783338717
23,48453,0.07248269248360278,0.4819165521113944
23,48455,0.004182304300579608,2.068443642065217
23,48457,0.00294276986860598,2.8539569265140354
23,48459,0.006958038672055869,1.3415244517766
23,48463,0.004374492065741969,1.9787112176541282
23,48465,0.01055176801954823,1.0874516135641867
23,48469,0.013065304049733736,0.6318571772683088
23,48467,0.007064356070136736,2.313198939261956
23,48471,0.008383812162864733,1.0646174580878445
23,48473,0.006620422971029068,1.7861677556828783
23,48477,0.0038953598080582862,1.283613938062346
23,48479,0.06495003746422559,0.5736798565529685
23,48481,0.007852053190773657,0.7311181074508066
23,48485,0.01801101082512391,0.5784840184032501
23,48487,0.0020635853582076083,2.470252499287728
23,48489,0.00826905590830434,1.5641421018554698
23,48491,0.051790312631681136,0.56979142180087
23,48493,0.008462519967278335,0.7911376884398262
23,48497,0.008674906429576124,0.8440491983948141
23,48499,0.004735065923960242,1.1712570817963734
23,48503,0.002292222596767532,3.4816615010307133
23,48507,0.0037618889482624366,2.4792530484948725
23,49003,0.01572346005150399,1.2351111953393827
23,49005,0.03192057275326285,0.6871244437932635
23,49007,0.005259679383272697,1.7356921631824105
23,49011,0.06036814679268897,0.6734361465471822
23,49021,0.009264989266546002,1.0526044549425484
23,49035,0.07932955405866199,0.6550372045918577
23,49037,0.004112016446509381,2.471388037409455
23,49039,0.005869501774601981,1.8980208928783477
23,49041,0.006782744984211317,2.085741923837492
23,49043,0.009671322969491079,0.8063248708168589
23,49047,0.011277198341718754,1.7368330613000844
23,49045,0.012937630954469497,0.7291997877632649
23,49049,0.10538973845871305,0.9610359445505671
23,49051,0.003885483610977723,2.79361674221678
23,49053,0.025763689841546856,0.7091402774496763
23,49057,0.039261786395311714,0.5649994915498849
23,50001,0.0044507353232343975,1.181522818013547
23,50003,0.0032373629340873215,1.1258196653240076
23,50005,0.004832588039651076,0.9863464458037858
23,50007,0.013691868372787725,0.850105591995952
23,50015,0.0034589396937385972,0.9750387176251168
23,50011,0.007570266257560092,1.289212507901922
23,50017,0.004954706942151423,0.959221704096848
23,50019,0.0047523282164424535,1.0906312306061496
23,50021,0.006338232095173854,0.7887008459598692
23,50023,0.006965245176996923,0.9007627987685828
23,50025,0.006528680292906417,0.9051740715375547
23,50027,0.00532804225219873,0.971829246603799
23,51001,0.004501123948596126,1.157849978502751
23,51003,0.009642637893956384,0.726001401065278
23,51005,0.004278245196550665,1.7609640232327028
23,51009,0.0039671685266979605,0.9344380535728333
23,51013,0.06140562446367176,0.544155851985726
23,51015,0.00899877321387664,0.7758080417497683
23,51023,0.005194092600708715,1.2751612545904076
23,51027,0.0057240611396232296,1.0675364984240523
23,51025,0.0018783584037899929,2.250247916200917
23,51029,0.0032521080498711034,2.369740187504718
23,51033,0.003866966280935719,1.0866384983786164
23,51031,0.006206607106108986,0.9298443035667316
23,51035,0.005035850634896968,1.1987417112312237
23,51041,0.02848773467202727,0.479682329129423
23,51047,0.006999670137502438,0.839381064046201
23,51051,0.001801942001164293,2.5483807106585377
23,51059,0.056570007548471045,0.4179813340809283
23,51061,0.009660458167071584,0.7455453699672273
23,51065,0.0020858449148704263,2.5330322955296674
23,51067,0.0061037140303437445,0.8182670956672109
23,51069,0.011521905491889759,0.8733975401591896
23,51071,0.0026123990253481646,2.8285614792623646
23,51075,0.0028597839052789896,1.7510302918313674
23,51073,0.0044601865433960865,0.9545047132988764
23,51077,0.0038332140542350172,1.7397712323319143
23,51083,0.006001922671021926,0.9456249743187124
23,51085,0.011033267913358213,0.7022861410605632
23,51087,0.025226161495043614,0.49512523830090066
23,51089,0.008581250437626295,0.6763928357396854
23,51093,0.005253171600077914,1.0282089105211016
23,51095,0.007692091041226936,0.964419794653932
23,51099,0.004866529123396615,1.5842703621469283
23,51105,0.005933345817953671,1.5349840329249835
23,51101,0.0018990831890753884,2.759981320613626
23,51107,0.061054696522413715,0.4259339231582424
23,51109,0.004712100077190423,1.1631702932796129
23,51117,0.005892760697287057,1.0960036747622184
23,51119,0.001974036829406794,2.9094168507691878
23,51121,0.014011005390936714,0.8291623844741329
23,51135,0.0009529194822126086,2.469108688973226
23,51137,0.003444821865206614,2.347064404889878
23,51139,0.004146765004936531,1.93242976655398
23,51141,0.003040785525757367,2.3441191204257477
23,51143,0.010204753067053231,0.78118623615045
23,51145,0.0033004064016675734,1.5989249691596334
23,51147,0.00126011019938617,2.4109188503879317
23,51149,0.005597038392470885,1.3932680672362094
23,51153,0.06500764937803556,0.4836077798457422
23,51161,0.009306783546901449,0.9277506678242149
23,51163,0.002183886233711362,2.7785213991527096
23,51167,0.004638562019895824,1.1251552876829005
23,51165,0.009644548108967912,0.7364779083147396
23,51169,0.007058118653961196,1.520461071850501
23,51171,0.004695403020606263,0.9742849290352983
23,51173,0.0058232073434481835,0.9709498668792947
23,51175,0.003474610187111627,2.5648963384420793
23,51177,0.02156939121988748,0.6128114037696101
23,51179,0.025893895272765814,0.8213606944776136
23,51183,0.003698698576647918,1.6817068770918742
23,51185,0.005419249329295616,1.2744991815241566
23,51187,0.00429771498423691,1.0926329552916807
23,51191,0.005501446405099155,0.874316696491142
23,51193,0.0017554685915014802,2.885764599380124
23,51195,0.0065164864087835055,0.9590277789170545
23,51197,0.004142336480472508,1.4163637826319777
23,51199,0.008808036909114173,0.9006686719075492
23,51510,0.04046276473452182,0.6994170621238575
23,51520,0.0020767740764097466,2.5271269795409337
23,51540,0.013048867524271932,0.7017636454966817
23,51550,0.026520535561442474,0.5963416774541546
23,51570,0.002873926683265432,1.9485430984154197
23,51590,0.006366178273390299,0.797500786036171
23,51630,0.004444540230369557,1.5006130922078575
23,51600,0.004965557259933472,1.69290105361524
23,51650,0.01604698122943477,0.6079800300794209
23,51660,0.013088735596472037,0.8165634955029301
23,51670,0.0032788076671246484,1.0856659134453492
23,51680,0.013222683752536515,0.7692369787892072
23,51683,0.0104075927056642,1.0926785970375352
23,51690,0.00340713388372384,1.5087300638328858
23,51700,0.023809232904383235,0.6673497048340258
23,51710,0.04277349780578979,0.43194434298479967
23,51730,0.007357136410833842,0.8762933602811921
23,51735,0.001247841447316421,1.8141348822125425
23,51740,0.018332335303772818,0.7087613298285717
23,51760,0.037419870187784116,0.49271372189543117
23,51770,0.009609580280042149,0.6468098794936971
23,51775,0.002835561137769006,1.5708510781719707
23,51790,0.0026533516671189378,1.2374770205081285
23,51800,0.016007737518392615,0.6372615501214809
23,51810,0.03268272368723427,0.43186445921373023
23,51820,0.0031828342265682245,1.5039652795530798
23,51840,0.0035023067215774837,1.492349898656312
23,53001,0.0039014154683373013,2.7092760936180054
23,53003,0.0030694177052424704,1.6442633445981083
23,53005,0.01925242340237083,0.49149786472575924
23,53007,0.006704473029387518,1.1950839517951826
23,53009,0.007943357380653158,0.9917676157097375
23,53011,0.03478306686304856,0.4515970651699761
23,53015,0.007614371969826339,0.6386410119446175
23,53021,0.02255230142050794,0.8102575736404443
23,53017,0.005835861271992718,1.3299590338951546
23,53025,0.013499294537901855,0.7864441727151075
23,53027,0.006847224259993688,0.7079681201427839
23,53029,0.008193545513786525,0.8726458000005044
23,53031,0.004502337672611322,1.5864591648031907
23,53033,0.060078706162321416,0.7368757296308701
23,53035,0.017903657233317858,0.43120526490658856
23,53037,0.0051840910938229165,1.3530851325688744
23,53041,0.006147599139981547,0.8568255102593726
23,53043,0.003238112000250534,3.424501912347288
23,53045,0.0072078458770274976,0.7593420913456853
23,53047,0.00452925452494095,0.9352981327369899
23,53049,0.002987667409360017,1.4193367201364846
23,53051,0.003929445198707105,2.0429435805597924
23,53053,0.041970332618043046,0.4389050933480393
23,53055,0.003126071577913405,1.7344354133983286
23,53057,0.009866075191856836,0.8375594606219522
23,53059,0.0023161499292933146,1.611534345736
23,53061,0.046104058087110315,0.426026853164537
23,53063,0.025170130204616385,0.4351004025181823
23,53065,0.005947776879007294,1.1797747927814939
23,53067,0.020760169050954787,0.5245869649481781
23,53071,0.006051247944861441,0.8472664336056765
23,53073,0.019012063654826137,0.6801858766202117
23,53075,0.0059880152378519015,1.4661549786222932
23,53077,0.03607791820790975,0.7245481468465483
23,54001,0.0026836742357067493,2.9129144731883603
23,54003,0.015958358606170016,0.8701326104237941
23,54005,0.006321375374642164,1.170094364588803
23,54009,0.004018753242756046,1.3511388772840836
23,54011,0.011206999226983682,0.7138839170931114
23,54019,0.007725244633194519,0.7722871960413347
23,54025,0.005215703017801721,1.3388411713323793
23,54027,0.0033977705725210293,1.705653607331047
23,54029,0.005196128580907548,1.4699996809900444
23,54035,0.004120218512200306,1.3578598980033778
23,54033,0.008715291602341727,0.593302818510751
23,54037,0.007118881587698059,0.7972268272806396
23,54039,0.010210549357728249,0.5526310146964684
23,54041,0.0035028706326648232,1.9363390078667628
23,54043,0.003973552514314268,1.4986243498000997
23,54045,0.006171325576334927,1.0182836116295164
23,54047,0.008116448218126855,1.0451031080458464
23,54049,0.0069504534150290525,0.6769455451302828
23,54051,0.006046736044037011,0.9725661866231591
23,54053,0.005280278565181882,1.2778242767635233
23,54057,0.004866323655640217,1.390008520918084
23,54055,0.006891848985479051,0.8607569597980664
23,54059,0.007268828034699891,1.3284154666337038
23,54061,0.018524629888022268,0.9859472235163862
23,54065,0.002468178883980486,2.3799263331040947
23,54067,0.002974353904057176,1.1397575968737867
23,54069,0.006780197385795274,0.8324550564840771
23,54077,0.0070794354827264094,1.0269370142232
23,54075,0.0027748138907021545,2.6471049479531046
23,54079,0.007207107876121843,1.4402195073167499
23,54081,0.008358161728863908,0.674296827915824
23,54083,0.003742187311842027,1.3459289580648073
23,54089,0.0019485501476297258,2.523240386512642
23,54087,0.0032014078482728403,2.539124184097052
23,54091,0.0023715555500942996,2.4196538005346944
23,54097,0.003178465659000774,1.980316492188266
23,54103,0.00421947157306337,2.0317569188226092
23,54099,0.005648481680060965,1.4216459360701077
23,54107,0.009750570210398034,0.6544592037692849
23,54109,0.004198293462003443,1.277832007615823
23,55001,0.006777618565840198,1.1284185848341823
23,55003,0.004096548119329283,2.1673582673579257
23,55005,0.006348981007654055,1.1417444679222435
23,55007,0.004769829211431495,1.739309612597018
23,55009,0.02156700114781276,0.5403087762857401
23,55011,0.004561098288072839,1.715123622980845
23,55013,0.005733450235034123,1.2275345376255453
23,55015,0.008598117758529925,1.3584086267517068
23,55017,0.00818644135975621,0.9683645144290458
23,55019,0.013510574945280726,1.166667136941184
23,55021,0.010121949450382566,0.9900134751233037
23,55023,0.00564113574614491,2.5012812956375368
23,55025,0.0422697363655127,0.7947498246300294
23,55027,0.01291417107727118,1.0776404743673322
23,55029,0.005218520528416524,1.329153895118092
23,55031,0.004995601949449854,0.8844167590691577
23,55033,0.006578104151999946,1.2567115511273281
23,55035,0.010387707068069277,0.6448664314346945
23,55039,0.012073714262218059,0.6881766017017514
23,55041,0.0036260891673756167,2.2068883242399955
23,55043,0.008734169294589865,1.4503278254695375
23,55045,0.006627266703604089,1.3078498175105777
23,55047,0.005789474722843728,2.072387410467644
23,55049,0.006654347905857437,1.1166619509647064
23,55053,0.005276259521712155,1.526307363114331
23,55055,0.009576220853789183,0.7682827397894818
23,55057,0.008409449729676754,1.0323786185651123
23,55059,0.01790739205560633,0.5079783884090489
23,55061,0.0027539494737624697,2.7522262538707523
23,55065,0.007252669256099746,1.6462833448635883
23,55063,0.009181460139865085,0.6649568432053213
23,55067,0.0034123451665067444,1.7023148648209987
23,55069,0.005424444788616448,1.3321113698800362
23,55071,0.009921801892454894,0.7801894813934956
23,55073,0.014602950704137837,0.6694155150568869
23,55075,0.005287959588999886,1.1709053257295807
23,55077,0.005006015621966888,1.5347635859602005
23,55079,0.061782222480621624,0.6519308960590707
23,55081,0.008491901472820232,1.5532811110589264
23,55083,0.00586232364596617,0.9950705858645001
23,55085,0.008701397732237073,1.0461459564106752
23,55087,0.022044018359555526,0.5767075037425476
23,55089,0.010704865352094674,1.0457077277454931
23,55093,0.004033815587908734,1.5975804789609984
23,55095,0.006444735747129995,0.8862174134922773
23,55097,0.00865227721384015,0.9126356952899849
23,55099,0.007833206803794646,1.248250511699081
23,55101,0.015215394533974257,0.7046256413352062
23,55103,0.0048449548429987995,2.0749240339506785
23,55105,0.013619907550730056,0.6056189038968787
23,55107,0.004103968548746635,1.7550967607807013
23,55109,0.014561592087806809,0.9415505699557458
23,55111,0.00877770645007408,0.9455760176412563
23,55113,0.002890021624845401,1.2896088413388163
23,55115,0.008289979836913229,1.0832380980934724
23,55119,0.005634754854515623,1.3930059615151829
23,55117,0.011216940825297112,0.7381065417577837
23,55121,0.008950896667292775,0.9637163840265206
23,55123,0.007302045223634712,1.2306798853984537
23,55125,0.0050638530425328706,1.524843664358551
23,55127,0.00990619318098765,1.0840754421349885
23,55129,0.0033862880566381567,1.456346565949515
23,55131,0.017494027603390562,0.7431143535716238
23,55133,0.03340336173370463,0.4698140774914139
23,55135,0.009047678141287858,1.0304477519473054
23,55137,0.005577914045340443,1.1748250072591788
23,55139,0.013640073991997488,0.6155841693227279
23,55141,0.008479587241142304,1.0994536424414807
23,56001,0.011361115279117257,1.0323126765047654
23,56005,0.011461019215534765,1.2695713154831492
23,56007,0.002508638677657971,1.8785473848267298
23,56009,0.0026728377442259152,2.719101399504058
23,56015,0.0016086129268975524,2.3766686238531354
23,56013,0.0054886751729731455,1.3588441968516485
23,56021,0.008849941002734753,0.6681244495926139
23,56023,0.0029715798031166372,4.848994946619067
23,56025,0.012271193943577965,0.7413875434970839
23,56029,0.0028879351102228767,3.580667558822952
23,56033,0.0032626481534964577,1.5139516661337176
23,56037,0.009910523203011118,0.7708413881359281
23,56039,0.0022600840461089746,2.755759549397045
23,12057,0.04874778256819917,0.5250485516573996
23,12059,0.00290494620315945,2.419355935811063
23,12061,0.020897596348335257,0.6490097035237472
23,12063,0.008262543640733961,0.7591439047321606
23,12069,0.026611742675700534,0.6499292661953487
23,12071,0.05198718691720239,0.6146571448355509
23,12073,0.039166602211518145,0.7147859714168592
23,12075,0.003065149443715833,0.9263459332692691
23,12079,0.003452256172319534,1.7336929824789222
23,12081,0.023904609902274977,0.4260757473618593
23,12083,0.026180512707821346,0.48839965631185983
23,12085,0.01817317139577859,0.6487298875745869
23,12086,0.05232383767371435,0.5337582436327131
23,12087,0.016246584566322057,0.8244807391578465
23,12089,0.006062447787684684,1.1930131375580337
23,12091,0.0155888780955753,0.7260462391961222
23,12093,0.008475456429547638,0.6687370989720143
23,12095,0.058228501694908126,0.4203404931911934
23,12097,0.03358624307242785,0.5611664315088302
23,12099,0.0550892664634649,0.5363394715745623
23,12101,0.029955808603646508,0.611308449684476
23,12103,0.033916059657592416,0.41747902877293147
23,12105,0.030436618398192748,0.4368268537012553
23,12107,0.008508719538392034,0.7472635487631806
23,12109,0.012664550151456379,0.7500280400342382
23,12111,0.02651943613860459,0.7910393149585223
23,12113,0.016652221137132606,0.6282310933984796
23,12115,0.047275258718817666,0.5918003730052445
23,12117,0.03043781220750848,0.5038731862291592
23,12119,0.020918421775063183,0.9554663862417069
23,12121,0.006197939645800887,1.0569249144775101
23,12123,0.001994080876564481,2.268522745778161
23,12127,0.023148105669411237,0.581259865781375
23,12129,0.0030514583979168223,2.2379285700503813
23,12131,0.005112320396154501,0.9562252120188156
23,12133,0.005200900614659252,1.333658613481624
23,13001,0.004237006017077502,1.6774583623810448
23,13009,0.006581719466769242,1.178098100176719
23,13011,0.004590447645823061,2.028360782376196
23,13013,0.01760971183854644,0.6745967773106931
23,13015,0.015068048184376497,0.8937365016875777
23,13017,0.004506728419463946,1.7585206613218112
23,13019,0.005771255635247441,1.2466915333192057
23,13021,0.023114146303751852,0.5895678107819439
23,13031,0.009690773859452027,1.098905319458752
23,13027,0.0035061906973857847,1.6158917274146014
23,13033,0.0055530120841036845,1.2324371517331767
23,13039,0.005630669921214126,0.8441491439875628
23,13045,0.01779810194758998,0.7379043627608043
23,13047,0.009876374745467688,0.9356416608700227
23,13053,0.013628326801951295,1.8597903340810689
23,13051,0.026889014054762208,0.4873780719667129
23,13055,0.004790926087321662,1.2253521082142376
23,13057,0.03384408048909062,0.6170443557650513
23,13059,0.03153171434170144,0.533309538112552
23,13063,0.050807259569803885,0.4981559546608556
23,13067,0.05776732177512899,0.5497092593544254
23,13069,0.008375648733613605,0.9476055027471086
23,13071,0.009920277803127393,0.8356838986112153
23,13073,0.017888629938276203,0.6597844097040241
23,13075,0.0029904136321839488,2.167062192688717
23,13077,0.019733649940572397,0.6969512376629154
23,13081,0.003923282755749009,1.1626411397306053
23,13083,0.0029651425268821326,3.0344445242330744
23,13087,0.004414994211746066,1.2261050488997027
23,13089,0.05393477916287711,0.5054968416554821
23,13091,0.004801087818835809,1.4163097124910122
23,13095,0.016696657456551085,0.6260542336446063
23,13097,0.02367428157552704,0.6811917916653804
23,13099,0.005346075396823891,1.686538056725769
23,13103,0.009878078931706575,0.9843358985705439
23,13105,0.004192420494387038,1.462777886451068
23,13107,0.004219913244885871,1.1874827257412757
23,13111,0.0030036301036047756,1.4056912510999038
23,13113,0.016475186614388085,0.7602613744100233
23,13115,0.011398959332893659,0.6765443218567425
23,13119,0.00406227555533395,1.7751819023740307
23,13117,0.038299898175162,0.5306483082318828
23,13121,0.06577996747766718,0.7580009915253516
23,13123,0.0033631390294334472,1.5425951293271665
23,13127,0.006367115081306876,0.9988317350304573
23,13129,0.010399313213410007,0.9148834308643463
23,13131,0.004109433928873281,1.27194675862116
23,13133,0.0048128155026985284,1.0520903497559795
23,13137,0.0056859894588881365,1.1239930275047563
23,13135,0.08707152455335702,0.5570879566570395
23,13139,0.02494664533961604,0.5484190709643174
23,13143,0.003800560849242281,1.5090094931638336
23,13145,0.004113045040034716,1.4180498358725973
23,13147,0.003059293511313511,1.6070884861726435
23,13151,0.033340160265971544,0.7103230920447839
23,13157,0.010520429887232929,0.9168480268173276
23,13153,0.02258911460183213,0.6145018869511083
23,13163,0.0034049118572928353,2.680761632722024
23,13169,0.003936968882184135,1.422754196479921
23,13175,0.010208055992779715,0.7258327256254581
23,13177,0.004925018513729559,1.4544986651631937
23,13179,0.018757247946301906,0.745489510857289
23,13185,0.021165660568899052,0.6238718787823669
23,13187,0.002741447721257397,2.317081828061611
23,13189,0.004105176691466577,1.547759176313814
23,13193,0.00353465233287643,2.397751885823258
23,13195,0.005546969532662791,1.1872782864843592
23,13199,0.003429043417810398,2.2719342772788127
23,13205,0.005022010396838343,1.7533986409143922
23,13207,0.004046062823602947,1.5460111552243176
23,13211,0.003261082585462839,1.5893904919877218
23,13213,0.007885278971993039,1.022200716304101
23,13215,0.03226255800431559,0.5872867468918105
23,13217,0.0169344773212299,0.7077984639567457
23,13219,0.00539580571044771,1.238267296203057
23,13221,0.0023238447879942,2.1588818633106746
23,13223,0.024406697262354123,0.5737874164133613
23,13225,0.003549301902149442,1.278666898010339
23,13229,0.0031733542060844587,2.1941552322533298
23,13227,0.0031221720339217355,1.2904224488176859
23,13231,0.003962227298849239,2.404825999499497
23,13233,0.007890388471698867,1.073138065019338
23,13237,0.0019770128363402247,1.7259108310795932
23,13241,0.0023525891454626658,1.6653346751829012
23,13245,0.023805201181535358,0.6552141142511371
23,13247,0.012836136833621928,0.704692242230761
23,13251,0.004625361106610839,1.7037557269493406
23,13255,0.008545413620650446,0.6116912434335567
23,13257,0.003186371034390173,1.6227979897292575
23,13267,0.004196546331177241,1.6185047070147833
23,13261,0.004164818105889399,0.9964737487340047
23,13273,0.00410468765196179,3.0010002275200653
23,13277,0.005335962995837847,0.8985406871017841
23,13275,0.005034102841685754,0.8175935816918748
23,13279,0.00584027486416764,1.2881316877561348
23,13285,0.010719301576227455,0.7001098655893133
23,13291,0.004838198124203998,1.276037128905458
23,13293,0.004701981345884466,0.9663822573398312
23,13295,0.007534806828790561,0.7977619411324378
23,13297,0.014395948270730966,0.7229173334474988
23,13299,0.005851236401949623,1.1114699343017462
23,13303,0.003472860779679765,1.683545438626994
23,13305,0.0047110161358559464,1.1818265985768113
23,13311,0.001826331310477366,1.3246003065237792
23,13313,0.020074880753100034,0.695644819347342
23,13315,0.003761617417739463,2.3266336763501623
23,13317,0.001978380035018362,2.2386723956419616
23,13321,0.0040637543016745,1.6594380688761323
23,16001,0.034364693313408516,0.4573556848414246
23,16005,0.014803006693257247,0.6807773835288848
23,16011,0.011604156396342985,1.0949835600029207
23,16013,0.0015371339634180656,2.827057788804725
23,16017,0.004638620047567333,0.8110753619708523
23,16019,0.01904149046062688,0.5994505838383477
23,16027,0.029115852376309904,0.6964884164117583
23,16031,0.0081573420002011,1.5011278242490187
23,16039,0.0023422980907634237,2.945990391759715
23,16049,0.0023567966239618505,1.5087855041336344
23,16051,0.0047544323261967635,2.4964968151094475
23,16053,0.006386618754149557,2.051938960869592
23,16055,0.012963249551602888,0.6482238533421986
23,16057,0.0030130766913088187,1.2336869366324201
23,16065,0.009916859742984837,1.573733658821319
23,16067,0.005687484996328811,1.934086774214516
23,16069,0.004794036676137303,0.9716333235156873
23,16075,0.0035076270870352095,2.3236117540332786
23,16083,0.009343925878350735,0.7772591077624126
23,17003,0.004867107177648822,2.7561224650959777
23,17001,0.00721389655372214,0.6896605001653009
23,17005,0.001977947540635862,2.4923614430093295
23,17007,0.008509880949069671,1.3136973783816794
23,17011,0.006603695990334574,1.1295100131626672
23,17015,0.004731356724695843,1.4617839428586807
23,17017,0.004977667312105259,2.0337223842564045
23,17019,0.02899764369709031,0.9713781258813732
23,17021,0.006523561727785096,1.6127604901952288
23,17023,0.0025601515155661953,4.061382374125599
23,17027,0.005753634474061377,0.8898824041242192
23,17025,0.002363045626140547,2.716018223915177
23,17029,0.003894263905937196,1.506205324996788
23,17031,0.03425241449805724,0.4983493388939664
23,17033,0.004544551372673529,1.4052534869577349
23,17037,0.013706718917430657,0.8404324566463753
23,17039,0.003273641128247366,2.32463380350895
23,17041,0.004604610519280388,1.2934964733014929
23,17043,0.05137500771712356,0.48719173551761297
23,17045,0.003099827892258701,1.9487515424662956
23,17049,0.007525800399343357,1.1445938257941473
23,17051,0.004588485625300209,1.2164401157115055
23,17053,0.0035986906736014167,2.8150234003265617
23,17055,0.008673890227490901,0.8661086657700503
23,17057,0.0074057713870260495,0.9026140757748542
23,17063,0.006921509096272838,1.0855845068179841
23,17061,0.004197724774853099,1.5597243151789268
23,17067,0.005631604502994873,1.1297961270978556
23,17073,0.00575006697084254,1.1161772964834094
23,17075,0.006524547745028694,0.933135232539582
23,17077,0.009170499481945696,0.8945985621410576
23,17081,0.005067231670171722,0.9101329534684327
23,17083,0.0032781725681658696,1.1534207579072964
23,17085,0.0026237926805831365,1.0786713338773826
23,17087,0.0014950722782967358,2.4071676588646356
23,17089,0.05154785931195567,0.6711585588342008
23,17091,0.01265696122118641,0.6125098808321092
23,17093,0.020528786638352316,1.1453986195943944
23,17095,0.004772833086708485,0.7490567058386998
23,17099,0.012201341863914687,0.7094504845204986
23,17097,0.04212245317280298,0.73804712759776
23,17101,0.004678838873275431,1.5813083768111817
23,17103,0.00445737948107209,0.9986522740340115
23,17105,0.004444221445484006,0.9992126158370865
23,17107,0.005097920503201221,1.0345223279913707
23,17109,0.004389854792835055,2.156820873133363
23,17111,0.03747123326003942,0.5048904436487199
23,17113,0.019299189654085117,0.5556272101269535
23,17115,0.011486723213417614,0.5960235840979943
23,17117,0.008581764224794737,0.8369728570465932
23,17119,0.015965744728392215,0.5655290478716873
23,17121,0.008964801446261493,0.9784110317877288
23,17123,0.005051891922164354,1.7622463509084207
23,17125,0.005276177828935918,1.9826789427339941
23,17127,0.0023134096042798616,2.5783630199607113
23,17131,0.003065038955854963,2.4097924505917128
23,17133,0.005130417467882467,1.957997701577324
23,17135,0.004397774652663873,1.4023665155019054
23,17137,0.004150637347652423,0.9434804022604398
23,17139,0.003082850811926404,2.3101169589449433
23,17141,0.006315474894222672,0.9630411708579212
23,17143,0.01855134156611988,0.648012315986532
23,17145,0.004278418433043705,1.7364226194705163
23,17147,0.001515648571568041,2.430011947763413
23,17157,0.005379005380580314,1.1135168696225601
23,17149,0.004750643164619235,1.8582154392341153
23,17159,0.0034162338988243672,1.844962029105806
23,17161,0.011509766746120049,0.5406264326377129
23,17163,0.02327430948066287,0.7539153022628919
23,17165,0.005996786261009775,1.5349577623890003
23,17167,0.01585611381618704,0.5620976838070195
23,17173,0.005035061077639243,1.3289352541853603
23,17177,0.005418853000969187,0.9075071323193935
23,17179,0.012988247975094647,0.7472308888315344
23,17181,0.003979580136821105,1.7249665696481702
23,17183,0.010930111262502549,0.6808839229261915
23,17185,0.003376980381532441,2.3052662643502537
23,17187,0.0027107358277047213,1.6871679287471706
23,17189,0.0035529735490297102,2.919636752114229
23,17191,0.004687594771001878,2.0332339598299978
23,17193,0.003918930797414849,2.5448878225164293
23,17195,0.010491539201137287,0.7537672240078043
23,17197,0.048568893416168255,0.5358729096542382
23,17199,0.0074315155386098335,0.6811029687898149
23,17201,0.02068336244038074,0.5508021429004073
23,17203,0.006656754263529898,1.0559565803392175
23,18001,0.005458270508284253,1.67723105415957
23,18003,0.03482025677803841,0.5695227182276538
23,18005,0.011424340030532134,0.7182464139879575
23,18009,0.0035108404307912446,2.621130779376767
23,18011,0.008307046124036406,1.623174369991243
23,18013,0.0023291402425596928,2.3059966236694427
23,18017,0.005469974156354537,0.9707131986729322
23,18015,0.007278828701931359,1.2100112140890205
23,18019,0.012764040450020438,0.7133396659588018
23,18021,0.004648563857450274,1.6613720012631055
23,18027,0.0066266988599576184,1.390866105672032
23,18023,0.00523388877068572,1.149551041189517
23,18029,0.00758486326959674,1.0247326193762696
23,18031,0.005026733445243089,1.1609833239985017
23,18033,0.007345947960138891,0.8359562466887305
23,18035,0.010778550863562606,0.5880708516152754
23,18037,0.00755349523373277,1.2540315027238915
23,18039,0.02619085360322808,0.5951138758456852
23,18041,0.005386142249714958,1.3576415559534967
23,18045,0.00418826348338442,2.0153050231571235
23,18043,0.011319566857957345,0.6963614841250252
23,18047,0.0034565418840254544,2.0547767427226
23,18049,0.004458410657427447,1.3281631217725753
23,18051,0.004921071864563265,1.4367493773978348
23,18053,0.008420298100191084,0.7683428756003517
23,18055,0.0055593855601253055,1.2548441502696088
23,18057,0.040854807559205224,0.5693934230590191
23,18059,0.010121648192427881,0.9325147896900435
23,18061,0.007561877758009224,1.50193283261994
23,18063,0.019386016537992233,0.7379128156695952
23,18065,0.007664993418269665,0.8891439495666686
23,18067,0.009582734029390135,0.7042558643642309
23,18069,0.007819077794416394,1.0623378720465895
23,18073,0.006331383876800561,1.1575825784424365
23,18071,0.006654957857909611,1.194035190626478
23,18075,0.0069562350661995205,1.460477082033618
23,18077,0.0037050550862190307,1.1541802967348929
23,18079,0.003588449816249468,1.3160027270315804
23,18081,0.017853678817746008,0.7367493788167184
23,18083,0.004098338247520804,1.1005810510750769
23,18085,0.009874296972520069,0.7740592353316017
23,18087,0.009337036453886402,1.0619964045872359
23,18089,0.033167775578716405,0.7028776180455449
23,18091,0.008079746843939188,0.6437475840695314
23,18093,0.0055566663858985605,1.035746833435019
23,18095,0.01590122169721901,0.6643136146056398
23,18097,0.05448579871396023,0.4339741062006447
23,18099,0.007946837558049799,0.8979086155071309
23,18103,0.005038787646332901,0.8634429928721786
23,18105,0.01909349301904652,0.7282926307951795
23,18107,0.006061075099714103,1.1827286996775934
23,18109,0.009813265711367262,1.025288697595506
23,18111,0.0025718853346653513,2.4127079140573398
23,18113,0.006970701874296409,1.2172666124105513
23,18117,0.00642222504494536,1.2814530672035969
23,18119,0.0043947523305327045,1.5168310623717434
23,18121,0.002771572271830536,2.5616963561411876
23,18125,0.0044552864325732395,3.063657858350539
23,18123,0.003317042523510512,1.6853420290738172
23,18127,0.014022143742322158,0.569838041408835
23,18129,0.004262868591388671,1.457327447749157
23,18131,0.002497910096868423,2.9862068691681576
23,18133,0.0031353565800504406,0.9601031361119615
23,18135,0.007204309814945595,1.2007950538974184
23,18137,0.004873598614646038,1.271227008467172
23,18139,0.003510878231592069,1.9097323913643767
23,18141,0.02426695413471414,0.5061439537744034
23,18143,0.0038875255446880084,1.5379177746681207
23,18145,0.006896318349703164,1.0395426566357684
23,18147,0.0036985938944107703,1.86943397196885
23,18149,0.006018869027701495,1.128213079992265
23,18151,0.004479449812837894,0.8228647794620693
23,18153,0.002697529701726119,1.626214825385543
23,18157,0.022560412962962184,0.761043405268988
23,18159,0.001666685775677914,2.419990194132508
23,18163,0.01935984445253757,0.5281401801997755
23,18165,0.0035742118384821824,2.1291824028803465
23,18167,0.01208803719800901,0.6041401371164378
23,18169,0.0049271529312815915,1.7118115038612414
23,18173,0.008356540276397982,0.8961538300118902
23,18175,0.0069178688211707935,1.2300019829750775
23,18177,0.008155748076439333,0.7875687153270262
23,18179,0.005816185666025093,1.2717721565205722
23,18181,0.005287223234151268,1.0857097324201888
23,18183,0.004918621784613974,0.9240511902945187
23,19005,0.0036860991186820594,1.5031805684932382
23,19007,0.0038112946863145423,1.7254755779141133
23,19011,0.005996675684196159,1.162633201463171
23,19013,0.01483575695894487,0.59935889114976
23,19015,0.004779257529261669,1.3328936861646126
23,19017,0.005501354576509115,1.2839649802891981
23,19019,0.005197696875291397,1.2570165074942263
23,19021,0.0034151757027975683,1.500225681955888
23,19023,0.005023661984102075,1.6345196668246256
23,19025,0.0034292211800819013,2.384283116537453
23,19027,0.004039839531423199,1.6707771406136596
23,19029,0.002832979197923506,1.827211427684869
23,19031,0.0036491138020100485,1.5238725090252736
23,19033,0.0040693005280676925,1.1288938572092477
23,19035,0.0025276898279413358,2.401317819065778
23,19041,0.00224814393428309,2.3859429809727297
23,19037,0.003505306467519045,2.5264830381160777
23,19043,0.004240996351921264,1.3826324482405647
23,19047,0.005844097796804911,1.85352231771844
23,19045,0.006967814923967294,0.9482379257086709
23,19049,0.011856490466465922,1.1689304927551891
23,19055,0.003216263839701381,2.4815661830656444
23,19057,0.004654400031453309,0.820424909105882
23,19059,0.002335740312908544,1.7093977718539917
23,19061,0.009605509244238544,0.6368125059598579
23,19063,0.002057502765220095,2.9038503377343754
23,19065,0.006371908381371284,1.7972590935026658
23,19073,0.003536734819671409,2.343970669809164
23,19067,0.003500003202026327,2.068301366921801
23,19075,0.00368087257069838,2.504172435359929
23,19079,0.0032286345512878498,2.0065303180277003
23,19081,0.003271479290776461,2.1588798467818604
23,19083,0.005285096680113859,1.5831053281728986
23,19085,0.005315973110227849,1.9127474805284255
23,19087,0.004032772648069222,1.6248350015842066
23,19091,0.0031767003561513035,3.155251738443741
23,19095,0.0025410531177773965,2.2799495877592295
23,19099,0.00535030866002787,1.2392699705984753
23,19097,0.004347130975571221,2.3310828467959497
23,19101,0.001610967315836305,2.6489672920703806
23,19103,0.02424319330363489,0.7373327820973076
23,19105,0.003927301230422462,2.088818809597182
23,19107,0.004032464514740939,2.1378997190293894
23,19109,0.00583079810317346,1.7720519937311163
23,19111,0.004556681245196937,1.4247061368635408
23,19113,0.019921331872616747,0.4877375715018494
23,19117,0.00430225745618612,2.7041940732763834
23,19123,0.0054256107112790825,1.2029964494058751
23,19125,0.0036272757622532927,1.8928707617702578
23,19127,0.007244895588999601,0.7538856703359548
23,19129,0.0026916099116265206,2.0004701325060843
23,19133,0.003412304060442727,2.9340492237053826
23,19137,0.002673010164864926,2.4993721665134108
23,19139,0.006423233771447214,0.9420285103539379
23,19141,0.0027036425511558528,2.461473819185316
23,19147,0.0032534707624811946,2.2105111486751645
23,19145,0.0046844516954051875,2.440497871769413
23,19149,0.004460974925453113,1.558794864675083
23,19153,0.03703329931378444,0.45305450951208465
23,19155,0.01121780087185724,0.6769458133706032
23,19157,0.0035181772021025503,2.0432007771454495
23,19161,0.0051543924082572854,2.153269948840922
23,19163,0.01685398048592777,0.5615025653329063
23,19165,0.0024512586567789533,3.0424875468601194
23,19167,0.007552891774436411,1.4202023642426571
23,19169,0.016361517166066333,1.124587353992065
23,19171,0.005137477729563847,1.6496706150553893
23,19175,0.0021851800924372615,2.5555728847600307
23,19179,0.006323660787081291,0.7286898138493979
23,19183,0.0030783179800358378,1.7579817927424943
23,19181,0.007115974218327938,1.0924096043927318
23,19187,0.0054564776842496365,0.7736908386625648
23,19191,0.0032388669757510476,1.8437873423486553
23,19193,0.014228651633229193,0.5683733001343324
23,19197,0.003791862318666805,2.6177459755688544
23,20001,0.0051024499281868045,2.0823518667389873
23,20005,0.0024528216342706815,2.4249063783156632
23,20009,0.0037726736510091488,1.1025389634159433
23,20011,0.0036574412444822704,1.8603169625812186
23,20015,0.008866307023166141,1.2575211894702527
23,20029,0.002617087557871412,2.9597872781850407
23,20021,0.003703687813567936,1.6393663425549851
23,20035,0.006989154627511351,1.204407655012914
23,20037,0.008454208574696268,1.072193700533141
23,20041,0.004003691180053514,1.6959854095774765
23,20045,0.01876558542123493,0.5895831597319225
23,20051,0.004086745728600544,1.2842152193135037
23,20055,0.014558157502526122,0.7856114199496272
23,20057,0.009001572854402187,0.999794171108433
23,20059,0.003341683873332119,1.539007895556227
23,20061,0.013053674264323642,0.9624140832191005
23,20079,0.006913155916066703,1.2799475959503768
23,20087,0.002903382416718965,2.581527169520461
23,20091,0.04150457737249813,0.49256959504472564
23,20099,0.005092689788050421,1.180816833087799
23,20103,0.00763668763409015,0.7706217889918207
23,20111,0.00430308777168899,1.0538748125900452
23,20113,0.0036424425420949528,1.6803681735978593
23,20115,0.002865839399456731,2.1064174913799936
23,20117,0.0027356039640719747,2.391551945791512
23,20121,0.005311405604119582,1.0517921834894044
23,20125,0.008731810324460555,1.0343570810918328
23,20133,0.004174866955066594,1.9407210898958254
23,20149,0.002798290739067909,2.239690888915443
23,20139,0.003858889558631607,1.791481931834577
23,20155,0.006185156319776072,0.6865818326215953
23,20161,0.020656166878628122,0.7845802760096118
23,20169,0.005853289663114839,0.6710752521905953
23,20173,0.040295603679369595,0.47558787276558206
23,20175,0.00732843529230181,1.6488179688675724
23,20177,0.011809625843549542,0.4292373477385302
23,20191,0.004276559340607931,1.3266095224951684
23,20205,0.0037161490423062585,4.140484430575038
23,20209,0.050069202938039445,0.5251377606995007
23,21001,0.005662392843883794,1.1249521384068435
23,21003,0.0051417417645758965,1.2679518485436283
23,21005,0.003964384145068208,1.4910902633374135
23,21009,0.006388179791285116,0.8434191822967586
23,21013,0.0069048051357095495,0.9810585186470625
23,21015,0.016097245997374974,0.6575915342962309
23,21017,0.003933933319455029,1.1911358205069795
23,21019,0.006393612724009101,0.8138161891203661
23,21021,0.0037612153415619407,1.1951605387308084
23,21025,0.008839120278312759,1.217066996793827
23,21027,0.0050516596270019426,1.3193222358645036
23,21029,0.009163403140471055,0.6245617463407778
23,21031,0.003028145557552067,1.6252224287705017
23,21035,0.004300189335870031,0.984616502715041
23,21037,0.009431889667666718,0.7805347187494952
23,21043,0.004035614156522481,1.1380836132790655
23,21045,0.003872029228161357,1.7477121610024755
23,21047,0.01487594765179663,1.4274381371749025
23,21049,0.005876077198563594,0.9033871185451879
23,21051,0.004628139071547828,1.1192804917494261
23,21055,0.002731218422517637,2.3299610018711845
23,21059,0.011801608427643849,0.7423725224912042
23,21061,0.0009661308049276285,2.551760739333642
23,21065,0.003179220240871679,2.2751029015647766
23,21067,0.026905521508417695,0.4796342477342482
23,21069,0.003724693358194819,2.356907963759645
23,21071,0.006155789834149598,1.0165502607937054
23,21073,0.0067288424763382836,0.7630744802011156
23,21079,0.00269938675825206,2.016532063682392
23,21081,0.002978142139256747,2.592446982480709
23,21083,0.006980578205611969,0.8945338868188472
23,21085,0.006163549563758597,1.0816561516845566
23,21089,0.005292241099376402,1.2090861428017377
23,21087,0.002476311127830975,2.3532483091334755
23,21093,0.014487841836444968,0.725197090053843
23,21095,0.008365750294641459,0.9674078060833469
23,21097,0.003824412060938668,1.5907055349439543
23,21099,0.003678562369783995,1.4977202200876931
23,21101,0.006128851917665892,1.0857958677317423
23,21103,0.004844448031776858,1.6288044638433457
23,21107,0.0067710292089148486,0.8500978835316727
23,21111,0.03362898081647668,0.6940488204965573
23,21113,0.005662075966395496,0.8917463365379955
23,21115,0.004278892226468496,1.3170595848081423
23,21117,0.01915839480866172,0.6304730734496363
23,21119,0.004291406383609082,1.5897647102866148
23,21121,0.006617106907851742,1.1082238427700073
23,21123,0.001985746082489232,2.394319507288187
23,21125,0.00864188437475552,0.7730987900104939
23,21127,0.0044154424008307665,1.7019892584200815
23,21135,0.0026264862807123244,2.1788408760417965
23,21133,0.003460584234375258,1.175101745050272
23,21137,0.004475769502155678,1.1643437413298248
23,21141,0.004666829079417511,1.312991975719023
23,21145,0.005366049218998148,0.7685925141373596
23,21147,0.002724764734582295,2.2118668627987264
23,21151,0.010380429912610787,0.9648538256733419
23,21153,0.002279932266057652,2.3559313491126797
23,21155,0.0036129025843608586,1.3681689652068232
23,21157,0.005614273887010896,1.3603753754375552
23,21161,0.0033065108046578338,1.4858403810818008
23,21163,0.005272097084985112,1.690818447405032
23,21171,0.0024341149579822944,2.116295894516601
23,21167,0.003836710811133383,1.710935667680425
23,21173,0.004368799734683698,1.296979253039757
23,21175,0.0051758405286050765,1.7362095570874054
23,21177,0.007151516425144255,0.9506916100415239
23,21179,0.006364648786915521,0.9546797354640769
23,21183,0.005047096872956404,1.15328058268978
23,21185,0.01366443640504215,0.7494532819228278
23,21193,0.005395160394299405,0.9187656314744415
23,21195,0.0107728890465017,0.7681062097453353
23,21203,0.0023898826138276422,2.2170987264264523
23,21199,0.007359067150161913,0.6691709368834213
23,21205,0.0022910219206144548,2.47682836367321
23,21207,0.0028754620830206143,1.654637726843759
23,21209,0.009797894469067089,0.7448475222246324
23,21211,0.004921387442372599,1.5364023458943978
23,21213,0.0025553925381455915,2.072128503807806
23,21215,0.0030445695544930695,2.2196166061044953
23,21217,0.0030337088826966714,1.5276887345126966
23,21219,0.0029848398964456937,2.2355651668207814
23,21221,0.0025178704036007424,1.6295440511889105
23,21225,0.0021547140721053654,2.2299500190382098
23,21227,0.0151015146673855,0.6440231820755916
23,21233,0.003054421164909532,2.408094683094713
23,21231,0.0035379649167099217,1.7553588723963534
23,21235,0.0049549048486581,1.6647083383796153
23,21239,0.004345633842927101,1.0177376916995506
23,22003,0.0032747605397979366,2.5261131588523704
23,22001,0.012053950719495795,0.8569783618900171
23,22005,0.01967064564314743,0.7501186640998049
23,22007,0.006296242177751548,1.4001656616865932
23,22009,0.00728368315556016,0.9670691739941527
23,22011,0.00705078895647324,1.2054501132670083
23,22013,0.00445786042658777,2.096379075881889
23,22015,0.015282492977371784,0.6476920333205051
23,22017,0.025206786049724577,0.5068862283459834
23,22019,0.017419478660405843,0.5676951859862721
23,22027,0.0050896371824646035,1.9129147726829447
23,22029,0.003465653399786177,2.0830380267697186
23,22031,0.006737658323327089,1.1976193114824158
23,22033,0.0360463808110802,0.5479270046621001
23,22037,0.0030902700186626443,1.7066482002568086
23,22039,0.007308740689998234,1.3691690673983374
23,22041,0.005049258411826608,2.0042255769464457
23,22043,0.0034608457872604987,1.6228236857232066
23,22045,0.011798893578396316,0.8334923340995548
23,22047,0.005363708316476685,1.271425739376516
23,22049,0.003625570132275552,1.8256448003291343
23,22051,0.028123098996867817,0.43963290961721674
23,22053,0.00625589665401607,1.3767603557863173
23,22055,0.024929556522829265,0.5090427318934279
23,22057,0.013920252224490968,0.9484125817584691
23,22061,0.010639065218102203,0.6960224523753814
23,22063,0.01957902341499523,0.6901524640383969
23,22065,0.004504206453607993,1.9168226747538488
23,22067,0.0046746243785442156,1.2232096009237985
23,22069,0.007021830226194723,1.1748819971257853
23,22071,0.06915662513346098,0.49624261743333703
23,22073,0.01990348993184466,0.5028613182963164
23,22075,0.008753068487529972,1.7412813151621216
23,22077,0.0035393342081753527,1.9468426526594915
23,22079,0.014995191848557722,0.569444663062181
23,22083,0.004441902595752174,1.5323758171465418
23,22085,0.006621267676347103,1.315288599609515
23,22087,0.01868218001605741,0.6772077507051218
23,22089,0.008071564648091388,0.8081629863987819
23,22093,0.005649896527746866,1.2861586938789853
23,22095,0.006127380640677729,0.9531438421284584
23,22097,0.01550862341328272,0.7904268383408356
23,22099,0.008147980833226605,0.9645640821657755
23,22101,0.013146986843228955,1.4475773589331717
23,22103,0.019645219993905245,0.5878683170537566
23,22105,0.016509856262730414,0.708327764636279
23,22111,0.004632586247527128,1.203895651917563
23,22109,0.018233749574775537,0.696340332036348
23,22113,0.008641760386878116,0.8364123436455441
23,22115,0.016201987655018783,0.9915925909254034
23,22117,0.007395970246541241,1.107604619676846
23,22119,0.0062099368767928095,1.4260760203104919
23,22121,0.004061481835110344,2.020510139100633
23,22127,0.0024944310827907925,2.716019164804673
23,24001,0.006982096099247272,0.6946900373352448
23,24003,0.03525766122555832,0.45259713576020066
23,24005,0.02873768033358634,0.4601764520983815
23,24009,0.013555308437413038,0.800325852582803
23,24011,0.0057422548240282575,1.0853309109248979
23,24013,0.020207185755808408,0.5385753677637469
23,24015,0.010392272576150113,0.7347205890203555
23,24017,0.020503975550353458,0.5978164765653101
23,24019,0.003420918009700127,1.1547411956575941
23,24021,0.022743293958188724,0.5177364659113128
23,24023,0.005142356191371778,1.0295788445064389
23,24025,0.020783723369545724,0.5309193633056581
23,24027,0.041365912362360015,0.5465618652966954
23,24029,0.002290150422275744,1.625941747281318
23,24031,0.05264895524657941,0.5247390493797593
23,24033,0.054480299018368,0.5750306792752232
23,24035,0.0053707600439806226,0.9324591804527321
23,24039,0.0031705341899688068,1.5238147349379145
23,24037,0.01624342651787731,0.8911574540832228
23,24041,0.005341479929144985,1.3655661137267523
23,24043,0.01108533470138294,0.6135183868838058
23,24045,0.010903679427695365,0.660407277036873
23,24047,0.00637435100842905,1.0360787825567095
23,24510,0.0617188259962338,0.4921417624189521
23,25001,0.02295422955635021,0.5148975923458782
23,25003,0.007323335261416112,0.6863363683488389
23,25005,0.02933751981405073,0.795735162540946
23,25007,0.002974725146462223,2.918359996910481
23,25009,0.031517058842925605,0.7108501497057605
23,25011,0.008737258431670034,0.963815424344878
23,25013,0.027412775216829728,0.4974488597121822
23,25015,0.01521421809173706,0.7469993672400221
23,25017,0.0454564269640736,0.564670987783534
23,25019,0.0030596059907129556,1.7204045428897312
23,25021,0.040024531587578335,0.6578025142331485
23,25023,0.027476845072937045,0.6954538706006341
23,25025,0.08778429326722577,0.6366677130671431
23,25027,0.029037398993989792,0.450504383948085
23,26001,0.008095306974318447,1.6490292314288213
23,26005,0.010403102125152636,0.8412342732578348
23,26007,0.005955452418382933,1.1876694629341085
23,26009,0.006043832633861069,1.0671361563120425
23,26011,0.004414110605838283,1.6289681761550738
23,26015,0.0065171192196279894,0.7317248841729459
23,26017,0.009331658602025101,0.6765640907543613
23,26019,0.0036608526649763336,1.5655380132095942
23,26021,0.013969393906642178,0.5582751797871469
23,26023,0.00680234042352571,1.1837560919029486
23,26025,0.013933774283364729,0.5852232273711455
23,26027,0.006194115309938251,0.8366820412118638
23,26029,0.008090198020520923,1.0122332330899997
23,26031,0.004928799494068723,1.1163208617214169
23,26033,0.0061674372652805245,1.9335609461793575
23,26035,0.0071030521046618715,0.7890056546384312
23,26037,0.008809729996791707,0.7309518352509607
23,26039,0.003916326638783645,1.4670431201373972
23,26041,0.004803002646524322,2.0549869941420966
23,26043,0.0037837928256882654,1.1627644032569762
23,26045,0.010910551486763162,0.8436075246459934
23,26047,0.0034388686592278007,0.9702439588149622
23,26049,0.03112048266101482,0.5501703540325886
23,26051,0.006482593911043887,1.033411362646573
23,26053,0.005286216455701501,1.510366286275726
23,26055,0.008454702284423401,0.6820413010793617
23,26057,0.00608117764116635,1.0396554007501817
23,26059,0.0055330548502202734,1.0003921851438133
23,26061,0.006593096489169134,1.0684242729984497
23,26063,0.007630136280343955,1.094353246531276
23,26065,0.03962365801052119,0.7276551365463245
23,26067,0.009102970075107911,1.2498064225710765
23,26069,0.009607431965974168,1.085943046355608
23,26071,0.005981471775449408,1.4558533650908385
23,26073,0.010618088297034188,0.9780253058959796
23,26075,0.012959513140174302,0.6793918498123424
23,26077,0.02152105551828866,0.5064012340577978
23,26079,0.002319595901035842,1.3853451103722145
23,26081,0.04916364558161922,0.5362483404389817
23,26085,0.004253542584333816,2.2994957230764252
23,26087,0.011618689706444967,0.8203128155021863
23,26089,0.005914244837257039,1.1858994752395766
23,26091,0.007344055886180271,0.8236735411171441
23,26093,0.028964450593054365,0.5121299874906007
23,26097,0.0052039898032403735,1.491841799045453
23,26101,0.005549040910357908,1.2241014729578352
23,26099,0.03463455471820387,0.5331755711286231
23,26103,0.008127921675593291,1.0387064331595033
23,26105,0.005027369861495464,1.1887860326423363
23,26107,0.003918233274017479,1.6124204923848573
23,26109,0.0059384543226358106,2.1904606279443786
23,26113,0.0035163853246194103,2.3141298796046392
23,26111,0.008076871949946583,0.8221463341725594
23,26115,0.012005715850156744,0.5486735757634654
23,26117,0.010557667406564213,0.8769282383789729
23,26119,0.0061236196023161495,1.8300093965764028
23,26121,0.016372689708328548,0.5496287603167891
23,26123,0.011507222044289092,0.9973312824956247
23,26125,0.030834811776115023,0.39633280155377915
23,26127,0.003480521322522406,1.1152627547684841
23,26129,0.005898515597249505,1.104351644210222
23,26131,0.0020557184015946037,2.1829658470798305
23,26135,0.00672581812157309,1.7991641244006427
23,26133,0.0073348405263637985,1.2650865892386383
23,26137,0.003830434947520608,1.2575689246170791
23,26139,0.025802339727568357,0.6630926222702025
23,26141,0.006354651322493936,1.3493076029652542
23,26143,0.010101893687973302,1.0416142402142263
23,26145,0.017211261944876616,0.5495932900612818
23,26147,0.015058150609489788,0.6655662303084008
23,26149,0.01123890215725729,0.7835827376449682
23,26151,0.0071457163757254905,1.034457652909901
23,26155,0.007982188863185895,0.8338953267311805
23,26157,0.011802764190262945,0.7386032626862516
23,26159,0.008728517698979076,1.4166134388275085
23,26161,0.03634283692862303,0.5214369057088485
23,26163,0.042754624115036034,0.6025331222934166
23,26165,0.0037818575429526885,1.1915556364531543
23,27001,0.0077666389546424295,1.331229144945346
23,27003,0.04268167750984139,0.5861192153889707
23,27005,0.006005753887104241,0.9818237381298146
23,27007,0.00542267259133155,1.0597520411037
23,27009,0.006073097989053015,1.0882781028266793
23,27013,0.009691745950128509,0.7373401603818799
23,27015,0.0037543231332860306,1.7819457985619946
23,27017,0.004876412614976169,1.194489141913015
23,27019,0.021620362741709434,0.7557512778562454
23,27021,0.005624950250011535,1.1242325710077203
23,27023,0.0029153886471039413,2.4492553119427285
23,27025,0.010499265674439796,0.940244696757672
23,27027,0.006970097842287773,0.9239060390292461
23,27033,0.0028633226214424203,2.499927619411208
23,27035,0.007071620097844691,0.8562412682442544
23,27037,0.03452817959301373,0.4480986452541064
23,27039,0.006399133468392067,1.5399575113412654
23,27041,0.005603298047162824,0.9403475124873988
23,27043,0.007286931545772505,2.1793823898149323
23,27045,0.007551386040958165,1.248218641476299
23,27047,0.008010332422105387,1.2084082710237476
23,27049,0.006702880232665637,1.3912969529656907
23,27053,0.049625995740158135,0.5333269472814873
23,27055,0.0045774461048081775,2.025033337741341
23,27059,0.006414665719811606,1.1034756999718422
23,27057,0.007113479848091865,1.7848432372667253
23,27061,0.0056500322094926655,0.9614657784082842
23,27063,0.003373112527374868,2.91568297251464
23,27065,0.0030684674308070407,2.5318314526106915
23,27071,0.0019885897261530455,4.146377275685696
23,27067,0.006379127411414897,1.2305818872173453
23,27079,0.006042948154984779,1.2062345694747603
23,27083,0.005647491829888342,1.239444722095679
23,27085,0.005481168919027618,2.5112714958023745
23,27089,0.004811137518911557,2.6419074508836955
23,27091,0.0050307108169968156,1.5192943156698149
23,27095,0.004540972170026333,1.6359616005001607
23,27093,0.00597014896669435,1.5790655283338504
23,27097,0.007454546195263593,1.6055933558774362
23,27099,0.00717558531865362,0.9319640584858984
23,27105,0.004312881183972171,1.5270413279112003
23,27103,0.004045322096169393,1.9000776682972262
23,27109,0.018094024952750393,0.5717590184620979
23,27111,0.011863565404728146,0.921113888744133
23,27113,0.004010639532955125,1.7630389990698687
23,27115,0.0058323764896034,1.2711586201172056
23,27117,0.005916835102661384,2.363218576490364
23,27121,0.003641141084662788,2.538131600586711
23,27119,0.005270248706900103,2.139371211542554
23,27123,0.04179450183941816,0.5957971486279724
23,27127,0.00595291253945409,1.7417240311690487
23,27129,0.007168798740361999,1.3838716663280544
23,27131,0.005655199515617357,1.1955316107292193
23,27135,0.005012686424260666,1.695845319057626
23,27137,0.016805223865022107,0.7856764370620472
23,27139,0.026791064340924875,0.6771385474515298
23,27141,0.01817901247107929,0.9566090549649444
23,27143,0.0048769727906993795,2.40332416601726
23,27145,0.013174771437330972,0.6343562671606361
23,27147,0.005108450796132701,1.0702863671618152
23,27151,0.003535567349470627,3.3836570789408107
23,27153,0.006277380508748609,1.148129485035825
23,27157,0.005933617335709223,1.097633922514989
23,27161,0.0034351041281660147,2.0019507701281687
23,27163,0.02361993783283603,0.6084445867457227
23,27169,0.005486252430165448,1.1327218294962087
23,27171,0.018800558896245358,0.9268641592302671
23,27173,0.004386504195795693,2.4899439110347905
23,28001,0.005590187175728971,1.0621578831652216
23,28007,0.005682114928370543,1.2901299061953542
23,28003,0.006446017620335631,1.1336490134305441
23,28011,0.007949759116633025,1.3971702918361921
23,28013,0.004627689082753127,2.1809656255962464
23,28017,0.003883974866206877,2.6832811087250588
23,28023,0.002563456891924507,2.269446049887534
23,28025,0.004046874126412571,2.349584516189182
23,28027,0.006755233366016185,1.5317897753350493
23,28029,0.006165161287018609,1.4655101624254832
23,28031,0.0029384633951646377,2.416902272929146
23,28033,0.024152995520483465,0.6308202659337663
23,28035,0.012039157723593439,0.7478559174889442
23,28039,0.005069313410465118,1.8685625305064988
23,28043,0.0037024988586450325,1.79772917727114
23,28045,0.0035666473706453487,0.9867034664018612
23,28047,0.019037400073305077,0.6088490530947946
23,28049,0.035669605715512094,0.5051650661697566
23,28051,0.007127056721218713,1.5820809590314326
23,28057,0.003915823322047959,1.6645433618505625
23,28059,0.013318844416141583,0.9697247890767005
23,28061,0.0031226582761402872,2.4944094258439606
23,28067,0.009075539446899095,0.8354820375601208
23,28071,0.00692336357270736,1.1264538315393682
23,28073,0.009274440208825058,0.965337980042348
23,28075,0.01047078498287791,0.8950352546863108
23,28079,0.0033191649661400515,1.660331695257391
23,28081,0.01271402663855265,0.6928024258340697
23,28083,0.008803400156359725,1.0706781333091133
23,28085,0.005435208551901433,1.4199022992701558
23,28087,0.007531802241901317,0.9461875662020861
23,28089,0.011149438855906243,0.7952355561272115
23,28091,0.005413580848222884,1.761217233188518
23,28093,0.004664168815579424,1.8014314335388872
23,28095,0.007533002817551058,1.3586932607040454
23,28099,0.007761232200858796,1.3015191953562253
23,28101,0.003815840909502455,1.84842859699246
23,28105,0.010867875383349634,0.9848841037241136
23,28107,0.00688820961072631,1.4490641338005332
23,28109,0.007148932449839636,1.0206843421993208
23,28113,0.007064433420850335,1.0996360915904275
23,28115,0.00722801868178606,1.2219208737409417
23,28117,0.004179214158184078,1.820736747500517
23,28121,0.015578576638651935,0.6679995877890902
23,28123,0.007218616483277667,2.476438144609728
23,28127,0.005248148104099588,1.4823603884958172
23,28133,0.00693971945069653,1.4958817448370363
23,28135,0.002449347382345076,3.2596993256171283
23,28137,0.004780120662968088,1.9831713849324877
23,28139,0.0027472903792773594,2.725057161068389
23,28141,0.001927892218982215,2.2853345887490204
23,28149,0.008082934672289903,0.9509597588558036
23,28145,0.006665609121994984,1.1810871642398622
23,28151,0.01664888240977365,0.7579781428213075
23,28153,0.004378150466927837,2.4125458135827973
23,28159,0.005280505811724136,1.6163902637700502
23,29001,0.0037389948300121205,1.1560669445936405
23,28163,0.004909328020138104,1.3206969515148457
23,29003,0.0023404811269895527,2.3268201327402394
23,29007,0.005757659439151446,1.2647011259704106
23,29009,0.004922129518967497,1.3318697783421083
23,29013,0.0023493606594289797,2.6037228068139346
23,29015,0.004136628384011483,1.3818868863167486
23,29019,0.022531282467555154,0.6881828178113888
23,29021,0.013057281332491845,0.6735300930977239
23,29023,0.00653874734746439,0.849695088635465
23,29027,0.005195248608677148,1.2749804913141956
23,29029,0.005942797500729897,0.9043632612235262
23,29031,0.00805154186050552,0.9925868332260759
23,29037,0.011493534424843854,0.8208922553574367
23,29043,0.014518654753363173,0.7127133180532135
23,29049,0.0026827316983944398,2.2223889976342543
23,29047,0.02495526899310066,0.44731111885449915
23,29051,0.00932583980290473,0.719666266509954
23,29053,0.0029771183600566953,1.8706554530145325
23,29065,0.001816627425225938,3.1356105610692
23,29055,0.003537797078922802,1.3433892269865868
23,29069,0.008836370020591712,1.4676951570189758
23,29071,0.01161296066624488,0.7335265586006383
23,29073,0.003013334177776147,2.588169158134916
23,29077,0.024850456431372115,0.609015678564845
23,29079,0.0023066094378071497,2.7101367712395126
23,29083,0.003983275889851934,1.4816277850383557
23,29091,0.0068342173465854176,1.2290755653066867
23,29093,0.0037202369424550897,2.7581991082038697
23,29095,0.039078314930164414,0.6832745105867768
23,29097,0.013807996334494161,0.755391831443197
23,29099,0.0272616351428794,0.5690335872389322
23,29101,0.0061709404156418245,1.761435169852312
23,29105,0.005252369938050805,1.5889864404497709
23,29107,0.004587093150645315,1.36259459036482
23,29109,0.005068627993725387,1.7210537150739322
23,29111,0.00304534089282498,2.270645954184151
23,29113,0.010638527823271968,1.0029827752729372
23,29115,0.0038126497513262503,1.866680851212041
23,29117,0.002752763934926918,1.8550277013001877
23,29119,0.004385628238865764,2.224631264834822
23,29121,0.003624051778537546,2.286407757605971
23,29127,0.005092839057202233,1.8197231509570837
23,29131,0.0033259985231419505,1.8206378728909534
23,29133,0.0024669341386587044,2.874618275711246
23,29135,0.0028970224199458892,2.4658448042834182
23,29139,0.0033028929775906573,2.5283364327712414
23,29141,0.002255046366090937,1.5511273908510148
23,29143,0.004821867345658969,1.4141645432062884
23,29145,0.00951181213818241,0.9910672173985449
23,29147,0.001848557388499303,1.941199523680449
23,29151,0.0034671463180106477,2.5273601510007215
23,29155,0.006878746031987219,1.8417477439540266
23,29157,0.0043345838558439135,1.6146745686511403
23,29159,0.007044342159751921,0.8709945977066226
23,29161,0.004076052564039431,0.8489539090986166
23,29163,0.003025116702572051,1.9285949636325135
23,29165,0.010476170835152775,0.6028463023944638
23,29167,0.0036782749237215377,2.2562489368735137
23,29169,0.01051700232103315,1.1716694258624363
23,29175,0.0051167363900745,1.3415150768309072
23,29177,0.003038076917707303,2.3699696674460804
23,29181,0.0030160549853342927,2.3257724857854942
23,29183,0.03322455347167142,0.45099889904889906
23,29186,0.002843444461244273,2.482795327453005
23,29187,0.007441848633084685,1.1401568739224652
23,29189,0.033990839365696635,0.6245776450185966
23,29195,0.006630033648566361,1.225475298086516
23,29201,0.006365755931269887,1.352480712183235
23,29207,0.006081817846199973,1.3792650719195547
23,29209,0.004289732165485742,1.1882112742962359
23,29213,0.003917303206338631,0.9952991268199357
23,29215,0.004338522745280388,2.191557689907607
23,29217,0.004740897294003973,1.6620525885462043
23,29221,0.005384311806317941,1.4318836353517332
23,29219,0.004161728653792301,1.7432703208908955
23,29223,0.0032211227894227462,2.3870704259358804
23,29225,0.006932969894687842,1.1005412091155984
23,29229,0.002919724798032493,2.2506274266471196
23,29510,0.04860228592791535,0.5838064385887906
23,30003,0.008023513052469839,1.604033632662208
23,30005,0.00470181686997285,2.1703027719084984
23,30009,0.003991158158546492,1.5562770377825905
23,30013,0.005579257157437816,0.6369998699632834
23,30017,0.00455769408513222,1.427389887425208
23,30029,0.006675683820701382,0.8952661747470578
23,30031,0.0105999979445822,0.6643059719153146
23,30035,0.0015605855008094514,1.8414095461870716
23,30041,0.0033117462452501457,1.5709678972644077
23,30047,0.0032377040154098016,1.263495907870477
23,30049,0.00575325966434098,0.7567144458433963
23,30053,0.002905645185724454,1.3945852735627768
23,30063,0.012566419371922318,0.6790931307751399
23,30067,0.0017143055437617565,2.3190200222607857
23,30081,0.004533798112374102,0.9374674072331648
23,30087,0.0021626268352878146,2.8574341050841636
23,30083,0.002962014821844999,2.844064649060221
23,30093,0.0046132479981889525,1.1895331003897935
23,30111,0.014535034733192752,0.6382762541626079
23,31001,0.0044332721522623705,0.7970173689168374
23,31019,0.007326264354533551,0.9414979484749046
23,31025,0.005936624822284829,1.7079823555321576
23,31041,0.0027989034423809944,2.5161663822302742
23,31043,0.0026592906805886934,2.7524755000920726
23,31053,0.004979644346051392,1.2747947244371223
23,31047,0.0038857724507797677,1.9272702176656415
23,31055,0.0430712274066957,0.6966405279806167
23,31067,0.004122977801745122,1.2028050649743809
23,31079,0.009558854004522143,0.672216969019989
23,31089,0.0024593528381739727,2.425881040256546
23,31109,0.030906022168116287,0.5412660783353221
23,31111,0.004206794732240047,1.2152799800191418
23,31119,0.005068001391549961,0.9660415382611092
23,31131,0.0033691706276888045,2.5214866708524335
23,31151,0.0026857751121170683,2.149763723800288
23,31141,0.0058101769587245505,1.2015477653153157
23,31155,0.0035597832354688492,1.7023318530999692
23,31153,0.03183351939374421,0.5055224672663162
23,31157,0.005726378148214708,0.8325104149827708
23,31159,0.002782067166094289,2.797704342196504
23,31185,0.0018813639386722203,2.548077646765385
23,31177,0.0038756730731133297,1.9025632088646505
23,32001,0.0037564012783510687,1.337230283166258
23,32003,0.04925495988209126,0.5393568262917301
23,32005,0.008016484033854666,0.9356126385187735
23,32007,0.01333897926333227,1.0481897555732074
23,32013,0.002409397594589831,3.365600719104747
23,32019,0.004192465700886704,1.195806314073781
23,32023,0.0036819417169934505,1.391785793993759
23,32031,0.029352776313028982,0.45265458780088524
23,32510,0.004615683293885702,0.766414654242373
23,33001,0.005105182716535083,0.6751488065391752
23,33003,0.0057949953866487346,0.9155077116050172
23,33005,0.006012723656927848,0.8196833434372898
23,33007,0.0068368918866280525,1.2049688951212607
23,33009,0.007031869140101609,0.8592782608492702
23,33011,0.02195828120654857,0.5824638253863978
23,33013,0.01057842154337628,0.5822364584281005
23,33015,0.02045718567841469,0.7202705868597794
23,33017,0.008391896012272054,0.7317271304497592
23,33019,0.002697535872802014,0.9144727917636342
23,34001,0.016772892907930086,0.6804589418759357
23,34003,0.04238424897603899,0.5375658983697605
23,34005,0.02578480692117571,0.4552232249262144
23,34007,0.029200294301251355,0.6394469535668769
23,34009,0.01305597440045714,0.7024062942596871
23,34011,0.023164658958018003,0.5083499718763116
23,34013,0.05736936463446874,0.6854263772020666
23,34015,0.021379891012278676,0.49090402071203404
23,34017,0.07729501011197877,0.522748997185985
23,01001,0.007815411582353129,0.8545540359122237
23,01003,0.012781454323414442,0.6319026903442192
23,01005,0.0073289402071052305,1.12403240627827
23,01007,0.0030824697089252727,2.567860121819561
23,01009,0.00900449493340582,1.2081512003460224
23,01013,0.006711246017629564,0.993373342401233
23,01015,0.013713885671909561,0.6034152718708943
23,01017,0.0059179532493436405,1.3357920920841606
23,01019,0.00595991245815904,1.2711422506972778
23,01021,0.007335164538432256,0.9716551880571686
23,01023,0.0028442047052705055,2.4278648785085983
23,01025,0.00984586507475986,1.177986588501487
23,01027,0.0030164601477983516,2.18596789728604
23,01029,0.002972661174903747,2.305533086777719
23,01031,0.00806191586808915,0.9073147064103746
23,01033,0.006469453329486253,0.8511397602728766
23,01035,0.003815316616312898,1.5505863653922434
23,01039,0.008339185783516705,0.8326068585154576
23,01041,0.006753638658678955,1.288634241485882
23,01043,0.011705380815578885,0.7595099496511822
23,01045,0.007784228996393356,0.7391667737456811
23,01047,0.009797854112055868,0.7480730526269374
23,01049,0.010923495035459491,0.8409039376329996
23,01051,0.008748424339578006,0.8842440581757347
23,01053,0.006302317309450703,1.2409269234433509
23,01055,0.014377593086718566,0.5648968571456081
23,01057,0.00402251443625346,1.7692593801711056
23,01059,0.006039582992269817,1.0467145919650362
23,01061,0.006071494021816279,1.4420077401409015
23,01065,0.005405429021110555,1.5532281706160802
23,01067,0.003855776789082684,1.3567072930611517
23,01069,0.015087699716437948,0.6249891798911615
23,01071,0.008341591809608034,0.9547988846521563
23,01073,0.03253492346545461,0.43925659104736275
23,01077,0.008010748622778676,0.6049598937820649
23,01079,0.0070855722344308385,0.9669690352005778
23,01081,0.02213936813915444,0.9278181268288287
23,01083,0.009482956827895567,0.7767901583516308
23,01085,0.003859898382694319,2.2091978227569933
23,01087,0.012096328674565317,0.8572391505772146
23,01089,0.019812204048083978,0.5282420429988308
23,01091,0.0040453431384447945,1.1765998214817917
23,01093,0.0057441465275777,1.1548486838616179
23,01095,0.012924898705711816,0.7646344522563633
23,01097,0.02876054976010255,0.5401272423387788
23,01099,0.005801846862116569,1.125206519635484
23,01101,0.027271576813315542,0.5259380769743655
23,01103,0.01199766235354718,0.7022483214329029
23,01107,0.004511993602716676,1.6626258979773154
23,01109,0.0044909358757241,0.9208856080908728
23,01113,0.006991776902035644,0.809176139489642
23,01111,0.004858147118592067,1.2742279531927319
23,01115,0.009682046762789867,0.798868608934469
23,01117,0.019336972148093923,0.5290025067326644
23,01119,0.0026911101987881648,2.6948644748104122
23,01121,0.01183596893160649,0.7545504976501162
23,01123,0.005850901999882198,0.8873278432045714
23,01125,0.024220449365284148,0.5008324813876099
23,01127,0.012831505793851157,0.6625032466560146
23,01129,0.004550539544115949,1.6150484863678907
23,01131,0.0026035612290319257,2.5697176477439827
23,01133,0.004663277040637076,1.399602487079652
23,04001,0.019704082747883014,1.416096679220118
23,04003,0.010775018499403138,0.7708479329007007
23,04005,0.014958612698040902,0.7584823707240109
23,04007,0.010182057754154643,0.9679359145237503
23,04009,0.007802237749157278,1.101462744481103
23,04012,0.011104850961234453,1.2651036412448249
23,04013,0.0457420324089355,0.5319884128932908
23,04015,0.020952867519814795,0.6357275402458419
23,04017,0.023154941713612834,1.2016278815603387
23,04021,0.03687356925397904,0.8623710141657952
23,04023,0.007431159507423787,0.9318194235447124
23,04025,0.018994643499778877,0.6327422450516275
23,04027,0.039545304569245904,0.8619564508432551
23,05001,0.005640431339171797,1.273828407791764
23,05005,0.007034779666096527,0.7950923106085003
23,05003,0.004605611774217743,1.19641776362073
23,05007,0.02913012353243429,0.5376509038690821
23,05009,0.00587987491268749,1.1730692423007394
23,05011,0.00504845077991283,1.7488760704879929
23,05015,0.002514553265322414,2.833102004853961
23,05017,0.0031891405592561427,2.875746840079866
23,05019,0.0034544114575308545,1.6210828663726888
23,05021,0.005139601014698503,2.197598670502858
23,05023,0.004341566526395156,1.1013224233834726
23,05027,0.003222839148702694,2.241646474969626
23,05029,0.003436870830778557,1.3635141008642935
23,05031,0.01630102159648129,0.6940896201679344
23,05033,0.006900305216728928,1.0079115805507695
23,05037,0.004397354894198454,1.45803638652646
23,05035,0.017061685635477702,0.7148682515794744
23,05041,0.003465571875756755,2.1082494346320764
23,05043,0.003074301934800413,1.8142230094281966
23,05045,0.01687469112789934,0.7388737071622504
23,05053,0.0033594650517775352,3.476976566306314
23,05051,0.0075659082386713055,0.6348819119207901
23,05055,0.005184656162612323,0.9937251898986154
23,05057,0.003847758669710242,1.5912169673249104
23,05059,0.004384410495030217,1.0956853326846199
23,05063,0.005071992318450926,1.2001433626689229
23,05065,0.0027099735535833763,2.267644720078508
23,05067,0.003920953982112854,1.6152968580000362
23,05069,0.013355662831387267,0.6527682568383079
23,05075,0.004302368017029476,1.637820381893402
23,05071,0.004729024533097477,1.2360166977246059
23,05077,0.002809398599091991,2.44066767296955
23,05079,0.0020716365852877193,2.467875951267763
23,05083,0.005650451946612906,2.5084102097572503
23,05081,0.0027611892584393123,2.5328831071847744
23,05085,0.011575908401494675,0.8672094897609169
23,05087,0.0032923149765907763,2.385764598941294
23,05089,0.0028803450787973917,2.416019404649121
23,05091,0.005837547359898106,0.7908767230484677
23,05093,0.008127165913987992,0.9911534030496617
23,05103,0.0038638347070493106,1.2084306044084985
23,05107,0.004595194914015292,1.3300985346109382
23,05111,0.005473468617580686,1.5945725289946933
23,05113,0.0038151448736246864,1.12257925737367
23,05115,0.006169369296493069,0.8772621209785865
23,05121,0.0021154329162432653,2.325114900075398
23,05119,0.026933480589627263,0.43638643690770357
23,05123,0.0038782598816695345,1.5632478263198062
23,05125,0.014717048011819962,0.624369646733853
23,05131,0.014111519081282399,0.6552636083024209
23,05135,0.0025461624134257514,2.4333976453034776
23,05133,0.003308325102276215,2.5930806136184557
23,05139,0.006630758173197525,0.90300665663878
23,05141,0.003663965518171401,1.582738523624506
23,05143,0.02664299586225566,0.6907083915389611
23,05145,0.008182320294303928,0.7668986675461527
23,05149,0.005295484364684051,1.3918285189393664
23,06001,0.0492814755912184,0.7860497850106996
23,06005,0.0037801443222778078,1.081734782253807
23,06007,0.020067492842011946,0.7900495530423012
23,06009,0.005472007157706307,0.9848414855850601
23,06011,0.005249416298256052,1.7148127400878501
23,06013,0.04110010112899761,0.6769203171610001
23,06015,0.003866891241270725,1.3191851339134035
23,06017,0.01264337717145496,1.0328647060243925
23,06019,0.0724926613006193,0.4881281946092597
23,06021,0.004246154909066286,2.401712587005401
23,06023,0.011550360232508381,0.5809838062278184
23,06025,0.029223068405110908,0.796828465457653
23,06027,0.0036472780113735704,2.2142461274542296
23,06029,0.07078188870168246,0.4786258082904437
23,06031,0.030605811127554724,0.9820967330885924
23,06033,0.007429217095262759,0.7947399022645363
23,06035,0.004750452100708172,0.9359443593336291
23,06039,0.02145617970411454,1.2736090913601688
23,06041,0.021701628194699826,0.5170857159196518
23,06043,0.0028093702832705453,1.1693817942110996
23,06045,0.008415545045711624,1.0981225243037027
23,06047,0.043570010814818386,0.5528142967885981
23,06049,0.002877448818540352,2.458655967518812
23,06053,0.04251243387070472,0.9801895686270001
23,06055,0.013397259528456648,0.6400577093435372
23,06057,0.00880152347351813,1.3532569337189175
23,06059,0.05191072026589905,0.5732512583420503
23,06061,0.028800883542716163,0.590782881974176
23,06063,0.0038204621897921127,1.3922902400326422
23,06065,0.06155429209302898,0.6875637728464999
23,06067,0.04797518922242243,0.4887123879890664
23,06069,0.010633807621821739,0.8495828258176205
23,06071,0.07501149792655988,0.5231418450723256
23,06073,0.04383392184939906,0.48369851869471614
23,06075,0.07631954787278844,0.7302446369006386
23,06077,0.059102309409544924,0.5249990165660675
23,06079,0.019094776551693043,0.7590466658252681
23,06081,0.038866112212413095,0.550888897868072
23,06083,0.03170607573194945,1.3121024551671774
23,06085,0.0623173173556368,0.6096076283015737
23,06087,0.021309781698865955,1.1812370458005872
23,06089,0.012590725775308183,0.5307817738482532
23,06093,0.0067836284534194685,0.8509933887813566
23,06095,0.03316231285258814,0.5612289718667671
23,06097,0.02340447201218961,0.4810098546842827
23,06099,0.05381175148989311,0.5195865158064527
23,06101,0.015466473327010462,0.6957109621496217
23,06103,0.007557866921446855,1.1071039113081065
23,06105,0.003650232316407202,2.172672474121934
23,06107,0.06607021744524769,0.5036885872274067
23,06109,0.00531930493023825,0.9389846794628455
23,06111,0.04226379414949828,0.6460003375412924
23,06113,0.025606553492206877,1.1724091110745192
23,06115,0.013739050796330681,0.8686170389565309
23,08001,0.05853218120104377,0.5028734374906548
23,08003,0.0015137105432621288,2.559291945038506
23,08005,0.04246377304485142,0.628273446388727
23,08007,0.0024574147527754676,2.4686169976379784
23,08013,0.027508303246954652,0.9304143419633772
23,08014,0.01437010021900671,0.6745653373206442
23,08015,0.003486405530423838,2.4171490219925444
23,08029,0.004874506572708275,1.1438060732837332
23,08031,0.06407013403781904,0.5452987329894385
23,08035,0.04662966557060312,0.5258268697164434
23,08039,0.006161369793339903,1.060378557686739
23,08037,0.012378826190637968,0.8589149829697192
23,08041,0.04271834162599028,0.5606527540316403
23,08043,0.00630865003589371,0.9898883818040078
23,08045,0.009128912931285047,1.339078376391868
23,08051,0.0012547423505440017,2.508658769667003
23,08059,0.02669502535392623,0.4639237761663358
23,08067,0.004722495196267398,0.9887629684816591
23,08069,0.021808899717969413,0.6226459850136518
23,08071,0.004316692182812679,1.543209500486445
23,08075,0.003376892297349942,1.233614624474018
23,08077,0.010177393430269497,0.622102789660507
23,08081,0.00249427465294741,2.4492452537569736
23,08083,0.003259744766355344,1.7192441643979535
23,08085,0.004419156454581514,0.8308229863508547
23,08087,0.0041553767406112265,1.5064290339243562
23,08089,0.004643880076171959,1.2615790102521738
23,08093,0.002796659305710028,1.7442287981717222
23,08097,0.0018846563054625261,2.781346585227031
23,08099,0.004043921079729724,2.614344014643854
23,08101,0.018490835498849324,0.43654515254445286
23,08107,0.005537258735040383,1.0820836911965224
23,08113,0.004184353365832551,2.1121360168071126
23,08119,0.0041517629176702755,1.4174648298567298
23,08117,0.007153331450839352,1.6092573530593168
23,08123,0.03346251899934189,0.6421646156043276
23,09001,0.03835603718087303,0.6412183715268267
23,09003,0.028901197943042755,0.577959771658244
23,09005,0.012185423450065775,0.46306521519414245
23,09007,0.009972600362491504,0.6498074243494723
23,09009,0.030008663451900647,0.5402047347418184
23,09011,0.012447288552219592,0.4677124306829768
23,09015,0.007833420346740772,0.8717183509960322
23,09013,0.012280372440353833,0.6150428953600984
23,10001,0.013571771339106068,0.5417734258436228
23,10003,0.02902859849359556,0.6128624313165097
23,10005,0.021726789730902647,1.2116267248754085
23,11001,0.07606925748197858,0.6257415280155206
23,12001,0.03283426565559484,0.6471307648479224
23,12003,0.004406253830095449,2.2305602799284396
23,12005,0.014001077618759234,0.5367354319688886
23,12007,0.004126272246365486,2.199271481895158
23,12009,0.023688041357304384,0.4347564690977068
23,12011,0.04699141124092635,0.47975798876057246
23,12015,0.035218616690904765,0.6196036425953131
23,12017,0.020804153860529268,0.6464164834197654
23,12019,0.015503172536579832,0.5665384565628961
23,12021,0.046719534971325825,0.7324527156311607
23,12023,0.007825337906166404,0.8091929445786114
23,12027,0.006440936850714819,1.154866358657717
23,12031,0.039616841517303256,0.4898512453399351
23,12033,0.020294053186994006,0.4755795496825808
23,12035,0.012502212195289587,0.772039034134811
23,12037,0.001782325326074309,3.366488046204488
23,12041,0.0023622288516067817,1.6955280745783796
23,12039,0.00698866532121702,1.031412828400845
23,12049,0.006628003407498113,1.4520557566236965
23,12051,0.006494690202249641,1.6556190669129756
23,12053,0.020489393499091946,0.6577353964012004
23,12055,0.02063630134988387,0.6088962792072312
