src_state,tar_geoid,mi_shift,moran_shift
26,34019,0.002150210594292738,0.7151948879348552
26,34021,0.002562001214354426,0.48822758909775754
26,34023,0.005527323254089054,0.3485048710124937
26,34025,0.0034754009167747998,0.2754121552093432
26,34027,0.005598092949693447,0.3366780452856043
26,34029,0.007350442690340002,0.4955234387791443
26,34031,0.004785634957783697,0.46892403421832374
26,34033,0.0008730830041066948,0.9492945123821168
26,34035,0.003334947787333453,0.31633149065504523
26,34037,0.0018851854894978396,0.4033520737052228
26,34039,0.004779796895375839,0.4546108851759422
26,34041,0.0013543337713031423,0.7080665133328967
26,35001,0.004365798314013247,0.3934453435508303
26,35005,0.0007742746216334607,0.6356819231580536
26,35006,0.0005996459567938382,1.8422369218315227
26,35009,0.0007331977317011751,0.7843954176197672
26,35013,0.0024684756293685143,0.6596600107192112
26,35015,0.0007729826376506639,1.0969518473740592
26,35017,0.0006590737324675851,1.3406769259522624
26,35025,0.001588752305873074,0.7502290748252897
26,35027,0.00044267983873868676,2.5415513365692624
26,35029,0.00046460381731643655,1.2519688283782644
26,35028,0.0003809725644756102,1.9088893306686088
26,35031,0.002057112689231707,0.9041529034778122
26,35035,0.000598556290068611,0.6695238276635436
26,35039,0.0008463045944297896,0.9619288748890317
26,35041,0.00040422868526806546,1.7237475838305747
26,35043,0.0010019635077365776,0.4909915178248371
26,35047,0.000675802186278811,1.1456968988270664
26,35045,0.0017515365143315593,0.5912440188904752
26,35049,0.002805405293530016,0.5149909220974629
26,35051,0.0005617744387930126,2.3275009156910427
26,35053,0.00048636685771526113,1.3648039917585066
26,35057,0.00020256247054273484,1.612864714278953
26,35055,0.0005326367663250915,1.2567921272798308
26,35061,0.0010458343354693574,0.6773671468717112
26,36001,0.0029423914521302494,0.4099886416588803
26,36003,0.0010450858460164354,0.6322946879996737
26,36005,0.02028136678779052,0.3633966341360021
26,36007,0.0016796821385137064,0.33695340986822964
26,36009,0.0010280331370501022,0.7177446660980772
26,36011,0.0012625193155895852,0.8440997243272876
26,36015,0.0007768382681527068,0.6284119866528489
26,36013,0.0017019173056584016,0.683080684152634
26,36017,0.0011286080922821569,1.4198491492995025
26,36019,0.0009851254645020905,0.9873172886599688
26,36021,0.0015457789674261512,0.8205873076263321
26,36023,0.0005515088779520842,0.9444927356345033
26,36025,0.0011737649710782919,1.3327437273442517
26,36027,0.0020605469515856817,0.40843816475725664
26,36029,0.003691743296724944,0.2847715386573085
26,36033,0.0009197880597080649,0.9094721184559226
26,36031,0.000996705342182039,0.8539891815143208
26,36035,0.000829486376953491,0.8988244328757936
26,36037,0.0008437973169633532,0.7893425545600533
26,36039,0.0008593801068513343,0.9795848520643521
26,36041,0.0006650437738021941,1.3021842924044242
26,36043,0.0011825152623119518,0.7257976698726182
26,36045,0.0016793799068806417,0.5675418656616349
26,36047,0.02937393988704779,0.3965482259311945
26,36049,0.0007895674315498089,1.188586151345932
26,36051,0.00047384430662941626,1.0207956541280097
26,36055,0.0029465450669939877,0.3483481082632421
26,36057,0.0007424239742641055,0.9587135514988799
26,36059,0.011498485638878654,0.23004007328670983
26,36061,0.0348862078416988,0.5315780479562136
26,36063,0.0012196992217152877,0.4639411808388032
26,36067,0.002662073306300412,0.3298382828260537
26,36069,0.0009567421170535482,0.6290724551292515
26,36071,0.0035447059861614854,0.6659746173967851
26,36073,0.0005156853076047659,1.614781767160596
26,36075,0.0013605930760199375,0.6777430118582369
26,36077,0.0010250296715557505,1.4664104589939144
26,36079,0.0016761427949661006,0.6869951760927377
26,36081,0.020890696539280176,0.3434333803189153
26,36083,0.0011255906232978904,0.6661679043633371
26,36085,0.003885406757984251,0.3214915865604545
26,36087,0.0037143420062620692,0.6325297679129569
26,36089,0.001191911823132445,0.8641621277091825
26,36091,0.0019802061855414685,0.4527885750333272
26,36093,0.0013966269436917584,0.36160207053944504
26,36095,0.0007195581916531044,1.1987948101864836
26,36097,0.0004290104374711893,1.0400697951821887
26,36099,0.0008230261970960416,0.9772219266308141
26,36101,0.001471644616069611,0.7932554047628723
26,36103,0.009522980452846176,0.3175391316899558
26,36105,0.0008700979342570594,0.5262318184560935
26,36107,0.0007022263250424519,0.8130155040782766
26,36109,0.0018930468239395269,0.6717779917807225
26,36111,0.0016044701961679727,0.49239414253999575
26,36113,0.0010189310162788767,0.8660497245919857
26,36115,0.0010447835459336217,0.882583087556106
26,36117,0.0010247902461954248,0.6913523565852593
26,36119,0.00546594727989667,0.2946748501461485
26,36121,0.0007815162378664855,0.804346742519139
26,36123,0.0006536352052518704,1.1034114263726498
26,37001,0.0014625732223759896,0.4658699050075666
26,37003,0.0006979500503848521,0.9367648147894805
26,37007,0.00048448072058741333,1.0992877969029602
26,37009,0.0006420181285588433,1.1763117207549172
26,37011,0.0005430391518590754,1.0439941411884692
26,37013,0.0007120062404378884,0.8500209945648721
26,37015,0.0003311275002357661,1.6630881900250656
26,37017,0.0007535651191113668,1.1306438992671137
26,37019,0.0029412111251165365,0.7263143994893118
26,37021,0.002261326141398321,0.323693918711285
26,37023,0.0013590441909296916,0.6011045506023542
26,37025,0.0015066345412658654,0.43123207908744626
26,37027,0.0011343730545285862,0.6829171263681981
26,37031,0.003156157114857956,0.45661583944113004
26,37033,0.00048460718045992344,0.9745732002124365
26,37035,0.0016446790274119473,0.508161071096679
26,37037,0.0008448189965052883,1.2121641000868506
26,37039,0.0007071255412214452,1.3303607372805537
26,37047,0.001011331492748877,0.7431784682655589
26,37045,0.0012793061584446637,0.5963592305176244
26,37049,0.0008672406845024525,0.8302715861324348
26,37051,0.004900076870269884,0.6047833981602979
26,37053,0.00021847921555017907,1.0241766270806663
26,37055,0.0007498933463342126,1.5396515783772562
26,37059,0.0006259872424820252,1.1280533877798509
26,37057,0.0017721997785806979,0.4568235698665146
26,37061,0.0009496768968982756,0.7892937928936592
26,37063,0.003454420955077824,0.2768883727843774
26,37065,0.00105659164510496,0.9677114818198729
26,37069,0.000744218045777637,0.8284643574531256
26,37067,0.001363823372682689,0.27481414602943754
26,37071,0.0024514066914028392,0.39854609152314013
26,37077,0.0007446462047093277,0.8548924720974086
26,37079,0.0003586446319486037,1.3611003380882614
26,37081,0.0019085061285284098,0.2765412413438935
26,37083,0.0010704242377168173,1.0414879899536686
26,37085,0.001609599980201979,0.8524935340041216
26,37087,0.0009098294653594514,0.6529780561065757
26,37089,0.0014511247023295715,0.4566002124513914
26,37091,0.00032466121105238766,1.1907449676537263
26,37093,0.0007294610162041542,0.8094743229906938
26,37097,0.0014759291005387056,0.49834409722633405
26,37099,0.0005330641269452474,0.8951115633794462
26,37101,0.003058921778218622,0.5448575804648945
26,37105,0.000756465499402819,0.7985017187728808
26,37107,0.0007033026996297238,0.7840293136647054
26,37109,0.0011423513623599834,0.8647440423353747
26,37111,0.0009640737681450671,0.8449543659081177
26,37113,0.0010934490423062178,0.985865962586045
26,37115,0.0005236354668922516,1.197004077637825
26,37117,0.000500854472182573,1.2429844278945201
26,37119,0.00869729324608363,0.25676715364432257
26,37123,0.00033266883841615323,1.28837346321018
26,37121,0.00038195189060324887,1.8072916682762836
26,37125,0.001201832266177183,0.6893630959424918
26,37127,0.0011876554006419403,0.6824439707635518
26,37129,0.0014882547934101159,0.3632942856839699
26,37131,0.0005731547228549649,1.559998831740128
26,37133,0.004425306658096341,0.45822768242283507
26,37137,0.0003326511504404974,1.6014577910693584
26,37135,0.0019727168669719194,0.5190754052789864
26,37139,0.00043661537424494743,1.0188288922359483
26,37141,0.0005619830564721975,0.9805031160678451
26,37145,0.0004645601590848596,1.2043354930672046
26,37147,0.0014852865012234572,0.4049642604682555
26,37149,0.0006557329645602938,1.198777921907126
26,37151,0.0018806447868251958,0.5964953508563726
26,37155,0.0023393689403532346,0.560080674951837
26,37153,0.0009591934922524952,0.7328869570380574
26,37157,0.0012065220815240588,0.6778100612207885
26,37159,0.0013457478228442396,0.5465407273296957
26,37161,0.0007746425843090639,0.7771471292882718
26,37163,0.0013844349172991359,0.7487963144662964
26,37165,0.0006824601575764706,1.0445991866045035
26,37167,0.0012342133685721386,0.7111510618782269
26,37169,0.0008218141434044262,1.0808311469521406
26,37171,0.0012309322530270643,0.7495269878787701
26,37175,0.0005856938822549331,0.9876561129799621
26,37173,0.00013411016458510366,0.9475544040334737
26,37179,0.00319666240001073,0.5079475440842469
26,37181,0.0005409248226499595,0.7487360244539242
26,37183,0.010296324389920605,0.3357451470112809
26,37185,0.0005699093301508006,1.4815826048771998
26,37189,0.0008961799780603925,0.696520132656268
26,37191,0.0014037105824228728,0.4840059879701915
26,37193,0.0012066592211539596,0.6621364235000947
26,37195,0.0008835523425572263,0.635157577420484
26,37199,0.0005117970478369587,1.2008405111423113
26,37197,0.0007908130240633535,1.081327206654459
26,38003,0.00023030371752898914,2.182375772141916
26,38005,0.0005270616810339345,1.5890926555648546
26,38015,0.0013013817509179518,0.604537050825053
26,38017,0.00162302314916789,0.40955677495372267
26,38035,0.0008945092781892652,0.6486762765771096
26,38053,0.00031658083832406637,1.9962316973148682
26,38059,0.0004107067494687181,1.687175318827554
26,38067,0.001143406187000108,1.175566134678355
26,38077,0.0005347486081208446,1.8775783498641894
26,38079,0.0003658046245593365,1.4682065179711357
26,38089,0.0005613221204568999,1.0165317934930806
26,38097,0.00043030713210439274,1.6762060386562379
26,38093,0.00035832590174927524,1.3741471132625755
26,38099,0.0007713399994884067,2.075824356884515
26,38101,0.0008201824483202571,0.7041110289050857
26,39001,0.0006458955885002713,1.0456853394316887
26,38105,0.0004241288790755247,1.294036547347506
26,39003,0.0013338842834772703,0.3600003835544455
26,39005,0.0007285685834553217,0.7174762181384012
26,39007,0.001349346888112533,0.8119400652904485
26,39011,0.000797567703570796,1.3658616455181134
26,39009,0.0011161856502482413,0.933124734358404
26,39013,0.0009393288580370906,0.7218882901613922
26,39015,0.0007463805467118012,1.026589694315561
26,39017,0.0018418193088460399,0.533192054021048
26,39019,0.0005827357689066217,1.0387245670044818
26,39021,0.0005291355642763677,0.9639973840197587
26,39023,0.0015363213276796625,0.3616814924477568
26,39025,0.0015830128782200123,0.514447445394283
26,39029,0.001300896832504963,0.7924952287644341
26,39027,0.0006704058997625799,1.2468276460413932
26,39031,0.0005838739296589006,0.8675166609949393
26,39033,0.0007581460716295342,0.894167138332806
26,39035,0.006254043056050781,0.17459690890454682
26,39037,0.0009684191349947693,0.9874611295640077
26,39039,0.0008432895280176549,1.0789331284483834
26,39041,0.0031059698108565144,0.5030876941462885
26,39043,0.0006082429426384242,0.6670495522213452
26,39045,0.00127503073865752,0.7012849360049721
26,39047,0.0007798830610263068,1.0257201095492217
26,39049,0.008565465038828064,0.3116330725291746
26,39051,0.0008715806266295632,0.9542232036728584
26,39053,0.0005681281409217635,1.0499105966768538
26,39055,0.0010841361478493323,0.691498783926674
26,39057,0.0013409604134218785,0.4489884969127022
26,39059,0.0009218499510914919,0.9046116769737248
26,39061,0.004411760999653429,0.28469601116886006
26,39065,0.0006085618728542488,1.2841203318478793
26,39063,0.0013125134498198489,0.707025296163384
26,39067,0.00047439945171161703,1.9209262323131313
26,39069,0.0006134034702247062,1.245756374834219
26,39071,0.0008277051428634094,0.8557021547406795
26,39075,0.0012071771495568283,1.2053487965243845
26,39073,0.0007317827264174264,0.9868583252804082
26,39077,0.001018700307853707,0.8554166526616507
26,39079,0.000739810275093194,1.0891103463146852
26,39081,0.0011334501603654918,0.7355096462475824
26,39083,0.0007811585444399178,0.8058124971075175
26,39085,0.0015041720081625215,0.39007841529583337
26,39087,0.0007463068003561615,0.896499866445055
26,39089,0.0017033019998722106,0.5307486183237008
26,39091,0.000559773077425658,1.2741188378675252
26,39093,0.001650971382801638,0.3417537613736615
26,39095,0.0019124270557583528,0.2979995717685218
26,39097,0.0006773849988409804,0.8024532783537836
26,39099,0.002024606858391368,0.26367035770773106
26,39101,0.0007091380183913505,0.5685731246813502
26,39103,0.0016551653137644342,0.5223377280431183
26,39105,0.0007485676429738093,1.0261217669536575
26,39107,0.0006605520244497882,0.9313181982686309
26,39109,0.001075938727894345,0.7087765100250588
26,39111,0.00042553259204977976,1.7285828926245808
26,39113,0.002046281457856708,0.2640769888418605
26,39115,0.0003953237019902085,1.4377802470254808
26,39117,0.0007756985721106309,1.211417972592374
26,39119,0.0011675616597696217,0.6192716865936039
26,39125,0.0006517484084227925,1.1328200403171167
26,39123,0.0011154175766154002,1.4723420003160133
26,39127,0.0007380017412990815,1.136700807339589
26,39129,0.0006560153095407811,1.0628161755853907
26,39131,0.0006548863650696373,1.04221687039081
26,39133,0.0011894116019805826,0.7975603804193241
26,39135,0.0008218852394171478,1.0764504864133988
26,39137,0.0010343282087404413,0.9808807926044896
26,39139,0.0014146588365944518,0.45824351843911865
26,39141,0.0010897802938126752,0.6977177872992003
26,39143,0.0009121918483388727,0.7914669200177237
26,39145,0.0009134061742559519,0.7424238224587953
26,39147,0.0013278897469083124,0.9419342492531056
26,39149,0.0011142760972889154,1.0296741982892264
26,39151,0.0022356242996766744,0.30116172298394595
26,39153,0.0021010945652260534,0.29994152450495987
26,39155,0.00182116918908413,0.3830340206953348
26,39157,0.0013480059695100532,0.6195186888428047
26,39159,0.0005265077726879985,0.8283015512690148
26,39161,0.0005914346160707005,0.9558481133077757
26,39165,0.002556318409552472,0.5139866527537443
26,39167,0.0009657674176312967,0.7609466786024963
26,39169,0.0007949738749548341,0.6266925167162307
26,39171,0.0008800250660840942,1.1023456467746107
26,39173,0.0014233832658896244,0.8463966250305444
26,39175,0.000533585720332977,1.189770979875939
26,40001,0.0007246525393818254,1.695740000907623
26,40005,0.00030633305246712737,1.2952241691407436
26,40009,0.00024092703453310431,1.9917695508273643
26,40011,0.000747501069535323,2.978891812140141
26,40013,0.0006311122447459913,0.904944967218362
26,40015,0.0007561313260328593,1.0647335667506463
26,40017,0.0014946830856633934,0.6704185785229093
26,40019,0.0008600226942277302,1.0156117959836932
26,40021,0.0009493337959366559,0.9646844091598056
26,40023,0.0006713080575182105,1.6477149169421645
26,40027,0.0025332418099160607,0.42111103681678647
26,40031,0.001856184232342148,0.4818872841322024
26,40035,0.000477110342188225,1.462139037093399
26,40037,0.001600101995685521,0.6535862066697811
26,40039,0.00037326776372365413,1.658147892127559
26,40041,0.0009604896687917721,1.097328809999339
26,40047,0.0008413577701449424,0.7944907454003967
26,40049,0.000833335584603022,1.1385018655758357
26,40051,0.0006826889409703068,1.08825692224899
26,40061,0.00047394622277979623,1.4607253013258925
26,40063,0.0007509576443369989,1.6825593379785906
26,40065,0.000546821164277751,0.9038780276684321
26,40071,0.0007834639283653646,0.9942904758749981
26,40073,0.00039263880224563787,1.8566053827204545
26,40079,0.0013860875517698612,0.8580227642922676
26,40081,0.0009409505614048266,0.9327079968448748
26,40083,0.000501640388149829,1.1675466871328812
26,40087,0.0007262939946856184,0.9817338930284691
26,40091,0.0005779934855139388,1.802855356593423
26,40089,0.000892854990400234,1.1223871581370608
26,40095,0.0003489672997032375,3.2365801049017464
26,40097,0.0009544217077458934,1.7028524594791743
26,40103,0.00029159056176272005,1.8955111295417137
26,40101,0.0009299230681408191,0.7371705529273482
26,40105,0.0003794592013183379,3.2753440285264332
26,40107,0.00040999190829375543,1.844396592806695
26,40109,0.006298115789677723,0.2787306411994979
26,40111,0.0007974171161924208,0.9005150951065435
26,40113,0.0006747188083727609,0.8099620600366563
26,40115,0.0011314047943371524,1.1265539309473014
26,40117,0.0005435663982034888,3.212506088067852
26,40119,0.001710592279878683,1.0115003596987373
26,40121,0.0008851569264808125,0.8188451295305791
26,40123,0.0007377831274371574,0.8815138988993201
26,40125,0.0010565161349682525,0.646632321345483
26,40131,0.0014590368458040075,0.5810642157581327
26,40133,0.0009317877224362998,1.140103894676982
26,40135,0.000707352367893851,1.1737525485008304
26,40137,0.0007792781841593403,0.8700749371105494
26,40139,0.0004391092008899975,2.001734612501115
26,40141,0.0007318533402520566,1.6456310321980885
26,40143,0.004148246508579152,0.3377102558941696
26,40145,0.0012365940254751445,0.7180092243995694
26,40147,0.0006829773009123635,0.7303378437129914
26,40149,0.0003636624874173422,1.7637670617996444
26,40153,0.0004763176284776991,1.2808802016334633
26,41001,0.0007882056423656745,1.3325757245100358
26,41003,0.0015368377303455788,0.6546590826442263
26,41005,0.0037916765302545893,0.35740609034726495
26,41007,0.0009713355007020792,1.176060930252689
26,41009,0.0007108937863771178,1.1505312616126162
26,41011,0.0012071701926478463,0.9565229215000255
26,41013,0.0003051755383019651,1.5466824543082487
26,41015,0.0007441677210367019,1.339084003397897
26,41017,0.0023708659605907833,0.5770581323305164
26,41019,0.0018177872479606086,0.5963509881535131
26,41027,0.00028637812798826354,1.8026049965221749
26,41029,0.0020979065408727733,0.6344876962839162
26,41031,0.0002850967917470381,1.577941543269927
26,41033,0.0016274269607788638,0.793683737922275
26,41035,0.0008501170234739837,0.6459905357431764
26,41039,0.0033069407850794567,0.5378902304814758
26,41041,0.0017177508480439333,0.7652252529131534
26,41043,0.0014065598437488615,0.7583126660411474
26,41045,0.0003737812554241171,1.1087520243977047
26,41047,0.0027786051771341203,0.39851201131374975
26,41051,0.012172023565593841,0.6113407212422295
26,41053,0.0009309770079750976,1.1713107381574905
26,41057,0.0008093504156274702,0.9912261666228455
26,41059,0.0011122416485868127,1.0984180538324417
26,41061,0.0007009960035201346,1.0410372879848087
26,41065,0.00040563179165888053,1.1248008919039671
26,41067,0.006783445106338256,0.298829755617991
26,42001,0.001094285527023073,0.8295300744778928
26,41071,0.0012021687122879,0.8024767170062055
26,42003,0.009514055469547042,0.29850610344823
26,42005,0.0017331941609518928,0.6701976639474456
26,42007,0.002129628361274938,0.37910207523007416
26,42009,0.0014558761459858172,1.1605976152199695
26,42011,0.002374806691256496,0.5572448329741279
26,42013,0.0013626815289679247,0.5705869120180702
26,42015,0.001347192027364542,1.1224754546501619
26,42017,0.004080415039315344,0.24462803969448457
26,42019,0.0015253791138714599,0.7629532854643293
26,42021,0.0016865074721662508,0.6588510905196023
26,42025,0.001321725213586645,0.8641587837443242
26,42027,0.002273591935495878,0.9009951693545538
26,42029,0.003453793952328329,0.36852646797490435
26,42031,0.00115788659249456,0.7671896614717096
26,42035,0.0006197258860032611,1.3235723195009925
26,42033,0.0016653950391066542,0.9876501457500334
26,42037,0.0009655944213222842,0.9635798401429576
26,42039,0.0012921098151701478,0.6956799368860961
26,42041,0.0019067563992645527,0.4889283156378203
26,42043,0.0014773683708425977,0.38195771513667537
26,42045,0.0025340938025496013,0.2843765834038776
26,42047,0.0006613888513466402,0.89768392458449
26,42049,0.002284755047044065,0.3205022408765103
26,42051,0.001937674014309725,0.5523305963667006
26,42055,0.001648970153648066,0.573133870078197
26,42059,0.0008249589491266364,1.0581760608629958
26,42061,0.0012660308530648861,0.7967331755437732
26,42063,0.0008842313987169538,1.3223788808650192
26,42065,0.0011118462462553413,1.3358455806724499
26,42067,0.0005812986751522571,1.313247645199798
26,42069,0.0015383030807493258,0.40436429928448997
26,42071,0.004044514416955744,0.38484628512635455
26,42073,0.001087730310364856,0.5677352755183803
26,42075,0.001274759914347492,0.5487858416299026
26,42077,0.001930964398375622,0.5419169642683845
26,42081,0.0007585974021687414,0.4924039499697626
26,42079,0.002630196950351107,0.3732251172938613
26,42083,0.0008123117015009979,1.093114399341133
26,42085,0.0012760411949080792,0.6670063069580298
26,42087,0.0009047925085191563,1.1599526899335666
26,42089,0.0018776870778910038,0.494730719928305
26,42091,0.005569636553224568,0.24660711418690115
26,42093,0.00029768817554190073,2.5994234682520085
26,42095,0.0019283962951562508,0.39702844174944
26,42099,0.0013342030698624784,0.9517836127669437
26,42097,0.0014440779764703171,1.1196770453279787
26,42101,0.014516630948827504,0.4258274658219131
26,42103,0.0011907352934213721,0.8151352280946207
26,42105,0.0007261591439011092,1.0769575435869285
26,42107,0.002724876790989928,0.5960914322838884
26,42109,0.0006116608501204493,2.1537131973224186
26,42111,0.0018374355487980826,0.8556371909030249
26,42115,0.001393343467735662,0.7554958966239719
26,42117,0.0013210981612079115,0.8018922551020247
26,42119,0.00040721416187519953,1.1328752063165055
26,42121,0.0013511475164563866,0.8005054890789849
26,42123,0.001251256661359524,0.9899328237329091
26,42125,0.0020988355834721897,0.47918069608443625
26,42127,0.0009346083656743,0.7862578287748538
26,42129,0.0038243114559122723,0.32057659727818266
26,42131,0.000909622058929459,1.0395150995295082
26,42133,0.0028964060927526153,0.4695045576811299
26,44001,0.0007471720486144602,1.0546260389072593
26,44003,0.0017203449231425329,0.4669336850120338
26,44005,0.0008052184233649706,0.5861738714147114
26,44007,0.003663162098313446,0.2537362956489139
26,44009,0.0014903697736155684,0.5800702998395035
26,45001,0.0006038901973952422,1.1916240501680129
26,45003,0.0011129771911907475,0.46317157944797555
26,45007,0.001806950099447903,0.45982801892506464
26,45009,0.00023773279187030622,1.5017537528210028
26,45011,0.00036579914997577224,0.9146097470852116
26,45013,0.0030207898119118458,0.4941356443585691
26,45015,0.0016080994742048312,0.3897399484553346
26,45019,0.0036021245304526995,0.36239932525488083
26,45021,0.0008383638486258292,0.697062865571862
26,45023,0.0009152665857610065,0.9011267807073275
26,45027,0.0006340869833959226,0.9613501920058413
26,45025,0.0008218611699973632,0.9277534637421311
26,45029,0.0006040123645255016,0.8154019599174409
26,45031,0.0008975037679272295,0.7647867610196059
26,45033,0.0006417528250907854,1.0176088045036795
26,45035,0.0017931460786357277,0.5815249808279523
26,45037,0.0006415056605724032,1.2669203330257348
26,45039,0.0004898964622599913,1.0970400594559204
26,45043,0.0006019678844944083,0.9240045237822045
26,45041,0.0011123893574558027,0.4586477399864267
26,45045,0.003260633375366429,0.32226579919814047
26,45049,0.0004141641299918478,1.2480517147639805
26,45047,0.000699741396400013,0.7125533115303322
26,45053,0.00021957960829510541,1.252582287489561
26,45051,0.0023483002867633446,0.39210628405094816
26,45055,0.0008292226761244818,0.6412005241349549
26,45057,0.0009219057160087305,0.7164492141606525
26,45059,0.0010203119030388677,0.6787578923417324
26,45061,0.00042261986499314905,1.106884693446539
26,45063,0.001888836635239835,0.268580257776029
26,45067,0.0005741070102305858,0.8629743834777248
26,45069,0.000874932664890593,1.0598058126156285
26,45073,0.0010119527640600205,0.7096322137259617
26,45071,0.0006004784914425141,0.9059946862666657
26,45075,0.00120330579330879,0.6555035013385856
26,45077,0.0009916650723299342,0.6858782430642678
26,45079,0.0045665167743827815,0.29429415077930526
26,45081,0.00036517274485373986,1.0350761302331766
26,45083,0.002204547886406691,0.3734980144713923
26,45085,0.0014266441987705472,0.4872193141131517
26,45087,0.0008571961517092679,0.9297948302422095
26,45089,0.0008157125605308946,0.7856176175446207
26,45091,0.0017452361485166676,0.43816016207032943
26,46005,0.000513675764674532,1.1008975782464705
26,46011,0.0005247579174449101,1.3466624028458964
26,46013,0.0006894844192767322,1.2456297264920366
26,46029,0.0004208976857257559,1.1765327974309476
26,46035,0.00020304020590308504,1.832753264271717
26,46065,0.00025564118618051743,1.95462090897821
26,46081,0.00046090450635314885,1.133849596846705
26,46083,0.0006758603286298126,0.8233273080522999
26,46093,0.0003037413856460196,1.1597575377310496
26,46099,0.001966900186481711,0.4352243429194794
26,46103,0.0009900233582012712,0.5093872238029895
26,46109,0.00039239069068835374,1.2771184831416424
26,46135,0.00023986937831907822,1.3391681476179078
26,47001,0.0007139726420831225,0.7793457990641881
26,47005,0.0005724010467855552,1.3867845500767684
26,47003,0.000701188390116539,0.7542129617929522
26,47009,0.0009610774488077223,0.49349657346441156
26,47011,0.0012397204037866802,0.6240860874920825
26,47013,0.0009094605681238903,0.7847228974907452
26,47017,0.0005159090945070932,1.0051807769550107
26,47019,0.0010565702919155067,0.6471330177617987
26,47021,0.0006568359090997838,1.042286953121382
26,47025,0.0006562431742867978,0.8720319901477519
26,47029,0.0006813591749151859,0.8353414112922011
26,47031,0.0006464974424587671,0.8128459135016141
26,47035,0.0008472194106788136,0.6792843205645485
26,47033,0.0005480040281899416,1.323760311650285
26,47037,0.005139979699768508,0.30138551280321374
26,47039,0.0004427786796686101,1.752988785510277
26,47043,0.0010023443820251353,0.7727316647401488
26,47041,0.00024923249353456733,1.3324759285034178
26,47045,0.0005386910140589872,0.9382834260483903
26,47047,0.000770211583157945,0.7903916490119156
26,47051,0.0006812476472927722,0.7450301674924352
26,47049,0.00040203607158354783,1.7459220684747454
26,47053,0.0005700551538137401,0.7623990442643331
26,47055,0.0007987554342672609,0.9881682980966178
26,47057,0.000571598121178405,1.8615730814717837
26,47059,0.0010676540858702173,0.7035937177224115
26,47061,0.00037276759654671565,1.7744675364758977
26,47063,0.000940800881570848,0.7727255835411817
26,47065,0.0016564208817579985,0.32025028723524235
26,47069,0.0005820946411875496,0.987181754003138
26,47071,0.0006097336453534335,1.180731442049949
26,47073,0.001079877347260759,0.9092171028489187
26,47075,0.000364437074172937,0.9877250418652812
26,47079,0.00069306018509496,1.0567914888532592
26,47077,0.0007127183216479142,1.2100574431697604
26,47081,0.0005263967526628678,0.9444731130365515
26,47085,0.00031965465716902406,1.0552693272537008
26,47087,0.00032199809632418375,1.3768189428007445
26,47089,0.001080145491951192,0.943958741217139
26,47091,0.00035290303109529876,1.480406547341191
26,47093,0.0024500055175075727,0.37744398660992834
26,47097,0.0007903226763664253,0.9050634261872298
26,47099,0.0008470005526429405,0.763815933323412
26,47103,0.0007562680547244681,0.8071769847506857
26,47105,0.000587360889203222,0.9045807681867692
26,47107,0.0007551534828989485,0.8953000042430255
26,47109,0.0007144887058971236,1.0141699944038602
26,47111,0.00028447763274756267,1.29850547114616
26,47113,0.0008338825761489398,0.49566563346859044
26,47117,0.0005953363011978163,1.4046045011265385
26,47115,0.0007905716473474809,1.1011825338354515
26,47119,0.0009453255343988012,0.6173707820977485
26,47123,0.0011113087715926126,1.3369386213810464
26,47125,0.003000768269381763,0.506578239263357
26,47129,0.0005471022414226816,1.2853165026604092
26,47131,0.0008086543855589323,0.8821875606909964
26,47133,0.0006094769442509647,1.0658890580017497
26,47139,0.00046222842571586633,1.140163982369472
26,47141,0.0007783263663971549,0.7452315327365584
26,47145,0.0008209254503595074,0.9414307174890736
26,47143,0.0006094540553198351,1.5834982003435079
26,47147,0.0010114215231595352,0.7510097248908519
26,47149,0.002974729313542774,0.5046643895888704
26,47151,0.00047072131163853226,1.1641471876811127
26,47155,0.0009127490219000401,0.6073768135569442
26,47157,0.006300576234624169,0.2231232232118431
26,47159,0.00042684482365587886,1.1047605447790276
26,47163,0.002273602632888144,0.5192496419529483
26,47165,0.0015599773215851558,0.3776513590731477
26,47167,0.0009151164364458717,0.849843055605662
26,47171,0.00040206093692509446,2.3756499583077257
26,47173,0.00031295922239656115,1.3454220712232308
26,47177,0.00068174980977352,0.7963206503284702
26,47179,0.0012868801969619468,0.5693952360298391
26,47181,0.00035737880132784104,1.6485425423869007
26,47183,0.0005085357567704216,1.3204912206165342
26,47185,0.0007455906951010174,1.1330615683086327
26,47187,0.0032935834298431256,0.3774132776910788
26,47189,0.0010758741798142064,0.718485857863917
26,48001,0.0007413453785058646,0.9165502329698948
26,48003,0.00025935361486831987,2.9254764390589862
26,48005,0.00131504974676161,0.6686125119511512
26,48007,0.00041570536602383157,1.427844794085475
26,48013,0.0006859099777218863,1.004107751399594
26,48015,0.00037717049104741694,1.2689062610999302
26,48019,0.0004064141315720806,1.225266389753288
26,48021,0.0013346371048807422,1.1228834157561474
26,48025,0.0004198365771399495,1.322187439939076
26,48027,0.004393855224625127,0.8000913309938316
26,48029,0.012288988118017428,0.3334475393173696
26,48035,0.0007700411251896524,1.5136412801209722
26,48037,0.0010051778417359252,0.7656410340752564
26,48039,0.0034338385841288944,0.4684354226871468
26,48041,0.004086236864594764,0.4856919332739308
26,48049,0.0005744724132173066,0.9244066908240178
26,48051,0.00045511654848056894,1.177356283052203
26,48053,0.000739635537118041,1.1095386478565326
26,48055,0.0005576138920655314,0.9214432722631773
26,48057,0.00034815843608532307,1.3953610712760807
26,48061,0.007388091538675978,0.33394626563650814
26,48071,0.00028866165629405096,1.2845651424463322
26,48067,0.0005418301030044796,1.700703032044903
26,48073,0.0006629917178819014,0.9451755207103701
26,48085,0.011250279455119064,0.42656162389938884
26,48089,0.00032101406077966066,1.0444457073616056
26,48091,0.0013111532624164274,0.7981054897480858
26,48093,0.0003668260475862953,2.0118295977838443
26,48097,0.0006012109982835059,1.161435059694483
26,48099,0.0017979194586074736,1.103884515849658
26,48113,0.018627433348223286,0.2663453628427718
26,48115,0.0003071265671639899,2.3981693623123257
26,48117,0.0003690910025512005,1.8184074280027651
26,48121,0.009335971897761019,0.5840478522505747
26,48123,0.0005709385294986062,1.134531935416006
26,48133,0.0003768099427555526,1.0404421574957092
26,48139,0.0017560665381813653,0.5740746432508242
26,48135,0.002959917537818574,0.5772893907257813
26,48141,0.009501650743594737,0.39123423859941675
26,48143,0.00040881819051854915,1.0853909708816636
26,48145,0.0006267822788640676,1.8739294267706175
26,48147,0.0007861410304615431,1.1331078373938537
26,48149,0.0006508015472785535,1.0939210634545415
26,48157,0.008019237277753787,0.320615207534662
26,48161,0.000424934240189633,1.478825049098248
26,48167,0.0021807377576141328,0.5975071763515369
26,48171,0.000609407882432915,1.0926266701723522
26,48179,0.0003906469632266325,1.0791789240274519
26,48177,0.0005870705149964865,1.7358573063626914
26,48181,0.0013246028735272447,0.4912635932063564
26,48183,0.0014068986577848532,0.6475184496091464
26,48185,0.0003268379960109612,1.599174780228022
26,48187,0.0013645495964689114,0.8466385401373058
26,48189,0.0007540188256397809,0.9666581592410272
26,48199,0.0007616118107331067,0.9531705909998565
26,48201,0.028151067851708646,0.2834992823115931
26,48203,0.0009314994844989691,0.7294747596894479
26,48209,0.0025269026634597643,0.8922784685120756
26,48213,0.0011173664356841648,1.0390249223560346
26,48215,0.01600731387942697,0.2894224655154173
26,48217,0.0007630343519025733,1.3167538874138274
26,48219,0.0005893209436869149,1.2127064218802455
26,48221,0.00067481959098437,0.8498227891360496
26,48223,0.000808346970532867,0.9403905583848513
26,48225,0.0004151252409324848,1.4213246737299792
26,48227,0.0005681238174167777,0.7838200994938384
26,48231,0.0009897331358373386,0.9095412218553799
26,48233,0.0003870618259290133,1.1980463362161138
26,48241,0.0005214590950993756,1.9799556907757634
26,48245,0.002456721562926927,0.3406243310527726
26,48249,0.0008670334027198618,1.113209240999196
26,48251,0.0020240193729844924,0.5377387778738003
26,48253,0.0006187528224129543,1.935170048491303
26,48255,0.00028467014044856586,1.405210547109181
26,48257,0.0015040952136774037,0.7221069228638274
26,48259,0.0006289472615540114,1.1105446075707686
26,48265,0.0008843067298400346,0.8555540074424107
26,48273,0.0007142523313300766,1.1759038183731945
26,48279,0.0005166456660550378,1.5451261781201906
26,48277,0.0006734344446634679,0.7728608510232213
26,48281,0.00031075374611790865,1.3347698088408138
26,48285,0.0006847948171237262,1.0490546127374376
26,48287,0.00025876928421949576,3.3204576257474634
26,48291,0.0009834914276740591,0.7463080482441689
26,48293,0.0007828387400671537,1.3400607127968314
26,48297,0.00020260081941076758,1.6491509892752532
26,48299,0.0009717268106825692,1.4531261907960535
26,48303,0.003168341511973698,0.3339035405849971
26,48309,0.0019337393678382532,0.3685782604976653
26,48313,0.0002746706354140159,2.418265561448456
26,48315,0.00038193812263935355,1.9032821370066935
26,48321,0.0005497619340437534,0.8945473511351679
26,48323,0.0011953626792811014,0.9943924899969775
26,48325,0.0006860434695054693,0.9800155334212262
26,48329,0.0019158726154741555,0.5177644877799877
26,48331,0.0007354645844397776,1.0734031352999363
26,48337,0.0005297913008221174,3.326126360044954
26,48339,0.005942226113315917,0.38384452874004993
26,48341,0.00032342125725046367,1.9191650733016155
26,48347,0.0006503219320702449,0.7716852420368087
26,48349,0.0007231979256969596,1.104196513686346
26,48351,0.00033334552419788245,2.0357151097421298
26,48353,0.0003751011833916592,1.3049804296453922
26,48355,0.0024827675425637664,0.4175808276894434
26,48361,0.0010415238199723853,0.6657476199735489
26,48363,0.0005447316518098823,1.1461285870000133
26,48365,0.0005022079956605914,1.9847147826026954
26,48367,0.0016600079461907985,0.6713694742001242
26,48371,0.0003792476423270074,2.9647456476368066
26,48373,0.0007942780817373152,0.8172682515592015
26,48375,0.0014858414672613595,0.5925230747126368
26,48381,0.001148316002999373,0.49497767802753484
26,48387,0.00034916761719440724,1.4499125414766743
26,48389,0.00045200923902731196,1.9223813812447148
26,48395,0.0003302184682030116,1.2516265216163187
26,48397,0.0014233300521742573,0.8646347487017558
26,48399,0.00038902839132112175,3.4249317252928764
26,48401,0.0008184213631833193,0.7676788623835938
26,48407,0.00024213124554919884,1.303998305205536
26,48409,0.0010369455078083475,0.8614123381514996
26,48415,0.00023061075328413867,1.6431015152022346
26,48419,0.0005377176030635833,1.2350880775637145
26,48423,0.0016756691040820523,0.48707227693984717
26,48427,0.002190262581518076,1.0237041946705598
26,48439,0.012261549185753439,0.2568257398597028
26,48441,0.0012675344667750377,0.3982378493557975
26,48449,0.0006735461608682012,1.0432263285901278
26,48451,0.001116816368788324,0.6042057407683464
26,48453,0.015192156817417257,0.23424291594276253
26,48455,0.0005641719825736756,1.676094382022583
26,48457,0.0004308537940161746,2.471351453631787
26,48459,0.0008010286681352847,1.272109202657564
26,48463,0.00046181071843729284,1.7106678410482388
26,48465,0.0008374400574717213,0.9012464663940766
26,48469,0.000910902171998589,0.5098259948231364
26,48467,0.0010031038568626119,2.285390517587799
26,48471,0.0008572804879931557,0.9795660980334375
26,48473,0.0006059938684654838,1.5060165534941086
26,48477,0.0005896092254490359,1.1056130499469696
26,48479,0.006887033594993326,0.36472284000382427
26,48481,0.0005998256178397378,0.7334853959502977
26,48485,0.0013222705484191213,0.5019544879100195
26,48487,0.00023804371976341205,1.8580166784804621
26,48489,0.0007309932993081334,1.277508759314612
26,48491,0.00679920388567616,0.46913897133610116
26,48493,0.0008662747880178026,0.7602534159653452
26,48497,0.0009554591849368978,0.7236701796355625
26,48499,0.0008629975790812238,1.1321646163541228
26,48503,0.00026605061900374636,2.895730410956161
26,48507,0.000373302950266054,1.7700672397581085
26,49003,0.0014699044206899856,1.2427829630665996
26,49005,0.002980969586526431,0.6661877198484092
26,49007,0.0006809418725083127,1.3989545307594828
26,49011,0.006479758083411677,0.6364300727779398
26,49021,0.0009398556584543987,0.9980448491695268
26,49035,0.013304091809908197,0.5225180765227596
26,49037,0.0004866577021192713,1.3350378411481474
26,49039,0.0006378958646750435,1.316007876983826
26,49041,0.0006873812449991732,1.3903301896137998
26,49043,0.0007686023825719164,0.7949565515979132
26,49047,0.0011722596299638445,1.5318670070379552
26,49045,0.0008808594683396145,0.7492707254080525
26,49049,0.015296780774326734,0.6695832400821802
26,49051,0.00037677312746392733,2.3921593095355393
26,49053,0.0030410843954338765,0.5768738811753271
26,49057,0.0037167251894695027,0.41227373402347833
26,50001,0.0009469869606987571,1.115843512266595
26,50003,0.000894483162678857,1.0819052064554762
26,50005,0.0010470604146974218,0.7710061594090305
26,50007,0.0017498599372685756,0.7099687374839755
26,50015,0.0006679534156395099,1.0388083417216691
26,50011,0.0009838982147267275,1.3007728332359967
26,50017,0.0010118795164434182,0.9017569880382554
26,50019,0.001072688927268306,1.0707787245876375
26,50021,0.0017820637795190328,0.751751435268511
26,50023,0.0017352720559217064,0.8019209086228548
26,50025,0.0015330240344952073,0.78583954571979
26,50027,0.0014847383537053723,0.9027356130602769
26,51001,0.0005914313477454827,1.1275757527185957
26,51003,0.0012251595058815523,0.664192771073467
26,51005,0.0006151999160405243,1.6654131253450666
26,51009,0.0005037420724943942,0.9428772485481535
26,51013,0.008654336923656903,0.4303689844016625
26,51015,0.0012535951032420472,0.6211902142114151
26,51023,0.0005751001382509219,1.1517937393246713
26,51027,0.0007867711178653552,0.9933977943642797
26,51025,0.000180009565713399,1.581642326419499
26,51029,0.0003890052803826263,1.4748086775748634
26,51033,0.0005643317578827123,0.9174426078548953
26,51031,0.0008009227523139541,1.0085117633269587
26,51035,0.0008524293231980012,1.0608339835556846
26,51041,0.003207585102690358,0.3737406413027848
26,51047,0.0008319037501035076,0.9497710994713272
26,51051,0.00030161991272667054,1.5435656102457527
26,51059,0.012672409454407138,0.2390866776223893
26,51061,0.0011307121233396834,0.728101527945896
26,51065,0.0003036953213260556,1.6631727461411603
26,51067,0.0008379928327917137,0.8573442013053907
26,51069,0.0013189535717065594,0.7504296610388507
26,51071,0.00040198526887987376,2.3464920344882314
26,51075,0.00029432344324097114,1.305188131827041
26,51073,0.0006656893390575122,0.9479275026889022
26,51077,0.0006197457535893472,1.3801738744747294
26,51083,0.0008649988952321736,0.8780509578832549
26,51085,0.0014199524594377317,0.5753497390401977
26,51087,0.0028572557097646615,0.42232200555351446
26,51089,0.0011198752492451427,0.7373202932111877
26,51093,0.000751249476083234,0.9602973439954118
26,51095,0.0010474600278908034,0.8984851353055201
26,51099,0.0004776798835787612,1.1474151184699974
26,51105,0.0005864164637994888,1.2307937282427353
26,51101,0.0002651045644397154,2.407198138940686
26,51107,0.007566004807372275,0.36551761178508624
26,51109,0.0006525082567207701,0.9838402281286008
26,51117,0.0009277280276674866,1.056525391700744
26,51119,0.0003343806289818476,1.9768919388539705
26,51121,0.0014421701649558428,0.8144123947115744
26,51135,7.378065950055465e-05,1.6527420514772948
26,51137,0.000452046687000589,1.7328638979802373
26,51139,0.0006034463255180471,1.6235218308025714
26,51141,0.0004669663006235947,1.586268572579606
26,51143,0.0014251585684190657,0.8150332932545687
26,51145,0.0003509101567622951,1.0395715878866432
26,51147,0.0001670452746163158,1.8716794460968948
26,51149,0.0005766960204606386,1.3035957731317853
26,51153,0.0084957977367951,0.3666856382817699
26,51161,0.0013396777760309741,0.796466072771547
26,51163,0.00036065826288769775,1.805675957362367
26,51167,0.0006071018014939409,1.0426272195173976
26,51165,0.001007684884268642,0.7482742692908262
26,51169,0.001015990215353954,1.3175584198828287
26,51171,0.0006984559402257169,0.9210235099041951
26,51173,0.0007747409753588143,0.844288164600258
26,51175,0.00040296988658624743,2.434776119564645
26,51177,0.002054971378148217,0.4920988937581036
26,51179,0.0025934628626082803,0.6168860779568275
26,51183,0.0004587944419229133,1.237869587537866
26,51185,0.0008127487389074701,1.2454769535788581
26,51187,0.00047793750171943694,1.1047088759078332
26,51191,0.0009666529915532649,0.8107316334755238
26,51193,0.00025297841086118514,1.9654119446683584
26,51195,0.0008187252403037614,0.7392630498208191
26,51197,0.0005532572545089152,1.1511885468574672
26,51199,0.0009975552714879706,0.8113180070016177
26,51510,0.005072650063488064,0.5494616191393428
26,51520,0.00021320985437529448,1.6078102989612841
26,51540,0.0014279563118077064,0.8000706627588671
26,51550,0.003528851316006841,0.47217419674584366
26,51570,0.0004108514352849053,1.7116061827527413
26,51590,0.0007035373189530112,0.6362372442752986
26,51630,0.0004213991903007298,1.1317171073171854
26,51600,0.0005887058404006509,1.2165375415400923
26,51650,0.0014323553295697447,0.4758256272132855
26,51660,0.0013839235645150265,0.7716011020288311
26,51670,0.000343851225523522,1.0016733239892104
26,51680,0.0013477743654028798,0.6045649686626948
26,51683,0.0010623375351870674,1.0502569275230036
26,51690,0.00041249490038919144,1.0421705964615047
26,51700,0.0018373563158819485,0.5246165068603109
26,51710,0.005195919777058146,0.30473719682671707
26,51730,0.0006676141050197745,0.8265672640339109
26,51735,0.0001512098479556742,1.2420172663971265
26,51740,0.0016669087648920535,0.476722179917899
26,51760,0.003624465306348502,0.3284146405524668
26,51770,0.0009043476587036133,0.52635015869135
26,51775,0.0004429310070602893,1.1086545290193779
26,51790,0.0003762076078213665,1.065079714583955
26,51800,0.0019336501567976025,0.546956539772722
26,51810,0.004647595681622903,0.31449986804990104
26,51820,0.0003362698057315948,1.329997177602613
26,51840,0.0004737362454299612,1.0407081052520002
26,53001,0.0003247027712314526,2.5285270516064324
26,53003,0.0004610776042271333,1.513865283248523
26,53005,0.0017274428332586633,0.4400334182890241
26,53007,0.0009771115955070114,1.117121711034153
26,53009,0.001365710203699045,1.0031987518214334
26,53011,0.003914251920946668,0.291080353307284
26,53015,0.0008841032412150598,0.5564406743976749
26,53021,0.001995057386184857,0.7438091691857274
26,53017,0.0006487701247313864,1.238100661086527
26,53025,0.0010566270937097148,0.7558200097562766
26,53027,0.0009009657531003141,0.7056367725042894
26,53029,0.0013121593920347111,0.9447120561472324
26,53031,0.0009415660329169992,1.4201565857540612
26,53033,0.019830658158192745,0.6182998144040341
26,53035,0.0024828781369355016,0.36741527212729563
26,53037,0.0007598169864188924,1.4658152324249585
26,53041,0.0012654572616644382,0.7179107022972855
26,53043,0.00047327090867326616,2.4659833734062677
26,53045,0.0008697554531222862,0.7649489797302174
26,53047,0.0007649624708115108,0.8330302913830825
26,53049,0.0005828077193190478,1.383433344533841
26,53051,0.0006296278704257903,1.487317361324503
26,53053,0.006243137841283845,0.26075609890043444
26,53055,0.0006072013850295679,1.479992987747184
26,53057,0.0012961846476791724,0.7715839292610619
26,53059,0.00032148608542624556,1.3983176337321368
26,53061,0.006558077626502182,0.28170650369739325
26,53063,0.003446358108378682,0.26501124818199273
26,53065,0.0009594083697736506,1.152011479822103
26,53067,0.0033899014807958743,0.3498210089548929
26,53071,0.0005581828735751626,0.8257732164591939
26,53073,0.002728027037160703,0.5754467249831468
26,53075,0.0007250007363488167,1.381865496949091
26,53077,0.003710410515471842,0.5701859402213744
26,54001,0.0003034613253753109,1.6805055519639507
26,54003,0.002017013379285232,0.8544860590825533
26,54005,0.000715350958527617,1.1293601334614716
26,54009,0.0006160020365293624,1.1340332851545214
26,54011,0.001131823115463595,0.5940777620434128
26,54019,0.001002019950626785,0.7390994198748091
26,54025,0.0008145565670820172,1.3183429961291921
26,54027,0.00047534680319897583,1.2208084055256945
26,54029,0.0006077498444695016,1.404707241070242
26,54035,0.0005688595352558003,1.2403408282212847
26,54033,0.0011477393858026854,0.5438315904434708
26,54037,0.0007278570832310846,0.8028633757787255
26,54039,0.0018314429044916417,0.3855084316979011
26,54041,0.0005406364422036361,1.3688786361078833
26,54043,0.0004793573900655922,1.1252247701900882
26,54045,0.0008040660016086422,0.9300648022440108
26,54047,0.001074483333958523,1.0136804040264213
26,54049,0.0007979696789455077,0.6543662132586717
26,54051,0.0007494554780826361,0.8663331559373705
26,54053,0.0006654719958729564,1.0781188996527937
26,54057,0.0004989736746690214,1.31493827740384
26,54055,0.0008226014642118907,0.8740321134461148
26,54059,0.0009304819854619109,1.2155653702131146
26,54061,0.0017497669834226008,0.7965792184622009
26,54065,0.0003770164699881474,1.6196786540100132
26,54067,0.0004529463683585077,1.0660255931997304
26,54069,0.000955412580513651,0.6734347787008929
26,54077,0.0009235213798502768,0.9516746733256174
26,54075,0.0003888501611669123,2.24848552896807
26,54079,0.0009100319448582339,1.4021792502865142
26,54081,0.0013036712920335898,0.6088109578193521
26,54083,0.000499337644745786,1.318456998159423
26,54089,0.00033668995733641185,1.6626164041042322
26,54087,0.00038839796573110876,1.9081852523122522
26,54091,0.0003088123005740365,1.7241355463273789
26,54097,0.0004319457812045101,1.7882782848910321
26,54103,0.0005558819619930333,1.4572744311928578
26,54099,0.0006611109618685195,1.3195725491705872
26,54107,0.0011877061455833715,0.5191692694614705
26,54109,0.0005335467545078896,1.0257819498627287
26,55001,0.0009236964303016104,1.0766482167923601
26,55003,0.0005149686621583094,2.0982542576867105
26,55005,0.0010145942625278397,1.157654674326278
26,55007,0.0009082499757774843,1.2529100814835203
26,55009,0.00197606263043106,0.41601739527443743
26,55011,0.0007114196253465606,1.1949017610570514
26,55013,0.0009062098200154534,1.136665168683314
26,55015,0.00087807556670999,1.2968973494765357
26,55017,0.001141117108447439,0.9391358765419915
26,55019,0.0016223656836506857,1.0543132572302172
26,55021,0.001281137869883683,0.997873764547088
26,55023,0.0008822944040717389,2.3444345999396465
26,55025,0.005954316210242201,0.4738008225734724
26,55027,0.0016309494029272216,1.0940441394896145
26,55029,0.0009590726704878723,1.2897804924165883
26,55031,0.0006154216932384333,0.889720247188151
26,55033,0.0009860958355370633,1.3280985268779932
26,55035,0.0009802902035390005,0.5322985725497072
26,55039,0.0014938038619386473,0.800597879237906
26,55041,0.0005092227413607497,1.483184556038125
26,55043,0.001364237893380004,1.3459189886476208
26,55045,0.0009431667446383954,1.2183419100408839
26,55047,0.0007421129780514715,1.9034033456625372
26,55049,0.0009864930453614348,0.9641016353489303
26,55053,0.0007099685794474147,0.9808969500960046
26,55055,0.0010563359747990352,0.7181299366760169
26,55057,0.0011274848110447934,0.9837669004407715
26,55059,0.001507828232214715,0.46266501271299026
26,55061,0.0003574144481416844,2.110244847982111
26,55065,0.0009855909430669131,1.1080783701249746
26,55063,0.0008526233206138791,0.5908878779020051
26,55067,0.0004915052842542556,1.6787428051389848
26,55069,0.0008174933342671465,1.359458596171066
26,55071,0.001199642731852609,0.7148947309516493
26,55073,0.0016856151968096661,0.5575599580541377
26,55075,0.000838762214650365,1.1200553103323727
26,55077,0.0008922705206420134,1.211304657661525
26,55079,0.009462380988211741,0.3591946593409915
26,55081,0.0009755876316938372,1.5576420178519699
26,55083,0.0007910094087946668,0.9420479220668818
26,55085,0.001445002024741894,0.9922801775037446
26,55087,0.0019800231284097026,0.4363974502925972
26,55089,0.0012564942797996853,0.9546221007626927
26,55093,0.0005794263686729737,1.5928272028115578
26,55095,0.0010529409252138034,0.7898902825740443
26,55097,0.0008979375616691867,0.7891780276626918
26,55099,0.0012002745196914692,1.2882743235138192
26,55101,0.001228663601377945,0.49093035071402397
26,55103,0.0006657271367254441,1.6031873232222615
26,55105,0.000985429552433751,0.42249775381756594
26,55107,0.0006459833835184741,1.335474014643117
26,55109,0.0016206564508531405,0.8998452896123461
26,55111,0.0011742263866739067,0.8726426203799154
26,55113,0.000597636948946761,1.0699917217557304
26,55115,0.0012154519523976796,1.100728894707524
26,55119,0.0007168892795748815,1.2557424738356833
26,55117,0.0012428225102759048,0.6475234253262137
26,55121,0.001177116635892919,0.8945999616448119
26,55123,0.0010567821739396405,1.2478137181691862
26,55125,0.0008626730319021103,1.113782591105825
26,55127,0.001301252292422836,0.9969693081960567
26,55129,0.0006366950598271379,1.3980521253409843
26,55131,0.0018423557979785378,0.7071396444414837
26,55133,0.004578670035630004,0.3145673259606805
26,55135,0.0011722621782440496,0.9698769723587911
26,55137,0.0007958698042778995,1.1011092609901483
26,55139,0.0011569112788204078,0.5128876633167208
26,55141,0.0012330389931415797,0.9971775313835831
26,56001,0.0011101612269451774,1.0237125273815542
26,56005,0.001101330308297039,1.2750659097304868
26,56007,0.00031194428640754225,1.8677632853661108
26,56009,0.00035198360942948284,1.8677733232528144
26,56015,0.00027281595038235174,1.7542274031131764
26,56013,0.0007174240081048226,1.3287681048256248
26,56021,0.0009967731851187205,0.5216965603486717
26,56023,0.00033943943831457244,4.6896184865045925
26,56025,0.001051771436013842,0.6133232778699952
26,56029,0.00045513831319887645,3.4574075300267015
26,56033,0.0005110473865839429,1.5362735933107914
26,56037,0.0008238108126288089,0.7701245496973539
26,56039,0.0003209796082932803,2.0634521462085744
26,12057,0.006725236758639834,0.3120576731083773
26,12059,0.0003902599066876932,1.3025162792074672
26,12061,0.0032353801243476957,0.4899711247035639
26,12063,0.0009173453059315683,0.6688411557352347
26,12069,0.004220380371043062,0.38841076197047864
26,12071,0.012208076068841306,0.46263843486859707
26,12073,0.004190666432278076,0.5776048673512609
26,12075,0.0005081572667369745,0.8971833669051259
26,12079,0.00039325253536465844,1.1937015503043444
26,12081,0.003885165747388121,0.3070512034154186
26,12083,0.003630778020074918,0.3507357980736787
26,12085,0.0029434728944635787,0.4819963454729446
26,12086,0.016155604865810688,0.334164425104201
26,12087,0.002528547823819963,0.795753270344902
26,12089,0.000736560474808829,1.1146456019310427
26,12091,0.0017774276277283784,0.5191731933914748
26,12093,0.0007092697092194886,0.6830800791424262
26,12095,0.009379843444016349,0.258065655461479
26,12097,0.00355788725019728,0.46464285641055186
26,12099,0.015552395597249408,0.35286703344822423
26,12101,0.005118727157281281,0.44992754495709747
26,12103,0.009518241689884098,0.2157653766116021
26,12105,0.0033276613019180383,0.3205301483174451
26,12107,0.0008425819374902834,0.7241806209975805
26,12109,0.0017165159608856881,0.6516745141288147
26,12111,0.003450702595552287,0.4886750882644484
26,12113,0.0019290323475059114,0.5339193241862005
26,12115,0.01144198769230535,0.43583684951199897
26,12117,0.0034327753008801982,0.35403686316711036
26,12119,0.0026033904495779774,0.9898221964481859
26,12121,0.0007775327550969029,0.8444693258667273
26,12123,0.0002638276733756154,1.3254880792053285
26,12127,0.0045366176373627404,0.384927382653376
26,12129,0.00040925661992277163,1.3938424175925366
26,12131,0.000581815205749648,1.0020229475099827
26,12133,0.0005514879459410318,1.1970809856318756
26,13001,0.00044095763152522406,1.2789842668962754
26,13009,0.0005903950387419699,1.1190029775494985
26,13011,0.0004522484502829656,1.3796869975496822
26,13013,0.0012327414163175775,0.5749670618861814
26,13015,0.0017053739871230942,0.7890490094898392
26,13017,0.00039577355498345826,1.296611253658802
26,13019,0.0005132552879961363,1.1227779787384184
26,13021,0.0015378622629636522,0.3887809433168658
26,13031,0.0009066347465716564,1.014579923625427
26,13027,0.00043853504912137856,1.2070051735330403
26,13033,0.0005815773721694286,1.1096836787567939
26,13039,0.0005359352247430474,0.7778704799924827
26,13045,0.0018106974890502302,0.7647052979704859
26,13047,0.001039653102495938,0.7843383898292009
26,13053,0.0014979291322637907,1.5763367555953338
26,13051,0.002503263128555801,0.3441970194379126
26,13055,0.0005814729844615065,1.0694127429900708
26,13057,0.004057844684632881,0.5264144820371088
26,13059,0.003178869177354362,0.4103564752754218
26,13063,0.0042763520078319284,0.4015598321959043
26,13067,0.007659196577174304,0.38510558511397064
26,13069,0.0006789780082493162,0.8324544109531945
26,13071,0.0008390414722539883,0.7809211246572401
26,13073,0.0019084776427137986,0.5901721154581038
26,13075,0.0003627222908549167,1.2247562124098645
26,13077,0.0021030174805107987,0.6192048468863647
26,13081,0.0004518541189769187,0.9669179895981579
26,13083,0.0003197685914377899,2.609977807844981
26,13087,0.0004563104339836845,1.0715143150805835
26,13089,0.006693955961401988,0.3856066769854342
26,13091,0.0006348862635545538,1.1996209457754963
26,13095,0.0014324009281111668,0.5348829488911365
26,13097,0.002266561199681215,0.6555158053553555
26,13099,0.0006666019639041299,1.142793382547569
26,13103,0.000921018477607342,0.8948655999942241
26,13105,0.00051475748489896,1.11677374835565
26,13107,0.0003775831194466369,1.1690660593368778
26,13111,0.0005356385751508115,1.0039649833068758
26,13113,0.001977161504244086,0.611704213442981
26,13115,0.0010931512849509954,0.5727519582681037
26,13119,0.00043421528541448073,1.291664783865182
26,13117,0.003951248265450252,0.44917793609626344
26,13121,0.010474380674669347,0.5661717949278908
26,13123,0.0004707262417490048,0.9505938433168101
26,13127,0.0007249255247013944,0.841069622574728
26,13129,0.0010998134204651643,0.7741288416658472
26,13131,0.0005031795733831912,1.0243577342901915
26,13133,0.0007153440224952985,1.0294379249414267
26,13137,0.0005638144810032386,1.0780047021171302
26,13135,0.013249714267212553,0.36703645545114155
26,13139,0.0024192545336809974,0.362160416805143
26,13143,0.0004382354944436702,1.21100302931572
26,13145,0.0005288520076909979,1.0518078017663948
26,13147,0.0004237631923938,1.175536244069039
26,13151,0.0038711317329279734,0.5958661534449007
26,13157,0.0010481720281622798,0.8252549123821601
26,13153,0.0022149156320428205,0.5027313908866726
26,13163,0.0003508782531566523,1.5896363665483944
26,13169,0.00044941070614331556,1.009636043614352
26,13175,0.0009079874352310364,0.7448784148658116
26,13177,0.0005581571882837335,1.3130956380037857
26,13179,0.001784804562718568,0.6885457463608392
26,13185,0.0016320098032340513,0.5394536943762223
26,13187,0.0003980946377629326,1.4723867630038396
26,13189,0.0005347313859246115,1.1665545063877651
26,13193,0.0004164922065664928,1.2887185527428056
26,13195,0.0006526099748829346,0.9457307601113487
26,13199,0.0004412771049632699,1.5294006136511638
26,13205,0.0005010046864141507,1.2610725464524204
26,13207,0.000457792170663925,1.0946373947743218
26,13211,0.0004204261550108562,1.036747479567545
26,13213,0.0007761800002025309,0.9561011841770471
26,13215,0.0024852419025518263,0.2989994841290576
26,13217,0.0017621082621970805,0.7468984205521954
26,13219,0.0005887683717567,1.0803329403544133
26,13221,0.0002974728587315245,1.2784855379425362
26,13223,0.0023325048625997217,0.5703909025010895
26,13225,0.00032798052648867494,1.1827302677568172
26,13229,0.00029435043572508245,1.355801433592526
26,13227,0.0003669785269200432,1.2279386630997629
26,13231,0.0003952984145391806,1.5684270066009363
26,13233,0.0008867117789937611,1.0914326207601435
26,13237,0.00028959514301664515,1.2181508272231176
26,13241,0.0004149179018095759,1.1212207117215338
26,13245,0.00196980342626187,0.4603552974673772
26,13247,0.0012064347730653569,0.7134654266186427
26,13251,0.0005081237755164618,1.307957730065513
26,13255,0.0007172223461033508,0.7070541116621691
26,13257,0.0005034855514805787,1.3076537986719172
26,13267,0.0005166141866379613,1.1177054698834705
26,13261,0.0004137951582777879,0.9150871999768933
26,13273,0.0004401099777558803,2.0142895047376093
26,13277,0.0004502599090093228,0.7653068478806763
26,13275,0.000604045037052307,0.8243758811794144
26,13279,0.000573391745360023,1.0914524847196279
26,13285,0.0009529445204732685,0.6866210425334639
26,13291,0.0007769504275717704,1.0029779459436483
26,13293,0.0004609788167660576,0.9040192460108112
26,13295,0.0008820847067651749,0.7473866771345234
26,13297,0.0015309346257481194,0.748064965950249
26,13299,0.0005945137217081793,1.0851974802338784
26,13303,0.00043250760423628833,1.1558337013182665
26,13305,0.0005009272013489714,1.1474393153623235
26,13311,0.00026966270050280127,1.063820680711112
26,13313,0.0017522767134815047,0.6906149363139319
26,13315,0.0004784299976279797,1.466162116002061
26,13317,0.0002499959334740456,1.4733557376354847
26,13321,0.0003620114934699236,1.2282241754460672
26,16001,0.004697140608776914,0.41819306792046873
26,16005,0.0012539666040873145,0.5605794771776179
26,16011,0.001120301108106789,0.9514719561230092
26,16013,0.00022553377295002753,1.9936287293238169
26,16017,0.0007680018194577747,0.9333893862004338
26,16019,0.0017129305515783573,0.5452837735766582
26,16027,0.0027796446523222842,0.5981663577362866
26,16031,0.000725219072152196,1.4391050665227676
26,16039,0.00026502054154844143,2.6974835180492254
26,16049,0.0004692405823616391,1.0821571076444052
26,16051,0.0003981878339285884,1.782775024872134
26,16053,0.00046221761614716563,1.6203913848182232
26,16055,0.0017476676644522984,0.5488940298924183
26,16057,0.00041447930611661745,1.17557191454991
26,16065,0.0008918565340205191,1.5757765987588985
26,16067,0.0005090367398745306,1.4954284994684772
26,16069,0.0005902189103396238,1.0874946858677557
26,16075,0.00040412971595026336,1.737916341327518
26,16083,0.0008946636980599156,0.8004701597855886
26,17003,0.0005560311551095067,2.05309910157524
26,17001,0.0007488120607194654,0.5745818655056625
26,17005,0.00022128359340541602,1.4031564664218228
26,17007,0.0009126087390531161,1.0516200479861266
26,17011,0.0010574930482978077,1.0644297668982818
26,17015,0.000723883986972006,1.2912526133853197
26,17017,0.0006291669693934945,1.972877472559774
26,17019,0.0032578475751468094,0.6296164395146217
26,17021,0.0008040699635244402,1.5960589878593383
26,17023,0.0003289946931297065,3.1568716448995198
26,17027,0.0006745455382480683,0.9818616696042027
26,17025,0.0003658556803819206,2.089937975876829
26,17029,0.0006036913110163615,1.4447072045293616
26,17031,0.01757067018967595,0.48119977663582375
26,17033,0.0006008298580002556,1.3698873619366227
26,17037,0.0011022673441928488,0.874614325181617
26,17039,0.00047476775887890564,2.074035763633769
26,17041,0.0005315098137460002,1.107995445640451
26,17043,0.008003222398578673,0.3096312846015259
26,17045,0.00045532190272936203,1.446841068666539
26,17049,0.0008180372118821886,1.0342367415679676
26,17051,0.0004780352535765343,1.293366702245988
26,17053,0.0005290434036911407,2.4880749942665523
26,17055,0.0012503332023471,0.8912217809605213
26,17057,0.000954810287118217,0.9591550749741469
26,17063,0.0007534383242377179,0.962169512213309
26,17061,0.0005467662009207394,1.2539942196313054
26,17067,0.0009231050529666535,0.9645529189109381
26,17073,0.0007142130620928431,0.9731657691188627
26,17075,0.000992259791899393,0.8776438452963401
26,17077,0.001042491492494253,0.8814328035308321
26,17081,0.000529326601119485,0.8632429994933114
26,17083,0.0004421114405830356,1.0754084372334307
26,17085,0.00043946408878653545,1.1000796082080109
26,17087,0.00014306410877283827,1.3877448594207833
26,17089,0.006076966821422573,0.47058124246092364
26,17091,0.000999338014845558,0.4391529710556833
26,17093,0.002333195470653293,1.0542896009632563
26,17095,0.0007123889890850354,0.6788001102638354
26,17099,0.0013879444557434284,0.7088030792194148
26,17097,0.004588618737468915,0.42420007774765983
26,17101,0.0006651078850404919,1.293046032145095
26,17103,0.000712142635677289,0.9571744100210651
26,17105,0.0006009307296190454,0.9065613280263992
26,17107,0.0007376036147460468,0.836100359938156
26,17109,0.0005662267649554522,2.024965437526694
26,17111,0.0040561154388608685,0.36066497411123516
26,17113,0.0014787628782679944,0.39451782556975873
26,17115,0.0010433150967468032,0.3806079919533833
26,17117,0.0011118973679291634,0.9679056958611474
26,17119,0.0018035729848874613,0.33351117918565826
26,17121,0.0010189735721965758,0.9826131204857522
26,17123,0.0007285191641405895,1.267032061535646
26,17125,0.000836215094686562,1.4755157908569194
26,17127,0.00033018723401612415,1.9671940671831354
26,17131,0.0004203976207637189,1.4175433125455004
26,17133,0.0006785719551676783,1.85088817933149
26,17135,0.0007064282123514179,1.4238037019959846
26,17137,0.000653774176503182,0.8870924758355547
26,17139,0.000293209391575626,1.6147817386779624
26,17141,0.0008111901489204288,0.9681187285090718
26,17143,0.0018756962625525282,0.39017777156363637
26,17145,0.00048287399026536703,1.576215070819474
26,17147,0.0003080411697114707,1.536019440885255
26,17157,0.0006674882957912187,1.1111492976867516
26,17149,0.0006104908757041831,1.2773941581615869
26,17159,0.00042644552883335294,1.2263904509279622
26,17161,0.0009909204164301934,0.42650348135870425
26,17163,0.001918355334713653,0.4560903784385923
26,17165,0.0007786765683932635,1.425608422935992
26,17167,0.0020421879766448388,0.27895379891352834
26,17173,0.0006771441190520373,1.091654954497086
26,17177,0.0007984964956734286,0.8972726864705813
26,17179,0.0015674814915739188,0.6497145413375804
26,17181,0.0005148158606978816,1.2736020546025462
26,17183,0.0011031421347933632,0.48288286489705334
26,17185,0.00039346636580337455,1.3886656789129772
26,17187,0.00037779479129558205,1.5100049954397716
26,17189,0.0004501820245220527,1.6969536751620182
26,17191,0.0007283370344762277,1.722719669361999
26,17193,0.0004952988468450274,1.9443695140791601
26,17195,0.0013319907043392912,0.6140324323698477
26,17197,0.00467045851967701,0.3024308484907517
26,17199,0.0010418918842862266,0.6644637253157926
26,17201,0.0013524487249956404,0.27107629565649866
26,17203,0.0007649563873864018,1.1260376152777913
26,18001,0.0005164641810152704,1.6961139112621655
26,18003,0.00234638199737564,0.2996988983380735
26,18005,0.0010815055852133595,0.7035310559314036
26,18009,0.0003740767565771289,1.603447956486962
26,18011,0.0007482466295704199,1.5690102919256568
26,18013,0.0003180935185911287,1.4604116822369415
26,18017,0.0005489017014695485,1.0112318251771517
26,18015,0.0007352876107164961,1.2624931817106446
26,18019,0.0010959098306696537,0.644899305386394
26,18021,0.000549764856828209,1.4689255981962537
26,18027,0.0006610799734549337,1.2318351174116056
26,18023,0.00048164302133862105,1.0151884417192099
26,18029,0.0008055009222989778,0.9954889518210474
26,18031,0.0005321208094246234,1.0996548605967988
26,18033,0.000772803797152984,0.7358866379612822
26,18035,0.0012114478737548068,0.398182585527864
26,18037,0.0007803775032095525,1.2396402860335063
26,18039,0.0023088791125944618,0.5046373365627133
26,18041,0.0006197142861349958,1.1811620379386156
26,18045,0.0005684877925793114,1.504865655144068
26,18043,0.0009025728491383065,0.5966149319128904
26,18047,0.0004073100428666665,1.5145768739439098
26,18049,0.0004367161981952302,1.0463815578072386
26,18051,0.0005359647102573135,1.2834055452919317
26,18053,0.0008516077705697371,0.6655296036254024
26,18055,0.0006640836063603621,1.3294227218838435
26,18057,0.004749081599162167,0.41851968184987187
26,18059,0.001098472098345409,0.8834844930462147
26,18061,0.0009165743204077461,1.0906070906128822
26,18063,0.0019927625656931893,0.534817442822281
26,18065,0.0008517652301148293,0.7671244144971083
26,18067,0.0010091317880142313,0.5172291989836978
26,18069,0.000881176243918258,0.9937780865858885
26,18073,0.0005033850820627417,1.1088995695865727
26,18071,0.0006863590753898341,1.1312480107922942
26,18075,0.0008280970225386106,1.2569423131512203
26,18077,0.0004318450297039046,1.2564010435378545
26,18079,0.00041704770801324464,1.0964107249474775
26,18081,0.0016764915659062299,0.565632403836137
26,18083,0.00036189721015100084,0.9042789844554119
26,18085,0.0008828510744771891,0.687177090769201
26,18087,0.0007724960357300372,1.0021024222521964
26,18089,0.0024977491259985858,0.3279918381959496
26,18091,0.0006759939180649322,0.5404283203240944
26,18093,0.0007407612928103924,0.9202741719922135
26,18095,0.0013968746753277445,0.5162990993507198
26,18097,0.006679426144390325,0.25304198497519353
26,18099,0.0006745411470392095,0.92047832859313
26,18103,0.0005862746381131809,0.7737720353800863
26,18105,0.0020887270091365187,0.5634818965738881
26,18107,0.0006281273528133018,1.0478013308355587
26,18109,0.0009359892995775007,1.0465510309461572
26,18111,0.00030145752335745946,2.2199637695307155
26,18113,0.000671215363459207,1.1333532257066867
26,18117,0.000745378069845843,1.0869426463459004
26,18119,0.0006169154685404172,1.1462697145725695
26,18121,0.00032609247836929756,1.2695456032980692
26,18125,0.0005815457619736328,2.3702933976748577
26,18123,0.0004305355709606989,1.2513734920024648
26,18127,0.0011791122082496991,0.5456838790384212
26,18129,0.0006485341400319,1.390158235531475
26,18131,0.00031375949783309066,1.9776087592838785
26,18133,0.0004952637898177437,0.9493906367816543
26,18135,0.0008620691773218248,1.1545055863948914
26,18137,0.0006212198592364753,1.126560761697157
26,18139,0.0004388347686874732,1.5145935085000195
26,18141,0.001760146343844326,0.30418679203116944
26,18143,0.00047247227303466686,1.133755394349994
26,18145,0.0006065170956513517,1.0067781344239497
26,18147,0.0004994757456854784,1.4708419090036164
26,18149,0.0006530612357388022,1.0094560151769163
26,18151,0.0005745419740484518,0.8320092871958752
26,18153,0.00025868889287644083,0.9512240045563657
26,18157,0.0019439337165951512,0.5607762303046276
26,18159,0.00021099234759248847,1.4299247299571702
26,18163,0.001455264381235143,0.3409111184844513
26,18165,0.0004811004576113587,1.613320678743381
26,18167,0.0009227752960452485,0.44714802069679793
26,18169,0.0006085664559424817,1.6918203364885198
26,18173,0.0008405238842744011,0.8510512251005784
26,18175,0.0007401680862246871,1.0826826777861986
26,18177,0.0008442076494694249,0.6909589105138819
26,18179,0.0006689518286134835,1.127074081213667
26,18181,0.0006465522847581695,1.1079274562951207
26,18183,0.000586159041724434,0.8328181500664975
26,19005,0.0005205842498405511,1.2446882503782988
26,19007,0.0005099027026424859,1.2807717752144825
26,19011,0.000662433337868789,1.214865648007713
26,19013,0.0013993108495595533,0.4664236361554443
26,19015,0.0006248921386220107,1.299805603426722
26,19017,0.0006645449297840984,1.2259375126530094
26,19019,0.0006847374706422052,1.1746252984290766
26,19021,0.0005105162637659801,1.4594634136537172
26,19023,0.0006795535433515752,1.1406034438008892
26,19025,0.00048367315974352586,1.2559024879701346
26,19027,0.0004658967932989151,1.5331985111410116
26,19029,0.0005323315187023634,1.5440118541013728
26,19031,0.0005192864539492121,0.9770050319269581
26,19033,0.0006246457027868745,1.1683051325551468
26,19035,0.00043138789444252876,1.518104771716592
26,19041,0.00032266415069381036,1.6829718466066677
26,19037,0.000444139756445274,1.7521087989182316
26,19043,0.0007248760575857066,1.2944698803852035
26,19047,0.0007869601443195391,1.1489806447664113
26,19045,0.0009615384519939793,0.9825623719486969
26,19049,0.0010916446386273315,1.137127417969158
26,19055,0.0003871607139528159,1.5390037780368337
26,19057,0.0006268951744496821,0.8323651242824962
26,19059,0.0004620103721941652,1.0469042726582105
26,19061,0.0009011100550890429,0.5449875982207473
26,19063,0.0003089915013260873,2.102456761980124
26,19065,0.0008809604580961388,1.4972919290524525
26,19073,0.0004575241543472064,1.655141882211867
26,19067,0.000544737823763193,1.6029538400330516
26,19075,0.0005511492474147488,1.7833548226537796
26,19079,0.0004881940911439803,1.5449799427827489
26,19081,0.0004619284151102273,1.4444568024799285
26,19083,0.0008072903612382242,1.2534957630962176
26,19085,0.00066551426160528,1.332896325617524
26,19087,0.0005284993011655386,1.0711691223235642
26,19091,0.00045390144213063743,2.311213237447471
26,19095,0.000419368287959363,1.3877847153048741
26,19099,0.0006803032126751607,1.163202447130184
26,19097,0.0005886459933965071,2.2106186733432884
26,19101,0.0003352727114956119,1.8291948574005623
26,19103,0.002726674693267059,0.5346282692661034
26,19105,0.0005698922389288905,1.7035136363941457
26,19107,0.000573262543391702,1.3792449284539008
26,19109,0.0008619578366587039,1.4859468842355272
26,19111,0.0006116540121076055,1.3435226784902259
26,19113,0.0023063871323799542,0.3747070550086305
26,19117,0.000667689037038228,1.8240441216626126
26,19123,0.0006760821975303155,1.140662274566562
26,19125,0.0004727119349943315,1.8156539442010515
26,19127,0.0008926544117901964,0.7240553905568259
26,19129,0.0004222745331265224,1.5006673655801603
26,19133,0.0006012999544148864,2.0717867093611875
26,19137,0.0004252235643062765,1.8710057932403354
26,19139,0.0007901909522633277,0.8684964869536158
26,19141,0.00042856991424592913,1.755775072696811
26,19147,0.000432839037813172,1.4972850357436343
26,19145,0.0007124425910276053,2.3180067130280446
26,19149,0.000569684969247213,1.30881366771002
26,19153,0.0035733290662874396,0.3121832249908749
26,19155,0.0011443017315784325,0.5426235367652267
26,19157,0.0005029047447692017,1.9899280766775747
26,19161,0.0007461142481584382,1.421193191529637
26,19163,0.001292770761814091,0.36872142843536326
26,19165,0.000315971521034635,2.0432797025753544
26,19167,0.0007975458272939322,1.21943028082792
26,19169,0.0017298588596882211,0.9514764828950032
26,19171,0.0007429399816387708,1.5612458680344616
26,19175,0.00027454232280612,2.076628535294782
26,19179,0.0008577324793607524,0.8265722057310054
26,19183,0.0004698887798759608,1.4307307889019365
26,19181,0.0007321782832646126,1.1363601168748623
26,19187,0.0005635860039777902,0.7772697862842619
26,19191,0.0003909361199170037,1.2924086743675098
26,19193,0.0009219909137478688,0.5035350228099231
26,19197,0.0005817351776299731,2.0354342249107913
26,20001,0.0006170207389085946,1.3702568020688797
26,20005,0.00029975347369017247,1.861384384352417
26,20009,0.0004956632419859863,1.037597426529926
26,20011,0.000508908698626465,1.4476674067270852
26,20015,0.0008794280478514749,1.0892583525345738
26,20029,0.0003560902280079634,1.9700788431071001
26,20021,0.00047493773489293035,1.4378431527357225
26,20035,0.0008669611952035046,1.1644392100180376
26,20037,0.0008778442057328553,0.907353058130559
26,20041,0.000554172221675468,1.3094403796680816
26,20045,0.0024127930024055166,0.5031659505450151
26,20051,0.0005166587683165458,0.9959565223671978
26,20055,0.0011226259518988732,0.7723111272167639
26,20057,0.0006675073171483281,0.918486202669162
26,20059,0.0003786947996790262,1.0286602460855594
26,20061,0.0012538943709856482,0.9012805092454029
26,20079,0.0008698316065174918,1.1248185165799525
26,20087,0.0003733889894100534,1.5511279966757967
26,20091,0.005000395832028646,0.30514694561514377
26,20099,0.0006645298956788553,1.187234435389421
26,20103,0.000824604636996121,0.7868946235487286
26,20111,0.0005401082529720565,1.0615857567211404
26,20113,0.0005431039769963963,1.6664967999650224
26,20115,0.0003600642891852661,1.2480885135335833
26,20117,0.00038156007831308505,1.4931081701561957
26,20121,0.0005171123008910536,1.0984918312932122
26,20125,0.0007788910689137025,1.0448707567079554
26,20133,0.0005661866655782756,1.4128409756344427
26,20149,0.0003337514793327745,1.6153429883026698
26,20139,0.0005076953383070386,1.3545677177236244
26,20155,0.000799359277581982,0.6681658362582931
26,20161,0.002159103694141848,0.7568920460913539
26,20169,0.0005433415033593021,0.7267506475462886
26,20173,0.0035469804700459075,0.28069692284083314
26,20175,0.0006107720328096506,1.317007764031556
26,20177,0.0014224195489129991,0.35168407459068707
26,20191,0.0005994147163016656,1.197430348347207
26,20205,0.0004955207244373765,3.182253494093718
26,20209,0.004525426134189176,0.33305620116469453
26,21001,0.0007239353567628106,0.9500197090199378
26,21003,0.0005464035165477607,1.0284913593146552
26,21005,0.00045787421119055846,1.3142870567706382
26,21009,0.0006763076849218197,0.7961897585632184
26,21013,0.0006958478768572671,0.8685834616373526
26,21015,0.001442235346846219,0.5701618597572069
26,21017,0.0004880246488644312,1.0293700814653093
26,21019,0.0006543048311707771,0.7934278465758969
26,21021,0.0005036483627270107,1.120608753256916
26,21025,0.0010409004262380247,1.148174151182532
26,21027,0.0005935365995849649,1.0046672489572677
26,21029,0.0007789998642315725,0.7060761525590582
26,21031,0.00033103289469459487,1.3751361604561658
26,21035,0.0003653670439337915,1.03480308209644
26,21037,0.0008046433166110065,0.6689543289979871
26,21043,0.00046787957060534855,1.1420611744488567
26,21045,0.0004532199240778499,1.2215840196347696
26,21047,0.001188391401755654,1.503248964368842
26,21049,0.0006412775496948124,0.8415252590760036
26,21051,0.0004460996506303876,0.9794688588201408
26,21055,0.0003685541283816596,1.354269994346164
26,21059,0.0008928214981910414,0.6337221337440975
26,21061,0.00016774656126663834,1.4895906404659796
26,21065,0.000315676215727842,1.4585294121429706
26,21067,0.002534242589448813,0.27072401642703336
26,21069,0.00046227949271166125,1.5586770208870033
26,21071,0.0007119355754794396,0.9419436980375094
26,21073,0.0008822848377161372,0.7250527839556984
26,21079,0.0002721255501070613,1.3453461978877097
26,21081,0.0002833062871620123,1.8266423354733794
26,21083,0.0007021535375957382,0.7804755742224398
26,21085,0.0006675254452752506,1.0207959400169928
26,21089,0.0007102830640203024,1.2357276835776112
26,21087,0.0003591830547629126,1.4858385814118364
26,21093,0.0013055426251763166,0.6094623512315432
26,21095,0.0008725006906119166,0.8653969313523117
26,21097,0.0003967554802161053,1.242004986749785
26,21099,0.00046819794805664773,1.0235416943837041
26,21101,0.0005589139289531249,0.9758107826101394
26,21103,0.0005353947953023078,1.247785228738897
26,21107,0.0008001801563549326,0.762636240878699
26,21111,0.002634301550134123,0.34668384063441504
26,21113,0.0005906217208241318,0.8619733137513845
26,21115,0.00047134822325514117,0.9909183602155305
26,21117,0.00141881782132638,0.4980800053577172
26,21119,0.0005049348940473384,1.108617721115324
26,21121,0.0007060274697644051,1.1018337461100336
26,21123,0.00019603464073038367,1.310033501956506
26,21125,0.0008778384706490852,0.7536473808354694
26,21127,0.0005395688000122858,1.1923735013579293
26,21135,0.00036229935457128136,1.3916624860135987
26,21133,0.0004779079897147318,1.1246488838695627
26,21137,0.0005249035889862552,1.0623349238920758
26,21141,0.0005638072951893438,1.1527028664875711
26,21145,0.0005705507927887244,0.644229844194374
26,21147,0.00023695736848622744,1.362042729831806
26,21151,0.0009601715292173065,0.792216676238913
26,21153,0.00028143213326697593,1.2329715774182983
26,21155,0.0003398152236376867,1.1888474437888883
26,21157,0.0007603167081123208,1.3175502204571155
26,21161,0.0003887065331450564,1.154329230739179
26,21163,0.0004269173729855025,1.6702744162581193
26,21171,0.00039987235258100726,1.3414092967876492
26,21167,0.0004638557604439812,1.2457456535537674
26,21173,0.0004475614651325072,1.1610868144398447
26,21175,0.0006339127590859157,1.1663024903139998
26,21177,0.0007770634849475488,0.848491178558723
26,21179,0.0006353718681410687,0.8820358656636526
26,21183,0.0005123489543397024,1.0818524808973355
26,21185,0.0011758183291661686,0.6924897868946726
26,21193,0.0006163972833743728,0.9609329113356869
26,21195,0.0014138765155515794,0.6829754139311449
26,21203,0.0003100049819124604,1.3590827305235649
26,21199,0.0008638341800811351,0.6560077926088588
26,21205,0.00023025960810216982,1.5497706433552876
26,21207,0.00040078813387432353,1.2093445613199965
26,21209,0.0007249617837342723,0.709142665824069
26,21211,0.0005094358721229888,1.500825850586546
26,21213,0.00026821260733515806,1.347070469142286
26,21215,0.00033183289156554584,1.467426921198942
26,21217,0.00036137731315354625,1.0072642642177754
26,21219,0.00029945037724397915,1.5887817564870819
26,21221,0.00024338295919414926,1.09223139713086
26,21225,0.0002578889273575805,1.4266292574646169
26,21227,0.0011447784684700001,0.5197026880700002
26,21233,0.00031624169544332335,1.6648054992566932
26,21231,0.00042944636859268095,1.3428099008640404
26,21235,0.0005396838715015011,1.514446538223106
26,21239,0.0004471721421498126,1.0522270718828242
26,22003,0.0004029760461958408,2.3966325416814005
26,22001,0.001160540136602144,0.7333236334732487
26,22005,0.002014123240503677,0.6947941538635605
26,22007,0.0007428035230300443,1.1309903593247979
26,22009,0.0007313698964594282,0.8697702468826555
26,22011,0.0007528119003493917,1.096283719289286
26,22013,0.0005739866229216914,1.7538014728497098
26,22015,0.001326673886230433,0.5978746933828973
26,22017,0.002029620786801912,0.3122312848776141
26,22019,0.0014126335751401013,0.4502830605410407
26,22027,0.000508561458489168,1.4370867659486417
26,22029,0.00037787807633693835,1.5983064648828889
26,22031,0.0006100534260123549,1.127201309584027
26,22033,0.0034878168082101775,0.33455178776725736
26,22037,0.00043703775438261295,1.2009781831949344
26,22039,0.000743427897596226,1.1800484206803938
26,22041,0.0005948950633325854,1.743462807384722
26,22043,0.00047987713409459553,1.3754343380152902
26,22045,0.0011324736380558561,0.7171375350796252
26,22047,0.0005073258686995559,1.2533173223863356
26,22049,0.00046749161985179934,1.4565057081830661
26,22051,0.002830486389252718,0.2997066081112899
26,22053,0.0006527419736369984,1.225191425893859
26,22055,0.0021907546903965247,0.4069689991619741
26,22057,0.0013301381170046898,0.8938301445981685
26,22061,0.001047915398945623,0.7878554841224747
26,22063,0.0023322317649342814,0.6836198413337775
26,22065,0.0004753741883820767,1.7917350211408645
26,22067,0.0005556828588576526,1.1992023342502478
26,22069,0.0007455734980489881,1.1514584881043601
26,22071,0.010852771015717964,0.2935564782076723
26,22073,0.0013020796436357441,0.3486249693904326
26,22075,0.0008144315465145589,1.7846425955838257
26,22077,0.0004334160385043688,1.7217296078313367
26,22079,0.001467239620349245,0.4778563456212102
26,22083,0.0004298990123325365,1.5454826265288921
26,22085,0.0005844751092973887,1.2343784382465566
26,22087,0.0016214564109527717,0.6225953356315799
26,22089,0.0006820825190621714,0.714741855622468
26,22093,0.0006235962817653992,1.1463752754912793
26,22095,0.0005787939106698612,0.8895214954386833
26,22097,0.00166310637768836,0.6690385651733083
26,22099,0.0006534939450807282,0.8439266360869612
26,22101,0.0013591956340342267,1.2706921063135614
26,22103,0.0020298644924889057,0.49103390625682125
26,22105,0.0018166648369369732,0.6720702060673981
26,22111,0.0005548764188536448,1.0663124286318302
26,22109,0.0017434893064716577,0.7217884192998069
26,22113,0.0009757340488706331,0.7327189197832806
26,22115,0.0014879141252757998,0.9230727499847298
26,22117,0.0009946224840932428,1.0919466874014845
26,22119,0.0007041851244968964,1.3116280955439754
26,22121,0.0004310064752440236,1.6268764228928874
26,22127,0.00032447518980812686,2.156452936419759
26,23001,0.0012823781392925962,0.5495932900612818
26,23003,0.0024543571308371197,0.8619497165996821
26,23005,0.002561440539343762,0.6345872058902113
26,23007,0.0006810097352893969,1.0518620156807532
26,23009,0.0020005002370249623,0.6820413010793617
26,23011,0.0018920374082833198,0.6109804645490767
26,23013,0.0008906095265390632,0.9574145533658648
26,23015,0.0009910122316921846,1.4917843235946535
26,23017,0.0012833167497269481,0.7220505860526146
26,23019,0.0017081686750766564,0.5064012340577978
26,23021,0.0011142077161949754,0.9778327018349118
26,23025,0.0014232545561114174,0.8341534629680212
26,23027,0.0009005476074155336,0.9702439588149622
26,23029,0.0014998571902329373,0.7317248841729459
26,23031,0.0021713380348799926,0.39633280155377915
26,24001,0.0012392426441790024,0.5619011413921688
26,24003,0.004704303955935111,0.2811409615629205
26,24005,0.005602577146983665,0.3622419080431824
26,24009,0.0015428292369772602,0.8497097050730031
26,24011,0.0007451200961020757,1.018397133070729
26,24013,0.0022503172927494557,0.44039185648087464
26,24015,0.001246436076001475,0.7067363952238268
26,24017,0.0019969430793453534,0.5104653465656603
26,24019,0.0005848751937964238,1.1036074056041871
26,24021,0.0021461582897549726,0.3911127043082272
26,24023,0.0008369712916797891,1.0212271978875522
26,24025,0.0027576938252871185,0.34598152834080176
26,24027,0.005176084584490774,0.40117497857043216
26,24029,0.00037685077654364387,1.4355587060885997
26,24031,0.010621522195090707,0.2960008236521891
26,24033,0.008050726425905812,0.3656533649461449
26,24035,0.0008069961876544823,0.856238675432741
26,24039,0.000522854797986128,1.4661009904018236
26,24037,0.0017658333433817424,0.8141178883275053
26,24041,0.0009203810630202466,1.313300821443806
26,24043,0.001253504261683041,0.5082300279938639
26,24045,0.0012053566966293992,0.582132190319411
26,24047,0.0010957472969890297,0.9402781161374953
26,24510,0.009290979379700482,0.27031753531380986
26,25001,0.005584385377338575,0.3796732311455927
26,25003,0.002450934595554742,0.5515813434822665
26,25005,0.003274957802276549,0.46757461490670127
26,25007,0.0004983713860619758,2.005138284345318
26,25009,0.0040208320795792115,0.42919160143573665
26,25011,0.0018078730265964067,0.9141699483763613
26,25013,0.0026031982874925113,0.30786940161216475
26,25015,0.0025557037521728933,0.6110567322709963
26,25017,0.01175438797229567,0.6516785167904946
26,25019,0.0004068428090058701,1.1582030198502296
26,25021,0.006897666069920032,0.6839270566568337
26,25023,0.0037115106247501755,0.4690361013831234
26,25025,0.01615329487186717,0.4453550941437711
26,25027,0.004017698359496274,0.2844484542244748
26,27001,0.0012593346249401489,1.0130044385683195
26,27003,0.004084396743714731,0.4553661090588442
26,27005,0.0009181542595849597,1.0091432951534673
26,27007,0.000593719699805139,1.0688624082545954
26,27009,0.0005503317307787401,1.0683601569021348
26,27013,0.0009282033070418938,0.7227508037000467
26,27015,0.000587421320216407,1.7146345020700948
26,27017,0.0006025969186852531,1.2212914750832922
26,27019,0.002098767759807381,0.7030038527743415
26,27021,0.0010438187547430098,1.1275681278971879
26,27023,0.00036151528606021764,1.4367056072229256
26,27025,0.0011175072006225201,0.9785802413004429
26,27027,0.0007746341501078961,0.8290124954512537
26,27033,0.0004274579403893758,1.5814211905275197
26,27035,0.0009483013020463591,0.9120889247302106
26,27037,0.003591307844140769,0.3105601412129317
26,27039,0.0006594481310681568,0.9571704689913285
26,27041,0.0008004932117042742,0.9338991420744703
26,27043,0.0012277251842966036,1.6769523498784304
26,27045,0.0010960673779692636,1.290585199126719
26,27047,0.0011569533886619284,1.2226038679892215
26,27049,0.0009030341719840938,1.3921021638380628
26,27053,0.008474709215622123,0.29818535340566965
26,27055,0.0007219852389735721,1.773388282048464
26,27059,0.000663859915695566,1.0022523732934694
26,27057,0.0010979165364599793,1.7727417492160609
26,27061,0.0009303151780327337,0.9534991289293662
26,27063,0.00045553768518756055,1.7265870532061927
26,27065,0.0004106394390159993,1.575487148529254
26,27071,0.00034197851920563036,3.319743578030696
26,27067,0.0006970923436302092,1.1220781884453406
26,27079,0.0007560041885203543,1.0171428071981334
26,27083,0.0007666689333558248,1.124149393579139
26,27085,0.0007130043184501607,2.2405466412892667
26,27089,0.0007168200005386054,1.6353977494831957
26,27091,0.0007401196601156221,1.2478109838465163
26,27095,0.0004777213547212533,1.6070265478864991
26,27093,0.0008802996728161874,1.3065999240917043
26,27097,0.000936552739665883,1.6010266814647034
26,27099,0.0008261918252062183,0.897518895245766
26,27105,0.000490678584706008,1.4157497634780942
26,27103,0.0004187038723563338,1.8025035368252
26,27109,0.0022300399363760198,0.4743942401308858
26,27111,0.0018763968259881208,0.8788877059337736
26,27113,0.00047614245645409423,1.27595131276022
26,27115,0.000996534868834683,1.2833580482781657
26,27117,0.0007060031749324083,1.8264627118569663
26,27121,0.0005725078446648579,1.513317667804473
26,27119,0.0006913434615175463,1.9240755843581197
26,27123,0.003975363232013696,0.330981109544111
26,27127,0.0008737307107128398,1.5889104875059785
26,27129,0.0009409303859563874,1.1139496302761993
26,27131,0.0006172398270746574,1.1410156601890737
26,27135,0.000577912006707266,1.344443264600345
26,27137,0.0021430030589954007,0.7831053360740476
26,27139,0.0025726244778042267,0.6310024153719843
26,27141,0.0018969723949809755,0.8654845223205069
26,27143,0.0006296547808283632,1.5241606482721406
26,27145,0.0013710997211234402,0.5750215555394157
26,27147,0.0006165016779824708,1.0528941952980349
26,27151,0.000510614466792716,2.0450005845937453
26,27153,0.0009053319955267194,1.1039212704825916
26,27157,0.0008232332687011257,0.8676908369187858
26,27161,0.000407212765456086,1.4858609796184026
26,27163,0.0020187982878254454,0.574076385055626
26,27169,0.0005824272207075547,1.0044668997856037
26,27171,0.0020313318676760295,0.8078280657847461
26,27173,0.0005287142172814491,1.5820572965168218
26,28001,0.0006111537666086879,0.9601562948625942
26,28007,0.0007714799814542718,1.3259984772763203
26,28003,0.0007724871563259956,1.0278289646147192
26,28011,0.0009084568073002701,1.3606543351811284
26,28013,0.0005181160817422947,1.8145512001220472
26,28017,0.0003600489536686996,1.5964509805735942
26,28023,0.00033584845284900756,1.4820425805675819
26,28025,0.0004563211822542651,1.9589257888035727
26,28027,0.0006592609084988931,1.3295451762499504
26,28029,0.0006096364317633786,1.246455429346575
26,28031,0.0002919285560329841,1.341810777673754
26,28033,0.001931501432101153,0.5314935525418979
26,28035,0.0009816231676210495,0.6340586456515157
26,28039,0.000539912980440381,1.2946575625943102
26,28043,0.0003974478525738744,1.411332724415127
26,28045,0.0005944195150023741,0.9901942565634532
26,28047,0.001559558001859615,0.5209299945034376
26,28049,0.0030037991814549823,0.29488869735255235
26,28051,0.0006941158971488894,1.2123147179991112
26,28057,0.00042211531096752466,1.0667086444586915
26,28059,0.0011890903628640225,0.7064897709425235
26,28061,0.0003498124319458449,1.713106891216809
26,28067,0.0008850228126442919,0.8101099711677935
26,28071,0.0008640827016103696,1.1169253333331712
26,28073,0.0010167198143654801,1.0241774325924196
26,28075,0.0008419909351545949,0.7256122897147375
26,28079,0.00030743260974787833,1.2105021263980211
26,28081,0.0010263098868821153,0.6457034296177432
26,28083,0.0007364984324003214,1.0087046335236067
26,28085,0.0006484702148674311,1.3555734772892507
26,28087,0.0007442035059867764,0.8092092520882176
26,28089,0.0009136245072954707,0.7075948756245681
26,28091,0.000591456675948419,1.4868024981730772
26,28093,0.0004518862947073948,1.7346308694775605
26,28095,0.0007378943246280612,1.2493182487873715
26,28099,0.0006891365240999317,1.1799554146371471
26,28101,0.0005454165848728665,1.3779737039820148
26,28105,0.001158452808129227,1.009603033630067
26,28107,0.0006571565084428325,1.0869240399254634
26,28109,0.0008513128800440628,1.0096434266598053
26,28113,0.0007214638729026508,0.9880571284073412
26,28115,0.0006690340585368942,1.0597512784382217
26,28117,0.0004971075113074388,1.2923587717648302
26,28121,0.0014840285626011047,0.5947082820409757
26,28123,0.0007271009153761201,2.20152059532824
26,28127,0.0005595179282470959,1.1300267148695327
26,28133,0.0006180531022314457,1.3401024425919197
26,28135,0.00032629946439403744,2.8898814929187946
26,28137,0.0005884563154813252,1.3546792810678998
26,28139,0.0003470768657706236,1.6979266356135163
26,28141,0.00029474554545308305,1.5363827860074495
26,28149,0.0008316559157186196,0.8425760918653936
26,28145,0.0007608383797943774,1.0453635003953097
26,28151,0.001609841178933395,0.8169602714610448
26,28153,0.0004940594980341861,1.3253610374462539
26,28159,0.0005960374489510549,1.3557077287661696
26,29001,0.0003901434701786116,1.1477588519493482
26,28163,0.0004969931868246667,1.3083445780336171
26,29003,0.00034579975083184487,1.302519914237567
26,29007,0.000595802918454965,1.0890033454778396
26,29009,0.0006438614231277182,1.3066901940845461
26,29013,0.00032308711988519943,1.6543646897878304
26,29015,0.0005448599162994927,1.219799737774373
26,29019,0.0025563956760634846,0.4894347214291724
26,29021,0.0010033301603861865,0.5508719286945732
26,29023,0.0007403556303130965,0.8081312192819284
26,29027,0.000677453224445472,1.1944385582904564
26,29029,0.000999049334883433,0.7913677384223138
26,29031,0.0005836913895308756,0.9500483251077663
26,29037,0.001060875813607352,0.8104804075316335
26,29043,0.0015824557443141307,0.7082221963929647
26,29049,0.0003309041070200353,1.5034933945980653
26,29047,0.0025300176349233416,0.4244304363436768
26,29051,0.0008790354577791535,0.6729842583620265
26,29053,0.00035497659769448685,1.4140964851770097
26,29065,0.0002252387454341249,2.207101151891719
26,29055,0.00040062095103688365,0.9283080920043612
26,29069,0.0009540767698361627,1.400300731670258
26,29071,0.0016051919804718148,0.7592640089559393
26,29073,0.00044715312427355916,2.319870997705299
26,29077,0.0024407653212174694,0.39741683115929577
26,29079,0.0002876869927461943,1.7600227723224704
26,29083,0.0005604363479693413,1.4592108148995457
26,29091,0.0009676516510266811,1.1953229409892194
26,29093,0.00047286597454710376,1.7528900357962554
26,29095,0.003197571558032819,0.33097360932336534
26,29097,0.0012411971552561245,0.691087878157143
26,29099,0.003067525945431557,0.45014353886415065
26,29101,0.0005719756910448399,1.6679919573627937
26,29105,0.0005446511316941656,1.2677727121489264
26,29107,0.0006412697300267027,1.3561027374365673
26,29109,0.0005915162741246434,1.599711959370655
26,29111,0.0003575061358151549,1.46903709705411
26,29113,0.0012622539783336117,0.9142925610392868
26,29115,0.0004794686155906809,1.2981093453869503
26,29117,0.000361326449729685,1.2438334140935248
26,29119,0.0003969988456646706,1.4000667179034343
26,29121,0.00046963073632339615,1.623714813065404
26,29127,0.0005569588650284862,1.8721845063261688
26,29131,0.0004130583200387746,1.5681483221074788
26,29133,0.00026261126306839145,2.4787730230101666
26,29135,0.000277404960201127,1.6826960824104025
26,29139,0.00041925254644875664,1.5826718518050276
26,29141,0.00029215663501241983,1.5332380809953892
26,29143,0.000680901293912745,1.372198217474697
26,29145,0.0010274166895755076,0.9748687363139606
26,29147,0.0002191118574788517,1.79856048718997
26,29151,0.00041424800905831815,1.6967718589631258
26,29155,0.0007637930490392191,1.5016948550481304
26,29157,0.0005071577933941538,1.6005218245802566
26,29159,0.000727880440600015,0.8521726952756904
26,29161,0.0004698063071826941,0.8983591038467352
26,29163,0.000437319729502428,1.4318788232657014
26,29165,0.000989769955720109,0.6501410642024349
26,29167,0.0004961177465724882,1.3031292188364185
26,29169,0.0008478467272977859,1.145729064087293
26,29175,0.000513898144673058,1.158120195435218
26,29177,0.0004348437215455975,1.3344639780883425
26,29181,0.00036261779604508117,1.4434435997310486
26,29183,0.0033957040521621407,0.44515220194314886
26,29186,0.0002982976888200298,1.6426335534278853
26,29187,0.000912974377578584,1.0522643854558766
26,29189,0.006065170910261728,0.36053411296858423
26,29195,0.0008295986840554841,1.1723107723278647
26,29201,0.0007163386390676313,1.3335619477380574
26,29207,0.0007643760935742052,1.2596822941414056
26,29209,0.0006889088699380783,1.1501535632565452
26,29213,0.0005953039936338495,0.9392252884387841
26,29215,0.0005328813428348664,1.323248888013911
26,29217,0.0004961976276586309,1.5454846283833141
26,29221,0.0006496278912033028,1.1820702913977608
26,29219,0.000575286622337512,1.0427603485969108
26,29223,0.0003773692869456146,1.5210000167016482
26,29225,0.0006906720025234787,0.9584977488509935
26,29229,0.0003974958254679862,1.6262182575802377
26,29510,0.005511715598071184,0.3966401731488122
26,30003,0.0008214711534382984,1.235902533810014
26,30005,0.0005832480576240693,1.3278121662152405
26,30009,0.0006841948084637812,1.388654892285148
26,30013,0.0007666951192280121,0.521143825475989
26,30017,0.0005966336676479271,1.2816096576054359
26,30029,0.0013294824857746996,0.8634580248158349
26,30031,0.0014085532980151582,0.6112090365053928
26,30035,0.00016317063135322374,1.3979698141583459
26,30041,0.0003061283897624607,1.3273236401641593
26,30047,0.0006012519580474325,1.2258331792677564
26,30049,0.000982966568234779,0.7462436305058866
26,30053,0.000524367332395354,1.012507695247254
26,30063,0.0017113818924283696,0.5820630594726749
26,30067,0.0003783796221206569,2.3742024278105056
26,30081,0.0007584169423748038,0.7889502307976864
26,30087,0.00022365394807403666,2.1180850744771575
26,30083,0.00039695771632827505,2.1410660094013227
26,30093,0.0006387914597451426,1.1745676793866047
26,30111,0.0015585752445835973,0.5348198649079912
26,31001,0.000558037390561529,0.7740113168324296
26,31019,0.0007313720521801532,1.0011270178031617
26,31025,0.000785220623305545,1.6428080320010237
26,31041,0.0004261706963589121,1.3787195455039793
26,31043,0.0002597347868232194,2.039151973152882
26,31053,0.0005863641477415272,1.2214253911278141
26,31047,0.00041500608717211495,1.7865789691040859
26,31055,0.003921638431002284,0.36473076923105435
26,31067,0.0006154469693224327,1.1025818948741035
26,31079,0.0008394423114748597,0.5927247942044221
26,31089,0.0004409544530861006,1.3212701505306803
26,31109,0.0031339860785092213,0.4381564122971083
26,31111,0.0005855774884355574,1.1972703235688735
26,31119,0.0005140761153864941,1.0063152767709975
26,31131,0.00042000479083121825,2.353759200371307
26,31151,0.00029804460647245735,1.304306116388122
26,31141,0.0005628477497077695,1.1824917850242995
26,31155,0.0005031134460174409,1.0744229711468123
26,31153,0.0030145123563755654,0.4720141581566343
26,31157,0.0006525667734900171,0.8051789215294063
26,31159,0.00035066153760456665,1.7403125445320384
26,31185,0.0002550608033299936,1.46439587643592
26,31177,0.00041893099028908964,1.4605811673503473
26,32001,0.0004115161835835841,1.2859493273893443
26,32003,0.010504436184741783,0.35840358280259127
26,32005,0.00126345852422013,0.7409460887203071
26,32007,0.0008589864056208136,0.9207589994852098
26,32013,0.00022177525383325803,2.6517036157750455
26,32019,0.00044837942524473005,1.1152249171529263
26,32023,0.0005562127191593287,1.410872593042282
26,32031,0.0030219606335799326,0.30030431956675363
26,32510,0.0005209854778778587,0.7004001060332965
26,33001,0.0009618863779298647,0.7086134732226618
26,33003,0.001270496272833332,0.9379554147825112
26,33005,0.0010151880038052287,0.7505004101164837
26,33007,0.0012434415201237935,1.1319032236154773
26,33009,0.0017471053417328038,0.7262306973094621
26,33011,0.002758441200276046,0.3383419474312821
26,33013,0.0017002382312614796,0.46356447393495054
26,33015,0.003562653557662646,0.5304306982577658
26,33017,0.000984540275061891,0.666258455225855
26,33019,0.0006029992843855432,0.9172421897925727
26,34001,0.0016668925714622231,0.4218014717322674
26,34003,0.008509468738287227,0.3860978545176994
26,34005,0.0029801418703572125,0.4001478152901679
26,34007,0.0028629352282533303,0.3565196690263258
26,34009,0.0023574014285181947,0.5726800071860189
26,34011,0.0020447029067811096,0.4639257338562222
26,34013,0.007037372882136209,0.3527960461712806
26,34015,0.0022185233088519098,0.3552365615147295
26,34017,0.010777008328875968,0.4009700156242566
26,01001,0.0006732928536115255,0.7518112119444483
26,01003,0.0018278798896119396,0.44681897427861805
26,01005,0.0009040546835959938,0.991340845801033
26,01007,0.00032204219808582837,1.6176837068870789
26,01009,0.0010183821963305464,1.0349695783689827
26,01013,0.0008026857176714725,1.021422174803265
26,01015,0.001224133384233361,0.4883980977993521
26,01017,0.0005882461936311514,1.1954967677265413
26,01019,0.0007849598480601228,1.0356394551315697
26,01021,0.0008323735923192279,0.8632616240375302
26,01023,0.0003623961046727944,1.684519851875348
26,01025,0.0009440196696291052,1.136998407682935
26,01027,0.00033137458487739934,1.3798615109665684
26,01029,0.00032923247893509167,1.409600408769713
26,01031,0.0010237135089835236,0.8263869969140338
26,01033,0.0008577533919310742,0.6374074139762641
26,01035,0.00047120481859565634,1.0259462910317663
26,01039,0.0012672691087623185,0.8292764108989081
26,01041,0.000736612976650336,1.2585315327906275
26,01043,0.0013487314347853743,0.6478957101786157
26,01045,0.0008676537543719458,0.7164952298080152
26,01047,0.000877006381639649,0.6332292012954912
26,01049,0.0012076331174134917,0.7488426613447251
26,01051,0.001007133711349379,0.7921723641115437
26,01053,0.0006498759627995237,1.0763811119327125
26,01055,0.0012962284481346877,0.46061031999110635
26,01057,0.00044358826883779157,1.1920829807265936
26,01059,0.0007307710440182478,0.9134709772279703
26,01061,0.0007694671862012867,1.3131513606249654
26,01065,0.0006758136053363774,1.1184932017827682
26,01067,0.00048195184915130775,1.2540411932121478
26,01069,0.0017275836521533049,0.5000773154659943
26,01071,0.0011486737408398552,0.8048716271219066
26,01073,0.003119174716790427,0.2611033870244739
26,01077,0.0011598818248532798,0.6372557426660083
26,01079,0.000704695950067825,0.8679913563971146
26,01081,0.0018815629654680456,0.854683209457191
26,01083,0.001031838284017311,0.6438830044509679
26,01085,0.0004149562158441528,1.4736649388493048
26,01087,0.001288207436669403,0.8588094261498362
26,01089,0.0024195401400856423,0.3409289864815838
26,01091,0.00046064974476357567,1.1125743385931635
26,01093,0.0007844153303531165,1.1006034567846559
26,01095,0.0013350540682794691,0.6863519630381879
26,01097,0.002765220730249867,0.2531173801627019
26,01099,0.0006074351531558418,1.1136419700155111
26,01101,0.0023028154908348447,0.3295673332360079
26,01103,0.0011585980289976127,0.5806859945946683
26,01107,0.0005022938024336608,1.3834248742152042
26,01109,0.000516424119370386,0.8106393365981502
26,01113,0.0005761944181974942,0.8350325967722069
26,01111,0.000688660320017268,1.0832857257993203
26,01115,0.0011429389388243009,0.7436715876153693
26,01117,0.0017900972117507034,0.44148999626276825
26,01119,0.0002898546185157966,1.7068894732094329
26,01121,0.0013925660929506444,0.6731621274749052
26,01123,0.0005896504629959958,0.8022617169365626
26,01125,0.0021201688260279773,0.3329656099783642
26,01127,0.001527295990108593,0.6274838778740762
26,01129,0.0004985563276627704,1.5225605017484583
26,01131,0.0002940663436395561,1.6891959316526959
26,01133,0.0005737039450009605,1.3501139564877491
26,04001,0.0020954020712712225,1.3191763835372077
26,04003,0.0015545905747133824,0.5880846778664107
26,04005,0.0016493781622169883,0.6885056935031556
26,04007,0.001263955072555563,0.9325639526085154
26,04009,0.0006704486142080126,0.9409120648722675
26,04012,0.0013806950291837458,1.1494067488966815
26,04013,0.02085232970597037,0.30066942607710534
26,04015,0.003158195652026861,0.5451225647645835
26,04017,0.0021629866966078257,1.0755985417553928
26,04021,0.00436535000135199,0.8003444958553892
26,04023,0.000605885512408278,0.9169720321993973
26,04025,0.003725760731023958,0.47390522947914376
26,04027,0.003879345505969795,0.7281397322662267
26,05001,0.0007189624589419648,1.2813408591316588
26,05005,0.0012530519303726444,0.8420625833418255
26,05003,0.000479549631716483,1.0410807647615217
26,05007,0.002644972733280805,0.36402112012944227
26,05009,0.0007515295539813461,1.1037559233129617
26,05011,0.0006725305810225484,1.3658731451201072
26,05015,0.00035960408332291494,2.7529820399858207
26,05017,0.00046313666374834736,2.312330729084848
26,05019,0.0004536583359328135,1.4672545073304413
26,05021,0.0007388910250159815,1.9212719726989116
26,05023,0.0006768437086886387,1.0467734421518928
26,05027,0.0004739613000667334,1.8572125403177957
26,05029,0.00047548935045025096,1.2527263252434344
26,05031,0.0015850664164635004,0.6605150702079788
26,05033,0.0008611533406127636,0.8208704764042689
26,05037,0.000552866058324331,1.1789548379442798
26,05035,0.0013251440774906405,0.6516342535619586
26,05041,0.0004321887900891188,1.6388388362557513
26,05043,0.0003369234984856336,1.3193361388883125
26,05045,0.0015862316482210116,0.6359340978290028
26,05053,0.0004055510122161782,2.669133361815926
26,05051,0.0010074206923616224,0.5731851670823288
26,05055,0.0004971193986249931,0.8110868619011409
26,05057,0.0004404720158136982,1.4114335885050207
26,05059,0.000623264287038268,1.11315303620909
26,05063,0.0006255061890205647,1.1118404361080267
26,05065,0.00043558859905332804,1.374466268781753
26,05067,0.0004516964687984921,1.3672220580722025
26,05069,0.0011960241465146177,0.521629194923812
26,05075,0.0005909403733426579,1.4953098492424985
26,05071,0.0005691461867426595,0.9891700722306483
26,05077,0.00035672839380108246,1.7305702014104112
26,05079,0.0003050712401491248,1.8811883024941445
26,05083,0.0008398860048269519,2.505855894568871
26,05081,0.0003524951304700162,1.7611662503684464
26,05085,0.0010890587573430732,0.752796465618689
26,05087,0.0005204468801639037,1.2869081147308774
26,05089,0.00034730111573462376,1.470482758422222
26,05091,0.0005295609115636941,0.7584565158975541
26,05093,0.0008542722930201572,0.9447089546173697
26,05103,0.0004945083499869503,1.0496092634774967
26,05107,0.000477257999186837,1.2433828930653863
26,05111,0.0005244802613378133,1.5455712874592533
26,05113,0.0005876617791111824,0.9906389204082133
26,05115,0.000902750072601936,0.7725712251251139
26,05121,0.000274474686653594,1.6488857685851153
26,05119,0.0028056393364445497,0.31032712700984955
26,05123,0.0004028350409849568,1.3533713893659916
26,05125,0.0016593870366104647,0.49055055198003955
26,05131,0.0011897032528159293,0.49327612367480284
26,05135,0.00034257088988939844,1.706290241732485
26,05133,0.0003505534363141259,1.82636321038841
26,05139,0.0008288735813999334,0.9088403794111056
26,05141,0.0005732483330330633,1.3441155664451299
26,05143,0.002974845785012822,0.6403501512514114
26,05145,0.0010940283592545726,0.7482480456748795
26,05149,0.0005268615068875334,1.226652447066772
26,06001,0.011633934130184377,0.7047934701322474
26,06005,0.0007717623055050371,0.9617750265325665
26,06007,0.0021584532898940027,0.7947457000916858
26,06009,0.0010150653953083441,0.9824806511126252
26,06011,0.0004497526232634108,1.2412473051834485
26,06013,0.007179046313276261,0.43245712208741766
26,06015,0.00046127398929369145,1.2479687481718966
26,06017,0.0020167162544688965,0.9141981183672584
26,06019,0.011569435162130602,0.3323207465357962
26,06021,0.0004695323203464862,2.2395598353016406
26,06023,0.0017706200227349668,0.5129665271536413
26,06025,0.003039051499330892,0.6230919949649002
26,06027,0.0006413146081167289,1.879364114361326
26,06029,0.010650644615677654,0.35118427925561624
26,06031,0.0025903591121926688,0.8513635797067792
26,06033,0.0010859938444788182,0.8195489400594954
26,06035,0.0006500723108781008,0.9015469400454538
26,06039,0.0021952359314109647,1.2218761288887063
26,06041,0.004267810672715169,0.33596629522572274
26,06043,0.0006438436840956971,1.1276542384197001
26,06045,0.0012732943292388583,0.9698398987636202
26,06047,0.0045705645202143265,0.4177841037754722
26,06049,0.00042942507035961065,1.6951168766489217
26,06053,0.005032951888649931,0.8415309764724713
26,06055,0.0014860618855135077,0.5283261398646478
26,06057,0.0017711135677226917,1.368649255688493
26,06059,0.017398045086085577,0.34307602321516506
26,06061,0.0039987491067111506,0.4063016012963346
26,06063,0.0006247675120313484,1.209306950027099
26,06065,0.018711090644299697,0.5541875409850104
26,06067,0.010194787101158351,0.30642893786481107
26,06069,0.0008824827304553183,0.8396518587387392
26,06071,0.01899725905954005,0.31673025389970966
26,06073,0.01654846635601185,0.30117405073144315
26,06075,0.019128693204540914,0.6488583640800484
26,06077,0.006985080951612755,0.3503154192951896
26,06079,0.0037159659387357704,0.5982860336646387
26,06081,0.0061520523461220744,0.4461498326674338
26,06083,0.003399745227954635,0.9867605338011602
26,06085,0.016501601096406075,0.4226396487561647
26,06087,0.0031905005802568345,1.0528017682967428
26,06089,0.0019785383162754747,0.4087418482301937
26,06093,0.0012860737862543524,0.8580025965656846
26,06095,0.0030807671286487456,0.4153417922848401
26,06097,0.004708979773526449,0.3519474967078822
26,06099,0.005543314474784795,0.39072217217251004
26,06101,0.0014690655209715858,0.604417568361242
26,06103,0.0009501213267057902,1.036858726775968
26,06105,0.0005434681895469493,1.637128241454773
26,06107,0.007470349982181008,0.41112118965690886
26,06109,0.0009099505785876196,0.915459232303148
26,06111,0.005431542792965484,0.4442892272616279
26,06113,0.0029656458070698487,0.9427690835004301
26,06115,0.0010518581523397583,0.8012236746889639
26,08001,0.005741178950576987,0.36250653815040446
26,08003,0.00024156275284688543,1.8013631518899633
26,08005,0.0051936337036059006,0.3483044053154814
26,08007,0.0004361525451735849,1.6518767502846656
26,08013,0.0037784407852166383,0.6459372736959811
26,08014,0.0010262793235745944,0.65702154027063
26,08015,0.0005474405406394336,2.0534397060677287
26,08029,0.0007926246595758842,1.1048069301927177
26,08031,0.01041344296892753,0.4311939708967387
26,08035,0.005032119669887953,0.3445736263686595
26,08039,0.0007048894775484163,0.9721140263674706
26,08037,0.0010091566166391414,0.7728460110414093
26,08041,0.006080931814979932,0.3515888743498715
26,08043,0.0007673760984676181,0.8567088404216299
26,08045,0.0009056423438279097,1.2236417802454294
26,08051,0.0001858875407239846,1.654853119870778
26,08059,0.004304306345915382,0.266057450805709
26,08067,0.0007239030716622345,0.9994713831927575
26,08069,0.00311757039989717,0.48245257864390845
26,08071,0.0006988155425912432,1.318658595315996
26,08075,0.0003573290727985644,1.1017398326913759
26,08077,0.00139860262541483,0.5152543493392321
26,08081,0.00023463804569673468,2.1873507407514263
26,08083,0.000447086149240657,1.631104355603057
26,08085,0.0006506297405358974,0.929656511596215
26,08087,0.0004858920238347434,1.441516935466708
26,08089,0.0007033308683275594,1.222159327950721
26,08093,0.0004472704793288307,1.4627932429720072
26,08097,0.00021768068199814623,1.7063188092526307
26,08099,0.0005383643162854883,2.1528888271528546
26,08101,0.0013492114313943574,0.40192199893464325
26,08107,0.0005785908101441262,0.966091290285051
26,08113,0.00048241490941440356,1.7063653842614341
26,08119,0.0005685121868691989,1.4584420442088177
26,08117,0.0008777362207644275,1.2924774932534413
26,08123,0.0024468804319267303,0.48698922083554097
26,09001,0.006125285788853075,0.34170830697374593
26,09003,0.0031502163166014486,0.3034986546969297
26,09005,0.002555043398949649,0.4163364760892637
26,09007,0.0020614236589073655,0.6027135719580461
26,09009,0.003538832999123242,0.287137017484827
26,09011,0.002035930311155264,0.31018222161330433
26,09015,0.0011794065052826994,0.8232474731614777
26,09013,0.0013941747960063862,0.5449752037122102
26,10001,0.0012382039590229468,0.47451083463824073
26,10003,0.0021258234299530903,0.3239087809567516
26,10005,0.004309509004647271,1.0313758365050107
26,11001,0.01587470233310698,0.5696588287348446
26,12001,0.0036959914763624335,0.5214767056664903
26,12003,0.0004703511304011639,1.1483050681470253
26,12005,0.0017271618892882822,0.4682423398472454
26,12007,0.0004588998111333059,1.441808892447586
26,12009,0.004783369938964951,0.3052067777970485
26,12011,0.011420675481471668,0.2759647077590217
26,12015,0.006575683074965164,0.49600663324135474
26,12017,0.0035782078526757147,0.5267570166216604
26,12019,0.0017564545187361013,0.4972927067870819
26,12021,0.008856155933317822,0.5179537276060829
26,12023,0.0009273599500220626,0.7288855685198803
26,12027,0.0007043153229168466,1.035812797391879
26,12031,0.0052439627370621245,0.2691227661393524
26,12033,0.0024770899212325174,0.32964331889097614
26,12035,0.0020906561303755834,0.6156525602635383
26,12037,0.00025424525707016355,2.5628546855324097
26,12041,0.00037251525365499086,1.2496483923470736
26,12039,0.0007800304995977587,0.9818739026300338
26,12049,0.0006223166823439805,1.2927408758049113
26,12051,0.0004519144769149963,1.7062394144004827
26,12053,0.003237819568287094,0.5573251956844283
26,12055,0.0027919352788931054,0.6198988499858424
