src_state,tar_geoid,mi_shift,moran_shift
28,34019,0.011923490467925698,0.6035450009044577
28,34021,0.01176547894123755,0.6285511314376387
28,34023,0.021384948593721056,0.488762232222928
28,34025,0.019183255280469682,0.3108645180303581
28,34027,0.027166865174064195,0.45195350296408376
28,34029,0.030852366625146396,0.5536142606227817
28,34031,0.014215711638927576,0.585781599211325
28,34033,0.0062538001716370105,0.9058446353018474
28,34035,0.01762369713485258,0.4668392157252272
28,34037,0.01347602487002444,0.4888581379946741
28,34039,0.01485772713308705,0.5952103712811211
28,34041,0.007324926050948955,0.6201794975912336
28,35001,0.01606466925297065,0.4440997722108225
28,35005,0.002501932904181424,0.6208515632097577
28,35006,0.001962679746746579,1.839042048956907
28,35009,0.0016477831838415096,0.7721594042835432
28,35013,0.005088315786606423,0.6403555298489346
28,35015,0.003024294564583255,1.1064456719583138
28,35017,0.0033347291339917247,1.3581161719136394
28,35025,0.005130799255711693,0.7629808513531683
28,35027,0.0021576511287584783,2.5262508114778583
28,35029,0.0014089575601580534,1.134086194622221
28,35028,0.0019788296791348144,1.9958529006697783
28,35031,0.006362107717168821,0.7408827950311296
28,35035,0.002717242109556648,0.5943779194882288
28,35039,0.0029464286179669845,1.0443607304902818
28,35041,0.001465485873689463,1.7596636356725495
28,35043,0.0035713474404791955,0.4988455537553061
28,35047,0.002395947880286307,1.1280495251601408
28,35045,0.004867002952691589,0.6038927347338001
28,35049,0.018819339925628384,0.5389146925725482
28,35051,0.0029050614107076767,2.43417258024849
28,35053,0.002198668179182542,1.3914021821877331
28,35057,0.0008443068861865774,1.5311395777318308
28,35055,0.00280855078123611,1.195999011193309
28,35061,0.003907827884920012,0.6702624002934909
28,36001,0.01592335438597275,0.4790478777629591
28,36003,0.0048808330429680104,0.7200030704064142
28,36005,0.03733820116759816,0.36471313043032816
28,36007,0.00861815017084952,0.39107028376356
28,36009,0.004500672286935661,0.6568314479444144
28,36011,0.00638221584895742,0.8251178558861323
28,36015,0.004144422123534053,0.5442765434028293
28,36013,0.009575330483020611,0.747257233492865
28,36017,0.004592460367117702,1.4184402341405165
28,36019,0.0043009659596029036,1.0113015897226851
28,36021,0.009759318457665667,0.8943105274267563
28,36023,0.0025286243054756935,0.8831589174832712
28,36025,0.0068239606677282195,1.378582481615966
28,36027,0.014397960508488416,0.5316483259121381
28,36029,0.02020211610565267,0.34587684134369123
28,36033,0.003799340436203251,0.8959020913656006
28,36031,0.007413098797359591,0.836080870201585
28,36035,0.004712592825318864,0.8165155546198101
28,36037,0.004265078615826292,0.7294325607508573
28,36039,0.005199925530593296,0.9877374308764842
28,36041,0.003931005792644988,1.798202010302593
28,36043,0.0066112798137913376,0.6831688224624928
28,36045,0.005349496269242337,0.652197875489054
28,36047,0.04545979226340108,0.5396965807739523
28,36049,0.0030829287008564375,1.1217895104853906
28,36051,0.0024954271215996294,0.9034181568351785
28,36055,0.019290884866078117,0.4903043985569546
28,36057,0.003989827886209278,0.8545268623426134
28,36059,0.038141265557185104,0.3567448359682093
28,36061,0.08674132467671195,0.5638096751859734
28,36063,0.010306102023337226,0.4991840598304112
28,36067,0.019814484941008317,0.4666381263938572
28,36069,0.006396096123445677,0.6432875273613452
28,36071,0.01275211724357489,0.7110105043074599
28,36073,0.0029413691079144062,1.5609366696930638
28,36075,0.0058374865047574895,0.7402022633881299
28,36077,0.005273190449062069,1.681595607124605
28,36079,0.008293443546527727,0.6045041052091688
28,36081,0.042206191893897634,0.45524454912025064
28,36083,0.007251088504625065,0.8256681815554278
28,36085,0.015196200309687123,0.3278425387155882
28,36087,0.012918673154008062,0.7064905455526744
28,36089,0.005095500129592949,0.9822394098830034
28,36091,0.011430372980006273,0.4567911808433256
28,36093,0.00731864517080276,0.3745070861145013
28,36095,0.003133205843802661,1.1729869800532162
28,36097,0.002513558557419529,1.2608115626175633
28,36099,0.0038907616414169156,0.9482064897435025
28,36101,0.008743236030854785,0.8934203400914367
28,36103,0.029594692595743058,0.44092615201766844
28,36105,0.005644341571883664,0.5841308682711995
28,36107,0.003445790943261202,0.9945284587354019
28,36109,0.010440351867642873,0.8280759380851669
28,36111,0.012229909767397023,0.5012028673303202
28,36113,0.00709191756658988,1.0144025914837251
28,36115,0.0052170580986081955,0.9940101642055073
28,36117,0.006038207108220209,0.6491681190388905
28,36119,0.022760269400992107,0.357279718894223
28,36121,0.004200038823473287,0.8777312464487607
28,36123,0.0029220141569154625,1.1398245828035398
28,37001,0.004441956981354197,0.5353339711095793
28,37003,0.0023976936933830448,0.9934936334013224
28,37007,0.0015139559440922987,0.8723336909470517
28,37009,0.0025979577052383826,1.2688167391392717
28,37011,0.0023474894443098336,1.2963876495876079
28,37013,0.003314462895896522,0.8841804792165848
28,37015,0.0012898259631714134,1.5096339540163655
28,37017,0.0022459575589278582,1.1506049952922544
28,37019,0.015461636798051778,0.809226950688376
28,37021,0.0116642993877141,0.3516517980545952
28,37023,0.004974271282056837,0.5683121044240718
28,37025,0.006199478569709985,0.41629111506235433
28,37027,0.004111364271556093,0.5449742425784455
28,37031,0.018667603628967966,0.5219844884745553
28,37033,0.002182628026354041,0.9500789605823134
28,37035,0.00611115624366453,0.5072103877541444
28,37037,0.004204171138637606,1.1912454096105254
28,37039,0.0037494446588818117,1.326566934934354
28,37047,0.0034786358074322507,0.6579112312749376
28,37045,0.005124251446868761,0.5744162487704599
28,37049,0.00303906620719006,0.910475978364832
28,37051,0.01263828965636369,0.7777459214093
28,37053,0.0017140911486070117,1.0428233390999377
28,37055,0.0046261186880382985,1.576964140998005
28,37059,0.002791455622749105,1.001948573444016
28,37057,0.008001057912011646,0.5117999846895307
28,37061,0.0027268977855696122,0.7698469649728467
28,37063,0.014985924705954464,0.2879009014792619
28,37065,0.004056416170663439,0.8769090790518445
28,37069,0.0025887099141671355,0.7308033188496343
28,37067,0.010328541153568776,0.3076886443143668
28,37071,0.012474158608106276,0.4438947491293044
28,37077,0.002458391045540412,0.8073950845130031
28,37079,0.0013964501484962342,1.3199192530718344
28,37081,0.010370656739712256,0.3075269211663118
28,37083,0.004224712577016428,0.9967538169399723
28,37085,0.004407696208154057,0.9592781141215112
28,37087,0.005296108320744009,0.6699299892330042
28,37089,0.00880263771904506,0.4833862240509204
28,37091,0.0013361694879232742,1.1209523117270284
28,37093,0.0017380706884153234,0.8501748884530257
28,37097,0.008339995790653433,0.5325130189260382
28,37099,0.002185767089739503,0.9921172815006672
28,37101,0.008648759208378676,0.5800079075677859
28,37105,0.0017580439215639948,0.6704263971264066
28,37107,0.002454293485237809,0.731496102214969
28,37109,0.004814352265998215,0.7870977793568618
28,37111,0.00423134652504301,1.0249211243773424
28,37113,0.005676992068515436,0.9789504091608172
28,37115,0.0025895088566416273,1.1672621935489382
28,37117,0.002506970567812254,1.1823607534882536
28,37119,0.028791378157406226,0.3074549098523817
28,37123,0.0014188603098604297,1.2803164143317665
28,37121,0.001727792896336887,2.0553049707752757
28,37125,0.006039274865530061,0.6098898673627499
28,37127,0.004053297461556223,0.6006521827598208
28,37129,0.007293059181774381,0.4080465190665269
28,37131,0.002359894904235661,1.6178335078220898
28,37133,0.01548866176089724,0.5171985567877476
28,37137,0.001811742635057607,1.6158010309196518
28,37135,0.010276157201434967,0.8478783997412122
28,37139,0.0016486098039852402,0.9929814959512132
28,37141,0.002776941696259871,0.7749975986397923
28,37145,0.0020710896632461216,1.1171601141296674
28,37147,0.004250316048391028,0.5222772092609034
28,37149,0.0041814154883041115,1.230725733960249
28,37151,0.0051703353847821895,0.5267698209827423
28,37155,0.00569314194241046,0.5029781303456317
28,37153,0.0030057597429112527,0.7915856664411055
28,37157,0.005354892263090805,0.5649654517505134
28,37159,0.004726370652719034,0.4812169871827548
28,37161,0.0034808447768108763,0.7293437854505037
28,37163,0.004069043194482031,0.8242648986842313
28,37165,0.0024124813136281267,0.9873631767910875
28,37167,0.00452413182195049,0.7586109461127176
28,37169,0.003204443892018585,1.0830655420570048
28,37171,0.0059966571188896705,0.6289948003989834
28,37175,0.0036467861769608374,0.9701071367990226
28,37173,0.0005555477758518859,1.0936575904893922
28,37179,0.011279800052477942,0.6177850897076641
28,37181,0.0020109374465682637,0.8014865286435313
28,37183,0.03074639018188944,0.45316217569574735
28,37185,0.002702542893787174,1.5868242453139743
28,37189,0.005288699833604693,0.6502686875920808
28,37191,0.00338788275076773,0.4272161268940462
28,37193,0.004698315577192611,0.6867419449759764
28,37195,0.0033571298887217836,0.5969819414394884
28,37199,0.002582930814053393,1.417306774497291
28,37197,0.002870648547683793,0.9793358982003388
28,38003,0.0014294857588339576,2.3622615221930814
28,38005,0.0023018188625404975,1.390479570112906
28,38015,0.0064605584073871005,0.5666633202784715
28,38017,0.008473571926725479,0.5352656397369934
28,38035,0.004555597705257117,0.5919074539610809
28,38053,0.0015021749665494997,1.8789511346554744
28,38059,0.002155166622005087,1.6086915291085049
28,38067,0.006336655502122757,1.0288588011673088
28,38077,0.0032489506986969276,1.8839950190973191
28,38079,0.0011126489372295701,1.5229092017908215
28,38089,0.002588655857573511,1.0644317945786863
28,38097,0.0023152095455368604,1.738827941505384
28,38093,0.002115791655966331,1.3863716488479434
28,38099,0.004999771707638217,2.1035788666839927
28,38101,0.002893406846381384,0.681219723272755
28,39001,0.0024868830498594612,1.10664200932668
28,38105,0.0017048780267904418,1.306378238509818
28,39003,0.006506404786819557,0.4083013973418628
28,39005,0.0032487266761630816,0.7101150035508809
28,39007,0.007798855810454492,0.8505427321841542
28,39011,0.003971476907118223,1.4340146441353443
28,39009,0.00537849026581847,1.2729616753738398
28,39013,0.00561721155501824,0.6391576223759565
28,39015,0.0036099796109000677,1.1020603109184197
28,39017,0.008266367666423267,0.8972172048621837
28,39019,0.003115522253112407,0.9657280099919783
28,39021,0.0024979157973702977,0.9636852480739817
28,39023,0.009397349944458665,0.4185240796941087
28,39025,0.007600900292658937,0.5690573431929145
28,39029,0.007255115485056581,0.8699971060570904
28,39027,0.0030095380216735297,1.2230260977500285
28,39031,0.0035030745902822984,0.9376408380640842
28,39033,0.00514924717085964,0.8764626243918469
28,39035,0.03196534165322098,0.3445838753556368
28,39037,0.004292197564706265,0.9533123901697571
28,39039,0.003736478824900244,1.2022926046477456
28,39041,0.012457557902571269,0.5334643123621344
28,39043,0.004360740802616903,0.7045814789951169
28,39045,0.005178858530978525,0.7237925435259581
28,39047,0.0034656100849823302,0.9997720528612754
28,39049,0.024492183143679833,0.3539363496225329
28,39051,0.003806897308358069,0.9771671736224529
28,39053,0.0023180440644454256,1.0166087958525754
28,39055,0.0076350282330895055,0.7979210819401978
28,39057,0.00704249721605359,0.541288450476711
28,39059,0.004209489111886671,0.918512748358869
28,39061,0.02352877050667432,0.39724504832916085
28,39065,0.002513453466079094,1.2263748412425934
28,39063,0.00647722145031215,0.7146190201552456
28,39067,0.002507465315965497,1.7270285923623336
28,39069,0.0031857500645727406,1.1532959527248121
28,39071,0.0029695718126495976,0.9224783202197351
28,39075,0.005186970172416478,1.1861980409873838
28,39073,0.0031954800657068186,0.9445901446650171
28,39077,0.0047925095095804745,0.9006336526243688
28,39079,0.0024255418583181633,0.9430251949083578
28,39081,0.0075550504140992755,0.7605059924662764
28,39083,0.0029544809812426863,0.724663550862398
28,39085,0.01320873114459417,0.4270669076041772
28,39087,0.0034740771226942197,0.7518504077148939
28,39089,0.0055956833836537535,0.5323222540023445
28,39091,0.0033832452857737614,1.227802113344825
28,39093,0.008791937012716008,0.3268000070849592
28,39095,0.013161427960990067,0.38967665568129856
28,39097,0.00341399848253006,0.7777357362764562
28,39099,0.01527853502303725,0.35995331155117327
28,39101,0.0036958441014998274,0.4557123535152196
28,39103,0.008954961462331205,0.4617470397244001
28,39105,0.002967800502058121,1.0003034721880557
28,39107,0.0029168691684092777,1.080664073603417
28,39109,0.005265456326181853,0.5857036780447897
28,39111,0.0022558933860857993,1.6168848030715446
28,39113,0.012445477411456787,0.2857155233493911
28,39115,0.0019475968626474925,1.152026195486354
28,39117,0.0029051009927436784,1.1894833529811428
28,39119,0.005826739316676651,0.6034962694945831
28,39125,0.002918875298478003,0.9599145976559904
28,39123,0.00800113523224721,1.5656364435326466
28,39127,0.0024343071254596758,1.1462145845984757
28,39129,0.0026507472648729592,1.0003893900283245
28,39131,0.0023066895176203765,1.0877082051420897
28,39133,0.007593757968553076,1.0082856349638403
28,39135,0.004828948203158507,1.1476708172220744
28,39137,0.00448654719935875,0.8902980573210635
28,39139,0.006970301961015965,0.45652922450733846
28,39141,0.003659070385182755,0.6631249850380204
28,39143,0.004922994298771892,0.7356053989217213
28,39145,0.0033380141673526333,0.7143451054823211
28,39147,0.005873490725271518,0.9071730709403826
28,39149,0.005032474129456449,1.0307658819038985
28,39151,0.013834773357028525,0.3291047077558054
28,39153,0.017308619066781696,0.38525445438758155
28,39155,0.011619195956976169,0.4744869776308905
28,39157,0.005773898465811742,0.5292207272064456
28,39159,0.002333090046798227,0.9277959931213503
28,39161,0.0032842202202066576,1.0115388980163658
28,39165,0.008820978830927268,0.4996796951850546
28,39167,0.005133461358788166,0.7335137261802588
28,39169,0.005659493821197931,0.6858232459266874
28,39171,0.0038574023674111083,1.131417200808712
28,39173,0.007404249916653024,0.9715653149906336
28,39175,0.0026084056213981155,1.125643496023596
28,40001,0.002557118008389027,1.5216806609868039
28,40005,0.001447962181493741,1.1354898457770375
28,40009,0.0009112589221859668,2.071029668174672
28,40011,0.003805705154291673,2.9960739803604315
28,40013,0.0017452500906394587,0.8931998719237191
28,40015,0.0028144131575472847,1.0155057422162703
28,40017,0.0053060846789632025,0.662722222586697
28,40019,0.0033758570449450432,1.0553296915233046
28,40021,0.002256579223039632,1.026825273825159
28,40023,0.0029219245079207213,1.5292990672340396
28,40027,0.007566251271422308,0.4907307971163761
28,40031,0.0050706203296479,0.36294295097536977
28,40035,0.0020144031680825025,1.3461772272969885
28,40037,0.0077684737862130345,0.5942417747555551
28,40039,0.0013943201608613656,1.7139326957797603
28,40041,0.0042630225629436205,1.0712209975672553
28,40047,0.0026716927454149644,0.6689685848645293
28,40049,0.004068663693651825,1.1601238568537093
28,40051,0.0025310096038112357,1.0685455733962017
28,40061,0.002069050154884998,1.306031745731183
28,40063,0.003299583559882552,1.3858281073415895
28,40065,0.001987019781793552,0.9222083451936451
28,40071,0.003106120968516195,1.1304123841859883
28,40073,0.0017614241476341217,1.7118006202832634
28,40079,0.0044605431065716005,0.8375970913100063
28,40081,0.003526233468231173,0.8236915866622203
28,40083,0.0015615863145212322,1.1018110686364628
28,40087,0.0026176616823475234,1.1536209244909645
28,40091,0.0029349090598846895,1.849617349730796
28,40089,0.0026705810653563653,1.1006665828861664
28,40095,0.0014590376218285481,3.144532502478972
28,40097,0.0031541860594921207,1.7370158995545932
28,40103,0.0016475225877512253,1.6736273216970126
28,40101,0.0026016366518492014,0.6610860358818045
28,40105,0.0018174975213801025,3.110461829356437
28,40107,0.0017673504700585268,1.7106947490155
28,40109,0.020373222844850068,0.4267021609463762
28,40111,0.003387634991240411,0.9510090977559319
28,40113,0.003679407088375517,0.9007093458320125
28,40115,0.00452932114249159,1.1442077333291834
28,40117,0.002932696286444455,3.1752336968559174
28,40119,0.006792823001456387,1.1494653346346253
28,40121,0.00333889700481354,0.8177786650007755
28,40123,0.0024462026336690527,0.9318123988648516
28,40125,0.004189431329833862,0.6354155674391472
28,40131,0.007773676954861935,0.5228825595572484
28,40133,0.003971074488895867,1.1528560792550697
28,40135,0.0021495331494967864,1.1515478112366893
28,40137,0.0033835814938970843,0.8172298963200422
28,40139,0.001743893576154869,2.0991838304321147
28,40141,0.003724774680576018,1.3437911142260885
28,40143,0.02082775470930113,0.29766299186619627
28,40145,0.00628772766349875,0.7712056238794934
28,40147,0.0033546630906384667,0.7236241411270435
28,40149,0.0015168470219107037,1.748927676950477
28,40153,0.0018586086618107905,1.355778432542367
28,41001,0.004715419434728319,1.4444635683893112
28,41003,0.0071069716645512995,0.844830190797295
28,41005,0.01886841031611283,0.43486162496000536
28,41007,0.0065082148151850445,1.2285401447123567
28,41009,0.0037171179190504445,1.026136723072623
28,41011,0.005981894699676226,0.9423722742274082
28,41013,0.0013363342559581976,1.7024144804630537
28,41015,0.0041460369772115015,1.3920788137074656
28,41017,0.011743420417692881,0.7038989480855231
28,41019,0.00961999827097108,0.584783733040314
28,41027,0.001439039932187039,1.989021282603822
28,41029,0.011004043702046716,0.7262822512184698
28,41031,0.0015084954751293385,1.5078544808403798
28,41033,0.008112147323684345,0.9306159989063696
28,41035,0.005451559499315362,0.7148196314398162
28,41039,0.01954141842000671,0.6717111049984085
28,41041,0.012564462413412188,0.6783255497724385
28,41043,0.005023520949601399,0.8408204739710035
28,41045,0.0015855397687325697,1.1341386055302072
28,41047,0.008303683486581729,0.43130797805440646
28,41051,0.04384623717646149,0.65309572595066
28,41053,0.0032857359958119725,1.0964128240891624
28,41057,0.005622300220942261,0.8361154043341307
28,41059,0.0034246827069046243,1.1235362761726362
28,41061,0.003375193642320017,1.0125672069461389
28,41065,0.002485289115658097,1.1236182455900614
28,41067,0.02748698502505721,0.34635508735793813
28,42001,0.006848848721464271,0.7902828417260398
28,41071,0.004621351153567686,0.834051651705048
28,42003,0.04618708871508045,0.36458167622885657
28,42005,0.010610299023862934,0.6103106528785954
28,42007,0.01631403466250474,0.5158323916659311
28,42009,0.007367548710183484,1.0119639545249741
28,42011,0.01165697074842372,0.725907947445714
28,42013,0.009236759253442474,0.5472964858350589
28,42015,0.007238429553725824,1.1288378623027202
28,42017,0.02776781356578201,0.42881654973175665
28,42019,0.011023064110785,1.139866174993791
28,42021,0.012351975558523482,0.6622186020660883
28,42025,0.007221998765057659,0.7060782015473005
28,42027,0.013339614688967492,1.2204052444498086
28,42029,0.022380814774624922,0.5238436028278766
28,42031,0.006015049918559258,0.7716069982348249
28,42035,0.0032777498234071523,1.379898910501581
28,42033,0.010058286595378324,0.9773370788119213
28,42037,0.006486150236465814,0.9214612348487965
28,42039,0.007378012897312066,0.6997347329181988
28,42041,0.010258278907455955,0.5640323549217696
28,42043,0.008592869157507304,0.41197863695164394
28,42045,0.01687335450115725,0.34488415660216654
28,42047,0.004539632689118687,0.9461999277222233
28,42049,0.01557981744845178,0.38399563600944814
28,42051,0.011710540684250191,0.5295290431699614
28,42055,0.006358021085319283,0.5238540833100713
28,42059,0.004942470028596089,1.0315337666397808
28,42061,0.006724003466682789,0.8220194874456883
28,42063,0.005104471258039737,1.541205192180532
28,42065,0.007175585531107727,1.389092412275336
28,42067,0.0027744191414366018,1.4663067718024567
28,42069,0.012956926150352023,0.41958952977826297
28,42071,0.016380457493543034,0.4574407057718865
28,42073,0.00806327391746043,0.5262454687760131
28,42075,0.005608318959765675,0.6498543863211906
28,42077,0.011709473634199403,0.7104264811046072
28,42081,0.005075948139368707,0.5876360707440207
28,42079,0.019723762015318114,0.4495707293420148
28,42083,0.005105653034958628,1.137615879679573
28,42085,0.010207328819453852,0.650571828858272
28,42087,0.00475898829671629,1.1213950846631897
28,42089,0.00858292298602488,0.4831542322844144
28,42091,0.03308758629675609,0.3458433150179755
28,42093,0.0014585648284837318,2.6554619475876136
28,42095,0.013302576710358113,0.49363283760161847
28,42099,0.006363042045910536,0.9968158443917465
28,42097,0.008412659708793895,1.10823535265829
28,42101,0.032931864736900435,0.5118911089102326
28,42103,0.008838966286176402,0.873718373400034
28,42105,0.0038120327768257807,0.9517260813898776
28,42107,0.015688247539656183,0.5297979799802804
28,42109,0.0026387953384301435,2.196262628124129
28,42111,0.010630698280687691,0.8112214799530776
28,42115,0.007315185129258041,0.8086835668930469
28,42117,0.006367236986750541,0.9219533687307065
28,42119,0.002217513532234026,1.1794294263419784
28,42121,0.008230322212314308,0.8270435283307697
28,42123,0.007581091549536154,0.9520381173597386
28,42125,0.016532163943374055,0.48954029528593246
28,42127,0.005940428750459689,0.7112419479219776
28,42129,0.02832364161659507,0.3501413490846322
28,42131,0.004853943473141064,1.0072718498816606
28,42133,0.01313499404143033,0.5940071629557572
28,44001,0.004832997015088177,0.9436156509112389
28,44003,0.011391113678312423,0.40401215280671876
28,44005,0.006621826788407969,0.5955722709685727
28,44007,0.01575805407642904,0.38517048503491835
28,44009,0.009627042582030985,0.5336327450337759
28,45001,0.002449550231215772,1.134171788574115
28,45003,0.004336191599358347,0.463353593621273
28,45007,0.00686821564954116,0.4731386630946564
28,45009,0.0008316540443572212,1.3409463112028408
28,45011,0.0012445415385202456,0.9773844788098253
28,45013,0.015427786208315617,0.5598548648269908
28,45015,0.004026749048064094,0.5190717088301022
28,45019,0.013058701017134938,0.4291670140879773
28,45021,0.0024878824717338172,0.7115874511026062
28,45023,0.0037518051466658413,0.9598940334594636
28,45027,0.003153017556057634,0.8850582347647493
28,45025,0.002185226748495931,1.0307618156941216
28,45029,0.001783246634615757,0.8912638253074681
28,45031,0.00289829953085159,0.7305856954606502
28,45033,0.0017369083684948255,0.9804099961308934
28,45035,0.004755790902071594,0.6321963007528045
28,45037,0.0025448673220925303,1.1398736363526707
28,45039,0.001757753764003103,1.0294251581748948
28,45043,0.0036449492561556472,0.821221255140787
28,45041,0.0030987138973102607,0.3882279906977855
28,45045,0.0158070363780439,0.3901924860761656
28,45049,0.0013143284665001137,1.3283341391621888
28,45047,0.002525251688145806,0.6637043121955951
28,45053,0.0007011060966278428,1.308328518002552
28,45051,0.014099793644801354,0.47979023239827157
28,45055,0.002718772583884708,0.5051763334727133
28,45057,0.0025078688519034466,0.6766124948727709
28,45059,0.003449251770246847,0.5985625694697887
28,45061,0.0012539419364184484,0.9392290208442055
28,45063,0.00792325961280425,0.373884080576998
28,45067,0.001959100117557341,0.8536537250477385
28,45069,0.0029033926831611937,0.9233726229666928
28,45073,0.003441037852263248,0.6443246561199646
28,45071,0.0023249978323435887,0.9985146731993968
28,45075,0.003935342068843291,0.6467473394756086
28,45077,0.0037335430579324563,0.865785508008526
28,45079,0.013500146828055589,0.3679678652745382
28,45081,0.0010647042999049163,1.0200733011348013
28,45083,0.007753746229704946,0.32447847151020426
28,45085,0.002970835847267751,0.5318034764953672
28,45087,0.003422744962068344,0.9174217275377009
28,45089,0.0030456723776018883,0.9117894483600781
28,45091,0.005516370850423165,0.4289346833176122
28,46005,0.0026066891269542875,0.938040779377351
28,46011,0.002482720522957095,1.3045398182185635
28,46013,0.003352774330143976,1.3360180930196777
28,46029,0.0021854293014056483,1.1587264043244776
28,46035,0.001201824080680332,2.058766820079642
28,46065,0.000982688053890806,1.919986651513913
28,46081,0.0022072983726541475,1.4217658544918261
28,46083,0.003711852853276165,0.8282105257919934
28,46093,0.0012104956174210071,1.323821124031659
28,46099,0.008440022253417568,0.4929101535786141
28,46103,0.005279063190973364,0.5903409257789513
28,46109,0.0017068258982611596,1.2784028713602618
28,46135,0.001217521571430947,1.5188059067102715
28,47001,0.003256171684310246,0.6493851476211526
28,47005,0.0028049435228383332,1.2400567305956098
28,47003,0.0022311919229618866,0.8441128808710173
28,47009,0.004728675305750098,0.4274686235352447
28,47011,0.004211774165159728,0.6393629750554858
28,47013,0.0034693778342570676,0.7458310737612934
28,47017,0.0021991460351630573,1.0706895994659003
28,47019,0.0045217699058482256,0.5958601346484704
28,47021,0.002592543488041331,1.0185195355837313
28,47025,0.0028778351815622783,1.0718941495033323
28,47029,0.0028313284205020474,0.9187241639779233
28,47031,0.0018887406832255418,0.8249834884210683
28,47035,0.005331375757957615,0.6314537410368931
28,47033,0.0021204232086726124,1.1701249108492422
28,47037,0.017603447428336194,0.3470520936509852
28,47039,0.0019335895646492825,1.5113033377172769
28,47043,0.003280677467327658,0.8507365020301735
28,47041,0.0010641985087250902,1.1038811603833072
28,47045,0.001995763812297768,0.8401499643200016
28,47047,0.003862519708033714,0.6945415849187361
28,47051,0.002635149622278207,0.7785617036381799
28,47049,0.0018385257910836655,1.67933642202852
28,47053,0.0026946963686996675,0.6548293023081537
28,47055,0.003532994581948498,0.9398083640331283
28,47057,0.002239976449638503,1.9403995778079168
28,47059,0.0049908347736287075,0.6670910510280315
28,47061,0.0014208683396736475,1.4189291458035282
28,47063,0.003160939693193299,0.7111265091650948
28,47065,0.007760484704245476,0.3333747411805902
28,47069,0.0018533724388103004,0.9234053355555618
28,47071,0.002256573693508454,1.0467790356718634
28,47073,0.004423617655336602,0.9892137919626689
28,47075,0.002135263140113632,0.8943974214563497
28,47079,0.0034098096281261155,1.1595737564794542
28,47077,0.0022284587036989077,0.9300832254978803
28,47081,0.0023096899678543325,0.9545077285563603
28,47085,0.001475664408455409,1.1015917119538772
28,47087,0.0018554715797381393,1.2215982607681821
28,47089,0.004232451704646785,0.9924160146739919
28,47091,0.0016209748558993855,1.2653397303672687
28,47093,0.012134121761256085,0.43543966788147265
28,47097,0.003209483126099683,0.9356494409292119
28,47099,0.004025809394132006,0.7112489371976263
28,47103,0.0031455321264434407,0.8904942669163499
28,47105,0.002559652572606791,0.8530052293260161
28,47107,0.0031610131555396314,0.9194091094040132
28,47109,0.0028272505430782494,0.9897816082758607
28,47111,0.0014369353445409536,0.9575040732186608
28,47113,0.0034793552215535623,0.5155680875308336
28,47117,0.0021953321836116276,1.3213349694975558
28,47115,0.0035856629137741482,1.0790664066202684
28,47119,0.003476130864028847,0.6018072822764828
28,47123,0.003836418293717986,1.2663954476210448
28,47125,0.009108973833737743,0.4788612609347599
28,47129,0.0024052910476625583,1.2017981509224616
28,47131,0.004307103268131313,0.9603264231250896
28,47133,0.0029035870316930154,0.9693571563152975
28,47139,0.002243221322821295,1.187178140921753
28,47141,0.0029267289632830167,0.7112717542271743
28,47145,0.003377972659699073,1.0375358358783502
28,47143,0.0019055382134892,1.506852721675042
28,47147,0.003524875407176461,0.7269661074890327
28,47149,0.007964942716445675,0.6031924394836191
28,47151,0.0018412031389169932,1.012921426530436
28,47155,0.003272208553707053,0.5743684512069643
28,47157,0.013947436912388965,0.32682501564697924
28,47159,0.0017757475021293989,1.0569046044700547
28,47163,0.012518982599279053,0.5255402510197337
28,47165,0.007758997579020928,0.48593326144265586
28,47167,0.0026092996782823494,0.8102458128356742
28,47171,0.002051542909388698,2.29113585012204
28,47173,0.0012385712672468366,1.1960764014970113
28,47177,0.002171640864533192,0.8541477054889148
28,47179,0.004204847343358922,0.6445630451229472
28,47181,0.001441849476609906,1.627578952470271
28,47183,0.0023151263734479325,1.4224958045697713
28,47185,0.00292806802380917,1.0448001570406602
28,47187,0.013842968288277515,0.41723289880429965
28,47189,0.0037359503286180074,0.7241689180929516
28,48001,0.0020464678719800257,0.9216851460057235
28,48003,0.0011155467329803587,2.8417942961651885
28,48005,0.0030318483052268535,0.5816077109408633
28,48007,0.00204268207736161,1.358615569390941
28,48013,0.0018327682137832277,0.9167247872022649
28,48015,0.0020159470410291255,1.2395262051251257
28,48019,0.00204765715578701,1.2873077825544044
28,48021,0.003945704013537566,1.1238714595546266
28,48025,0.001274341146276151,1.354401084158508
28,48027,0.01106037255186779,0.9173262518412753
28,48029,0.015720122077294854,0.34845311473738083
28,48035,0.003316124321268525,1.562055917174059
28,48037,0.003119333477704142,0.7848593272150526
28,48039,0.006850961919616921,0.6194235216426952
28,48041,0.014589210606528274,0.7077342160659402
28,48049,0.0033694653530982944,0.864626404640815
28,48051,0.0019870176137288514,1.1878119221575538
28,48053,0.003151955268283781,1.1099367655366967
28,48055,0.0017654699291539781,1.054001589056016
28,48057,0.0013691607235136898,1.4911601755862565
28,48061,0.015190728049710247,0.37807809498789097
28,48071,0.0009424838943560802,1.2838782483064626
28,48067,0.002299461230967743,1.7183990010996033
28,48073,0.001978924474509614,1.0895110894095144
28,48085,0.034813384506990515,0.4551463557954057
28,48089,0.0016331308023387386,1.074936859381068
28,48091,0.005934304250946902,0.9093896917697493
28,48093,0.0018464816194208372,2.0456187623404447
28,48097,0.0024580126991476836,1.1504523624429943
28,48099,0.006847240883402625,1.2504849238878808
28,48113,0.02713565546800627,0.3546795378295289
28,48115,0.0010504948971548043,2.275414391325843
28,48117,0.0012159145284759481,1.6845838409981226
28,48121,0.031143037376990604,0.7928343458560326
28,48123,0.002720817588098339,1.0181090619498472
28,48133,0.0016188572854075964,1.0495755951882701
28,48139,0.004599169599612836,0.5830504854411803
28,48135,0.008136730515394692,0.5117441482722848
28,48141,0.016961847626039073,0.34846794506015016
28,48143,0.0014607344949948149,1.0124391405082425
28,48145,0.0022241706249208704,1.83919248321949
28,48147,0.0034161571079039453,1.070236953248867
28,48149,0.0035130146857504456,0.9607002007289883
28,48157,0.0203752366449913,0.3978472276937716
28,48161,0.002275417488528472,1.4689103344524066
28,48167,0.006542127338061834,0.6777082657761392
28,48171,0.0032744130959130066,1.1933230348964885
28,48179,0.0021024511314040035,1.0410724285394723
28,48177,0.0021952212641306998,1.6667233012461837
28,48181,0.0036671483142156794,0.49720216853332966
28,48183,0.004846305621623701,0.5839255020389561
28,48185,0.0012834811189098216,1.599974647304512
28,48187,0.003982486766194834,0.8956506446664745
28,48189,0.002340508848315556,1.0832742900323942
28,48199,0.0024788749287862604,0.9120942479053127
28,48201,0.02706014918459158,0.29764171732934697
28,48203,0.0035100533723601587,0.6739882915077063
28,48209,0.008277282993306044,1.0821085352913398
28,48213,0.004602884863271033,1.001198391912102
28,48215,0.03129450848527597,0.3579671759277103
28,48217,0.002999510159735965,1.2989410403208652
28,48219,0.0022889354540564025,1.2000919909553753
28,48221,0.0035693899281374632,0.8593965943468038
28,48223,0.0032953313374710458,0.9582412409683663
28,48225,0.0016220652338695535,1.4833141887783967
28,48227,0.0021421988413139284,0.7747963754567386
28,48231,0.002731073734659362,0.9302748891673175
28,48233,0.0015864153175795793,1.1656409556148635
28,48241,0.0020598654619363773,2.055463676333252
28,48245,0.008338318733983486,0.34713639863239426
28,48249,0.0022401084946541082,1.00177238463578
28,48251,0.005506388152528976,0.60918961799642
28,48253,0.002394603175650923,1.8534019538972284
28,48255,0.0011992635036534374,1.2997645130431574
28,48257,0.004256350798778984,0.682103679604734
28,48259,0.0022314955284887237,1.0859278320200305
28,48265,0.0045728891671801605,0.9416478703783181
28,48273,0.002274575618944139,1.2592713114583942
28,48279,0.002049068011402629,1.4236507267341854
28,48277,0.0020615214487681374,0.7521301613136138
28,48281,0.0014921361741431624,1.3828592780242168
28,48285,0.0037318571946945564,1.0653832829424577
28,48287,0.0012023031151243804,3.0701755080012605
28,48291,0.002890473688105434,0.6356935565639166
28,48293,0.0030680295909110214,1.3852069444539663
28,48297,0.0011522616427660122,1.5669167532920691
28,48299,0.0057266455090662464,1.2722941419936225
28,48303,0.011273885853537613,0.4046157065524419
28,48309,0.00468902506107273,0.4140880812635176
28,48313,0.0011761951884872955,2.324912334775047
28,48315,0.0022835115056585665,1.9046830743935104
28,48321,0.0018190513476856274,0.9596673739921112
28,48323,0.0032800917501615823,1.1166535457769082
28,48325,0.002013714414532318,0.9410880707911117
28,48329,0.005560024527243155,0.5391639488374703
28,48331,0.002821620411537566,1.0047758259643362
28,48337,0.0028723891603593277,3.330516418158024
28,48339,0.014875142164619182,0.48676518178886535
28,48341,0.0010722513696998202,2.0895154170215005
28,48347,0.001789141333672243,0.7141015730181521
28,48349,0.0026378676647455662,1.076358575653028
28,48351,0.0012455099472559507,1.847681828560707
28,48353,0.0015336729932565825,1.4085509887689456
28,48355,0.007782179936938148,0.44043643622625445
28,48361,0.004302703002684941,0.6730081293537331
28,48363,0.002923559602714077,1.08484300685969
28,48365,0.0020356852773928172,1.9922018712634562
28,48367,0.004908277110787545,0.6529931564002389
28,48371,0.0014120930559171985,3.0057303231478594
28,48373,0.0037976632958815052,1.005838528372999
28,48375,0.00512166156934518,0.5803336302983522
28,48381,0.004890028274224704,0.5850228023937232
28,48387,0.0016587964247537959,1.109482246778238
28,48389,0.00218038541483181,1.7479133156772342
28,48395,0.0013501408667138555,1.025181722703076
28,48397,0.005062252279194342,0.9077331273628193
28,48399,0.0016121519875854462,3.3221189224628485
28,48401,0.003464648024273548,0.6853225706600402
28,48407,0.0007868755977750274,1.0767114766337653
28,48409,0.0037423847432261114,0.893663932692339
28,48415,0.000728886746294265,1.4140384157442913
28,48419,0.0017074406597461028,1.1219865418427932
28,48423,0.0041299177463172115,0.5137138229544901
28,48427,0.007138476908765243,0.9876912641383409
28,48439,0.021699760988424476,0.27598167247857286
28,48441,0.005588649405089706,0.3978606443992948
28,48449,0.0021841390046621373,1.039993941187359
28,48451,0.0036537148291212384,0.40189981201741287
28,48453,0.04125573068130106,0.37937735290392294
28,48455,0.0026547680565180034,1.5711051508272407
28,48457,0.0020559459350443714,2.4366577680852477
28,48459,0.0025620740892978466,1.0493642507747654
28,48463,0.0015384928139059602,1.7479688508889106
28,48465,0.0026312919572702327,1.0521930785419742
28,48469,0.0030648302890118593,0.47720355504180095
28,48467,0.0036949874551222327,2.240559156971994
28,48471,0.002409233190598469,0.9905000930898832
28,48473,0.001738868286282294,1.4847479457291506
28,48477,0.002165560075734961,1.189870485420913
28,48479,0.01808260604255647,0.3742139282700314
28,48481,0.0019376348886474748,0.7295066715687648
28,48485,0.005739966213059298,0.5228032150540716
28,48487,0.00102084575995198,1.672685081737146
28,48489,0.0028869730745179904,1.1053232237927457
28,48491,0.021150469686129627,0.534634266520843
28,48493,0.003422101532090766,0.8169653253379334
28,48497,0.0030739977596034346,0.8472820444602606
28,48499,0.003987573956566461,1.1340943845487457
28,48503,0.0012049279465118313,2.6068922785608377
28,48507,0.0011393652699298613,1.4998107419737927
28,49003,0.005351460614905668,1.201425879069055
28,49005,0.01192687592350044,0.7692164779257502
28,49007,0.002456849561933808,1.6058770301782754
28,49011,0.01849620394474863,0.7103897610683054
28,49021,0.0030047633121840834,1.0013672352418195
28,49035,0.032754703557182664,0.6305660983613949
28,49037,0.0017931920096677962,1.3316481550425545
28,49039,0.0023037977996430464,1.366444763844556
28,49041,0.002436991166164446,1.5284023285967487
28,49043,0.005246518144769746,0.8113351821686207
28,49047,0.0034813398048637316,1.6360786711552393
28,49045,0.0026492771677104113,0.7759450692701559
28,49049,0.047049099636229004,0.9838874385179284
28,49051,0.001321292999816746,2.58213499960108
28,49053,0.010330195021041209,0.568707593528527
28,49057,0.01047835607705578,0.3962777070285059
28,50001,0.006204810644499455,1.0069148458161312
28,50003,0.006216925016163577,1.1847341434679226
28,50005,0.005679708966521675,0.8511321443173328
28,50007,0.011139485267433672,0.8215118824031477
28,50015,0.003560207914136712,0.9798891849190631
28,50011,0.0039761364131813345,1.2843367247765376
28,50017,0.006649451081505219,0.9629466396020266
28,50019,0.006113278849158195,1.141296193479918
28,50021,0.011194021955568182,0.7257068543427408
28,50023,0.01003246619144306,0.7354934711111917
28,50025,0.010822560190453238,0.7569641457043035
28,50027,0.009709323744980722,0.8504889173873293
28,51001,0.003146586917337995,1.1617842482774623
28,51003,0.006704850020397402,0.7780838295112373
28,51005,0.0039044597665037185,1.5671131463707224
28,51009,0.0028690053324289745,0.918145862013001
28,51013,0.03740955195917199,0.5142287994034195
28,51015,0.005322500321747431,0.7340431758772181
28,51023,0.00357286460940464,1.0743963787777346
28,51027,0.003983799780368339,0.846298606024881
28,51025,0.00084636867573301,1.5774364282999123
28,51029,0.001602297888463912,1.4133229364887465
28,51033,0.002276826231960901,0.8792245058497261
28,51031,0.003853542723464022,0.97236975583326
28,51035,0.0036357723884552547,0.8763625387905031
28,51041,0.011832702280420266,0.3872337048100326
28,51047,0.0029251351020837717,0.869818922026506
28,51051,0.0014723748849915688,1.364607293072991
28,51059,0.03812953874513637,0.39696394168728083
28,51061,0.005561336882346083,0.6599030634775144
28,51065,0.000917480959963002,1.455486341391101
28,51067,0.003260801314721002,0.8872726507271943
28,51069,0.005100396819532405,0.7674697413764591
28,51071,0.0020451175038476784,2.497630988990713
28,51075,0.0018317168019862868,1.4105714370068696
28,51073,0.0030593654263508813,0.9999729106468053
28,51077,0.0029587584982597066,1.137673413420466
28,51083,0.004193817051237931,0.9267087582841418
28,51085,0.007018366257334476,0.5588942873313538
28,51087,0.010334386196823817,0.4758043760547766
28,51089,0.006457904607522561,0.6562906283640193
28,51093,0.0038525481594487818,0.9893038250149596
28,51095,0.004498194206627389,0.9763140845825752
28,51099,0.002069593525827874,1.2361160952085561
28,51105,0.0024406792276652008,1.1324798019056463
28,51101,0.0010676555310120293,2.4035422344037505
28,51107,0.027849116487282558,0.46249857335522904
28,51109,0.0028749249383273837,0.9333668856537143
28,51117,0.004403550016090232,1.0846384175109876
28,51119,0.001900684524817356,1.8119118017998075
28,51121,0.0065148939190704655,0.7653022951089554
28,51135,0.0003757038952349726,1.4801792774449964
28,51137,0.0017071523615292716,1.9197815398219606
28,51139,0.002430862784363982,1.716530207599777
28,51141,0.0020978641980665034,1.3976312363455528
28,51143,0.00725519581442191,0.7011756046307467
28,51145,0.0017591976513176139,1.2300814804634899
28,51147,0.0007843917135384735,1.995615432219175
28,51149,0.0017948379715902298,1.2490331910344732
28,51153,0.02742114098445942,0.5240765371234368
28,51161,0.006187599136943249,0.7932656378412686
28,51163,0.0015689496785484763,1.6691636221391815
28,51167,0.002761322343165987,0.9576938425958467
28,51165,0.004830020901036701,0.6094985419294109
28,51169,0.004593647487144558,1.3196263288035197
28,51171,0.0034205896787109637,0.9071792011620397
28,51173,0.003976803528371915,0.924116134428887
28,51175,0.0016711513053823675,2.3525477448058525
28,51177,0.008579936123591534,0.4783824003464754
28,51179,0.009095820755383201,0.7303645630427947
28,51183,0.0024927444517694147,1.260672070070101
28,51185,0.003265396307067932,1.228195631439776
28,51187,0.001995862849992984,1.1359768242432955
28,51191,0.004265168589026731,0.788100879442165
28,51193,0.0010232394851273647,1.7566999219674433
28,51195,0.0030420984298500653,0.9025358974344947
28,51197,0.0020055305008774235,1.206255634170481
28,51199,0.004980105488345075,0.7588614211922321
28,51510,0.023698852608317823,0.6191029594882892
28,51520,0.001179765484377037,1.6000105197911898
28,51540,0.006966531642881192,0.7353073092350302
28,51550,0.00966026829545397,0.49302389937128344
28,51570,0.0014501122555410802,1.6708476301146928
28,51590,0.0036811805675473516,0.6691121343488019
28,51630,0.0021186370726395854,1.3509598642163168
28,51600,0.002939570148760022,1.4245416621825893
28,51650,0.005295035535984374,0.3555531630983711
28,51660,0.005504963288528649,0.8043309404180848
28,51670,0.001024645572065196,1.077523102217373
28,51680,0.007574341418501001,0.5741569768832983
28,51683,0.0048010973296900294,1.0812293989004615
28,51690,0.0021551388808090915,1.056707839548615
28,51700,0.005873807155880774,0.5894537328451811
28,51710,0.01934446368256105,0.44950238397473447
28,51730,0.003075105833591868,0.821023492085583
28,51735,0.000785235141671053,1.2153893533703153
28,51740,0.005391130689034036,0.5220294907336581
28,51760,0.01700065870926424,0.3981451862261532
28,51770,0.0045420132929889934,0.4588366510507129
28,51775,0.0019300029396933217,1.3818929348895566
28,51790,0.0016981016691730178,1.1928559750531862
28,51800,0.007987291325271357,0.6089944769787751
28,51810,0.01558842693382561,0.41521933290758
28,51820,0.0015760983767578347,1.4747105904023614
28,51840,0.002600217166189032,1.3386382002582375
28,53001,0.0012185281590557167,2.6543487856159476
28,53003,0.0020093520499756858,1.6332958700338358
28,53005,0.007260566169511149,0.53999295332837
28,53007,0.0045530212592312,1.1748765405485315
28,53009,0.009876184851668086,1.049649039109528
28,53011,0.019640945735299162,0.3942864674137193
28,53015,0.004534195773393499,0.541811223199316
28,53021,0.007218096157944677,0.768955265254781
28,53017,0.0026136945403727402,1.1944914756510883
28,53025,0.003820797939113892,0.7328218935087053
28,53027,0.004368675551994617,0.6621286865927067
28,53029,0.008918494486974278,1.0882136790074672
28,53031,0.00597416831021211,1.4853974312992673
28,53033,0.05000577238676055,0.7094105088391732
28,53035,0.012798696598145325,0.4165263212359062
28,53037,0.0033857093331682232,1.4274052905834658
28,53041,0.0061136219587583016,0.8494013019749452
28,53043,0.0028377724519803717,2.325508495106458
28,53045,0.004262907583841434,0.6990534626784025
28,53047,0.0031227626144725387,0.8853638579404534
28,53049,0.00405316300588931,1.3827696011543793
28,53051,0.0037699872430114025,1.4445765824962329
28,53053,0.018047150122872183,0.33538693621807486
28,53055,0.00400864838973611,1.5138197964812086
28,53057,0.008649901616242947,0.8468845954015152
28,53059,0.00225296009922452,1.5835594611962247
28,53061,0.023481493125344446,0.33989235256933903
28,53063,0.01558535753688479,0.28091817499445393
28,53065,0.00521510579497585,1.0952131144438932
28,53067,0.013126756446550073,0.49541512442112096
28,53071,0.0024345092360268153,0.8564947697330699
28,53073,0.011499543992057272,0.6180405143996412
28,53075,0.004133225325845503,1.5727017427313021
28,53077,0.009505464036270173,0.5726012548809486
28,54001,0.0010846395283725147,1.5268409392119997
28,54003,0.005453021354728591,0.788178273745895
28,54005,0.003636602957977711,1.0309675531679543
28,54009,0.0028420186223991903,1.035830750372517
28,54011,0.0071742065297982285,0.5955654494651825
28,54019,0.004578963941441256,0.7452422579767205
28,54025,0.003776591618639442,1.2504805610879466
28,54027,0.0019346622737963037,1.2555557458164897
28,54029,0.0036038078763055773,1.4874587794562313
28,54035,0.0024560125875706432,1.0825430150238857
28,54033,0.00635504847420991,0.48794851012116325
28,54037,0.0030824860140911065,0.729902376571152
28,54039,0.011052861539124194,0.3640244807712048
28,54041,0.0025800690910571518,1.3606524452037843
28,54043,0.0018840720694600454,0.8415629861646521
28,54045,0.0029222746096123167,0.8186613075891823
28,54047,0.004935362572103402,1.0627575844796593
28,54049,0.0040325123557856096,0.6080421061202689
28,54051,0.00400296076058068,0.9183164527722976
28,54053,0.003005241107026019,0.9487860393794797
28,54057,0.0027677664602103135,1.1723321489604468
28,54055,0.00425375259568151,0.7829986496937333
28,54059,0.0037030850110739387,1.2104995322336032
28,54061,0.008243102192041751,1.0029310786628014
28,54065,0.0015591516736150762,1.795649001118376
28,54067,0.002323637095425903,0.9820370425145074
28,54069,0.006601542858880136,0.6539349701995385
28,54077,0.0037000245677011262,0.998270091451954
28,54075,0.0022633458458388195,2.462260321333018
28,54079,0.0036181392370236987,1.3055735508984645
28,54081,0.0050646836962487075,0.6174227443710328
28,54083,0.002743789945707994,1.2965037566827835
28,54089,0.0016052460489766483,1.5598043919648439
28,54087,0.0018594070531980412,1.8058171766148539
28,54091,0.00125982575147346,1.468101993888313
28,54097,0.002065809248638296,1.868081839332423
28,54103,0.002678242187470307,1.274105706973871
28,54099,0.0030634465637647077,1.2649254851415621
28,54107,0.0069447998770264,0.5062257172892413
28,54109,0.0021660752812008724,0.9927020914012618
28,55001,0.005948798579980756,1.0575363245669938
28,55003,0.0038189723497717596,2.172194399907355
28,55005,0.0054036671958007315,1.2030441483572365
28,55007,0.005174045570290261,1.4755171466925445
28,55009,0.008271213118494646,0.40427672275562604
28,55011,0.0038086936279351784,1.4367828259281663
28,55013,0.005778175328425797,1.148619089608176
28,55015,0.004594540767541756,1.2894847859617955
28,55017,0.004821940573462782,0.9441823720784035
28,55019,0.006316092340359509,1.1551107805592131
28,55021,0.006563436345674367,0.9316876323053939
28,55023,0.004768307817511456,2.346208827018702
28,55025,0.027997063656506397,0.7695162658777587
28,55027,0.0081744430872592,0.9762095126148596
28,55029,0.007191766830431897,1.3423553430233586
28,55031,0.004296532510227301,0.856301713217818
28,55033,0.004873340924454946,1.4055983643445882
28,55035,0.004601983204361007,0.5965561304244825
28,55039,0.006881485118302962,0.799567267050987
28,55041,0.002706818643137967,1.5681732977866403
28,55043,0.005762027786430832,1.367539224168982
28,55045,0.005425414105158004,1.1398115341537598
28,55047,0.003937394003115479,1.9007785276894222
28,55049,0.005304169634116886,1.0248744439592474
28,55053,0.003201267681678176,0.8905500723736904
28,55055,0.005982181156190776,0.711663689257965
28,55057,0.0054777623683373005,1.0174101993244213
28,55059,0.006114858123783776,0.5251086562542264
28,55061,0.0020199481867934975,2.2301655508256415
28,55065,0.004922260996914376,1.3109995992588583
28,55063,0.005350147703217729,0.6543913182321333
28,55067,0.003269045795355246,1.7234277246779388
28,55069,0.005787825899771241,1.450527469878245
28,55071,0.007729926383537672,0.6916919449146617
28,55073,0.008397538507325423,0.6079543733774075
28,55075,0.006619721902278448,1.1700021833377063
28,55077,0.004416624133569726,1.228640691794612
28,55079,0.034371794807924856,0.537686490177225
28,55081,0.004273179826523201,1.527420514413546
28,55083,0.005414618174808371,0.93640375775486
28,55085,0.009805351702507906,0.9997845135966101
28,55087,0.011307284599766118,0.45927251001027986
28,55089,0.008282263600338378,1.1157663250604144
28,55093,0.0026908486852591524,1.5499543479499496
28,55095,0.006071258026133869,0.9245433876642832
28,55097,0.005209542394828775,0.8389549561949787
28,55099,0.007382381492707333,1.2572499629010325
28,55101,0.008246985008158667,0.6179640654025765
28,55103,0.003422808282623377,1.60521590234887
28,55105,0.0059825608667515425,0.5466822955856733
28,55107,0.0037471094221609054,1.2575412800973051
28,55109,0.007232183398572247,0.8736613640824221
28,55111,0.006064122125255878,0.9660092244521291
28,55113,0.0033452309854151265,1.2017316809772625
28,55115,0.006345806191134494,1.107604624273994
28,55119,0.0038907081430207455,1.1746871862613657
28,55117,0.007506025459112907,0.7914996736724452
28,55121,0.005817736315135559,1.0042760992605162
28,55123,0.005085596863187101,1.2643457509135057
28,55125,0.005130969580180864,1.2949812165708798
28,55127,0.006267796268540664,1.194397533762346
28,55129,0.003704163586257751,1.341304219151166
28,55131,0.011325231515059488,0.6739526445150723
28,55133,0.028971832451873427,0.46335804305888484
28,55135,0.006506645217291548,1.017786804785022
28,55137,0.004740260204167568,0.9501154159076106
28,55139,0.009758897942397628,0.654961129246802
28,55141,0.0072076494977238925,0.9607695891222128
28,56001,0.005605638918326668,1.026096732228207
28,56005,0.004456787832651994,1.2006511220497822
28,56007,0.0015295206144828421,1.7962800690505043
28,56009,0.0016621565440003755,1.893373161106585
28,56015,0.0013139578457072405,1.8684405464892275
28,56013,0.0030595817469580727,1.372406414464595
28,56021,0.004570325165834928,0.4642241319471475
28,56023,0.0016247005477435948,4.664767513375321
28,56025,0.004290471343325366,0.5764552190193999
28,56029,0.0017620649720805712,3.5007274892915925
28,56033,0.0025769361252347897,1.4638326741884846
28,56037,0.0033220428276596195,0.7290472613635478
28,56039,0.0016762669722956835,2.0677313073041974
28,12057,0.021159641241163662,0.3782388901546077
28,12059,0.0013993142954218172,1.1190491687947284
28,12061,0.018401832813422336,0.41455748960053307
28,12063,0.003043347207237706,0.8228627804139453
28,12069,0.017493094129901555,0.4988034016441197
28,12071,0.044515075849106314,0.5183582943314577
28,12073,0.018581084352236522,0.801810646587271
28,12075,0.002700280729368794,0.9174432971018014
28,12079,0.0016742974494700173,1.0472448817550009
28,12081,0.02087084589586396,0.2836099278020882
28,12083,0.014170144502730424,0.42321538032352607
28,12085,0.01733068674632233,0.48427804303954863
28,12086,0.029068990590423355,0.3697448989404689
28,12087,0.017373111184696085,0.8113709295600975
28,12089,0.0028618475494224284,1.1037642784156934
28,12091,0.007246326861060824,0.631049097292734
28,12093,0.0032184236186276072,0.5998394818783601
28,12095,0.022596638720830703,0.3496200297183444
28,12097,0.010849056649770168,0.6241160536541738
28,12099,0.04501218714240686,0.45532051868839135
28,12101,0.0274422924421329,0.44454176175051274
28,12103,0.04733121407232242,0.30863604677011464
28,12105,0.013318847829815055,0.3978436774653602
28,12107,0.0034544018741971467,0.6110536359947008
28,12109,0.011813736187398522,0.6840500728763074
28,12111,0.011089154162695404,0.5400681597959364
28,12113,0.0063582504881481445,0.48968025247684727
28,12115,0.05347521959016167,0.5171121745694115
28,12117,0.013758384405643535,0.3845802870142275
28,12119,0.012433806278024113,1.087539485817281
28,12121,0.00211347241665184,0.947483850645896
28,12123,0.0008635675263868385,1.491118043069601
28,12127,0.026567124703965304,0.3748249111411792
28,12129,0.0013808303870166193,1.5574489350912348
28,12131,0.0022663283405290812,0.9165139477959863
28,12133,0.0021082626515859914,1.1407352263328938
28,13001,0.0018953737788816683,1.0788119812689394
28,13009,0.001569612724481847,1.0853577976626443
28,13011,0.0017849622241857465,1.3409251032926783
28,13013,0.004567354998876013,0.5281387714208674
28,13015,0.004265799170676779,0.8164834492474969
28,13017,0.0016100662846961317,0.9680228107711087
28,13019,0.0021805802118174283,0.92693851721764
28,13021,0.006222984608977562,0.38809643201360783
28,13031,0.00259632489745679,1.051552328084033
28,13027,0.0016639159006930123,0.9715372017051116
28,13033,0.0016731188371412512,0.8441256282794867
28,13039,0.0019801215708898125,0.9069988791035051
28,13045,0.004049554036311775,0.6576605541664797
28,13047,0.003472312063399227,0.8642534531541765
28,13053,0.007087096423553896,1.4948963371893174
28,13051,0.009559844002540353,0.325442057803892
28,13055,0.0019332584195264188,0.9757178396126143
28,13057,0.011691084698508714,0.5102484295711394
28,13059,0.01387973586212601,0.5033421113238397
28,13063,0.010421720359382785,0.3543507729462838
28,13067,0.023421055226925704,0.5690522305778655
28,13069,0.002359811587503264,0.9584540913888309
28,13071,0.002437794785855778,0.9080685429787966
28,13073,0.006392374743945364,0.5699906639821274
28,13075,0.0011377945579127218,1.2039687142149207
28,13077,0.005703609793375758,0.6129393432223227
28,13081,0.0013327020664591989,0.8853568290525552
28,13083,0.0017381457324618025,2.6917184933227642
28,13087,0.001488686289919578,0.9258713400364487
28,13089,0.01896279535097188,0.4535151649858184
28,13091,0.0024483870087267066,0.9505217468715953
28,13095,0.004565557610314883,0.43642097852273004
28,13097,0.005480638859115108,0.5575924959574482
28,13099,0.002716773855067629,1.034716053281508
28,13103,0.0026240664304353974,0.9325905793529717
28,13105,0.0019322913781843142,0.8999773595883885
28,13107,0.0012678429705822616,1.0865301466064439
28,13111,0.0023974710468792483,1.1131073033522254
28,13113,0.008762573225768178,0.4594224581656292
28,13115,0.002991825615485806,0.5296981458803288
28,13119,0.0018721629168058848,1.3040862658836303
28,13117,0.01745045544443802,0.5162889555386543
28,13121,0.030050666668337323,0.7172461780954226
28,13123,0.001963750632034577,1.1424423112305224
28,13127,0.0032532351307899814,0.9105374631542301
28,13129,0.0031732552640803854,0.7807502229188852
28,13131,0.0014353554113965689,0.8836796334951197
28,13133,0.004249302841225356,1.0117290854049328
28,13137,0.0020297115168981827,1.1418433710696922
28,13135,0.03207347793624816,0.4536437177263339
28,13139,0.00560971023112255,0.5096581589786408
28,13143,0.0014264499787648949,1.208182185418022
28,13145,0.002159380830984367,1.1626607778311426
28,13147,0.0016428973943992022,1.2230480047353212
28,13151,0.010577620550519463,0.4843517876167077
28,13157,0.003186996921046472,0.8357728813656949
28,13153,0.005589890370368648,0.5320528762440004
28,13163,0.0011301438166444178,1.2817516336558512
28,13169,0.0013809006637032666,1.0509231879288212
28,13175,0.0031557569215905287,0.6257412153051216
28,13177,0.0021532009172728203,1.141099316334335
28,13179,0.006179376259692561,0.6159315639364815
28,13185,0.004293442446196885,0.5443819968079572
28,13187,0.001207614156312736,1.596066732586887
28,13189,0.0024500046929793458,1.0294970826567673
28,13193,0.0014651747927895752,1.1392031219615828
28,13195,0.002216140597234375,0.9663796294955563
28,13199,0.001596254552453647,1.3714748748992724
28,13205,0.0014352543375849391,1.0326966696193125
28,13207,0.0014292805988003056,1.1458003965384331
28,13211,0.0019851829415012423,0.9867261447588824
28,13213,0.002373010924261858,1.0062927626978837
28,13215,0.0074573568300970675,0.388075108226812
28,13217,0.003992082741430314,0.7243951508892089
28,13219,0.002364828695212675,1.1183899375353241
28,13221,0.001162102703522026,1.1516160783998468
28,13223,0.006095466282059361,0.48613979841178734
28,13225,0.001015777201143418,1.1265012803650312
28,13229,0.0013454562516829135,1.0651808527754163
28,13227,0.0014914743028606092,1.298302519930286
28,13231,0.0016426308665438473,1.2724326154599392
28,13233,0.00238099168654896,1.0413588062218986
28,13237,0.0016387149048632246,1.2724188736047783
28,13241,0.0024504953706121118,1.226978051334743
28,13245,0.004911433731533523,0.4775709426601436
28,13247,0.0030162881901765618,0.5841375278165682
28,13251,0.0017383606018216203,0.9546313213373098
28,13255,0.002060900353800163,0.6574926214053151
28,13257,0.0016126099854260566,1.1163328949759386
28,13267,0.0017325346127636631,0.99201982572429
28,13261,0.00122109970439752,0.9164511610796396
28,13273,0.001951762275945808,1.7329478466768473
28,13277,0.001263782304583982,0.8029453908650496
28,13275,0.002222238600285329,0.8226146392866774
28,13279,0.0018741759293544424,1.0138890296366385
28,13285,0.0030255326493011116,0.6035839098713988
28,13291,0.0043261722377040115,1.0049504277804655
28,13293,0.0018534238252288923,0.791218623206911
28,13295,0.0027370796226402617,0.7793661990539231
28,13297,0.004345583361251194,0.587631219320956
28,13299,0.002217775331629146,1.1255802808936493
28,13303,0.001398406313704564,1.0454135163984586
28,13305,0.001643511246216664,1.0735502251583797
28,13311,0.0011800514763357017,1.2140835391248244
28,13313,0.004599254766079267,0.6276873757997057
28,13315,0.002114081598824159,1.2111940413883853
28,13317,0.0011083682208356458,1.5501057689579067
28,13321,0.001300280738680457,0.9774563933288872
28,16001,0.017169695066766685,0.37888304617634416
28,16005,0.004714210277938856,0.6031879110768862
28,16011,0.0031595664035710207,0.8132414128619267
28,16013,0.0013975922605946676,2.106325033388199
28,16017,0.004489225826671977,0.947804602838135
28,16019,0.005992664908830523,0.5631758742050567
28,16027,0.006906704721526109,0.5128244162291473
28,16031,0.0027560035990980723,1.3194123424117747
28,16039,0.0007471698433030695,2.792962106257789
28,16049,0.0022492193281814215,1.2775170931749908
28,16051,0.001372598075144098,1.749830965379259
28,16053,0.0016346147362041714,1.458427242670601
28,16055,0.009001059735665253,0.57858913627387
28,16057,0.0019776601763934884,1.2939548370031833
28,16065,0.003645138757284969,1.6136437266678287
28,16067,0.002137571892534698,1.4853335484247332
28,16069,0.0030516702605419867,1.0957383282375783
28,16075,0.0013910881706470377,1.708330425126577
28,16083,0.002364371025408731,0.6831794023511997
28,17003,0.002866516654623796,2.065687017086902
28,17001,0.004349358429792259,0.5229004163365597
28,17005,0.0010303561851952644,1.3130516485373467
28,17007,0.0026401253416155532,1.0842961890593759
28,17011,0.005714732469887985,1.1845298744969381
28,17015,0.00420392802310025,1.2124624566341218
28,17017,0.0027539058769229506,1.8149815657991915
28,17019,0.01546469826492933,0.9405159364941151
28,17021,0.004381246941434999,1.6725002958400432
28,17023,0.0017415832824413534,2.8816620291058257
28,17027,0.002782601031543322,0.9554529409723794
28,17025,0.00140225837124295,1.8039450595751114
28,17029,0.002421166130203597,1.450615212386571
28,17031,0.02350477087458647,0.6760666275622146
28,17033,0.003267397675163859,1.2733891151669792
28,17037,0.003803633325223131,0.9963468925371448
28,17039,0.002583164989165754,1.997874974532931
28,17041,0.002769476235154178,1.0580361927639679
28,17043,0.03606123964553505,0.40435860983405153
28,17045,0.002346945274792236,1.3363640356011266
28,17049,0.003895570729174195,1.1327224801894338
28,17051,0.0023316910666117013,1.1694390727680395
28,17053,0.0024414234108924475,2.5671394757540598
28,17055,0.005510802778793523,0.933188301308813
28,17057,0.005481916287617999,0.8911975533170491
28,17063,0.002884138154878802,1.014720130079775
28,17061,0.0029293160405043555,1.2076364789176575
28,17067,0.005056316241788861,0.9877150759357537
28,17073,0.004549763735678339,1.0000575807557643
28,17075,0.005181933745307818,0.9931098167305955
28,17077,0.004325583334419507,0.9996651504836263
28,17081,0.0030756908618829685,0.8081641279447193
28,17083,0.00214275541424281,1.0866369341055018
28,17085,0.002919551153430996,1.1472190287790007
28,17087,0.000759069192470575,1.279233249801671
28,17089,0.016289468784508244,0.6097941497853594
28,17091,0.0045769488235020825,0.5291969233464215
28,17093,0.008808637312415319,1.0872897952938751
28,17095,0.0037871621546047597,0.6020499519941339
28,17099,0.006922842921845362,0.6511977341921855
28,17097,0.02149974677805637,0.6478426924872812
28,17101,0.0037174154283055117,1.190787119646365
28,17103,0.0036116676998717246,1.0448174686245593
28,17105,0.002869842590768375,0.9992324269464746
28,17107,0.003753674696097521,1.0045721777825347
28,17109,0.00302964085853655,2.2864243160206024
28,17111,0.01680140338611946,0.4769629536499986
28,17113,0.008828623606084982,0.5147936850153595
28,17115,0.006825918242441418,0.47883476070961306
28,17117,0.005877892431255567,0.8800428243991932
28,17119,0.009947678965469511,0.39835466134259795
28,17121,0.005222556989352607,1.009057151924678
28,17123,0.0038929755058320853,1.1295863130279504
28,17125,0.0044742568885893326,1.4751587453173995
28,17127,0.0015171382645571164,1.975464594729638
28,17131,0.0023524792603690833,1.4888152921405193
28,17133,0.002774172059619685,1.8481003926118258
28,17135,0.00407684638315279,1.288615460617151
28,17137,0.0031557224736915046,0.968298985264626
28,17139,0.0015380833997306164,1.3393429192756967
28,17141,0.0035821193241126334,0.9781215621862519
28,17143,0.009601284729308265,0.4481287207445356
28,17145,0.0024263428551546083,1.5868564617335068
28,17147,0.0013344250426019092,1.5251297771228773
28,17157,0.003586007238948019,1.0162083947869687
28,17149,0.003265425772942871,0.9092834689233904
28,17159,0.0021752294408199503,1.3089119904423185
28,17161,0.006324151861086383,0.4601885853611129
28,17163,0.008151371468569472,0.6242847644726294
28,17165,0.004214127072483562,1.407716712805414
28,17167,0.012888977613552993,0.3150765313757331
28,17173,0.0032797564636397308,1.1304714786845997
28,17177,0.004397276734794906,0.7994831321843142
28,17179,0.008522669493808062,0.6103877255801782
28,17181,0.0021815784729781996,1.3042188346742203
28,17183,0.006713958182929993,0.550711528496788
28,17185,0.0013613701947651257,1.2092178523899089
28,17187,0.001541832818917466,1.4724117465331745
28,17189,0.0025385412732427007,1.4352735323970942
28,17191,0.0032510963110441936,1.6966958647979078
28,17193,0.0025164701761386183,1.9938817240424223
28,17195,0.007196695707898211,0.6436869989514131
28,17197,0.017518865613487897,0.4010897926163663
28,17199,0.004329758564323493,0.6943655619279987
28,17201,0.0077665068719844094,0.33818531860779144
28,17203,0.004142691282628191,1.0669460505771986
28,18001,0.002098032553368939,1.7092621045425345
28,18003,0.011421810812326811,0.31066157575871994
28,18005,0.005087529869861724,0.6823425578576634
28,18009,0.0020539090707618495,1.555373178629274
28,18011,0.0033951710955972664,1.5206649028749497
28,18013,0.0019521822647501294,1.490546883484844
28,18017,0.0024649685854219827,0.9503180754698761
28,18015,0.004418980658724933,1.1145560035297022
28,18019,0.005596718511695309,0.5956239922724835
28,18021,0.0027475262089477945,1.5653674345320243
28,18027,0.0023753369039378356,1.151874066782523
28,18023,0.0024312205492365733,1.1441210015578718
28,18029,0.003581316090773661,1.0277585368526714
28,18031,0.002740201417209449,1.0791236795229027
28,18033,0.003259492066396219,0.8819784199575413
28,18035,0.007217099719007179,0.49134374248843654
28,18037,0.0032499219775626873,1.27842943061677
28,18039,0.007220373507551491,0.480589402637524
28,18041,0.0031616603711030543,1.1806972220144412
28,18045,0.003021065081893189,1.3934274004020455
28,18043,0.005246584014333111,0.613975739001937
28,18047,0.0018141842774842517,1.4642370619558478
28,18049,0.0022612931142792724,0.9634472845030335
28,18051,0.0027389035670611966,1.2996341932844009
28,18053,0.0035537878841225396,0.6100098894454392
28,18055,0.0028988506874046056,1.3995792463550079
28,18057,0.018362616055333538,0.4672528380664109
28,18059,0.004020705641794496,0.8766854434969611
28,18061,0.0033717238529048475,1.199382528787416
28,18063,0.007342925181201091,0.4808090145563781
28,18065,0.004945253734255157,0.792443196587127
28,18067,0.005088645789980536,0.5031524011595422
28,18069,0.00443328528507208,0.946429433492891
28,18073,0.002612547882958514,1.0046075797850516
28,18071,0.0032497668269206343,1.1499920589819104
28,18075,0.0034690059153204542,1.176292349824795
28,18077,0.0024046062781451125,1.150223628733737
28,18079,0.00162901410493089,1.0106111097799446
28,18081,0.005004294196045132,0.5411024382197992
28,18083,0.0023657122652907285,1.0575503029404356
28,18085,0.005134798687506821,0.6536722937526994
28,18087,0.003971344266481052,1.0247119925297923
28,18089,0.007688987393367564,0.49033235313034607
28,18091,0.005341311457082497,0.40233493943257603
28,18093,0.0035701820982606326,0.9707035995252994
28,18095,0.006986832125590622,0.5686598394528988
28,18097,0.018722417522343052,0.24551610471388222
28,18099,0.004152599726606812,0.8746668384010551
28,18103,0.002346416450287414,0.9101281901881437
28,18105,0.010640337617090732,0.7603883313544489
28,18107,0.0035915141757936267,1.1199988645829244
28,18109,0.00425336785130079,1.0505486873858616
28,18111,0.0016407421990554058,2.1580735616620745
28,18113,0.0030365878156813435,1.1737474153006757
28,18117,0.003662535054967461,1.0279666708494164
28,18119,0.002763727787413952,1.400618607680161
28,18121,0.0013348953911833101,1.464889621458765
28,18125,0.002634577765607368,2.279891186349314
28,18123,0.0021494050084168046,1.2002510286316497
28,18127,0.005380881472567136,0.5271687866209479
28,18129,0.0030658325660526922,1.4010093667280634
28,18131,0.0014841797468261545,1.8699655441018375
28,18133,0.002380105950905149,0.9567777362571721
28,18135,0.004247200831415528,1.1240815398429413
28,18137,0.0026778175107177128,1.2269427919621205
28,18139,0.0020981425963548872,1.4939085091735318
28,18141,0.010618221539219727,0.27327264974174065
28,18143,0.001778774325098876,1.1228159654693017
28,18145,0.002598887039195619,1.0344442840329275
28,18147,0.0023095149442254135,1.6096220799717165
28,18149,0.0028022480268678285,0.9670518988792554
28,18151,0.0032948463050664917,0.8686547058250456
28,18153,0.0010899251858302067,0.9026321484361741
28,18157,0.008596560874637308,0.7625119329674176
28,18159,0.0009595273372462863,1.4205346074913197
28,18163,0.008700938842145125,0.3628110891954679
28,18165,0.0027889760721262835,1.3670546279336915
28,18167,0.004544408146987159,0.48103249477308613
28,18169,0.0035003538330474326,1.658066988218986
28,18173,0.003855367283466789,0.9193099195705582
28,18175,0.0031083392072315517,1.0717617540288957
28,18177,0.004252448399402679,0.7115523371604783
28,18179,0.002918966673759451,1.0707226621762305
28,18181,0.0036256027190471824,1.0863572202206817
28,18183,0.002792446105064373,0.8414914282749908
28,19005,0.0030667198230405514,1.177180561286004
28,19007,0.0027288655286105204,1.1622506458348456
28,19011,0.003356287540685101,1.0487265168076112
28,19013,0.007165573534795918,0.6034831870125753
28,19015,0.002941048680167874,1.196835766564758
28,19017,0.003739139959844236,1.1767168623351403
28,19019,0.002727579077138835,1.133478486638492
28,19021,0.0022507720613416586,1.331173881912599
28,19023,0.0036938082051975723,1.1448685640366516
28,19025,0.0025359544808763344,1.349429700628448
28,19027,0.002776870273914583,1.5912708734079064
28,19029,0.002572473509473709,1.502854323412805
28,19031,0.0029671146200069974,1.0551035493205727
28,19033,0.004217918401777199,1.1560041930238503
28,19035,0.002182351750592356,1.422010348088539
28,19041,0.0014264517158742666,1.8146772506456152
28,19037,0.002650461930274789,1.7374730979210506
28,19043,0.004378714179452758,1.3782212737842257
28,19047,0.0037060045459635783,0.9714048524047396
28,19045,0.004812082029865721,0.8916883167963053
28,19049,0.0046405290612662195,1.1067382024371133
28,19055,0.001928796112251054,1.3449238067453673
28,19057,0.003692711599344863,0.7794132755208141
28,19059,0.0028240319632423373,1.3663156106113674
28,19061,0.005812776249143601,0.6666077260188865
28,19063,0.0016086038346446925,2.0713329718426365
28,19065,0.0048472108004925,1.4971210930655865
28,19073,0.0026632634457232525,1.698663672886359
28,19067,0.0025983495375355883,1.490213610260863
28,19075,0.0027640088647662643,1.8432305196264611
28,19079,0.0024468208452977465,1.5578275370105923
28,19081,0.002673469094126409,1.3713951008915883
28,19083,0.0044751286691259206,1.2468037273690031
28,19085,0.004207699245268575,1.414686353600385
28,19087,0.002290039278057373,1.0305393143131483
28,19091,0.002383566583938905,2.3197270023447034
28,19095,0.00212824821356085,1.3615038206625631
28,19099,0.003478194878965998,1.1334253618458259
28,19097,0.003635969185105835,2.2826154592780457
28,19101,0.001470407190288455,1.8995643427108102
28,19103,0.010867408741430428,0.6188746572148297
28,19105,0.002668175770004661,1.6796275026612149
28,19107,0.0030433423598263116,1.0966639554145265
28,19109,0.004833262688279735,1.4309054946888249
28,19111,0.003766325667472268,1.4183562674429813
28,19113,0.011868541876619803,0.3940447072790133
28,19117,0.00309903698734443,1.6747717164444722
28,19123,0.00341010849898334,1.1343681333435365
28,19125,0.0025761165575338145,1.7241771527657226
28,19127,0.0035184326128439914,0.7202951266953264
28,19129,0.0020838756755619955,1.514027741003687
28,19133,0.003038887662636789,1.9541538466598312
28,19137,0.002059736347535117,1.8217660994993983
28,19139,0.002971809715684847,0.9822975182309134
28,19141,0.002017965211161612,2.067337861857459
28,19147,0.002496656181927561,1.3510285844811336
28,19145,0.003915979908823771,2.287061159678282
28,19149,0.003094019519582309,1.2512431082875806
28,19153,0.01510640255368906,0.34089185993744964
28,19155,0.007677343096280763,0.6508399220494352
28,19157,0.002353107238293328,1.9296421223934155
28,19161,0.003775721761320016,1.3290386809362844
28,19163,0.007476175811939326,0.4080967503469908
28,19165,0.0018646665472021025,1.6804214123192878
28,19167,0.0031429168419363053,1.2384409833862875
28,19169,0.010211496312978107,1.182395431499878
28,19171,0.003819808860927152,1.5977890063962779
28,19175,0.0015702530152331695,2.090578385712418
28,19179,0.003981318885855187,0.7900666296648389
28,19183,0.0022283562057542642,1.6366410932152005
28,19181,0.0038601719325292434,1.0709971013952369
28,19187,0.003192011247961284,0.8009379607842745
28,19191,0.0024494871064395605,1.1685847554871545
28,19193,0.005005521114358212,0.5370418687260711
28,19197,0.0030276076652167258,1.9728082871198336
28,20001,0.0035354188836548206,1.4163002147947128
28,20005,0.0011764397352892408,1.7986105317051706
28,20009,0.002456804414628741,1.1004222869029667
28,20011,0.002326874814689398,1.5337662540399224
28,20015,0.0037833255569116615,1.0782216150203945
28,20029,0.0020997589179913368,1.9855527886584114
28,20021,0.002031872037663346,1.3923054904729846
28,20035,0.0038791183408765314,1.1672011566167133
28,20037,0.003785182576318407,0.8916799122573656
28,20041,0.0024384520744030313,1.4378459642795631
28,20045,0.010173134187150353,0.6062293734901325
28,20051,0.0021792350353085164,1.1364836983600768
28,20055,0.004256270512125774,0.7311132028773685
28,20057,0.0020346095067405984,0.9743283339819193
28,20059,0.0017682673879145395,1.1550597791673238
28,20061,0.004551967282338795,0.9332427447494923
28,20079,0.003657612948973197,1.2605998685638564
28,20087,0.0019021589107753468,1.320874481107274
28,20091,0.02433616979223632,0.4351091969847814
28,20099,0.0035078508676963474,1.1068652414754458
28,20103,0.003062308539423308,0.8338164209381823
28,20111,0.0022648970302807615,1.1008421609279242
28,20113,0.003001813093182929,1.4626883493453922
28,20115,0.0019452243505637204,1.3640242884058678
28,20117,0.002382848439726673,1.4169303233226354
28,20121,0.0028533728562590063,0.9792530466303919
28,20125,0.00434990724480736,1.0268772865152949
28,20133,0.0023415425970274013,1.3114089618614826
28,20149,0.0014254655903729683,1.97186025685288
28,20139,0.0029400273666462073,1.4177204183295251
28,20155,0.003688729239498202,0.6133981287913542
28,20161,0.009451576514033805,0.6684984788713932
28,20169,0.0028349892444349952,0.6846975806984368
28,20173,0.011480957675868354,0.22611082484129583
28,20175,0.0018745074094525802,1.208062562959096
28,20177,0.0065448929532479294,0.3360730706483271
28,20191,0.0026485034987944714,1.0954984982448797
28,20205,0.0028223145387573714,2.910979839861345
28,20209,0.021598610152587513,0.3685369252807198
28,21001,0.0029712366249920272,0.7734622635988907
28,21003,0.002012786856133796,0.9308201988907565
28,21005,0.001962495854471638,1.138952947161584
28,21009,0.00265349848123667,0.8193181313616027
28,21013,0.0033268462246299492,1.0248830655898176
28,21015,0.005817725723304396,0.5151037538279971
28,21017,0.002588230003779432,0.9779581010613231
28,21019,0.003171819629367504,0.7315687954481698
28,21021,0.0021211321258457067,1.0300480037031212
28,21025,0.004734074758083197,1.0686135573949398
28,21027,0.002414165104419784,0.8400874804528258
28,21029,0.0034523669981019207,0.5288631186751295
28,21031,0.0016994043419375565,1.100836480411436
28,21035,0.002126604495122601,0.9619296926788421
28,21037,0.005030176179455735,0.7340465559344767
28,21043,0.0019449480746018702,1.0346755921982536
28,21045,0.0019093742852566492,1.0441577016757522
28,21047,0.004356343514281757,1.6394339084551521
28,21049,0.0031639609007661777,0.8633257252975254
28,21051,0.0021294581376771625,0.845173927037157
28,21055,0.0016147660709981504,1.118229816691586
28,21059,0.0045529731656180775,0.5523444861463359
28,21061,0.0007174810074203369,1.4730515993054796
28,21065,0.0017570620428356604,1.2648984333339013
28,21067,0.012541215010580845,0.38035633683897085
28,21069,0.0016660862036962359,1.4471106293355303
28,21071,0.0028101473678624257,0.9274859517157615
28,21073,0.003670706356162224,0.7597599220323173
28,21079,0.0015477693556154959,1.185838561189242
28,21081,0.0011598836839730336,2.0998519792302335
28,21083,0.002643564360565482,0.831903216087525
28,21085,0.0024520458683477643,0.9341398108896156
28,21089,0.003374205644310493,1.2751411460403885
28,21087,0.0016293509596533536,1.3071003096862162
28,21093,0.004053577287891425,0.6909485491114709
28,21095,0.003946392388582305,0.9325825034186666
28,21097,0.0016425021174004666,1.1388142289160192
28,21099,0.0018364281786180702,1.0889802153230066
28,21101,0.002494167035860424,0.9795509585939911
28,21103,0.0026961715219398544,1.1025577773658841
28,21107,0.003748908524410151,0.8485578919244031
28,21111,0.016725476953596215,0.4938608442287797
28,21113,0.0022688837763865416,0.9437779274644552
28,21115,0.001714392354491169,1.1083108834727566
28,21117,0.007517057760912932,0.5397315911021142
28,21119,0.0019729357441887504,0.8793572786107006
28,21121,0.002316802559401335,1.029136460045508
28,21123,0.000961223109788682,1.1754818153971733
28,21125,0.002416264231810712,0.7432475644525788
28,21127,0.001837168149207487,0.9877926631250143
28,21135,0.0013257222470568716,1.1799300291022032
28,21133,0.0017062471705328694,1.0112288136533987
28,21137,0.001742159741803634,0.9168309549538474
28,21141,0.0021552866093405756,0.9983318900249583
28,21145,0.0031625586156053985,0.6098288660298494
28,21147,0.0009951773089437177,1.1822520508619707
28,21151,0.0031945481372448173,0.7477165744497594
28,21153,0.0008989738621941914,1.1355478343642238
28,21155,0.0015443957199058715,0.9678228867217278
28,21157,0.0031674382087160764,1.2292679351184916
28,21161,0.0015296077487536941,1.1006618062964377
28,21163,0.0015024231243568268,1.6665960992893887
28,21171,0.001663953047831887,0.9763451649662771
28,21167,0.0024879982546769206,1.0663803239780496
28,21173,0.0013671781098664817,1.0802042251913857
28,21175,0.002995370225583934,0.8701537294181411
28,21177,0.003009061172941255,0.8724566022935982
28,21179,0.0024417397818960857,0.8893187464577503
28,21183,0.002280035326328032,0.8940398630945071
28,21185,0.006014545138105541,0.6634060257412062
28,21193,0.0018867983239761453,1.0015687668870346
28,21195,0.005530586130890331,0.7215660272281387
28,21203,0.0012844174485615106,1.1626496347095767
28,21199,0.0034680723410551425,0.6059862317805594
28,21205,0.000798509786177811,1.561624347348996
28,21207,0.00158054336541917,1.3631743193425385
28,21209,0.003636851349338678,0.6927693484113236
28,21211,0.0018709920181076876,1.599977713026929
28,21213,0.0011765991006457068,1.3001397821457485
28,21215,0.0017262876532988475,1.2559543500958719
28,21217,0.0014515339466366934,1.221329295552255
28,21219,0.0013763241147904193,1.471602863140111
28,21221,0.0010577060413483293,1.1006252947664383
28,21225,0.0009399319419241272,1.1837259260933921
28,21227,0.004184916550201461,0.5831998420891805
28,21233,0.0014203241359065663,1.5042224256838272
28,21231,0.0014144090068056666,1.195870759120511
28,21235,0.0017719544134930398,1.5786210217260246
28,21239,0.0032296107947803023,1.028950807533452
28,22003,0.0015578598217743638,2.3839320706713782
28,22001,0.003820293353615327,0.8240218506057887
28,22005,0.00549836495521752,0.6207038523211255
28,22007,0.002969958609394333,1.0384042703859013
28,22009,0.002391696090629913,0.9388810631408121
28,22011,0.002434867323979386,1.0872780311716705
28,22013,0.002565566408646408,1.5174390532030486
28,22015,0.0027349005242527165,0.5764288303144439
28,22017,0.005771055944509269,0.3597043143582333
28,22019,0.003991792027246953,0.4441999251504599
28,22027,0.0025544588846836184,1.1760531107758319
28,22029,0.0013742997338954295,1.5076771747278441
28,22031,0.0024711419938156973,1.069742125474341
28,22033,0.008478076770585768,0.40545413736769537
28,22037,0.0016149487355083213,0.951707713944906
28,22039,0.0022654245284631325,1.3296597991311467
28,22041,0.0021857119213402683,1.7590861978755925
28,22043,0.0018657929490630307,1.2092916679595433
28,22045,0.0032232248777169154,0.6786890559450911
28,22047,0.0013936532442773383,1.094891399095759
28,22049,0.0017877513056308466,1.3234804084306087
28,22051,0.014952802678690275,0.37330260704952795
28,22053,0.001960647301916513,1.2663366593766299
28,22055,0.005427500479776068,0.41008812926151805
28,22057,0.004701265333172284,0.8928323345020079
28,22061,0.003581604045279838,0.8316335000917827
28,22063,0.00557109197676238,0.603458129271848
28,22065,0.00240583139297111,1.6070821808367277
28,22067,0.0021664748634972757,1.2140614811188084
28,22069,0.0025364593666923757,1.1922671381197474
28,22071,0.041613454319758755,0.3410998830353674
28,22073,0.004095854321763684,0.39259141103349515
28,22075,0.003662035696811149,1.5781764137085295
28,22077,0.0019323240014243685,1.6383037645779908
28,22079,0.00296562479148263,0.3712002921128227
28,22083,0.0019140297875254073,1.4218633813292525
28,22085,0.002847981652479158,0.9791587522488095
28,22087,0.006329485347049165,0.6011037177272934
28,22089,0.0025704665123106175,0.7716946255850945
28,22093,0.0027771907181741067,1.0471257614137386
28,22095,0.0023383513897382666,0.9061183877315848
28,22097,0.004301285019184343,0.596266634106818
28,22099,0.0021801734601107387,0.8954554872598212
28,22101,0.0051082163919049855,1.31583105862535
28,22103,0.006867692401316593,0.5192455870776373
28,22105,0.0039564925590117785,0.6130642580590746
28,22111,0.0023227490384204073,0.9383777749477689
28,22109,0.004195601027620573,0.5770371337165613
28,22113,0.0029123230273806833,0.8355982211717765
28,22115,0.005530601369345959,1.0169676874361695
28,22117,0.0025971588047634516,1.019741001561064
28,22119,0.002790313256239565,1.4332354317295672
28,22121,0.001362757688504873,1.6058499085263596
28,22127,0.001315883222999108,1.9596658124165427
28,23001,0.006141146626961246,0.579813340808501
28,23003,0.014023758702766948,0.8787668115086433
28,23005,0.017571591891347785,0.8054037403314053
28,23007,0.0043059586910287615,1.204003271180715
28,23009,0.012555471275696032,0.6679995877890902
28,23011,0.011128452590059021,0.7097541317579926
28,23013,0.005335214625322723,0.965337980042348
28,23015,0.006570836273273978,1.531790739341963
28,23017,0.008309673714389284,0.6887879662713768
28,23019,0.010636594422483155,0.581771996599873
28,23021,0.006517830414985321,1.0706781333091133
28,23025,0.007937702774721922,0.7683076131544876
28,23027,0.004409514671181688,0.9867034664018612
28,23029,0.008632075418117953,0.6869404538960461
28,23031,0.011740406041595014,0.5051650661697566
28,24001,0.006947669018851074,0.6009973768746852
28,24003,0.01712236099070505,0.40182259761998373
28,24005,0.026072744744805632,0.4136285763629949
28,24009,0.007209171520966684,0.7248457617668032
28,24011,0.003198115371930422,1.0215677326538535
28,24013,0.012239607873305821,0.42017565380011934
28,24015,0.005159740883786782,0.6266998642361962
28,24017,0.006667007184788023,0.4379226469633602
28,24019,0.0025916181609564495,1.0959907869698364
28,24021,0.011704825124651982,0.47267412421814153
28,24023,0.0035006331121836486,1.0062530642788903
28,24025,0.015000750850887593,0.49071200180362917
28,24027,0.020916960372450333,0.5795711843246051
28,24029,0.002058606498715518,1.4510741712421422
28,24031,0.033262025876343665,0.41913112345147235
28,24033,0.02202373875366544,0.5158788565226959
28,24035,0.004032596563077432,0.8772338547048234
28,24039,0.0022208044318869245,1.3908103822886042
28,24037,0.004897859929145403,0.8774332399277008
28,24041,0.0054131484687663396,1.3766119368051046
28,24043,0.005602618974251808,0.5328340232592116
28,24045,0.0032844279244216026,0.536300966303259
28,24047,0.007924285120144581,0.9446257876921911
28,24510,0.03349763948231271,0.38736785082870523
28,25001,0.0352649489567207,0.4794162256227675
28,25003,0.016317830026959152,0.6351263298223068
28,25005,0.012794553320181656,0.6077195743041854
28,25007,0.0025305198942337927,1.8749991490110611
28,25009,0.019180650438953492,0.6084432662768096
28,25011,0.010192693104110825,0.9516232567430987
28,25013,0.011220155691839775,0.3633101406238673
28,25015,0.015013071865009915,0.7127887976365735
28,25017,0.04056715826915119,0.8401803608781067
28,25019,0.0024345779216426813,1.362902841727991
28,25021,0.03003172814424186,0.7807131384151322
28,25023,0.0176273835212167,0.5809575576601611
28,25025,0.05264605352125241,0.586521893887388
28,25027,0.01720334505532675,0.37837074293742357
28,26001,0.00721440326934088,1.23750174914988
28,26005,0.006799039070984198,0.6956840244273019
28,26007,0.0060979307090154216,1.1615665399909807
28,26009,0.006863468804371486,1.0551790620201684
28,26011,0.004328449739023822,1.4374317669522607
28,26015,0.00460057529826108,0.7390351563745176
28,26017,0.005433683520477176,0.593462775928305
28,26019,0.0037382821798451465,1.466350440225795
28,26021,0.009621313119991062,0.477245510979432
28,26023,0.0043909087996041925,1.094039268071763
28,26025,0.007901702306882023,0.48359663825304017
28,26027,0.004414424217473948,0.8281411852390921
28,26029,0.008658757676742566,0.980921132375107
28,26031,0.005996621653564039,1.0791110366259449
28,26033,0.0042779351415336625,2.0323177558383865
28,26035,0.006230334196359816,0.8455669938093457
28,26037,0.0056455241491877505,0.551499451556589
28,26039,0.0038167978646447293,1.0667086444586915
28,26041,0.005661502982601176,2.162807153929533
28,26043,0.0037367694647549208,1.0334758192500806
28,26045,0.008323723413685665,0.6272591309215682
28,26047,0.003983043760462206,1.0578571026508732
28,26049,0.01748301559921915,0.29488869735255235
28,26051,0.0065596320374865305,0.954376738808253
28,26053,0.004882848721244908,1.4285865833108031
28,26055,0.007335630212043713,0.6576641754701682
28,26057,0.004139694968110754,1.0734184689047348
28,26059,0.00397530869189476,0.9375761985408981
28,26061,0.0037688428958721864,1.0484979644654646
28,26063,0.008617382218797681,1.113531451378563
28,26065,0.021926477187781703,0.6881596185753164
28,26067,0.0032102037057819164,1.2901563327235646
28,26069,0.008827522976962062,1.1353858358149902
28,26071,0.005693068484220842,1.1919629775669862
28,26073,0.004366400315623977,1.0157222199477773
28,26075,0.005882482682134342,0.587997170980227
28,26077,0.00891536671360498,0.3637364200703136
28,26079,0.0021509193647774936,1.2143039728834122
28,26081,0.018320910439555724,0.4156891079277116
28,26085,0.0032541719879249963,1.3735746029233307
28,26087,0.007554260739987372,0.644421705652446
28,26089,0.0070181972343855035,1.1936101190404693
28,26091,0.005203028576444343,0.8372297891658778
28,26093,0.02244299148321126,0.5209299945034376
28,26097,0.005387548055298578,1.3373808464830046
28,26101,0.00697682775682295,1.2331327586906495
28,26099,0.022891776592211022,0.33132854677002954
28,26103,0.008341664670465699,1.0870162068363127
28,26105,0.005046037430280902,1.3136959656248912
28,26107,0.002661044777859283,1.6588891865611952
28,26109,0.005331849391291545,2.1925493243247
28,26113,0.0028210266380185142,1.3253610374462539
28,26111,0.005591054546821216,0.7072393917930856
28,26115,0.007576705317621229,0.48249597627426927
28,26117,0.006277189093408403,0.8352604706996045
28,26119,0.005795690603505144,1.3829385547939406
28,26121,0.005692376660068845,0.3986026345096094
28,26123,0.006427365481450643,0.8886497869872799
28,26125,0.03564542428729654,0.35056313026904296
28,26127,0.002499417231754049,0.9880571284073412
28,26129,0.006117246325517968,1.0122333449522698
28,26131,0.0022630441371814377,1.708201734536754
28,26135,0.005459686949854797,1.3353254832691468
28,26133,0.004958878643491483,1.0597512784382217
28,26137,0.003244506612257961,1.0380964509159962
28,26139,0.011244369512299795,0.6079192855332252
28,26141,0.006665946888370217,1.2919881159041235
28,26143,0.010365493172257363,0.939051589684087
28,26145,0.009217449263651844,0.3305802199545179
28,26147,0.011981475146386956,0.6255299994868695
28,26149,0.005299339603492713,0.7697915936871851
28,26151,0.005634556757728569,0.9512566776399364
28,26155,0.005023507544608716,0.9554382978964029
28,26157,0.007581336257600171,0.7619992527179836
28,26159,0.004496743677116978,1.2664110724535977
28,26161,0.023446407958275513,0.4587721492598365
28,26163,0.031156578476210554,0.34115863580062805
28,26165,0.0028206649492713556,1.0183426285779613
28,27001,0.0074913407173313705,1.13755793191663
28,27003,0.02221439138431628,0.47188756047204905
28,27005,0.005553541694668973,1.0039772803823384
28,27007,0.0024064886840565822,1.1705448038564896
28,27009,0.0028320556295507063,1.1077050667809312
28,27013,0.00499367832016547,0.8006756656473363
28,27015,0.003266421357880322,1.7494031025275336
28,27017,0.0027804233823241933,1.1889142729909008
28,27019,0.00967680170093391,0.6468573654786336
28,27021,0.006905971145661409,1.0945644271944106
28,27023,0.0018871058579062034,1.2177109971673192
28,27025,0.00575424776835294,1.0103165212269647
28,27027,0.0037517430808325695,0.809335742753393
28,27033,0.002268118110644805,1.4523318549849211
28,27035,0.007102644752164373,1.0793112969627339
28,27037,0.018825047325960995,0.35121120582100496
28,27039,0.0031703744716235736,1.1853613080222083
28,27041,0.0054252278911035715,0.9177986240293811
28,27043,0.006516422492135867,1.8746005048859895
28,27045,0.00558388330374654,1.2312087016308175
28,27047,0.006471991349984441,1.23550190787954
28,27049,0.0047081166442340065,1.375485635421598
28,27053,0.03730099286228445,0.5625547118241206
28,27055,0.00388838331175554,1.7688993512982436
28,27059,0.003371770112712669,1.0302851194895823
28,27057,0.006420939089024533,1.7364711927578318
28,27061,0.006374910537650716,0.971864446335449
28,27063,0.002717985389050974,1.6827770000656102
28,27065,0.0019507035841253306,1.5101660955587533
28,27071,0.001882264862628388,3.349235198624473
28,27067,0.003804231222430003,1.262271805539157
28,27079,0.0038889712071419175,1.0878761006100681
28,27083,0.002955899296790723,1.0899244257240053
28,27085,0.003836862873489137,2.3939111049619206
28,27089,0.00372086713542686,1.7390208000389433
28,27091,0.004068665443867036,1.1598729242328318
28,27095,0.0024273146706116425,1.6417775846075249
28,27093,0.004171836046659499,1.3552707285943255
28,27097,0.004448558526510487,1.5977952746866022
28,27099,0.004368957398829671,0.9248014179515943
28,27105,0.002275606483298252,1.4504764503241752
28,27103,0.002601412235318481,1.715640112651566
28,27109,0.01169655012460932,0.39135665790925944
28,27111,0.01164561964906761,0.8006903266113583
28,27113,0.0027934004013693173,1.3352715592945887
28,27115,0.004987344058265183,1.2027166762368664
28,27117,0.004345276447809833,1.8481816182373394
28,27121,0.0034357539336587755,1.3131651332313725
28,27119,0.004102507148407653,1.9723909021852388
28,27123,0.021783151252885765,0.3915875597091778
28,27127,0.004461935283677622,1.5938391252531654
28,27129,0.005858163594320093,0.9736859569535027
28,27131,0.0035955013803358124,1.132130724113413
28,27135,0.003287469129192706,1.4288421905256563
28,27137,0.015096386773799543,1.0332295900087505
28,27139,0.009489284734562151,0.5545485345260323
28,27141,0.006719553079997078,0.9439560501618833
28,27143,0.002827338449417077,1.6102661195448082
28,27145,0.0071421750444540045,0.6511820514676336
28,27147,0.002729693781574659,1.077228729429888
28,27151,0.0026073858274553263,1.8839010202050241
28,27153,0.004518098131867733,1.153105777871091
28,27157,0.004352094907328829,1.0933435608847777
28,27161,0.002386730002263077,1.4786893335628883
28,27163,0.012386610349115904,0.5942836295865949
28,27169,0.0032916304110151458,1.062290076498336
28,27171,0.0076443219671159055,0.8092869863749648
28,27173,0.00295358457231789,1.5344176317680993
28,29001,0.0015154410044101324,1.1418471787968536
28,29003,0.0014785347973546984,1.2190243060592956
28,29007,0.0029793644174165284,1.128871569022679
28,29009,0.0019380655465567798,1.268995429096893
28,29013,0.0013659969334572013,1.453326518119063
28,29015,0.003380670135641853,1.150181579195275
28,29019,0.008437909362868968,0.5617210161192773
28,29021,0.004983110916632798,0.47975865599449213
28,29023,0.002402336262703031,0.8707928208748568
28,29027,0.0022252865752684092,1.0843616358370631
28,29029,0.005348596228623771,0.8307004521819568
28,29031,0.0023612214211337114,0.9933095687232365
28,29037,0.0038143521786209405,0.7360604963360371
28,29043,0.005857998517600391,0.6262673785657794
28,29049,0.0014811400956066673,1.4798063873231089
28,29047,0.009703116118425423,0.4757931062136272
28,29051,0.0035525370899093882,0.7036865175118314
28,29053,0.0017664755418158298,1.4286204616008211
28,29065,0.001096851676541652,2.272551176586627
28,29055,0.0015265124958542425,0.966812605968954
28,29069,0.003943091226575156,1.4524508485025662
28,29071,0.005741381021768614,0.7682528293382177
28,29073,0.002446762343935485,2.2079096558272933
28,29077,0.011247179202834077,0.3914804084086393
28,29079,0.001629418158065736,1.7383956110287613
28,29083,0.0029292510453618006,1.463864951855552
28,29091,0.003662330782045709,1.144651311173315
28,29093,0.0024013947858040874,1.7628922381341505
28,29095,0.020728481564597345,0.4935034131830507
28,29097,0.003769008074742538,0.6220691154133765
28,29099,0.00983705578784662,0.576283843338844
28,29101,0.0020756163511098558,1.7547669508938473
28,29105,0.001697575778880308,1.2920539416579853
28,29107,0.0027968019111738844,1.283083278309389
28,29109,0.001961238318519835,1.6593501742563759
28,29111,0.0018028107553161102,1.213114674585177
28,29113,0.0038476734681043884,0.8385384072940864
28,29115,0.0026670491588457875,1.2275530144441922
28,29117,0.0018364626290359473,1.1730403223878774
28,29119,0.0016624433638915837,1.2453476924070217
28,29121,0.002460577201089592,1.5500630994558648
28,29127,0.003020243182601846,1.8010053058247597
28,29131,0.002007683763531585,1.6674495061889563
28,29133,0.001031145145342876,2.2729036055877834
28,29135,0.0013233875956365146,1.4225603494449723
28,29139,0.0019745475393024366,1.352356041202891
28,29141,0.0012661631922114976,1.4465163115316433
28,29143,0.0025660376307259022,1.122641334837503
28,29145,0.003960519728450377,0.859773760856919
28,29147,0.001109249364664369,2.0093005582246435
28,29151,0.0018935859844276357,1.3656658501124244
28,29155,0.0032245488504505405,1.3541800132240631
28,29157,0.0021979481413912467,1.4909899512149973
28,29159,0.003099453456818267,0.8856008550448016
28,29161,0.0019523765855809611,0.9516388719343212
28,29163,0.0016659206028816218,1.415102628542132
28,29165,0.006284199026052113,0.5127449061954813
28,29167,0.001665332475517434,1.4485485791178139
28,29169,0.0023539585252633443,1.1499111971940306
28,29175,0.0018520561055231464,1.0541492871524272
28,29177,0.0014775266770879459,1.331079579212311
28,29181,0.0013625505398077275,1.1913870137305067
28,29183,0.01665917952243414,0.487281947621506
28,29186,0.0014136120300290624,1.4995914209084436
28,29187,0.0029801335484248657,1.1641320839435485
28,29189,0.024149735259013937,0.44300832765063225
28,29195,0.003815997359791157,1.2030277335136754
28,29201,0.0027270617411138467,1.333963969521857
28,29207,0.002839365844387652,1.32032293643233
28,29209,0.0039712630127544295,1.2300087280503562
28,29213,0.002608060309696617,0.9947339880228573
28,29215,0.0018626170455485402,1.14251468044387
28,29217,0.002405048652348589,1.4322087792489722
28,29221,0.00219758171431865,1.089316327014952
28,29219,0.0018539733444232866,1.182647788672344
28,29223,0.001808894989031196,1.3100224277299308
28,29225,0.002656256424362632,0.977742058791069
28,29229,0.001470361715247833,1.5448525187174218
28,29510,0.029078268786141302,0.49104267603689467
28,30003,0.0033528709354657994,1.28644037716995
28,30005,0.0026030607161911952,1.0954020305259227
28,30009,0.004257495238546447,1.4369811645142543
28,30013,0.004694129283448545,0.48581155846555163
28,30017,0.003459777178049525,1.197377290404574
28,30029,0.006596095981656579,0.9189688795689978
28,30031,0.008647523332390541,0.6698093945030206
28,30035,0.0006014210915551661,1.699571647487949
28,30041,0.001441060040147718,1.4123885338103503
28,30047,0.0026011893809499875,1.2358236078806843
28,30049,0.004818596011753544,0.6903560139223781
28,30053,0.002634754969053594,1.1512090265037649
28,30063,0.007888773113438444,0.6577519967402571
28,30067,0.002286003356963776,2.2435742142644104
28,30081,0.004371106506499829,0.9772460335564644
28,30087,0.001158504108045458,2.2307958778047143
28,30083,0.0017524009308171884,2.2052413571845233
28,30093,0.003701634218015051,1.1478150923072612
28,30111,0.007524265671027294,0.607083907965271
28,31001,0.00236802686939648,0.8789326640388083
28,31019,0.003124531108623895,0.9393686611034087
28,31025,0.0037741984742428254,1.5384344608034568
28,31041,0.0021419604527251625,1.2769447763031985
28,31043,0.0010359417084313072,2.1844457031681745
28,31053,0.0029031276445681477,1.3414212313856289
28,31047,0.0019673066177149376,1.9103670417937697
28,31055,0.019914576959685897,0.48369088203056326
28,31067,0.003581159922380942,1.0213668805853362
28,31079,0.003490128713279719,0.527719160473018
28,31089,0.002006367461135997,1.2051113423423852
28,31109,0.014862396048675714,0.4837034230201966
28,31111,0.003109283678620379,1.3016220247231547
28,31119,0.0020692100764579317,0.9890963545903342
28,31131,0.002449667651476292,2.322540584593102
28,31151,0.0014056072201912482,1.1809897151563238
28,31141,0.0023628463612743607,1.1053061496268288
28,31155,0.0026165363018701574,1.2405231101156389
28,31153,0.013334719727543399,0.5783334666746156
28,31157,0.0029879077927662747,0.8489930111803897
28,31159,0.0017281422266787136,1.57486375951771
28,31185,0.001317591346061437,1.5284782585633816
28,31177,0.0022156465640986297,1.2814639444353537
28,32001,0.0012373149093067842,1.2398955018686282
28,32003,0.02141531792255681,0.3728710908093014
28,32005,0.00893848933611633,0.7870693524707613
28,32007,0.00430782066764108,1.0095062507685346
28,32013,0.0008412894659964847,2.6626526052893955
28,32019,0.0021000389552773024,1.1131475585029775
28,32023,0.0037227699464145773,1.4082732249966115
28,32031,0.015052955179099835,0.35973860850510525
28,32510,0.0031044406627222802,0.6678461493751273
28,33001,0.006400583178641407,0.6422177561751055
28,33003,0.00834429541833618,0.9027567245554627
28,33005,0.006241289502837509,0.6232952491301866
28,33007,0.007848347860121332,1.127666790269724
28,33009,0.010272937094665247,0.7327493812286388
28,33011,0.01648936771424861,0.4682555217302654
28,33013,0.0111482192450067,0.4740833752709048
28,33015,0.02361565341353003,0.6162660821916714
28,33017,0.005543295101944736,0.8162306817798071
28,33019,0.00361162270378946,0.9258558286565775
28,34001,0.010850521126092891,0.5146781622415676
28,34003,0.030710016806196436,0.5157719647055041
28,34005,0.01717135658443667,0.47116414055003103
28,34007,0.014591739562610995,0.427694877614263
28,34009,0.017262808011037856,0.5816722873413996
28,34011,0.006060886149403712,0.4883059506879679
28,34013,0.019972295947509253,0.5200770122917072
28,34015,0.011069758529929252,0.43465063665590703
28,34017,0.036260099421988795,0.5378907057632799
28,01001,0.001780457921245553,0.7904550820135646
28,01003,0.006404027549922958,0.5541989608911756
28,01005,0.002952758474873553,1.0755628244887863
28,01007,0.0008135418075493754,1.3564011502893158
28,01009,0.003229474931892808,1.1212783781233067
28,01013,0.0034245590421655486,1.0079189842335587
28,01015,0.004508970315199374,0.4011218160089232
28,01017,0.0023415562301099834,1.2460454014501614
28,01019,0.003275671927564762,0.9341250341970642
28,01021,0.002392942539437511,1.008830059197062
28,01023,0.0013741597745404834,1.4795139171653746
28,01025,0.004133162135968449,1.1077932810194158
28,01027,0.0014672692152638684,1.2750146884606923
28,01029,0.0015150781336883252,1.2991972285360913
28,01031,0.0038360538556832936,0.853686226976924
28,01033,0.003333788398977936,0.7230408467107022
28,01035,0.0025108862043352184,0.9339307086954723
28,01039,0.0050871996909328115,0.7780330135640994
28,01041,0.0035577178724414188,1.213832279888309
28,01043,0.00412608317459188,0.5681615182363926
28,01045,0.003304439433603377,0.700610265913415
28,01047,0.003994175198690307,0.5684482259231749
28,01049,0.0036638545248438696,0.6694230007096588
28,01051,0.002795853090229575,0.6756980047165069
28,01053,0.0023310140853656466,1.1948149863706978
28,01055,0.004770052796829031,0.4783047613009853
28,01057,0.0022396022420748734,1.2126502089964912
28,01059,0.002415327938989634,1.0264504088303399
28,01061,0.0029288826261593803,1.1725212685917354
28,01065,0.003022413747460422,1.1129234734361424
28,01067,0.002363350910761967,1.0678814125798408
28,01069,0.00628481597995247,0.4873464624617075
28,01071,0.00356071316497206,0.8957390912562702
28,01073,0.011602904643207616,0.2829624510603489
28,01077,0.004033754339664769,0.6880578985473351
28,01079,0.0027391186557323274,0.885098886249506
28,01081,0.005856090419958498,1.049852975934568
28,01083,0.0030832825912543767,0.6569647502884016
28,01085,0.0018391733919408244,1.171848186081357
28,01087,0.006522983001837888,0.7977248296934643
28,01089,0.008509255601297004,0.3104755657509205
28,01091,0.0017348378479895125,1.1054592338615423
28,01093,0.0032047138381782352,1.0251529539484523
28,01095,0.0035493809663614505,0.767542344972649
28,01097,0.007984349445731202,0.3420172407414646
28,01099,0.0025287451210342315,1.0827948175423703
28,01101,0.007137689290232222,0.36227515868929067
28,01103,0.004474677636920376,0.5317603970604856
28,01107,0.0021689857540852973,1.0520186043632815
28,01109,0.0016413868002344732,0.9070428817035424
28,01113,0.0014513932670528664,0.7675813197438917
28,01111,0.002553866405630509,1.1408528708825247
28,01115,0.002965378003994236,0.708417141705189
28,01117,0.008774065949376858,0.4918421927728101
28,01119,0.0009368116725935632,1.4777626048484234
28,01121,0.004409112548202056,0.641115774878707
28,01123,0.0024389887993020113,0.8498344719777189
28,01125,0.005925381027623877,0.3869764953481119
28,01127,0.00552207950532587,0.504418771184309
28,01129,0.0019527523820260092,1.3057755783296205
28,01131,0.0010766093555221925,1.3833725078048698
28,01133,0.0027062489800398835,1.3319644670901445
28,04001,0.007141758583670054,1.3849650913844815
28,04003,0.0070806636119412885,0.606638653253811
28,04005,0.007316799698586701,0.7628619025259492
28,04007,0.008225874700545446,0.9671861590940707
28,04009,0.0015931939699629818,0.9783637776869646
28,04012,0.007486587913546591,1.2239252306698467
28,04013,0.031944680616876796,0.3953699223528199
28,04015,0.01704653538651292,0.6078430934805785
28,04017,0.008341933992769947,1.1194451196747928
28,04021,0.015123283574267728,0.8541512513152568
28,04023,0.002234264465099704,0.8651534970594665
28,04025,0.0197152637701717,0.5704841749688566
28,04027,0.013999144155233775,0.7700898591754867
28,05001,0.0034672349953028324,1.1604356948180776
28,05005,0.006479470793410502,0.825274547409266
28,05003,0.002188910793576345,0.8823980985777905
28,05007,0.010550904030116132,0.4241478144937865
28,05009,0.002782785720723246,1.150554258600007
28,05011,0.0028372861225221904,1.0717121785008856
28,05015,0.0011766087191161815,2.8330198361206382
28,05017,0.0019570392892922293,2.183554589812889
28,05019,0.0016900606824346894,1.4520902631989654
28,05021,0.0037427136366832993,1.9015246980873068
28,05023,0.0032479012917358352,1.059200080306792
28,05027,0.0015490697680950194,1.8019682758741948
28,05029,0.002328474801838593,1.146518034628371
28,05031,0.004639955551650974,0.5376946265607307
28,05033,0.002545257958522945,0.9520578395463456
28,05037,0.0023950216789362174,1.159473638762653
28,05035,0.005335891764488295,0.5523076994452063
28,05041,0.002126333138330584,1.541929350423078
28,05043,0.0015778801187534873,1.3274242427607648
28,05045,0.004217164338008665,0.6773626868635594
28,05053,0.002002785170969102,2.432283169647707
28,05051,0.004297048267391073,0.5011180215291609
28,05055,0.001467977232921247,0.9586740351342903
28,05057,0.0015318782959293676,1.2047801124295492
28,05059,0.0018392143953661223,0.9850638971940959
28,05063,0.0024388164772059006,0.9739634594302939
28,05065,0.0021678523228429495,1.0982923521233567
28,05067,0.002181416492194721,1.096767641861866
28,05069,0.004284727327594666,0.4803147036593951
28,05075,0.0022898683453232422,1.3783210731867708
28,05071,0.0020904023597103157,0.9963942859249258
28,05077,0.0013694177003798723,1.47727635717855
28,05079,0.0011128195608023082,1.9483504603716222
28,05083,0.003316615009294004,2.5035011655725654
28,05081,0.0016036527478183813,1.5015515802621355
28,05085,0.0027843170426365164,0.7392418657697306
28,05087,0.002265702433752854,1.1792287520169746
28,05089,0.0017039538773805161,1.1796586022186542
28,05091,0.00210170760062132,0.7216677685956182
28,05093,0.0024390026283961077,1.0378121139804375
28,05103,0.0015561036203873698,0.9230585055762986
28,05107,0.0015711782942281008,1.130762265197456
28,05111,0.0023453320881460966,1.5559915315781085
28,05113,0.0023491307058600645,0.9119399929132346
28,05115,0.0029723945547507854,0.911974449237279
28,05121,0.0011568997505843263,1.6669787865220447
28,05119,0.008408382136572643,0.30092577451269903
28,05123,0.0012137323579948073,1.281302507251551
28,05125,0.005165341936017006,0.4879635647433646
28,05131,0.004076423679155402,0.5333126086805547
28,05135,0.0013455060600168008,1.4921053703856972
28,05133,0.001139886313443854,1.7011733293073539
28,05139,0.002695090487831685,0.796110786315302
28,05141,0.0027221061113343924,1.2069570474493125
28,05143,0.008561110820334323,0.7141332363797873
28,05145,0.003057187760241745,0.7478007382063916
28,05149,0.002556683393746109,1.0710378588770981
28,06001,0.03157659146295895,0.8295213300647553
28,06005,0.004854711126331924,1.0510062414589607
28,06007,0.008314247820356802,0.9549697196810524
28,06009,0.006538534343814135,0.9543262133461723
28,06011,0.0016104242716936778,1.1985433087319957
28,06013,0.022851578263421286,0.576161148146086
28,06015,0.0019933904217810925,1.1833093677189526
28,06017,0.010887585889481898,0.9317990361238914
28,06019,0.01931156477801379,0.3292403285509914
28,06021,0.0017597701698665689,2.2894877345810842
28,06023,0.0086112313836336,0.6019120575086168
28,06025,0.007027852665181539,0.649671525723592
28,06027,0.0037908459216395318,2.020462767459449
28,06029,0.01998893567685967,0.3778967732727353
28,06031,0.0061677247204209315,0.8928161106315308
28,06033,0.005384319624966888,0.7280507359070368
28,06035,0.003374824322156404,0.9550819246902064
28,06039,0.0063560380663949334,1.3727830995194172
28,06041,0.02499640430342804,0.4574576248887606
28,06043,0.0040702612710713185,1.0165618279268989
28,06045,0.006267470835219092,0.9874707503767538
28,06047,0.010943730104335405,0.5196033210087719
28,06049,0.0020310732125888,1.7805812279581938
28,06053,0.018682858527488817,0.9036376655448818
28,06055,0.009475337232472065,0.6797073037644924
28,06057,0.009674811707127768,1.4039988995604646
28,06059,0.031713989530281754,0.4632125240879214
28,06061,0.019246136285058845,0.4890290248911926
28,06063,0.004387005579674274,1.21045262908693
28,06065,0.025412212368453865,0.6788235380976582
28,06067,0.01611001481514246,0.3747086664802888
28,06069,0.004055306433198334,0.8438707757899531
28,06071,0.024413728003624735,0.3553159245441605
28,06073,0.02361048356551297,0.4150013138479696
28,06075,0.06789838065156895,0.7001229235126915
28,06077,0.011347021687663102,0.3692997049580938
28,06079,0.01849328094121087,0.7457468167095319
28,06081,0.027703483619709913,0.5526296091143544
28,06083,0.014918792531489516,1.2929342844102427
28,06085,0.04414069805450516,0.5031109018528702
28,06087,0.014551315698671465,1.1498921856372801
28,06089,0.012058437083208555,0.559986378633539
28,06093,0.008010979585844893,0.8230834363312296
28,06095,0.010295312010314653,0.4380266843785946
28,06097,0.020906052019800093,0.4716504125101942
28,06099,0.012657181808789606,0.40166538606417107
28,06101,0.003954272902395713,0.5896324663743968
28,06103,0.0032366995695990363,1.116119906092165
28,06105,0.0031183345984514012,1.5626142575871846
28,06107,0.016896999071193727,0.45757289285373404
28,06109,0.005173073724622627,0.8490032808891245
28,06111,0.01757806446061609,0.590740244463595
28,06113,0.00961631682021278,1.1997429699960458
28,06115,0.0027139752324589236,0.7220314314033305
28,08001,0.017238345708449225,0.3747828052920595
28,08003,0.0007834315000991472,2.0626899219025394
28,08005,0.027503366497594713,0.48660693667934324
28,08007,0.002009897852905272,1.7165431251141532
28,08013,0.021996732715819336,0.938112583740039
28,08014,0.006694958399081472,0.6755552413316747
28,08015,0.0034199496634750516,1.8203793388335736
28,08029,0.00418095787561287,1.17006131994765
28,08031,0.038301284291369364,0.5097359674248786
28,08035,0.02514762612888827,0.5070588071495987
28,08039,0.004467550716153295,1.058358539021209
28,08037,0.005941045136005318,0.7175050734596974
28,08041,0.01784952526080621,0.3974850115743773
28,08043,0.005031382855506538,0.9628626936634863
28,08045,0.003355013786342186,1.315080868332178
28,08051,0.0010182357355028083,1.8696380744640713
28,08059,0.030106471551933873,0.4304612067073407
28,08067,0.0034050395760426636,1.0454570364026834
28,08069,0.017353258443254176,0.685009835444148
28,08071,0.0035965568311325125,1.3889650203010562
28,08075,0.001978404971000586,1.0390313349821527
28,08077,0.007975960246012721,0.5514415122485041
28,08081,0.0015034261272054207,2.224706679081017
28,08083,0.0024837775952600413,1.6349709369443597
28,08085,0.0033526059146924744,0.9054910463902909
28,08087,0.0017039875089972561,1.4353611597299532
28,08089,0.0034585649694737573,1.259933443073086
28,08093,0.002723086889377096,1.5685962380146492
28,08097,0.001456256522598916,1.9339708445524493
28,08099,0.002702035952937327,2.2280933994282277
28,08101,0.008033937414854564,0.3931824421344262
28,08107,0.004287345504230056,1.0900860974098854
28,08113,0.0028167043183153265,1.9459696474233965
28,08119,0.0036004731188348017,1.519935164056039
28,08117,0.004716528574247254,1.5546504731812252
28,08123,0.011505343840893929,0.6300008082957734
28,09001,0.02587114136649916,0.541681096237572
28,09003,0.018280006847512034,0.41735158405889977
28,09005,0.017809528828314807,0.45621252249637523
28,09007,0.013694210540380915,0.7565167546901878
28,09009,0.016853675133087605,0.5004517775523439
28,09011,0.011496347974215204,0.41126709224685526
28,09015,0.00567936536825864,0.9796370961161506
28,09013,0.00817908320975211,0.7137873334013926
28,10001,0.002654611730215952,0.4581279951108531
28,10003,0.013591299920088095,0.42224736445743816
28,10005,0.02310071123978829,1.241484958010457
28,11001,0.05414033820636726,0.6505762928645142
28,12001,0.015080309651570043,0.6671197244838372
28,12003,0.0015646182248659378,1.29305226654976
28,12005,0.006972996480035846,0.4506976807388476
28,12007,0.0014653495693180024,1.3655136153076926
28,12009,0.02691401438756223,0.3532788444555769
28,12011,0.027436547919156333,0.3008035614331972
28,12015,0.03141898350443469,0.5784692674856527
28,12017,0.019456625367817552,0.4473857209592267
28,12019,0.005021085047877058,0.5675577292389393
28,12021,0.04073113057480898,0.6381547589712406
28,12023,0.002717416412734568,0.7939834833513809
28,12027,0.0028301145091040995,1.0956611692563705
28,12031,0.011622126066450397,0.27229011749908005
28,12033,0.007176502582693738,0.32272393021700163
28,12035,0.011673092456196967,0.5833792379856336
28,12037,0.0016361304703307086,2.712697687863091
28,12041,0.0014303865181120722,1.392009574176753
28,12039,0.0028701052250989685,1.1054617118630152
28,12049,0.0019792547784797457,1.2245486017076346
28,12051,0.0011039507744257698,1.6917994001498995
28,12053,0.01607487469287523,0.6185455882986343
28,12055,0.01527227236390615,0.4624229226767858
