src_state,tar_geoid,mi_shift,moran_shift
32,34019,0.011421892803921956,0.7587752916074196
32,34021,0.010662965591932657,0.5440272911827092
32,34023,0.014756282130633501,0.35803357000686603
32,34025,0.015325905043558151,0.31311543009340853
32,34027,0.024406235117706884,0.4078443381520974
32,34029,0.017067308740527237,0.47589025715203315
32,34031,0.012813070622831341,0.4186300750332013
32,34033,0.00603066748440491,1.026159334712037
32,34035,0.01536150134446308,0.37039694419012437
32,34037,0.010458256822581852,0.5796672814294032
32,34039,0.014323148776721606,0.41578847183602613
32,34041,0.007707328923274931,0.8090511032186956
32,35001,0.011327680821743591,0.3734205767390758
32,35005,0.0031861636606036942,0.7465509175590122
32,35006,0.002182700679665133,2.2326462703958674
32,35009,0.002145050612104991,0.8132506728117085
32,35013,0.007926375387370442,0.6519929987810555
32,35015,0.0035326059384725283,1.2769461207242196
32,35017,0.003278546514036635,1.5002771171231082
32,35025,0.005117357555946256,0.8242634071075533
32,35027,0.0020855609624154353,2.9435672590903907
32,35029,0.0017147201392479735,1.4434262874228563
32,35028,0.001802845300122698,2.624772277331016
32,35031,0.006702554467069274,0.8585081456628165
32,35035,0.0031454489228509956,0.7082863063420527
32,35039,0.0034259649999192144,1.2406310990400133
32,35041,0.0016983370596003206,2.1111213322303675
32,35043,0.0030878114700227267,0.5893708874715063
32,35047,0.002849201383700298,1.4069046987964402
32,35045,0.00539683525928605,0.7087951299721771
32,35049,0.010664323474559182,0.5692716841662868
32,35051,0.0023097182827764647,2.8677195505659614
32,35053,0.0021189090075934757,1.767544305644396
32,35057,0.0009654808933431478,2.4970873165210987
32,35055,0.0026475211251920337,1.546098441636582
32,35061,0.0045891586784139755,0.7628014957150834
32,36001,0.013257413878405185,0.4683926370407783
32,36003,0.005453037895853495,0.8058874608469484
32,36005,0.02927718586197939,0.35875275710576054
32,36007,0.01040672357522161,0.40369585365599325
32,36009,0.005555766718104926,0.7895480815984829
32,36011,0.007308160118539286,0.9791126754301859
32,36015,0.004318782527895398,0.7366028707546658
32,36013,0.010706147130906197,0.7137166094949606
32,36017,0.006221205257267036,1.4723088373988025
32,36019,0.0041176975668425955,1.0616521443731846
32,36021,0.008671263857814611,0.9644785784572857
32,36023,0.0028292156051574063,0.9689799441341509
32,36025,0.006766395832083599,1.374720342274434
32,36027,0.010883857264557756,0.4467600775585831
32,36029,0.015599722841827411,0.3309867530698505
32,36033,0.004254607572637557,0.9809407173539025
32,36031,0.0053289577712343356,1.0406035146504993
32,36035,0.004553282055428511,0.9480419664664989
32,36037,0.004606900129635875,0.8816339525637057
32,36039,0.004247843623376452,1.1397397064347194
32,36041,0.0031395693634019245,2.613789206274419
32,36043,0.006851323738062053,0.8031048395339572
32,36045,0.005726958403790835,0.6952705436781889
32,36047,0.03148824743621672,0.39299752350215705
32,36049,0.004085111805818077,1.4309694669455644
32,36051,0.003067546114083857,1.1094274777668491
32,36055,0.012704101870572443,0.4480534711861735
32,36057,0.004616979021981562,0.9947377916236185
32,36059,0.039620881708345435,0.2731844401061697
32,36061,0.06790759580092978,0.40887065581025644
32,36063,0.008274899603329097,0.5192448327587472
32,36067,0.013203485679260045,0.39780528409461635
32,36069,0.005810313881997114,0.7312910985707699
32,36071,0.013142253927479362,0.6074914239738108
32,36073,0.0028245860390397103,1.7830873341748235
32,36075,0.007012105934629366,0.7523111460644707
32,36077,0.006111832249015818,1.7704488465525685
32,36079,0.00824761901886579,0.7819355172597955
32,36081,0.028304621724029526,0.37530389714274365
32,36083,0.0074388833385206484,0.7679213224687704
32,36085,0.01290016518656218,0.3793107321026849
32,36087,0.012827034660526714,0.5924205882162054
32,36089,0.006651402012611561,0.9742379548583642
32,36091,0.009716356625569142,0.5106054486050476
32,36093,0.006953745885836444,0.3972642517287937
32,36095,0.0030147469186154073,1.3581892991704902
32,36097,0.002314860213468667,1.5962933171676763
32,36099,0.00416251161620473,1.078424377274715
32,36101,0.009194114202871978,0.8658532879814932
32,36103,0.023363585288009886,0.39403977888619496
32,36105,0.005420435877721656,0.622610091554494
32,36107,0.004148798506580788,1.1159040795380124
32,36109,0.00994609513336119,0.8698499153896558
32,36111,0.01008596414715214,0.4959094435555137
32,36113,0.005918455453759021,1.0130920582682308
32,36115,0.005901676290420464,1.065595859072911
32,36117,0.006524093964573465,0.7824162769208597
32,36119,0.01934110365411969,0.3141822685060929
32,36121,0.004696246828987719,0.9501815726690865
32,36123,0.0030735697125793184,1.6877585853094772
32,37001,0.005935879015934527,0.5182538657480524
32,37003,0.002720861553000092,1.3323507085325634
32,37007,0.0019227628555130902,1.3545060698645968
32,37009,0.0029884902946249394,1.556789669174123
32,37011,0.0021856348193672213,1.66470804349578
32,37013,0.0031009400932226596,0.9131160538847264
32,37015,0.0016883172054809718,2.5100083607418417
32,37017,0.0032176694483665677,1.5559944646852009
32,37019,0.008872317661570308,0.821541329095032
32,37021,0.010196187175369633,0.38658553495599846
32,37023,0.006206482645433398,0.7206459584371656
32,37025,0.005712984132904557,0.5162312474051629
32,37027,0.006348728293958225,0.6558595474467858
32,37031,0.011770477633403739,0.5294705820868626
32,37033,0.002479508237550479,1.3648249118456262
32,37035,0.007468300442012351,0.6779962814260303
32,37037,0.004184238687195195,1.3020640863821402
32,37039,0.0034728744790035117,1.3485845768253446
32,37047,0.00503570273059357,0.7900389541563064
32,37045,0.007060810868875991,0.6174326224321838
32,37049,0.00365707631921543,0.8760363509310475
32,37051,0.013301404537792596,0.7225979828435981
32,37053,0.0014008750554333615,1.1878504608536944
32,37055,0.0031215243728212458,1.622513876173274
32,37059,0.0028818093583522744,1.3043129203435775
32,37057,0.008818186972992952,0.5854313186421913
32,37061,0.003572868176582533,0.8731392815868504
32,37063,0.011388257983658282,0.3695751232463729
32,37065,0.005105625299347484,1.0884201736684243
32,37069,0.003492647391509447,0.8436914439072614
32,37067,0.007584711228409361,0.3492037020789951
32,37071,0.011229175865849303,0.4362169030639047
32,37077,0.0031721169212564266,0.9567174385931055
32,37079,0.0015853457116267364,2.4205391170627055
32,37081,0.008248753405558884,0.25810835666983606
32,37083,0.005378719330078785,1.0765555621198066
32,37085,0.005457192197054834,0.9085415373609959
32,37087,0.004666024823725819,0.7033765689774809
32,37089,0.0060950910154584665,0.5883339722916221
32,37091,0.0016074505911310073,1.5859709168905607
32,37093,0.0017999627752759437,0.969143674568887
32,37097,0.007214244982184807,0.5079963533526571
32,37099,0.0028474482863769914,1.0728854692105365
32,37101,0.01149055111096433,0.6770338230664791
32,37105,0.0024289490064919005,0.7761242363377536
32,37107,0.0037279899329233563,0.9444513831171155
32,37109,0.00550808619685508,0.9273989525254646
32,37111,0.004375086374319322,1.0592612751324553
32,37113,0.004949834727787566,1.1618790003801929
32,37115,0.0026092414503267073,1.5104327217995672
32,37117,0.0026012859821190437,1.4608961090773687
32,37119,0.015370926030010298,0.2608680063592495
32,37123,0.0015817960401777204,1.557097083210684
32,37121,0.0018288547082375764,2.452390777572655
32,37125,0.005561663735194387,0.8148204956201426
32,37127,0.00559533540351766,0.767300240367066
32,37129,0.005649384578144346,0.39368834350979226
32,37131,0.0027070922677160246,2.1267384102988274
32,37133,0.013214951488414424,0.5508656560381816
32,37137,0.0016628610987475846,2.5165741320456836
32,37135,0.009346926741096571,0.7611413712695779
32,37139,0.0021632283844893515,1.0826496935899397
32,37141,0.0030015626832797676,0.9343853659286138
32,37145,0.0026647173529561847,1.4152284294092399
32,37147,0.0061966632213098,0.5142247902591923
32,37149,0.0034294451846232487,1.5706362228734667
32,37151,0.0077137770966534645,0.6853149399225029
32,37155,0.00848792583024163,0.6508745475091838
32,37153,0.004270498363705551,0.8627440412605794
32,37157,0.006331710762316248,0.7233292984603309
32,37159,0.006938916347216687,0.5991461856833021
32,37161,0.004257703988908855,0.8829479469282914
32,37163,0.006059455248650666,0.8885014105360406
32,37165,0.003235030883190472,1.3388365488086817
32,37167,0.0054284592563764115,0.8425884553811996
32,37169,0.0038380867040344055,1.1812680226031418
32,37171,0.007052016899893941,0.8003033396201106
32,37175,0.0029349764190548136,1.2370149851527648
32,37173,0.0006151386771032223,1.6395600437168012
32,37179,0.010338744281784997,0.5513575751617963
32,37181,0.002789662185638538,0.9075820776245597
32,37183,0.024973677444132397,0.38910160747278355
32,37185,0.0029376115331934604,1.7691285568039732
32,37189,0.004157979898516223,0.7924888497501709
32,37191,0.005278855320745862,0.6639336795643991
32,37193,0.005655744674492852,0.8282994001340793
32,37195,0.004711974491118027,0.7641362186005078
32,37199,0.0027425215470231992,1.9080976167839363
32,37197,0.00361159520864556,1.3602581439710248
32,38003,0.0011667195482839684,2.8932559766101953
32,38005,0.0021451122514463874,1.892206994550611
32,38015,0.005248109360151651,0.71695011490565
32,38017,0.006634291365366812,0.5172069672042107
32,38035,0.004346006727278534,0.7852780672999462
32,38053,0.0013093610505647826,2.5488344235988936
32,38059,0.002049326774465272,2.0007137314521497
32,38067,0.0052719130274925365,1.6287662899550635
32,38077,0.002879583474073737,2.090207671122231
32,38079,0.0012015725495509583,2.3807914410638435
32,38089,0.0022655478079174653,1.1354782572606696
32,38097,0.0023367258473507616,2.689979923911215
32,38093,0.0020054264744567545,1.5268767770096003
32,38099,0.004131730420465406,2.2726710567860597
32,38101,0.0034319265056598426,0.8965102893982472
32,39001,0.003156412324777934,1.4553383422415314
32,38105,0.0019474703074820047,1.4882601437604415
32,39003,0.006000707803441081,0.4857781897933011
32,39005,0.0035577971665821666,0.8297646945158496
32,39007,0.007620353496581837,0.9388174529757823
32,39011,0.004963231916309264,1.5368335962445545
32,39009,0.005394656443659552,1.16815686273195
32,39013,0.0052628333619994475,0.8982463746380647
32,39015,0.004155477588239393,1.158960541496821
32,39017,0.007199332734282727,0.7512307206368061
32,39019,0.0033693458550817955,1.2420461896008395
32,39021,0.003017767802768816,1.029356413757038
32,39023,0.007812936224145106,0.4964365931547092
32,39025,0.007620488604185171,0.5951462934902363
32,39029,0.00783586935046203,0.9524728857113832
32,39027,0.0033907210681163925,1.3660337101312832
32,39031,0.0037913374744435588,0.9771655746927758
32,39033,0.004871144589431826,1.0391698585242592
32,39035,0.021550738797248413,0.36200741775166506
32,39037,0.005420829235506818,1.1305617383775666
32,39039,0.004089073452269527,1.365881024422256
32,39041,0.010229165577657849,0.5567283667148305
32,39043,0.003777463081777408,0.8067434134751936
32,39045,0.006235104360703298,0.7778132948513414
32,39047,0.0040207854007003165,1.2424042899475076
32,39049,0.016675962907214383,0.2866139657951822
32,39051,0.004148446929716394,1.2205563791744407
32,39053,0.0026294145959725812,1.0808736326741777
32,39055,0.006562489744538581,0.7125269709433066
32,39057,0.007300257036643904,0.5309885069276138
32,39059,0.004622358591909644,1.0596719006707138
32,39061,0.019031318296069355,0.41559412519561134
32,39065,0.0029535268949556145,1.430662074338151
32,39063,0.00676592450828604,0.754110807326955
32,39067,0.0025645560702669394,2.2826566525955854
32,39069,0.0037619048145933584,1.4283436940948984
32,39071,0.004336048047413941,1.1096232233500347
32,39075,0.004435301923523098,1.2778835038922474
32,39073,0.0038342015250036514,1.3366433005321279
32,39077,0.005177050312612144,0.9943987514443936
32,39079,0.003049924157977791,1.3606291655604739
32,39081,0.007127411679948908,0.8292099238547116
32,39083,0.003565372834211664,0.8497974926699706
32,39085,0.008922378342705562,0.45941678998502994
32,39087,0.004200734331773559,1.018348663307905
32,39089,0.007553900887144838,0.596942467607406
32,39091,0.003231528477819701,1.4208766406163842
32,39093,0.009003637158577235,0.3438650935006626
32,39095,0.012371849680584215,0.4233909050428543
32,39097,0.003266597599343745,0.9750573033004177
32,39099,0.012716819851899725,0.4501169936664727
32,39101,0.003374046060663929,0.6812300308518907
32,39103,0.008873129210237234,0.6323613537823624
32,39105,0.003637433633599505,1.4165537577542828
32,39107,0.0033275295647451388,1.1603373236397436
32,39109,0.006226598335616463,0.7291609109663945
32,39111,0.002407536667196765,2.4459601415117005
32,39113,0.011858969621306989,0.2847116905100571
32,39115,0.0021716511362066815,2.2924694091331643
32,39117,0.003475282470311767,1.4956243752174283
32,39119,0.006468456662368444,0.803904289325342
32,39125,0.003053865127125013,1.812429030788183
32,39123,0.005711634831055379,1.5687548585272393
32,39127,0.0032875087718546095,1.5966309160855303
32,39129,0.003336981434668652,1.1145328774938892
32,39131,0.0029500677487650524,1.4262847722029282
32,39133,0.007254945349375258,0.9675153700120189
32,39135,0.004988916843757182,1.2281686195514805
32,39137,0.004482540447992526,1.244073802366152
32,39139,0.007047067689135991,0.5144279935717314
32,39141,0.004692120779272605,0.7665839831719538
32,39143,0.005677054276193487,0.7737836931686158
32,39145,0.00487477554133927,0.8220005686115834
32,39147,0.006509414250640674,1.0154327206018448
32,39149,0.00562745900843697,1.164463846159857
32,39151,0.01452595157317234,0.39131081302553733
32,39153,0.01419009409902489,0.38630082105495095
32,39155,0.011665623642693607,0.47530797241941736
32,39157,0.006413629431723789,0.7070490918285673
32,39159,0.002214797104766948,1.092886419590368
32,39161,0.003249602603785818,1.2247228286983587
32,39165,0.010127478109696199,0.605710621222993
32,39167,0.006248200687452675,0.8839759512461646
32,39169,0.005265886888855169,0.7073328454790504
32,39171,0.004517628152841283,1.2839754604209268
32,39173,0.007447772821485902,0.9207024788029565
32,39175,0.0028981333967858544,1.524780733140614
32,40001,0.003242920568670032,2.1321491715541963
32,40005,0.0016968749288053923,2.3061497348218434
32,40009,0.0009596411166485017,2.642261935417793
32,40011,0.003545180845975712,3.401152851360676
32,40013,0.0031623787893129743,1.02199982301282
32,40015,0.003307997911733757,1.3893273069511838
32,40017,0.005569525418215134,0.7807900165780561
32,40019,0.00443036987044739,1.209625033381734
32,40021,0.0036093699679317936,1.2195325067981724
32,40023,0.0033972181879306732,2.2140352004916
32,40027,0.009048990584976383,0.5020247202291751
32,40031,0.006226508971417162,0.5401168581598216
32,40035,0.002526563273703754,2.0276065572879567
32,40037,0.008442115537428341,0.70453932835033
32,40039,0.0017418825620549453,2.0389804581508355
32,40041,0.004048280859919358,1.1980706262578495
32,40047,0.0037021282975722887,0.7873675327519135
32,40049,0.00447099053981762,1.3432685736739876
32,40051,0.0037890935815820636,1.1965291598983057
32,40061,0.002209884103423617,2.6147949556782026
32,40063,0.0035615759941058406,2.1604275729836635
32,40065,0.0021086597097524375,1.1039213122845155
32,40071,0.00401722693581274,1.1739033856432204
32,40073,0.001798939277412439,2.548986770468068
32,40079,0.006454082705523043,1.0570771139048614
32,40081,0.004370284114094267,1.0651094209627696
32,40083,0.0021910402583908617,1.324410023439004
32,40087,0.0030506065983624715,1.468828342874566
32,40091,0.003087403433146779,2.1815495909577267
32,40089,0.004167982297529397,1.3936240104872373
32,40095,0.0016530501349993339,3.7193397751464334
32,40097,0.004172384112790418,1.8067946199190317
32,40103,0.0014042462264708094,2.791098213305297
32,40101,0.005262890936631302,0.8012916492710203
32,40105,0.0017610151806545153,3.811253882653946
32,40107,0.0018783132155988343,2.7101469763997446
32,40109,0.015926255621158427,0.31400683976184346
32,40111,0.004113359854506432,1.050919432632194
32,40113,0.0038593108559905128,1.0652430066757017
32,40115,0.005145051983888551,1.1822367123846678
32,40117,0.0029713375790685497,3.5690888162351095
32,40119,0.007258414560333683,1.0858248704413147
32,40121,0.0043351096881940054,1.0121798678476774
32,40123,0.003931617337848763,1.046203510706218
32,40125,0.0050820935294141915,0.8168802363183132
32,40131,0.006776471248652257,0.6503450040072506
32,40133,0.005258099703191857,1.1723281422924439
32,40135,0.003471401740598047,1.0857174786556425
32,40137,0.0044688228354529515,1.015917045021844
32,40139,0.0017224871077642292,2.364937607143847
32,40141,0.0032885723729740197,1.9962060949272329
32,40143,0.01795683104719134,0.23843677282608397
32,40145,0.005535910115392173,0.8086716462939695
32,40147,0.004670465285950808,0.9072900622700076
32,40149,0.0017522608789964167,2.522155296952549
32,40153,0.002268068240714262,1.7695296056760892
32,41001,0.003989945796855571,1.6997279482813463
32,41003,0.007563974642441933,0.8456057326661062
32,41005,0.016185853139783688,0.4066727551575912
32,41007,0.005014468469840627,1.371639585216857
32,41009,0.0037050490363739587,1.2009935922621673
32,41011,0.00530026379386817,1.0560848600700194
32,41013,0.0014353880947580544,2.509321245602219
32,41015,0.0031396184400430006,1.8397666705232314
32,41017,0.008980299707212166,0.6964306012536873
32,41019,0.008515285276314408,0.7698774574543955
32,41027,0.0011770090873487766,2.7158086059978066
32,41029,0.008295054459411526,0.6578319668569858
32,41031,0.0012372798297677016,1.6629593783573777
32,41033,0.006860438521836173,1.017918800036263
32,41035,0.004557343973057076,0.7468644647975284
32,41039,0.015349376933618916,0.5884411181055036
32,41041,0.007334351299868752,0.7824409154387136
32,41043,0.0056110101706801,0.9611013062411738
32,41045,0.0019515553460160695,1.1095217888906108
32,41047,0.008983717634855186,0.37253319213903835
32,41051,0.03157121964603235,0.5671961450132439
32,41053,0.003851263446334814,1.225840423381005
32,41057,0.0039679670630582,1.211482507183198
32,41059,0.0042705866098274575,1.1734298912932346
32,41061,0.0038198667644150116,1.1819856929069201
32,41065,0.002209979679452374,1.3347084558585696
32,41067,0.02138108518703831,0.375636686023561
32,42001,0.0070974129343751285,0.9023050136449025
32,41071,0.00524225579900708,0.9701536553500534
32,42003,0.034065510949076554,0.37357193093819185
32,42005,0.010264497603208364,0.7743271249370597
32,42007,0.013702142191289398,0.5699770425023596
32,42009,0.007538734489423292,1.2756759059330387
32,42011,0.011169925954958906,0.623721660552159
32,42013,0.007868071210467596,0.6138398328968356
32,42015,0.008365137285671096,1.2870274102013395
32,42017,0.021880147636771055,0.33989307832044907
32,42019,0.009743260685647926,1.0214934649723406
32,42021,0.011348744510094632,0.6867637154797113
32,42025,0.006806221694790857,0.86063090109013
32,42027,0.011291140092990235,1.1461997375828537
32,42029,0.018221699044991622,0.42696540659763715
32,42031,0.006578368643967784,0.9105859487554638
32,42035,0.00404614850944346,1.4180141432276208
32,42033,0.010306697511148709,1.0921845495335938
32,42037,0.006271174282440899,1.1086853590608905
32,42039,0.008595261388394788,0.760387910962919
32,42041,0.009814963355601745,0.5351532792235419
32,42043,0.008571044946889152,0.4925259044570265
32,42045,0.013731767949075718,0.30942010599390946
32,42047,0.003922707789930458,1.114988413462226
32,42049,0.012014496959573602,0.44817487517032123
32,42051,0.011549052109207161,0.6767029400541817
32,42055,0.00776341501960583,0.6613518730700887
32,42059,0.004942441447296997,1.2340295902146907
32,42061,0.0068293460920927414,0.9977995395329348
32,42063,0.005784744039465618,1.497358630045781
32,42065,0.0077691061874069975,1.4525850478352484
32,42067,0.0030902097451832697,1.661546303202956
32,42069,0.011521661869872303,0.4546111247790721
32,42071,0.016068534865578115,0.4176448046689873
32,42073,0.007258713334022392,0.7147517927629303
32,42075,0.006406276263467485,0.6509561446950735
32,42077,0.008496522469704079,0.5559235341454356
32,42081,0.005945724536790829,0.6776060968343462
32,42079,0.01606131609801949,0.37371174015778913
32,42083,0.005101218640957974,1.2243396488816427
32,42085,0.008844999849438135,0.7238235402801725
32,42087,0.005090130976750975,1.1407455373597717
32,42089,0.008110563089435844,0.5883763499599383
32,42091,0.02449680895542178,0.25295124798684365
32,42093,0.0013938132046059505,3.289537736451622
32,42095,0.012250941777064839,0.4838471735518037
32,42099,0.007312357131923105,1.0547630741271576
32,42097,0.008650528039842396,1.1800446229429842
32,42101,0.022638172490853477,0.4323792270502964
32,42103,0.00648145492637631,0.900442209688726
32,42105,0.0038231028246416797,1.6131954905828547
32,42107,0.016447413672711953,0.6669658156565191
32,42109,0.0033355296896627165,2.4458594495638315
32,42111,0.011352610061815724,0.9643305524421706
32,42115,0.0073866912999721885,0.9008587722528933
32,42117,0.007221174451640438,1.06733257401245
32,42119,0.002330221062706794,1.2332345728844507
32,42121,0.00848262719748593,0.9282879876831188
32,42123,0.007361555255884748,1.122597938215879
32,42125,0.01344618173532,0.48718350677739697
32,42127,0.005848962305394051,0.840926491325565
32,42129,0.022893065753936525,0.38951124847732077
32,42131,0.005100179413079682,1.3306469111691703
32,42133,0.013723908007230378,0.6041250263401342
32,44001,0.004133854062001125,1.0411124405176597
32,44003,0.009579210916608643,0.5237718319346566
32,44005,0.00477817739278658,0.6664366176004537
32,44007,0.012754570693245908,0.35054415810701095
32,44009,0.008153700204099432,0.6770816234533906
32,45001,0.0031384205651830053,1.6073134184107705
32,45003,0.005499084529647482,0.6582450468845866
32,45007,0.008835070979621513,0.4942434734095543
32,45009,0.0010183582185411511,2.466131066455156
32,45011,0.0015300820188208291,1.2997881824062234
32,45013,0.00852954550549548,0.5604235908634625
32,45015,0.004724174058119781,0.5113058283138411
32,45019,0.01042393881460953,0.36448979819518623
32,45021,0.00336638362820546,0.7958754970065256
32,45023,0.004216528966825189,1.0719205369763833
32,45027,0.0031763934903287147,1.046223197002103
32,45025,0.003400171346458763,1.1967177920783076
32,45029,0.0027943921029884643,0.8745197279363175
32,45031,0.00470802717872433,0.9425682860841387
32,45033,0.0022753563116708264,1.3616269986756877
32,45035,0.005716135716893571,0.7772702521732756
32,45037,0.002706809452914208,1.6084794389317967
32,45039,0.0021132723905258857,1.629547369241309
32,45043,0.0029656830176025117,0.8810804471260821
32,45041,0.004895837777890056,0.5801042510588429
32,45045,0.013248824945524972,0.4824157210911988
32,45049,0.001886542118124038,1.9518760583992598
32,45047,0.0034385172399596666,0.893201617013363
32,45053,0.0008518373147068119,1.7723967842004444
32,45051,0.007315455566826086,0.45594345777572043
32,45055,0.0038308945984162567,0.719663506863934
32,45057,0.0038741740703645833,0.8591963355204344
32,45059,0.004537945831783638,0.7278979007413487
32,45061,0.0016439356665573462,1.4704335487620397
32,45063,0.008204534599712668,0.30235307690947133
32,45067,0.0026893286637277953,1.1728891462899824
32,45069,0.003545922921200268,1.3338525702851947
32,45073,0.004488101758765588,0.7653416944373688
32,45071,0.002898327261315172,1.1599240390393155
32,45075,0.0054411851074669835,0.8164185939234854
32,45077,0.0052419764364952685,0.7801854016718904
32,45079,0.01374842961105638,0.4411496805456463
32,45081,0.0015242764962573796,1.7264181612354506
32,45083,0.008734454738017138,0.43437139805667896
32,45085,0.005206432682267453,0.6318517478107771
32,45087,0.0042716037197978955,1.1654357704555585
32,45089,0.003601226393663532,1.0833898201210421
32,45091,0.0069153006573702885,0.4671660434076603
32,46005,0.0028084097054383904,1.4087702294181408
32,46011,0.0026388165344012034,1.658570432152471
32,46013,0.003263417336967807,1.4221529544159108
32,46029,0.0023628442320103547,1.4875586228772573
32,46035,0.0013325846915090858,2.670260094600884
32,46065,0.0010240899988698243,2.7971578038567655
32,46081,0.0023062698528198877,1.8584890175651771
32,46083,0.002681248057277994,0.9836156453938669
32,46093,0.0011111516719890956,1.6655758099413696
32,46099,0.006387695789861283,0.4667038151728104
32,46103,0.0047759096592532874,0.6986043880206251
32,46109,0.0017774952727094607,2.325551866764274
32,46135,0.0014423699275698404,1.8977039395780222
32,47001,0.00403221684141929,0.8009945753008038
32,47005,0.0029221326071324906,1.775048809005456
32,47003,0.0032910972286231822,1.1239702519252062
32,47009,0.005708011750030712,0.6025739872159656
32,47011,0.005181458252163941,0.778109882680479
32,47013,0.004578852498802986,0.8900213247510519
32,47017,0.0026350901685311756,1.2360900499485392
32,47019,0.005560198729061291,0.7584188004705293
32,47021,0.0026807994229358033,1.097671422847225
32,47025,0.0032059197583516486,1.1505224186246705
32,47029,0.0030776611813587242,1.0443811481487528
32,47031,0.003132770756427849,0.9823334318185458
32,47035,0.004544847068514226,0.8045603178923773
32,47033,0.002345052985624065,1.8872709755344605
32,47037,0.010754555085066876,0.2865504079623527
32,47039,0.002310948363183617,2.65312234450926
32,47043,0.004544806370979296,1.0192541544260065
32,47041,0.0014278324664825876,2.4883818043906225
32,47045,0.0022619940851541093,1.2582000213390943
32,47047,0.004607074875697765,0.904667991019061
32,47051,0.0035799210163316745,0.991753089820579
32,47049,0.002178966619155115,2.7409991657078945
32,47053,0.003189285473446607,0.8843816621560948
32,47055,0.004092143741319052,1.307619082382622
32,47057,0.002934709697985018,2.5270761028312894
32,47059,0.005944006595097018,0.8712414512804015
32,47061,0.0018767860352251334,2.730424574405068
32,47063,0.004384692189515757,0.7970007443392354
32,47065,0.008318034283815754,0.3890652495189807
32,47069,0.002873765322812912,1.3027942769776968
32,47071,0.0027986689982492487,1.4684220406404087
32,47073,0.005059282112625726,1.1404401701417037
32,47075,0.0022688988220301996,1.511821557080556
32,47079,0.0031522093200978415,1.188224257506602
32,47077,0.003172528358747595,1.4481141887289601
32,47081,0.002437342263041507,1.3314633336471602
32,47085,0.0017302393185685899,1.714114166130829
32,47087,0.001981780950886978,2.246640537336844
32,47089,0.005122497190578009,1.1796938553850402
32,47091,0.0015758447284687108,1.7658477640938413
32,47093,0.011177889121907232,0.4108280063944547
32,47097,0.0037051812988858107,1.0245898628639578
32,47099,0.004442116723790186,0.8608914356982271
32,47103,0.003790338822426109,1.0769729513592414
32,47105,0.002736225642109482,1.0934719152178314
32,47107,0.004143582394571157,1.048853398586693
32,47109,0.003720248844347857,1.2570817710230844
32,47111,0.001068115212095679,2.2528675030186984
32,47113,0.00440397027413932,0.6141087794716384
32,47117,0.002673664999829348,1.602786790722927
32,47115,0.0034896722656531285,1.525361837746685
32,47119,0.004228078553339658,0.707699430211079
32,47123,0.004767926620223968,1.5138149857260896
32,47125,0.008294795334891972,0.5382096989891854
32,47129,0.0026550743439261357,1.7103713983518978
32,47131,0.004273398702899093,1.0408801280141269
32,47133,0.003105984335978989,1.24445483304308
32,47139,0.002319488680106167,1.7175927908608375
32,47141,0.004321000291349964,0.8590364557731687
32,47145,0.004031832989293777,1.0833543935129595
32,47143,0.0027766989117850205,1.6918887978773118
32,47147,0.004173777590685655,0.8960102248174808
32,47149,0.008887304286997485,0.5816341131784265
32,47151,0.002372015762416333,1.5733794433308013
32,47155,0.0037935254379505984,0.6898402007917643
32,47157,0.011788672077076129,0.3949508300432514
32,47159,0.002471452907238657,1.8431984800367438
32,47163,0.012248832194449636,0.635776949550367
32,47165,0.007512129700727968,0.5078354885467089
32,47167,0.0038808875018081644,0.94646810087695
32,47171,0.0022390971303407285,3.1746724708471055
32,47173,0.001519197461564203,2.171000793254381
32,47177,0.0034495420296625488,1.1355217991096664
32,47179,0.005466198535054723,0.6828208844566982
32,47181,0.0015834388528512457,2.580506057968855
32,47183,0.0031297670362279576,1.5952024965883578
32,47185,0.003753446378418312,1.495997454414856
32,47187,0.012462690372891426,0.5098131584941704
32,47189,0.004673423830636063,0.7505032771403036
32,48001,0.0026990164777871283,0.9627238448507639
32,48003,0.0010170300282518374,3.481432759702666
32,48005,0.004211594498267871,0.7539284783544863
32,48007,0.0018429061879405824,2.1585378927664607
32,48013,0.0024023971547056126,1.1700346968548871
32,48015,0.0019490706689073627,1.589161246681671
32,48019,0.0018891011219180087,1.6680952325429672
32,48021,0.004330254615815573,1.1707091492618367
32,48025,0.0017926122848653371,1.5559908264419762
32,48027,0.01089227161366826,0.808144278392751
32,48029,0.014540218333108972,0.23171077127564335
32,48035,0.0034769996828858487,1.9036685177798847
32,48037,0.004032297766196163,0.9187880427612797
32,48039,0.008226022509298044,0.6566175776212444
32,48041,0.01287917404290264,0.613681666366951
32,48049,0.0032836933971849324,1.0004883752813587
32,48051,0.002263310423643577,1.8065856131605325
32,48053,0.0036093201463728757,1.3609642025021642
32,48055,0.0021430172249178483,1.20297152914313
32,48057,0.0014003753140851378,1.857816966243347
32,48061,0.016682261714765174,0.35992628760707107
32,48071,0.0011851617852304958,1.5687046036904109
32,48067,0.0031447792069125066,1.7953795258785334
32,48073,0.0028202510838035446,1.1856638494992409
32,48085,0.02428035366933206,0.4588888361647188
32,48089,0.0021369373329725577,1.5514082661054955
32,48091,0.005492024065537379,0.9101195509050488
32,48093,0.0018106632692531943,2.5851131452231946
32,48097,0.002916822888502627,1.2797159779833742
32,48099,0.005711756760504602,1.1844456549570506
32,48113,0.01846891243089919,0.3065776343095318
32,48115,0.0012245709098258795,3.143375671566897
32,48117,0.0013399066356243531,2.129597725540349
32,48121,0.018611186954301202,0.6703970945779258
32,48123,0.0029022973047996762,1.7391532067591218
32,48133,0.001837049388830743,1.661183802883586
32,48139,0.006295299214736986,0.6584447564633088
32,48135,0.008259691765481586,0.7009944559431722
32,48141,0.017887482013537997,0.32767560433579307
32,48143,0.0019487657734005622,1.2404992521377922
32,48145,0.002310624755776588,2.124149436817703
32,48147,0.003862746681716778,1.2824159181363077
32,48149,0.0032744272906610546,1.374689928519686
32,48157,0.020480951974974324,0.36661787192147294
32,48161,0.0024736146096538364,1.8302818091284876
32,48167,0.008069351587597135,0.8127774426491015
32,48171,0.002709772892126393,1.8299886728314059
32,48179,0.0022002878583144854,1.3874764885415958
32,48177,0.002508100742058282,1.912143599687884
32,48181,0.005637362753237849,0.5960476312255123
32,48183,0.004933449995134748,0.720698145568232
32,48185,0.0014949323258069427,1.7398933415673217
32,48187,0.004508162011826086,0.8140690573460357
32,48189,0.0026671629035715768,1.2956763874736614
32,48199,0.002890899844041555,1.063767830426771
32,48201,0.02248451033813545,0.28173527427671535
32,48203,0.0037441706037091133,0.8757952625504619
32,48209,0.008364944171221557,1.0161673813122756
32,48213,0.00561300429286928,1.1759311488581805
32,48215,0.03507070156405079,0.3470810083484459
32,48217,0.0033233240401008245,1.4291486104099584
32,48219,0.0024969435473702795,1.5416945171217415
32,48221,0.0030468501248553477,1.0708093507456558
32,48223,0.0035903552876996514,1.2125414027982018
32,48225,0.002217984463915468,1.606849620657095
32,48227,0.0024763610984874056,0.9279290495316241
32,48231,0.0042836514353560345,0.9177314134805834
32,48233,0.0017801392742061743,1.3672414842193787
32,48241,0.002318519582723451,2.184033650335655
32,48245,0.008152068618298647,0.3856039275046707
32,48249,0.0031207894741574344,1.3070404556337982
32,48251,0.006903750604442903,0.6475856969722298
32,48253,0.002295695070377101,2.079079249203699
32,48255,0.001309818094835244,2.2253100202395433
32,48257,0.004857695279709233,0.7961897302616844
32,48259,0.002483499137433721,1.390957598706079
32,48265,0.003924100319394114,1.0630507653229193
32,48273,0.0022694627607439386,1.7169450636986523
32,48279,0.002235200394851593,1.8401578747239762
32,48277,0.003770703653503767,0.8516609392550145
32,48281,0.0015704079142179923,1.7236323166505045
32,48285,0.003371328491261301,1.3265589543856715
32,48287,0.0014130324770830773,3.783690353553202
32,48291,0.0034299333057845674,0.787268449548491
32,48293,0.00348868753513461,1.5745303568353575
32,48297,0.0009140376894872903,2.473540875411382
32,48299,0.003790123772790057,1.86995665833971
32,48303,0.010374020563632744,0.4330408467313215
32,48309,0.007420211770006482,0.42203844506316557
32,48313,0.0011044364919667743,2.758692028611212
32,48315,0.0021143114016947823,2.6085416531034196
32,48321,0.0022836084645093306,1.1075794393776321
32,48323,0.003614832266670947,1.1911883139874402
32,48325,0.002424448726188765,1.1556601812507838
32,48329,0.005400599868106179,0.6560251606377185
32,48331,0.0034548621961336093,1.3737074009557524
32,48337,0.0026177090730354563,3.6430520403176256
32,48339,0.01657266950856102,0.4170473788882302
32,48341,0.001252122083888446,2.7327499287236274
32,48347,0.002770920888702549,0.8682798755732967
32,48349,0.003867025039129519,1.2127361878511957
32,48351,0.0011274939543354802,3.0196450144743854
32,48353,0.0019660101357926473,1.853295725624314
32,48355,0.006480662225135216,0.34261699404856283
32,48361,0.005205834493220314,0.8371525881778452
32,48363,0.0026487556095301495,1.2461145322304694
32,48365,0.002306061370382583,2.2793394536405973
32,48367,0.0064408874635107395,0.8088520479042347
32,48371,0.0014123611331670384,3.733400656904134
32,48373,0.003105192707092413,1.11972995203033
32,48375,0.004765777079282662,0.6856240175456666
32,48381,0.0050379320065267914,0.5379243419113734
32,48387,0.0020436451011608334,2.584164308433262
32,48389,0.0018228394261606033,2.1350864432576215
32,48395,0.0018005233665604047,1.844252421291294
32,48397,0.005684903591391165,0.9404068411605309
32,48399,0.0017025798864571545,4.107775524124721
32,48401,0.004289942517604384,0.8590607632145048
32,48407,0.0009918378310628513,2.100422974939935
32,48409,0.004203649845241602,1.0189161420943795
32,48415,0.0009000848166715632,2.5224244016597304
32,48419,0.002508676835137888,1.495803063210183
32,48423,0.005789530352212761,0.5064707006684233
32,48427,0.005979102025215503,1.0851747744204825
32,48439,0.01791201811405322,0.2678062989880073
32,48441,0.006063383321934268,0.5326623495018231
32,48449,0.0026371943282533605,1.155822923216606
32,48451,0.004030830849426056,0.615979758204686
32,48453,0.027359402100844043,0.3033854092584238
32,48455,0.0024612745499950853,1.8218256690063441
32,48457,0.002121666431915546,2.9047719550515674
32,48459,0.003676841455147933,1.4515875529123738
32,48463,0.0016856738940123023,2.2178300200086487
32,48465,0.002025258898714324,1.2674533031100366
32,48469,0.003093788262319496,0.6499495366557433
32,48467,0.004420260784019422,2.5550608416799876
32,48471,0.0028372093511072525,1.103738676849574
32,48473,0.002285799763729468,1.8068846569302557
32,48477,0.0024575521048596184,1.4715264436650421
32,48479,0.015874005053257673,0.36553539285677683
32,48481,0.002674861383753888,0.8845845476413686
32,48485,0.005328463953876874,0.5873105897403263
32,48487,0.001402409849489984,2.523450970779191
32,48489,0.0029959444830782393,1.7010897364235593
32,48491,0.013825388029479893,0.4922013621188176
32,48493,0.0037645565308723743,0.9185649265414478
32,48497,0.003457530500096226,0.9935619767574172
32,48499,0.0035745759420822347,1.4036938393005678
32,48503,0.0013085798666150747,3.3537985609342136
32,48507,0.0011530222662698595,2.539597760989399
32,49003,0.006238762812469867,1.269685085577702
32,49005,0.010154133356739235,0.7113984046935822
32,49007,0.002776084003951903,1.9881414731159366
32,49011,0.017486853991920355,0.656698267642011
32,49021,0.0031250008693752608,1.185764234095153
32,49035,0.025555896975948147,0.5397981545432826
32,49037,0.0016045565281992422,2.5361399740047244
32,49039,0.002767774734052332,1.9570625332033234
32,49041,0.0030834348633694006,2.124823583195328
32,49043,0.002887970759134839,0.9662582674481834
32,49047,0.003386589630009376,1.8591910122855062
32,49045,0.0023413257275965976,0.8834317013168714
32,49049,0.03714216505409969,0.8962642095087177
32,49051,0.0012777036754797755,2.883200657364616
32,49053,0.010816558926088604,0.7320371321173248
32,49057,0.010943183797867862,0.38927964753361893
32,50001,0.005491642165508226,1.3118200314217168
32,50003,0.00531455125353573,1.1934408072187432
32,50005,0.005447385700370486,1.0927193455644197
32,50007,0.00948399919307623,0.8115128060279331
32,50015,0.003637233705893645,1.3369026243844375
32,50011,0.00493107056441188,1.2631930301128442
32,50017,0.005963927833179674,1.0691907759350976
32,50019,0.005808446639196803,1.2991688151795175
32,50021,0.010024536365114493,0.9073227829220925
32,50023,0.009297973991031494,0.901793088430952
32,50025,0.008884068334673511,0.92977532599684
32,50027,0.008772668956298992,0.9424795250844556
32,51001,0.002244638626972508,1.1996597290451212
32,51003,0.005692750750858788,0.8045912413082755
32,51005,0.003651242493925765,2.058545532976357
32,51009,0.0026807033485961584,1.1418906435716087
32,51013,0.02640031474839472,0.5133514149584298
32,51015,0.006196711949592516,0.8555372261196426
32,51023,0.003637172557164634,1.4116340728960741
32,51027,0.0035636367276014164,1.2286334422132874
32,51025,0.0010038562922442952,2.213708024301997
32,51029,0.0020433737882204045,2.482922226959522
32,51033,0.002848099265477277,1.284056025460985
32,51031,0.004377807244325138,0.9864392911548076
32,51035,0.003891752484100211,1.3957093286065416
32,51041,0.010266762602040357,0.356049349138786
32,51047,0.0033655814483952566,1.1445830424607057
32,51051,0.0015744972610788476,2.5803557716729815
32,51059,0.027589809768212313,0.31405121444406686
32,51061,0.005227664192152384,0.8077121474287547
32,51065,0.0013849697877679227,2.534103237189093
32,51067,0.0034747330127932463,0.9946239874733809
32,51069,0.005938653783795837,0.8675206307021112
32,51071,0.0021219951084206316,2.7775711889810615
32,51075,0.0018247534891089425,1.645088833420161
32,51073,0.003188014663631144,1.1988209550440472
32,51077,0.0026755351949417977,1.7417198120330901
32,51083,0.00421572160216977,1.128473648083971
32,51085,0.007427935346137211,0.6930200643604404
32,51087,0.0102028005953701,0.42540733992480223
32,51089,0.006579842631688224,0.7833802063152072
32,51093,0.004119709764991424,1.239643707495101
32,51095,0.004966737709226351,1.0450121489993869
32,51099,0.002165431025459067,1.7781336640910141
32,51105,0.002848755424596962,1.6999918188299308
32,51101,0.001169057145239743,2.816414422387874
32,51107,0.020736606727331193,0.42222522135887863
32,51109,0.003342478628754484,1.3364954266203486
32,51117,0.004685789608403571,1.1190608210669855
32,51119,0.0018292906397616613,2.7539804674085238
32,51121,0.00669769904319794,0.9478583160047733
32,51135,0.0004450483601249723,2.4786881129240683
32,51137,0.0024634849598437637,2.4079460896604106
32,51139,0.0027221331225154,2.109854917781833
32,51141,0.0021640596905179803,2.2340976735114744
32,51143,0.0075438960915979675,0.847394191603668
32,51145,0.00180487051286761,1.850616735759373
32,51147,0.000813541044889775,2.5176478200694126
32,51149,0.0021287961711171583,1.6505912761054844
32,51153,0.018213189513034096,0.4492766274526181
32,51161,0.007256605667782259,0.946819610733887
32,51163,0.0018510933737503387,2.7089577294321145
32,51167,0.0028988741280045376,1.315402856897359
32,51165,0.005917248353529811,0.8375535213040487
32,51169,0.004821809632666427,1.6966995314799385
32,51171,0.0035219864256911234,1.1500638087507997
32,51173,0.004466520944793236,1.1656136069191803
32,51175,0.002150505275463818,2.550981194037118
32,51177,0.006542389330220392,0.6249980405718087
32,51179,0.0075959879727189065,0.7819988268278494
32,51183,0.002215201667714945,1.762261319975399
32,51185,0.0036486166600891083,1.3725329004185973
32,51187,0.0024819846660559895,1.270492609613509
32,51191,0.004950712308986932,0.8421784884840071
32,51193,0.0013239107598781272,2.8930107857549934
32,51195,0.004126795664277844,1.0275637640360407
32,51197,0.0024834574275065,1.4593257535693525
32,51199,0.004970881810875466,0.8592197172317041
32,51510,0.01669029894877402,0.6494347448338951
32,51520,0.0012346085069866706,2.565712455268455
32,51540,0.005178321248255738,0.7888774290239955
32,51550,0.010732738128579954,0.5366172733572031
32,51570,0.001633445711470236,2.116220636565144
32,51590,0.0037029468111660904,0.79296629781612
32,51630,0.001868877516042864,1.7460832409509077
32,51600,0.0029262328138545033,1.915384758517972
32,51650,0.0058182400082927915,0.5775302959287434
32,51660,0.004949424366506356,0.9441857407331178
32,51670,0.0010153829811645036,1.3589245546109114
32,51680,0.006915918099314856,0.8280021247009923
32,51683,0.003960143671769923,1.3728954588690232
32,51690,0.0019928511602793925,1.617166147711198
32,51700,0.006432845245253713,0.6047423664158216
32,51710,0.014790343023588925,0.37257358311297856
32,51730,0.0032968584917892328,0.8697492760234055
32,51735,0.00048123291715104234,2.0343312555475763
32,51740,0.005626035723283149,0.6242830309752364
32,51760,0.01121423460048934,0.36921616212319563
32,51770,0.004083985260515265,0.706326364800331
32,51775,0.001953978664993,1.7991431192839933
32,51790,0.001961959040116266,1.6208565035509328
32,51800,0.008374113615022114,0.6285629615911631
32,51810,0.012094906373079946,0.40945764192125306
32,51820,0.0016863580876392006,1.8590544373245157
32,51840,0.0022099217815226184,1.845072484945872
32,53001,0.0012224987266303247,2.625184402380023
32,53003,0.0018449893892199141,1.8128385064366928
32,53005,0.007435383477401368,0.44866894101035776
32,53007,0.003864307850227293,1.2354868000280423
32,53009,0.006340275306410016,1.0002465474385753
32,53011,0.013496242917586929,0.3946913424352774
32,53015,0.0039049289972490453,0.6292997428443265
32,53021,0.005834580883878067,0.9193848251648905
32,53017,0.0032103212508781632,1.4202926280037953
32,53025,0.00404608800018765,0.8735642773710384
32,53027,0.004752745799713933,0.7941504951570867
32,53029,0.005575647455172233,1.047480812731448
32,53031,0.00419275840207043,1.5734245154610134
32,53033,0.03751823539076416,0.5983058034746883
32,53035,0.011321444973046234,0.39581280328785146
32,53037,0.0032740631451304053,1.534505501947455
32,53041,0.006080471727988365,0.9192262212529609
32,53043,0.0025525398512613114,3.0858293088299007
32,53045,0.0039877613321949055,0.8289705885341018
32,53047,0.0036226845049002155,0.9555030574863688
32,53049,0.002884632599864082,1.517829343068745
32,53051,0.002919670095229578,2.0874467321895924
32,53053,0.015858218218385928,0.31346039169312445
32,53055,0.002760442159057322,1.9114972466021751
32,53057,0.0068838342406828375,0.7637238299935595
32,53059,0.0018430832405518102,1.9440501994901673
32,53061,0.018831372489681412,0.34907117031498425
32,53063,0.014959070376922791,0.31297099578697324
32,53065,0.005539998702481952,1.2288099937737598
32,53067,0.012064385828847361,0.4970599009252245
32,53071,0.002646749945422729,0.993011574908582
32,53073,0.01133162698858226,0.6419932910995552
32,53075,0.0037825696040230355,1.5165870023068215
32,53077,0.009679298855626748,0.467382729293014
32,54001,0.001409496417688388,2.8251120820210267
32,54003,0.007573333387445921,0.8208607485142986
32,54005,0.0038740664119674573,1.3465228076289537
32,54009,0.0028649019732544215,1.5127373085215927
32,54011,0.0065640581909020956,0.6595714539356953
32,54019,0.004804894182912166,0.8628050366175601
32,54025,0.004092631365550907,1.54360804509444
32,54027,0.002342715087439684,1.8474448730491393
32,54029,0.003750356008156993,1.6102691193785659
32,54035,0.002568778237633797,1.4209328696441932
32,54033,0.006466480683647495,0.6511183124603482
32,54037,0.003263204610700309,0.7928659299827914
32,54039,0.010222453946095911,0.46660196497437456
32,54041,0.0027511899919167924,2.0221764580824293
32,54043,0.0020941163161458587,1.5541508495117977
32,54045,0.0034720705949843104,1.1623185639211406
32,54047,0.005088732315885035,1.2963849370371756
32,54049,0.005080254435323235,0.7371599168140273
32,54051,0.004075453871940831,1.040055682923393
32,54053,0.0031433086694949326,1.3650845792633952
32,54057,0.0030303320473290523,1.4376789422919871
32,54055,0.004772984498722996,0.9835341600930025
32,54059,0.004035005405220257,1.4343549505806574
32,54061,0.007692467864644365,0.9812115081729944
32,54065,0.0017427380835086251,2.52272479480746
32,54067,0.0024439571054188304,1.3870973426939317
32,54069,0.005612263446868544,0.8936522372053838
32,54077,0.004512743882449582,1.2477633437994202
32,54075,0.0019379176523533395,2.440629994614451
32,54079,0.004139816011521634,1.5776591900765395
32,54081,0.005461671500710921,0.7589317213925811
32,54083,0.002979968433484757,1.5401909850991364
32,54089,0.0017210088170310964,2.4637704104542997
32,54087,0.002023475150937518,2.637184219036744
32,54091,0.0015419320951577523,2.5826399211910105
32,54097,0.002618422287907108,1.9657524692484294
32,54103,0.0027371960214097315,2.0377350475934093
32,54099,0.0035826509775304578,1.3938505768481961
32,54107,0.007585081190814243,0.5906401647155504
32,54109,0.002892024938727788,1.3683710002423053
32,55001,0.0046868531334102,1.3328742125718935
32,55003,0.003495918822251757,2.407783336770458
32,55005,0.006010741032910413,1.3348413142614175
32,55007,0.004421879390179022,1.957518529445137
32,55009,0.00730856233248162,0.4029825478927158
32,55011,0.0037541461987411584,1.88409182449948
32,55013,0.005097421974624185,1.399402025930731
32,55015,0.004332648429909851,1.4423446008523004
32,55017,0.005693622269137121,1.049871588494431
32,55019,0.0067746217725491295,1.2897106875821018
32,55021,0.006236283122655553,1.0651037636770404
32,55023,0.004802231683746062,2.4371565139567744
32,55025,0.019303384083530897,0.6875166664323155
32,55027,0.007917878533670097,1.0914821623655222
32,55029,0.005304954448382884,1.4095111628890866
32,55031,0.003517268814598875,0.9892494268438595
32,55033,0.004636563637679391,1.4970795307729274
32,55035,0.004456873118696974,0.7030799599228574
32,55039,0.00818052892358424,0.8732251032642302
32,55041,0.002533794705280866,2.269253847254381
32,55043,0.006440395867293319,1.5381585435626541
32,55045,0.005301405850761091,1.421344949978585
32,55047,0.0041845845325891905,2.0774979326913283
32,55049,0.005379269061374182,1.3438945213792513
32,55053,0.0033056282014296244,1.5786339258924198
32,55055,0.006095973591155596,0.7757264387854529
32,55057,0.005416776050417471,1.2662707829425532
32,55059,0.004938436045620153,0.5580093567080016
32,55061,0.0020650907140219595,2.8135705107162643
32,55065,0.004613421730689388,1.6749821638048072
32,55063,0.004776967026986887,0.7354612718509275
32,55067,0.0030581170678549868,1.871900644571055
32,55069,0.004672282630488842,1.5073199373373247
32,55071,0.006654038134023702,0.8200083622989918
32,55073,0.00960096435663008,0.6877188168482408
32,55075,0.00547433518917856,1.287200781328672
32,55077,0.004154008798471059,1.6632715273125946
32,55079,0.021821360301397,0.40730408996726647
32,55081,0.005204289180420101,1.6649837675078911
32,55083,0.005256346043248302,1.013981349345787
32,55085,0.007515894665954388,1.1335377341146224
32,55087,0.009508110292790526,0.5820223587444475
32,55089,0.007402460849793133,1.1165013777497566
32,55093,0.00267890369500741,1.6699299653524171
32,55095,0.005955589379009946,1.068348897423033
32,55097,0.00514870750452043,0.985849383879184
32,55099,0.006441834640779533,1.682428689365758
32,55101,0.006535018295258302,0.6065329373524527
32,55103,0.0034264634058107078,2.2096001095215017
32,55105,0.005929514995535696,0.5303624380234235
32,55107,0.003629551964600512,1.7781173421977565
32,55109,0.00668190711222235,0.9713460812120531
32,55111,0.006097178335969661,1.04039830283218
32,55113,0.0029906600412217895,1.57463147679719
32,55115,0.006153956398732121,1.2051908353678746
32,55119,0.003876210916538123,1.4779114227392982
32,55117,0.006937057907452367,0.7890423460468499
32,55121,0.005880319239413991,1.2097470277251314
32,55123,0.005200020229591725,1.3949658201206274
32,55125,0.004219175657622952,1.6551582735362291
32,55127,0.006123876865716921,1.1200175132289787
32,55129,0.0034953643363034386,1.8368349914194377
32,55131,0.009870881062130934,0.8276070440555503
32,55133,0.02274163127004072,0.3955033915127797
32,55135,0.00658668989835553,1.201754022554264
32,55137,0.004061576809037615,1.2851107608847165
32,55139,0.007352414800829267,0.6129145885397885
32,55141,0.007886328997816995,1.1226793500335845
32,56001,0.004785091931820488,1.1725286825838315
32,56005,0.0038223344986366144,1.554612789029164
32,56007,0.0016283570917340273,2.0220240496830204
32,56009,0.0016019901724049737,2.7990629102281086
32,56015,0.0013903898455417862,2.5061085668338268
32,56013,0.0032287244860935045,1.513807799049057
32,56021,0.004163387449339019,0.7148676174251513
32,56023,0.0016024816881196262,4.523677637955742
32,56025,0.004323571578571117,0.695210882081971
32,56029,0.0019971471148550572,3.7163126387302268
32,56033,0.0024249554921096602,1.6382288813478518
32,56037,0.002974772171244239,0.8492927783500068
32,56039,0.0012146770980506014,2.962167676906094
32,12057,0.009245083532837676,0.3591994238659093
32,12059,0.001782241533665006,2.546568611978851
32,12061,0.010556838011537806,0.6484539932288793
32,12063,0.003942465873010345,0.8881246106120184
32,12069,0.013179643358628975,0.5596612451235367
32,12071,0.022795019146022957,0.45389607857973924
32,12073,0.016629185890818875,0.7058257215930029
32,12075,0.003008748338722138,0.9589324136056728
32,12079,0.0017205403986224135,1.7739094823860653
32,12081,0.011404404593067874,0.29737464497412375
32,12083,0.010299144004087338,0.38929967505973356
32,12085,0.010189183554420061,0.6482080906004907
32,12086,0.02182363106855985,0.35122518559161126
32,12087,0.00871620742658802,0.8173922248744225
32,12089,0.003067362023086904,1.2559258302263172
32,12091,0.007143596710580111,0.6527302208776345
32,12093,0.0023637051684168168,0.6980704053254864
32,12095,0.018755818028316038,0.2880949173412282
32,12097,0.010415221226594868,0.5762787988317785
32,12099,0.021797970565096303,0.37286377021277084
32,12101,0.01613554619109514,0.4478630587645233
32,12103,0.02818184514034816,0.2845356123166215
32,12105,0.008418218356523472,0.35756469965324544
32,12107,0.0042681056369586,0.7285927408088949
32,12109,0.008075910007818588,0.6862889050227915
32,12111,0.009222308359110521,0.5561073477183455
32,12113,0.008008254845554636,0.6748791432887534
32,12115,0.03295996310114502,0.5005054967045129
32,12117,0.011040275718534878,0.3719637451638572
32,12119,0.007669189626117854,1.0753696068308733
32,12121,0.003064424800545968,1.2751104462279987
32,12123,0.0014162929998381086,2.3753120140754462
32,12127,0.017701778478314376,0.4167943736148214
32,12129,0.0018592417952246337,2.368600816948925
32,12131,0.0028638524217812337,0.9863647336371931
32,12133,0.00247506331669671,1.4909125480448282
32,13001,0.0022578785316110135,1.7544280739810802
32,13009,0.0026300511803194543,1.2478304359701695
32,13011,0.0021520665482168493,2.053103277262111
32,13013,0.0045433527089627146,0.6984158822039566
32,13015,0.005649217091751763,0.9563087847640204
32,13017,0.0019196377764451546,1.71078958809526
32,13019,0.002603586602263238,1.5470503868399963
32,13021,0.0056430435879746684,0.4865647266333918
32,13031,0.003619611519261162,1.2135923286712258
32,13027,0.0022055701460571113,1.6371957711522294
32,13033,0.0023877586941008122,1.4496741483218516
32,13039,0.002103812781391427,1.048119099740646
32,13045,0.0061271427440909125,0.7964744661018365
32,13047,0.0042877627912436145,1.0107753175653276
32,13053,0.0054694175393217356,2.003225938606514
32,13051,0.008124905701470253,0.3740231461315944
32,13055,0.0024346630235280004,1.4453752153778636
32,13057,0.013635771766523348,0.6794068153397612
32,13059,0.011814890154339416,0.5330022924720084
32,13063,0.009091311327059488,0.4509587772354824
32,13067,0.019446927343022714,0.4891563164688046
32,13069,0.00271863453650324,1.1406889695895175
32,13071,0.0031894693847853103,1.0245727724575087
32,13073,0.006358091305272934,0.6868275260362107
32,13075,0.0016570862357767858,2.191667301091352
32,13077,0.007553420921591277,0.6450532584720375
32,13081,0.002030076453503922,1.373986735048317
32,13083,0.0016708261439221327,3.098454107760804
32,13087,0.0023909022870919213,1.3022460736662032
32,13089,0.011684053139058752,0.4317695059556796
32,13091,0.0027204006647550713,1.3926438643122818
32,13095,0.005586319022619673,0.586022204762681
32,13097,0.007281209556829463,0.7049242005035292
32,13099,0.0031562625782327017,1.7359897445057284
32,13103,0.003007816794800905,1.132812142337544
32,13105,0.002449512220601239,1.5570125498556957
32,13107,0.0016867595771201,1.541461234607907
32,13111,0.0028227517019048997,1.7047047927226697
32,13113,0.009114811790529169,0.7620979916743889
32,13115,0.004078535354698831,0.6268749070050256
32,13119,0.002319990017501782,1.871877266063997
32,13117,0.013644001799531529,0.5451002197116673
32,13121,0.018770919390024083,0.6606420844834149
32,13123,0.002381009447184922,1.7260953996636705
32,13127,0.003255060197608552,0.953841894270039
32,13129,0.004020790546272039,1.090444906122983
32,13131,0.0020878415329362854,1.4428463685242712
32,13133,0.003161002382876421,1.2772285469103886
32,13137,0.0027503989851829125,1.3182688452911258
32,13135,0.02904497948775241,0.42092288374087256
32,13139,0.006572239800247288,0.487493501322941
32,13143,0.0020781519398698984,1.6778750349107838
32,13145,0.002142318034014452,1.5969783150362689
32,13147,0.001925068008065039,1.7360076250853076
32,13151,0.012086738748019188,0.7396624376492337
32,13157,0.004019792184785524,0.9943608834200593
32,13153,0.007317867799253843,0.6008580921588994
32,13163,0.0018343049291940777,2.6671789117748603
32,13169,0.002016546950063065,1.6213445132357494
32,13175,0.003957937164885191,0.7442003123501741
32,13177,0.0022551485238746266,1.6698838777945069
32,13179,0.005544837724935194,0.8135746829960814
32,13185,0.005314424973716166,0.626375715110265
32,13187,0.0014130411069690552,2.402566850036051
32,13189,0.0022916663342226976,1.6046134541414852
32,13193,0.0016610178902096418,2.3875069233609003
32,13195,0.0029078487209633045,1.365833935004267
32,13199,0.001710217090019798,2.2627141774751047
32,13205,0.0021581118171719663,1.8074470615384963
32,13207,0.002039803292356992,1.8215864608006465
32,13211,0.0023078991657681245,1.683685772977099
32,13213,0.0030128782190197026,1.2729312706891367
32,13215,0.00848670310935392,0.4506067947088038
32,13217,0.005712498751511734,0.8334719411973444
32,13219,0.0029127602045079747,1.5140878837640994
32,13221,0.0012942021389968509,2.2203786824110017
32,13223,0.007515612057061558,0.6309786759052383
32,13225,0.0016395614397146626,1.381283816124223
32,13229,0.0015346570539717574,2.257994511098943
32,13227,0.0017259321211039,1.7055705059645434
32,13231,0.0019293395746551143,2.448429283088042
32,13233,0.003005244527244807,1.3598191259828238
32,13237,0.0015763243438795275,1.940298966788767
32,13241,0.0021236497748681653,1.8726888944114812
32,13245,0.005439559151482678,0.5503897943313792
32,13247,0.00438875728029861,0.7202985906493946
32,13251,0.0025105698736871567,1.7280746653750425
32,13255,0.003128217557120684,0.7094283964798779
32,13257,0.0021006994858466283,1.8125996842606669
32,13267,0.0020367999726483223,1.765499654805929
32,13261,0.0018553920756241471,1.0424138136257335
32,13273,0.0022206481329567246,3.0612066991979026
32,13277,0.0018206117363407475,1.0938552959978367
32,13275,0.002903693644614516,0.9242889622649477
32,13279,0.0021926337341948592,1.349941110774809
32,13285,0.003933262079450606,0.7304391806764307
32,13291,0.0031139383556162887,1.4246740838967968
32,13293,0.0023932647952053365,1.1571496878246144
32,13295,0.004328078955884802,0.8846754517507688
32,13297,0.006020781080439767,0.7165254975632017
32,13299,0.0027343019438917466,1.2570742172806026
32,13303,0.001933654819377316,1.7620047795385883
32,13305,0.0020648188891348412,1.5414743496779184
32,13311,0.001406277343944197,1.6111995860667776
32,13313,0.005484702946968592,0.7331142558535335
32,13315,0.002243747629392315,2.335322417942975
32,13317,0.001292467977567365,2.2710144343018053
32,13321,0.0017724649101964398,1.7794568907359622
32,16001,0.015669108686432502,0.40934300017707953
32,16005,0.004276691632079283,0.658777838451777
32,16011,0.0038410358133359147,1.1585831436679324
32,16013,0.0010365844221345978,2.8184920897379393
32,16017,0.003592728663511399,1.1863706092529238
32,16019,0.005840869654641354,0.635334886780071
32,16027,0.008947307781541796,0.6984097619564247
32,16031,0.002759182313082678,1.5256106512085261
32,16039,0.001138731286411707,3.1603761240001718
32,16049,0.00209895737635422,1.7311105292807805
32,16051,0.0017380293648534626,2.5877696118601303
32,16053,0.0018790617291390018,2.047918370671458
32,16055,0.007330343746479223,0.6276464374873172
32,16057,0.0018711652598043984,1.4642913325335731
32,16065,0.0031382563479151965,1.739468285787196
32,16067,0.0022876532957781313,1.8178774170203469
32,16069,0.003322086174860093,1.2568518644180693
32,16075,0.0018246682484546058,2.4716118731900187
32,16083,0.003489154315252784,0.8851917413405099
32,17003,0.0029280674535924404,2.7420117223313145
32,17001,0.004208405407404301,0.7719661727644228
32,17005,0.0012172698245396672,2.4926640370098574
32,17007,0.003042874706090872,1.3961596598846235
32,17011,0.00530127068790123,1.24524305718952
32,17015,0.003994431500463611,1.5929018331077198
32,17017,0.0030070914685796576,2.0540354924575577
32,17019,0.013248699386860617,0.8163741188285605
32,17021,0.0045585174595561525,1.7383607249554889
32,17023,0.0018523728957053126,3.889458424717353
32,17027,0.0031556472155923904,1.069451320677866
32,17025,0.0018054369657887906,2.634859004483839
32,17029,0.003074134190546532,1.5365919034786866
32,17031,0.016083394786310577,0.5498802531109789
32,17033,0.0029261565728989007,1.5788038731505134
32,17037,0.005189044987644266,0.979804340221
32,17039,0.0025614650917493284,2.4630560969886757
32,17041,0.00291250885788976,1.4173413622183426
32,17043,0.023872099642269762,0.3790180823584254
32,17045,0.0024687502395177177,1.9359096622157355
32,17049,0.004227145731131348,1.347583148987203
32,17051,0.002879653255317625,1.485625305041829
32,17053,0.0023501223651118098,3.006368524056005
32,17055,0.006494469073645475,1.1162359850132113
32,17057,0.005815292240862005,1.0468570596963955
32,17063,0.0032490184372522134,1.1296333935436713
32,17061,0.0029538712332009692,1.5689527153396639
32,17067,0.004743555563319258,1.28647861666198
32,17073,0.0047055404974661475,1.106318901413956
32,17075,0.005876735000578752,1.0457454895194298
32,17077,0.004893651753893382,1.04420186077914
32,17081,0.003333050708473104,0.9902060462265623
32,17083,0.0023033375940452495,1.3899564923258012
32,17085,0.0029153284323645253,1.4042921780122728
32,17087,0.0005353160952431995,2.4707370010441174
32,17089,0.01644131967629511,0.3981037506965162
32,17091,0.005523680527619817,0.5825471613186821
32,17093,0.008639496869831956,1.0911893674281823
32,17095,0.0044826860218092415,0.7536265390820954
32,17099,0.008047420031382412,0.6890409964124437
32,17097,0.01671852147993232,0.46984503194139005
32,17101,0.0031564747599735644,1.6021674558070782
32,17103,0.004068261979278611,1.2634028506360417
32,17105,0.0032907250445666225,1.081385206982404
32,17107,0.003845813730771317,1.1372389080499528
32,17109,0.0030355267751999504,2.348520805958477
32,17111,0.016207989020206703,0.4498863809782186
32,17113,0.007742444158027421,0.4628540177781628
32,17115,0.007218726937992118,0.5088831098077536
32,17117,0.006201134645819665,0.963178485752542
32,17119,0.012256230130978632,0.4392602685607393
32,17121,0.006038363433289551,0.9454231762649479
32,17123,0.0036328176503268254,1.8584016579061975
32,17125,0.0036808382535177915,1.9408485236199524
32,17127,0.0016206128501222183,2.7240302240157916
32,17131,0.0021764567372590904,2.5272302855711763
32,17133,0.003206222011130482,2.264048367902804
32,17135,0.00401841726115994,1.620890880833077
32,17137,0.0035136108332224267,1.0893293921064644
32,17139,0.0019063772904484514,2.257863585292706
32,17141,0.004687039376119008,1.021786942923866
32,17143,0.007965004971874723,0.46451831144961253
32,17145,0.0029999751050137934,1.724124089683446
32,17147,0.0015520507305241806,2.40592732785566
32,17157,0.003597734060929754,1.169627847014983
32,17149,0.0032153646877909445,1.935988279319761
32,17159,0.0022473948974337807,1.9795470660600305
32,17161,0.005926440869050872,0.48801334378296995
32,17163,0.007818456811424535,0.6210232576153822
32,17165,0.004258787598751381,1.541762154959968
32,17167,0.010098472725383074,0.4257265577346348
32,17173,0.0034568728824513925,1.7163930398371114
32,17177,0.004583800258838473,0.957544765354077
32,17179,0.008726171718374346,0.7350376715910063
32,17181,0.002432025141473873,1.8729254890877147
32,17183,0.006898718841233706,0.628537571243014
32,17185,0.0020112800377729057,2.241913496046349
32,17187,0.0018329077049233514,1.864383865489759
32,17189,0.0024438298593072484,2.572604513989241
32,17191,0.003467512454551218,2.1730813330325534
32,17193,0.002489737584218255,2.484066582465274
32,17195,0.007789187350772384,0.736397747487438
32,17197,0.010463483236402928,0.356140790415566
32,17199,0.005028141645164722,0.8667001085083622
32,17201,0.006386269783653606,0.34774545737544127
32,17203,0.004523563965671617,1.2901109187537747
32,18001,0.0023218519831759528,1.79605321630634
32,18003,0.00947824938963841,0.36237733702405034
32,18005,0.004556493841015897,0.8060130149367621
32,18009,0.0019243002116173683,2.6689714231625055
32,18011,0.0034820505829085188,1.6017111041543455
32,18013,0.001763973570698366,2.3126833635037145
32,18017,0.0023806989416594658,1.070295324948325
32,18015,0.004233716282315516,1.3694539217769484
32,18019,0.004475309472371085,0.7725028647858427
32,18021,0.0030257282920065896,1.8304787213976708
32,18027,0.002876514827352218,1.473675314775888
32,18023,0.002179487926420655,1.2442908389689364
32,18029,0.0037252205673446977,1.149842242213879
32,18031,0.0028010006735513775,1.4433219095219905
32,18033,0.003254582316386234,1.0374867525950764
32,18035,0.006709644511203535,0.49646171224140073
32,18037,0.0037190252253870293,1.5383835495755556
32,18039,0.007025633333037337,0.6501336187965041
32,18041,0.003216262560447352,1.5460504851403567
32,18045,0.0026671632903718673,2.0025704481309448
32,18043,0.004093586385971063,0.7478131825785517
32,18047,0.0021352615734932605,2.130898986048731
32,18049,0.0025658376905043265,1.6044448871457828
32,18051,0.0027959875500339153,1.4955264513141444
32,18053,0.004792131279392318,0.7409927007613194
32,18055,0.0036765435646853623,1.3984943688850562
32,18057,0.016520100933156066,0.47750234237253525
32,18059,0.005341667981103721,1.0248596168618627
32,18061,0.004114779881378768,1.5493364008059494
32,18063,0.008115545166264185,0.7005156726180196
32,18065,0.0048363739345734435,0.9380159018633725
32,18067,0.005192298969106563,0.6791436931947915
32,18069,0.0045309543273936775,1.1450093332876947
32,18073,0.0022049284372488752,1.298330714370212
32,18071,0.0033003885796873264,1.20815609840434
32,18075,0.0037890264383850978,1.35833220854472
32,18077,0.0025731959145881556,1.4503844539537138
32,18079,0.0020847844759510617,1.5178682840927802
32,18081,0.007348822575540551,0.7203583103000103
32,18083,0.0023573914169322794,1.06316727263555
32,18085,0.004859000866054703,0.8772784950012786
32,18087,0.003226944727022928,1.0811003140460118
32,18089,0.010675709163421488,0.506007245870113
32,18091,0.0038790945750369686,0.659492217934835
32,18093,0.0037226588681951453,1.0306225643885087
32,18095,0.006289536372745443,0.5759051543877503
32,18097,0.015954188772853692,0.24602804558362323
32,18099,0.003680982185126796,1.038900706401363
32,18103,0.0025112240988524074,1.0032846578502632
32,18105,0.009398684691920704,0.6703198253621987
32,18107,0.0037282336028140774,1.2837335344083496
32,18109,0.005045634177695139,1.0117433396878894
32,18111,0.002051720659855265,2.681036173175474
32,18113,0.00369701171717909,1.2744866912107582
32,18117,0.0036515817891715186,1.541262428447557
32,18119,0.0029149270217331117,1.7062985759090041
32,18121,0.0016661654449925444,2.537969582947243
32,18125,0.0024443928926651355,2.93808612153634
32,18123,0.0022252513412142605,1.8293059632591833
32,18127,0.004420408609330757,0.6152346210451676
32,18129,0.0031219370593904027,1.5649273830933326
32,18131,0.0017634441022293852,2.934914069635927
32,18133,0.0020716428996901703,1.2612089850528365
32,18135,0.004411996984664755,1.3921598124420933
32,18137,0.003120699088734284,1.458871442201229
32,18139,0.0022385872641510238,2.0984166907153954
32,18141,0.00992331799133297,0.3819894871906633
32,18143,0.001684849917273978,1.787857674904925
32,18145,0.003109776696560252,1.1719541434559297
32,18147,0.002410915006203612,1.858754796325631
32,18149,0.0031828051122095706,1.1970953623439005
32,18151,0.003037925690042412,0.9579404994986412
32,18153,0.001674209317930015,1.6962293517966887
32,18157,0.007215527206806833,0.6817230280771768
32,18159,0.0010674528075761888,2.5200074630670217
32,18163,0.007047270445119196,0.435902063401594
32,18165,0.002546791696968202,2.1473775892144555
32,18167,0.004513039403793641,0.5779904776546159
32,18169,0.0035330330975072793,1.9649305846473046
32,18173,0.003970326363459305,1.0259600829137276
32,18175,0.003228385560027232,1.4898328725161858
32,18177,0.00483873559856927,0.7727418354074442
32,18179,0.003307554476144011,1.4812278528411036
32,18181,0.0030604566654737885,1.4441067036225759
32,18183,0.0028059389813497857,1.2140092952010209
32,19005,0.002924682886852186,1.545575582425555
32,19007,0.0027038320186817373,1.7951412676100993
32,19011,0.00374744119237784,1.3551225640640585
32,19013,0.0066285851231421425,0.5430948608128967
32,19015,0.002864642354546061,1.2150591267114101
32,19017,0.003678045437862404,1.523035752356418
32,19019,0.00279833178326684,1.4833932805119585
32,19021,0.0025984146277808736,1.707250203562004
32,19023,0.0035396742857926153,1.7436871119579656
32,19025,0.0025751561529002566,2.564975837237093
32,19027,0.0029559179462016775,1.7539922539498989
32,19029,0.0028599734766145695,1.8902816968079468
32,19031,0.0028823930696514665,1.7151853848076895
32,19033,0.0041385455839893625,1.1970091463135832
32,19035,0.0020581213030415285,2.4448703202981146
32,19041,0.0014769679146766355,2.4336155059174303
32,19037,0.002404592782194756,2.543676021946632
32,19043,0.004241834740296193,1.6342286152718322
32,19047,0.003984616288413313,1.9167415575581195
32,19045,0.005478079468090766,1.002698610320136
32,19049,0.004329622213926889,1.1759244575137646
32,19055,0.0018907333848909714,2.553643322531536
32,19057,0.00429191473277291,0.8525883989281651
32,19059,0.0023788376725017526,1.880813799640429
32,19061,0.006075825988599524,0.6505338966112377
32,19063,0.0017840055109657976,2.9124807294833293
32,19065,0.004594790591451659,1.862079487750965
32,19073,0.002401633407888094,2.4167149379530204
32,19067,0.002659298308675525,2.037850730066148
32,19075,0.002644389471409461,2.5994346542645776
32,19079,0.0025948322830646317,2.14606217988728
32,19081,0.002671153843075486,2.1142483071707106
32,19083,0.004270722119908985,1.6083788572002655
32,19085,0.0038757583376290796,1.923821761526308
32,19087,0.0029503867824497093,1.7249394195274974
32,19091,0.0023252758137269776,3.075707487356962
32,19095,0.002078843007067909,2.4173669228782217
32,19099,0.0036280364271891264,1.394369378080086
32,19097,0.0035656512981823464,2.380453618792574
32,19101,0.0013931779019611622,2.608353428388599
32,19103,0.01047577818656418,0.6438423330445058
32,19105,0.00267081710463911,2.109824804551642
32,19107,0.0027711205800116058,2.067067474912943
32,19109,0.004372377827393655,1.790109682167969
32,19111,0.0036961340818222306,1.468398855398398
32,19113,0.011789858401262862,0.41487711431991653
32,19117,0.0030694292772299424,2.7656416286820122
32,19123,0.003525047984830154,1.364040704485691
32,19125,0.002575459811283622,1.9894333269971767
32,19127,0.003575651502193007,0.8408172698841591
32,19129,0.0022500958984788956,2.1611738693941596
32,19133,0.0028485534666094514,3.026336244907333
32,19137,0.0021297261044988646,2.378163221442718
32,19139,0.003742089066194947,1.070977955935748
32,19141,0.002206245387655864,2.6464936161336188
32,19147,0.00239508154059604,2.205026522961189
32,19145,0.0035565983882519434,2.505488214184648
32,19149,0.0031293241625711455,1.5135430950800735
32,19153,0.0124210354898223,0.30269369969082593
32,19155,0.007184514780698704,0.6239323449009807
32,19157,0.002276078321502782,2.028432783616674
32,19161,0.0037344259990497106,2.1384266961796383
32,19163,0.007205287321673868,0.42209676474253616
32,19165,0.0018628325328139872,2.928446172463674
32,19167,0.003737449207819508,1.5201530713748712
32,19169,0.008643563027004489,1.0847522819154718
32,19171,0.004127615431056524,1.760586938686584
32,19175,0.0016520289156103983,2.5016529218360968
32,19179,0.004249054394965162,1.0023874418869034
32,19183,0.0024644094983016355,2.023477848701319
32,19181,0.00443055651234435,1.171745299312698
32,19187,0.0032980305633042075,0.9328777120051129
32,19191,0.0025170527388529073,1.9487299784713799
32,19193,0.004320591452734888,0.5256001668733173
32,19197,0.003049048682519608,2.5567008053025524
32,20001,0.0031351293864635404,2.041633401168672
32,20005,0.0013637614948443142,2.542833089945385
32,20009,0.002832179676654083,1.3641478118358548
32,20011,0.002263905423281464,1.9445347918253233
32,20015,0.004460753553137643,1.1598652034211723
32,20029,0.0017732566226108695,2.805725816911981
32,20021,0.0023567611210915337,1.6800031425134685
32,20035,0.00388298137654379,1.282056693188078
32,20037,0.003942979740913481,1.030745582212952
32,20041,0.002765048655374205,1.78437220289715
32,20045,0.010039930601857953,0.6282473878275203
32,20051,0.002686045590437577,1.5618120972280938
32,20055,0.004114846742722861,0.8504894914692358
32,20057,0.0021222156354177156,1.182858407669053
32,20059,0.0019413633352499571,1.6385046322185715
32,20061,0.003964284295151389,1.128212529730888
32,20079,0.0037863905515280916,1.6614095148805168
32,20087,0.002138117698503052,2.7035113458829776
32,20091,0.01644903716016828,0.4384642544272417
32,20099,0.004074856324666089,1.4362085574340655
32,20103,0.004064225116669628,0.9114516033451687
32,20111,0.0027981057985710044,1.2074928392270536
32,20113,0.00305107440805736,1.7058642456318527
32,20115,0.002089645095622898,2.2036479112264735
32,20117,0.0021001048830973207,2.4126003349507714
32,20121,0.002736371686605846,1.210973214451783
32,20125,0.00468695546719893,1.1045928406783625
32,20133,0.0026614211055485636,1.8355149836581175
32,20149,0.0018380896808904556,2.4695080089010606
32,20139,0.0025691013269052753,1.9684410341804353
32,20155,0.0038060678776749546,0.8106250441028898
32,20161,0.007940555359067921,0.793026601135927
32,20169,0.00275317850076559,0.8628858196890061
32,20173,0.010885172202311518,0.2716811665923211
32,20175,0.002098578025093273,1.6854149358958554
32,20177,0.007673404731259186,0.36890028719512186
32,20191,0.0032357305138230982,1.3101201104221833
32,20205,0.002528098440757592,4.145117666616691
32,20209,0.014192634044724171,0.346653672290845
32,21001,0.002996341369203299,1.280758659625842
32,21003,0.0027672441758874317,1.4131297900934625
32,21005,0.002264866179009976,1.6030881988798922
32,21009,0.0032460803984615226,0.9871900618158963
32,21013,0.003219247921495155,1.1460776601779228
32,21015,0.005400886504743424,0.6985806101580462
32,21017,0.002425832413653838,1.3807225581587106
32,21019,0.003759138799673546,0.8218910628256126
32,21021,0.0021724470430610314,1.4120809708142323
32,21025,0.00498112022859669,1.384226238796885
32,21027,0.002948032572693676,1.3965419644668462
32,21029,0.0032461079761944207,0.7197907450843108
32,21031,0.0017129005837333003,1.6248259564770455
32,21035,0.001931133201999871,1.0849882855821518
32,21037,0.005231500183488664,0.7990500735414215
32,21043,0.0027138042400517916,1.3059484063203541
32,21045,0.00209188125687857,1.6778475329460905
32,21047,0.00459098966325206,1.5680657293358609
32,21049,0.0033393823811043006,0.9560966526057243
32,21051,0.002188526121548932,1.3095348628919796
32,21055,0.0017598880962060707,2.3703057824708607
32,21059,0.005298412948406036,0.8106379549447845
32,21061,0.00085737288164073,2.5681618414856295
32,21065,0.0020641200154469875,2.193985899817268
32,21067,0.007790062633337184,0.3413162372816015
32,21069,0.0019708700340667906,2.4878456686119854
32,21071,0.003320590794150352,1.1326824185721136
32,21073,0.0035386101492498627,0.8442161931807941
32,21079,0.0015734521955217016,2.0956185608532207
32,21081,0.0011088206659682393,2.743983574455705
32,21083,0.003440507257639845,1.0883523793049041
32,21085,0.0033230270543046824,1.350182377403415
32,21089,0.003654538194337417,1.3794315274272788
32,21087,0.0018464165262124107,2.4916649684021763
32,21093,0.004764679146010316,0.7395444703068541
32,21095,0.005241256913303812,1.146727528146713
32,21097,0.001978751717305239,1.7366784933946289
32,21099,0.002261992658015945,1.4965354554593497
32,21101,0.0029280464237451376,1.1806759744201942
32,21103,0.0027400826082073807,1.8711060268917918
32,21107,0.0044946855258387415,0.9634464908769719
32,21111,0.013289026976357934,0.43708476264525126
32,21113,0.0023237952416418637,1.1175802362818716
32,21115,0.0022806138035663475,1.4543155517080348
32,21117,0.006114095822957862,0.5692044490885494
32,21119,0.0026478430561396654,1.699644554065074
32,21121,0.003201313550996591,1.2240676887117503
32,21123,0.0011113282341018902,2.3336102975437027
32,21125,0.003744513004503839,0.8710071967359312
32,21127,0.0023638884823193704,1.7862800563624546
32,21135,0.0016399429603797815,2.292298602351727
32,21133,0.002070862420228886,1.3232881584415106
32,21137,0.001924580689207303,1.280666575443681
32,21141,0.0027918882847443325,1.3447511598320183
32,21145,0.003353348611759343,0.8072529662161595
32,21147,0.001149030923947854,2.278601882688889
32,21151,0.004017572513197184,0.90851706794457
32,21153,0.0011728707969465004,2.384592495901094
32,21155,0.0019100916393632321,1.591759640816052
32,21157,0.0032177038228559055,1.6725112505750592
32,21161,0.0019552662805324196,1.7406215060493953
32,21163,0.00144882737452753,1.8165845608486713
32,21171,0.001827163251054889,2.1871002065101655
32,21167,0.0025721470514479183,1.81276985477384
32,21173,0.001759166383755579,1.5695848770207423
32,21175,0.002884082508760495,1.7995904638841003
32,21177,0.0036819520038094433,1.1691993865109003
32,21179,0.0032357430971833817,1.137019152385847
32,21183,0.0026277283547236586,1.2415886862605963
32,21185,0.004992610563516882,0.8366746632376723
32,21193,0.00262055323589796,1.2931070937549332
32,21195,0.0064410432328325835,0.8624153077473238
32,21203,0.0015880733784222154,2.2400203972341877
32,21199,0.005081891418704397,0.749058003557546
32,21205,0.001185024674884381,2.3534817402381973
32,21207,0.0019134037098118154,1.8970381307208763
32,21209,0.0027813505868712223,0.749935584765653
32,21211,0.0019672076734592973,1.689748898374562
32,21213,0.001419940276301043,2.1395244390010153
32,21215,0.0018143011783612278,2.287172233690192
32,21217,0.0019238648983332322,1.65153907165116
32,21219,0.0015910109483174152,2.271221708891175
32,21221,0.0008852070025086611,1.7184997725695021
32,21225,0.0012216741577046682,2.257520314080787
32,21227,0.004974729549973986,0.6517911679626871
32,21233,0.0016112620335202292,2.5200351243821677
32,21231,0.002139814391332939,1.7183129180226857
32,21235,0.0023229521008436256,1.7094211801246555
32,21239,0.0027440978562811667,1.3391752860688853
32,22003,0.0015994415215570049,2.5055685023376575
32,22001,0.0044672479371072995,0.9416871273470575
32,22005,0.007156868937670039,0.7023066186139951
32,22007,0.0029213081828910427,1.3498906657651513
32,22009,0.003720294051333859,1.1638470173488016
32,22011,0.0034855188127738634,1.369435182479777
32,22013,0.0028011780762451366,2.1608234325261466
32,22015,0.004734734708320609,0.7334611190851164
32,22017,0.007660992957796046,0.37036177815185406
32,22019,0.00511774195929954,0.5227166640426152
32,22027,0.002468946281870405,1.8850690880757255
32,22029,0.0021420499020592646,2.0660021147725307
32,22031,0.002930276297913051,1.388749253598345
32,22033,0.010091397213494899,0.4378123342919696
32,22037,0.0019068545917404597,1.7713458825411077
32,22039,0.0028816566711254944,1.443151875388728
32,22041,0.0021981924981227296,2.1018811626259644
32,22043,0.0020945986246366,1.7358412559857967
32,22045,0.00469667148274352,0.8636132067671922
32,22047,0.002473378123933091,1.4799460376473144
32,22049,0.002215312722856023,1.932536632064528
32,22051,0.008220364374038292,0.3228850504963301
32,22053,0.0026671737320404175,1.5302878826719384
32,22055,0.006251677792561587,0.44369506253436436
32,22057,0.005281190930868222,0.9569096300148623
32,22061,0.004642550002414878,0.9064070245229974
32,22063,0.007785910496757357,0.7176936406471762
32,22065,0.0021852048981141417,1.9912109434682272
32,22067,0.003015893792505508,1.3607447242899195
32,22069,0.0031767838186497013,1.3475752314462606
32,22071,0.027776317794338857,0.33638138385243666
32,22073,0.0052383168704098395,0.4671092705841609
32,22075,0.0031489516709260422,1.9003619834714467
32,22077,0.002359382472221425,2.0639187309864555
32,22079,0.005639783680869039,0.5444732596569344
32,22083,0.0023237983908498475,1.8702247184699479
32,22085,0.0033555293271036496,1.523191481796195
32,22087,0.005305119657266749,0.7611750643282987
32,22089,0.0025368448639374436,0.8923240737186612
32,22093,0.002856084127965115,1.4210159223820462
32,22095,0.002330389673337848,1.001213740650521
32,22097,0.006600396179860104,0.8462022048161406
32,22099,0.002546026934002665,0.9496046357312328
32,22101,0.005495958826264605,1.3973235734525986
32,22103,0.007848700495068755,0.5533790450918484
32,22105,0.006602900666350525,0.7901916657313898
32,22111,0.00275416068780544,1.4527214625688305
32,22109,0.00560047725885024,0.7355703954261806
32,22113,0.0037416589046336836,0.9886488312769579
32,22115,0.005668204017221081,1.0621167651832302
32,22117,0.004017343635233978,1.1363292724131395
32,22119,0.0033343343361667273,1.495058256644942
32,22121,0.0014152093560995777,2.020367923900764
32,22127,0.0014616228798690462,2.87803964253028
32,23001,0.006560586108959318,0.6418297474593394
32,23003,0.01355433479559757,0.9475867119651462
32,23005,0.014310963996413047,0.8022323838953036
32,23007,0.003927231068304897,1.2030377461291888
32,23009,0.010922749856076653,0.766414654242373
32,23011,0.011067057564210385,0.7597569214144384
32,23013,0.005132971536070426,1.1403377594053858
32,23015,0.004745949806166994,1.3949250542065588
32,23017,0.00795897229993172,0.7979918735351154
32,23019,0.010920134138877862,0.6110306386585544
32,23021,0.005481048995754303,1.2581876466219826
32,23025,0.007554573278804851,0.990427189935581
32,23027,0.00439185791829814,1.2583060123301733
32,23029,0.008103869212844348,0.8007823006645464
32,23031,0.010709292640965195,0.45265458780088524
32,24001,0.006941995714403756,0.705736140254966
32,24003,0.01698512327926163,0.37744455025503376
32,24005,0.019248102930435926,0.36139104883073275
32,24009,0.00688981059695884,0.8521571715831419
32,24011,0.0037536198993800723,1.178773759085046
32,24013,0.011427531924553813,0.5629260549108313
32,24015,0.006137661651196478,0.7583205275315581
32,24017,0.006769173193202267,0.5920427243865376
32,24019,0.0030935561861120463,1.108421939843522
32,24021,0.010046239401861098,0.4955680742828829
32,24023,0.004027690626191697,1.3640882965836718
32,24025,0.013624036546312916,0.4499089592534457
32,24027,0.01954954105708788,0.5814508924162035
32,24029,0.0017833383087181263,1.8959329425728029
32,24031,0.025896332450786746,0.3553184647144817
32,24033,0.01861742692134473,0.35229966491977294
32,24035,0.0038735347042582777,0.9996380375439122
32,24039,0.0027738849129466665,1.8233271363215526
32,24037,0.005886317929808298,0.9916748545511624
32,24041,0.004916198948280993,1.4911889866377401
32,24043,0.0059948802361120546,0.5983574280651737
32,24045,0.00498272700971376,0.663308091676739
32,24047,0.004491892344525407,1.091686184481223
32,24510,0.02584237475246798,0.36966118254162084
32,25001,0.02292153927813097,0.47784055087356103
32,25003,0.013523079220699506,0.6206465942401646
32,25005,0.011692418805454581,0.6171377283915098
32,25007,0.002276072055620226,2.691563019499814
32,25009,0.016859761983320624,0.41327955929350246
32,25011,0.00935855529958706,1.0716654404175803
32,25013,0.011716985197296182,0.34417689949992375
32,25015,0.013490685909640303,0.6987865683298491
32,25017,0.03385197673372053,0.7526867110602619
32,25019,0.0016136174082315522,1.918399610220224
32,25021,0.02890004689925574,0.7194973317958346
32,25023,0.015087967033423641,0.47067015626901365
32,25025,0.03364692487705107,0.5074282560659936
32,25027,0.01843343762513911,0.3750965246970359
32,26001,0.005690616446819813,1.7961999016057482
32,26005,0.006499246650520241,0.848587889569533
32,26007,0.0050294263746409225,1.226586424908647
32,26009,0.005562567459721192,1.4393352834231665
32,26011,0.00429684019086138,1.772470034051891
32,26015,0.005058295532257866,0.8948329502534759
32,26017,0.005689122573807243,0.6463499037659751
32,26019,0.0033157996592852114,1.822662595816528
32,26021,0.009342982115897885,0.4370312969043572
32,26023,0.004956551153108433,1.2924962672934288
32,26025,0.007358452000556337,0.5096939018525654
32,26027,0.005130211430892902,0.9421041983736953
32,26029,0.007055956259287206,1.1295254490418583
32,26031,0.005256187625889324,1.3411919581098464
32,26033,0.0030025586328504346,2.017833959335695
32,26035,0.005370596357740657,0.9682651906441416
32,26037,0.005256733330160957,0.7004001060332965
32,26039,0.003383187667082819,1.5992841185474527
32,26041,0.004935981297965376,2.1721354130057837
32,26043,0.003656904215162483,1.2729705059986849
32,26045,0.007435123214637594,0.8069239620345463
32,26047,0.003998413194418127,1.3119421518576664
32,26049,0.012722617317485078,0.36885632752077585
32,26051,0.0049103847434587514,1.0488693425148625
32,26053,0.004185491007460911,1.5685636238818732
32,26055,0.006573912853559008,0.7757928745359568
32,26057,0.0042615286166720655,1.2288988534976413
32,26059,0.004697343549022731,1.0561630665223367
32,26061,0.00450178807144698,1.1977885562771489
32,26063,0.007346794996818627,1.1957738476798878
32,26065,0.014798159490825,0.6097164155497697
32,26067,0.003499838831695877,1.3217764806834498
32,26069,0.007190243467477768,1.1746702080548188
32,26071,0.004836331732346044,1.5580576247438727
32,26073,0.0047873661417528485,1.0224663804301444
32,26075,0.005513422137766301,0.6208574625884574
32,26077,0.008923723269016063,0.35807545516416117
32,26079,0.002144473248220513,1.5131011090948956
32,26081,0.013040040644157825,0.35840358280259127
32,26085,0.002876285628671149,2.326912218533691
32,26087,0.006937243257008058,0.8220502999346677
32,26089,0.005263604469081683,1.4209528153179183
32,26091,0.005964437737328108,0.8651646455353268
32,26093,0.016106083112481216,0.4775787901760599
32,26097,0.00458356874106394,1.7540407978596548
32,26101,0.005908724124726908,1.3295086213557878
32,26099,0.017382984675525997,0.3571242310331723
32,26103,0.0068139213001422,1.0547811398349962
32,26105,0.004663942915772847,1.5660847277636016
32,26107,0.002598424545360971,1.7398455567833562
32,26109,0.005042872745375785,2.161497480663044
32,26113,0.003069624953518776,2.494209754088667
32,26111,0.005941936299958852,0.8539367104152816
32,26115,0.0072164758077836715,0.4936151051795041
32,26117,0.006745875889216005,1.0144184944276347
32,26119,0.004583782138986806,1.87290714907268
32,26121,0.005723169256080073,0.44179823095020126
32,26123,0.00698480545758725,1.0561144451235136
32,26125,0.025564878717236533,0.30030431956675363
32,26127,0.0029431247163079063,1.2847277601230387
32,26129,0.005344011411588518,1.4101948411895693
32,26131,0.0015613585266885139,2.2917550257323285
32,26135,0.0046279643239624645,1.9030758358395905
32,26133,0.005491319272233484,1.4313065881959646
32,26137,0.002980316178972686,1.4128571695214842
32,26139,0.00993373851708591,0.6202665689665509
32,26141,0.005147375115044087,1.6176654469722578
32,26143,0.0072828310270478605,1.0400032728306075
32,26145,0.007739846282153529,0.44010101941107005
32,26147,0.008822848114058444,0.6324922481132543
32,26149,0.006025213778622061,0.8782247595754548
32,26151,0.005797245083798091,1.040745951137452
32,26155,0.005346390013218018,1.0065940362440204
32,26157,0.008227769615062424,0.9135201322461497
32,26159,0.005773620502276953,1.420196719584532
32,26161,0.015951005409816473,0.4116009989121534
32,26163,0.020988393725652085,0.3767752420625599
32,26165,0.003489062009488565,1.3342322617547346
32,27001,0.006062640802214131,1.5358345404691596
32,27003,0.01611047103923755,0.47140767974579684
32,27005,0.005474313813941723,1.0691345286895442
32,27007,0.0034258953757817564,1.2556788871431135
32,27009,0.0024639972143614777,1.186038343749592
32,27013,0.004097622888002794,0.8834688682389867
32,27015,0.003545992324575048,1.8403040293042514
32,27017,0.00298369143579282,1.2433762549216862
32,27019,0.007822871439409419,0.8744158203916882
32,27021,0.005130108975955855,1.2088585108103405
32,27023,0.0019320794661983323,2.4510972655325385
32,27025,0.005076751615757394,1.1242560912554342
32,27027,0.003465793568084293,0.930146303611275
32,27033,0.0022287439579593018,2.61538692673621
32,27035,0.005885431247356623,1.042437881413846
32,27037,0.015048369412940982,0.3824405693875501
32,27039,0.003080797694526993,1.6824055145517016
32,27041,0.0051650943617834255,1.146010894505628
32,27043,0.005939109336852487,2.2710221947772498
32,27045,0.005600897227942283,1.3838565424762261
32,27047,0.005803623233031007,1.2987769407289596
32,27049,0.005290579016418847,1.6127642789061774
32,27053,0.022699655505595873,0.4594487161745176
32,27055,0.0034113054066298174,2.2906124204529084
32,27059,0.0031166791117085476,1.3524958955049118
32,27057,0.005756034706270606,1.8691937008104047
32,27061,0.005824287459832268,1.1628390273013338
32,27063,0.002551715162379212,2.848962586147684
32,27065,0.0020582432608509,2.408211873886763
32,27071,0.0015872440522097127,4.056715395141472
32,27067,0.004237432938353932,1.3309143304458504
32,27079,0.003948789848222996,1.4117914510700305
32,27083,0.0031496768609044806,1.5343530015243156
32,27085,0.0037441419651926405,2.7402567848094335
32,27089,0.003284353335555336,2.62087110599801
32,27091,0.003919058092319762,1.4732560882294885
32,27095,0.002421344881327708,1.9053486710748604
32,27093,0.004201264732925918,1.6567648648315219
32,27097,0.005233407370297315,1.6179333931653903
32,27099,0.004641374790701317,0.9747228309849978
32,27105,0.0023358556294359556,1.6491574925366284
32,27103,0.002326203738234732,2.007181066559311
32,27109,0.00980191071482072,0.555017754976747
32,27111,0.009861820745083235,0.9848056927806238
32,27113,0.0023207126316391485,1.7342466160348136
32,27115,0.004963227752628963,1.4297181969338462
32,27117,0.004094778269881118,2.3700766267421107
32,27121,0.002981300712651409,2.458808889081836
32,27119,0.0045275291301234465,2.0690504709461384
32,27123,0.015016900691329629,0.3277475254027341
32,27127,0.004824852264711164,1.7965728430594075
32,27129,0.004747574509823031,1.5114922576305212
32,27131,0.0031905150799635554,1.2404301150066126
32,27135,0.0032379493341773164,1.8394875574829088
32,27137,0.012664468421588576,0.9737630954467524
32,27139,0.009312985781986614,0.7677041691275486
32,27141,0.006470109222680508,1.0467499097588906
32,27143,0.0028414426259585203,2.3467278924062374
32,27145,0.0066907421606529635,0.6679617381125649
32,27147,0.003027917256623257,1.2673025171128234
32,27151,0.0026433764974322987,3.1047820660142085
32,27153,0.004932784839472115,1.2389677143377755
32,27157,0.0037778528167345692,1.3895370881792184
32,27161,0.0025351774632070725,2.091477362545945
32,27163,0.010552433156422944,0.5999112872952514
32,27169,0.0032861127302451195,1.111384832401923
32,27171,0.008302747634153888,1.0026271068317614
32,27173,0.0027046390214918218,2.631557290397187
32,28001,0.0026913711747310874,1.1606280208737272
32,28007,0.0029766434566226253,1.5328823056795813
32,28003,0.003070396402541337,1.1728983725161948
32,28011,0.0033658267526937413,1.6002983699412943
32,28013,0.0025652020626731444,2.2940299742907007
32,28017,0.001848140295219639,2.6338638356644726
32,28023,0.0018343077312059964,2.335402686574316
32,28025,0.002051931147035112,2.415256059088295
32,28027,0.002901151758502774,1.5338574406498702
32,28029,0.0024493664517341147,1.490853674395895
32,28031,0.0011922969301090599,2.429646993222268
32,28033,0.005832848871873715,0.5765256124804214
32,28035,0.00425908697795568,0.7708423756897547
32,28039,0.0022964442992322153,1.9758860159437055
32,28043,0.001923445214252555,1.8767080942266605
32,28045,0.0023213615555129456,1.3507028447775158
32,28047,0.004119698519299714,0.5916998793317233
32,28049,0.009050327581623028,0.35973860850510525
32,28051,0.0030327176187553437,1.6428765752092727
32,28057,0.002048714550009758,1.6812165631071043
32,28059,0.004373405260222821,0.9003872313847224
32,28061,0.0015171505094573128,2.5457900039505077
32,28067,0.0034949788429826556,0.8958674262960473
32,28071,0.0032914999283654217,1.1674934856981405
32,28073,0.004001254416608327,1.3389298372905314
32,28075,0.003915250976150558,0.8897558562723028
32,28079,0.0018394430561648276,1.798214900134336
32,28081,0.003705815169763027,0.718183978932194
32,28083,0.002897883351541887,1.2424899698263205
32,28085,0.0023073991139363715,1.6331793758672546
32,28087,0.0028977746523460067,0.911612395122177
32,28089,0.003509748436628845,0.7572723536743794
32,28091,0.0023017703945968585,1.6312073956809554
32,28093,0.002164699019422148,2.084238033297198
32,28095,0.003478296966495568,1.426420378812928
32,28099,0.002928513579857385,1.4298602775263907
32,28101,0.001974221746597891,1.7729078008140067
32,28105,0.004975651716164848,1.3017945906433523
32,28107,0.0023774474669927023,1.5264223996425463
32,28109,0.003816984311797391,1.2431317031139126
32,28113,0.0026916172267872716,1.2632565180036195
32,28115,0.0029472995977201846,1.4209535647491485
32,28117,0.0018213417162745156,1.7507711216618413
32,28121,0.005849561853515464,0.6678461493751273
32,28123,0.00242725085212761,2.5512033174805615
32,28127,0.0021988251059234863,1.6291045379949916
32,28133,0.002404601236019059,1.6640617484512825
32,28135,0.0015640516519018868,3.4017101233263722
32,28137,0.0022422730716692243,2.01964954059533
32,28139,0.0016012266880390525,2.6626526052893955
32,28141,0.0013107862763436415,2.3507925529999745
32,28149,0.0038358039744814114,1.0078741243204623
32,28145,0.0029158643370842253,1.378957968145787
32,28151,0.006551279476406494,0.8271752061229911
32,28153,0.0020830699726218944,2.558822679468978
32,28159,0.002587211751852414,1.6134311695101797
32,29001,0.002050269078434658,1.244080982654132
32,28163,0.001971139808725657,1.418991522034135
32,29003,0.0016662570071634285,2.4406235785231143
32,29007,0.003034573047899542,1.462867633464108
32,29009,0.0022457612757130346,1.522378021790693
32,29013,0.001684131592444179,2.335186023532329
32,29015,0.0029606429517178732,1.3695643464405163
32,29019,0.0090247269358941,0.5927833486404899
32,29021,0.0053362801145930006,0.6571714718023979
32,29023,0.0034312998169429417,1.015530438711111
32,29027,0.002845436714983932,1.4363848005546425
32,29029,0.0040735715395866815,1.087707303075639
32,29031,0.0032445674721950216,1.044891834113296
32,29037,0.005357877707698188,0.9085909936299057
32,29043,0.006567018618682973,0.7437882400323722
32,29049,0.0016085900850366813,2.2982540268535137
32,29047,0.009549249887146942,0.4988373833433579
32,29051,0.0038828059754820103,0.815799492547436
32,29053,0.0021260252802917192,1.8404768838914256
32,29065,0.0012952695155899563,3.0870074340392044
32,29055,0.0022085623704437697,1.4696282592613672
32,29069,0.004562661311096347,1.655224848956075
32,29071,0.007484605048427873,0.8915233354993948
32,29073,0.0023553916387596247,2.4605039336376886
32,29077,0.010350137994053085,0.4355975117273415
32,29079,0.0015943682474105643,2.607708808498309
32,29083,0.0029821524661946324,1.6575734225345224
32,29091,0.004599599203204859,1.4443271043713817
32,29093,0.0024485242658230824,2.779418412793029
32,29095,0.011011762889104432,0.485925137299121
32,29097,0.005147094722125096,0.7621987985084859
32,29099,0.011456021417531369,0.6183713865539597
32,29101,0.0025948381931257423,1.7511720560044697
32,29105,0.0026803714236965873,1.5713081699457476
32,29107,0.0031457008409442972,1.553448264578432
32,29109,0.002724275293504401,1.7606931893913802
32,29111,0.00190223022035712,2.306229124850982
32,29113,0.0046130451708118175,1.1855398265095964
32,29115,0.002792604750583655,1.8262538887545294
32,29117,0.0021744486978340864,1.8618620141156041
32,29119,0.0019467730560147399,2.289712291703447
32,29121,0.0027670541501672403,2.198916480115441
32,29127,0.0033470300033150817,1.9719132823880519
32,29131,0.002226093743231666,2.0788438223957955
32,29133,0.0012016852377335283,2.7620495739863444
32,29135,0.0013257060190574209,2.5014175832083634
32,29139,0.0019632570072794005,2.5064881954487204
32,29141,0.0013306031117389075,1.6896560452343
32,29143,0.00331289950646567,1.7145161462856118
32,29145,0.004565426444573529,1.0600337071022758
32,29147,0.0012451752971742826,2.2323911282717286
32,29151,0.001897961074665378,2.6508127265535175
32,29155,0.0034166456038980425,1.8894588405181252
32,29157,0.0022750201726478327,1.6479233622446467
32,29159,0.0035952376526318924,0.9662320647943256
32,29161,0.002766767031914848,1.0774548328826092
32,29163,0.0019656769601879205,1.9109302446216478
32,29165,0.00426661127325381,0.6793077330050791
32,29167,0.0023723766399147504,2.2838155063654404
32,29169,0.0026832095661926676,1.258411594415444
32,29175,0.002291064124809342,1.3453285379768463
32,29177,0.002080356671560532,2.3521491739732263
32,29181,0.0019401265139471712,2.3460089506786566
32,29183,0.012976464415380579,0.4952831526805034
32,29186,0.00169150075538301,2.4784928686028302
32,29187,0.004076071367257736,1.23690246721145
32,29189,0.02319872895277904,0.34827001145854714
32,29195,0.004034499212145061,1.3660413508358102
32,29201,0.0035168368784629545,1.5332609563482105
32,29207,0.004159031418181986,1.4160867247177307
32,29209,0.00317809609060804,1.4801208895991276
32,29213,0.0030681313347322935,1.076905336786567
32,29215,0.00242516947524555,2.24079187264216
32,29217,0.0027740441785940356,1.756324095981453
32,29221,0.0024784155580010853,1.4365096204958094
32,29219,0.002367238482845816,1.8207864153825761
32,29223,0.002124505146501761,2.4333060955013073
32,29225,0.003058028567788944,1.199649147466124
32,29229,0.0018747889330276463,2.369737855792191
32,29510,0.019424409681471373,0.39935643888791644
32,30003,0.0033060104277909713,1.6882373200291054
32,30005,0.0023855740544353734,2.2134194823336015
32,30009,0.003352215389765604,1.6854636335768483
32,30013,0.0038790812885361463,0.6682386864748586
32,30017,0.0033946777516924735,1.5427010937926944
32,30029,0.006628819091536995,0.9760402948214126
32,30031,0.006697496408693226,0.6522415463703288
32,30035,0.0005245957195279178,2.0178477603843166
32,30041,0.0016730266358503752,1.73023393058647
32,30047,0.003161525244016035,1.316915641448177
32,30049,0.004654465780512535,0.7348128817049998
32,30053,0.0024207467445827363,1.641880752287942
32,30063,0.007261573952711173,0.7200979283316611
32,30067,0.0018084265671304313,2.6137410679337805
32,30081,0.0043035333839316825,1.017983999451383
32,30087,0.0013633752562610924,2.870133668338604
32,30083,0.0019354173608395321,2.8955607021883063
32,30093,0.0030558238996140526,1.2514353377467382
32,30111,0.006716198457327493,0.5769998511012057
32,31001,0.0025521053294466707,1.0421334882336388
32,31019,0.003626464546863786,1.0063698895432753
32,31025,0.0037747148262872363,1.9996760236085043
32,31041,0.0023011561853556895,2.4548729754911207
32,31043,0.0010081894287248217,2.7067000855698757
32,31053,0.0030467022560707884,1.359049800762164
32,31047,0.0024118645659198103,1.9772847840383336
32,31055,0.012300758389811027,0.35398344703585366
32,31067,0.003343483369343338,1.3703766387922698
32,31079,0.0038539753498089534,0.688268978221748
32,31089,0.0021502885165756674,2.48135655968346
32,31109,0.011003209800367642,0.470297845045621
32,31111,0.0031544548909551526,1.475589239658121
32,31119,0.0026137988803610506,1.1627342538958507
32,31131,0.0027634024229650275,2.614838330342245
32,31151,0.0013506152806980665,2.1612624960551594
32,31141,0.0029092039377692645,1.3111598484629094
32,31155,0.0027930042227692162,1.8548053858350688
32,31153,0.010277837646168417,0.5446449286925853
32,31157,0.003994487162958666,1.0341394568684148
32,31159,0.0019269030049782572,2.4902588161612504
32,31185,0.0016146636612877421,2.4620319035238105
32,31177,0.0022955893841774904,1.8556918293045719
32,33001,0.005796669087045238,0.7031962277016959
32,33003,0.006594216979326182,1.0823408066290359
32,33005,0.006503741573820965,0.850777564692128
32,33007,0.006985015441900872,1.3306604557398372
32,33009,0.008771420553547344,0.9657186220400212
32,33011,0.012683190695658366,0.4397510144826719
32,33013,0.010921577652567181,0.6115984593620872
32,33015,0.018136575184492788,0.6031583564840648
32,33017,0.005275499089953474,0.6963138330587174
32,33019,0.003660954281142077,1.0517220187768657
32,34001,0.00696176777988953,0.5347186333127819
32,34003,0.030030480977442514,0.4881402699516187
32,34005,0.01360790957784446,0.43325984904792064
32,34007,0.011103246284874519,0.3116364931866044
32,34009,0.010999399987843335,0.692855337192931
32,34011,0.005559845178635058,0.4853959600895066
32,34013,0.01652376704300558,0.4091069822908737
32,34015,0.011228641335560884,0.4632117677753921
32,34017,0.024404275245364395,0.4507120765473191
32,01001,0.003188916660449311,0.9265391717177515
32,01003,0.006884937684806509,0.6564690889680065
32,01005,0.004082891059630666,1.2418114154052302
32,01007,0.0012222461308089457,2.492086948603129
32,01009,0.004157680056722905,1.2868188104143992
32,01013,0.0046383108357870295,1.2070096375391002
32,01015,0.0049778268951883526,0.5885053709906878
32,01017,0.003291049681301689,1.4547295293992477
32,01019,0.0033717612622288246,1.4146483283997837
32,01021,0.0036618906130350738,1.1026796850743403
32,01023,0.0019714264502636763,2.4349689709320614
32,01025,0.004460601299708267,1.2746180089041277
32,01027,0.0015159763417372507,2.257792220312851
32,01029,0.0015116528493541912,2.282333234832302
32,01031,0.0053453566479992895,0.9713572362052846
32,01033,0.0046095575208945794,0.8400246312900752
32,01035,0.0026962030997352525,1.6612395118530332
32,01039,0.005995878625514307,0.8906121478564872
32,01041,0.0038930503003699506,1.4188379428725864
32,01043,0.006067911063685138,0.8069891084722896
32,01045,0.0036582985504487447,0.8257730920840851
32,01047,0.004364492479638825,0.718593404038151
32,01049,0.005038296119212233,0.7864693849909217
32,01051,0.0038990071147248086,0.9102756021215336
32,01053,0.0030326743033538836,1.266176479145652
32,01055,0.005947894108478746,0.5446752115444433
32,01057,0.0027207575141282503,1.791078234775291
32,01059,0.00303231530815407,1.1474521501613066
32,01061,0.003504296234222828,1.5261576844129525
32,01065,0.002839627512622499,1.6224439072313532
32,01067,0.002617653332424993,1.4355769277792623
32,01069,0.008757272363740137,0.5974163111432764
32,01071,0.0051530174462117995,1.093853018862693
32,01073,0.013358167426690845,0.3049310978376087
32,01077,0.0048889623425885246,0.7552285127808551
32,01079,0.0038873963681343485,1.1832327886638039
32,01081,0.006704721010739492,0.9897139258637011
32,01083,0.004257033412076521,0.7769910642042512
32,01085,0.002213164140974074,2.233104664307795
32,01087,0.0062967810169638925,0.9743992419140249
32,01089,0.010364271467847758,0.37389793422080425
32,01091,0.002237848115641631,1.367949147461182
32,01093,0.0034815831562592025,1.1889922781927311
32,01095,0.005882299659997991,0.8810099901324688
32,01097,0.01015956083665772,0.3451558316050538
32,01099,0.0031703865866721504,1.3787254263978104
32,01101,0.007650308413482534,0.38202642725502944
32,01103,0.004859213092225447,0.7190219834080257
32,01107,0.0024542505639672126,1.7733248485107607
32,01109,0.002956800083848907,1.1205481576585967
32,01113,0.0026064133253866093,0.8678067722122573
32,01111,0.0030140983029583223,1.4718267713591109
32,01115,0.0042439590964494225,0.8600168224225235
32,01117,0.005844353969715819,0.5093549821102327
32,01119,0.0013624839674105074,2.6071568325903316
32,01121,0.005059818737100653,0.7710579132385323
32,01123,0.003345895278522983,0.9690805132999897
32,01125,0.008986629433202288,0.45267771665445744
32,01127,0.0070616778219549465,0.7001191152169076
32,01129,0.0023709886289107127,1.7692643369396694
32,01131,0.001389161290827774,2.468946390633293
32,01133,0.002995251069368685,1.4894691259154185
32,04001,0.007393351894051938,1.3780133459109802
32,04003,0.005769353840956089,0.5971320993091532
32,04005,0.005620558344515727,0.7656738572471622
32,04007,0.005268916369009215,0.959594870801578
32,04009,0.0022329609316328013,1.137717886084971
32,04012,0.004676073707187329,1.400989481493103
32,04013,0.013397170304906466,0.24630870677035635
32,04015,0.011916286635265096,0.6041376531047646
32,04017,0.007122117097144557,1.079578398726333
32,04021,0.006890065723548402,0.751666925313431
32,04023,0.002341890372144432,1.0412945667798241
32,04025,0.01352541714483586,0.5596990055819707
32,04027,0.007671000541163323,0.6924969638145858
32,05001,0.0037280262932836896,1.503577949580197
32,05005,0.005306802843439887,1.0383267937904554
32,05003,0.00286014082777233,1.266124084182429
32,05007,0.007391835251753092,0.4278977531774146
32,05009,0.0037179498330831445,1.4260477653188561
32,05011,0.0028130170977087358,1.7883526494266895
32,05015,0.0016567145359701674,2.732630351388663
32,05017,0.0023418883827851225,2.851796863416464
32,05019,0.002242296349096012,1.8931399319558142
32,05021,0.003437682481787484,2.4800159284876173
32,05023,0.003374466853777668,1.2465376218867725
32,05027,0.0020389964095477477,2.240514795605777
32,05029,0.0029699119367084625,1.548863074460606
32,05031,0.0054985716602344754,0.6903936261887086
32,05033,0.0036571900563468363,1.1006509971148228
32,05037,0.002699759404429275,1.4127270510250953
32,05035,0.004881340049289088,0.7627268983529428
32,05041,0.0023956927184515344,2.147750720758674
32,05043,0.0018003482260301334,1.880769573598572
32,05045,0.0058122389913879075,0.7317923588678446
32,05053,0.002182014407218702,3.540473896849042
32,05051,0.004673834817312155,0.7456736383385772
32,05055,0.0022734901287744867,1.158195667210574
32,05057,0.0018159121719376664,1.6826988377616532
32,05059,0.002558959864554292,1.3283606526364138
32,05063,0.0029526593189832208,1.2837424542920832
32,05065,0.001897448996573215,2.2528083017835394
32,05067,0.002404817979519235,1.6973141099973685
32,05069,0.005209912288112477,0.6605908463219846
32,05075,0.0028471306380171055,1.6794852201148973
32,05071,0.002508717850530265,1.4476342682113692
32,05077,0.0015506180060717591,2.5409965584643515
32,05079,0.001301195126645747,2.5884641351714683
32,05083,0.0036287659532836356,2.7123100854455573
32,05081,0.0016652035931224902,2.448761169205562
32,05085,0.0041371191953446605,0.9275123048845069
32,05087,0.0022639241360240428,2.403942267088556
32,05089,0.0019342137250282145,2.5646739941635106
32,05091,0.002711309393225646,0.7785969331386572
32,05093,0.003809046093958055,1.2114516802751196
32,05103,0.002059239401562177,1.3040427325462511
32,05107,0.0022873374370246838,1.4758112720858336
32,05111,0.0027323932512873066,1.694910782587971
32,05113,0.0033715858736674403,1.381677230582549
32,05115,0.00385720013579164,1.0192861071269579
32,05121,0.0017566616115334023,2.361830430172231
32,05119,0.010036528470015613,0.3106335945945078
32,05123,0.001987103472565961,1.6816038717252617
32,05125,0.006170662667642627,0.7128817584895867
32,05131,0.00571197621140372,0.6007230598377611
32,05135,0.0016691355710635087,2.595204653819625
32,05133,0.0013370585058192423,2.670159320115237
32,05139,0.0036682843108422542,1.0421473883134906
32,05141,0.0028180682896039883,1.7126412330371332
32,05143,0.010310439193494073,0.6671335409203878
32,05145,0.004565066633086567,0.8415962566582927
32,05149,0.002554563403763966,1.57794925767594
32,06001,0.02056661319002523,0.7552098970836225
32,06005,0.0034894546162247257,1.2219440570661562
32,06007,0.008809332080068658,0.8422663780643791
32,06009,0.004494675557583838,1.1285197159743523
32,06011,0.0016690886020113472,1.8363489182516042
32,06013,0.017911017314061334,0.3735276817829047
32,06015,0.0020342197180926893,1.503713938601515
32,06017,0.008765416356108375,0.9739143419702369
32,06019,0.020834014063801583,0.19834716480736342
32,06021,0.0020457172104902045,2.21498866966747
32,06023,0.0073620486189965445,0.5310216843522674
32,06025,0.00780398223994886,0.7569291459174117
32,06027,0.0032833714969372424,2.507339006004925
32,06029,0.018399280879639015,0.24126858497026402
32,06031,0.005520178658896442,0.9590420769733861
32,06033,0.005009210983173947,0.8603141564616712
32,06035,0.0027981015659160426,1.1300066874254522
32,06039,0.006162778782653845,1.2595386754024533
32,06041,0.01769354661124179,0.4978667503996604
32,06043,0.002624334513376895,1.484881407690803
32,06045,0.005620762890081807,1.098028594473365
32,06047,0.012229787195541355,0.4952776916680709
32,06049,0.001988436817999318,2.371408402700026
32,06053,0.010260808611077284,0.7701563610744464
32,06055,0.005945851617546578,0.6896816133633312
32,06057,0.007079547342053406,1.434264532930185
32,06059,0.02348500475267614,0.3031484732552498
32,06061,0.009281262189611344,0.49807753018352535
32,06063,0.003026673014541412,1.5935876463841163
32,06065,0.016797906020960773,0.5908350593843713
32,06067,0.015255232977606538,0.29672878956668414
32,06069,0.0031701889618794537,0.9401808528664201
32,06071,0.02396705420278076,0.2251095905265094
32,06073,0.018269292483660316,0.28727480104896075
32,06075,0.044252535761222137,0.6090067710123361
32,06077,0.013677702461796089,0.34626043184839034
32,06079,0.015389593300437404,0.7419816537805213
32,06081,0.02020391806301319,0.44934837319007004
32,06083,0.010453696624695058,1.1124530340545478
32,06085,0.0324219686185138,0.35534423746076627
32,06087,0.01286534368941397,0.9874627962798713
32,06089,0.01024759709472391,0.549217363236775
32,06093,0.007242316071382593,0.9304869489009744
32,06095,0.006774856532157172,0.4424175249978182
32,06097,0.015455986011835034,0.40245754645136533
32,06099,0.012576079242939818,0.392070648022408
32,06101,0.00448785278498716,0.7426779562598159
32,06103,0.004308536170964389,1.1726670240515908
32,06105,0.002647054143403074,2.191622833241182
32,06107,0.01735563812331087,0.4626056636086631
32,06109,0.00395927727283168,0.9322362090388852
32,06111,0.01316927658772614,0.43157817278470384
32,06113,0.009384815759937116,1.054115221490749
32,06115,0.002947883862748614,0.9373708111581962
32,08001,0.011330293715984563,0.326655820526129
32,08003,0.0009880304336140808,2.662276852363488
32,08005,0.014107331453033703,0.28735667532432607
32,08007,0.001908354209839736,2.5017320099848743
32,08013,0.016487172090209726,0.7761493969346633
32,08014,0.0035768430189294866,0.6922365976398939
32,08015,0.0024903565248093375,2.713808231715956
32,08029,0.0038080754627495363,1.3804312564237962
32,08031,0.024374513611447417,0.4534264305691723
32,08035,0.017405870045466443,0.5204447890929177
32,08039,0.0036591755910452333,1.2155085758634878
32,08037,0.0030731435420021775,0.7923633381040227
32,08041,0.015144032955559517,0.3352068426700104
32,08043,0.003092383175439809,1.1254768609619803
32,08045,0.003701960640814293,1.284727680398426
32,08051,0.0008468383097400012,2.5692488072499393
32,08059,0.018430697668100387,0.32591591207066467
32,08067,0.003478670402224716,1.1730668199923193
32,08069,0.011529061144587115,0.6369253503962481
32,08071,0.0034478705606136597,1.68669971351112
32,08075,0.0017949330413643515,1.4582156954878067
32,08077,0.0069568832471362235,0.5772767558636503
32,08081,0.001143468776760328,2.4662217629128262
32,08083,0.0022368145078611227,1.9193812347418306
32,08085,0.00308812985937438,0.9735091098511437
32,08087,0.002262262260046601,1.507133434150322
32,08089,0.003192122732196241,1.533651720718558
32,08093,0.001982208391332489,2.039260057565232
32,08097,0.0010064031440137119,2.754306101823936
32,08099,0.002741288074707022,2.716074868495943
32,08101,0.006235689608813898,0.3875825623917723
32,08107,0.003131209766722021,1.1975278472815802
32,08113,0.0021950979380622898,2.3353229387675447
32,08119,0.0028365903989384716,1.6672866327312437
32,08117,0.003316060000757237,1.92942688478237
32,08123,0.0070790095387807065,0.5608723180396166
32,09001,0.02297722954209282,0.40292901854394847
32,09003,0.013164091092217044,0.3479807921454846
32,09005,0.015618655830190715,0.44349578868770245
32,09007,0.011310790995054044,0.7735879259562928
32,09009,0.014744959680790879,0.4147956318141674
32,09011,0.009600244526988402,0.3545987857106588
32,09015,0.0062943157193201425,0.9511563732592311
32,09013,0.007337126159128867,0.64458505460713
32,10001,0.004617148693540122,0.5528819662676148
32,10003,0.009195467075397605,0.40757920998752345
32,10005,0.015780219213514978,1.1386427596252637
32,11001,0.03926651441373889,0.5260810574465359
32,12001,0.01521920158759166,0.6511550589056545
32,12003,0.0019085416931232354,2.275130217356016
32,12005,0.00616255247030319,0.5582579473746911
32,12007,0.001885962079030072,2.2797444772515116
32,12009,0.020264212538168656,0.30422704641803316
32,12011,0.01656962042634241,0.32170208061831734
32,12015,0.01965396873980944,0.6076668066279681
32,12017,0.013948936111548389,0.6338527998045105
32,12019,0.007175948976749885,0.5740886870657574
32,12021,0.022324430020391646,0.5131868673076817
32,12023,0.003866784923960406,0.9515998680114751
32,12027,0.002171121219274492,1.2648825811336355
32,12031,0.013890142821664788,0.31420752062174684
32,12033,0.008436414994572207,0.37116692246129623
32,12035,0.0075514805581271,0.77895542221152
32,12037,0.0013729516727286999,3.1478418547972264
32,12041,0.0016177846568301178,1.8431200600602105
32,12039,0.0034051387313598323,1.2840678531416405
32,12049,0.0023345428703969474,1.6353697902552098
32,12051,0.001602134589142139,1.9018382098575481
32,12053,0.010797524662817503,0.6119752218908103
32,12055,0.009508482535329127,0.5697792533598888
