src_state,tar_geoid,mi_shift,moran_shift
34,35001,0.005288760493408381,0.40605162971286285
34,35005,0.0012261701212996803,0.7281439488594702
34,35006,0.0007212437782457337,2.6432638866787674
34,35009,0.0009118545166975002,0.9095672685714175
34,35013,0.003183174923770416,0.6686557057854481
34,35015,0.0011253984576221306,1.275328538605277
34,35017,0.0012125519338182338,1.656741798342157
34,35025,0.002271070921263945,0.7896520121243071
34,35027,0.0007566903868552206,3.4535557308957436
34,35029,0.0006137113900023665,1.8026035847830368
34,35028,0.0005152857588654041,3.9294806200351204
34,35031,0.002789423275842421,0.8601872580662214
34,35035,0.0011546850532709746,0.6603486839984732
34,35039,0.00112125839118278,1.2965884445886817
34,35041,0.0005504299195729847,2.634726123787082
34,35043,0.0012385513626796175,0.4617088603175392
34,35047,0.0009991782248221254,1.539388197718159
34,35045,0.0022293077660498193,0.49705059463788076
34,35049,0.004719650899340102,0.5289499207454086
34,35051,0.0009234364937994717,3.3516954274069652
34,35053,0.0007029063710020032,1.9305660513583762
34,35057,0.00034158487638581925,3.366081543633347
34,35055,0.0008174292712984355,1.8840639767347536
34,35061,0.0017100456966266458,0.6827937833435478
34,36001,0.0040293717924822,0.3688422148712008
34,36003,0.0018030521552095183,0.8692886340031444
34,36005,0.022714690225868316,0.31819575201258077
34,36007,0.003095647809884733,0.35747432387740585
34,36009,0.0018927315173026234,0.6847183842486272
34,36011,0.0019813668543793746,0.8619207986562971
34,36015,0.0012380225476842917,0.5907030347478973
34,36013,0.003254118166353619,0.6281354998741104
34,36017,0.0016990682021972793,1.4329825418728839
34,36019,0.0013799676634106875,1.0145188531047273
34,36021,0.0029039788556624153,0.8487095041849398
34,36023,0.0008353234332697066,1.053312718314636
34,36025,0.002246319402669009,1.4022663974170804
34,36027,0.0029082050268409983,0.38787078510337186
34,36029,0.005413691411357483,0.31998647743090264
34,36033,0.0015168772253630772,0.8694148834869355
34,36031,0.0018218503447079866,0.9708482289317737
34,36035,0.0014421967915521593,0.9183592118106324
34,36037,0.0014195302041753748,0.8414823334212816
34,36039,0.001545817646264971,0.8926131584903085
34,36041,0.001170381410370444,3.4938484929621128
34,36043,0.0021604327000777834,0.7183045871218283
34,36045,0.002204368843280094,0.515139833209569
34,36047,0.028796505869454016,0.3668804873449894
34,36049,0.0012833924844333033,1.7654129670508585
34,36051,0.0008726558102764956,1.008935595804565
34,36055,0.004906134172970716,0.319829544379971
34,36057,0.0014051219982463615,0.9395885593525328
34,36059,0.008681986605756323,0.2747974900069465
34,36061,0.038131142701278764,0.4815542356354277
34,36063,0.0025838910954008353,0.47011971632248195
34,36067,0.004689941775061113,0.30632155695081376
34,36069,0.0014853399077585277,0.6308568235606111
34,36071,0.0034665252545708113,0.5785207171632559
34,36073,0.0009394977927844877,1.789020197657373
34,36075,0.0020163000980016016,0.6408334617925411
34,36077,0.0018037936100656195,1.6227474490907945
34,36079,0.001846787790601312,0.6763826472759144
34,36081,0.022009006996087415,0.3257768277980423
34,36083,0.001822500869066716,0.6245553023917
34,36085,0.004083883433407932,0.31836642830246803
34,36087,0.003160558235606006,0.5265537260983885
34,36089,0.002132321482660134,0.8519584941265801
34,36091,0.0022886183468038075,0.3764425799145037
34,36093,0.0018467803717538368,0.3857412665679446
34,36095,0.0009465726661388477,1.814957528513437
34,36097,0.0007799697891207611,2.38866630271671
34,36099,0.001237163185720695,1.0815193329454116
34,36101,0.0030699433596092767,0.7015447268396855
34,36103,0.006589673295385062,0.3099669192929753
34,36105,0.001870787714769855,0.5083789341300339
34,36107,0.001045867892426172,1.1992239690623485
34,36109,0.0030955165330552744,0.8160276351679303
34,36111,0.00313265256632919,0.43726953743970143
34,36113,0.0019196647656316865,0.9415370183756236
34,36115,0.0019511557882080316,0.894968156382914
34,36117,0.0017939020707433788,0.6814658436440083
34,36119,0.004054716769275762,0.26153064601663367
34,36121,0.001466739976627494,1.0283730333486942
34,36123,0.001028291851539643,2.4632853660994622
34,37001,0.0019776669587782676,0.42234043682378025
34,37003,0.0009391356623932337,1.5196305963298387
34,37007,0.0007469968949715178,1.7698932365911835
34,37009,0.000993410831720196,1.9726394436022794
34,37011,0.0008075266439740559,2.3240031489226314
34,37013,0.0011211057193703637,1.0374976185635987
34,37015,0.00044903321224768963,3.175351283356562
34,37017,0.0009396063449859274,2.0737110114848587
34,37019,0.004552569373881595,0.7239283160266146
34,37021,0.003178731141562065,0.3338286070378955
34,37023,0.001916900948482886,0.6402971741339836
34,37025,0.0016103729920540872,0.36045126247012976
34,37027,0.0017632257719095389,0.6277642030185298
34,37031,0.0059382541669194995,0.3867376100724466
34,37033,0.000808357557813824,1.955317341267829
34,37035,0.0022438075621255527,0.425871864912824
34,37037,0.0012456618390853302,1.2610048611194726
34,37039,0.001209798238726646,1.5828017099073561
34,37047,0.0014936565625658922,0.7582683620339418
34,37045,0.0019432182894243448,0.5636233804514853
34,37049,0.0015012968812628076,0.7826102087582648
34,37051,0.00705660246586814,0.6125355331943869
34,37053,0.00043263217714074843,1.3448283296504693
34,37055,0.0010923706944318864,1.7333266128669529
34,37059,0.0008741465405387772,1.6388108453199575
34,37057,0.002456063776291345,0.45965769069585705
34,37061,0.0013241308629531492,0.8917721767280956
34,37063,0.004278370204335288,0.3823432812383967
34,37065,0.0015849405793110676,0.9640623989865359
34,37069,0.0009042807979928566,0.7997713646453466
34,37067,0.0024541719168047925,0.3080810430375522
34,37071,0.004232264769873307,0.36564001944704183
34,37077,0.0009814600221988074,0.8680213494092296
34,37079,0.0004680658897683507,3.2727473985451585
34,37081,0.0028075680361281962,0.28332518091512776
34,37083,0.0018393004985808154,1.0992797537946084
34,37085,0.0021164157963522055,0.8669132408978683
34,37087,0.0017484173410707272,0.5945307757634364
34,37089,0.0021988076714236264,0.4381084903814086
34,37091,0.0005320680329226549,2.1158991600962582
34,37093,0.000876903902201293,0.993464151128353
34,37097,0.0027231241886379555,0.45542275953813627
34,37099,0.0008738713494157471,1.0792085857308356
34,37101,0.0032850706907642324,0.6644774296075802
34,37105,0.0009043117638354388,0.8514162100253274
34,37107,0.0011615545576801965,0.8103109651578658
34,37109,0.0016307541885532953,0.8118538128685883
34,37111,0.0013369245164523336,1.0998733350700274
34,37113,0.0019023778261625989,1.1441890365455252
34,37115,0.0009090637137869117,1.8860122363937752
34,37117,0.0007522571320809941,1.9761287854346372
34,37119,0.00823106705677225,0.2853432391072135
34,37123,0.0005574242291159559,1.7399055170266173
34,37121,0.0005455946441825923,3.1597016675851646
34,37125,0.0013701439065034915,0.6420287872413246
34,37127,0.0015632977525931611,0.7014321071234109
34,37129,0.002187063721823228,0.37459370055513225
34,37131,0.0008604614922034084,2.7149634086143286
34,37133,0.006074243307816955,0.41853343160492046
34,37137,0.0004922802327134581,3.733611098865695
34,37135,0.0025553320095712726,0.7388163538985167
34,37139,0.000555460549201849,1.14976763493396
34,37141,0.001025181028862091,0.9864961506400485
34,37145,0.0007013811015844513,1.649606027333856
34,37147,0.0019947820291234437,0.4592693389774019
34,37149,0.0012443559779050397,1.773964497380025
34,37151,0.002382566755806227,0.5220121765110585
34,37155,0.0032706047594854245,0.5172393492665597
34,37153,0.0015153636887986139,0.8926323730009545
34,37157,0.00219507841628426,0.616516790400771
34,37159,0.002007004942869017,0.47659194402132243
34,37161,0.0014339222893685296,0.8374464082794338
34,37163,0.0018304436122111262,0.9507177860039595
34,37165,0.0009831670072024,1.4425154609206972
34,37167,0.0017564038976749213,0.9113283596825774
34,37169,0.0012616647486646752,1.2520061170542274
34,37171,0.0022886643618486007,0.6473745881138686
34,37175,0.0010439193345185714,1.467013360758817
34,37173,0.0002238775345216093,2.289115802372286
34,37179,0.0033045839137358472,0.5030318825248787
34,37181,0.0008508755352293009,0.8971179179051185
34,37183,0.007972519111569659,0.39695747523358343
34,37185,0.0009403485732088172,1.8304478356676541
34,37189,0.0013611702425585955,0.6868540902314606
34,37191,0.002044453902612719,0.4622608747640444
34,37193,0.0018050201192555387,0.7268540580282493
34,37195,0.001530650903926578,0.7171212352963574
34,37199,0.0009166593905928095,2.6844662687687024
34,37197,0.0010513413919276675,1.7129820421420743
34,38003,0.00039771015880550885,3.9551378462999387
34,38005,0.000809958027626799,2.4431619839394005
34,38015,0.0016407171589620075,0.5375287547624199
34,38017,0.0022109327261493708,0.3564315451804859
34,38035,0.0014507277278654395,0.6695226491787801
34,38053,0.0004392227181735545,3.205941363352581
34,38059,0.0006329122923567117,2.4651492113900884
34,38067,0.0018141638947067867,2.2610807291763715
34,38077,0.0009635822661281295,2.1560114039379927
34,38079,0.0005412276736590555,3.2201682340011213
34,38089,0.0007141157485544638,1.2909717973926573
34,38097,0.0007010814490588164,3.434737161081759
34,38093,0.0005855164811524051,1.9318992953847722
34,38099,0.0014161805762324979,2.5361452814815557
34,38101,0.0009690284546147909,0.8009838885476539
34,39001,0.001084530806332649,1.9663749238562591
34,38105,0.0005545580615954973,1.629983402926816
34,39003,0.0023442866565633025,0.42797380612577285
34,39005,0.0010619388932133665,0.7899092124783714
34,39007,0.0021852073236194743,0.825359950057144
34,39011,0.00135718124213914,1.4867040891199845
34,39009,0.0016570661122223616,1.1175795252925131
34,39013,0.0016776878392441423,0.8110174067020963
34,39015,0.0012211158974938545,1.203281099308573
34,39017,0.0022263695182362085,0.7555271295674344
34,39019,0.001066345889857596,1.6106185593886688
34,39021,0.000993386597162342,1.0780656633113304
34,39023,0.0030401988718274345,0.43010453722655345
34,39025,0.0018472185739154198,0.4488532839107481
34,39029,0.002203310302273925,0.8957390162493643
34,39027,0.0010127427157634,1.55899792737927
34,39031,0.0011440865210553812,1.0471783532750762
34,39033,0.0016078593539927111,1.035265779378838
34,39035,0.014115784468263502,0.3451802574928253
34,39037,0.0015721339696440407,1.0499981059844063
34,39039,0.0012453098779102757,1.3810727041189783
34,39041,0.0028091360183281626,0.5630392264828684
34,39043,0.0012608878856350883,0.753064738116703
34,39045,0.001431355368033346,0.790707022467692
34,39047,0.0010956990796697128,1.4489787807800272
34,39049,0.009721558000736685,0.36901289655686836
34,39051,0.0012287134564324682,1.3073751097163349
34,39053,0.0008639979199429815,1.4988544794014176
34,39055,0.0017088697068908844,0.6944443497618936
34,39057,0.0022017148251296304,0.49063355409469667
34,39059,0.0015141854059222606,1.1687545816853964
34,39061,0.007771040746420196,0.39257184166196873
34,39065,0.0009585944956003221,1.8231052628658029
34,39063,0.001784511594812194,0.7887248417739052
34,39067,0.0008462605387044757,2.6412764335652184
34,39069,0.001145724624725743,1.8380704426439156
34,39071,0.0013104205231033346,1.1710095064640538
34,39075,0.001702477750988236,1.2706100194239933
34,39073,0.0010769303951340058,1.7513323526553959
34,39077,0.001371672381569551,1.0439727671907875
34,39079,0.0008891947995713598,1.573206574463844
34,39081,0.0024086097500031194,0.7978742909585516
34,39083,0.0009104117588647749,0.8786500144629054
34,39085,0.002962826591320696,0.42676523832128094
34,39087,0.0015019543978319581,0.8883828105353143
34,39089,0.0020852427523931497,0.4991869750082946
34,39091,0.0009856793555743995,1.282034892985558
34,39093,0.002686906735923724,0.3133915676374485
34,39095,0.004563530293083777,0.4214942899463777
34,39097,0.000998708333473196,0.8683317068571436
34,39099,0.005162300786747781,0.42278953391406776
34,39101,0.0011608910882021327,0.5253875094373043
34,39103,0.0021475602566526676,0.5093955891451808
34,39105,0.001306562217170164,1.808075611018766
34,39107,0.0009074970321713954,1.16074102139596
34,39109,0.0017567158441623124,0.667986437652153
34,39111,0.0007668508086364801,3.2540331946432297
34,39113,0.005147087021324026,0.2915841801434194
34,39115,0.0007120624923751764,3.1927480354053825
34,39117,0.0009500341684748828,1.771006453267548
34,39119,0.0019187489498345683,0.7044755618848315
34,39125,0.0009661058298627836,2.36279735796568
34,39123,0.001953378116135044,1.4760047093157036
34,39127,0.0009692828055864573,1.8137858371618594
34,39129,0.0008722606099286916,1.1176542880264544
34,39131,0.0009782169943548101,1.7599088203070283
34,39133,0.0018931699764085884,0.8551015300976025
34,39135,0.0015587881127801496,1.272143084650859
34,39137,0.0013737561906068784,1.555184587561749
34,39139,0.0024302281443146657,0.5000998002236253
34,39141,0.0014514105581918085,0.7768323479901481
34,39143,0.0016497682672421171,0.8485733517211168
34,39145,0.0015700428278292349,0.7920006402087187
34,39147,0.0020333177667442425,1.0674239604870976
34,39149,0.0014800355060831723,1.2463813873192862
34,39151,0.004483167691695862,0.34395764795316613
34,39153,0.0039995698805425535,0.3013316144527095
34,39155,0.004288718860789757,0.3673731266014152
34,39157,0.002094778019929327,0.6101690381606384
34,39159,0.000667044429873038,1.1708900812115404
34,39161,0.0010408390039884914,1.3350836582496688
34,39165,0.0025809363759466786,0.5372037553258479
34,39167,0.0017135406804380442,0.8414251133175975
34,39169,0.001735579104550886,0.6128095249279204
34,39171,0.0013958601567315805,1.264309075184197
34,39173,0.002124068557849063,0.8378254711606887
34,39175,0.0008502311987499646,1.9556489482582768
34,40001,0.0010055040688661948,2.6684268861765403
34,40005,0.0005279456796486761,3.0960576402070656
34,40009,0.000337809670021366,3.3990599922989344
34,40011,0.001225428437187047,3.89704521818975
34,40013,0.0009481122187074297,0.8389983449522268
34,40015,0.0011673181222520933,1.7417453043623945
34,40017,0.0017737406287143531,0.5934666480207073
34,40019,0.001229724729328903,1.0930012222201322
34,40021,0.0012196988773041316,1.2113399023998774
34,40023,0.00105765028511987,2.9893329371960036
34,40027,0.003623085118536733,0.45918923819412155
34,40031,0.0026316030910979267,0.4160753179886049
34,40035,0.0008816774869414025,2.727047843029704
34,40037,0.002769901619726613,0.6379797056169797
34,40039,0.0005598263603596932,2.5627139193383335
34,40041,0.0015703390884182272,1.084670846511636
34,40047,0.001160439636754365,0.8276951432475474
34,40049,0.001680251822744875,1.3001087953339916
34,40051,0.0010011650530884087,1.1846968122591144
34,40061,0.0007296175137306374,3.489724552890441
34,40063,0.0012544396756780244,2.724457088225095
34,40065,0.0007903347684708084,1.2151528896523571
34,40071,0.0013337333264389697,1.1714746869664707
34,40073,0.0005139634274954579,3.4416841288631472
34,40079,0.002052871435685325,0.9343087969630415
34,40081,0.0013805598990720154,1.4979782713363496
34,40083,0.0005596910313272398,1.4254875297867247
34,40087,0.000841216460169542,1.5707505048823676
34,40091,0.0010824221561380606,2.5338410366065567
34,40089,0.001323164936005484,1.4566351800138813
34,40095,0.0005846457207007762,4.418361641357812
34,40097,0.0013232927755618524,1.7924866004089306
34,40103,0.0004740306086144834,3.523330910829936
34,40101,0.0013974318633206103,0.8297842603689471
34,40105,0.0005755605232843768,4.497386125187325
34,40107,0.0006530348053976271,3.626551239731289
34,40109,0.01083718869283,0.43960397921287775
34,40111,0.0012832178901410675,1.0991725697349406
34,40113,0.0012287106846381195,1.01624882253447
34,40115,0.0017200322094187222,1.2325174483384285
34,40117,0.0008925958317505622,3.758175965373012
34,40119,0.002511913621866468,0.9937332819521675
34,40121,0.001659115444216317,0.8324558989252469
34,40123,0.0011308513224364068,1.0678187043928362
34,40125,0.0016412981245849325,0.6454103347577544
34,40131,0.0022685666430180495,0.4956295735552067
34,40133,0.001637736477528053,1.1710130102142575
34,40135,0.001206326317441874,1.3253193082578911
34,40137,0.0014796451917888716,1.0077445105176022
34,40139,0.0006223568216645916,2.8807578452662272
34,40141,0.0012661076548470204,2.668599266014249
34,40143,0.0077594223041231964,0.3427799543841607
34,40145,0.0018785731883260257,0.7194749921077439
34,40147,0.001243242992376,0.7814061244939925
34,40149,0.0005752323303907043,3.2050566059251895
34,40153,0.0006656317414763598,2.547174866913445
34,41001,0.0013883433705278625,2.054912942324408
34,41003,0.0022493189283381617,0.746599969662278
34,41005,0.004887960822317975,0.34870799884827824
34,41007,0.0016233057344515864,1.3035187473039092
34,41009,0.0010357224140483314,1.115195712517666
34,41011,0.0018843663154954672,0.8652276760859986
34,41013,0.0005058451058960436,3.2726825649215034
34,41015,0.0011749900969258663,2.6651032519926714
34,41017,0.0030519996451644892,0.584637465462232
34,41019,0.003178577636542064,0.6341148943475244
34,41027,0.00041474925077296143,3.6373651505312745
34,41029,0.003374491182715067,0.6373857038496457
34,41031,0.0003923215977019341,2.138549504716215
34,41033,0.0025962188464672656,0.8631172434882758
34,41035,0.0017792336515391426,0.6666661272442299
34,41039,0.005870849625391037,0.4731261498901921
34,41041,0.0031735941591018503,0.7563030498212068
34,41043,0.0019493537619281404,0.7840020554804344
34,41045,0.0006840983645698169,1.1967612443666915
34,41047,0.003196872744781128,0.33980807849552347
34,41051,0.01332222214365423,0.46312238034873054
34,41053,0.0011242060063428735,1.2412836303483543
34,41057,0.0015024852405241807,1.4799482981217689
34,41059,0.0013987438927250291,1.0756975058374376
34,41061,0.0012354734436740044,1.4251839346195854
34,41065,0.0008274442704030447,1.4062758898359107
34,41067,0.006965795155891421,0.33544629290615946
34,42001,0.0017708011726125705,0.7397945817991394
34,41071,0.0014596685987295418,0.8600959407013729
34,42003,0.01738098302455365,0.36069088039871333
34,42005,0.0031288820912054004,0.6683277072216595
34,42007,0.004294529716785355,0.36258754997139614
34,42009,0.0022740462917406746,1.1868365915630061
34,42011,0.0035576593536328326,0.46008141094065913
34,42013,0.0026280200013245355,0.5613799903546279
34,42015,0.0023203750842307135,1.284704936914209
34,42017,0.004970409175934257,0.2956545108039284
34,42019,0.0021674538710196767,0.9711885147492374
34,42021,0.0035660203222060635,0.6831930732840682
34,42025,0.0019707374991924514,0.8643516081810412
34,42027,0.0034710414269655543,1.0744253096094654
34,42029,0.0033400248478675245,0.3821170660899678
34,42031,0.0019152629045025575,0.906062359570466
34,42035,0.001137743483784106,1.6085875746679863
34,42033,0.0030916426984364974,0.9595760390117357
34,42037,0.0014998482763298746,1.0395505207101696
34,42039,0.002560219318900901,0.6761959453431747
34,42041,0.0022879832391686987,0.4732028607823237
34,42043,0.0022244988611395955,0.4125565665894252
34,42045,0.0028919083063897767,0.27066598317541823
34,42047,0.0012000131743480935,1.1900881757771897
34,42049,0.003801299773104951,0.3967341241379996
34,42051,0.0036142967478733335,0.45715522397451114
34,42055,0.0023050334198454294,0.559054820017097
34,42059,0.001500032460818259,1.2904206120162565
34,42061,0.00189030571726349,1.009318285541692
34,42063,0.0016794804968214723,1.3747615848781494
34,42065,0.0022209073729342697,1.4330831102483077
34,42067,0.0008735053226690946,2.3410310547527495
34,42069,0.003274128544765774,0.41749881456600535
34,42071,0.004222634542794023,0.3706955684427026
34,42073,0.0023881737046504785,0.589250819822656
34,42075,0.0018828730635012275,0.5447640101156396
34,42077,0.002556023257028533,0.3955338043921173
34,42081,0.0014627672297842374,0.5339424863422169
34,42079,0.006192353073808599,0.35624124201639235
34,42083,0.001629293503219935,1.1540526443788646
34,42085,0.0026799029454945655,0.624355287245285
34,42087,0.0016131717370697384,1.1444060412686101
34,42089,0.00220572908210063,0.4218077002327429
34,42091,0.00665449076311079,0.2584982365508627
34,42093,0.0004055957369518074,4.077818660254652
34,42095,0.0030183687337659204,0.432632202311709
34,42099,0.0019487471082858235,1.000215608970803
34,42097,0.00265869219118704,1.1154605099550767
34,42101,0.01541255623039359,0.3360365757005409
34,42103,0.002014137301305482,0.8466492033731137
34,42105,0.0012191802886607679,2.3556406234135703
34,42107,0.004988826933035904,0.5056423640020059
34,42109,0.0008461543489840313,2.6683560818793097
34,42111,0.0033736148527009828,0.7340524376880704
34,42115,0.0024321816013526264,0.8947152029766058
34,42117,0.002085016834839336,1.0757576244403184
34,42119,0.0005549252487136298,1.3178954938115206
34,42121,0.002454839187588532,0.8695061062948773
34,42123,0.0023184555577707997,1.0424028773912273
34,42125,0.0040410976688916925,0.49663856698686065
34,42127,0.0017211384921386695,0.7596036561277565
34,42129,0.00804677607404335,0.34497550894231405
34,42131,0.0015076039108551308,1.6698868394485087
34,42133,0.00377278626988688,0.5034998536548696
34,44001,0.0011446357429869929,1.110691217876004
34,44003,0.002604475722957084,0.4036382302784711
34,44005,0.0012775959372485085,0.523342837312592
34,44007,0.005297234948405642,0.3461142766485235
34,44009,0.0022410396638421347,0.5604464456183494
34,45001,0.0010075137949517008,2.015895073661432
34,45003,0.0016253625737605896,0.401305187205259
34,45007,0.0028283820116555124,0.4905575764367979
34,45009,0.00035783109860842397,3.36240511548692
34,45011,0.0005299915400996658,1.5077512215917228
34,45013,0.003817253289596686,0.4338283563637514
34,45015,0.0019270401657315891,0.3784440096996131
34,45019,0.004079887330840462,0.39086778643362496
34,45021,0.0011109186935904308,0.8054789335029643
34,45023,0.001622594730111127,0.9448837417365764
34,45027,0.0012914193818666258,0.827328800940248
34,45025,0.0009999267223145267,1.2572796502717953
34,45029,0.000983216278662635,1.009390723630924
34,45031,0.0014031419818517064,0.7663111598507996
34,45033,0.0007525805919613553,1.863559880809861
34,45035,0.0017694658462135764,0.5408961721929338
34,45037,0.0008155872568658638,2.0305977042534202
34,45039,0.0007063722181314209,2.275688037314029
34,45043,0.0009411591162634426,0.9118893416675227
34,45041,0.0014946605715081805,0.3908984659624551
34,45045,0.00498942178730829,0.47608860086733196
34,45049,0.0006568350604018144,2.7192573183729762
34,45047,0.001068289843591491,0.7812011488405491
34,45053,0.00032897429342481,2.3290263184370747
34,45051,0.004206154892396378,0.41706268935636287
34,45055,0.0011021424310299675,0.660143954762132
34,45057,0.0011337263677779288,0.8521640583176734
34,45059,0.0017040820047523329,0.6145792347938334
34,45061,0.0007113409294483368,1.8466115959315934
34,45063,0.002865374943214863,0.336572199329187
34,45067,0.000851527834016625,1.2699120276062785
34,45069,0.0012322620278380674,1.4525018087748056
34,45073,0.0016011016957612058,0.7070947502502936
34,45071,0.0009304633469154541,1.1422982679526417
34,45075,0.0017829849923669666,0.6113551313254337
34,45077,0.0018931670508623064,0.6879738108631375
34,45079,0.005473077201263598,0.4518080144629349
34,45081,0.0006383579970741204,2.351775398343153
34,45083,0.0030619026018335297,0.3993458750178216
34,45085,0.0018535141783052626,0.49956535129882024
34,45087,0.00139465843615328,1.1975172336499844
34,45089,0.0014883189970484234,0.9382052359474876
34,45091,0.002144258439799307,0.4679528520561897
34,46005,0.0011109990414037588,1.891538761428818
34,46011,0.0006839583981729533,1.9560954285349001
34,46013,0.0009938949870647131,1.4486898121417617
34,46029,0.0006533028533503347,1.7257853397972553
34,46035,0.00034830197893828154,3.492822695290931
34,46065,0.00030264440956326874,3.8602316332509643
34,46081,0.0006026586614316793,2.4992949629875834
34,46083,0.000717761718056473,0.8446948797918781
34,46093,0.0004385059614384598,2.188918060566654
34,46099,0.0022298618027464796,0.35755551983461686
34,46103,0.0015642243193001093,0.48346926405213386
34,46109,0.0006759092457486398,3.1296886872469414
34,46135,0.00041124430036451674,2.63031454146927
34,47001,0.0011481480048830472,0.7345713236675729
34,47005,0.0009828920050034288,2.2157266206149586
34,47003,0.0009668962555429439,1.1663695286343587
34,47009,0.001581987403894337,0.4462146054533699
34,47011,0.0017646752719540513,0.7024149735471774
34,47013,0.001531182115611363,0.8912556734751258
34,47017,0.0009192196181454071,1.2928270676453648
34,47019,0.0019209865800066353,0.6631322666732495
34,47021,0.0008857341021606478,1.2439331681347827
34,47025,0.0010994251673909301,1.201881499295852
34,47029,0.001137618156114476,1.0232486549766528
34,47031,0.0007920684491965335,0.9617375006844702
34,47035,0.0015554186292767774,0.718057373444202
34,47033,0.0007888462847101867,2.408812245130216
34,47037,0.0060293191843244906,0.3398359397766155
34,47039,0.0007750123430150195,3.3818325611359596
34,47043,0.0011684628409410537,0.9977681516852428
34,47041,0.0004291381247164312,3.288188421049399
34,47045,0.0007267914253920385,1.3923635120868678
34,47047,0.0013505340539206748,0.8234238640215422
34,47051,0.001151840663156816,0.9682404283768034
34,47049,0.0006325125438894456,3.600663954617236
34,47053,0.0011043845113086971,0.7796596853444211
34,47055,0.001346378098677528,1.2731734769040237
34,47057,0.0009064135908072694,3.0024005085142176
34,47059,0.0018639237271282924,0.8296979847696481
34,47061,0.0006049866406167859,3.5471839026015517
34,47063,0.0012820602982032434,0.8305811036706832
34,47065,0.0027616727908259006,0.35129860905518634
34,47069,0.0009019171162295254,1.7461778978113107
34,47071,0.0009022603575283279,2.017016286146347
34,47073,0.0017463356969258431,1.0466782862197226
34,47075,0.0009022980477832789,2.0525781589790926
34,47079,0.0012439433414761156,1.2733814608946334
34,47077,0.0008972972462950107,1.8874962867565497
34,47081,0.000792234698049673,1.6996802530260569
34,47085,0.0005095113369049134,2.4755166059597498
34,47087,0.0006380307778152153,3.1089759052665964
34,47089,0.001460704986790832,1.1894572893929012
34,47091,0.000550679471945273,2.4324054952866243
34,47093,0.0034079994310513336,0.4152401047493911
34,47097,0.0012293670156619677,1.0345065041464994
34,47099,0.0014898491032371904,0.7554551469854234
34,47103,0.0012529187165656742,0.9593144285569711
34,47105,0.0009302548293492463,1.1457020704672058
34,47107,0.0012311790581760946,1.0056298905482022
34,47109,0.0011580487478406504,1.361248439934146
34,47111,0.00038436481979004845,3.2032678805911585
34,47113,0.0013750131184106893,0.5183197020157487
34,47117,0.0008198051337232284,2.0287170872828177
34,47115,0.0012020305479073748,1.956239529382329
34,47119,0.0013339706796020633,0.5864828083989301
34,47123,0.0015241184041181212,1.704621164684929
34,47125,0.003968620548352806,0.5533234232188317
34,47129,0.0009018431578173624,2.2577765235619043
34,47131,0.0014095184387905215,1.0779409195406167
34,47133,0.0010872192719193028,1.439140534516666
34,47139,0.0007204982364340376,2.4730218753170345
34,47141,0.0011196849804584184,0.7737296471405948
34,47145,0.001287884001630332,1.185937811004709
34,47143,0.0008687582667470248,2.3003869656835274
34,47147,0.0011766627910564206,0.7859638447091231
34,47149,0.0030210895558198266,0.5182666860425295
34,47151,0.0008622426728080763,2.3076431571030733
34,47155,0.0012749003273855655,0.5890051156781443
34,47157,0.007558564637149656,0.3707208708298353
34,47159,0.0007138031543251448,2.4601190232636934
34,47163,0.003812980273430697,0.5282872848158184
34,47165,0.0023816568791843818,0.5172057621764911
34,47167,0.0011013932617207876,0.9482167831638387
34,47171,0.0007003593998471061,3.830933672861621
34,47173,0.000523371070836006,2.916761488747916
34,47177,0.0011094910655064308,1.1303756295614333
34,47179,0.001483205099114648,0.6329637717867084
34,47181,0.0005076798397327613,3.3668008913317813
34,47183,0.0009113806448702473,1.4642006971026948
34,47185,0.0009988466194735203,1.8567677359202304
34,47187,0.0031380790142510584,0.28539686176979456
34,47189,0.0012608423392907442,0.7496538226650303
34,48001,0.0009894790619183586,0.9191444492623316
34,48003,0.00036974961442726075,4.195531042709296
34,48005,0.0015121621429496454,0.6460334101383614
34,48007,0.0006309238637589494,2.857463622554682
34,48013,0.000805170351276024,1.3932070959406568
34,48015,0.0006401781413889677,1.863096517603024
34,48019,0.0007757762766824546,2.396996017069043
34,48021,0.0014768243391290819,1.3303618609730015
34,48025,0.0007133801585350808,1.6711870135157003
34,48027,0.005500173230188024,0.7346920721262625
34,48029,0.011186498577012963,0.37569687387371753
34,48035,0.001098191015672517,2.116561392645145
34,48037,0.0012269965175563994,0.7440759860844268
34,48039,0.002963063234662731,0.665933270313298
34,48041,0.005557903075557142,0.5952945021967205
34,48049,0.0011058515450548417,0.8117670605964986
34,48051,0.0007437863839980779,2.481117517966506
34,48053,0.0010756124320304044,1.7851763754584071
34,48055,0.0007565547744585215,1.1969040815009673
34,48057,0.0005044062558859181,2.4620746604536623
34,48061,0.008699678177451608,0.36745428378655454
34,48071,0.0005009606821680344,2.019889915995372
34,48067,0.0009325947767330514,2.1169406822347714
34,48073,0.0011442146763311052,1.1549300371122584
34,48085,0.01022284291597738,0.43812584882205946
34,48089,0.0006059079122871255,2.1832003013186387
34,48091,0.001480629103662908,0.841075388547959
34,48093,0.0005145900084752249,3.9800199169737125
34,48097,0.0008284207332677165,1.3088781765271422
34,48099,0.0024481521906827178,1.0978788373931443
34,48113,0.017658615220928424,0.3295406969654966
34,48115,0.00040922807376485916,4.074438905184837
34,48117,0.00048488897905314275,2.673681793358225
34,48121,0.008629553772459083,0.6400410995146364
34,48123,0.0009143699093811905,2.4363576448953874
34,48133,0.0005889721809976454,2.4308131792940335
34,48139,0.0021099251976427224,0.49770206897241487
34,48135,0.0034207874021521026,0.4716161252162857
34,48141,0.009744178462739323,0.3901806105406533
34,48143,0.0006416002217051466,1.3063165174073479
34,48145,0.0009525486406513259,2.4893941694269217
34,48147,0.0013586698772200232,1.4215064902915748
34,48149,0.0010817767145571424,1.5243702677252462
34,48157,0.006882876698006309,0.35147311207160936
34,48161,0.0009180339909959007,1.8655368727055284
34,48167,0.002824472321512041,0.7340940375223531
34,48171,0.0009213633929456098,2.4892532346322547
34,48179,0.0007262721081947698,1.4004274587736738
34,48177,0.000877269032940867,2.500702853995553
34,48181,0.0015779842938475142,0.4797382931062956
34,48183,0.0020496747260000544,0.6223352694486695
34,48185,0.00043958147437828197,2.261064218917669
34,48187,0.0013317997740582665,0.7039794641541564
34,48189,0.0009695188716343483,1.2814751123224914
34,48199,0.0010867606026471806,1.3088873871029783
34,48201,0.022524883023878055,0.32972904355217547
34,48203,0.0014105460887468486,0.7970756069542232
34,48209,0.0026368755213345575,0.933237660959923
34,48213,0.0017558737865066734,1.1008321980204827
34,48215,0.01784304417649457,0.3042703898705673
34,48217,0.0012530342354871715,1.2133811509021484
34,48219,0.0008761588235212055,1.6273114383701095
34,48221,0.0009696838308362774,0.9852062311977023
34,48223,0.0012629771728247471,1.3486490140268388
34,48225,0.0007719845959457414,1.7351594552291867
34,48227,0.0009237106344231357,0.9054639148683331
34,48231,0.001282720127178413,0.901181596874556
34,48233,0.000515986120261448,1.7664617823685405
34,48241,0.0008116722346813964,2.304982627561198
34,48245,0.004016481981006271,0.4283718778577899
34,48249,0.001082070131263294,1.6198036263636593
34,48251,0.0021996479574391188,0.5870643873460203
34,48253,0.0008665007717539177,2.1695709890544563
34,48255,0.00042464808346157344,3.190126309300688
34,48257,0.001614161602782608,0.7552711870511359
34,48259,0.0006651490079786553,1.9285221585420134
34,48265,0.001233091940081581,1.1727258833118632
34,48273,0.0009235109511452391,2.356659737547627
34,48279,0.0007637012761982114,2.294984691040877
34,48277,0.0010830226637605792,0.9005303370100439
34,48281,0.00047527161231607164,2.4243808864976706
34,48285,0.0011942753864357743,1.9297472855804658
34,48287,0.0004385529248004131,5.185727038754709
34,48291,0.0013269470574393703,0.6868192098521937
34,48293,0.001273462698535786,1.6411907815265376
34,48297,0.000362626453894216,3.4480782994614034
34,48299,0.0014819292554580064,2.35514229438505
34,48303,0.004300107060184498,0.40593132729545817
34,48309,0.0028702691528848545,0.4454220670321046
34,48313,0.0004042853300885926,3.4893660126409944
34,48315,0.0007962080248624541,3.295188871084274
34,48321,0.0007794084289876953,1.0363894444594606
34,48323,0.0014472234169363286,1.203495966557919
34,48325,0.0008534988765558326,1.3976287623174157
34,48329,0.002153787358280784,0.49718843684464303
34,48331,0.0011772866703913163,1.6414970843420418
34,48337,0.0009764743572428018,3.7039716740457296
34,48339,0.005576470566403984,0.39630883544509216
34,48341,0.0004734396368467314,3.508953867535507
34,48347,0.0009816382402145995,0.6799749805705906
34,48349,0.0011664649498814698,1.2699105413638345
34,48351,0.0004369167299045944,3.758067404092894
34,48353,0.0005541873542871161,2.480728653513856
34,48355,0.003409209959011246,0.39777277005564915
34,48361,0.0017266082332969507,0.5938099663619087
34,48363,0.0008719713302157299,1.0899729237689133
34,48365,0.0008578046961678865,2.5098638543109444
34,48367,0.001805118177457766,0.6820164704030599
34,48371,0.0004668839216496902,4.590472189024124
34,48373,0.001296620427172613,1.074250010292294
34,48375,0.0025205058482708712,0.4516871137244848
34,48381,0.0015450115811704906,0.5390670841399443
34,48387,0.0006508287249871105,3.425040647373998
34,48389,0.0005844605352967158,2.5365861718125
34,48395,0.0005457451347144453,2.4281801030316013
34,48397,0.0014399098540440153,0.9606145585037075
34,48399,0.0006283578347077097,5.061004749557479
34,48401,0.0013862750461348346,0.7480596269603959
34,48407,0.0003657101761748525,2.9244373259780785
34,48409,0.0016586805699160929,1.019897292646651
34,48415,0.000271970147248379,3.4136757278748555
34,48419,0.0009272788616488778,1.7600813639154727
34,48423,0.002259947488199006,0.5072781785975685
34,48427,0.0028265889864662243,0.9324971916582212
34,48439,0.010827084504029031,0.280301733191317
34,48441,0.0025318751013756503,0.3579227516288544
34,48449,0.0009895462061403864,1.2216863623012197
34,48451,0.00141601655661759,0.5790976356379134
34,48453,0.014389991738206985,0.3201794044384468
34,48455,0.0009541597263721984,2.6432766996294372
34,48457,0.0007666829409686968,3.38300620258296
34,48459,0.0010409527392987688,1.871150697391488
34,48463,0.0006088997228264559,2.7051734884067513
34,48465,0.0010513692170130273,1.2054465399757044
34,48469,0.0015238581539502537,0.445258817665742
34,48467,0.0015615172049838518,2.622759790071804
34,48471,0.001038141381585758,1.0366195372216624
34,48473,0.0006324026578403908,2.4786047787451544
34,48477,0.0008414183714940697,1.9735267613433825
34,48479,0.008414456825605696,0.44610864463954625
34,48481,0.0008734149647678613,0.8419682695869662
34,48485,0.0024620001284402166,0.524166802668054
34,48487,0.00043583811555793526,3.315505917857979
34,48489,0.0009800889576144075,2.1057421570523864
34,48491,0.005367515910261188,0.4308074846741811
34,48493,0.0010715986529693633,0.959076145131941
34,48497,0.0009838339954445657,0.9766758170319981
34,48499,0.001339458345935162,1.4539465720324594
34,48503,0.000370260867522459,4.179876607348066
34,48507,0.0004410863606068118,3.239994198235745
34,49003,0.002001186628121914,1.3764331981332727
34,49005,0.0038730071491404373,0.6523404045734607
34,49007,0.0009550514093601805,2.489708774656237
34,49011,0.007134710592067309,0.5712981018770056
34,49021,0.0011771327554303363,1.3477036185737827
34,49035,0.012855339536865506,0.5246798144143371
34,49037,0.0006494054352840517,3.4414655574256883
34,49039,0.000893740570663196,2.7991269425223666
34,49041,0.0010680388958419012,2.7749811129390447
34,49043,0.001024496808813944,0.8262013222529502
34,49047,0.0013031654805959207,2.4403221286767187
34,49045,0.0011161967244184465,0.8724943913554349
34,49049,0.019279000191194155,0.7793922004171472
34,49051,0.0004954246251872947,3.677823759553471
34,49053,0.0038126792856306986,0.5534034172628237
34,49057,0.004136854400786666,0.4023392682154112
34,50001,0.0015563302559390459,1.4543488242839502
34,50003,0.001716623773496427,1.1710103837332122
34,50005,0.0017581755513045034,1.132445025720307
34,50007,0.0023266555251515164,0.7611161728105179
34,50015,0.0010054525315701425,1.576956690539885
34,50011,0.0012659098171992973,1.37682880078939
34,50017,0.00204815743805415,1.1652644410020607
34,50019,0.0019331251948416903,1.2263157189951117
34,50021,0.0031173699662723803,0.7084020311520041
34,50023,0.0025525307899717264,0.8120439954291052
34,50025,0.0031127110889713847,0.8781373833269411
34,50027,0.002532739331464697,0.9998783360442798
34,51001,0.0010396483029854967,1.093504854092082
34,51003,0.0016363068309972202,0.7233517003222187
34,51005,0.001208642946289988,2.2822760587148565
34,51009,0.0008214189651057286,1.2324787693074017
34,51013,0.010073371147775984,0.43244401368967367
34,51015,0.0016214483339544962,0.8359351309969466
34,51023,0.0009734994548726084,1.598131961066993
34,51027,0.0010938755089317676,1.4857830816930913
34,51025,0.00032145237846748284,2.965644675403189
34,51029,0.0005890422627560588,3.3437884909641666
34,51033,0.0008741457836385103,1.6393610062456854
34,51031,0.0012886231880274526,1.1021318661004063
34,51035,0.001303364633688718,1.6843157315659707
34,51041,0.002589520639991636,0.35913890671749066
34,51047,0.0009081691677943016,1.3578012174143492
34,51051,0.00048419967920765647,3.4673168856708907
34,51059,0.008621944747996295,0.27758199371018716
34,51061,0.0014430676839502926,0.6404362922551146
34,51065,0.00043117222798208954,3.4395204633371392
34,51067,0.0010818923806409,0.9304641419500455
34,51069,0.0014246203346122872,0.781962434263201
34,51071,0.0006844435286531703,3.336604357901994
34,51075,0.000469619144844599,2.431571169785688
34,51073,0.0008832781014953788,1.2120685340935426
34,51077,0.0009669200287150261,2.4473610452451733
34,51083,0.0015198493254910588,1.1979046550868186
34,51085,0.0014460753571987031,0.49643729804989345
34,51087,0.0019743783050652198,0.4615685694801122
34,51089,0.002303719343945864,0.7516356529855711
34,51093,0.0011471657851155328,1.483286478415216
34,51095,0.0012491981079641307,1.1263250778565908
34,51099,0.0006308614759283997,2.4250578415075106
34,51105,0.0009339689988275428,2.1415696586746447
34,51101,0.00038157469459534676,3.1617591630896813
34,51107,0.006209518760896247,0.356351532165866
34,51109,0.0008960698650257683,1.910236910267077
34,51117,0.0016806409438397917,1.2386132292586236
34,51119,0.0006387746947605512,3.7725109547018363
34,51121,0.0020197524873968044,0.7697936513660066
34,51135,0.00015822897411438486,3.3888133150838837
34,51137,0.0005632823207218638,3.100505886205553
34,51139,0.0008336702875270243,2.6618543753597392
34,51141,0.0006993730772898308,3.070399800606549
34,51143,0.002445303225918349,0.7463516409439125
34,51145,0.000456822293411286,2.522883366104799
34,51147,0.00027744301178993567,3.1828695868890775
34,51149,0.000602566237109688,1.7589555948015303
34,51153,0.0068253627809961425,0.31410355342966373
34,51161,0.001847263390554016,0.8808144410307084
34,51163,0.0005242571345337514,3.7886873164570156
34,51167,0.0008969998948139512,1.7104068580551888
34,51165,0.0015220070190332703,0.6722119244603868
34,51169,0.0016260532014769585,1.9684491806050066
34,51171,0.0010222197929372165,1.3386591275599338
34,51173,0.0013595792131663753,1.1662182405043233
34,51175,0.0006673104852773013,2.9761079249677467
34,51177,0.0020768229021581146,0.4200338412736472
34,51179,0.002388117961983065,0.6349291710826114
34,51183,0.0008099359819965481,2.4961406200421092
34,51185,0.0013315095032654148,1.3648301106744316
34,51187,0.0006114378362858685,1.3694041194914741
34,51191,0.0014655683927544266,0.9063743255459704
34,51193,0.00045701148357889276,3.6831893385826473
34,51195,0.001339233390055517,0.9863004972775857
34,51197,0.0008380352082864198,1.903713909572091
34,51199,0.0012406621197049242,0.8196377928494033
34,51510,0.005474068949822375,0.5097949774636448
34,51520,0.000398069560293861,3.522527004754907
34,51540,0.0018056770491316602,0.7202756615347126
34,51550,0.003613083938833295,0.45897652000803574
34,51570,0.0006766844380550637,2.7261028513647765
34,51590,0.0012541996780229409,0.7681468313395653
34,51630,0.000583987639647197,2.258085185562969
34,51600,0.0007876513482432259,2.6224660696791107
34,51650,0.0023160653021216905,0.42691269283660577
34,51660,0.0017477729032668238,0.896342157452721
34,51670,0.0005082514355689476,1.4120554274652242
34,51680,0.0023805810492171916,0.6724604660187615
34,51683,0.0012829880543043335,1.7462528545666685
34,51690,0.0006336203988662324,2.329670098837106
34,51700,0.0022217878692228307,0.532285203166918
34,51710,0.0073784038532862676,0.2900276224848223
34,51730,0.001157857454219433,0.9666274290230129
34,51735,0.0001379601389339722,2.570058248221297
34,51740,0.002337722432661468,0.6101681640870473
34,51760,0.005074493064298982,0.3908856273904605
34,51770,0.0014104525228875286,0.48332187381592556
34,51775,0.0005909785436295831,2.54162583939697
34,51790,0.0006230621088906119,2.062642575006822
34,51800,0.0031601216686874397,0.6111678746497352
34,51810,0.004884026023710959,0.26633799230429517
34,51820,0.00048586384423172344,2.4108580222518503
34,51840,0.0006683124048690836,2.5085372952366742
34,53001,0.0004996284484640107,2.84559894914618
34,53003,0.0006477208606076137,1.7403276232443277
34,53005,0.002239813314576608,0.42131266787845273
34,53007,0.0012499027552272742,1.0731101402383885
34,53009,0.002468680042570596,0.9525604155544077
34,53011,0.00509508639254555,0.309561140278307
34,53015,0.0014941649470400203,0.508096245063069
34,53021,0.0022851720895605025,0.9564376513276217
34,53017,0.0009516328071953928,1.5447672348137926
34,53025,0.001535212802840542,0.7683673169700749
34,53027,0.0014699568480287578,0.7821270682386758
34,53029,0.002235744435596752,0.9429115680005621
34,53031,0.0015291124824475166,1.9188146991114576
34,53033,0.01683150143598278,0.4913895837250209
34,53035,0.0037309945903210863,0.3384051471517444
34,53037,0.0010096695271306472,1.5808718010427598
34,53041,0.0019431820607033851,0.7342074252117137
34,53043,0.0009281445213733954,4.281023769003787
34,53045,0.001486929225472773,0.747904708273093
34,53047,0.0013618882903621992,0.9973701354551426
34,53049,0.0011620635672418347,1.6330323463351721
34,53051,0.00114842998077633,2.8621766034032365
34,53053,0.006305199937138557,0.2961120461468854
34,53055,0.0009890880979532529,2.539147743966608
34,53057,0.002412170006230105,0.7497908228773751
34,53059,0.0005822914036849593,2.489906315073035
34,53061,0.0061917638864713125,0.35961572157082305
34,53063,0.0051645861831727995,0.2675178713724619
34,53065,0.00188294126171226,1.1361463589402194
34,53067,0.004014146809957773,0.3143692627719554
34,53071,0.0008718345341889269,1.0087988137891795
34,53073,0.0034631032273407226,0.6001858767820999
34,53075,0.0012384889890969496,1.405772979417093
34,53077,0.00432880617653924,0.49292022029197063
34,54001,0.00043313157178423835,3.7939575566927983
34,54003,0.002289408841225324,0.8901902231732689
34,54005,0.001258337074870806,1.382938939311085
34,54009,0.0008985399819237503,1.8621604429311471
34,54011,0.002387382718799768,0.6366660722064398
34,54019,0.0017280541304936406,0.8289751767905584
34,54025,0.0012359525209155882,1.9423791344965176
34,54027,0.0007589978284017942,2.4242713923956583
34,54029,0.00113996572590752,1.6114073408483924
34,54035,0.000766632130066991,1.942100444735247
34,54033,0.0021847255017544923,0.5109157698708366
34,54037,0.001026411548694434,0.7727873208498175
34,54039,0.0033608220288109366,0.32855742625857987
34,54041,0.0009556645226519123,2.7158004397904576
34,54043,0.0007257621591345236,2.2282692428785698
34,54045,0.001357147648699561,1.2673454980548926
34,54047,0.001827031540113627,1.3661654024653502
34,54049,0.0014872738800047237,0.6070197055308871
34,54051,0.0013554578087580196,1.109816717263581
34,54053,0.0010146411413084002,1.8761137433362862
34,54057,0.000988208737224395,1.749558829848894
34,54055,0.0017972964498717493,0.8183029339729637
34,54059,0.0014302133461467177,1.519889586548537
34,54061,0.0026733287061545107,0.871361234914596
34,54065,0.0005707490227881582,3.3281157755026567
34,54067,0.0008028536065023966,1.7452198379259507
34,54069,0.001911783818911938,0.7400998621984985
34,54077,0.0013992260541460162,1.2867807062231615
34,54075,0.0006969801532879927,3.2654696912361736
34,54079,0.0012088559844762167,1.61956232410808
34,54081,0.001843875127125759,0.6691352736632813
34,54083,0.0009271677169798065,1.8947938867060494
34,54089,0.0005827892094009423,3.5146558056008383
34,54087,0.0006269400522210607,3.3413357519189537
34,54091,0.00043314689463801805,3.2550591995811673
34,54097,0.0007964108261504628,2.4191287205572936
34,54103,0.0009773508369491917,2.757006014786596
34,54099,0.0011782273132978332,1.4104353584434668
34,54107,0.002281967983970746,0.4792847446070005
34,54109,0.0007750072674374862,1.9780028259601883
34,55001,0.0016902888995947633,1.4731090929482167
34,55003,0.0011946695846252245,2.5247281506749824
34,55005,0.0016576981674826503,1.4622197301014859
34,55007,0.0013805457355779186,2.6328874644350746
34,55009,0.0021047485079768186,0.37141665515253747
34,55011,0.0011402220165890626,2.6491400332704687
34,55013,0.0016586952624295752,1.8621355391221424
34,55015,0.001185180311847337,1.3133431464637664
34,55017,0.0014769439764926533,1.0478963601458127
34,55019,0.0023791228175934574,1.2661628543673211
34,55021,0.001999695943963916,0.9904380475829118
34,55023,0.0015492530524092091,2.8708929680137203
34,55025,0.0068745137843614365,0.6047625679290649
34,55027,0.0024738943202719456,1.022708179773062
34,55029,0.0018301461667687598,1.3132232867580726
34,55031,0.0011227576211414983,0.8921373959195271
34,55033,0.0013256109734857296,1.5597722958874904
34,55035,0.00144043049593863,0.5381447284471684
34,55039,0.0021150157343993036,0.7539954840999656
34,55041,0.0009076867451870716,3.1413551777500657
34,55043,0.0019378516691992166,1.5280871401431544
34,55045,0.0014589266055010821,1.5322830834153456
34,55047,0.0012083865448606853,2.566925667863536
34,55049,0.001565906216204277,1.871462307379173
34,55053,0.0010615509039253737,2.341688271398374
34,55055,0.0016751222535342357,0.6241502510313172
34,55057,0.0019703369919362723,1.3707785172175333
34,55059,0.001675485126783009,0.49780687696381776
34,55061,0.0005673484297558138,3.5140109709227247
34,55065,0.001452282282342642,2.4703648036762798
34,55063,0.0013691703086516336,0.6835777237171942
34,55067,0.001051958877674526,1.9125613694120178
34,55069,0.0015296359676724481,1.4521131850980584
34,55071,0.0019757264331424144,0.7127163737247584
34,55073,0.00242880500628785,0.5373729676009202
34,55075,0.001811905974878472,1.130629284202073
34,55077,0.0014031437620114012,2.287475452345751
34,55079,0.013991086115436938,0.41595298435881795
34,55081,0.001561193377103665,1.6577428588098584
34,55083,0.0016096298179724227,0.9313575264693086
34,55085,0.0026155691033165817,1.019187331787737
34,55087,0.0028950455380298205,0.3659340401684739
34,55089,0.0017758035715635886,1.0039344893841586
34,55093,0.0007415545337312353,1.6486874627729617
34,55095,0.0017165896572864257,1.167140740040255
34,55097,0.0014407248603795484,0.8678714232849505
34,55099,0.002176689179572917,2.100043982576292
34,55101,0.0021684940499947522,0.5260157861667272
34,55103,0.0011196682197234353,2.9327084633256875
34,55105,0.0017551333275644802,0.5331721087142984
34,55107,0.0011777344669119522,2.4473222645341948
34,55109,0.0020047952513623183,1.0520412048141805
34,55111,0.0017436754624806658,1.0615849168446072
34,55113,0.001108570895161464,2.0436095736353597
34,55115,0.0019319910302356927,1.2285367081664575
34,55119,0.0010845592798876939,2.1108698692821646
34,55117,0.001960132508930373,0.6684245145902813
34,55121,0.0018746800268146977,1.276293968712371
34,55123,0.0016531094019839006,1.4919329943206447
34,55125,0.0014057005362186987,2.3848251870054544
34,55127,0.001700770271201273,1.0781264478942283
34,55129,0.001063112661752923,2.021562376694718
34,55131,0.002338256093545148,0.6591598391318243
34,55133,0.005789348417383593,0.35329870352710624
34,55135,0.001834887008552207,1.1554528717826973
34,55137,0.001354109813007272,1.7575647218426416
34,55139,0.0021746421172986487,0.48818366768653576
34,55141,0.002106367991102127,1.031145206378268
34,56001,0.0016914706976419885,1.096490889200018
34,56005,0.0014538292892335174,1.7862074823505196
34,56007,0.000581008812606521,2.356849140576697
34,56009,0.00056538394980659,3.5577077338868444
34,56015,0.0004244432548320096,3.3521569079495497
34,56013,0.0010360554870158527,1.4822420247230808
34,56021,0.0013703242213740988,0.545552106460281
34,56023,0.00045375984130526095,5.343577592505742
34,56025,0.0015283839399739562,0.6210999731812759
34,56029,0.0006163489093426078,3.9620852296301607
34,56033,0.0006160485301730268,1.9898392961417146
34,56037,0.001204169029284997,0.7726516977965687
34,56039,0.00035808985304906646,3.5895317832565916
34,12057,0.006588311573082867,0.2995873055589477
34,12059,0.0006283137425042988,3.3259503618002455
34,12061,0.004443922924856515,0.42504587800017324
34,12063,0.0014816039913109363,0.907456943641041
34,12069,0.0054853791234516685,0.5659964325684985
34,12071,0.015569866513611344,0.41407883924314987
34,12073,0.006404131574786513,0.6045553455347947
34,12075,0.0010537000096676793,1.1055546205955213
34,12079,0.0006019042897606883,2.4489020792811007
34,12081,0.004938337388981356,0.28801310140351344
34,12083,0.005006729213932378,0.3910736713205
34,12085,0.00376521778015022,0.4008391413503539
34,12086,0.014815584773213243,0.33989499969003106
34,12087,0.004410049416303921,0.7681924582468075
34,12089,0.0009440231399139689,1.0904301972401376
34,12091,0.0024207242263827792,0.6992128480441916
34,12093,0.0010710712607149668,0.7408625960226571
34,12095,0.009242719543293558,0.3049700180043971
34,12097,0.004199864001642061,0.45476292304390187
34,12099,0.017175572516474304,0.3097407761047052
34,12101,0.008610764306932268,0.4914779180212553
34,12103,0.01622321910986257,0.2776168227844733
34,12105,0.0049133491780299875,0.24943809583125362
34,12107,0.0015444761541605167,0.6573927999137857
34,12109,0.002127301349981244,0.6298526710388379
34,12111,0.003683614846106991,0.5986509339255406
34,12113,0.002299498488435761,0.47672346803877275
34,12115,0.01569417710845598,0.41015277703629976
34,12117,0.0031299545544292017,0.3818400991637785
34,12119,0.0032791831703864825,0.9667396378275307
34,12121,0.0010485440285662494,1.5073312792145035
34,12123,0.00034901813614888,3.1502651212710617
34,12127,0.007944708286711052,0.4073997846611195
34,12129,0.0005054995492933136,3.2041125701463944
34,12131,0.0008971961285733932,1.1448272037849376
34,12133,0.0009805948538500094,1.748654655312701
34,13001,0.0006726565536454074,2.2653159463425805
34,13009,0.0009038340985937052,1.4356685917148817
34,13011,0.0007079372002867166,2.8992585790188365
34,13013,0.0017471774586602566,0.6821010674770925
34,13015,0.0018260446092522736,0.858201103619552
34,13017,0.0006978872851733015,2.3917789813536223
34,13019,0.0009481532375265302,1.8046736849077905
34,13021,0.0024450331207662586,0.497545788090748
34,13031,0.00136898705417233,1.1318278316385788
34,13027,0.0006425747765950233,2.3279976980847636
34,13033,0.0008305334904322073,1.8396624362670562
34,13039,0.0008361210560789791,1.0739757910220893
34,13045,0.002048959628402047,0.6989380997778454
34,13047,0.0012250323495018604,1.0618911685078292
34,13053,0.0022102537783889485,2.394228428064059
34,13051,0.0037698586524482235,0.34720212151200414
34,13055,0.0008608364750965241,1.920179110321476
34,13057,0.0038968849910600485,0.42788082313744125
34,13059,0.004621577542732674,0.4833876815986428
34,13063,0.004481901839985882,0.3177830373658817
34,13067,0.00629109630994178,0.38977717829977115
34,13069,0.0010242737420939725,1.0902797049767454
34,13071,0.001119616984477581,1.036297950179835
34,13073,0.001838730620543922,0.6028065109704585
34,13075,0.00048371507950546657,3.012672208177534
34,13077,0.0020760403240078526,0.5476282530540125
34,13081,0.000635786709660489,1.90601169862762
34,13083,0.0005688669528007449,3.5578004224402324
34,13087,0.0007584824014710465,1.6488561025041737
34,13089,0.005265749918754893,0.38813862160658
34,13091,0.0009094293791099752,1.8595421965346892
34,13095,0.0020872672866535983,0.5029524689544153
34,13097,0.0021539443656625394,0.6295932642163777
34,13099,0.001126435764997764,2.4055213729037503
34,13103,0.0009893044104194678,1.1821859018862093
34,13105,0.0008032754951730212,2.235304734976274
34,13107,0.000675928728421177,1.8688278149408801
34,13111,0.000858436599854131,2.3630308337975174
34,13113,0.0021056221895664356,0.6239750230502108
34,13115,0.0012914749688759488,0.5864318864147053
34,13119,0.0007384336435661331,2.633429770075502
34,13117,0.0037226246330382766,0.4813433236853634
34,13121,0.009497106923663803,0.5766707171589835
34,13123,0.000735997068008473,2.449315290839081
34,13127,0.0010383059533374203,0.8994425954321991
34,13129,0.001308394328974556,1.0672875672617383
34,13131,0.0007645825766065968,1.9490863733171597
34,13133,0.0012822709403946927,1.2708681636386123
34,13137,0.0008678723745783283,1.2100481096139208
34,13135,0.011927799905805598,0.42222307284235755
34,13139,0.002214531514273806,0.42099557454758924
34,13143,0.0006915900688859154,2.199309903805767
34,13145,0.0006870980464355497,2.321985814338303
34,13147,0.0006983707544886115,2.3175406915369203
34,13151,0.0038207682508632035,0.5806797486222189
34,13157,0.0011858908396316702,0.9644351399960516
34,13153,0.002367476881509242,0.5170172273182387
34,13163,0.0004776875545699207,3.546803134435349
34,13169,0.0007130827605182308,2.110265588826938
34,13175,0.001514458838180019,0.7689405240562679
34,13177,0.0006727389010127412,2.1077164129323025
34,13179,0.002650396412350425,0.6771695071286714
34,13185,0.0021024631481320224,0.4669374629903499
34,13187,0.0004182564825214391,3.3249199476722393
34,13189,0.0008572072884709234,2.2366013475210593
34,13193,0.0006097289092689293,3.2237170011324494
34,13195,0.0009465781377528332,1.7065782686899875
34,13199,0.0006013489332404975,3.0670924021371877
34,13205,0.000693801421257699,2.5377812149530796
34,13207,0.0005789983587629695,2.4568385589507162
34,13211,0.0006938710131085908,2.404038524167797
34,13213,0.0011024650860038201,1.2821541886050536
34,13215,0.003441421644262211,0.45809832809783596
34,13217,0.0017355335310649722,0.8515186894183524
34,13219,0.0007387372970682833,1.7941569249626568
34,13221,0.0004484479436633093,2.9894256290047916
34,13223,0.0023098943874168627,0.5867859903734453
34,13225,0.0005292161484700164,1.7654614771532213
34,13229,0.0005725351403228012,2.973044219132556
34,13227,0.0005016294593007184,1.9524581693707697
34,13231,0.0005806159191652242,3.293290069376374
34,13233,0.0010385799633950649,1.6212101024300822
34,13237,0.0004164013206631424,2.5399718706795933
34,13241,0.0007378372454145232,2.46462162419885
34,13245,0.002424804902828357,0.5652384822582347
34,13247,0.0012347017186813787,0.6946507092060177
34,13251,0.0007610626118882007,2.3508953607035625
34,13255,0.0009690880509262933,0.7049536128550259
34,13257,0.0005371502344965314,2.3561696077602186
34,13267,0.0007165906141761205,2.334628859061325
34,13261,0.0006444978660390637,1.2617645609996933
34,13273,0.0006601350468519267,3.8230781619725382
34,13277,0.0006474006281447926,1.126099713369127
34,13275,0.0007429221892632352,0.9659738116060977
34,13279,0.0008555932763918027,1.8675392545095146
34,13285,0.0013113656152428184,0.779027528475168
34,13291,0.0013212160824436282,2.0235713926098917
34,13293,0.0008875408357794385,1.4506980508890204
34,13295,0.0012209969812679575,0.8574002125778897
34,13297,0.001825957659134135,0.7283005275966872
34,13299,0.001118256133760886,1.2934777448932206
34,13303,0.0005903780595900136,2.396654236438812
34,13305,0.0007378956704555082,1.9140161813958783
34,13311,0.00047978318857110525,2.1239676041160385
34,13313,0.0019888208971781704,0.5768983735374075
34,13315,0.0007734069135278083,3.136112813287379
34,13317,0.00041229941675660907,3.1443850344071684
34,13321,0.0005350992241987476,2.3401347364456964
34,16001,0.004649492647585987,0.4192444806546515
34,16005,0.001738157487680883,0.485535157461472
34,16011,0.0012856148471529724,1.3118318349866327
34,16013,0.00035780809681739903,3.8572726678372797
34,16017,0.001199307978985456,1.1889383564097973
34,16019,0.0022303092177733746,0.5157197749359573
34,16027,0.0031828853165648363,0.5711127340926795
34,16031,0.0010621402737463993,1.999902484581757
34,16039,0.0004154533941977473,3.602627187429681
34,16049,0.0008088836969185118,2.4011699232670054
34,16051,0.0005826918391385347,3.3281268681871476
34,16053,0.000667805176475982,2.7495067893797636
34,16055,0.002465464912174771,0.5038507329980613
34,16057,0.000552307473203348,1.4552943834482255
34,16065,0.0013284111452869652,2.0845562895510916
34,16067,0.0008292884884625886,2.5766509079190874
34,16069,0.0009480670467167278,1.223756916404235
34,16075,0.0005050703080570165,3.212102258935069
34,16083,0.0012946833101656176,0.8176088545430928
34,17003,0.0009043071986631663,3.4709546154751787
34,17001,0.0012860044420961185,0.6040530708241137
34,17005,0.0003375055191909786,3.3525198433624306
34,17007,0.000925476519165644,1.8360923783416045
34,17011,0.0017193668178129226,1.2439383249673928
34,17015,0.0013388536858499748,2.041738354511342
34,17017,0.0010174972255529956,2.368760062271004
34,17019,0.005000371432111181,0.780662075534446
34,17021,0.0014612935595221793,1.779910153836305
34,17023,0.0005583994676625346,4.709539237696013
34,17027,0.0008972503539697513,1.3795618508798941
34,17025,0.000506186001975266,3.308246097055037
34,17029,0.0009054869238352817,1.5416288407513394
34,17031,0.016935337888445184,0.45955655930481937
34,17033,0.001026495255006877,1.851942234618877
34,17037,0.001612877773504875,0.9014779387058145
34,17039,0.0007533063764395816,2.8600317204816554
34,17041,0.0008497724038099135,2.0392646386772286
34,17043,0.0069476311780653135,0.3649738538331841
34,17045,0.0007111601414421234,2.5607259737564645
34,17049,0.0011149965025215134,1.6065429351841125
34,17051,0.0008976629406135783,1.6502189390627704
34,17053,0.0008532292002712909,3.5849532948047993
34,17055,0.0020152025167985785,1.0563236981150392
34,17057,0.001709197883128779,1.0576939905672822
34,17063,0.0009519557398378374,1.100614631448262
34,17061,0.0009534493170263371,2.2160155430330635
34,17067,0.0016705309571360858,1.582739106787209
34,17073,0.0014239367136310891,1.0773569562272274
34,17075,0.0018522143842976803,1.0874874268604195
34,17077,0.0015052329030403868,0.9688041744582059
34,17081,0.001175903587399112,0.9868592092664977
34,17083,0.0006677883446047272,1.7028828811754495
34,17085,0.0008275651877861603,1.836401717176182
34,17087,0.00020694822736445366,3.337952827261532
34,17089,0.0054476660049346814,0.4520424151564351
34,17091,0.001632649862042928,0.4989821322460233
34,17093,0.002447502958942005,1.1806332338264396
34,17095,0.0013283807381889129,0.6777483099781745
34,17099,0.00247947728379597,0.6373430226578068
34,17097,0.0041143870286423885,0.39508510433863686
34,17101,0.0010081968228517195,2.0331599100164826
34,17103,0.0011845771477271732,1.317324344838383
34,17105,0.001062476411196807,1.199402807173146
34,17107,0.0012856425068114264,1.2350707784590114
34,17109,0.001059399400930677,2.196530027360219
34,17111,0.003752552024037341,0.3749740987669588
34,17113,0.00241734173538776,0.44016681108084155
34,17115,0.0024742312291469713,0.4426598128423299
34,17117,0.0018489224770746441,0.9622792175579589
34,17119,0.0030262797680394938,0.4415364366591653
34,17121,0.0020079559713775106,1.0430551633225564
34,17123,0.0011688202766414052,2.363365922796403
34,17125,0.0013036917331066791,2.555524302810471
34,17127,0.00046192017507467773,3.4494389857686953
34,17131,0.0007130238733994847,3.367867752208358
34,17133,0.0008137588610978197,2.579006830522718
34,17135,0.0012534208941811546,1.6934962152878732
34,17137,0.0010885691900853662,1.1689798383358094
34,17139,0.0005700176313166629,3.0411810377561332
34,17141,0.0010680742426832507,0.9471319691185949
34,17143,0.0030064596209338746,0.42123172280852444
34,17145,0.0008093554475749827,2.3610724212459377
34,17147,0.00043881214055162634,3.426926212808602
34,17157,0.0010395628440452076,1.3922161122811894
34,17149,0.0010209538866762897,2.5642648884866097
34,17159,0.0007638142656221143,2.6485390450156143
34,17161,0.0022864634149269633,0.4131789176883398
34,17163,0.0027515703061719173,0.5588943226228936
34,17165,0.001336690317997005,1.5719253384020084
34,17167,0.0032399119528889165,0.38067219056150103
34,17173,0.0010561802174926375,2.152823562147906
34,17177,0.0013014582822038006,0.9154936347992212
34,17179,0.0021735411210565196,0.6080500757168952
34,17181,0.0009169722742669435,2.518462827937267
34,17183,0.002351891392856636,0.5750406607070798
34,17185,0.0006552594237985374,3.069031714115956
34,17187,0.000595500148636933,2.324539665757905
34,17189,0.0007069412967107793,3.848755894951868
34,17191,0.0011077674539340836,2.4117745232229333
34,17193,0.0008626768087797632,3.1668076558589715
34,17195,0.002433897914000286,0.6468931344068067
34,17197,0.004405521232510223,0.4247132128323967
34,17199,0.0016411756261796376,0.7487868352171623
34,17201,0.0028555098162543215,0.35722543054106126
34,17203,0.0010491547887459122,1.3840513926899796
34,18001,0.0007533987013659751,1.9370487482742236
34,18003,0.0037413994353749265,0.36666618995801326
34,18005,0.001313562686960056,0.6764924128081645
34,18009,0.0006162621647989732,3.4091371249285163
34,18011,0.0008697890080562863,1.5909006312546354
34,18013,0.0005633098732429919,3.244488470266377
34,18017,0.000909897748858121,1.0887292056683142
34,18015,0.0015159541747354678,1.5914950758493143
34,18019,0.0014226553080146117,0.6869988856242263
34,18021,0.0008420048133039963,2.4553172412978252
34,18027,0.001010636681258335,1.7169000400509205
34,18023,0.0006813109296870978,1.3602078457214541
34,18029,0.000969788174620841,1.0550468307308185
34,18031,0.0007608222854361945,1.902565636214437
34,18033,0.0009053760297393663,1.0234612128805616
34,18035,0.0024056205673230364,0.5132463456899655
34,18037,0.001040082478606435,1.8924520794944628
34,18039,0.0028021476263822417,0.4450541144305446
34,18041,0.0010443382724202412,1.6965920845310296
34,18045,0.000887722717805842,2.604835631474883
34,18043,0.0014013829578672734,0.6921918809846314
34,18047,0.000615595516823912,2.8000438288875964
34,18049,0.0008942739238474644,2.082100535958309
34,18051,0.000938157020217197,1.8875431671654477
34,18053,0.0013701651899164862,0.7413046933188684
34,18055,0.0011858793283746082,1.4598246650054496
34,18057,0.004535686882596966,0.41038191712548644
34,18059,0.001333060177676161,1.0367528063240636
34,18061,0.0011861959361032844,2.1555665418584242
34,18063,0.001972834131851642,0.5410999517251699
34,18065,0.0014165181263269852,0.9345495163818774
34,18067,0.0016500721508606953,0.537870357304001
34,18069,0.0012854218871089756,1.301443653943114
34,18073,0.0009321413346548064,1.74362818552633
34,18071,0.00100558396434334,1.4255908360867442
34,18075,0.001211868691248708,1.8008881637182814
34,18077,0.0007625368707129994,1.7698015720947595
34,18079,0.000623173056564025,2.0132599897585752
34,18081,0.0016866407235415926,0.6107905752282947
34,18083,0.0008734579808952525,1.1472978433459227
34,18085,0.0015831081182065617,0.7008825847615743
34,18087,0.001290364580053164,1.0642522029673938
34,18089,0.0038465328178748227,0.43581596219693763
34,18091,0.001478824524361993,0.512566307025783
34,18093,0.001228956784369307,1.1185418874584225
34,18095,0.0027005748395251493,0.5021916438620712
34,18097,0.008892148826654529,0.2870200840527362
34,18099,0.0011527965159128528,1.085700693231394
34,18103,0.001053092550258758,1.0701112531147587
34,18105,0.0034904310662048194,0.6293500444354552
34,18107,0.001078575704569241,1.3307290747014713
34,18109,0.001446781547799764,1.1779464548193934
34,18111,0.000585948835086504,2.951406826899888
34,18113,0.0009116631147889182,1.2194363908659331
34,18117,0.0012620180571908737,2.01920868787261
34,18119,0.0009791405841547828,2.41090014908358
34,18121,0.00044069679656638617,3.4688054574748035
34,18125,0.0008514215567227131,3.690038050957982
34,18123,0.0006540632284906767,2.3438255290138916
34,18127,0.0012508123282501532,0.4803698835573489
34,18129,0.0009322638713952047,1.7924496303236293
34,18131,0.0005425075886792232,3.743482708897841
34,18133,0.0006867220526647302,1.482809604738152
34,18135,0.0014895684014193905,1.552578261756883
34,18137,0.0008476498728066089,1.8604031921419906
34,18139,0.0007457312170097381,2.6000343512273862
34,18141,0.0032028405075364406,0.3274929094697782
34,18143,0.0006025385430279087,2.409721875510913
34,18145,0.0010464750863563603,1.0908463110784696
34,18147,0.0008261411905172414,2.694939896002002
34,18149,0.0011138272697452797,1.659959402152464
34,18151,0.0009753104605356722,0.9279195347081959
34,18153,0.0005138066203229779,2.4506807736190783
34,18157,0.0026072557881758386,0.6643552241322206
34,18159,0.0003929689873448915,3.3303434733726323
34,18163,0.0028941132624883785,0.38943425691023553
34,18165,0.0007674106430616033,2.846423903448253
34,18167,0.0016542947621817437,0.5049150764519634
34,18169,0.0011117364110797786,2.0687206638715856
34,18173,0.001147165139489762,1.050057836892642
34,18175,0.0010250103706645614,1.7046123642961597
34,18177,0.0014183366446237048,0.8037812969581833
34,18179,0.0010489872303230299,1.6289367997962112
34,18181,0.001287047937147289,1.4555645762546852
34,18183,0.0008317096639097887,1.436188470585566
34,19005,0.0009174846822409848,2.162464583535408
34,19007,0.0008503783883961127,2.456964155365799
34,19011,0.0011994700012733551,1.5096183232898917
34,19013,0.002225906403431946,0.534229398917899
34,19015,0.0008595888456398641,1.7014508155471482
34,19017,0.0012232496146098466,1.6462434747851475
34,19019,0.0009951121730585428,1.9164869402715952
34,19021,0.0007306663277311729,1.898032416103101
34,19023,0.0011292005707140976,2.509337818613259
34,19025,0.0008466146708543178,3.357215343479342
34,19027,0.0007954560027384119,2.137236172465188
34,19029,0.0008855996229509833,2.520941944648164
34,19031,0.0008131281307093447,2.427930276952661
34,19033,0.0012534065242162588,1.2013373377910268
34,19035,0.0006622635684843369,3.3096639711337423
34,19041,0.0004938147801087693,3.217979235532338
34,19037,0.000769930467016607,3.404027513636621
34,19043,0.0012585084871826763,2.0608025046165124
34,19047,0.001310888938738071,2.717110874913051
34,19045,0.0015751794846328973,1.043649208605998
34,19049,0.0011592060598202636,1.1532641034940465
34,19055,0.0005854509912427097,3.3788435155742436
34,19057,0.0012574682208013944,0.8524852719738237
34,19059,0.0007481976446373575,2.634507859122594
34,19061,0.0015522939032529641,0.5671854962212378
34,19063,0.0005464650452784419,3.7001116819543287
34,19065,0.0016265710358676281,2.2749810366647063
34,19073,0.0008304215653283047,3.2418201069088113
34,19067,0.0009125193812998751,2.7391945942908884
34,19075,0.0008392253292178233,3.393425134305359
34,19079,0.0007914581195486472,2.6607649782490483
34,19081,0.0007626253901124824,2.977890519716606
34,19083,0.001276421888428516,2.171700126957343
34,19085,0.0011811387538660156,2.713338195888043
34,19087,0.0009140434358528993,2.450761587448915
34,19091,0.0007260332164468731,3.8181178779501446
34,19095,0.0005485602768341992,3.270432368686323
34,19099,0.001145348077925069,1.4591794107968288
34,19097,0.0010994869365777862,2.838456677053687
34,19101,0.00042920334682198223,3.546678932030339
34,19103,0.0034036663688649343,0.5933866986918533
34,19105,0.0008934030237400761,2.619000451532152
34,19107,0.0009506901220728374,2.935624161388829
34,19109,0.001503321396533892,2.0994843204622438
34,19111,0.0012360262597102922,1.443577683506183
34,19113,0.003247443891133548,0.352883296492137
34,19117,0.0009398058354732966,3.613036225236606
34,19123,0.0011929291594430888,1.6909185816177066
34,19125,0.0006736499626751949,2.2643156631352466
34,19127,0.0013289847380837968,0.8721434975849781
34,19129,0.0006931059253332337,2.773627551674846
34,19133,0.0009095487886666156,3.789246485420134
34,19137,0.0006983822110018296,3.2115507155815814
34,19139,0.001039919322241495,1.0526480932453637
34,19141,0.000654943050589059,3.4401294757799876
34,19147,0.0007591913992509292,3.0907295843591784
34,19145,0.0012646990331908125,2.79379206837896
34,19149,0.0008171390858410817,2.151675352751552
34,19153,0.004255499783064565,0.31706835763990493
34,19155,0.002103807355162764,0.5573924500297589
34,19157,0.0007699258413056986,2.423728571721942
34,19161,0.0012120871686335955,3.0427811739689163
34,19163,0.0022720630350823267,0.44244874476645746
34,19165,0.0006099598913109492,3.8562396708090128
34,19167,0.0010809374799471505,1.8548025139825217
34,19169,0.0030210963642335626,1.0211874674793284
34,19171,0.0012783610420362911,1.9380623883254569
34,19175,0.00045154139023042704,3.2001223838378645
34,19179,0.0014811704724794774,0.8975847055528677
34,19183,0.0006646387813579341,2.5508318523312274
34,19181,0.0011597138379971113,1.2377297310176698
34,19187,0.001232516304780109,0.8036533915955849
34,19191,0.0006108200870170128,2.6614384275068876
34,19193,0.0014834554422423541,0.505295025264834
34,19197,0.0009337062192124453,3.2704491981954216
34,20001,0.0010465426548332602,2.9581153702975396
34,20005,0.00044641870947792315,3.2743865367823304
34,20009,0.00100281635622897,1.3770394834152935
34,20011,0.0007921237288979428,2.5798538368063038
34,20015,0.0011824450247929397,1.0572845390520489
34,20029,0.0006166533538918968,3.8323161126489005
34,20021,0.0007333964530733852,2.107148344680817
34,20035,0.0012828002910056212,1.3117612284204057
34,20037,0.001359594643530956,0.9568818708898289
34,20041,0.000861260640914393,2.4505530298875247
34,20045,0.0030432893776211048,0.49038665879960125
34,20051,0.0007594990864789628,2.0910701459170817
34,20055,0.0016220759179707137,0.8782428899186948
34,20057,0.0008379705022711488,1.2079810731908338
34,20059,0.0005733146474198534,2.394688041532613
34,20061,0.001711464941372533,1.19797240104627
34,20079,0.0011974047751822877,1.9679331999068472
34,20087,0.0006136261076344924,3.4434295326980915
34,20091,0.005151889949120391,0.3848238109860679
34,20099,0.0011260844310834065,1.465650875196573
34,20103,0.0009519683618563839,0.8416391964778192
34,20111,0.0007777772934510601,1.184491179367476
34,20113,0.0008879878334788751,2.1294132656418885
34,20115,0.000640367156091135,3.038127163178818
34,20117,0.0006484254286102499,3.382844256883327
34,20121,0.0007324815696202816,1.3830036181239587
34,20125,0.001575561156506197,1.1505236356582667
34,20133,0.0008885742194023689,2.5232005662304733
34,20149,0.00045088887569131507,3.3713578107519107
34,20139,0.0008603281039150794,2.5583645375354664
34,20155,0.0013486407672479812,0.6576810033136719
34,20161,0.0030618884965989473,0.8594685451997288
34,20169,0.0008163415291357254,0.7979938317187055
34,20173,0.004397465381924061,0.26220228545656543
34,20175,0.0008102408634328912,2.2563164282234878
34,20177,0.0021475121457801604,0.3607519122033668
34,20191,0.0009421163285180025,1.9037960683154167
34,20205,0.0008696318818752819,4.884744491376292
34,20209,0.008702503344591871,0.3980048862073023
34,21001,0.0011429371266393719,1.6723953717024382
34,21003,0.0007532682753121378,1.9326516079673668
34,21005,0.0006827822388253701,2.1459135142428645
34,21009,0.0011096063583172847,0.9406006393020313
34,21013,0.001179563267353425,1.1156977879781116
34,21015,0.0016116168109246902,0.5273628786311707
34,21017,0.0007820061500382542,1.8252322887689392
34,21019,0.001128273797125647,0.8055314699950507
34,21021,0.0006354983030584467,1.697802151024921
34,21025,0.0016161507762353713,1.6679954832788033
34,21027,0.0009456741070763298,1.7395886931219389
34,21029,0.0013143320814258828,0.6007125914902173
34,21031,0.0005268781128714479,2.2087367241392686
34,21035,0.0006986192657441701,1.211580099880844
34,21037,0.0012446399196059494,0.7964475537491242
34,21043,0.0009237903612832055,1.5588110311933758
34,21045,0.0007182720009457573,2.482587245705059
34,21047,0.0018512659621481653,1.4397783312097174
34,21049,0.0011015904641508297,0.9999135087374847
34,21051,0.000898843383969046,1.6433855864089193
34,21055,0.0006516530654475788,3.1974493682734386
34,21059,0.0017697245435894318,0.5892158927521302
34,21061,0.0003050222833918227,3.5191078119729844
34,21065,0.0005841952570507571,3.119132043224938
34,21067,0.003037035446833932,0.3403419826284021
34,21069,0.0006935903347772751,3.2021504684027997
34,21071,0.00127146282784485,1.1322299172115153
34,21073,0.0012118853156150675,0.9049068637840814
34,21079,0.0005039891031899628,2.8031043748707534
34,21081,0.00033844478620457776,3.508671741313815
34,21083,0.0009606585921744508,1.0267241919954748
34,21085,0.0010800983413368171,1.621395782779853
34,21089,0.0011066837891325855,1.3755322852474106
34,21087,0.0005926305560512821,3.303137552551396
34,21093,0.0016426440983509899,0.5893735367089825
34,21095,0.0016611997917599698,1.1718764858224007
34,21097,0.0005666955882484724,2.3097083622696517
34,21099,0.000825986732270094,2.1841722143133486
34,21101,0.000983348468039375,1.0239855508650193
34,21103,0.0010289508884860417,2.3662235359648616
34,21107,0.0012946374010796276,0.9997438865295815
34,21111,0.004587635443989887,0.3440214680310579
34,21113,0.0007830340554559694,1.1714436075759758
34,21115,0.0007844755171628315,2.116786344105911
34,21117,0.002017176283460455,0.5219831153181994
34,21119,0.0007963838352691492,2.3037745647466403
34,21121,0.0010489646225657564,1.3676110756688946
34,21123,0.0003571263443859873,3.239158346835037
34,21125,0.0012982046342087342,0.8052330730419226
34,21127,0.000786352577018135,2.3717956355488607
34,21135,0.0005576530311888053,3.0514873991103357
34,21133,0.0007864860442752439,1.6632024282684235
34,21137,0.0006713482470575635,1.7317389796309295
34,21141,0.0009000463736389306,1.8444353675707226
34,21145,0.0010710310975624072,0.6933176886354958
34,21147,0.00040630956799243676,3.07587285073259
34,21151,0.0011810038464229778,0.846731169140387
34,21153,0.0003713134201427051,3.221537510247777
34,21155,0.0005959414401886372,2.021861121165858
34,21157,0.001095663536314341,2.02458812461538
34,21161,0.0006800876322695897,2.2186180981060195
34,21163,0.0005502599067087899,1.7345389403396734
34,21171,0.0006089417738218779,2.95189274391605
34,21167,0.0007074617093747078,2.4391448618297873
34,21173,0.0006137657674259931,1.9506504474365558
34,21175,0.0009768670801405931,2.517544020886578
34,21177,0.0012667860602638302,1.1020623530516356
34,21179,0.0008745423000234969,1.1330848410839933
34,21183,0.0009545139024002884,1.6341612370556737
34,21185,0.001305174692384969,0.7592820981760674
34,21193,0.0008964954067934172,1.3566035215997
34,21195,0.0024226356920878764,0.6629052723507199
34,21203,0.0004386834760237971,3.120596562959264
34,21199,0.0015891143593066578,0.6493728085196186
34,21205,0.00034174188176356815,3.428046446011197
34,21207,0.0006280483734482403,2.5867285975615095
34,21209,0.0010167029909216674,0.8114660598157131
34,21211,0.0006449444488702825,1.769196627252074
34,21213,0.00039776138192333085,2.888314495007944
34,21215,0.0005068448565991406,3.018776345938564
34,21217,0.0005862462567407048,2.4069614931095757
34,21219,0.0005251730609538408,3.02112212487424
34,21221,0.0003904785257431194,2.351835343100425
34,21225,0.00039208409233353216,3.0644630086921443
34,21227,0.0016277386289417946,0.6163515542974471
34,21233,0.0005674465315928536,3.2142678613845868
34,21231,0.0005933295851655067,2.381845784368251
34,21235,0.000751321877113489,1.7914766508341424
34,21239,0.0008866674084991475,1.366383200954738
34,22003,0.0005466089031648009,2.956850058446058
34,22001,0.0015760171960481119,0.8691434569927302
34,22005,0.0021593811645629966,0.731494414594235
34,22007,0.0010420790812355491,1.8069842048350306
34,22009,0.0010786530787207003,1.1619101097230893
34,22011,0.0009851183004815178,1.4939645185273993
34,22013,0.000941483876031239,2.7752859849341767
34,22015,0.001488835667136542,0.5677683274753254
34,22017,0.0026402666541981653,0.35328404866001584
34,22019,0.0017403708531741411,0.38950623207032165
34,22027,0.0009066504026864071,2.596982831754936
34,22029,0.0005989622447654015,2.7975412694115653
34,22031,0.0010363022482117984,1.5941046416248466
34,22033,0.00416556308879138,0.4986984471129507
34,22037,0.0005692802314816552,2.46538704994834
34,22039,0.0010418833071639342,1.499440695474815
34,22041,0.0009195179475190385,2.3234339987882295
34,22043,0.0006407052460231261,2.1189199717819394
34,22045,0.0013588448809523507,0.8141591743311297
34,22047,0.0007366013019275301,1.9050805023499975
34,22049,0.0008108619685610625,2.5417562520203005
34,22051,0.004227067115957,0.34627433336123054
34,22053,0.0008859542865705638,1.6571413243694857
34,22055,0.0021176080758274186,0.4602586451608302
34,22057,0.0019100424507192692,0.8112444087458176
34,22061,0.0015894583162548823,0.8842790395953344
34,22063,0.002341365975987251,0.5933852072386826
34,22065,0.0007988002203372433,2.3388938149966365
34,22067,0.0008607172299037362,1.297493499914429
34,22069,0.0010664943593958532,1.4603774355683263
34,22071,0.015933505649091934,0.37753876986051405
34,22073,0.0020647638730483956,0.38046771851029126
34,22075,0.001344543859882516,1.845406487250215
34,22077,0.0006909046943586827,2.5897029827565756
34,22079,0.001954163734331919,0.36137859983872694
34,22083,0.0007518997237858658,1.993455834618026
34,22085,0.0010953452377087869,1.8307727026474487
34,22087,0.0024569432945663267,0.5466750371680346
34,22089,0.0008779743497325358,0.8916534220820744
34,22093,0.000986077397715687,1.5531042072996328
34,22095,0.0007563923009844245,0.9933056370503452
34,22097,0.002302305607948825,0.7176420052146485
34,22099,0.0008933400597066971,0.8615973381893114
34,22101,0.0021303564064215122,1.356768713221685
34,22103,0.00209934542576862,0.479476313064603
34,22105,0.0021381368892128432,0.5774215682495621
34,22111,0.0009726919662809828,1.7087019079827277
34,22109,0.0019781890169360537,0.6597763214157399
34,22113,0.0011825765095465513,0.9824485625593253
34,22115,0.002210898470317834,0.9461105118500203
34,22117,0.0013999262873635203,1.1088556300699715
34,22119,0.001116879087573886,1.4718507890284531
34,22121,0.0005298687758762046,2.6469284585800255
34,22127,0.0005118329708309428,3.3160931444358708
34,23001,0.0016977416068315106,0.57623111288018
34,23003,0.004592561820603437,0.7977851476168952
34,23005,0.003615766598917543,0.6372956841426676
34,23007,0.0013202161995795442,1.2214314418910126
34,23009,0.00360632083767477,0.7019822195000648
34,23011,0.003003857480476021,0.5582623358813278
34,23013,0.0015655966953042131,1.1863997603191374
34,23015,0.0017684381479153007,1.605192553883865
34,23017,0.0025050111617063164,0.7191733139715472
34,23019,0.003255182459171641,0.5435268609150049
34,23021,0.0017906238287727964,1.2957200278339442
34,23025,0.0024658807634627172,0.8702966237289629
34,23027,0.0013079049638378315,1.4487728613080668
34,23029,0.0029716984787686975,0.7640615516859087
34,23031,0.002762002128852954,0.4224752835426057
34,24001,0.002489458093820329,0.5873512117477065
34,24003,0.0038156907757283995,0.33059705854107957
34,24005,0.006691044537493762,0.3502727680994371
34,24009,0.0016530644116843156,0.8141762154548827
34,24011,0.0011358393568739048,1.2429162831614118
34,24013,0.002591871555179199,0.37058117119798073
34,24015,0.001526295589960824,0.6781561891920976
34,24017,0.002022135564564066,0.507490590205799
34,24019,0.0008980145459267406,1.2597643152099762
34,24021,0.0020140412496532888,0.38700638090029066
34,24023,0.001221214596369406,1.4681529130468036
34,24025,0.0031721345049142567,0.3634602752835746
34,24027,0.0042634211111624845,0.455384233084513
34,24029,0.0006744960949166672,2.2942232922121906
34,24031,0.006950690282168168,0.3766291582142552
34,24033,0.0070650742221319,0.3966468775296379
34,24035,0.0009687438087391229,1.0161148813278358
34,24039,0.000910196148716768,2.129923360306379
34,24037,0.001702513147892413,0.8260785828803823
34,24041,0.001579219392105935,1.4075402466075295
34,24043,0.0018161915884708471,0.4601887371852651
34,24045,0.001396894240141227,0.5943051328109931
34,24047,0.001835615121361248,0.8647707547381775
34,24510,0.012489645135689417,0.35680302109764417
34,25001,0.008786070671721245,0.3978497299613058
34,25003,0.004287439149050998,0.5362414521462195
34,25005,0.0034345039091820827,0.5347439926648275
34,25007,0.0006493014468518777,3.8745555534212746
34,25009,0.003084910164671583,0.34346904410860013
34,25011,0.002514182110004394,0.9483722547563115
34,25013,0.003261760292443485,0.2691234384549584
34,25015,0.004166006423215505,0.6654829564302175
34,25017,0.008921610997744812,0.6201392059307167
34,25019,0.0006752043721808554,2.6726058568862863
34,25021,0.0059682127744072454,0.581029481033009
34,25023,0.0032074709843212556,0.38649933984213813
34,25025,0.018709225876813652,0.4356269426654516
34,25027,0.0029044522129818943,0.32539699427026597
34,26001,0.0019917138588057296,2.488596834800805
34,26005,0.0019405011557996094,0.7214085714892379
34,26007,0.0017176815158245588,1.3324462918258995
34,26009,0.001867628583526276,1.5080919461510887
34,26011,0.0012106588228161708,2.132331239530932
34,26015,0.0011790482355151007,0.8087069900075852
34,26017,0.0018779861221047663,0.5915012348401595
34,26019,0.0010712839007038127,2.2289257914344147
34,26021,0.002668268178183217,0.3968467207921981
34,26023,0.0017244872021369177,1.345013527431786
34,26025,0.0023377966973041077,0.5048372085864585
34,26027,0.001550071066373398,1.0574651801261525
34,26029,0.0025165923659003545,1.0458454705279914
34,26031,0.0017960911907076106,1.4848561264891278
34,26033,0.001531594918063801,1.9092219746828647
34,26035,0.0020749072197369794,0.9596719576329076
34,26037,0.0012639897077275277,0.605020783038187
34,26039,0.0011350921724555744,2.34639505778306
34,26041,0.0016446086829859142,2.135404143091874
34,26043,0.0011829872656162687,1.3746395685487058
34,26045,0.0023435584141287434,0.6970624909490046
34,26047,0.0010516607218901393,1.371396185733897
34,26049,0.005647632767312952,0.3473228098406019
34,26051,0.0018837965285050937,0.9674585261951126
34,26053,0.0014576169158433245,1.6521319030475925
34,26055,0.0019516884298348396,0.6588867800598541
34,26057,0.0012321111061928845,1.2968196638752494
34,26059,0.001388973754129049,0.9016276177219753
34,26061,0.0013539462880350634,1.2537478446968193
34,26063,0.0024089322901646336,1.1613311597177611
34,26065,0.007487360521764216,0.5657112386550887
34,26067,0.0009778859101761577,1.4158679399476959
34,26069,0.002661016938241869,1.276072193760085
34,26071,0.0016662174952343097,2.2189040789510432
34,26073,0.0015587005672463815,0.970464708566485
34,26075,0.0016818555488716217,0.5405834501756666
34,26077,0.0028537074988492666,0.3348327458388182
34,26079,0.0008102512600447103,1.9641205545763871
34,26081,0.005211317424024121,0.3485048710124937
34,26085,0.001071582020631667,3.215771941612779
34,26087,0.002014854653484017,0.7186683281009055
34,26089,0.0015973786139136367,2.0486069279850674
34,26091,0.00182837138260975,0.7972686224492349
34,26093,0.005124604558695079,0.34284929378570417
34,26097,0.0015530654178132464,2.396300952720602
34,26101,0.0020713974495269287,1.3712453181946498
34,26099,0.007593725153950526,0.4089226791565289
34,26103,0.0021717977981182256,1.043053637360275
34,26105,0.0015760141358647092,1.6685524646303693
34,26107,0.000771605498268988,1.5963875136459196
34,26109,0.0016864027503498873,2.382875479494765
34,26113,0.0008651961725987247,3.2782483390992487
34,26111,0.0016109524794740415,0.6797174978537138
34,26115,0.0020372906508380473,0.49011572202667286
34,26117,0.001972330603734071,0.9715186108491756
34,26119,0.0017104904247460659,2.695596602386969
34,26121,0.0018034143963228128,0.37864866891896204
34,26123,0.0022277073933275214,1.0814042193446218
34,26125,0.008924331534702033,0.2754121552093432
34,26127,0.0008819577260203213,1.5185884055224401
34,26129,0.0018900002633425181,1.5347820753787778
34,26131,0.0005497961479518181,2.9729013330377256
34,26135,0.0017091145879468796,2.6135867670795827
34,26133,0.001623697136939669,2.1210245023701684
34,26137,0.0009111864022392133,1.7680900773286274
34,26139,0.002698558185041536,0.5317136726755013
34,26141,0.0018673798193264979,2.293661211937261
34,26143,0.0028448963051561807,1.0294373504479795
34,26145,0.00291387757540374,0.35452833816146234
34,26147,0.0033757958064649066,0.5215433586855677
34,26149,0.0019600457096046247,0.8156070804493574
34,26151,0.001873820538291207,0.9631619126541611
34,26155,0.001588820241870915,0.9560701153304519
34,26157,0.002523756310033299,0.8594474424055729
34,26159,0.0016152915136002218,1.3599081821227288
34,26161,0.005719198992422262,0.4745315454734698
34,26163,0.018155934329198424,0.3527960461712806
34,26165,0.000998281571540545,1.6910649620195628
34,27001,0.002154376834139737,2.131062917048565
34,27003,0.005288679873513347,0.409216852717779
34,27005,0.0016349109453890817,1.1072746307372807
34,27007,0.0010803576332971772,1.3563068444046016
34,27009,0.0007667415967861111,1.2589123788408476
34,27013,0.00163933054141211,0.7925387023325046
34,27015,0.0010533178967453377,1.8750009360706337
34,27017,0.0008261050925810423,1.5648355013290003
34,27019,0.0022020596472820905,0.7077323395458003
34,27021,0.0019323425690169268,1.1215822294200417
34,27023,0.0006252122037262891,3.3578929556446564
34,27025,0.0014465460312635611,1.1158090688466957
34,27027,0.0012151771768964367,0.927498107635543
34,27033,0.0007768467796892757,3.4423600366325093
34,27035,0.0018630231932303106,0.9195087038750624
34,27037,0.004354984432474341,0.3588142584703553
34,27039,0.0009011497971661733,2.4169959193039503
34,27041,0.0013727182194015533,1.1425691411222563
34,27043,0.0019181425440210158,2.874074476634147
34,27045,0.001772019464454963,1.8356753170259026
34,27047,0.0018222013741257515,1.3091154439458021
34,27049,0.001451814690884217,1.6347032549303275
34,27053,0.010320930002245834,0.4190034756627977
34,27055,0.001085958568650652,2.6459022186124446
34,27059,0.0010395073829009087,1.4442529978718242
34,27057,0.002053732161027793,2.120261616384585
34,27061,0.001793599338869079,1.1586477446661225
34,27063,0.0008385114591468865,3.804992890011809
34,27065,0.0006033773927409127,3.368266611515816
34,27071,0.000441666844246737,4.8120015378246555
34,27067,0.0013438240674509144,1.2252423757402149
34,27079,0.0011930203801694406,1.9301551424755299
34,27083,0.000955351422202374,1.5359171524780106
34,27085,0.0010519299375771954,3.164168438702253
34,27089,0.0011949019054561054,3.4486027427880708
34,27091,0.00122894403449742,2.0896481835196394
34,27095,0.0008314465867342213,1.883249732329425
34,27093,0.0012495608494232288,2.133050086230805
34,27097,0.0014920134457391096,1.8985567657402544
34,27099,0.0014515986529855863,1.0378227204036394
34,27105,0.000845348109910975,1.914333191869954
34,27103,0.0006954325776790853,2.3425630147526753
34,27109,0.0027898129288729426,0.3712431929800009
34,27111,0.0033124129646114613,0.8595468589822026
34,27113,0.0008281699878387619,2.5055832967146197
34,27115,0.0014642231676284556,1.740583866912058
34,27117,0.0013833074862921358,3.1122845465535782
34,27121,0.0010446560208499812,3.394812404447025
34,27119,0.0012955740755644456,2.2107333983806168
34,27123,0.005658085510746972,0.3408418085179198
34,27127,0.0014861190413939212,2.2793533745753742
34,27129,0.0016631121809789918,2.042242279338437
34,27131,0.0009678133245671092,1.2068714855678189
34,27135,0.0009294372380597635,2.406382461361285
34,27137,0.0048944164472266415,0.8441536431757801
34,27139,0.0024001303429364417,0.6017432580894799
34,27141,0.002041434682556744,1.033232425042314
34,27143,0.0009483850771744728,3.2308001491634237
34,27145,0.001861684446126359,0.651692050943003
34,27147,0.0008433086476930991,1.2573355334457086
34,27151,0.0008013884509259031,4.24959573549779
34,27153,0.0016047007166320134,1.4119856961562705
34,27157,0.0012196706742237803,1.7217264021787073
34,27161,0.0006679556109531642,2.6515037499234735
34,27163,0.002248891527140567,0.5687711138854188
34,27169,0.0009685147788607609,1.1597281241596342
34,27171,0.0021991026653169882,0.898609837031471
34,27173,0.0009094902254970965,3.375433311752782
34,28001,0.0008923656359447627,1.143981416755479
34,28007,0.0010470393765015275,1.6594846020621545
34,28003,0.0009041483682143605,1.5543821287665787
34,28011,0.0012291493475496344,1.6181534133241593
34,28013,0.0008959311035415815,2.829574586433354
34,28017,0.0005153244669184163,3.4887159755386
34,28023,0.0005137279239391359,3.124379850687418
34,28025,0.0006941587270243049,3.007677228909169
34,28027,0.0008756121600859443,2.150143937555862
34,28029,0.0008010677937169617,1.9702140416854115
34,28031,0.0004301636938939325,3.3167120842867894
34,28033,0.002061953778868565,0.5340065188933718
34,28035,0.0014352780412833707,0.6194895433026392
34,28039,0.0007334319639947584,2.6472336486366643
34,28043,0.00047962196012260914,2.376318054653966
34,28045,0.0006517254795015304,1.6386868232076641
34,28047,0.0021120644289783818,0.43465063665590703
34,28049,0.0043597444173968485,0.3108645180303581
34,28051,0.001059860416894522,2.1205530988483274
34,28057,0.0006650278279221273,2.394821950634506
34,28059,0.0016221033865170883,0.903147489803123
34,28061,0.0005602368853797917,3.2756193992047438
34,28067,0.0012962632216406936,0.8959243932874232
34,28071,0.0010306446071871673,1.1358411501674992
34,28073,0.0012993210461431572,1.3797496975971557
34,28075,0.0012728010639094704,0.8098255613730383
34,28079,0.00048568604534684036,2.4008341748179522
34,28081,0.0013986646136928478,0.652652346983503
34,28083,0.0010546993698162615,1.316658891967634
34,28085,0.0008245180739821505,1.9502634062221327
34,28087,0.0010144774096166138,0.8508664814414548
34,28089,0.0009253620230016972,0.6719369408792435
34,28091,0.0009071901859898758,2.206013774579424
34,28093,0.0006096374730563219,2.1655839478219927
34,28095,0.001129927914782027,1.3720885496464172
34,28099,0.0010502170433673665,1.6154343759463634
34,28101,0.000677406700264452,2.51834677925145
34,28105,0.001534431769163008,1.3557620169162872
34,28107,0.0008374310409447925,1.9198423560598699
34,28109,0.0011354281852914631,1.2695382744414936
34,28113,0.0008579380763765734,1.5723686983301626
34,28115,0.000894195883081113,1.8701526042412229
34,28117,0.0006180866001454337,2.405483467460981
34,28121,0.0019269254565549864,0.5705499027453639
34,28123,0.0008532992226759594,3.080150833613524
34,28127,0.0006745618964800587,2.21732287085914
34,28133,0.0008949736333063924,2.1895272742820073
34,28135,0.0005451477815744026,3.8102291111128435
34,28137,0.0006287018134197089,2.692415288472553
34,28139,0.0004620078053637537,3.621730324016909
34,28141,0.00038691654482784534,3.1197095557366907
34,28149,0.0012171378074122643,0.9360372150517918
34,28145,0.0011184650907217297,1.8157912060659138
34,28151,0.0026883009764780297,0.7710262110898245
34,28153,0.0006560907634175961,3.357591679913918
34,28159,0.0008177164634176352,2.1157467419248355
34,29001,0.0005594388106649299,1.3750218187831964
34,28163,0.0007056595218468576,1.694935293006774
34,29003,0.000558249202525116,3.2544982854780886
34,29007,0.001071342105906223,1.63790653271105
34,29009,0.0008355640082339337,1.5559042320259284
34,29013,0.0005411381249981093,3.633298536869738
34,29015,0.0010699546792090548,1.8168818687798978
34,29019,0.003119739566145217,0.5680786930905364
34,29021,0.0019249699660452487,0.5179123378121568
34,29023,0.0009312918831099413,1.0381150164535458
34,29027,0.000742690117153966,1.5458630421053743
34,29029,0.0014534740752748028,0.9374518066775006
34,29031,0.0010015731860868672,1.0637750487469222
34,29037,0.0013896623977360538,0.8314794473969888
34,29043,0.0018970894590086837,0.6704189163071524
34,29049,0.00048650702134658255,3.1636007518105176
34,29047,0.0027691558512245853,0.42222406597471746
34,29051,0.001158049876308053,0.7661786647339116
34,29053,0.0006059562438790518,2.534925901376036
34,29065,0.00037403901504472404,3.8704807942143686
34,29055,0.0007043030973690223,2.07390489803394
34,29069,0.0016185724823804244,1.7188102755332582
34,29071,0.002178243132166232,0.8186599910076626
34,29073,0.0007861821618435966,3.0584834452315652
34,29077,0.00413832385643063,0.44476254182588454
34,29079,0.0005311602038095617,3.579697568892072
34,29083,0.0009415536401175102,1.906819007295558
34,29091,0.0012931093594723774,1.7061586260040573
34,29093,0.0007852128852872595,3.575972910475714
34,29095,0.006753625638255795,0.5139167417825306
34,29097,0.001586256043914776,0.6484469656412165
34,29099,0.0035470492821696436,0.42938829891856917
34,29101,0.0008147500641445029,1.9110188451292873
34,29105,0.0007859437087497901,2.2361919486886013
34,29107,0.0010182833898019674,1.8910775364659695
34,29109,0.0007970234103833589,1.9649534700847837
34,29111,0.0006320765315827004,3.0930217696464024
34,29113,0.0014116968038281109,1.2913382778029265
34,29115,0.0008842603099142509,2.5874537016697996
34,29117,0.0006516356717797971,2.6314231286493968
34,29119,0.0006526585878116249,3.085769305089006
34,29121,0.000936181290032581,2.989997818783936
34,29127,0.0010141926632340256,2.056405044996292
34,29131,0.0006731523635663683,2.7089166069561075
34,29133,0.0004209002731862681,3.364839701087667
34,29135,0.0004955071206664016,3.298956616541538
34,29139,0.0006949259163824604,3.3071274768872687
34,29141,0.0005062062370988538,2.0807669928955828
34,29143,0.0010577084399125858,2.2462905128093325
34,29145,0.001432437550697306,1.0178941427285046
34,29147,0.0003528995350677804,2.683218167327942
34,29151,0.0005701953956183928,3.3652136194939875
34,29155,0.0011432588818643503,2.4878784453710314
34,29157,0.0006956555444058972,2.256983862794499
34,29159,0.0011152077428610943,1.0286999656372076
34,29161,0.000705697404174031,1.078908473596495
34,29163,0.000686070127508583,2.5767683965875507
34,29165,0.0010718063301874965,0.6366017810090788
34,29167,0.0006168714359018987,3.1701200620776695
34,29169,0.0010262791575590912,0.9855528345805523
34,29175,0.0007062177352013639,1.822341543664457
34,29177,0.0006002347090831248,3.2439385564879877
34,29181,0.0006164444477752318,3.177948213061219
34,29183,0.003162846936888883,0.4546859562635398
34,29186,0.00047584889801531783,3.3220956676303164
34,29187,0.0012620130541196374,1.2735442761464955
34,29189,0.005976926772026264,0.29525457323906806
34,29195,0.0012576438192467413,1.474210628793562
34,29201,0.0012289323296281749,1.5404484109655607
34,29207,0.0013396190493921711,1.5445848866048404
34,29209,0.001134334251573347,1.7076359664251801
34,29213,0.0008406237115539168,1.1641632596801401
34,29215,0.0007401405140180794,3.0617514830140675
34,29217,0.0007355292684633883,2.149615782434288
34,29221,0.0009003277704879785,2.1287797120624425
34,29219,0.0007080840469673513,2.553893172533332
34,29223,0.0006564523116801519,3.2888272276092954
34,29225,0.0010506706245780246,1.26649760633041
34,29229,0.000575004660430096,3.1674347481876284
34,29510,0.008386834516404098,0.4558214618633135
34,30003,0.0011818203921145115,2.317736512727012
34,30005,0.0008514168189269289,3.0572871135783584
34,30009,0.0011178219127986927,2.179332366359556
34,30013,0.0013339487347474538,0.4496926762259005
34,30017,0.0011062423677537095,2.043725143796524
34,30029,0.001995603394300536,0.8587864113747599
34,30031,0.002235053814678085,0.6579027931454114
34,30035,0.000261161862429062,2.7561236920545187
34,30041,0.0005421187273811437,2.147797479089602
34,30047,0.000926799833101529,1.2675435636147385
34,30049,0.0012700389408024488,0.8180549849369267
34,30053,0.0008713788540931938,2.3514334538887955
34,30063,0.0023400775693218547,0.5906568351028199
34,30067,0.0006200154053302791,2.676633373611458
34,30081,0.001357188036397269,1.0466545315051243
34,30087,0.0005276567450878715,3.738533410687633
34,30083,0.0006125548969562773,3.647596079589514
34,30093,0.0009710186191128538,1.2500737288339385
34,30111,0.002230546163491821,0.5506557451087974
34,31001,0.0008783963400280453,1.0001407148101105
34,31019,0.0010768591731327736,1.01539153352584
34,31025,0.0011381709107236605,2.332396198284747
34,31041,0.0007046729070431279,3.459787933183034
34,31043,0.00037295636921860586,3.3611921604519504
34,31053,0.0010516748250327201,1.294601957514505
34,31047,0.0008317204598502484,1.9108948413078417
34,31055,0.005540395573346013,0.3163674238687358
34,31067,0.0010878261059295725,1.80246989682977
34,31079,0.001152144062770903,0.6687053718489512
34,31089,0.0006226876728657704,3.3376059945338556
34,31109,0.004367355913315764,0.3458101994495604
34,31111,0.0009560775844278975,1.5553015064704316
34,31119,0.0008613172226806578,1.1081339753768473
34,31131,0.0007612219676766841,3.22678346869345
34,31151,0.00047727383538637526,3.0283725477521726
34,31141,0.0009061597159888557,1.6200501000761571
34,31155,0.0008465678185240877,2.61628218304768
34,31153,0.0034484582661633923,0.4452695147099576
34,31157,0.0011583024404075272,1.0457315380524361
34,31159,0.0005492315272003181,3.6643576716253694
34,31185,0.00045528455159367045,3.441756429783896
34,31177,0.0006597264069255158,2.6376768557056325
34,32001,0.0006460905297128871,1.6612710147529233
34,32003,0.0116378768741048,0.3116364931866044
34,32005,0.0023916215631635982,0.8688288469858328
34,32007,0.0013576720508722527,1.034590812425567
34,32013,0.0002757756209907721,4.239172753434431
34,32019,0.0007027094363237616,1.3145089843322888
34,32023,0.001237415288776351,1.4531010506626667
34,32031,0.004057078078265035,0.31311543009340853
34,32510,0.0009399693581232755,0.7026858567674602
34,33001,0.0019108838697030456,0.7552078723443736
34,33003,0.0021407748557056403,0.9829481485759358
34,33005,0.001677987584347576,0.7912214814613103
34,33007,0.002285090180453116,1.2863423314937696
34,33009,0.0025853623940897876,0.8197030654254772
34,33011,0.0027548770542951415,0.4021507619448653
34,33013,0.0025206182275052382,0.3782820815141145
34,33015,0.0041308350444026086,0.5406538016851667
34,33017,0.0012259762545709005,0.635710287145985
34,33019,0.0008927097585148095,1.0906560851836966
34,01001,0.0008577825332473503,0.9598797496642303
34,01003,0.002264404409117119,0.46828826390799494
34,01005,0.0014292199303347006,1.2547926933370095
34,01007,0.0003543717550158544,3.346212408314925
34,01009,0.001450845292268347,1.392447293272206
34,01013,0.0014022683967599078,1.1945728763534815
34,01015,0.002056569851450929,0.42832561422671783
34,01017,0.001135248881988864,1.5120813060592855
34,01019,0.0012903822354653216,1.9320947665554025
34,01021,0.0010957298563067438,1.116620829210321
34,01023,0.0006107281464489049,3.1816028661480455
34,01025,0.0016604565309481232,1.3343309921015558
34,01027,0.0005921392474209565,3.0171587771962742
34,01029,0.00057437174228473,3.128455804615396
34,01031,0.001704505888476448,0.851729960483137
34,01033,0.0012186568116218743,0.8501387006004039
34,01035,0.0009018895265712965,2.317037174157942
34,01039,0.0021183467817081593,0.9032617833760929
34,01041,0.0012556471215700814,1.5860668553855142
34,01043,0.0020909595279433313,0.6594755013797097
34,01045,0.0014289512986197534,0.6835251927613183
34,01047,0.0017168608166459305,0.718692372260477
34,01049,0.0017248717511792148,0.7971953361092833
34,01051,0.0012504120928042543,0.7183819650629334
34,01053,0.0009898030774731956,1.2750782301822656
34,01055,0.00216356293189852,0.5118697851998948
34,01057,0.0007808192938802361,2.549439032066583
34,01059,0.0011365197932372087,1.1602667143376868
34,01061,0.001169349914210339,2.1234018249410744
34,01065,0.0009989745433270439,2.1675342688564414
34,01067,0.0008758396331732606,1.8943563069976923
34,01069,0.002731719177307033,0.48809153542179057
34,01071,0.0015804272032024277,1.056934288154965
34,01073,0.005187031026169381,0.3036762987889727
34,01077,0.0016576827075176993,0.6867774545710176
34,01079,0.001273848304364016,1.0996078582162976
34,01081,0.0023297977364701216,0.8408579559914332
34,01083,0.0011422643918626214,0.7585754252554034
34,01085,0.0007139268794143348,3.0107149081690467
34,01087,0.0024777424202070265,0.9142894155566071
34,01089,0.0027918833574828374,0.3893172028254159
34,01091,0.000798584221438166,1.685445778931391
34,01093,0.0012871884013170027,1.437451200557028
34,01095,0.0017305128074820303,0.6989086406024149
34,01097,0.00493289032905003,0.3701453245619634
34,01099,0.0010235768674845326,1.548625899192427
34,01101,0.003724068539554164,0.39791328950998334
34,01103,0.0014059047102100708,0.48626559851364276
34,01107,0.0007709197299502344,2.273396058819132
34,01109,0.0007950429321150186,1.1976644852605351
34,01113,0.0008550181241415278,0.7651954236857573
34,01111,0.0010165735415733818,1.7478318048538075
34,01115,0.0014237017398137262,0.8684802845024108
34,01117,0.001747588190775184,0.3938500502368077
34,01119,0.000463255085891611,3.4833864794725478
34,01121,0.0020067913918933645,0.7064696633247485
34,01123,0.001002119425548857,0.907577624704382
34,01125,0.0028822579363362885,0.35360747363759504
34,01127,0.0025846738257467063,0.5981165874999071
34,01129,0.0007459780425683373,2.1848642172040322
34,01131,0.0005004007255105749,3.298385437285779
34,01133,0.0010571206713559595,1.4898764893488325
34,04001,0.003192544862179065,1.3061238096356604
34,04003,0.0025781665422592893,0.6191134688888108
34,04005,0.0021827920628524496,0.6595796857763117
34,04007,0.0021062274992060576,0.9087479011729146
34,04009,0.000847087292972061,1.1515327205989325
34,04012,0.002141678638619613,1.3030176790290942
34,04013,0.01901996760148723,0.23633263076937108
34,04015,0.005289299388467805,0.5415622549445559
34,04017,0.0033884962101973317,1.0779069286295297
34,04021,0.005228981797057257,0.6651894331191871
34,04023,0.0008797294575664114,0.962322427148711
34,04025,0.005464794773357069,0.5383200651930136
34,04027,0.005300274821643733,0.6034823671279413
34,05001,0.0013280353774790506,1.4912995013736974
34,05005,0.0018857672800442512,1.0004896547087765
34,05003,0.0009093513429139366,1.635494785777353
34,05007,0.0029230713164559354,0.3978841413627955
34,05009,0.0011666738740876773,1.5183552522974366
34,05011,0.0009788962385984031,2.329109917387138
34,05015,0.0005607675120392204,2.956094055649503
34,05017,0.0007315133311037945,3.4904915666059555
34,05019,0.0007050351956938697,2.390596776332985
34,05021,0.0013025347901937118,2.913282353202685
34,05023,0.0011347016248685086,1.4767227335183506
34,05027,0.0005836095577586418,2.8005641255112876
34,05029,0.0008250521884752109,1.9370071949387948
34,05031,0.00182901940525919,0.6827055053152007
34,05033,0.0011896730065321295,1.1517151172873765
34,05037,0.0009250865296224548,1.9129140458999727
34,05035,0.0020303374341356477,0.6778108533805315
34,05041,0.0007775158700750329,2.6008058325497156
34,05043,0.0006045006278343657,2.537675524288568
34,05045,0.0017613028577971352,0.6058927301564159
34,05053,0.0006449225931994224,4.169243215918818
34,05051,0.001754831274630166,0.5721034376542655
34,05055,0.000775538556175196,1.1324177304661074
34,05057,0.0006172062244453456,2.2256963300094847
34,05059,0.0008850905173480259,1.556345875244727
34,05063,0.0009355142993057726,1.4843934151098848
34,05065,0.0007538512790410587,3.0611002257994446
34,05067,0.000797473182357997,2.1344325409634384
34,05069,0.0021659328270252046,0.49713538584286443
34,05075,0.0008791750181331977,2.112561120279301
34,05071,0.0008924822026338696,1.7809270258383545
34,05077,0.000579489289763883,3.1393547892469513
34,05079,0.0004570177979326722,3.337314119170305
34,05083,0.001131377322051578,2.887614583629802
34,05081,0.0006101159871496171,3.352367509762356
34,05085,0.001282069316381567,0.8164480098469002
34,05087,0.0007182627898396377,3.2494127850697416
34,05089,0.000603503191423487,3.283038496709779
34,05091,0.0007913307647048679,0.8961297786979301
34,05093,0.0012158041341036499,1.2282308697512725
34,05103,0.0007240677559548106,1.7134882161233747
34,05107,0.0007424363634295505,1.991313362016917
34,05111,0.0009029767537474637,2.009413514992349
34,05113,0.0008574187849884601,1.6282341904319282
34,05115,0.0010215637313882966,1.087597719950467
34,05121,0.0005104481134706782,3.1737593350365048
34,05119,0.003229199696862599,0.3066626778688399
34,05123,0.000652241338330946,2.23203532930672
34,05125,0.001585474835780429,0.427009701469733
34,05131,0.001706956688998296,0.5542077237711737
34,05135,0.0006760257623773389,3.2962378917753514
34,05133,0.0005265036146103037,3.3370388635991897
34,05139,0.0011714389779862082,0.9807689200981348
34,05141,0.001015732893876193,2.2039612456547752
34,05143,0.0033540280377294335,0.6779456453007308
34,05145,0.0013199240331807558,0.894305549908348
34,05149,0.000900169530015889,2.0578310597812597
34,06001,0.008485332378621925,0.7069581255602639
34,06005,0.0013702734468594865,1.1448592758388976
34,06007,0.003618165247312296,0.7726786015095116
34,06009,0.0016487216447096684,1.0234306442086099
34,06011,0.0006522121496649036,2.461208138734283
34,06013,0.005359758797575553,0.4361855336550081
34,06015,0.0006592016535228298,1.89663753540691
34,06017,0.002791028094808971,0.9392624533650132
34,06019,0.012728977298307471,0.29042814969233627
34,06021,0.0007147124773651227,2.7739044249890403
34,06023,0.0027680032705805174,0.4726378849418756
34,06025,0.0032912833097373355,0.5687838641605638
34,06027,0.0011472551544290642,3.0572061563238826
34,06029,0.012410247769646457,0.3570997907205044
34,06031,0.0027128802892144783,0.9366064534546544
34,06033,0.0018863461475659693,0.7777602364024852
34,06035,0.0011162023003468287,1.2074301454269136
34,06039,0.002678687990333113,1.1445171805547143
34,06041,0.005558516744655911,0.33307841062813365
34,06043,0.0010197553571511437,1.8840150288205506
34,06045,0.002224741293622187,0.9441513484707784
34,06047,0.005860516639460257,0.4050638820082175
34,06049,0.0007350061227184532,3.368091021629093
34,06053,0.006485526550025374,0.7313581133084679
34,06055,0.002383642595937446,0.5436466361282805
34,06057,0.002645869931716794,1.3376937642649527
34,06059,0.013148277989393803,0.32739183698882507
34,06061,0.004411266229878894,0.5075974877438757
34,06063,0.001149796514028551,2.1162867073440057
34,06065,0.017376899184258762,0.5135131174049543
34,06067,0.008715901321018465,0.34245946079624645
34,06069,0.0009225029189875978,0.8708846909489538
34,06071,0.01764710104399697,0.321129171311607
34,06073,0.011963944468164843,0.34475201707965475
34,06075,0.019744008598094248,0.5080812680162332
34,06077,0.007939214850374089,0.3241769031373932
34,06079,0.005257084601266143,0.6556684483597103
34,06081,0.005440331744279392,0.5071378782166155
34,06083,0.004584241109670108,1.034598829326364
34,06085,0.01233208513188469,0.42163174658745994
34,06087,0.004356232165594593,0.9559754891778376
34,06089,0.004017518200158033,0.3551939466630931
34,06093,0.002675711034442465,0.8679581957920225
34,06095,0.0033795574894521685,0.4238487182089391
34,06097,0.005512374788677159,0.3724568754358635
34,06099,0.006066223291193867,0.38195350394811806
34,06101,0.0018048957618844238,0.545823246891951
34,06103,0.0013033645900704326,1.1972132354791587
34,06105,0.0010371161041357096,2.9645134941585476
34,06107,0.008514911097811412,0.35249917403929254
34,06109,0.0015886859216148225,0.9561427814570979
34,06111,0.00454099327740345,0.41651032908348123
34,06113,0.003337348187356432,1.0006750169928333
34,06115,0.0011776975569910868,0.7832860200066538
34,08001,0.005685240769125047,0.3636260216503183
34,08003,0.0003190617944821027,3.3711631623863787
34,08005,0.005383954464300334,0.3372239613135474
34,08007,0.0005896471116272983,3.3806223819224224
34,08013,0.004576984222171871,0.7255752455594217
34,08014,0.0012909826750968608,0.6513431776194079
34,08015,0.0008562014676178643,3.2306607449800198
34,08029,0.0012878621371214644,1.3227152452436286
34,08031,0.011690007736466461,0.37660750754081285
34,08035,0.004686500483588807,0.32305883781206984
34,08039,0.0010262159838518605,1.3711325597936295
34,08037,0.0013032091354076895,0.8789648712252294
34,08041,0.006101194617929684,0.39235450248718456
34,08043,0.001488402512653264,1.004687817781098
34,08045,0.0010058652243225739,1.4450087556980837
34,08051,0.00022874024584128665,3.5662565867369276
34,08059,0.005699897192377115,0.32171966053588863
34,08067,0.0008205872102931297,1.0585866245473663
34,08069,0.004248746269949759,0.5870661823906571
34,08071,0.001261314505058389,2.0774933578128354
34,08075,0.0005862667745234185,1.6895277303426421
34,08077,0.0023396403864607922,0.5157239306055853
34,08081,0.0004060533979263703,3.0949071160392667
34,08083,0.0008118374454415569,2.0005531844459616
34,08085,0.0011537276893661321,0.9881303203217584
34,08087,0.0007106112933832318,1.825797506598577
34,08089,0.0010535473878892393,1.7454426508973229
34,08093,0.0006617305401502136,2.469594555618547
34,08097,0.0002916125783294357,3.750395993604292
34,08099,0.0009143089494345986,3.265950074585268
34,08101,0.002883240443738093,0.2963556732980947
34,08107,0.0009695282582455109,1.2665142860320215
34,08113,0.0007449130982163377,2.8699989706957587
34,08119,0.000889908680962578,2.0254429781272023
34,08117,0.0011328648090633143,2.456175912428121
34,08123,0.0037124588055966194,0.5320505827483989
34,09001,0.004432978765982986,0.31203013175435285
34,09003,0.002807806112039212,0.2842316451013432
34,09005,0.004151885444269965,0.40823820299797464
34,09007,0.002373168812906954,0.6505497521407723
34,09009,0.0038689394682927068,0.353327006599115
34,09011,0.0020529754899862303,0.29921567640748487
34,09015,0.0016290650947864305,0.8485925190363639
34,09013,0.0016141388490501737,0.5298509875738526
34,10001,0.0012571090251116011,0.3939790429526423
34,10003,0.002775797782873992,0.4365510025549432
34,10005,0.006330354176408388,0.9718345037724442
34,11001,0.01747464358815649,0.4739435392660713
34,12001,0.005833249874439719,0.5597618110367848
34,12003,0.0005760068828707964,3.0764173107870914
34,12005,0.0021481661776769066,0.3908763857218014
34,12007,0.0005902987939200876,3.1481530420871846
34,12009,0.007252366873862856,0.3057334549719813
34,12011,0.008585454420477616,0.30579555868396585
34,12015,0.008880766510564552,0.4832007789101096
34,12017,0.005633058416143209,0.4255477113367447
34,12019,0.0021957772297983525,0.490532755582933
34,12021,0.010837133360753584,0.4218648380331876
34,12023,0.0013527676729615744,0.998735323319513
34,12027,0.0009910225917304563,1.1444545329752958
34,12031,0.005789083634453495,0.3086476089396631
34,12033,0.003308743041524723,0.3511386179600091
34,12035,0.002890479425663903,0.5509460230107891
34,12037,0.000494399867317759,4.142808495796421
34,12041,0.0005432037217163828,2.5087187612479505
34,12039,0.0011327702198175831,1.2689748101076135
34,12049,0.0007936651867929474,2.0268820050303495
34,12051,0.000592595431899533,2.3199772993089898
34,12053,0.004701705897972291,0.5647136910922288
34,12055,0.00425527838279041,0.4858805681686615
