src_state,tar_geoid,mi_shift,moran_shift
35,34019,0.013661854679372875,0.657837558601929
35,34021,0.01160944939862507,0.721967810287791
35,34023,0.02163732807368474,0.41051507701441425
35,34025,0.018306830431285226,0.4765746235135473
35,34027,0.02879612131238987,0.4947255786431423
35,34029,0.02582134058820462,0.40605162971286285
35,34031,0.018920342012432853,0.5584585610584767
35,34033,0.008181976873739486,0.9456429248031628
35,34035,0.019786874917040946,0.5465079583427267
35,34037,0.014695532149877651,0.5081056534632368
35,34039,0.019425858946359155,0.5735677519165355
35,34041,0.008379831135159527,0.7643275642690225
35,36001,0.012091508693741437,0.5983086781510354
35,36003,0.0069834069713494195,0.6812103344370648
35,36005,0.04652650604619106,0.46889424098938826
35,36007,0.010840057303738864,0.56399421472195
35,36009,0.006263943186218992,0.7301243551467017
35,36011,0.009312665210563186,0.8993152268588067
35,36015,0.0061586578613028655,0.6117447801434511
35,36013,0.011376495646645168,0.6778922787992293
35,36017,0.006558413994135382,1.400108772273351
35,36019,0.004643156694041427,1.0580709177895427
35,36021,0.009259035546465417,0.8715056692371976
35,36023,0.0033185812274981394,0.9501123376442699
35,36025,0.006518791770622693,1.348501767522961
35,36027,0.013569700689007678,0.5479681841623114
35,36029,0.01958370648741699,0.4867523780185259
35,36033,0.004779727648462492,0.8709638344513604
35,36031,0.0061662247333578255,0.9096794258958374
35,36035,0.005420182309504676,0.8903365115794135
35,36037,0.0062118133244527555,0.786402113633024
35,36039,0.004888981914314357,1.0237271263473162
35,36041,0.0040222815451240335,1.811638509791237
35,36043,0.00761893210360396,0.6032920617852414
35,36045,0.007136065811060702,0.6013859597853511
35,36047,0.041826303887951846,0.4917248692264069
35,36049,0.004560741653773727,1.2588138089108094
35,36051,0.003565139477129774,1.0548606373481544
35,36055,0.017667722816148472,0.5108893404330153
35,36057,0.005310874953711059,0.966501530016436
35,36059,0.034912554331968264,0.47571517044297673
35,36061,0.07776043696023066,0.41710002104618327
35,36063,0.012086859492692097,0.6956566105708134
35,36067,0.01762895358609974,0.5236969654900463
35,36069,0.006022625189210393,0.7509256309304214
35,36071,0.014849388879127677,0.5925716331902092
35,36073,0.004217336704148817,1.638602048091411
35,36075,0.008780581555740258,0.6912964440193411
35,36077,0.006650964279740222,1.666451993539581
35,36079,0.010769045121827062,0.6693534101083007
35,36081,0.04007828572340848,0.5000953654529403
35,36083,0.0064917152374294835,0.8081456786774914
35,36085,0.018184146585600122,0.5522552095046
35,36087,0.014736644888821622,0.544075469542551
35,36089,0.006969556646191625,0.8545528288818008
35,36091,0.011676350068208092,0.5501646687859322
35,36093,0.007571853407555415,0.5515022448908958
35,36095,0.0037572374760210157,1.1322277337356514
35,36097,0.0033346380923866656,1.422095681357522
35,36099,0.005418169981227256,0.9181906822017282
35,36101,0.010352127752206624,0.7962502547297597
35,36103,0.026244898189845954,0.485620730176502
35,36105,0.005932101695385894,0.5358731187544714
35,36107,0.0055911221735087694,0.9669703537282606
35,36109,0.010840920949156134,0.8813503282056279
35,36111,0.00826285843378139,0.6106162575575254
35,36113,0.006900240791583313,0.9613940232413791
35,36115,0.007196782238932403,0.9806374898483117
35,36117,0.007978856457636865,0.7613110904800542
35,36119,0.025898416461409064,0.5107516064677069
35,36121,0.005846197266493796,0.8846597286995213
35,36123,0.004256279832273699,1.5114249386230556
35,37001,0.007686707934048428,0.4890861518734339
35,37003,0.003624393780067415,1.1600670727345905
35,37007,0.0026893060933184955,1.218834995362864
35,37009,0.0033110796794474534,1.282188123140501
35,37011,0.0025384029377992306,1.4347294558023986
35,37013,0.0036401087775381775,0.8277750502591366
35,37015,0.001824544313649897,1.9077271246138128
35,37017,0.003562729640540712,1.37049889838913
35,37019,0.013459488705764223,0.7345422101722034
35,37021,0.011072609012952764,0.5062709453155706
35,37023,0.006580105324286395,0.6265298146261503
35,37025,0.00806915787795456,0.4918929721663711
35,37027,0.006594884632522813,0.5766548082540045
35,37031,0.016745972691489103,0.5788562808566203
35,37033,0.0030484063989387913,1.2738775022266713
35,37035,0.00956161869759957,0.5264790855783475
35,37037,0.004247027259539833,1.2313417297293838
35,37039,0.004425327594702072,1.316253071817682
35,37047,0.005111196884684857,0.7034338869107465
35,37045,0.007941845653683633,0.5719538684973712
35,37049,0.003432461505685013,0.8924100488132605
35,37051,0.015982588050187103,0.6749720350443612
35,37053,0.0021403345195070774,1.0994917891833542
35,37055,0.003833748377255296,1.4882938925628706
35,37059,0.003963037910992611,1.1744864609376007
35,37057,0.010972760612012744,0.5319591900671583
35,37061,0.003994298834443556,0.8369741910098755
35,37063,0.014613788703107741,0.5276515224932581
35,37065,0.0061526543088337516,0.9786382942587518
35,37069,0.0043216928939908425,0.809109282019617
35,37067,0.01227877393377362,0.4671408199561637
35,37071,0.018249845949079236,0.4806967254136634
35,37077,0.004064474531439274,0.8258408767300028
35,37079,0.0017146069477495499,1.6522023631259604
35,37081,0.01194695074119868,0.4822990523521955
35,37083,0.005357654014184909,1.0750235451112697
35,37085,0.007064995613889352,0.8957357714508521
35,37087,0.005873464988739435,0.6457028454261133
35,37089,0.008208812758576238,0.4756881346300807
35,37091,0.0018896065951172236,1.35673152474241
35,37093,0.0029566662342724783,0.8705510472865124
35,37097,0.011539348595861497,0.5870099679539496
35,37099,0.002433127538915955,0.951860044069738
35,37101,0.01130189485289931,0.6103243442814686
35,37105,0.0034186526323071284,0.7280448205472729
35,37107,0.004345202725596776,0.7833783113242049
35,37109,0.007968501485522092,0.8768472662718179
35,37111,0.004994015082378444,0.9912410558832399
35,37113,0.00611369312740018,0.9817868871179423
35,37115,0.002962715770287134,1.2852624846717642
35,37117,0.0031626822522376743,1.3646216682510175
35,37119,0.029737983293917337,0.41033725008683813
35,37123,0.001591084311225997,1.4351128744821116
35,37121,0.0023417531241371387,2.191404502647552
35,37125,0.006111781425496243,0.7343578822225834
35,37127,0.006127267489842192,0.6457464229035307
35,37129,0.007922131396643746,0.5014989645353983
35,37131,0.0029233492055282364,1.8571176980998936
35,37133,0.018529132545944436,0.5593897190105133
35,37137,0.001983424207855592,1.6443268660703156
35,37135,0.0088240119260282,0.7794019711182357
35,37139,0.0026086415553716585,0.947077592084585
35,37141,0.003595858765586018,0.9515069552329597
35,37145,0.002834694083998847,1.2521599561813423
35,37147,0.0056738164437383585,0.6136350745895861
35,37149,0.0044122702420185305,1.2528810076199155
35,37151,0.009934762836207488,0.5074320267891672
35,37155,0.009880912846958382,0.5181346209576618
35,37153,0.005442591259677817,0.8167212471616849
35,37157,0.008421479730774162,0.6084410447865766
35,37159,0.008110258105930643,0.5668222923872552
35,37161,0.004699686777601381,0.7986351914391183
35,37163,0.00645380133712633,0.8197313831852704
35,37165,0.004310142469040899,1.1052222087527237
35,37167,0.00743681358858205,0.7583446300603197
35,37169,0.005126547518053926,1.1132054250891223
35,37171,0.007776127325468746,0.6628681515438425
35,37175,0.002844670606955321,1.0471506171466847
35,37173,0.0010645823211833418,1.2848269624972581
35,37179,0.01527483615813414,0.6339954394494044
35,37181,0.0029581554741924644,0.8355325425641251
35,37183,0.028670825969255034,0.38144177002049656
35,37185,0.0032201776316577923,1.5400409649144193
35,37189,0.0038557590587970127,0.6942590676974473
35,37191,0.0056459008355858094,0.5094978702020304
35,37193,0.006291766010780293,0.6854949437534016
35,37195,0.004633416817472528,0.6761395854810768
35,37199,0.003099232714981703,1.720197839409993
35,37197,0.004592540856723275,1.2065604658289608
35,38003,0.0013649270246374053,2.3210652190466186
35,38005,0.0031502668265556604,1.7946718652775528
35,38015,0.007594479250298353,0.631996895935861
35,38017,0.007137681587885698,0.4900097152833842
35,38035,0.00438275905028835,0.6694572125736907
35,38053,0.002238438408748715,2.158564760792274
35,38059,0.0024853470998954475,1.8809822743912747
35,38067,0.006564763441458222,1.340768945966757
35,38077,0.0038516141739091516,1.9348463973737091
35,38079,0.0018020973321503852,1.6293126493523453
35,38089,0.002584474592578264,1.0099972006014881
35,38097,0.0025351204625972566,1.7883977185448103
35,38093,0.002570654229817775,1.530913248066898
35,38099,0.005324768423681436,2.123978522097919
35,38101,0.003591026218803803,0.7173323513199212
35,39001,0.003958862304670192,1.3129507482636744
35,38105,0.0020509852548208593,1.3358372747916551
35,39003,0.009165760153565539,0.5417351416966293
35,39005,0.00482892427150611,0.6920547064201535
35,39007,0.009897830959052516,0.8812127666556373
35,39011,0.006578321378917247,1.4389198014471845
35,39009,0.005154482776126793,1.1427171999813595
35,39013,0.00763691612286696,0.7727030188876788
35,39015,0.005425585269467802,1.0230632421824533
35,39017,0.010705680957943015,0.8418125380014936
35,39019,0.004239917678665743,1.1146773827705196
35,39021,0.0047080024579278365,0.9556924297986815
35,39023,0.01099838481490252,0.5651480622710641
35,39025,0.010890300741971386,0.6309466487751817
35,39029,0.009957080321270918,0.8925760967186839
35,39027,0.0043152874708145845,1.3772080025056312
35,39031,0.004636949997974879,0.873976636585846
35,39033,0.006966076800631799,0.9493024579726831
35,39035,0.02600416103556222,0.5001077961326651
35,39037,0.006900030813402707,0.9957458691780368
35,39039,0.005743513669050626,1.2196252566328187
35,39041,0.015730706868656342,0.6738897035907011
35,39043,0.004277946031761339,0.7812294291031442
35,39045,0.006367420136259058,0.9097540113199646
35,39047,0.005151339621216876,1.1196037356934156
35,39049,0.023014772188332328,0.41295780581831987
35,39051,0.005688627702319797,0.9951996052639581
35,39053,0.0033342706157173476,1.1631480395702534
35,39055,0.008187620918969907,0.8456650124876571
35,39057,0.007328310402636168,0.6225659843234806
35,39059,0.005906411186125228,0.9438442697788468
35,39061,0.023167056661277493,0.43739763151938965
35,39065,0.0037282129606925354,1.4434342168997611
35,39063,0.007970641074727563,0.666523576999898
35,39067,0.0035073597679742383,2.030926113913448
35,39069,0.0048640145968813706,1.4034351393544624
35,39071,0.004699701295734426,0.9595216702272327
35,39075,0.00629989552195375,1.1501065360730782
35,39073,0.004405657660162159,1.1221089747788413
35,39077,0.006708572431476096,0.8776060990438277
35,39079,0.004083565474651061,1.186844673929913
35,39081,0.008929269095529036,0.8073915172579182
35,39083,0.004304452891383564,0.7728309635567603
35,39085,0.013446115502962732,0.5470097897451045
35,39087,0.005673183332421175,0.8882678313639549
35,39089,0.009235377989553255,0.4555097712473829
35,39091,0.004678586058503846,1.2639892995124262
35,39093,0.012493912293936215,0.491390542517869
35,39095,0.015308469962859061,0.5529945709436733
35,39097,0.004999724856087747,0.8558076794607965
35,39099,0.015031797943831153,0.6376171968989284
35,39101,0.00520145378185563,0.5024153686214543
35,39103,0.012569506723166372,0.5320060819052632
35,39105,0.004406110789344128,1.3434037596789938
35,39107,0.004125427378212305,1.0308539318262608
35,39109,0.007843281427901336,0.6792955571656584
35,39111,0.0029529984076215408,2.0451457457905984
35,39113,0.014871616914004434,0.47507558075100853
35,39115,0.002784478267616792,1.618974415406811
35,39117,0.003934323539101181,1.2944063635296716
35,39119,0.007393661269202067,0.6657367653933015
35,39125,0.004319000480605388,1.3809099198985024
35,39123,0.006935893648228644,1.4302970035739007
35,39127,0.0038822410701441143,1.3398220613031648
35,39129,0.004302030182526025,1.0636555897719269
35,39131,0.00370556281842602,1.2923419047332403
35,39133,0.008504743548176711,0.947373396782029
35,39135,0.005952453517940634,1.1327360217000473
35,39137,0.0064959071502626335,1.0477367038147998
35,39139,0.00933225131852709,0.5140333555895334
35,39141,0.006405176650358762,0.6826641516776829
35,39143,0.007164770131522258,0.745126831592528
35,39145,0.004523711699349503,0.7911472795489276
35,39147,0.008554496885232568,1.0097910892328956
35,39149,0.007394733986354848,1.0349358786461182
35,39151,0.01599755609737821,0.5703924120845506
35,39153,0.016511645206774582,0.5065935208947823
35,39155,0.014737781755761348,0.5124147249285387
35,39157,0.008345634807821436,0.6021261918003714
35,39159,0.003314136848373538,0.9152022928237737
35,39161,0.004516696056780689,1.0958614510872902
35,39165,0.013070873877062938,0.5453632648966834
35,39167,0.007001413480622283,0.7486930035684054
35,39169,0.006950043724772419,0.7389215566678083
35,39171,0.005785660766924718,1.1466547840864039
35,39173,0.007200390908004746,0.8992350032944263
35,39175,0.004297835266906091,1.3118415780602048
35,40001,0.004008118708396177,1.980531350603912
35,40005,0.0023317778250316074,1.492478160732073
35,40009,0.0013151201922890765,2.2473243321791214
35,40011,0.004515111086290201,3.1239697614300708
35,40013,0.0031675612485674237,0.9055753424893656
35,40015,0.004196377245337026,1.1768669181962033
35,40017,0.00834894892750354,0.5671817973615182
35,40019,0.005432180816961842,1.062035755136963
35,40021,0.00389466068448408,1.0343653267335204
35,40023,0.0038903710179281435,1.8823889112266088
35,40027,0.009519408444888772,0.5310048748277828
35,40031,0.006674001809639974,0.4718139234945912
35,40035,0.0029031320613956374,1.9858462461409006
35,40037,0.011932078670754078,0.6453116722535229
35,40039,0.0019588799685420826,1.9523803327866076
35,40041,0.005588175813091403,1.0923061635395954
35,40047,0.004055358706929216,0.7956927767462032
35,40049,0.00609374635573835,1.25361178134187
35,40051,0.004147200433149976,1.0370058403695122
35,40061,0.0030724033612935333,1.6249328624449544
35,40063,0.004498345402634538,1.8030825168973126
35,40065,0.00295138977545985,1.0403131554741476
35,40071,0.0056761429975709255,1.1133351032398702
35,40073,0.0021958276686715726,2.1200733678511003
35,40079,0.007919169204178553,0.8586232867667236
35,40081,0.00563168023357479,0.9750567819130667
35,40083,0.002566335315434337,1.0556945963002051
35,40087,0.003479276913228481,1.1717756475244088
35,40091,0.004006503607166059,1.994213350421419
35,40089,0.004534484245802414,1.1728743550405947
35,40095,0.002297557909311213,3.2310752712411763
35,40097,0.005404116921855931,1.7568275112980163
35,40103,0.0019200010726816194,2.047393469595456
35,40101,0.004213342278654764,0.7343770781498214
35,40105,0.0023479730642361456,3.357290312004377
35,40107,0.002234658987285222,2.0974523465025228
35,40109,0.02165321372688706,0.49500879949398324
35,40111,0.00517681148291523,0.9615223864247984
35,40113,0.004510625878355006,0.9643867618442872
35,40115,0.006063303491750727,1.116456660481218
35,40117,0.0037720959688692553,3.2595202391498086
35,40119,0.00685350489443354,1.0100130238286793
35,40121,0.005060020056522331,0.8844768511927366
35,40123,0.003924482496658078,0.913802886973751
35,40125,0.006334383863920354,0.6570099713914054
35,40131,0.010775339354094854,0.5551516222377535
35,40133,0.005777020172523223,1.2465402001041654
35,40135,0.004098381894780823,1.2925450198721642
35,40137,0.0055711660362251815,0.7961096663362845
35,40139,0.0022108335386196868,2.3364431274174273
35,40141,0.004394781823955107,1.773947188667107
35,40143,0.021518171030338918,0.3201479550409427
35,40145,0.007788789974308779,0.6457996014387087
35,40147,0.0050028437583357665,0.7650560884148482
35,40149,0.0025736677594055397,2.077949185513592
35,40153,0.002837334400190536,1.6961665353726219
35,41001,0.004565878101041513,1.4646012963567332
35,41003,0.006483921826987741,0.8178687378178674
35,41005,0.01741872550381763,0.5054630326995916
35,41007,0.004914496689891001,1.2778703831870921
35,41009,0.004629170652703825,1.1592317111730852
35,41011,0.005814298713293952,0.9601491574912756
35,41013,0.0017652073720540887,1.8631288594830975
35,41015,0.0039594697977679075,1.6541849157933872
35,41017,0.008859284448188554,0.7017869726172713
35,41019,0.008430093025124322,0.5870686745297276
35,41027,0.0015125824308696795,1.8921402733368546
35,41029,0.007287505895926767,0.6998261879950864
35,41031,0.001922387398720256,1.77441791641198
35,41033,0.007567960144218623,0.9595050394375898
35,41035,0.004680119020969794,0.7511854896113496
35,41039,0.01285452501325253,0.5205454972649657
35,41041,0.008474782918452559,0.7824467824280886
35,41043,0.006459480951415454,0.8490987471740923
35,41045,0.001957285890870209,1.1169142430720753
35,41047,0.0077371053062837165,0.5242654240629998
35,41051,0.03627530077204042,0.5211908132996675
35,41053,0.0038656529749042717,1.1701115124985135
35,41057,0.004569768283539923,1.0263357014054395
35,41059,0.004272660778759188,1.1178510056161337
35,41061,0.004013995548306397,1.081360611962983
35,41065,0.0027600373379744383,1.1546929922690345
35,41067,0.024819064260267736,0.484249132936715
35,42001,0.009264318602038876,0.8344098491641941
35,41071,0.006251648613078158,0.8917719297460242
35,42003,0.038000655856687646,0.453403393930923
35,42005,0.013348360873044229,0.6893484287771295
35,42007,0.019107917348043648,0.4957279817654901
35,42009,0.00897224590148187,1.1261428676995036
35,42011,0.01735634757387593,0.6713009902814683
35,42013,0.011394432091939764,0.5736200737029451
35,42015,0.009839867267024694,1.0236409307494616
35,42017,0.0276716573362475,0.5240282066289791
35,42019,0.011753138456712924,1.0166337094961715
35,42021,0.013590174838945425,0.744151467467604
35,42025,0.008733688785138355,0.7819808862721388
35,42027,0.012665099869222747,1.1020610633788166
35,42029,0.021501304826632768,0.49528321257985236
35,42031,0.007862041051725945,0.8451108584345487
35,42035,0.004207476975730958,1.4533716888606003
35,42033,0.011986551382230676,1.0070168207924115
35,42037,0.007084407645106097,1.0659092534290822
35,42039,0.009612186751439034,0.7886109629130226
35,42041,0.011192323805175557,0.6040378577365639
35,42043,0.009628990918895167,0.6143336450565247
35,42045,0.01930844884516675,0.471109923034343
35,42047,0.005254625981174684,0.9477282674179938
35,42049,0.015169864698377486,0.6022941522862848
35,42051,0.016180831645312425,0.54046432655566
35,42055,0.009987300325200859,0.5696753684212587
35,42059,0.006014873349315807,1.104466685690609
35,42061,0.007849139369469151,0.8487988141728715
35,42063,0.006437256276056589,1.4289002443718728
35,42065,0.008592226906195193,1.4503071263988092
35,42067,0.003982302775175878,1.595010790263142
35,42069,0.012086231356883404,0.4911089978532349
35,42071,0.016313123291052136,0.5271779917220824
35,42073,0.010132750049030966,0.5458615407031518
35,42075,0.0077895182832786744,0.5672925204043187
35,42077,0.012047145320118307,0.6397541643829
35,42081,0.006947928051311665,0.5598971472945787
35,42079,0.019233162701958358,0.5104775011538617
35,42083,0.005927564085411413,1.071497573570518
35,42085,0.011421918654261289,0.6866985880919526
35,42087,0.0065611727256302665,1.166877608941177
35,42089,0.008371010498837062,0.542616732355361
35,42091,0.02939232393881872,0.48009602855731787
35,42093,0.0020512340932412523,2.7201167581324164
35,42095,0.013578163841589459,0.612711308781829
35,42099,0.008356284487715332,0.9844958565415962
35,42097,0.010039820988937333,1.0866261157802155
35,42101,0.03358194165601323,0.476247135574468
35,42103,0.0077082071896156495,0.7974866985027841
35,42105,0.004983472721614031,1.424103849515363
35,42107,0.019076074974601842,0.5382125028474444
35,42109,0.004366612487809451,2.2739713919728977
35,42111,0.013563904376751637,0.7595457987979823
35,42115,0.009804035007339972,0.7525148253963989
35,42117,0.008541673259481432,0.9498174169572733
35,42119,0.003336069870907381,1.1032246973959106
35,42121,0.008995068144772926,0.8196754493470718
35,42123,0.009429781535673813,0.9842641470211404
35,42125,0.016922987545037405,0.6325957067456478
35,42127,0.0075176333128442446,0.6928638007233262
35,42129,0.029393225679737376,0.5844156475818206
35,42131,0.006638229738022657,1.1633539030180122
35,42133,0.01624753037071991,0.6695600037031461
35,44001,0.0055726989389883385,1.0342780422821851
35,44003,0.012199823797056359,0.48666477739881653
35,44005,0.0055939830281714845,0.6272253204483854
35,44007,0.01945202683796753,0.4483287888736187
35,44009,0.008154269606067683,0.6266518257335258
35,45001,0.0032775418658118893,1.4110935501568145
35,45003,0.00575609302819732,0.4826059332179996
35,45007,0.00962350157499713,0.5177557084504681
35,45009,0.0010275883885793485,1.2843969082877058
35,45011,0.0021806395307609663,1.0976723374368826
35,45013,0.012593870595312343,0.448786820985473
35,45015,0.006763257296394175,0.4883562216144203
35,45019,0.011487722885624706,0.46823256105872463
35,45021,0.004562375924877001,0.7195425908498265
35,45023,0.005141787276165175,0.9575988878812873
35,45027,0.003992910367320107,0.9136125213304455
35,45025,0.004542778334494975,1.0622547954485402
35,45029,0.0025877967111969102,0.8498528141369265
35,45031,0.005432473752081776,0.7108661117530974
35,45033,0.002672678687175379,1.156115216834499
35,45035,0.007971287084923485,0.5919243706848677
35,45037,0.0032032678599090546,1.410101659289593
35,45039,0.0024009515010197076,1.3666477255054716
35,45043,0.003300030503198836,0.9361096045357783
35,45041,0.0061994314162185414,0.48379248321199514
35,45045,0.015937966978301268,0.5651065062176718
35,45049,0.0021106189017729305,1.705250768876158
35,45047,0.0040674594098892404,0.7300941206012964
35,45053,0.0011388896456334047,1.5757929614222257
35,45051,0.010574819794817803,0.4439176128454691
35,45055,0.0033897955230303544,0.6296865110637766
35,45057,0.004701864644739239,0.7666830150026512
35,45059,0.00503631304196717,0.6331853748662535
35,45061,0.0023717988628312618,1.3147342158142041
35,45063,0.010679968287644084,0.4904578985235507
35,45067,0.0035751027989789144,1.0484319896603325
35,45069,0.0051656292819902,1.1763874244517614
35,45073,0.004681128991909199,0.6910405398047532
35,45071,0.0037929000536200456,0.9278839053297113
35,45075,0.006296434838766529,0.6835108362379655
35,45077,0.005112305635555138,0.8428765185680192
35,45079,0.013797663512005147,0.514957823544855
35,45081,0.0022056255331413654,1.484336015958399
35,45083,0.008356617208544193,0.5072829345729969
35,45085,0.005161128666810846,0.47865519277795643
35,45087,0.005349341476966755,0.9502234096817778
35,45089,0.004872272206012699,0.8944356697133047
35,45091,0.010154762048308322,0.5615411627333446
35,46005,0.0035683712634147114,1.3020371680290144
35,46011,0.003043788640502833,1.4406914134618016
35,46013,0.0037209838100312675,1.2769813925954747
35,46029,0.0036677760364263426,1.2338871780449012
35,46035,0.0014584003648520176,1.8564132855130293
35,46065,0.001088599983345531,2.001490720392094
35,46081,0.002612290289405345,1.5671891784122471
35,46083,0.004208561576879583,0.8022185388817276
35,46093,0.0015325827999569013,1.4899666976215868
35,46099,0.009696079604733034,0.5136426883707983
35,46103,0.004751800275818311,0.5280982613629259
35,46109,0.0023239533508534757,1.7048163214075656
35,46135,0.0017718314722278698,1.6815986505767602
35,47001,0.0035361776119050906,0.7342673262153919
35,47005,0.0038513945838620466,1.475924543661474
35,47003,0.0034880316726163575,0.9442210622763704
35,47009,0.006540987542518502,0.5117776454193466
35,47011,0.0070544097983254945,0.7118547817023917
35,47013,0.005144578190517734,0.7715613086109374
35,47017,0.0036262277439547486,1.1439084045293484
35,47019,0.005924907622292437,0.62476648877952
35,47021,0.00335471805186838,1.1978260717961973
35,47025,0.003681642807115466,0.9855384103760361
35,47029,0.003893510511700444,0.8683959269217147
35,47031,0.003316669017623297,0.8811130338665716
35,47035,0.004954026779488036,0.6377895432777388
35,47033,0.003342704395966021,1.5875185345728058
35,47037,0.020073441780834273,0.37875836769618376
35,47039,0.0026694634068822605,1.9634304100706115
35,47043,0.005323569337483819,0.8514548613965229
35,47041,0.0017636818870151406,1.5448148642648114
35,47045,0.0027094028705215985,0.9822770356161882
35,47047,0.005649769357148418,0.7907335877549136
35,47051,0.0042449669190733315,0.8658155877626943
35,47049,0.002489034957237644,1.9371842834023818
35,47053,0.0036889010909415747,0.8049418387451112
35,47055,0.004851134229507668,1.0748985778504752
35,47057,0.003580065923013783,2.193453289875281
35,47059,0.006909899497632424,0.6926034137164911
35,47061,0.002147900408907244,1.718957426877993
35,47063,0.005327660581177507,0.7439179700102722
35,47065,0.008475806024061526,0.5836274881103068
35,47069,0.003716207002050373,1.2596716218183626
35,47071,0.0034594550208681164,1.2948427339976238
35,47073,0.006835588639827064,0.9997167678741943
35,47075,0.0030823850060451006,1.2507709669860094
35,47079,0.004430063842785506,1.1016265039084447
35,47077,0.0037848784517125296,1.2834526776094084
35,47081,0.0027063525537296316,1.0633845532447415
35,47085,0.0024114228377314826,1.5931640745603364
35,47087,0.002580594570482945,1.3348720539535208
35,47089,0.005730758852597761,1.1054506300197025
35,47091,0.0021554757687506127,1.6111422532829265
35,47093,0.013794371190929229,0.47921566765613666
35,47097,0.004769914709916668,0.9476362973286323
35,47099,0.005311888685989939,0.7192391292932793
35,47103,0.004761023997344142,0.8668846004013837
35,47105,0.0035879810391783416,0.9290789238705356
35,47107,0.005588745404908067,0.9375012683453157
35,47109,0.004415597159096622,1.1567225646180475
35,47111,0.0015161529951614474,1.4256777654992627
35,47113,0.005184468393185648,0.6112468996861629
35,47117,0.0036817918493622743,1.4969663977614043
35,47115,0.004277913374074039,1.303637987770051
35,47119,0.0055957739004233375,0.62548879309795
35,47123,0.00590633536363857,1.4743033281550004
35,47125,0.010603615867609465,0.5514383801321163
35,47129,0.003102417926033725,1.4535483406264362
35,47131,0.005405805824529643,0.9153304046350611
35,47133,0.00408549560297287,1.0915965428415473
35,47139,0.0027340308592434283,1.633296795414469
35,47141,0.0040630037669695356,0.739410840587198
35,47145,0.004195027754895791,0.9762506443575356
35,47143,0.003376273324772881,1.7539832385509326
35,47147,0.006785747601306475,0.7778737874235183
35,47149,0.010275634700951889,0.6181379673223171
35,47151,0.0029224157435697594,1.2968238980926998
35,47155,0.004298213086452053,0.6427564720026893
35,47157,0.01863480742232468,0.5188885347982488
35,47159,0.0027430974360463365,1.448244672376303
35,47163,0.01443971968308463,0.5502933913330933
35,47165,0.011186553294526865,0.6047388142175029
35,47167,0.004722817916643813,0.8405971353086693
35,47171,0.0026099602489065674,2.4897406111514337
35,47173,0.0020158749633293837,1.6299311888360972
35,47177,0.004173682037215327,0.8485285822222052
35,47179,0.005685719174320038,0.7007395577429901
35,47181,0.002134871637964201,1.748091819406318
35,47183,0.0032622257036865427,1.4822302610322433
35,47185,0.004198395587441321,1.2066614336396764
35,47187,0.015973697138674903,0.48506264009900385
35,47189,0.006411278552778988,0.8717622647459214
35,48001,0.004184837127020658,0.8611926966798875
35,48003,0.0019290897874529739,3.220605814811726
35,48005,0.005157694945990862,0.661386599680299
35,48007,0.002192266937260711,1.7251164414420195
35,48013,0.003173792860042763,1.169941244386991
35,48015,0.002525144677567617,1.3706142404628885
35,48019,0.0024049603294914873,1.667677642750662
35,48021,0.00555815796926567,1.0987266206383288
35,48025,0.0020851635871816424,1.3420470412761507
35,48027,0.01422512885413015,0.7870500502968116
35,48029,0.01870766356391682,0.4353066536093151
35,48035,0.003964923297266908,1.709027586121116
35,48037,0.004435362832958747,0.6562325416560127
35,48039,0.01090946572410782,0.7424668333829253
35,48041,0.014752160120441338,0.6207823314151144
35,48049,0.004241254637838857,0.9065804134491393
35,48051,0.002642700162810778,1.5216543636905502
35,48053,0.003962936135160828,1.1749174104306241
35,48055,0.0027249824981615536,0.9975851868486272
35,48057,0.0018019602676592568,1.5959804656170549
35,48061,0.020014614592565566,0.43249675773307644
35,48071,0.0014554210308207716,1.4006289269617933
35,48067,0.003982840430406527,1.854707754836262
35,48073,0.00360424898698515,1.123306350566815
35,48085,0.036341906631283775,0.36306080624726106
35,48089,0.0024678364797754374,1.3752101527492762
35,48091,0.005763685843115889,0.8237804213140614
35,48093,0.0022096967132364024,1.9974833413262445
35,48097,0.0030441481170909493,1.1684406807867695
35,48099,0.008315993467883441,1.1949878481681273
35,48113,0.027838513381333547,0.3523001114812785
35,48115,0.0016776097774029678,2.393626905847743
35,48117,0.0019238416810544252,1.9389612091486748
35,48121,0.031186764502914136,0.7422626162498922
35,48123,0.003491441038116978,1.5500133571805128
35,48133,0.002040509688148497,1.511909011761058
35,48139,0.008441022313738,0.5024873951696106
35,48135,0.011506922592920285,0.5391238313072971
35,48141,0.019881371359877067,0.31776939321510683
35,48143,0.002433643422975317,1.034066544924943
35,48145,0.0032329543829201367,2.0724920500146373
35,48147,0.00486134107445829,1.1769592848494979
35,48149,0.004276138855564981,1.1307560990818757
35,48157,0.025515126186848706,0.5043052663566474
35,48161,0.0029367377021795463,1.487196851425362
35,48167,0.00901426638009053,0.8962501368388388
35,48171,0.0034774382653724512,1.5825130811779748
35,48179,0.0028688841629946615,1.1266436091534353
35,48177,0.0034355196792167347,1.7676386588781954
35,48181,0.00594561827151837,0.5572450863293529
35,48183,0.0065608917714438456,0.6631842347286239
35,48185,0.0018682844145031323,1.7617838794090372
35,48187,0.006888347516873587,0.8112106191156515
35,48189,0.0033663308923623926,1.0649573378667454
35,48199,0.004648886205065342,1.0364522291504012
35,48201,0.028136423391765242,0.3618722527286607
35,48203,0.004788086826360818,0.7459472071160161
35,48209,0.00994055200254657,0.9108375929662202
35,48213,0.006146550548210788,1.0332016859820117
35,48215,0.039594117599593505,0.4842134280432088
35,48217,0.004463411329840266,1.333338337236314
35,48219,0.002638282415024661,1.1923903487793779
35,48221,0.003929435770278773,0.9017932112934165
35,48223,0.004928237143061216,1.1054812347197358
35,48225,0.002719906177832477,1.513951923782542
35,48227,0.003184355172493844,0.8099770635741451
35,48231,0.004055550458526977,0.9164577721885799
35,48233,0.0026573062665341245,1.3507219626682936
35,48241,0.00293795419301123,2.2085112197599344
35,48245,0.01384312479005277,0.5443402521289403
35,48249,0.004109288655007512,1.2237130165757002
35,48251,0.008542427579394137,0.5675247089955178
35,48253,0.003462258201015902,2.0706959310472888
35,48255,0.0016830662877843144,1.5615615892636872
35,48257,0.0058315415693137316,0.7160778338386191
35,48259,0.0030622884088243206,1.3140717136940598
35,48265,0.004366582417034346,0.9905980943572974
35,48273,0.0033818428691300664,1.623515363727772
35,48279,0.0027877438352913106,1.689301565064523
35,48277,0.003954452050100901,0.7617461453146532
35,48281,0.0016293471429645447,1.577396182449629
35,48285,0.0046086454444693,1.249554503593421
35,48287,0.0016089508382653647,3.2266690779503766
35,48291,0.004990607205957248,0.6849278328056607
35,48293,0.004077028011556136,1.6226804730695736
35,48297,0.0013778306752625573,1.7016647565075944
35,48299,0.005138347211672222,1.6295960935527758
35,48303,0.010911698571854799,0.5553011259047764
35,48309,0.00808499003965097,0.5441348939839937
35,48313,0.001179414373354638,2.599654541866713
35,48315,0.002775192523314468,2.212955626570044
35,48321,0.002411076186222827,0.9584458917958921
35,48323,0.004332484453679442,1.02873860848813
35,48325,0.0030764498209441414,1.0567335902171662
35,48329,0.008479073663948192,0.5640723717155457
35,48331,0.003665960023958685,1.2134365203206061
35,48337,0.0033071978146288483,3.4363905996765562
35,48339,0.019939707928651226,0.5074352507510368
35,48341,0.0013034636541456326,2.1025267379244315
35,48347,0.002594927078924325,0.7721515676002066
35,48349,0.0038328840780619718,1.1623498473870009
35,48351,0.0016870067748113709,2.259101879725267
35,48353,0.0023919304523449306,1.7458902968637513
35,48355,0.01075691884270595,0.5468758539057771
35,48361,0.007459392421405792,0.6650870308732085
35,48363,0.0032787845016287146,1.096398959371074
35,48365,0.0034671901144834117,2.04286676514436
35,48367,0.008388487363838069,0.7074148482608518
35,48371,0.0019319265924625305,3.1534297835938876
35,48373,0.004549617974356993,0.9995284745011794
35,48375,0.006953210523331133,0.5830656839770534
35,48381,0.005031282883958962,0.6109047513961877
35,48387,0.0022619341239960783,1.525966892002187
35,48389,0.0023983423566977303,1.9950483084775206
35,48395,0.001982723317767686,1.6013617950361356
35,48397,0.006978409951826907,0.7834779490675169
35,48399,0.0021713837784342297,3.5750794262611048
35,48401,0.0049760815801780855,0.7196244524037384
35,48407,0.0011966657278733362,1.5355649883635456
35,48409,0.005825495218281666,0.960999773807774
35,48415,0.0011769228204865968,1.3113527580347455
35,48419,0.002855017081886012,1.2662551002246896
35,48423,0.005439689468966851,0.5299432437797441
35,48427,0.009647542269893648,0.9985007909460274
35,48439,0.022241721018997296,0.3407637175204504
35,48441,0.0063021285779263905,0.42204265334325974
35,48449,0.002983226729795609,1.0808421352209883
35,48451,0.004977078882436812,0.5850118482295016
35,48453,0.03131344338983777,0.35197791088495806
35,48455,0.003034559647547739,1.9760745628023866
35,48457,0.003014147605635558,2.6144066339791623
35,48459,0.004518567514183752,1.4427931505443339
35,48463,0.002184859286922775,2.041309021304695
35,48465,0.003267165675618707,1.0357407553312368
35,48469,0.0051230568770947935,0.5349505511086717
35,48467,0.005141360501551826,2.394530736529213
35,48471,0.003385302743100131,1.072492983518779
35,48473,0.0025221664058150263,1.6750664053122446
35,48477,0.0026954669956886484,1.4348191250762925
35,48479,0.0223130862626265,0.46850098777912286
35,48481,0.0037446918488231802,0.8233234940348032
35,48485,0.007369315945006198,0.4691777614311501
35,48487,0.0017920239183042504,1.800143627987765
35,48489,0.0037792710730569245,1.4061831141428565
35,48491,0.019448709052371754,0.42937985799809597
35,48493,0.004339766468676272,0.8611356361278206
35,48497,0.005453848305137873,0.875698769707391
35,48499,0.0040284393749112635,1.1318092749293216
35,48503,0.0016157185689310504,2.5944324209003655
35,48507,0.0015808795893758215,2.030751320405476
35,49003,0.007224717970597579,1.2813347724556432
35,49005,0.010871676835468845,0.6912561531514999
35,49007,0.003909004274739461,1.7211814270589532
35,49011,0.021276881960776768,0.6287898024658916
35,49021,0.0038499950362311263,1.074559557263649
35,49035,0.02950236114280283,0.47173846420450605
35,49037,0.0019092525974731887,1.5519617333434834
35,49039,0.0028591935411189135,1.7828531667585286
35,49041,0.0038042024202988543,1.879077428459394
35,49043,0.004590860694888903,0.7936597129323492
35,49047,0.005014026815591288,1.7995407539898933
35,49045,0.003277404215852491,0.7668021386533594
35,49049,0.047325989456444804,0.8578221118474725
35,49051,0.0019150072778540657,2.4947056398321763
35,49053,0.011110481133523554,0.6085024100238445
35,49057,0.012606778892158062,0.5105563332798626
35,50001,0.00658404237452024,1.1433063692682934
35,50003,0.006443702713901639,1.149149964272682
35,50005,0.006586677561281649,0.9026062659405492
35,50007,0.010326607100156836,0.8549894509025737
35,50015,0.004459975819267976,1.0693050729333176
35,50011,0.006431722970943878,1.2645741890107451
35,50017,0.007082155795743453,1.0036506365495999
35,50019,0.006733910853128613,1.076934106092198
35,50021,0.011331361680123978,0.7076549970964254
35,50023,0.01002652203124713,0.7659862284876255
35,50025,0.009837363949368665,0.820756632138491
35,50027,0.008612122459306638,0.8804194584477464
35,51001,0.003180923502641563,1.1799245585149252
35,51003,0.005122317397070827,0.7738252089187109
35,51005,0.00431519607070464,1.82046262956995
35,51009,0.0034199133179856744,0.9169968208689117
35,51013,0.03656235330697503,0.48714934530886167
35,51015,0.00673451154286691,0.7184424253871936
35,51023,0.004949347230437748,1.1563783973611643
35,51027,0.00477276879777127,1.0841098286240385
35,51025,0.001144697820400773,1.9573970348280296
35,51029,0.002370955231320563,1.478727515841841
35,51033,0.003144232115087573,1.1179594749293447
35,51031,0.0052885845109897555,0.8235434983151633
35,51035,0.0051169702517340826,1.193624647021444
35,51041,0.013069045824364932,0.5410512815532105
35,51047,0.004414019685768508,0.9418732606160167
35,51051,0.0018336311082548992,1.5326185089686866
35,51059,0.03366981268633499,0.4910195647609327
35,51061,0.005838655881965248,0.6653787150753192
35,51065,0.0015823311932215308,1.9020037768371463
35,51067,0.004235101531161932,0.9003224300530619
35,51069,0.006502692301428658,0.7299619774944687
35,51071,0.002518344704883058,2.6022872926102356
35,51075,0.00256190514553447,1.6993952603040878
35,51073,0.003899645643746009,0.9669304729648177
35,51077,0.0032744010822104716,1.5735785024462483
35,51083,0.005392726244146881,0.8676350914928621
35,51085,0.007761882065110733,0.6485700406889433
35,51087,0.011969393468808284,0.6466328479956922
35,51089,0.008287912117441754,0.6592719588542332
35,51093,0.004577624385333241,1.1760572971778767
35,51095,0.0050669366243833655,0.975362055860085
35,51099,0.002877350217665821,1.598821945600259
35,51105,0.003357624367538933,1.3974450058460066
35,51101,0.0014284862129976211,2.5895056208225866
35,51107,0.028031425305292068,0.5714653615273708
35,51109,0.0037938435086408012,1.1637376018641847
35,51117,0.004651206816423825,1.1443849011464902
35,51119,0.0021638719435320706,1.8482974891095914
35,51121,0.0065052298740992075,0.8515754477492637
35,51135,0.0007021439032543609,1.6244921244154544
35,51137,0.0024108315510882445,1.9989531714396567
35,51139,0.0031787556885834486,1.968552657203475
35,51141,0.0024345081135110744,1.9420004679335467
35,51143,0.00935602043914547,0.747197254573407
35,51145,0.002383742979473838,1.5592470366910907
35,51147,0.0007277344689452938,2.260562336135729
35,51149,0.0026107612770454027,1.5008455346212102
35,51153,0.02493167998442485,0.5295411735695645
35,51161,0.008208500325828809,0.8279422174805637
35,51163,0.0020380115584598866,1.9230839843545458
35,51167,0.003829680564716339,1.2668074068036588
35,51165,0.006800455766298551,0.715206282819204
35,51169,0.005697680273067745,1.5129488723648323
35,51171,0.004275230613278162,1.0343089836835924
35,51173,0.00517162394925472,0.949388325901432
35,51175,0.00247629936422679,2.6309350197039927
35,51177,0.009403355111565335,0.5372225552877314
35,51179,0.009508002749408781,0.6507570771044277
35,51183,0.0027355260781876875,1.5966885030168831
35,51185,0.004573535400061847,1.3513293319313067
35,51187,0.00244422022335267,1.1716143613293977
35,51191,0.006416647213429494,0.773264094019355
35,51193,0.0015223815055458877,2.0283016955672744
35,51195,0.004985600076169563,0.8883056571244712
35,51197,0.00317059752391953,1.3699895265305846
35,51199,0.004762064076513363,0.7627431199179091
35,51510,0.021550625118392282,0.5372750424085152
35,51520,0.0015238256950673211,1.6790350896719748
35,51540,0.006590031720778353,0.7654400506932387
35,51550,0.01180348302123719,0.6634026897697174
35,51570,0.0019068656457800976,1.8353137544781057
35,51590,0.004174139222063676,0.7084831916683756
35,51630,0.001965206473451131,1.4639294390589057
35,51600,0.0032982387488420264,1.6295594038757317
35,51650,0.006654547161182709,0.43938831226288977
35,51660,0.005865412061605893,0.740688030011142
35,51670,0.001870917205485403,1.1120041880990743
35,51680,0.0067384019149136914,0.6435504299288819
35,51683,0.004746204700514632,1.253438318081618
35,51690,0.0029338230645972255,1.475769676470898
35,51700,0.007269005839650857,0.7252125451397733
35,51710,0.02084736520011671,0.47748425543648026
35,51730,0.003923205514348854,0.8340407721447806
35,51735,0.0010845199802032143,1.530223151253465
35,51740,0.007097285353909452,0.5683364211365596
35,51760,0.015356480431914284,0.4007808624388404
35,51770,0.00552379422455461,0.5731822469893207
35,51775,0.0022116271597198843,1.4676426108508087
35,51790,0.001953981804331877,1.2740804934156047
35,51800,0.010290502303567798,0.6582061758928829
35,51810,0.01545588156773218,0.48585730536090954
35,51820,0.0020764541619458284,1.5856720098316976
35,51840,0.002678239978779679,1.5295109474563098
35,53001,0.001653567111778205,2.665041891092041
35,53003,0.002386136884033589,1.6383294604757095
35,53005,0.0066453037759410215,0.533309976173534
35,53007,0.0037945548907309893,1.1877065818499306
35,53009,0.006461900497582249,0.9248023508856722
35,53011,0.014995295923999882,0.46765596554940564
35,53015,0.0046508586870901425,0.5433306047028185
35,53021,0.007332545228227623,0.8046261126977339
35,53017,0.0038614431095855524,1.3796103359979879
35,53025,0.003848062929711361,0.7199690434124674
35,53027,0.004426714807654377,0.6525776672268098
35,53029,0.0055815345705303495,1.0421797612459285
35,53031,0.0044640250890792075,1.5519876279327907
35,53033,0.04048428539548977,0.5960622642812465
35,53035,0.009847925276262081,0.558014652395523
35,53037,0.0032781571044917888,1.316516623130736
35,53041,0.005192862912668334,0.8202233070381515
35,53043,0.0030244789816888684,2.440475892330419
35,53045,0.0036011866272168723,0.6934573325130055
35,53047,0.0036695638596838387,0.9368009623803913
35,53049,0.0037554307708810197,1.4572908284520942
35,53051,0.003761376984568785,1.8624759633497028
35,53053,0.014306151287717644,0.37490025281529993
35,53055,0.0035271709444455847,1.7321140893719824
35,53057,0.006782548222924563,0.6825492977974965
35,53059,0.0022975044283477485,1.5858337648844651
35,53061,0.02418832264277899,0.5198506150264054
35,53063,0.01240495727558358,0.44423485745167873
35,53065,0.0055467472211225355,1.0999507875576338
35,53067,0.010792033848648101,0.5273442482266559
35,53071,0.0029830210199832284,0.7484826093810067
35,53073,0.00956629969646658,0.5985500300607483
35,53075,0.0032513864925711893,1.4537517787658534
35,53077,0.010548096165451604,0.5078320262606982
35,54001,0.0018687006001664038,1.7827432457642138
35,54003,0.009143854154796967,0.8199927377518623
35,54005,0.004839464388373489,1.0887632254664803
35,54009,0.00366901646431921,1.2005940159828519
35,54011,0.006941677200579694,0.7343365820168399
35,54019,0.006228181769270897,0.7364474184047303
35,54025,0.005096175851784606,1.3946761837541064
35,54027,0.002702456597932431,1.5161262669840514
35,54029,0.00477731257160598,1.4247149417957643
35,54035,0.0032440100360221578,1.2925831911853098
35,54033,0.007295438303189886,0.5667883432280949
35,54037,0.004683964748391047,0.6924506968068476
35,54039,0.010389006080051656,0.470106611823605
35,54041,0.003369146973324123,1.763729771797588
35,54043,0.0027467535201552034,1.328358330948398
35,54045,0.004901867592128838,1.030246695870706
35,54047,0.005900562878426686,1.0622812410658773
35,54049,0.005513763960629424,0.647912315123518
35,54051,0.0058817708902789805,0.8569757091815321
35,54053,0.004105168114709171,1.2749009439530639
35,54057,0.003988059491815424,1.4260393577088566
35,54055,0.005722486906898455,0.8268274138970843
35,54059,0.005495275766025057,1.3089565757035073
35,54061,0.009360377466763312,0.9211053130047319
35,54065,0.0024263774141364556,1.7327845816727039
35,54067,0.002741051683504551,1.1591930787228228
35,54069,0.007067037802047839,0.7661764819936736
35,54077,0.005448642256570389,0.9814237575817218
35,54075,0.00237776988513477,2.564695195792015
35,54079,0.005570209246057941,1.5237908130353448
35,54081,0.00679929730516498,0.6692039505237428
35,54083,0.00357396568464073,1.4166652396583497
35,54089,0.0020055452922574817,1.626032737975545
35,54087,0.0027534843367536437,1.9970889350096845
35,54091,0.002135886947993298,1.7860405995637114
35,54097,0.0030433474558759686,1.8485024872259548
35,54103,0.003707462064943403,1.886289551413408
35,54099,0.004148212770219445,1.3395801523055884
35,54107,0.009554087329634682,0.592237326979856
35,54109,0.003360539567225471,1.1325157884610448
35,55001,0.0057158323402471106,1.2269785480207334
35,55003,0.004238279612728382,2.261886545835249
35,55005,0.006744191800240943,1.147696390833189
35,55007,0.004926349715825068,1.7367323846093126
35,55009,0.00948766213217122,0.4874630666658143
35,55011,0.00465635291432367,1.5641614494217984
35,55013,0.005836140634057651,1.3238428734392844
35,55015,0.007228273926457304,1.2785077466807941
35,55017,0.007410939407344513,0.9770699718645341
35,55019,0.00950660584903984,1.252921633566112
35,55021,0.008341257677823899,1.0787605643296154
35,55023,0.005733482585537218,2.3816485123504076
35,55025,0.02484755117562782,0.700696247275781
35,55027,0.012127860297133985,1.0695037725334287
35,55029,0.006249329500043525,1.3114492977349532
35,55031,0.004414384278996411,0.904216896074544
35,55033,0.005555734203102501,1.3364902874147868
35,55035,0.005519597685325982,0.6069650733868723
35,55039,0.00978050820067313,0.8131224836554317
35,55041,0.003317625226020951,1.7507534656183816
35,55043,0.008097446632366365,1.3745715279674509
35,55045,0.006067931994482038,1.2723695668544208
35,55047,0.0055236184740521665,2.1311567887987644
35,55049,0.006675786564958538,1.167006041835345
35,55053,0.0045719966151143415,1.469885118712738
35,55055,0.008092434441799114,0.7231511193619339
35,55057,0.007702900917086811,1.0052549252634262
35,55059,0.008730521547614726,0.6858116431283238
35,55061,0.002833910751150488,2.5556454564819244
35,55065,0.005655854858714888,1.5577507505561523
35,55063,0.005430481694282116,0.6663042736049759
35,55067,0.004122406647803192,1.669144396565305
35,55069,0.006468970789631247,1.4045221022676269
35,55071,0.00969660325858332,0.6727216060645996
35,55073,0.010832316395777522,0.627272140149342
35,55075,0.0066802446363899,1.1294354725178892
35,55077,0.005267309356534278,1.5484607948737195
35,55079,0.02807876987247009,0.4050502008714841
35,55081,0.0065337405323459595,1.646164080364144
35,55083,0.00639371104695717,0.8746446293114691
35,55085,0.009534807344434192,0.924531465411741
35,55087,0.013271617988869605,0.5087044852533403
35,55089,0.009619757073385141,1.0755703519375261
35,55093,0.003855263540884673,1.531847847541782
35,55095,0.006987220621772845,0.8910639392442641
35,55097,0.006469800394783659,0.9245968991984426
35,55099,0.007735463563589874,1.3721982498799297
35,55101,0.009927803359864047,0.6842152642975634
35,55103,0.004642393001797136,1.6191728330736872
35,55105,0.009023920625174923,0.638720817556084
35,55107,0.004264385680322732,1.526671505257435
35,55109,0.009574758864693517,0.9129532880858696
35,55111,0.007749325579813563,0.9734073021600198
35,55113,0.003331502324543097,1.2840347050728431
35,55115,0.008776330284350964,1.0817929672606554
35,55119,0.00481435137051026,1.4344989435024487
35,55117,0.010284409572082999,0.7607168311400375
35,55121,0.008761796712808462,0.8743121016808042
35,55123,0.006876873051017032,1.2927802056845352
35,55125,0.005159774334424095,1.4078566362148175
35,55127,0.007207976124712231,1.1483253659225394
35,55129,0.0044237458622515225,1.5587066462278645
35,55131,0.013818669671020866,0.7256569346934139
35,55133,0.030495205992017566,0.515375542496242
35,55135,0.008799820622973797,1.055951386923914
35,55137,0.005693654207005252,1.3265854820905523
35,55139,0.01011392707592931,0.601827789582327
35,55141,0.009005782616214368,0.9814892896436129
35,56001,0.005004313528061711,1.0688138343583293
35,56005,0.004824230323872839,1.2828978814513012
35,56007,0.001943219376187055,1.9539066976110353
35,56009,0.0022041712400802565,2.13285359611625
35,56015,0.001635263147277432,1.7578893302669878
35,56013,0.003009388824538986,1.4435866310272965
35,56021,0.004192899785019485,0.5990088434043589
35,56023,0.0018654622686574008,4.796992201651612
35,56025,0.00587628235089691,0.663557841905824
35,56029,0.00217451425799104,3.6004777223631
35,56033,0.0024784727584482216,1.5480538850587835
35,56037,0.004189097273139669,0.6823754991910875
35,56039,0.0016772702527892446,2.1239115792647802
35,12057,0.023290778619597215,0.39535476649999174
35,12059,0.0020998306556041565,1.516587518484367
35,12061,0.01533724066671155,0.4783852101851115
35,12063,0.004017651299982479,0.7226792039823611
35,12069,0.015976966634156757,0.5891195008667826
35,12071,0.03739852633484929,0.3430478026530071
35,12073,0.016540831186383293,0.7305277094780378
35,12075,0.003266324277620864,0.8825459053291924
35,12079,0.0022705183978191067,1.6333656953690205
35,12081,0.017446372757679757,0.5004356778283112
35,12083,0.014441021361163335,0.5045587494838284
35,12085,0.014444419906030731,0.537913430502432
35,12086,0.032653670454517225,0.34504954293095436
35,12087,0.012877883838812545,0.8478921496366149
35,12089,0.0036758046420099105,1.0993487594392966
35,12091,0.0068918321529839975,0.7479236560646202
35,12093,0.004171672660732122,0.5684229998478656
35,12095,0.02545500772553144,0.4159413264781539
35,12097,0.013738393645565778,0.465288100715632
35,12099,0.04101877060201142,0.3131794984259325
35,12101,0.023879729877419386,0.46792127641942693
35,12103,0.03736075010306057,0.4459718388767796
35,12105,0.01410511266628051,0.4267323288518906
35,12107,0.00446384384543873,0.7238121419294304
35,12109,0.009322207150621783,0.6161268761194354
35,12111,0.0134868868555505,0.5995234906154834
35,12113,0.009379595638364982,0.47870335907325845
35,12115,0.04435973672790533,0.45230751351229026
35,12117,0.016090961731640506,0.5469926784692171
35,12119,0.013021899725270384,1.0582932521420432
35,12121,0.0031138248215433918,1.0722158130231834
35,12123,0.0015718013649666403,1.5484773776892786
35,12127,0.020737068852317613,0.3568529218396399
35,12129,0.0017674493483012586,1.472723778356837
35,12131,0.0037834140231521748,0.9660817566335921
35,12133,0.0032326772814019094,1.3637649004086818
35,13001,0.0029554889252920084,1.5888342781592046
35,13009,0.0021445045190902332,1.1629724091964324
35,13011,0.00297834185676202,1.8255613311164907
35,13013,0.00709182039707274,0.6193843412514114
35,13015,0.007396174959117666,0.8128730975617571
35,13017,0.0029310283626607266,1.5259662049776082
35,13019,0.0031727876179118873,1.184626662790746
35,13021,0.008448693773318269,0.6080070654108194
35,13031,0.0039039699187251743,1.1769248890136303
35,13027,0.0027508878894270225,1.4495619034002971
35,13033,0.0031282476019798243,1.228988991887409
35,13039,0.0021962846486731787,0.8613638152648653
35,13045,0.00714032434365401,0.7280007895477137
35,13047,0.00547806388758571,0.8959931271086347
35,13053,0.008680820428286854,1.745794145170133
35,13051,0.010008759896273645,0.5265089528440656
35,13055,0.0034329378405087594,1.2210889815531276
35,13057,0.017248555024521436,0.5886132443806883
35,13059,0.01334525940724653,0.5569776175882505
35,13063,0.015205327587502352,0.4517842955387734
35,13067,0.02561199009547875,0.452270409819851
35,13069,0.003738857773901275,0.9769078946504152
35,13071,0.0038996110096702523,0.8740134961777336
35,13073,0.007382128997090273,0.6468814739043927
35,13075,0.0018877512953630923,1.3974539879145553
35,13077,0.010407349959612093,0.6919363680153053
35,13081,0.0025257666937722255,1.1992642381327185
35,13083,0.0022240776385425995,2.8036136921828203
35,13087,0.002239438558953973,1.0785902861328849
35,13089,0.02239164642387194,0.507697931731489
35,13091,0.003323142206716097,1.1804408940816329
35,13095,0.0066525757977916045,0.5485508825221131
35,13097,0.01011140486869906,0.6124672881585382
35,13099,0.004034395728971871,1.4811236138219581
35,13103,0.004996418530224791,0.9786190071315014
35,13105,0.0034548552447295463,1.4094499340486628
35,13107,0.0017969368741387792,1.3210250938499655
35,13111,0.002752195342226034,1.3906236866248953
35,13113,0.010714925692578113,0.6850888428312687
35,13115,0.004952510613521772,0.5706078115970624
35,13119,0.0027161862115896718,1.6708918539958715
35,13117,0.018843601919068958,0.6413148264840821
35,13121,0.029554709621662185,0.6937436017685895
35,13123,0.0027381852109957193,1.442520704688802
35,13127,0.0032335684261635407,0.9363982556485493
35,13129,0.0050290911017184595,0.8580302206148196
35,13131,0.002597530681249589,1.2754421998136325
35,13133,0.004442515384777198,1.070826330668451
35,13137,0.002910360681815231,1.1513023329568304
35,13135,0.03953162497282139,0.4925331068990112
35,13139,0.009226609500174072,0.5266710329973402
35,13143,0.00260928072549776,1.438095005041478
35,13145,0.0028091802395766247,1.4971054907568726
35,13147,0.00273951712810393,1.3720521039525992
35,13151,0.016592332042318463,0.6015189807223327
35,13157,0.005056630541253705,0.9053499764782349
35,13153,0.007839166198119987,0.5285839045413832
35,13163,0.002140250522569742,1.6967585285174387
35,13169,0.002297625665153751,1.3034222065708343
35,13175,0.005300853619863435,0.7007635773478785
35,13177,0.0028215813924963333,1.3691669968328493
35,13179,0.007805326381276498,0.6283941491056246
35,13185,0.005755845880965983,0.518871261387537
35,13187,0.0019088224842923921,1.5953015440543876
35,13189,0.00314592156473713,1.2187699465267074
35,13193,0.0022789517409337653,1.5647768724558957
35,13195,0.0038490457811870887,1.1609304776340559
35,13199,0.0025353125029742413,1.7756862430902252
35,13205,0.0027663276300209,1.6146483158858322
35,13207,0.002197057141688033,1.577421335955232
35,13211,0.0029224915898343174,1.5415766104377508
35,13213,0.003752228616256068,1.03342976816241
35,13215,0.011165534898244286,0.609921384370125
35,13217,0.006725214590452118,0.709112405975063
35,13219,0.003500958299455622,1.2070851691777025
35,13221,0.0017223340628091223,1.7416400206012395
35,13223,0.010563630336323621,0.6042561340759602
35,13225,0.001458611952644336,1.2723521863183525
35,13229,0.0018814527777925435,1.622210842997351
35,13227,0.002384240114556606,1.3471404517334624
35,13231,0.002327572201553461,1.7737946602062327
35,13233,0.0041972103086827285,1.1417476797271913
35,13237,0.002347132449917707,1.6877658688526516
35,13241,0.0025691691442899984,1.5804101871484044
35,13245,0.006752732594714632,0.576177480635923
35,13247,0.004760143235989343,0.6884854629568873
35,13251,0.002749400664332968,1.5258523342012726
35,13255,0.0038240299238254095,0.6460660949871441
35,13257,0.002376540242426488,1.4242624581818817
35,13267,0.002772285192409889,1.479061409806848
35,13261,0.0022684248715337833,1.0734216162675532
35,13273,0.0028249649396247874,2.201641408316285
35,13277,0.002792693817411652,0.7940090271925478
35,13275,0.0029442128979514665,0.8281991994357872
35,13279,0.0028461102427256558,1.2974916801559118
35,13285,0.0049910504141984615,0.5978688958379678
35,13291,0.003981980862717302,1.236094245464041
35,13293,0.003036581565616645,0.9983157076674736
35,13295,0.004975506960438562,0.8599957268239324
35,13297,0.007541502912059347,0.6360444632292742
35,13299,0.0036394994478072917,1.1214884436526378
35,13303,0.00247040999472938,1.531948489129218
35,13305,0.0025008767496193683,1.185385580024215
35,13311,0.0016713459424793134,1.2920039476196852
35,13313,0.008095502508094389,0.6067180490964095
35,13315,0.002709088302433937,1.8669733683698573
35,13317,0.0015099165242578175,1.6747050272381285
35,13321,0.0018706790284108209,1.4661914824570852
35,16001,0.016734575701081625,0.4796175010530211
35,16005,0.004851542878427838,0.6533847132593663
35,16011,0.004943521971445088,1.0179290791109912
35,16013,0.0014238114024838992,2.210059568415727
35,16017,0.004105392329532072,0.9190018368083953
35,16019,0.00680673084278274,0.5800614565643664
35,16027,0.00950277019836123,0.5812458044543576
35,16031,0.003881626499024784,1.4283737105496022
35,16039,0.0012104032400440032,2.7449651334394503
35,16049,0.0023710265488368805,1.4632136397299955
35,16051,0.001994354472010415,2.2308686736416297
35,16053,0.0024054566812477746,1.8390533711500774
35,16055,0.00752433263901796,0.6269349901452897
35,16057,0.002017602273628502,1.1160287536796762
35,16065,0.003898874924614904,1.6570177127256982
35,16067,0.0032044801308266876,1.7661680063144012
35,16069,0.0038716730013887792,1.0955917081766933
35,16075,0.002301897740848614,1.900975115692758
35,16083,0.003732271956630714,0.7469648872472074
35,17003,0.0034541230444160983,2.3458979291863966
35,17001,0.005768031683410442,0.6889336163172707
35,17005,0.0015763235517930623,1.8670054011818706
35,17007,0.0047765191582569005,1.3143605444897684
35,17011,0.007338794192245939,1.1530862148913255
35,17015,0.0051485517792888465,1.4615702995007651
35,17017,0.004393340746901848,2.015384824318416
35,17019,0.014276274936465059,0.8331334600437872
35,17021,0.0059036972310226084,1.7129230189583442
35,17023,0.0025715545220722654,3.0529316804179683
35,17027,0.004199471371587266,1.0345630901257599
35,17025,0.002369138421651684,2.3044708572238974
35,17029,0.0033023382358120432,1.5491890006887161
35,17031,0.019174962903526768,0.5872697964119271
35,17033,0.0045530359106227295,1.4622537936618696
35,17037,0.005407342144962595,1.015356054958865
35,17039,0.0031372651856829943,2.1959507037990598
35,17041,0.0038354617553470575,1.3654527342344756
35,17043,0.03506524103111465,0.45218905650516233
35,17045,0.0033073719152873753,1.6433422755560039
35,17049,0.005177446453218796,1.2892361176825369
35,17051,0.0033561845363011605,1.2973577977410953
35,17053,0.003421651485328546,2.529356836019881
35,17055,0.007849068319118246,0.9568996204795688
35,17057,0.006688067423945361,0.9653328752372294
35,17063,0.004029477056088018,0.9898130112455169
35,17061,0.0037057093619243114,1.384767295233502
35,17067,0.006369594044331836,1.1722229419938084
35,17073,0.0061722256183415515,1.1106756910934275
35,17075,0.007086159088031184,0.9264868165943873
35,17077,0.004541155241029312,0.9936694939452331
35,17081,0.004580167337946655,0.8681031470733453
35,17083,0.0028679395059173557,1.1384966742177935
35,17085,0.0029345675490604507,1.3353034113910716
35,17087,0.0008416860742134484,1.490333041233397
35,17089,0.019091114327586284,0.5433380395373055
35,17091,0.006563833149185252,0.5627228239554649
35,17093,0.010081346127788632,1.0225091684740593
35,17095,0.004879733015896287,0.6214852674041516
35,17099,0.010260517164787063,0.6772126821355994
35,17097,0.02092963894009901,0.5846286899920964
35,17101,0.004531857190769733,1.4970812405669225
35,17103,0.0049575567850378205,0.906309912024627
35,17105,0.004035169838570315,0.9209584343909424
35,17107,0.004376911051109945,1.0036691591769777
35,17109,0.003313845713969915,2.2450014942098098
35,17111,0.020954391982656615,0.5412438328329955
35,17113,0.009061569865572923,0.5763815620852608
35,17115,0.008723108663204719,0.4786836446890714
35,17117,0.00751145305247106,0.8698174909264584
35,17119,0.012260298816069243,0.6600343100349995
35,17121,0.00718462071290927,0.9929193846628594
35,17123,0.004907786240163143,1.5544456453510895
35,17125,0.0051354758437086485,1.7499743465067938
35,17127,0.002302477055840221,2.0914895207228894
35,17131,0.0032517820347682117,1.7545825974378866
35,17133,0.0043742605489824025,1.9666208462391652
35,17135,0.00484010112907228,1.4185428075603377
35,17137,0.004644870451538696,0.9549785999990121
35,17139,0.0027474004856465335,2.0161545155147635
35,17141,0.00515892052564622,0.9383157913518687
35,17143,0.011247537146302715,0.5693015847669802
35,17145,0.003503917771857651,1.7753775018618259
35,17147,0.0019562151156706457,1.551165431613897
35,17157,0.005178984583747156,1.1070229454329517
35,17149,0.00438958827135803,1.6324079899362434
35,17159,0.003087660680991129,1.723424068865067
35,17161,0.008456002271729237,0.4845826647307157
35,17163,0.009372904527875587,0.8423570828598931
35,17165,0.004851059179119673,1.3669845517204942
35,17167,0.009763138270715462,0.5417851561327968
35,17173,0.004776608430685709,1.454727991086217
35,17177,0.005533169482017241,0.8566904316301422
35,17179,0.01084690467450464,0.6590151995692111
35,17181,0.0031590241258052745,1.667840328828563
35,17183,0.008651784602623835,0.626931342653151
35,17185,0.002365189825061324,1.7312682363571983
35,17187,0.0023187394916551717,1.6684733672411487
35,17189,0.0034518287248944245,1.8933256442193178
35,17191,0.004716792370431482,1.9244270659743556
35,17193,0.0032449729467839247,2.39422188235044
35,17195,0.00934095582170809,0.6701494108134567
35,17197,0.020598548552520538,0.4531678183483646
35,17199,0.00598688946677282,0.7290354429446548
35,17201,0.010355722055878053,0.5740091734313917
35,17203,0.0054542978620815905,1.106483968666783
35,18001,0.00352028782878724,1.7702435820202111
35,18003,0.014299095860585528,0.4657026231633841
35,18005,0.006520456990235601,0.6676703872971255
35,18009,0.0028510981248039205,2.0400717604250844
35,18011,0.004618628410419907,1.5685766842920832
35,18013,0.0024000198237025634,1.5871599648906625
35,18017,0.004012441140160844,0.9786192154130321
35,18015,0.005433170421306006,1.3596996191099777
35,18019,0.007839532783011822,0.7100443013129409
35,18021,0.003574197995550656,1.7310426429367385
35,18027,0.004291058420156418,1.3146623240764646
35,18023,0.003407793414854319,1.0845528817066852
35,18029,0.0055030021073475014,1.0271433720282999
35,18031,0.003649309444988156,1.274582899036153
35,18033,0.005224453838720083,0.8704894940899855
35,18035,0.007313761865742076,0.6015752346050364
35,18037,0.005119325172099434,1.369135631418194
35,18039,0.010411800746799208,0.5593103341804038
35,18041,0.004483736684137255,1.2956930138484846
35,18045,0.004178235012390314,1.7189041906982314
35,18043,0.0067223175907471155,0.6702508603278183
35,18047,0.002821302771460668,1.9283072813021134
35,18049,0.0034618213539280573,1.331402251225302
35,18051,0.004343626088590642,1.3890865989824173
35,18053,0.0060939613323126715,0.6382020028725484
35,18055,0.0043436098847819266,1.3410265575097031
35,18057,0.020804735208992946,0.4627008716720822
35,18059,0.0068042252802733875,0.8946984967828715
35,18061,0.005198453296990279,1.4903251932080588
35,18063,0.010586899205099611,0.6134177524240337
35,18065,0.006376888245535214,0.8310688274428569
35,18067,0.006787913619283657,0.5688752030200127
35,18069,0.006677833261737882,1.0363545860590906
35,18073,0.004386649037339892,1.2040170818212832
35,18071,0.004528184180042427,1.2733544944897586
35,18075,0.00538763413930325,1.4561090292783285
35,18077,0.0031845383720843392,1.405859235057467
35,18079,0.002548081821736891,1.369472512876196
35,18081,0.009573501701138647,0.6832665110055351
35,18083,0.0034551851767528267,0.9927099353967227
35,18085,0.006733953082157716,0.6913464460372207
35,18087,0.0045300620261579565,0.9484648320787614
35,18089,0.013782405815913406,0.6234812698565425
35,18091,0.005701325764886409,0.5431214807905258
35,18093,0.0050709998582310865,0.8928632246689188
35,18095,0.011957423402526401,0.6103189255542716
35,18097,0.022321708414681056,0.4393635129569791
35,18099,0.0048910395337761845,1.0144753590766775
35,18103,0.0030395148530744215,0.8057055764898307
35,18105,0.010063531446016039,0.6520926791248131
35,18107,0.005409797367304254,1.1173291376078538
35,18109,0.006760084590110479,1.0023768942211975
35,18111,0.0020896953221337063,2.2710425981620754
35,18113,0.004389203633657022,1.119734654680604
35,18117,0.004745110945057368,1.267806822232422
35,18119,0.0037740586502575902,1.533046435959662
35,18121,0.001966712077493664,1.7393268955163768
35,18125,0.003760044097252572,2.4753646845489716
35,18123,0.002940334053795942,1.663172625499727
35,18127,0.007846643816042897,0.554741758034328
35,18129,0.004425445865884524,1.5009321636195332
35,18131,0.0021742073270844147,2.280042139411217
35,18133,0.0029182634746511625,0.977858390182736
35,18135,0.0065361014644215,1.15334519124232
35,18137,0.003994625504592436,1.3705056755914768
35,18139,0.0028420074099821547,1.7192406923208623
35,18141,0.011648416225906422,0.4886760205843604
35,18143,0.0027443220737900067,1.447545074175037
35,18145,0.004476587390396663,0.9883298345995729
35,18147,0.0037131247827225104,1.7595558482334774
35,18149,0.004605575523303149,1.2298321652115094
35,18151,0.004546399469002555,0.8816835590850861
35,18153,0.0020006757501383364,1.4607191423499937
35,18157,0.00917424688823531,0.7035208914755018
35,18159,0.00159614909997314,1.6595761123325645
35,18163,0.01091185742016967,0.455147482398038
35,18165,0.0036090053481403236,1.9995583283603375
35,18167,0.005952428558337358,0.5144404798189329
35,18169,0.004496730660581866,1.801721656610319
35,18173,0.005736602893819469,0.9054254107904468
35,18175,0.004972704480198557,1.281620890322647
35,18177,0.006520294672887156,0.7484282597931993
35,18179,0.0046349579436068865,1.2949631276748854
35,18181,0.005168738190629016,1.1851365361844033
35,18183,0.004677301462447731,0.9910207613319895
35,19005,0.0038525060577992367,1.5112955349750694
35,19007,0.003154327823794255,1.6345719742756175
35,19011,0.004725638024118142,1.2851013881998283
35,19013,0.008544223137789854,0.702148787195036
35,19015,0.0034715549048427246,1.456880741238059
35,19017,0.004770524082234263,1.320212603216045
35,19019,0.003833905467944155,1.3006727997098
35,19021,0.0028592859383162654,1.5072472199262485
35,19023,0.004667620856101492,1.516060377116387
35,19025,0.0034390354807342094,1.702041236144289
35,19027,0.0034297416878368223,1.549020178775732
35,19029,0.003548279451675075,1.679337651752828
35,19031,0.003495964945026014,1.4362608061159552
35,19033,0.005172689402426146,1.1623432594254879
35,19035,0.002531301375152224,1.610201128842839
35,19041,0.002147887067730701,2.072214365194285
35,19037,0.003290522094821956,1.9340961726052157
35,19043,0.005626839339081815,1.3410325846268787
35,19047,0.0049131717978363075,1.5859729877903679
35,19045,0.006520615364784113,0.9509272603688098
35,19049,0.006151966966147793,1.2008075870707882
35,19055,0.002462797463000949,1.6949365199051594
35,19057,0.005227892890101411,0.8048215565645832
35,19059,0.002916623014225312,1.6286445853777682
35,19061,0.0068035832789831744,0.6914234262849369
35,19063,0.0020182580046064873,2.194773100481082
35,19065,0.005619805646762059,1.6804372781191275
35,19073,0.003051703132783621,1.9864810450943762
35,19067,0.0035752345718549332,1.8055212371887142
35,19075,0.00355023287584868,1.8761390282881951
35,19079,0.003116116565904654,1.8810006877828016
35,19081,0.003331056285499674,1.7953165237161781
35,19083,0.0054176837163245894,1.5702040139647515
35,19085,0.004800564043711495,1.7218401975269093
35,19087,0.0031897529558982595,1.604238592089142
35,19091,0.003058205809995493,2.573902483195023
35,19095,0.002639745059334194,1.5426432963375094
35,19099,0.004463337338442683,1.2592595690986998
35,19097,0.004878604530349869,2.4399136358173443
35,19101,0.002037961343742687,2.0788379524967198
35,19103,0.01044056503283885,0.6179549015764504
35,19105,0.0035421929269367192,1.9072264293074437
35,19107,0.0036062092014649146,1.7574682730095244
35,19109,0.005633841831468972,1.5736223233009
35,19111,0.004957189249217454,1.4075197731679328
35,19113,0.012741732987282171,0.4845680800427206
35,19117,0.0037864542523068623,1.9944853846360835
35,19123,0.004982562050477883,1.225155306983134
35,19125,0.0032444614840519055,1.703657363724377
35,19127,0.004656439164148942,0.7697751720748075
35,19129,0.002745375129225799,1.8906235488468277
35,19133,0.0035603973143874344,2.12687730381335
35,19137,0.003053200693440319,1.9779072647853106
35,19139,0.0052602804919324704,0.9253337230385907
35,19141,0.0023799185536449584,1.9685989186092687
35,19147,0.002840873809531683,1.8131996333077058
35,19145,0.004348387477464686,2.3546622190891915
35,19149,0.004267217381078991,1.5799989572792448
35,19153,0.01579198339103769,0.5085827027386981
35,19155,0.008432698387418674,0.6088122589496515
35,19157,0.003524078041680779,2.0504721141339703
35,19161,0.004554798464771044,1.6712889032894394
35,19163,0.009133129530339571,0.594195037474599
35,19165,0.0022096671273752113,2.006860583287485
35,19167,0.003912483283236428,1.4004703895378958
35,19169,0.009032514996083024,1.0272279621689935
35,19171,0.004743329256633554,1.7196510972557704
35,19175,0.0017873977968662139,2.2057037837249074
35,19179,0.005166374524703305,0.8720180014850389
35,19183,0.0030813737393957014,1.8331015515031748
35,19181,0.005780025484058509,1.0940119510746968
35,19187,0.004052914805469594,0.807021985991519
35,19191,0.0030947525235813186,1.6995660081942487
35,19193,0.005266204131157002,0.5348927429989632
35,19197,0.003938798958321326,2.1510297217320558
35,20001,0.003967608147967795,1.664926812077169
35,20005,0.0016478781664571779,1.7927360550056124
35,20009,0.0034224885209182404,1.1730953549541165
35,20011,0.0029121560684347994,1.7954307981439197
35,20015,0.00502212241485532,1.106564654074779
35,20029,0.0021844410877540394,1.9327453703274549
35,20021,0.0025802549503270607,1.5813073348721167
35,20035,0.004847483283537308,1.1751951047300908
35,20037,0.004599618924821614,0.9851985739317296
35,20041,0.0035679603618098124,1.6603284577264774
35,20045,0.0094335148720062,0.626420960529265
35,20051,0.0026003756557143732,1.3288290539888665
35,20055,0.004918339526553656,0.6660698081334188
35,20057,0.0031041258822150633,0.9641987821973337
35,20059,0.002370294239351497,1.4220537936527236
35,20061,0.005362631326401505,0.9255007921340747
35,20079,0.004883015560935855,1.3461015066936757
35,20087,0.0025315114670711987,1.7569847969841406
35,20091,0.01989640783765843,0.42803620698167183
35,20099,0.004222127933896163,1.1861939665116599
35,20103,0.0038562466662172704,0.8143124156155153
35,20111,0.0025053686733114144,1.0455235019810072
35,20113,0.0034165951806970885,1.654260309855993
35,20115,0.002387396528896678,1.3877262060713111
35,20117,0.0027562000768604467,1.5203555806753297
35,20121,0.003528479952046557,1.1464904399390379
35,20125,0.005234096324405366,1.0754627971202644
35,20133,0.003312048991015217,1.7481906748345348
35,20149,0.0017661536098117767,1.7437588658537633
35,20139,0.003669960581474731,1.5879099205650684
35,20155,0.00510110114122082,0.6581393007048938
35,20161,0.00939767523765996,0.7323952573275982
35,20169,0.0033345325039428795,0.6224588039336876
35,20173,0.01425868008895455,0.4263555698482979
35,20175,0.0028997709084537444,1.358858928868396
35,20177,0.0061349221131894735,0.4824157011981939
35,20191,0.0035759686360999137,1.2587283977932209
35,20205,0.0035056916971287163,3.26968101358817
35,20209,0.026722329235596875,0.5486425203819227
35,21001,0.003876993816142434,1.1646719732531974
35,21003,0.0030032072429120077,1.2999307998543694
35,21005,0.003024628770859012,1.433572299225696
35,21009,0.00405298453395271,0.7944418823328308
35,21013,0.005130689802092393,0.967268888516752
35,21015,0.007500134899074661,0.6207141162292464
35,21017,0.0034972132182177454,1.23848301047441
35,21019,0.005359234108430733,0.7545641721707718
35,21021,0.0029598040865907328,1.179486762298636
35,21025,0.006321762561103323,1.2875601665853211
35,21027,0.0037388889304283248,1.124852471877809
35,21029,0.006507408532443156,0.6064611262867414
35,21031,0.0019252323624258758,1.4813310014575929
35,21035,0.002513242042187751,0.9977714972142935
35,21037,0.00559042907084455,0.88684115119623
35,21043,0.003281506588500594,1.1976292950529224
35,21045,0.0025728769511944726,1.524987430894431
35,21047,0.007159807382558956,1.5575363732892338
35,21049,0.0048192122618635255,0.878772560301889
35,21051,0.0029022067328346077,1.1467336457109207
35,21055,0.0023623587079018922,1.5438148672789447
35,21059,0.007794104739369457,0.6162058047373191
35,21061,0.0009232403273150083,1.7125908227123492
35,21065,0.0024023991118486973,1.6323980337673203
35,21067,0.010968785923893777,0.49391870918092884
35,21069,0.002894549486525923,1.7252489174655585
35,21071,0.004145020392329196,1.0184429854227046
35,21073,0.00450884629725911,0.7256949717498491
35,21079,0.0021275022927290184,1.701028531159494
35,21081,0.0013958389791602866,2.0115634394541697
35,21083,0.0042884288653408315,0.9369474347321292
35,21085,0.0035954489387783014,1.21396544290383
35,21089,0.004920211666938236,1.294855765166414
35,21087,0.0021296984942043985,1.4671982336573428
35,21093,0.0055996127026032416,0.5857810622680071
35,21095,0.005778997199290077,0.9769296574408282
35,21097,0.002829565740722477,1.495532958322126
35,21099,0.0028344493705969274,1.3873603943822495
35,21101,0.004096530964252787,1.0491990801382274
35,21103,0.0037946565792882493,1.5356453880019327
35,21107,0.005551272469307568,0.8921207303225308
35,21111,0.01670001816752075,0.5864907009872676
35,21113,0.0034735057970015017,0.9695417427753538
35,21115,0.00308744780199008,1.3351642225898022
35,21117,0.009722694076159928,0.7291711836547682
35,21119,0.0032176325006342725,1.3976804977994421
35,21121,0.0037866160261399127,1.1098398191411143
35,21123,0.0015025306962542877,1.5573973931670926
35,21125,0.0048406558351236275,0.8052129963794886
35,21127,0.0034671520307388956,1.4610502401347236
35,21135,0.0019668602206179297,1.5612160930236296
35,21133,0.002699313206025229,1.2716005897988836
35,21137,0.0027920294926247306,1.1695647004466723
35,21141,0.00364204192196807,1.225031591303693
35,21145,0.00471922037200422,0.7649452300050431
35,21147,0.0015620865823617821,1.7154970609304216
35,21151,0.00478904051306453,0.8691131718193493
35,21153,0.00159038852015079,1.4605173489929022
35,21155,0.0026873803689005547,1.3709387709241905
35,21157,0.0041419090670571914,1.4273354328987788
35,21161,0.0025260160378921927,1.419818393485418
35,21163,0.0022713864194007474,1.6791969251742171
35,21171,0.00191550821472884,1.6567572959575654
35,21167,0.003014057856249526,1.5655374395989423
35,21173,0.002860649636017593,1.4060562046374696
35,21175,0.003681459228253057,1.4843259986439346
35,21177,0.004956258404421733,0.9412377670982229
35,21179,0.004317924842355668,0.9304208049733008
35,21183,0.003322404246246547,1.1787077842575355
35,21185,0.008093788170186678,0.7544525794113003
35,21193,0.0032188776070160223,1.0853663800827633
35,21195,0.00854786484203854,0.7383987222765722
35,21203,0.0018367415845597047,1.4898048677381337
35,21199,0.005241550283562902,0.6380311294468848
35,21205,0.001380577099846696,1.66114012917226
35,21207,0.002206000847431799,1.6637140629627234
35,21209,0.005387806276605952,0.7358931377957723
35,21211,0.002847025567027666,1.5912579365396582
35,21213,0.001736355339797603,1.771338804515746
35,21215,0.002429972525439859,1.4701880047394214
35,21217,0.0022446791165642867,1.4704962361304945
35,21219,0.002244802046514217,1.857268607330728
35,21221,0.0015208002943251104,1.5833861980654085
35,21225,0.0013609456583129108,1.6763789132912652
35,21227,0.005785887836556423,0.7303383687834277
35,21233,0.0020851323687789396,2.023104868905403
35,21231,0.0018377817184541696,1.403279166848975
35,21235,0.002370852698393833,1.5665098467695087
35,21239,0.004331274505013406,1.0576814843743887
35,22003,0.0017244302434053576,2.4398203376831127
35,22001,0.006419833632411032,0.763205224219202
35,22005,0.008954527013079692,0.673008556489543
35,22007,0.004302007063216355,1.2851045961732752
35,22009,0.0038590071187649083,0.944161671260961
35,22011,0.004283459258469322,1.227606011653602
35,22013,0.0032947058531562845,1.9042257595134373
35,22015,0.0055597610693564475,0.6432942963019004
35,22017,0.009614885902268859,0.5264872997165547
35,22019,0.006967846204957208,0.5205057771288752
35,22027,0.0033306137692283738,1.650549820478354
35,22029,0.0024794708552232595,1.9488407425407794
35,22031,0.003603240186931161,1.2346261059044332
35,22033,0.010583538208364865,0.5507291658507779
35,22037,0.002115695858818323,1.5907731302058703
35,22039,0.004031903193470412,1.3540787522413107
35,22041,0.0028970216234669535,1.8540346673477157
35,22043,0.0027769370519048486,1.4623364953263105
35,22045,0.005962445194787296,0.7522977679557616
35,22047,0.0025236215102181934,1.322735417673971
35,22049,0.002908959455164399,1.7418277256190253
35,22051,0.01657125147683615,0.428210187544962
35,22053,0.0033929392575344996,1.2713765550455451
35,22055,0.009547628035497501,0.5398260959215959
35,22057,0.00756952770547022,0.8169328480065811
35,22061,0.004185476540395991,0.8152619634276642
35,22063,0.009313358333725359,0.6137693185831892
35,22065,0.0030951389278361416,1.8193414083921102
35,22067,0.003331937088759406,1.2821915754137359
35,22069,0.004049107647051625,1.1545678238735875
35,22071,0.04498959715777201,0.4973418307905415
35,22073,0.008432144984773345,0.5119534228666126
35,22075,0.005096295924880808,1.895808834605455
35,22077,0.002794832598173375,2.0020758134592365
35,22079,0.006642864087259712,0.5083842600678476
35,22083,0.0030754410575302227,1.5774153193081244
35,22085,0.0038877628835097405,1.3545438442304327
35,22087,0.008411112630244398,0.6414678510357238
35,22089,0.0034887992900425545,0.7563168208077602
35,22093,0.0038547401261780807,1.2556420408528202
35,22095,0.003643170380331784,0.8452815620883493
35,22097,0.007781239972339685,0.7441459795351283
35,22099,0.004040576645276307,0.8732447841197415
35,22101,0.008176845192732965,1.3345904689131391
35,22103,0.009061779708304865,0.5795059961455645
35,22105,0.008011411972775587,0.6900287612429042
35,22111,0.0035044947603841362,1.101441801710906
35,22109,0.007608808610923793,0.6516355904189581
35,22113,0.004495867586661042,0.8535877747777858
35,22115,0.0070415451796438195,0.9368850766242827
35,22117,0.0046059085431815775,1.06567453506295
35,22119,0.003966069125076189,1.3133280322383052
35,22121,0.001937027391855929,1.8353852028261681
35,22127,0.0018706235427547147,2.4847575847088397
35,23001,0.006979559244807017,0.6879697329682303
35,23003,0.015077092222791485,0.8663345179142965
35,23005,0.014922226391636454,0.7561757158141971
35,23007,0.0038338483097944166,1.12162254590502
35,23009,0.011734023777926405,0.6936386332897662
35,23011,0.011148716319657675,0.6027104471444448
35,23013,0.0054453653038317494,0.9331147237052494
35,23015,0.005928027261289546,1.4682149957140904
35,23017,0.008496245928207706,0.7403856543236588
35,23019,0.011489620520487713,0.6260580569329943
35,23021,0.0061144921453681654,1.0033236629473363
35,23025,0.008973598230029868,0.8266279584897258
35,23027,0.004995591513521888,1.004195513746881
35,23029,0.008764563963400987,0.714830671107254
35,23031,0.010046611972498872,0.593831428201471
35,24001,0.006804542096735515,0.5299046713366893
35,24003,0.016820569998132938,0.505196446536421
35,24005,0.020827558570699164,0.56949480407832
35,24009,0.0074220593200656215,0.7294895845877069
35,24011,0.00433323181064455,1.0752667878293376
35,24013,0.013465265970544335,0.48362756651252325
35,24015,0.006679243825915995,0.7381360207061156
35,24017,0.008560413308205384,0.5317915281414377
35,24019,0.002895762155501647,1.11148007753939
35,24021,0.011619647141653668,0.49061757197971184
35,24023,0.004872489217588135,1.092345234509996
35,24025,0.01321262033170331,0.5493632792876726
35,24027,0.021403350484164092,0.5702978323463823
35,24029,0.0024720713030386855,1.4698043256913547
35,24031,0.02698244974990472,0.35810523487545637
35,24033,0.023519272435268718,0.4910579246310363
35,24035,0.004261252446773883,0.8728993565052936
35,24039,0.0024613971477220513,1.538188429254405
35,24037,0.005890571829071213,0.8749166150935872
35,24041,0.005514126547298412,1.4143035272437599
35,24043,0.006928842333802484,0.5566365403754009
35,24045,0.005039827597873666,0.621167191217247
35,24047,0.005574674393508937,0.9474117911744394
35,24510,0.03163777579115531,0.46292695967191644
35,25001,0.02441961954300734,0.5374865210049776
35,25003,0.013926988413271188,0.6826441637765205
35,25005,0.018523585754723165,0.7220220801405751
35,25007,0.0027543677614341373,1.926595578795603
35,25009,0.02018155808375351,0.542517863882794
35,25011,0.01110616117792959,1.0126257424632867
35,25013,0.014035813714062649,0.5040243567638536
35,25015,0.014422420630832062,0.7700216157059538
35,25017,0.034227719954419346,0.7368423401943394
35,25019,0.0025823649825365467,1.6039656749183269
35,25021,0.03066817393278601,0.7496985858176424
35,25023,0.019695467188626466,0.6056794183229183
35,25025,0.049506063620909535,0.5245477743064867
35,25027,0.019123830679321267,0.5099297317698367
35,26001,0.006995206381728438,1.7340380995598885
35,26005,0.00884311036537954,0.704114399035058
35,26007,0.006193479326567122,0.9446889617336964
35,26009,0.006682664244043589,1.1475313897572323
35,26011,0.005489342497876762,1.5185263602786938
35,26015,0.006387150054454563,0.7113515836627672
35,26017,0.00823099999678809,0.6294404281531201
35,26019,0.0036105256419911927,1.5256370862937743
35,26021,0.010970491609690661,0.5778750750398437
35,26023,0.0068453533232446465,1.2293418109715422
35,26025,0.00894076796907893,0.5744710382290591
35,26027,0.006551666830231492,0.7843954176197672
35,26029,0.008851525678394732,1.0281632523126985
35,26031,0.00605098127817348,0.9907448330829314
35,26033,0.004448216334212407,1.9671325045696046
35,26035,0.006693941226028291,0.861259472580482
35,26037,0.006521549570858985,0.633381234520632
35,26039,0.0043412528664027675,1.4284699817768647
35,26041,0.0061341201791125415,2.152903895592954
35,26043,0.004120003203158784,1.0920598933800416
35,26045,0.00907953960913977,0.7367164408607833
35,26047,0.00411626740053379,1.12726269083088
35,26049,0.01914887424790367,0.5789638319157713
35,26051,0.006353929098215438,0.9308357535216784
35,26053,0.0045504082090083164,1.44339441968516
35,26055,0.007123513471065197,0.6356819231580536
35,26057,0.004908879669352588,1.122713660133278
35,26059,0.00595131500030466,1.0029222296754283
35,26061,0.004253699872895748,0.9424849264299595
35,26063,0.009553317332172016,1.0396599687192951
35,26065,0.019898657323182682,0.6192928607248662
35,26067,0.004779400930592946,1.253752496858912
35,26069,0.008844822831667907,0.9496221151983987
35,26071,0.005683463937551476,1.5062564879632536
35,26073,0.006187297217526997,1.0170067202499409
35,26075,0.007700933676081039,0.6542381772219267
35,26077,0.010675944670583163,0.5118718544421522
35,26079,0.002991637645555712,1.2844950839739566
35,26081,0.019553782990266423,0.3934453435508303
35,26085,0.003958368415126388,1.6269813882871014
35,26087,0.011212109430068645,0.7045688778182906
35,26089,0.006630586373947157,1.2956882848562519
35,26091,0.007531015604385878,0.7909658093601518
35,26093,0.02419468666584912,0.4909915178248371
35,26097,0.005167447567796429,1.3551513542329185
35,26101,0.007441321216051958,1.1932822785023518
35,26099,0.02665942353218428,0.5133523470902075
35,26103,0.006697118889416995,1.0728924353647555
35,26105,0.005365179075080811,1.4075069085412288
35,26107,0.003063585196428695,1.64259673517007
35,26109,0.006631521910236786,2.320058800511307
35,26113,0.0036718265998209017,1.7100323400815112
35,26111,0.006819024573659777,0.7128227255874355
35,26115,0.01077641427901575,0.6675006046744681
35,26117,0.008413570598036518,0.885669313866777
35,26119,0.00556420204521308,1.753534165306575
35,26121,0.00806580373272905,0.5625571411922065
35,26123,0.009536264191354962,0.9638794244414558
35,26125,0.031526125803623545,0.43151387575386535
35,26127,0.00305453543357294,1.0943382609156802
35,26129,0.006825886118320093,1.1185606679309807
35,26131,0.0022662710020746662,1.945121804542123
35,26135,0.0060343714488492965,1.6571712504950191
35,26133,0.006709421130985144,1.355966228398376
35,26137,0.0040614522130226335,1.2995068654969897
35,26139,0.013319928080345744,0.5316121654238075
35,26141,0.006488735352074577,1.3350390255492606
35,26143,0.009586661970466223,0.9347459063825261
35,26145,0.011125972371477659,0.5749710288717823
35,26147,0.014481127894372583,0.6172621115272324
35,26149,0.007091730997454616,0.7855192729902073
35,26151,0.007008527874514984,1.0078018450249349
35,26155,0.006592502130985762,1.0400686898870102
35,26157,0.010261759251560722,0.7772698643512358
35,26159,0.006803591896500615,1.4583689893512408
35,26161,0.017126927290459084,0.5115274619137152
35,26163,0.028720038277294458,0.5322682504996306
35,26165,0.0041869057023819845,1.2937561620190507
35,27001,0.007326879171203093,1.3365353289989652
35,27003,0.02641820413549942,0.5130597098768778
35,27005,0.006237782284753543,1.0330413123505275
35,27007,0.0034655002387572907,1.131029249584892
35,27009,0.0035003112137370644,1.0065311675709037
35,27013,0.005531002753527444,0.8723659865066293
35,27015,0.0043974869263821,1.8201533399116345
35,27017,0.0035947270260075588,1.1677332861841878
35,27019,0.012537193941294964,0.7199088200979122
35,27021,0.0058591264758520245,1.0425273545251377
35,27023,0.0023711633994706023,1.5899260318866295
35,27025,0.007598024402799434,0.9951505689557284
35,27027,0.0037875651394982147,0.9148070956949825
35,27033,0.0024789734692359346,1.6974493971915872
35,27035,0.007106992265833036,0.9822715721871821
35,27037,0.020458183972438555,0.4204746812288222
35,27039,0.004575576456985219,1.4629110685239592
35,27041,0.006068513899220394,1.0060854776946058
35,27043,0.0073440876637354555,2.1014891082518106
35,27045,0.007153278877695689,1.342403762762973
35,27047,0.008107594982385504,1.182866873881572
35,27049,0.0058218506347984325,1.4538492004071948
35,27053,0.029144378823494556,0.4621436580246196
35,27055,0.0046872415516374015,1.9534386539976079
35,27059,0.004881677783695958,1.051866532152127
35,27057,0.007189173362051858,1.7723832146450975
35,27061,0.006092443117095359,0.981923779253145
35,27063,0.003108757624616661,1.8565025663271062
35,27065,0.0026164934504894675,1.7240225289834807
35,27071,0.0019452834742297936,3.335499691088005
35,27067,0.004861265794474707,1.2536090845423917
35,27079,0.00489368461489272,1.2694366321021224
35,27083,0.0038902085397727664,1.104179471760153
35,27085,0.005257277291349523,2.5318508411988287
35,27089,0.004784960498061347,1.9498052919826239
35,27091,0.005106069675428397,1.4207455011842562
35,27095,0.003401901086670534,1.7411040698796643
35,27093,0.005603651822754697,1.431172900653705
35,27097,0.006192767820945425,1.5112832718189995
35,27099,0.005959676198108214,0.902884297957434
35,27105,0.0031423611574452155,1.5216997167424473
35,27103,0.0032859875651017507,1.9499148663961337
35,27109,0.011584505341121829,0.5577447249673738
35,27111,0.012004669878636078,0.8603915784060298
35,27113,0.0029713657600605047,1.6909964010676153
35,27115,0.005785854890650833,1.2854158279247525
35,27117,0.005207999948144524,2.093487913335174
35,27121,0.003857661590187801,1.6020723039230065
35,27119,0.004336798533565925,2.1085698380946436
35,27123,0.018455851074897736,0.3123278826449376
35,27127,0.005750048506187418,1.7790892225816304
35,27129,0.006366974946110531,1.389584655260122
35,27131,0.003919763627721339,1.1393494911654711
35,27135,0.004481972243527448,1.5869169341527616
35,27137,0.013750773140989419,0.9513390226353806
35,27139,0.012634946227593232,0.6285639024427391
35,27141,0.008926349237291284,0.9593192869482157
35,27143,0.004277006825893789,2.000214124905017
35,27145,0.007257124957755767,0.6441697552895372
35,27147,0.004481260447459073,1.0850180462059922
35,27151,0.003182891727524612,2.182957242877795
35,27153,0.006144407199789366,1.1872248923037363
35,27157,0.005136725017692611,1.1534358804608262
35,27161,0.003230458010580839,1.727697368113053
35,27163,0.015514919636570597,0.6158986006346416
35,27169,0.003782770314840653,1.1136854478777833
35,27171,0.010917133476475152,0.7769112487330001
35,27173,0.0037535013309462004,2.0314328708001117
35,28001,0.0032411892787498255,0.9174300103885735
35,28007,0.003968107230785566,1.4252900826441228
35,28003,0.003997446309289572,1.1832814684831165
35,28011,0.003826353192794981,1.431489293078634
35,28013,0.0034670548226429167,2.0792439240378338
35,28017,0.002158594414717074,1.792734814518897
35,28023,0.0019019258561933231,1.7119549748028968
35,28025,0.002279397438941552,2.2724138811157273
35,28027,0.0032212029383782664,1.6128672017879304
35,28029,0.0031223913119666803,1.3992680569871183
35,28031,0.0016135626946091994,1.536339476604612
35,28033,0.008735154528746503,0.5626521917875513
35,28035,0.004022463076065419,0.679172795542194
35,28039,0.002876580219519422,1.6020169157012476
35,28043,0.0019074638518379392,1.6744482077036507
35,28045,0.002671277582799779,1.1280495251601408
35,28047,0.005245131315227267,0.4988455537553061
35,28049,0.012046655271052285,0.4440997722108225
35,28051,0.003964740478122369,1.2630676365467175
35,28057,0.0026077458355858816,1.3919298211784172
35,28059,0.004716318934046191,0.9956385798524943
35,28061,0.0021045537825971506,1.7440902009444759
35,28067,0.00349833178011583,0.8904657101626213
35,28071,0.002803873360949841,1.1219684270159
35,28073,0.004632250966506609,1.0467200810931692
35,28075,0.0041934938773659156,0.8458910523401709
35,28079,0.0019129499105230853,1.5013791130734837
35,28081,0.005685365941521132,0.6394456133135716
35,28083,0.0030373894852825387,1.053334827926039
35,28085,0.0030074305826390296,1.4602271475391801
35,28087,0.003263786214868943,0.8253101730736485
35,28089,0.004754811713610582,0.7332383688557151
35,28091,0.003156632292677778,1.5821282333373787
35,28093,0.002988528130964533,1.8186322961219432
35,28095,0.004972665081706531,1.3207764079265951
35,28099,0.0033238597385177,1.2528120226478816
35,28101,0.002419466268411397,1.735436462360545
35,28105,0.005243515869482907,1.0443607304902818
35,28107,0.0034994075953280095,1.257181893375362
35,28109,0.004242237319711723,1.1464323339978515
35,28113,0.0033044343993625996,1.132240067574501
35,28115,0.003962030091094693,1.1634373388615142
35,28117,0.002827697473968518,1.4096096313626518
35,28121,0.0065008450498749044,0.5943779194882288
35,28123,0.0036661595315732125,2.1782261263320115
35,28127,0.0029000757385285133,1.3895694054686896
35,28133,0.002589635558207388,1.6437817168153066
35,28135,0.001803837654316001,3.0100856143763144
35,28137,0.0028759434217284106,1.753516717129272
35,28139,0.001824812284188742,1.5311395777318308
35,28141,0.0014428974403538385,1.8924518146978988
35,28149,0.005110325381794887,0.8774008174566914
35,28145,0.004228781949383591,1.2077769668771552
35,28151,0.008773625532203769,0.762431118108438
35,28153,0.002404630041312231,1.55448903860194
35,28159,0.0033116022035189047,1.5310631542268063
35,29001,0.0015448401086343919,1.1430044736111171
35,28163,0.0021507424398498945,1.3995747938973415
35,29003,0.0023010037890329525,1.6656106453860275
35,29007,0.0037295867335599845,1.2460631776409805
35,29009,0.003080957779488565,1.4635377781509606
35,29013,0.0018844923664182237,1.464110486004313
35,29015,0.003377580729156561,1.365247784395754
35,29019,0.009297502558332482,0.5935887542120777
35,29021,0.006605665629521406,0.510561994391416
35,29023,0.003916707186313111,0.8663392241929739
35,29027,0.003930406128893848,1.244623201318042
35,29029,0.005441163524344393,0.8409085246521684
35,29031,0.004228803134997437,1.0669918880490108
35,29037,0.006387169570564154,0.8171834029277568
35,29043,0.009159360491494435,0.7145595195309111
35,29049,0.002310108677070455,1.7539906168269925
35,29047,0.011924617935094533,0.5352227642763898
35,29051,0.004742625368306726,0.7489425655906409
35,29053,0.0025363982052871627,1.7217629796188936
35,29065,0.001303424368354301,2.3952526365269153
35,29055,0.0025051696885538986,1.3274125082564712
35,29069,0.006168801693262307,1.4122663802397877
35,29071,0.009780848634283967,0.7893657887185374
35,29073,0.00351906945311174,2.371422481855466
35,29077,0.011317674533025714,0.41375451469673896
35,29079,0.0017620631351120423,1.7272758734261604
35,29083,0.0040995177953799585,1.4647920070444878
35,29091,0.005354081775841646,1.17175344672267
35,29093,0.0030480915822297446,2.229856339922665
35,29095,0.017802550150555558,0.5634200603860979
35,29097,0.006723254842698264,0.6828376801638778
35,29099,0.01791621490913942,0.4905952342925574
35,29101,0.0022524981152681105,1.6182984723762972
35,29105,0.0032590535535003237,1.5033164523706395
35,29107,0.003845862931312254,1.5140344683788172
35,29109,0.003551587034854104,1.6511362439968738
35,29111,0.0024248565723212732,1.6518528167472182
35,29113,0.0057586904429414686,1.0475244635877976
35,29115,0.003305963516105222,1.622684554166583
35,29117,0.002661966733253914,1.6389367042256422
35,29119,0.0028429671742379965,1.6213954287977743
35,29121,0.0033426694598520912,1.9434412620451607
35,29127,0.004088563491209473,1.8873986057114818
35,29131,0.0026156579061490087,1.853970028086008
35,29133,0.0017022539599226808,2.6230965658521623
35,29135,0.001871619918221395,1.845984264628114
35,29139,0.002754128859419967,1.8480199311339538
35,29141,0.0020850523608699286,1.6336859127266197
35,29143,0.003757220268726768,1.584097955468613
35,29145,0.006206643345369832,0.9684533654412322
35,29147,0.0014391640511511872,1.8863747662063926
35,29151,0.002584062195313418,1.902906450113235
35,29155,0.004750236993150984,1.8044041474610975
35,29157,0.00312483416908918,1.6157556427791622
35,29159,0.004500941331793868,0.7655161075041084
35,29161,0.002467645462640195,0.9171891895161164
35,29163,0.0024082206301538163,1.6754056358120548
35,29165,0.005360026360530289,0.5480291142457434
35,29167,0.002629007760225991,1.6303989587860725
35,29169,0.003652143443800889,1.094737000040908
35,29175,0.003040016368773916,1.3931660782494053
35,29177,0.0026373181315870672,1.525543444421877
35,29181,0.0026011676506789306,1.5974279667403783
35,29183,0.019207997067767785,0.573850252831761
35,29186,0.002235088611150048,1.906202452426277
35,29187,0.004928191556393213,1.101413142954233
35,29189,0.02397448156388515,0.4883448160494204
35,29195,0.0051369259075334985,1.232502297745256
35,29201,0.004568000274897591,1.415870204444744
35,29207,0.004726697202343248,1.4111251412001466
35,29209,0.004145651662238461,1.2347597688705771
35,29213,0.0033975098068838106,0.9825929921969107
35,29215,0.0028899303533291834,1.6826446808183655
35,29217,0.0035359281903597902,1.6740385196303307
35,29221,0.003009141618539675,1.2486997004862894
35,29219,0.0033746430213801473,1.5886130936509395
35,29223,0.0022978526882285843,1.5593181005055998
35,29225,0.004245290470542986,1.1029098504119583
35,29229,0.0023121285316759083,1.7628078472809465
35,29510,0.025524492793022473,0.5379663622337902
35,30003,0.003448724239326209,1.4613303149229475
35,30005,0.003180792055263102,1.4540393285863007
35,30009,0.004100163126835636,1.593342673178022
35,30013,0.00435552964949447,0.5342136430711969
35,30017,0.0038262237012654126,1.3278844835419987
35,30029,0.006841923511653859,0.8676465984864451
35,30031,0.005926251813513799,0.677466119851771
35,30035,0.0005488582566557665,1.6940591910008298
35,30041,0.0018855935933561896,1.56520071277417
35,30047,0.0025744457615922284,1.3065132787935576
35,30049,0.003934075289814543,0.7452164564082873
35,30053,0.0026119688585997352,1.3761045516425845
35,30063,0.0068644319932324475,0.7131984351327829
35,30067,0.0019097572238791448,2.392845412048817
35,30081,0.004919074404584135,0.8912338059515947
35,30087,0.0018062020941393754,2.104435456445561
35,30083,0.0021815238764508527,2.3292763680920356
35,30093,0.003552004388666555,1.151316747312927
35,30111,0.008812061614277297,0.5934500435923882
35,31001,0.003741085986380624,0.8567721727584686
35,31019,0.0037104191388233694,0.9460292895760439
35,31025,0.004325240855485452,1.8412095799289625
35,31041,0.002493242788974565,1.4498521473804356
35,31043,0.0016616247436790404,2.3977079612710934
35,31053,0.004371215476976062,1.2485831493205348
35,31047,0.0025428940288094413,1.8190686956860886
35,31055,0.01697031908651712,0.49689949082447765
35,31067,0.0045749051777187405,1.2817320017668898
35,31079,0.005106490145634101,0.6462777913393342
35,31089,0.002534298554302559,1.532724182396781
35,31109,0.01221804622556167,0.48808868012178713
35,31111,0.003577248473692859,1.2796997620250137
35,31119,0.0030989831459199263,1.0575890478424215
35,31131,0.0030631010954840516,2.4867931387547944
35,31151,0.0015763705251070803,1.5013927473061965
35,31141,0.003829191119044754,1.2497276517083737
35,31155,0.0031976434032727186,1.650938876082162
35,31153,0.013824937906355675,0.5918764464770182
35,31157,0.004475947500475875,0.926919138336371
35,31159,0.002402351616847766,1.796671505568634
35,31185,0.001810266238007554,1.8355768604652964
35,31177,0.0029845110184939304,1.826927442272811
35,32001,0.0018889281799022938,1.2540341756868987
35,32003,0.02032641000027318,0.3734205767390758
35,32005,0.00642970024874298,0.8517512431538158
35,32007,0.004922306955949386,1.0107235443245943
35,32013,0.001227757570337639,2.611972556031803
35,32019,0.0027152629057071885,1.1656532130949948
35,32023,0.0030341178161536744,1.3720373761479403
35,32031,0.013261348554570158,0.46945199652874764
35,32510,0.0030216753372724297,0.7082863063420527
35,33001,0.006517207304553514,0.5971730946015091
35,33003,0.00742189173436815,0.8801071878419208
35,33005,0.006999095301072101,0.7902871183963346
35,33007,0.008100176448831256,1.103175261037359
35,33009,0.00921724087388992,0.7761837311986811
35,33011,0.016009615288604333,0.5696419788844561
35,33013,0.011848458062074093,0.5371749226603779
35,33015,0.019549184244457413,0.5539832023609894
35,33017,0.005784000382280363,0.7804353771637014
35,33019,0.004058034516941195,0.9826909064846487
35,34001,0.007845907531914918,0.6297255247548027
35,34003,0.03448926149049934,0.4755360569015303
35,34005,0.017524639144260598,0.4617088603175392
35,34007,0.01769588416386388,0.4366185514875071
35,34009,0.013034740545016554,0.6250904491653039
35,34011,0.009113618926303812,0.5599248492442548
35,34013,0.026081187985974218,0.5759407509116605
35,34015,0.014179184470604273,0.5113327944747991
35,34017,0.03712470931222161,0.4925808846029396
35,01001,0.0033989972432983875,0.8313389367154775
35,01003,0.007860500049312142,0.4629985052099104
35,01005,0.0044990393414473815,1.1859643902000248
35,01007,0.0015068142372380152,1.8259511969325295
35,01009,0.005220283472339418,1.1521541631296601
35,01013,0.00491897377630867,1.106555379990687
35,01015,0.007170122005580621,0.4953152368535107
35,01017,0.004073099828075574,1.2924431151508486
35,01019,0.0044710357786473445,1.2333391415057515
35,01021,0.0046089690975437084,0.9506065525488224
35,01023,0.0025523268678146376,1.9140345953485565
35,01025,0.005658195091147197,1.2277741536244589
35,01027,0.0022808565505228274,1.7151186831070269
35,01029,0.0022397628931381934,1.5844842446454992
35,01031,0.005726199842450072,0.8593633724071335
35,01033,0.0048854754721746295,0.7562940013717401
35,01035,0.003365409047837977,1.3964512582636996
35,01039,0.0069691482308364425,0.8329478551324203
35,01041,0.005251589977044495,1.4279938504916774
35,01043,0.0075475042148931614,0.66541984092426
35,01045,0.004385385523982816,0.7052837396789676
35,01047,0.0049375515019413055,0.6192862521207401
35,01049,0.005903967241027004,0.6805224212631636
35,01051,0.004402670979687818,0.7832512569528807
35,01053,0.0037577331047212964,1.2772043482871163
35,01055,0.008605531730872994,0.5501542373266998
35,01057,0.003256554201260393,1.4839701282170654
35,01059,0.004021386886225199,0.993033868907386
35,01061,0.004512519522246587,1.459707918626049
35,01065,0.0039806903647065595,1.440117624725191
35,01067,0.0036925698178089847,1.3944054597893285
35,01069,0.010421139700951874,0.4940407617099799
35,01071,0.0059656844727444735,0.8216466482607873
35,01073,0.01614157435257728,0.4449259737040724
35,01077,0.005175081213964715,0.8171945075073387
35,01079,0.004887488699257183,0.9864120555104336
35,01081,0.007146218801170905,0.9556041151587896
35,01083,0.004699164980641437,0.684346033365742
35,01085,0.002332386492228692,1.7194159563887974
35,01087,0.00824957445171071,0.860271631171314
35,01089,0.00880374718075881,0.3956442909525319
35,01091,0.0027847049646057024,1.2164655852193602
35,01093,0.004383083351207108,1.308989333472745
35,01095,0.006648533812669877,0.7105521397866212
35,01097,0.01262985959417643,0.5425896297185497
35,01099,0.003954630364083021,1.1318245776997156
35,01101,0.010156728719052988,0.5594518343884313
35,01103,0.006569590445862346,0.5885109938895843
35,01107,0.0031811945134222032,1.3545534916739654
35,01109,0.0030241789647063788,0.880304222305322
35,01113,0.0028512692630180566,0.7824073997116046
35,01111,0.0035931696438592153,1.2638694094822858
35,01115,0.005931671544822904,0.7300298619088402
35,01117,0.0097400249897828,0.5174232985035403
35,01119,0.0015600542116644908,1.8672134855357592
35,01121,0.0071967085320001995,0.7498135595545903
35,01123,0.003975233106511258,0.8835917686557536
35,01125,0.008593810171052532,0.5491178967121139
35,01127,0.00919198882380012,0.5844126450628006
35,01129,0.002986278945215363,1.6006746896120387
35,01131,0.001833291563962562,1.903432891946771
35,01133,0.0032146817417892624,1.3205747095642724
35,04001,0.008307833184989705,1.2689285971224984
35,04003,0.004332663805358573,0.7297827511818575
35,04005,0.004849844691338451,0.6243246501104623
35,04007,0.006229938190843294,0.9302836105308152
35,04009,0.0029746700539342594,0.9933570632063979
35,04012,0.0073739771685999355,1.2199638681245104
35,04013,0.021768581869917297,0.286318069034188
35,04015,0.01611111475578655,0.6591585601398363
35,04017,0.008590773596277844,1.1558599150809765
35,04021,0.012095109280251712,0.6234553217091041
35,04023,0.002374682571374087,0.8824705647932046
35,04025,0.015721905567705696,0.545840443496172
35,04027,0.013910267823948523,0.5810597670825605
35,05001,0.00475934646503686,1.256596527065614
35,05005,0.006959622780516693,0.9384113214503993
35,05003,0.003161872235005146,1.1839610968312626
35,05007,0.010637051028693546,0.5219258007241664
35,05009,0.005012107066070124,1.153894366187167
35,05011,0.003825381659255494,1.5416892092037708
35,05015,0.00199366178681308,2.896112386928943
35,05017,0.0027956306135370566,2.5040645619081197
35,05019,0.0022344893765297185,1.7055532284107418
35,05021,0.004617749911022231,2.208118605388308
35,05023,0.0037335966965889593,1.1823989835153628
35,05027,0.002230128754858363,2.0651327723297546
35,05029,0.003172945424594378,1.3293897688739855
35,05031,0.0069751539237981495,0.6372561368925207
35,05033,0.0048407713834473735,0.9297319837803494
35,05037,0.003667198851641375,1.3366089389526263
35,05035,0.007565694430625254,0.6626386931747356
35,05041,0.0027166692963841834,1.8932764431832312
35,05043,0.002087913123615225,1.597511553497263
35,05045,0.006753307360703047,0.7013801399437434
35,05053,0.0027722969686412107,2.4987430036852407
35,05051,0.005289019738784572,0.5568283817539327
35,05055,0.0032755266172546484,0.9752355592146282
35,05057,0.0024387569506809513,1.4691864821341076
35,05059,0.0037061747210292238,1.1835024052246788
35,05063,0.003187289122100078,1.1987959540236208
35,05065,0.002476009913995231,1.7095510696994778
35,05067,0.00269095569917594,1.4509902608652052
35,05069,0.005726248291164092,0.5040893426098308
35,05075,0.003254185290148147,1.5430454567891039
35,05071,0.0030810771812016446,1.177088801090825
35,05077,0.0019321240817058234,1.956700527802192
35,05079,0.0015349348291367009,2.129396558734966
35,05083,0.004757235360518426,2.6578708280878303
35,05081,0.0022472472868550223,1.881408578606014
35,05085,0.005401510070977027,0.7357909488438391
35,05087,0.00262283218087551,1.567933985789504
35,05089,0.0024731811699079415,1.6333613671304823
35,05091,0.0029792499326192746,0.6869860028584477
35,05093,0.004125023621051866,1.093562103745056
35,05103,0.002875135758018552,1.228037188107454
35,05107,0.0022409422816084003,1.3959103799765595
35,05111,0.0036113141172439737,1.5836769539831137
35,05113,0.0030958820874501312,1.1528959551971378
35,05115,0.0038924223099387387,0.8757035992895794
35,05121,0.0016316342697672956,2.01309657768291
35,05119,0.00874567486052315,0.5194849118591456
35,05123,0.0020059852433723007,1.5397772018401827
35,05125,0.00853885057935754,0.5040276521553256
35,05131,0.006188676145239281,0.5487472336959114
35,05135,0.0021294926022671977,1.9513800729748738
35,05133,0.0020744087898012095,2.037019547189622
35,05139,0.004981768008556078,0.9507149801013955
35,05141,0.0035168513710496755,1.5404854516381499
35,05143,0.010284161161514562,0.595394407777245
35,05145,0.005181204800525426,0.7379828989372869
35,05149,0.0031818518163206047,1.3962731377296722
35,06001,0.02597493247582281,0.7545820031267452
35,06005,0.0040194114508067666,1.019731156278497
35,06007,0.009065320078455043,0.8322747214812833
35,06009,0.004920478783855314,0.9601604007047972
35,06011,0.002842410366595509,1.5860580785732838
35,06013,0.01965374510791616,0.43104533646105797
35,06015,0.0021481572007180636,1.306829706045899
35,06017,0.009873093523415113,0.9206311415714383
35,06019,0.02183059816390064,0.41646175075911374
35,06021,0.0022047000655451275,2.335218133321895
35,06023,0.006512432529937689,0.5386185663056235
35,06025,0.008230222793996201,0.6289673662103815
35,06027,0.003670292876867809,2.2515079938230707
35,06029,0.02076846292879599,0.4334615329622532
35,06031,0.00823320140917207,0.9417999997711703
35,06033,0.005075164848479048,0.7392151408761463
35,06035,0.0037113700555811624,0.929646580643388
35,06039,0.006404241360296853,1.1488500405121471
35,06041,0.01996513646628904,0.48914882030551415
35,06043,0.003236838760980304,1.2328634856934482
35,06045,0.004618703621839304,1.008931345531201
35,06047,0.014051270545750656,0.4678901367106961
35,06049,0.002298771553271523,1.636594005540182
35,06053,0.012947307307239838,0.6779195126107453
35,06055,0.007862144270277305,0.632309645537603
35,06057,0.008110992444648695,1.4050356131671116
35,06059,0.0268514963301851,0.33892560933275856
35,06061,0.013789335713685891,0.5576221255115756
35,06063,0.0032251496218682805,1.4155595812317112
35,06065,0.022010472079331145,0.5072160161042667
35,06067,0.014800419943798031,0.32349283718567373
35,06069,0.0038951071863295786,0.7615364273736519
35,06071,0.023564370886622256,0.2948064398963726
35,06073,0.01765229132406977,0.3479844304025369
35,06075,0.05637289829066705,0.6311712352192262
35,06077,0.017822185918986638,0.4172626605687828
35,06079,0.011125422701644242,0.659374917210296
35,06081,0.02402432036919754,0.5352210663676628
35,06083,0.011951723440718084,1.0795061016214185
35,06085,0.03368523283889727,0.431250116579173
35,06087,0.010274433579667586,0.9432014256067253
35,06089,0.009094364033526037,0.5569681312797187
35,06093,0.006765108296881317,0.8527882301717795
35,06095,0.009521116276155338,0.5380850742138295
35,06097,0.014292243735803511,0.4811342544268541
35,06099,0.01849464521327919,0.4826322323191964
35,06101,0.005867075333245278,0.6144231130143769
35,06103,0.004979484728291867,1.0938497146207116
35,06105,0.0031631895198173535,1.8097256959200223
35,06107,0.021541819280818535,0.5347131390104913
35,06109,0.004579880241262003,0.8937953940765927
35,06111,0.013524642987124098,0.4340617277720697
35,06113,0.008238052791880281,1.1030158328577326
35,06115,0.003751446544396222,0.7367306700561954
35,08001,0.018796656839839863,0.5061511354632867
35,08003,0.0008361718366163742,1.9978805108620663
35,08005,0.01945578144514571,0.33969716669967953
35,08007,0.002133450620295379,1.6277295654906416
35,08013,0.016080969328122544,0.767910254297651
35,08014,0.007157491466681069,0.6774863868163034
35,08015,0.003415177444747565,2.286616514913459
35,08029,0.004904605376814057,1.108955865356646
35,08031,0.031171238959006965,0.33253422089845447
35,08035,0.0244376768651656,0.4926877905276869
35,08039,0.005062897613823597,1.0564518264947966
35,08037,0.005480740875790393,0.7625163595232792
35,08041,0.013769561658925305,0.3335624134283218
35,08043,0.004432260190946636,0.8492531262515781
35,08045,0.004628661259743739,1.3586603439607774
35,08051,0.0009542900043822136,1.6967491016098881
35,08059,0.022927209445186385,0.44767657626283297
35,08067,0.003634838739178017,0.9972727469176105
35,08069,0.01163187538318603,0.6151526979101951
35,08071,0.003995779280365378,1.5370910968662896
35,08075,0.0021909540707907888,1.17547816748202
35,08077,0.006738227332205506,0.5580158352820077
35,08081,0.0014907767431875149,2.4025607963642535
35,08083,0.0027652013356989206,1.7026118597709927
35,08085,0.0034371810652165154,0.891979076387178
35,08087,0.0025961020751638204,1.599033832914095
35,08089,0.0038692642959998647,1.2799307406981455
35,08093,0.0028076381741983197,1.6536462895893755
35,08097,0.0015546706617934137,2.1576489905687666
35,08099,0.003093394745490745,2.228319097262531
35,08101,0.008090329957062777,0.4626275267227954
35,08107,0.004448287902043833,1.0707146921610597
35,08113,0.0029526993279274595,2.0531536350572184
35,08119,0.003670380437245759,1.5764576545701336
35,08117,0.004739876469281822,1.5770709713364344
35,08123,0.011968367454679935,0.652912886026522
35,09001,0.023387548894695458,0.5110248898451455
35,09003,0.017210890584494955,0.4871925987153149
35,09005,0.016513828636440058,0.4914452088552607
35,09007,0.01322330354425544,0.7571120868956445
35,09009,0.015701738421011142,0.5009110908560453
35,09011,0.009099393437412355,0.5473530915655169
35,09015,0.006851146002993646,1.0403410011938756
35,09013,0.008000438066968608,0.6967005704482304
35,10001,0.003937903082582181,0.5244884129119247
35,10003,0.014988446390766562,0.5057759809854179
35,10005,0.018017141597243706,0.9852155205088705
35,11001,0.04363113695986375,0.5421360280122144
35,12001,0.014604913845571122,0.6181611252818578
35,12003,0.0025122854783617673,1.489969562942693
35,12005,0.006676890455994991,0.47937950964403925
35,12007,0.002337765625266783,1.5596183296007917
35,12009,0.019996469949594194,0.45423443429347315
35,12011,0.025708757062681265,0.3654943488393409
35,12015,0.029043141129098473,0.6075420592501656
35,12017,0.01808076311883885,0.5501752600690364
35,12019,0.00924434140092714,0.5905670384829601
35,12021,0.03351367036665641,0.4470835918184962
35,12023,0.004513835037422065,0.8293524864696762
35,12027,0.003727185225306356,1.1880690281560171
35,12031,0.017174053508132132,0.48892518773211785
35,12033,0.010068763745609157,0.4344991764535326
35,12035,0.010648553392531535,0.6273246638276939
35,12037,0.001532134189268845,2.7226598332260608
35,12041,0.0020799010137909015,1.541852948402673
35,12039,0.003670333179209414,1.0709547941402204
35,12049,0.002718348469063324,1.3637154862462986
35,12051,0.002249087536897565,1.687853351134572
35,12053,0.01784783986577696,0.5951112005346697
35,12055,0.014531620396567189,0.5441201153906019
