src_state,tar_geoid,mi_shift,moran_shift
38,34019,0.03862819894614975,0.6718166340187676
38,34021,0.030591901766882763,0.9548408416036949
38,34023,0.034098563336885324,0.6612560379918606
38,34025,0.03547818004180396,0.4667258355535721
38,34027,0.053897691037785286,0.395779407722105
38,34029,0.04980247644103504,0.7543174568076989
38,34031,0.04341109071288444,0.8482020234392557
38,34033,0.01861492536840562,0.9980060015563669
38,34035,0.04490385791281012,0.4562197143259499
38,34037,0.03478074043336868,0.4369193238147955
38,34039,0.041830141169707596,0.8417375643897134
38,34041,0.021212286684815986,0.7401148985507796
38,35001,0.02101006336631959,0.7014646374849672
38,35005,0.012495921171349029,0.6806474829058098
38,35006,0.008999450967176177,2.017823655948764
38,35009,0.008701867141419132,0.7173323513199212
38,35013,0.026595800175601488,0.691775301625018
38,35015,0.012198548245001974,1.0487041626538158
38,35017,0.013376139498396446,1.3693471709346952
38,35025,0.02391671132995037,0.7849440530955168
38,35027,0.009053784569876117,2.5100960195504913
38,35029,0.008462761967448688,1.340768945966757
38,35028,0.00670189431865639,2.000292096123242
38,35031,0.027141045241740804,0.9365992119120061
38,35035,0.009928933582679657,0.639637371613909
38,35039,0.012335956377697655,1.004381671731509
38,35041,0.007185566570219256,1.9089287879110113
38,35043,0.014589757566888614,0.4900097152833842
38,35047,0.012387354229432341,1.2080142406351482
38,35045,0.021944302772208626,0.5093182917940734
38,35049,0.03742109551887901,0.6676710939378135
38,35051,0.01160814205747053,2.609668003045759
38,35053,0.009789911943517427,1.490772702838238
38,35057,0.004711943594973924,1.6293126493523453
38,35055,0.009781192138007398,1.4147462832913718
38,35061,0.020031441358062885,0.6537003980181497
38,36001,0.02762735102393343,0.5718241328299958
38,36003,0.019291549624234922,0.7122237431479737
38,36005,0.05404951637928083,0.5370130705942621
38,36007,0.02132485649173448,0.4973052431690183
38,36009,0.020273172531008826,0.7149956364110059
38,36011,0.021986927126947966,0.9002584122514684
38,36015,0.015178193554213007,0.5937808351828135
38,36013,0.027098565711821662,0.6070764327201492
38,36017,0.021875697901395874,1.4616675492314062
38,36019,0.014382749630661773,1.0206742148425272
38,36021,0.024785419113578178,0.9216064662522991
38,36023,0.009296104684859714,0.979176183673994
38,36025,0.021301488731605263,1.4060401024835116
38,36027,0.02847958554417313,0.6066667334545222
38,36029,0.0242069844095796,0.6135581987616439
38,36033,0.01434918476734436,0.97061503211656
38,36031,0.016696162455322756,0.8742611884177768
38,36035,0.016465067080343034,0.9150006879915256
38,36037,0.014363783027306284,0.777405488646806
38,36039,0.019399904686203066,1.0033783886351615
38,36041,0.013406346207467059,1.6394119156046447
38,36043,0.018506428143714306,0.6990922808197563
38,36045,0.016119362896476908,0.5301911863168882
38,36047,0.03170101287506368,0.7367231143271489
38,36049,0.012519651868068313,1.2931167336896336
38,36051,0.009772223147115651,1.0471806945547875
38,36055,0.023433776054417328,0.8537560245624116
38,36057,0.015011481962582994,0.9213737295284377
38,36059,0.04394137086828021,0.4257685481022485
38,36061,0.08435220354624628,0.7487768006051001
38,36063,0.022486872348173963,0.6688678869501264
38,36067,0.02634204031702361,0.7277131493482155
38,36069,0.018209737043632424,0.7909529954049666
38,36071,0.03798218552752891,0.9415991902414268
38,36073,0.012018104850913315,1.5962582295199201
38,36075,0.020996463164922232,0.6348166235936208
38,36077,0.01793461990828316,1.6712943966980418
38,36079,0.029573614916203333,0.6318978354010518
38,36081,0.032432172940309284,0.6046752015198164
38,36083,0.01462661332465992,0.9241376033532008
38,36085,0.040445074368176744,0.5463045955395586
38,36087,0.04101387175227211,0.8939030097860224
38,36089,0.020479034455997188,0.9266780516323853
38,36091,0.026484039574415655,0.4337189337165588
38,36093,0.019046879195353042,0.522094496221354
38,36095,0.011787923725070305,1.2921616544904473
38,36097,0.00838489296401724,1.354212038822138
38,36099,0.013817536157962726,0.9226258163239184
38,36101,0.02416358184851508,0.7647987223512036
38,36103,0.030812176822636112,0.4531908074967031
38,36105,0.01743895365724218,0.5596337151977221
38,36107,0.013582615537718293,0.9857819853655151
38,36109,0.029353305343092693,0.8947951303960427
38,36111,0.02495332791228122,0.6304895955623679
38,36113,0.018667786296995146,0.964011556049193
38,36115,0.01791037839804019,0.9641814686864278
38,36117,0.02511242694238556,0.73860370674218
38,36119,0.038316497426803604,0.5301104879074263
38,36121,0.017452131288823544,0.9017580590378291
38,36123,0.01247911907702462,1.2270877159433573
38,37001,0.023288568285188643,0.45247813149254223
38,37003,0.012111067893538071,1.0541678246497332
38,37007,0.008834254045307589,1.1889775136569452
38,37009,0.0108385645611232,1.4230810300166343
38,37011,0.010203821886839246,1.1872244153370266
38,37013,0.014376597051127739,0.8868487457280951
38,37015,0.006766266208192353,1.7650270769416432
38,37017,0.013854007252293578,1.330249981164373
38,37019,0.05125870398306162,0.8295581234949967
38,37021,0.027077759323986983,0.4829422431201153
38,37023,0.02559284402787597,0.6541635490803498
38,37025,0.024465779687437204,0.46277161449528975
38,37027,0.024875223646887976,0.6619616044584765
38,37031,0.04525968495681699,0.4982285194676363
38,37033,0.010042006740640813,1.176555750157309
38,37035,0.028491876921088354,0.5123344776656629
38,37037,0.01620428244866082,1.245018239182448
38,37039,0.016962549279216085,1.3274469254995196
38,37047,0.017789133489245282,0.7321676581343409
38,37045,0.025339098904511168,0.6027764141520057
38,37049,0.011549138849971358,0.9210334701814462
38,37051,0.04016655452805384,0.868626696913951
38,37053,0.006424763917130473,1.0001183755135012
38,37055,0.014717548251747406,1.5894468717858645
38,37059,0.012932689925927327,1.1728630889740792
38,37057,0.030925878670227922,0.4980857360092173
38,37061,0.017709198396546628,0.8708933249798886
38,37063,0.036731949885022395,0.5452216873720297
38,37065,0.02220779868822452,0.9002267140643996
38,37069,0.013982588366572384,0.8118898205482528
38,37067,0.023930550628347886,0.6443711354114223
38,37071,0.04058975762312033,0.4281689484035425
38,37077,0.01555328045760476,0.8026973769479508
38,37079,0.0070510512712403176,1.6061045303119705
38,37081,0.02276630470196887,0.45145185793493514
38,37083,0.020888362285034334,1.0223903757714956
38,37085,0.023963551976274002,0.9822553488587981
38,37087,0.020006513683273403,0.639278217734989
38,37089,0.02769749387645131,0.478735214743885
38,37091,0.006718899540536213,1.341325410290639
38,37093,0.011809153322048894,0.8164717886260656
38,37097,0.03340129683723272,0.5339387785071417
38,37099,0.009371797454320001,0.953404833737235
38,37101,0.04100216789743788,0.6797728705603634
38,37105,0.012515709146128286,0.8501204720031542
38,37107,0.017881308898306875,0.8406496451390516
38,37109,0.022883553627235195,0.854033526172828
38,37111,0.018128315657315944,0.939517315785651
38,37113,0.02188259960702125,0.9220520019463246
38,37115,0.009994625287657644,1.271268932294779
38,37117,0.010741241641224628,1.3938656819370494
38,37119,0.039110998064177255,0.5229526113467101
38,37123,0.007590238728583718,1.389905426838133
38,37121,0.007549106317394301,1.9963548186709945
38,37125,0.01806672479867382,0.6724245218798813
38,37127,0.021810774272322638,0.675870763750025
38,37129,0.019551686725170454,0.5112784421856842
38,37131,0.010396059922897667,1.7421435471566635
38,37133,0.046137491552285664,0.508434807364605
38,37137,0.006973623102212356,1.6476316752519524
38,37135,0.026697733136917083,0.984342192361831
38,37139,0.006968482694801084,1.0438169918806546
38,37141,0.01513297020519346,0.9947273534656135
38,37145,0.009173935904594352,1.195142745837279
38,37147,0.01973354744324435,0.5366082994310198
38,37149,0.014474596688067696,1.2696759421882775
38,37151,0.029588956959952974,0.5691618999577184
38,37155,0.0329961606609303,0.558811106148077
38,37153,0.01781451280275043,0.7174996873181094
38,37157,0.02546467995097468,0.6548277677754393
38,37159,0.02407264064707728,0.5157006788402179
38,37161,0.018219085573148042,0.8105256032526028
38,37163,0.024466162749239573,0.8735685713208502
38,37165,0.014083823608025807,1.0939435333365979
38,37167,0.021717139608876217,0.7291128792396444
38,37169,0.0160622709159864,1.1099801161083127
38,37171,0.024315773901002695,0.7458968938513098
38,37175,0.013041462327387062,1.0789752172755802
38,37173,0.004010540616930003,1.1260057094409195
38,37179,0.04748345759870078,0.6397921787884782
38,37181,0.012389651788813013,0.8048537222418178
38,37183,0.04258655000727994,0.609828196563678
38,37185,0.011938753876731342,1.5888358130072282
38,37189,0.014558028174402287,0.7431048093611071
38,37191,0.01948140105175889,0.5294467797178001
38,37193,0.0240329916086407,0.6741881885372543
38,37195,0.017363366569946245,0.7003601786746926
38,37199,0.011388715558110005,1.3433981889677615
38,37197,0.015742389548770917,1.1423806934932244
38,39001,0.01579007231541288,1.2879559879186653
38,39003,0.02224455260164134,0.5930859150924273
38,39005,0.014784246401122683,0.6710430788594
38,39007,0.0257282227610329,0.7956047188333019
38,39011,0.015154815564175705,1.4669994863821556
38,39009,0.01848991563875123,1.3576710326037578
38,39013,0.018848830056536953,0.741232118365668
38,39015,0.016130222599939428,1.0714115264801385
38,39017,0.026261682197635763,1.0297773378935133
38,39019,0.013542274918376469,1.0048265432632353
38,39021,0.012030531618567491,0.9641994782078659
38,39023,0.028037986984204528,0.6018622642734704
38,39025,0.029137712244555684,0.4977316630853543
38,39029,0.029420373756232132,0.8466682679122222
38,39027,0.012164000375418574,1.2409663450999762
38,39031,0.013539978584441283,0.8968710974557338
38,39033,0.018470994708699496,0.9902505967880504
38,39035,0.023137798929378995,0.6860144694821134
38,39037,0.019079476936138845,1.0306294625388985
38,39039,0.016025819834424384,1.2234509650924474
38,39041,0.041403651369102845,0.6566585344126216
38,39043,0.014479519288655669,0.7983391607951096
38,39045,0.020353324383024726,0.9054914358116405
38,39047,0.013963770791204599,1.1125134649200155
38,39049,0.028561476676612144,0.578252068482226
38,39051,0.01603320896723465,1.0790220583475851
38,39053,0.011188140300986792,1.082913087709334
38,39055,0.028134948061005544,0.8976277457811718
38,39057,0.014420934323163884,0.5554956419392273
38,39059,0.01786624148602334,0.9451487930770862
38,39061,0.027879827836821264,0.7193325028533277
38,39065,0.011489091166895435,1.350524288702316
38,39063,0.020628704332728474,0.6757005719957871
38,39067,0.009080756565755368,1.8321674992780779
38,39069,0.012485727331640703,1.3387851472054104
38,39071,0.016731842337823145,0.9323726830839959
38,39075,0.019598439130291696,1.2174716129571288
38,39073,0.013575344261151166,1.0729849169031023
38,39077,0.018623301294988025,0.854102047732066
38,39079,0.012255708521124616,1.238562050709262
38,39081,0.023830441870503566,0.8543593028227633
38,39083,0.013129658144398277,0.8221414735063092
38,39085,0.026448385249201282,0.4813417897516034
38,39087,0.018513737082528684,0.9114023789977848
38,39089,0.02441158844807646,0.5612798003550482
38,39091,0.013386369052790123,1.2588615838907171
38,39093,0.028499682385236532,0.44278736826599707
38,39095,0.022827567616240454,0.7797271542438393
38,39097,0.014527384735502809,0.8773407059915039
38,39099,0.03255335651788253,0.6407459270910538
38,39101,0.014952216084476538,0.5635785579947673
38,39103,0.03188105379050005,0.5530423459868715
38,39105,0.013998196968386133,1.3060436263763064
38,39107,0.01257026517214474,1.0208369110166966
38,39109,0.022639118799365667,0.6848018557974441
38,39111,0.009587919464461539,1.7424110436821862
38,39113,0.021090365497026975,0.5574447361616155
38,39115,0.007923868748549915,1.5373498265822227
38,39117,0.013068575169260297,1.2832092974171396
38,39119,0.02397265237515288,0.6851482019152301
38,39125,0.010923411923573361,1.2456215812265947
38,39123,0.023535038081862594,1.776838151308737
38,39127,0.013734458655044805,1.317085151643238
38,39129,0.012528816010099508,1.0992865612023823
38,39131,0.012680838985384689,1.2848159406808575
38,39133,0.018339495911934855,1.1803733024740748
38,39135,0.017306209641031464,1.1986043444910952
38,39137,0.017070187619318493,1.0964722679306746
38,39139,0.025722863077534696,0.588269120705682
38,39141,0.018613274696608173,0.7484793746959535
38,39143,0.019132636319898286,0.8264671342370642
38,39145,0.014905796364089738,0.8129037246869155
38,39147,0.02224448471599838,1.0178024414449676
38,39149,0.020515996308632874,1.0242228898547423
38,39151,0.031794867552811676,0.5809833696061734
38,39153,0.022891016620842992,0.7447423534443187
38,39155,0.03376715202522061,0.4491748894758289
38,39157,0.022485103383261262,0.6026299935818286
38,39159,0.009638441785173282,0.8368057629873976
38,39161,0.012114287311577935,1.0722201318936193
38,39165,0.036581948537888154,0.5545646068744199
38,39167,0.019879075785371503,0.8355868038720421
38,39169,0.016209097162474168,0.6632317169885669
38,39171,0.01760040623210348,1.1267479245492247
38,39173,0.018808119697350804,1.0905539714453945
38,39175,0.010944813327479496,1.3868040338864644
38,40001,0.013854324149549279,1.783049333671209
38,40005,0.006164516305830302,1.3963812661317534
38,40009,0.004062397381541335,2.19753952551875
38,40011,0.011382757119509803,2.999670313395281
38,40013,0.009418690261437027,0.9775462310046853
38,40015,0.013439063932780203,1.2404535886609063
38,40017,0.023127936305550323,0.6916920569217111
38,40019,0.016263560360632,1.0690023024636748
38,40021,0.013597247023212123,1.100092564068499
38,40023,0.012568963878023422,1.771696976733106
38,40027,0.021815074852948417,0.6483642973520466
38,40031,0.01986655333001751,0.49698826340198343
38,40035,0.009632211211497169,1.5015545600704245
38,40037,0.028501364926526065,0.6408805742742486
38,40039,0.005123119875548738,1.8231370908914954
38,40041,0.019513795905675525,1.128841853564931
38,40047,0.013361335569849952,0.7908119470944401
38,40049,0.015252457064968647,1.1348285869826304
38,40051,0.013115648790364653,1.0819649509912745
38,40061,0.009375902814544321,1.485309874223723
38,40063,0.014388282735973465,1.611486990987169
38,40065,0.008412406000562754,0.9491827504839444
38,40071,0.014733183146972202,1.0708569100065812
38,40073,0.005560561363379152,1.9901304295516533
38,40079,0.02459175509896066,0.8648236847794474
38,40081,0.016606682149662454,1.0439696161726129
38,40083,0.008797321316924402,1.139627933300495
38,40087,0.009565276654919682,1.2795739902731624
38,40091,0.012709984147173165,1.9935268699483606
38,40089,0.01526354124492892,1.1669210820050948
38,40095,0.007139144052422114,3.3695768484925814
38,40097,0.016933338688972607,1.7824250197928795
38,40103,0.004700447843055398,1.8296503232790533
38,40101,0.014316737294378223,0.7368223668022041
38,40105,0.007041877953397742,3.09038473522688
38,40107,0.008013779473403336,1.7874615871661976
38,40109,0.02432451825656882,0.7370354906286565
38,40111,0.014720857787902305,0.8898118033680747
38,40113,0.01524999975112954,0.8715614789990038
38,40115,0.01883628868047599,1.0592268374372626
38,40117,0.009982364382268608,3.2386256618417377
38,40119,0.01829641802118897,1.2181830142265446
38,40121,0.015045799104700788,0.8137782915915618
38,40123,0.010963462879871134,0.9277946895980419
38,40125,0.01883018022899157,0.6333674549789701
38,40131,0.024814060218340473,0.560529490770601
38,40133,0.01860524424476472,1.1992292107492752
38,40135,0.013596670754625414,1.253041197488629
38,40137,0.01682780161840383,0.8443434401281849
38,40139,0.007129769125899829,2.310975786593539
38,40141,0.013417797156861363,1.4495939817047712
38,40143,0.02601630801573487,0.6061533965920572
38,40145,0.022686259415151715,0.7372182027833263
38,40147,0.012098888733017172,0.7035875800454979
38,40149,0.005596359506549913,1.71052492743892
38,40153,0.007941005222716778,1.4248366611765095
38,41001,0.014562182902621073,1.5932656354000858
38,41003,0.021238916286818846,0.8188766294837942
38,41005,0.04152023714230809,0.4873568791547473
38,41007,0.016669850268639676,1.2395491949335675
38,41009,0.014699432545823288,1.2405356338674547
38,41011,0.02093269347370431,1.013494469086493
38,41013,0.005922193500741937,1.6718370132691136
38,41015,0.014320678921894526,1.3990518144552346
38,41017,0.03316214218725098,0.673580142032044
38,41019,0.03231865066194341,0.6598663199770246
38,41027,0.005246164264754237,2.0100481145175983
38,41029,0.02496071354492395,0.7707605624583596
38,41031,0.005201027563025706,1.6584175866405517
38,41033,0.02632243798165912,0.9161659716575967
38,41035,0.015567541659449983,0.7452428227264875
38,41039,0.03157992067103409,0.875571300566189
38,41041,0.03234680486732999,0.7307622936121181
38,41043,0.01912125128728094,0.8019410390128073
38,41045,0.008590463970749428,1.169302693572957
38,41047,0.027729425817406037,0.44649822234583814
38,41051,0.05386342576855128,0.8769416777823591
38,41053,0.015044084647035678,1.1929546462299208
38,41057,0.018246144049938882,1.122662199678241
38,41059,0.015836974488880558,1.1846660323807474
38,41061,0.012028244634865905,0.966171687513713
38,41065,0.009788317518841653,1.1955044730529718
38,41067,0.054339670365363295,0.4688398767574379
38,42001,0.022372795097153064,0.7626530709554477
38,41071,0.018519057046524675,0.9596408513731836
38,42003,0.029933149252427245,0.5914880470544885
38,42005,0.032908808205533865,0.7269292291991346
38,42007,0.03203740715092903,0.42569669740101795
38,42009,0.02683042904258494,1.2151165789433749
38,42011,0.02966657618366751,0.9992411992073356
38,42013,0.022609244614709787,0.6417775492918532
38,42015,0.028237144518318477,1.2254250049036968
38,42017,0.038658440215013114,0.5042190629803457
38,42019,0.028402400326056766,1.3430276666023855
38,42021,0.02689438429976452,0.7602951780477125
38,42025,0.02377242313875479,0.8651480185082396
38,42027,0.03233416672541966,1.4067403081273608
38,42029,0.03420304929604445,0.6241227015487105
38,42031,0.0230306367558957,0.7893337823064037
38,42035,0.012735094892626853,1.3909049012052714
38,42033,0.03170812286385051,0.9924517411306921
38,42037,0.01955377796330991,0.9946792945001828
38,42039,0.02525784390707086,0.8217853978636072
38,42041,0.021147114789158532,0.5300830907283891
38,42043,0.01867017429227135,0.6483692216556681
38,42045,0.027058528500374553,0.5602487731872084
38,42047,0.014154683963788496,0.8598403941463917
38,42049,0.030542058707728748,0.6927724419956985
38,42051,0.03609040406943426,0.542148587621431
38,42055,0.02453168619936429,0.5797439402195265
38,42059,0.017712979630526378,1.0036856796353164
38,42061,0.021634079788162838,0.8390991973468925
38,42063,0.015055191679739592,1.5782857550645477
38,42065,0.022324940294000676,1.4872203843771
38,42067,0.01217053255180518,1.6194439051414722
38,42069,0.025351699041017958,0.5081127800251456
38,42071,0.03767437452995367,0.6434168811036703
38,42073,0.02288614989808561,0.6131524236296482
38,42075,0.02118439102023662,0.601588398306058
38,42077,0.0268348541938072,0.994342565644524
38,42081,0.012896252076980964,0.5976674819388498
38,42079,0.032506786249411695,0.5359292882193333
38,42083,0.016291931220983345,1.1413982284670425
38,42085,0.027882505621766314,0.6910882378491764
38,42087,0.017282698156854445,1.2034583527469784
38,42089,0.030400975917991492,0.49168376919697454
38,42091,0.032772235355410115,0.47081147237299836
38,42093,0.005090158339004837,2.7978087115180754
38,42095,0.027200668154115343,0.4965178179221552
38,42099,0.022968565188095872,0.9949170157738466
38,42097,0.025694698987701825,1.153408646635126
38,42101,0.03939364563989426,0.7747249481728548
38,42103,0.02661427595743786,0.9047068647767941
38,42105,0.013722065343727823,1.1095338954053013
38,42107,0.041942294437787284,0.6086000767241084
38,42109,0.011986429050812911,2.3215292376912244
38,42111,0.03303816312732823,0.7822694729360322
38,42115,0.028334010019688327,0.7693171121428931
38,42117,0.02377413177110705,0.8931622284306027
38,42119,0.010796554161106867,1.1450632640528224
38,42121,0.025661873331641074,0.8751853738009924
38,42123,0.024607054469064714,0.9846580083224762
38,42125,0.0303831893040298,0.6186422997852099
38,42127,0.023184101158755056,0.6699835799646031
38,42129,0.04456238958724782,0.5603155252341642
38,42131,0.019334181395885237,1.0751605644969597
38,42133,0.031395507798107326,0.9196953065135641
38,44001,0.01627533523746439,0.9833606053994483
38,44003,0.029162589826791607,0.49578939655788307
38,44005,0.01632821668096047,0.5658533399179428
38,44007,0.03476102069202943,0.5962106615803657
38,44009,0.02426363447707687,0.5855202353470627
38,45001,0.011853140156765097,1.3167841100377367
38,45003,0.0207515046659791,0.49423341234179435
38,45007,0.02809289566715242,0.5653508553981056
38,45009,0.004402817658428444,1.640236992022899
38,45011,0.00923097546096177,1.0311725374337593
38,45013,0.0405604864821362,0.4985647713331367
38,45015,0.02048855849062088,0.4772393273773914
38,45019,0.027751067861806436,0.5740379853430702
38,45021,0.015879760495263105,0.6891521047301525
38,45023,0.01778996673498639,1.000879364676073
38,45027,0.014277621666625927,0.9947641650988946
38,45025,0.015148152302402906,1.12138699262748
38,45029,0.01126546147020765,0.8313629224610817
38,45031,0.018695722476632915,0.8241960217033951
38,45033,0.010314751455116677,1.1766236408561486
38,45035,0.02545313011842011,0.6459029791362099
38,45037,0.010590107121215402,1.3872320093584096
38,45039,0.009945280093536759,1.1845898315865049
38,45043,0.01803916474889693,0.8909678265857324
38,45041,0.019791502010148097,0.4965916130327769
38,45045,0.033450460131952915,0.7330269512653402
38,45049,0.007006311213457465,1.4350127330462081
38,45047,0.011910126558856584,0.727747077895369
38,45053,0.005108369454011246,1.402108149327686
38,45051,0.0353399134321253,0.5860792890501441
38,45055,0.013556178336221723,0.5818072147949314
38,45057,0.0182796948712797,0.7242550135046015
38,45059,0.018056082827898372,0.6819914434497585
38,45061,0.009004707854820668,1.138625064390661
38,45063,0.01919225856814375,0.49772004620640037
38,45067,0.013135538215756623,1.002004151369097
38,45069,0.016829010841800253,1.0520455680372809
38,45073,0.018558749816842187,0.7913884648472861
38,45071,0.012295976743303141,0.9885668768512282
38,45075,0.022747539149101933,0.6864843912402651
38,45077,0.016105390273342346,0.793478639296216
38,45079,0.03249527294355174,0.6408976307617683
38,45081,0.006975455511898773,1.07166571860842
38,45083,0.023204674271475854,0.5730522482818495
38,45085,0.01849455043874926,0.5249164367229521
38,45087,0.014558592812394803,1.0391086227487383
38,45089,0.0177837980101637,0.8529407400370446
38,45091,0.027328551841528985,0.5902021966066809
38,46005,0.011294814539983782,1.1579935748764916
38,46011,0.00775683069544351,1.5063515081309182
38,46013,0.010158526399664075,1.3017906915230846
38,46029,0.007523170820765554,1.204455296236052
38,46035,0.0029785824558868123,1.8813637663237384
38,46065,0.0031535853965908326,2.0210961945801675
38,46081,0.007637886639394392,1.467530963498358
38,46083,0.01139255589848862,0.8074610376064609
38,46093,0.0045429753576153595,1.4988559194366646
38,46099,0.022141141625263854,0.39639912357404045
38,46103,0.012284460750689992,0.5631031342437288
38,46109,0.006419058320174294,1.5932255473837837
38,46135,0.004657274330240787,1.5371962761759461
38,47001,0.015621306452652821,0.7407083450698128
38,47005,0.012777054170327795,1.3365912126316573
38,47003,0.012201296502849254,0.917266150741476
38,47009,0.020465682865906294,0.5004122579842666
38,47011,0.021342483052094637,0.7216976211098841
38,47013,0.019073579417427745,0.7848276854051797
38,47017,0.012220257682470268,1.0904317897218965
38,47019,0.020493114406514308,0.755127041965423
38,47021,0.013040944976670294,1.0468892483442704
38,47025,0.013585436056041447,1.0045711833246214
38,47029,0.014720707543120156,0.8608614535517503
38,47031,0.012337648262715517,0.8665841336853705
38,47035,0.02101581864306035,0.7283355666128862
38,47033,0.009885530829493304,1.353307814205297
38,47037,0.032749906562234816,0.5841595652860342
38,47039,0.008186442352368125,1.5730664662567038
38,47043,0.017601486656621472,0.7786418714391864
38,47041,0.005825166904733439,1.4750851079187182
38,47045,0.010897171179640631,0.9959989395861846
38,47047,0.017730379947578825,0.7849304554898403
38,47051,0.012588512206649263,0.8831017738014895
38,47049,0.009134423453700182,1.8247268994542774
38,47053,0.011243358706744313,0.8020794029995966
38,47055,0.014958010598595863,1.0268318684392401
38,47057,0.011429346782442092,2.0558605345028544
38,47059,0.023276631612709684,0.6987566488437539
38,47061,0.007189378319899937,1.9606934255190451
38,47063,0.017029739734250402,0.7529948813610723
38,47065,0.02300767393970812,0.5915989160235516
38,47069,0.011784274019140015,1.1552361059193983
38,47071,0.01117483257733708,1.2002786946338229
38,47073,0.02172840011542032,1.0499843402657907
38,47075,0.01002350586724785,1.182585641962103
38,47079,0.013847690490394955,1.0517753721135836
38,47077,0.012857693400639865,1.1500904470690416
38,47081,0.008347862767271879,1.184339537391795
38,47085,0.006366223175831669,1.2248602926373384
38,47087,0.007784150486212809,1.3903672214639695
38,47089,0.017481738960647596,0.9569211975886411
38,47091,0.00730935560635182,1.2463290918316534
38,47093,0.02706751627539119,0.7373965115808452
38,47097,0.013641104995588469,0.981796985426244
38,47099,0.016194699890744537,0.7839432128775027
38,47103,0.013809498339248565,0.8214988287728967
38,47105,0.011726738806968217,0.8885006364701926
38,47107,0.01733978987321172,0.9303145636872854
38,47109,0.013590876623679651,1.2077698969849997
38,47111,0.006093490182214162,1.410613200151216
38,47113,0.01595375568198129,0.6045610387693549
38,47117,0.011782404255747928,1.4800333156206444
38,47115,0.014733344802268481,1.067655408952436
38,47119,0.01772207377907796,0.6703715492049312
38,47123,0.01826027057652563,1.3221876310442502
38,47125,0.02697089092296603,0.6750801174318796
38,47129,0.009781926383853931,1.3860326625338513
38,47131,0.015883381201760676,0.8793618759472432
38,47133,0.012534402595290197,0.976111793961676
38,47139,0.009908477530775887,1.2911773723236963
38,47141,0.011996567059175987,0.7544106609674883
38,47145,0.016350828370176537,1.001646453742688
38,47143,0.010752525735351359,1.7082364195130972
38,47147,0.01814257421617259,0.7836618729550798
38,47149,0.029358663589293604,0.544557224987446
38,47151,0.009029218692616584,1.1733214360165192
38,47155,0.018346196304294057,0.6327997385587486
38,47157,0.033303525740423966,0.6653269539756441
38,47159,0.007832736889391699,1.1351147229661227
38,47163,0.03880622283630081,0.5773164234000503
38,47165,0.02576174188688271,0.6350352807428497
38,47167,0.015441226961780342,0.858463397784367
38,47171,0.008512784250446723,2.4326143249466625
38,47173,0.007149147777892995,1.3226880250225181
38,47177,0.015436103651283967,0.8868028410076559
38,47179,0.016868488560460995,0.6596169571966952
38,47181,0.006828196404481428,1.7822193017076629
38,47183,0.009308039254464886,1.5031323538773598
38,47185,0.014842829093493323,1.3020954231373663
38,47187,0.04371395370882287,0.4149625873315109
38,47189,0.020699348571908686,0.8241928940261439
38,48001,0.01475242232954454,0.9064073134897717
38,48003,0.005442490119290069,3.0462149996486607
38,48005,0.021133534911533667,0.7401322385619642
38,48007,0.00934120688996516,1.4638100872771826
38,48013,0.012163620437549035,1.0469038822708736
38,48015,0.008230336982726153,1.3078049105116611
38,48019,0.008625781374775897,1.3687303217651878
38,48021,0.020708407050357147,1.1229648784466169
38,48025,0.007324974024565149,1.3296999955572897
38,48027,0.03482296789977874,1.079262028584298
38,48029,0.026905972311713253,0.6203058118621064
38,48035,0.012950094849940329,1.7557598816665
38,48037,0.014943845539340956,0.8192888943095785
38,48039,0.03240529098828847,0.8502245393280426
38,48041,0.037388984675657426,0.699329798447294
38,48049,0.013203211791716964,0.9519190232003073
38,48051,0.008902052932042126,1.42515092434934
38,48053,0.013150986585714845,1.2291763060854457
38,48055,0.010654612174593656,1.02701881605674
38,48057,0.006294926245116905,1.5283962284904429
38,48061,0.05596980193183908,0.4528922758304934
38,48071,0.006527920911094469,1.40360965210871
38,48067,0.010866602637777487,1.815373776773538
38,48073,0.01544365072648143,1.1612235539358795
38,48085,0.060209366011653456,0.6237044648304533
38,48089,0.007370427229117176,1.1130456523910826
38,48091,0.0221453520392745,0.9595832636441678
38,48093,0.006897095592676095,2.049194125111421
38,48097,0.010207623386711658,1.1113911163174361
38,48099,0.025283632594010882,1.263669945242762
38,48113,0.029119718178237174,0.5596308902489012
38,48115,0.005070719934518597,2.410405621707779
38,48117,0.007404476383239672,1.738941494524667
38,48121,0.05197990211771172,0.875490672586521
38,48123,0.011799586323256086,1.108018492822172
38,48133,0.006452124547626508,1.1397404601665453
38,48139,0.02640046354069432,0.5362011602415508
38,48135,0.040677263090731816,0.5743156597385958
38,48141,0.04735624343958337,0.6549360256725727
38,48143,0.00737863055563349,1.0429719832449014
38,48145,0.01046770291941463,1.9085501522076866
38,48147,0.016728006565425512,1.1642598970371596
38,48149,0.012932220166003112,1.1727998857220023
38,48157,0.0579903209682174,0.46330542647862133
38,48161,0.00861370481937674,1.5317388107181416
38,48167,0.023168119947704267,1.0786714754635547
38,48171,0.011823047557676516,1.1472342795670734
38,48179,0.007296043577628691,1.1365854781380103
38,48177,0.010259959641526997,1.7306493346764784
38,48181,0.017528992704174625,0.5681907343578716
38,48183,0.02389871024092171,0.6357305495944041
38,48185,0.0077973052448232,1.673177357918412
38,48187,0.020645700094359516,0.8346040096726302
38,48189,0.013722627822171539,1.0090359346887732
38,48199,0.013036069141358018,1.001466684028988
38,48201,0.023381344168009077,0.5632064858129282
38,48203,0.01524617917437096,0.719243883643215
38,48209,0.026337833575852235,1.2893346715525587
38,48213,0.02272019776386327,0.9517449046080749
38,48215,0.0812369642863328,0.4278174182690698
38,48217,0.014017483067996465,1.3017924202122102
38,48219,0.009203815209144588,1.267040818036448
38,48221,0.015603247708892116,0.8854908415662877
38,48223,0.01542934783480548,1.058119010321561
38,48225,0.0085356727621715,1.4833787487027619
38,48227,0.0103982786615005,0.8191737769686662
38,48231,0.016403479132941184,0.8931441938987569
38,48233,0.006977266750029755,1.2046826430108428
38,48241,0.010140934508747652,2.079833802409122
38,48245,0.029006722698448607,0.579914319016386
38,48249,0.013575509461904898,1.1993671862555217
38,48251,0.030635658331733026,0.6081901395054136
38,48253,0.010178454718123942,1.9910563048156447
38,48255,0.00549089124640913,1.5936296973264104
38,48257,0.023807908041035167,0.7351279950577879
38,48259,0.010876817002969611,1.2361900635984338
38,48265,0.01707608321442839,0.9671502922420596
38,48273,0.010870110271384797,1.3921198739001361
38,48279,0.008429915629793542,1.663666879625942
38,48277,0.015194916372311278,0.7492921503631109
38,48281,0.0055530609761754906,1.4966721624303871
38,48285,0.012389974664820355,1.2498944323474552
38,48287,0.005792702793754072,3.2663414012927543
38,48291,0.016556450157456513,0.6848981283143533
38,48293,0.014124904636264958,1.4170766963975445
38,48297,0.004265728841763275,1.7073780916839187
38,48299,0.019925461836911965,1.2184825908917465
38,48303,0.02678945079250332,0.6094333459966781
38,48309,0.019936637211350857,0.5683740576650355
38,48313,0.004000245405908753,2.4138356400190815
38,48315,0.008689163460178048,2.1045604162061946
38,48321,0.009874344468762728,0.8863512048137131
38,48323,0.01705863565515943,0.90341331080876
38,48325,0.011520772450885066,0.9766535737437068
38,48329,0.0248159261104228,0.546283792071907
38,48331,0.013320759701444194,1.088595838158491
38,48337,0.010654489006330078,3.490773789682452
38,48339,0.04845624967707861,0.5322968276672789
38,48341,0.005429981414189074,2.199265815897372
38,48347,0.009628448372302218,0.7638726019816775
38,48349,0.014288548346740607,1.1899208270003578
38,48351,0.005795673384246895,2.1830310755462095
38,48353,0.006345930149926687,1.3383755217269475
38,48355,0.027682626773046174,0.48645478211843735
38,48361,0.022608537418963525,0.6195462094231858
38,48363,0.011524718604546529,1.188870280148231
38,48365,0.010322057372755414,2.1371295675550734
38,48367,0.02601286224836938,0.6872263721588786
38,48371,0.006702421546755649,2.9615622843563916
38,48373,0.016936853586213267,0.9194171682614184
38,48375,0.020754330058888926,0.5694779419782893
38,48381,0.01360514574300322,0.6289216670168122
38,48387,0.007902083773520481,1.4548788761324012
38,48389,0.007265194934392417,1.863283723451199
38,48395,0.006320233441296379,1.2464095515417406
38,48397,0.02434028703501402,0.8419869486635218
38,48399,0.0072726378305273676,3.254648967907614
38,48401,0.015590417667996653,0.788316631432525
38,48407,0.0040974576130703485,1.4134619566681739
38,48409,0.019532284090213466,0.9921780575083373
38,48415,0.0036036328129096617,1.629513426052766
38,48419,0.008930766463105132,1.3664428657992604
38,48423,0.02019970231286316,0.6102997099867901
38,48427,0.03390132497390475,0.9945400525455531
38,48439,0.028013328912876397,0.5253943305524319
38,48441,0.019473239844010833,0.4411434690694922
38,48449,0.012868104901996335,0.9483139161800138
38,48451,0.015359916956135507,0.560946771251015
38,48453,0.04802088731332652,0.5704514330493472
38,48455,0.010765564407390986,1.774517962185083
38,48457,0.008512451812561488,2.525761144561275
38,48459,0.014891883928257599,1.378735723372461
38,48463,0.006788140155181409,1.8243562701822797
38,48465,0.015750811196791448,0.910062904415969
38,48469,0.016948467806801322,0.5207688083970806
38,48467,0.018123333042792386,2.376444282961875
38,48471,0.012698844859897411,1.0615807341952497
38,48473,0.009965345084768802,1.5840605857852843
38,48477,0.009222988733939253,1.3933773094290967
38,48479,0.06166947144447947,0.6301537423145767
38,48481,0.01283690614617421,0.8089401598730447
38,48485,0.019825528080243123,0.6269302967916957
38,48487,0.0036419529984135384,1.8252454222633943
38,48489,0.014172049053005975,1.2661988932419155
38,48491,0.04514844318326853,0.7424336228630605
38,48493,0.014956404728245493,0.8268839971996829
38,48497,0.016299591051321505,0.840239948036094
38,48499,0.017085802593432335,1.2079037159824535
38,48503,0.004952276639160666,2.7870652751953604
38,48507,0.005557446871132642,1.7195365989916194
38,49003,0.023748394603025087,1.149310378060134
38,49005,0.03164416702530923,0.6468224533421946
38,49007,0.00936950707921436,1.7488800871758619
38,49011,0.054279725215971734,0.8182591062048942
38,49021,0.013230526850161572,0.984860219053534
38,49035,0.04406003942928099,0.8916858820204293
38,49037,0.0071191822824081645,1.5858852199239075
38,49039,0.010242857221057671,1.5470421733772588
38,49041,0.012119325376409754,1.6429490386887962
38,49043,0.016093540608420425,0.8070430288433382
38,49047,0.01612995849545606,1.6196117103059098
38,49045,0.013110201713239943,0.7915919638126109
38,49049,0.07820982457932059,1.0968332780873322
38,49051,0.00676587991734259,2.609895188539156
38,49053,0.0373189765897441,0.5700624750447535
38,49057,0.03390092257573978,0.5612290276742369
38,50001,0.018795084060588465,1.157114640989446
38,50003,0.01689661565314399,1.162044575746619
38,50005,0.017776357467951597,0.8722179266186744
38,50007,0.02518675100686594,0.8442650411805218
38,50015,0.01037031305622794,1.0193567703051405
38,50011,0.016453979555004834,1.32731815848777
38,50017,0.018718988085032622,0.9564772263025093
38,50019,0.01818284911598208,1.0454929873001886
38,50021,0.029541582425028714,0.727223188733623
38,50023,0.025645705241977467,0.8513093593181505
38,50025,0.025390012613540323,0.7148895893515848
38,50027,0.027050952362325745,0.8912455618967848
38,51001,0.01669669244587021,1.0751285014661736
38,51003,0.01821628341553654,0.8795194373843931
38,51005,0.012944297903473151,1.8315981329258488
38,51009,0.011000885562315623,0.906106873819608
38,51013,0.07793747341673464,0.5528715235883019
38,51015,0.02135037242105523,0.7124371056723088
38,51023,0.013442579167712031,1.1711882693416427
38,51027,0.014742638177204677,1.0807537273613683
38,51025,0.005563644490980576,1.7783526000013241
38,51029,0.008312124368843057,1.5648768321202278
38,51033,0.007282170831107998,1.081588245478391
38,51031,0.015465828462456987,0.9797660573648815
38,51035,0.017217514780977824,1.158224522193634
38,51041,0.029854755108134852,0.5047156719135919
38,51047,0.014385938348476039,0.9705358793334145
38,51051,0.006214518254601525,1.6033943125930816
38,51059,0.04367804656019069,0.4092588544697034
38,51061,0.018256329819876783,0.7305120273068589
38,51065,0.004763635594781336,1.6988666975801514
38,51067,0.013421821527290817,0.9095798895749735
38,51069,0.021988861221335306,0.7786286374362372
38,51071,0.007454763801415393,2.446494946005283
38,51075,0.006214402104365824,1.4186338022310498
38,51073,0.010951777763479704,0.9701141263914804
38,51077,0.01092794861589814,1.3600424868562822
38,51083,0.01716350304740935,0.8848768301540834
38,51085,0.02185501519048863,0.5779673468219759
38,51087,0.028249126520208563,0.6305244134040977
38,51089,0.024352863538738865,0.7686658739464287
38,51093,0.01632857471899768,1.0017637898587306
38,51095,0.01852470152473296,0.937414760755627
38,51099,0.008406783506205703,1.4518459269018618
38,51105,0.013812210094636635,1.2657434388034396
38,51101,0.004899968431405592,2.5035915884508575
38,51107,0.07070744237072905,0.4705402095698497
38,51109,0.013142547111867225,0.9993053207724322
38,51117,0.018361389637943475,1.1014858836411914
38,51119,0.007718587815635608,2.132008830069516
38,51121,0.019286034609548263,0.7815902174991005
38,51135,0.002381300873933544,1.7131251677896782
38,51137,0.008647102249883356,2.06858854868627
38,51139,0.011723945832092823,1.8593363754761345
38,51141,0.009009817021174942,1.7504401345355032
38,51143,0.02747008565197516,0.6759863757670437
38,51145,0.007407415791074945,1.2925121259646681
38,51147,0.003304889156870833,2.155861503101504
38,51149,0.009541608960168743,1.500867030484356
38,51153,0.060190381699661503,0.418697916482016
38,51161,0.024372157209309776,0.8836098713476903
38,51163,0.006687765817957213,1.8399789476724835
38,51167,0.011887938298777769,1.1631451221449638
38,51165,0.01481987899725777,0.6560306849488252
38,51169,0.01947589700629803,1.4334065760855856
38,51171,0.012845574101935337,0.9655270978301862
38,51173,0.017829805088957883,0.9358435282387495
38,51175,0.008940433327518472,2.518653910367689
38,51177,0.02651714196840232,0.5465205669421318
38,51179,0.03179735690286816,0.7142245516086474
38,51183,0.007870354554231511,1.2757616554765343
38,51185,0.014874075374533635,1.2760033088282468
38,51187,0.00866613771467819,1.130689082749501
38,51191,0.01875504721619324,0.8638555671520795
38,51193,0.004902086739810143,1.8219632959534346
38,51195,0.014261928551355971,0.809753456769735
38,51197,0.010542631246396919,1.3257453519047788
38,51199,0.016141480745623625,0.8352532169509166
38,51510,0.05619908987666403,0.6230139075771823
38,51520,0.005332158084536346,1.8005433154435493
38,51540,0.019524850415469905,0.7840071827755224
38,51550,0.031637873147098164,0.6870146938604217
38,51570,0.005836528590292709,1.6899765298973903
38,51590,0.012304761045575098,0.6515476438968034
38,51630,0.007645200649253223,1.3967872950156588
38,51600,0.009417732890029385,1.4309842591176796
38,51650,0.01713481636455696,0.4774785007641833
38,51660,0.016585128691654266,0.8030618759729427
38,51670,0.006678249541116385,1.0658079689141358
38,51680,0.021358644562814385,0.5868689105774149
38,51683,0.018364058503831635,1.200937298102008
38,51690,0.009232744964530398,1.1986737493488193
38,51700,0.018153214776018247,0.7155375090336553
38,51710,0.03864980760091436,0.3541845643240183
38,51730,0.012460694530374848,0.7932068447257925
38,51735,0.0034069184934901165,1.3554163059916153
38,51740,0.022175569429747688,0.7034214948982175
38,51760,0.0343236721989336,0.6080701233724711
38,51770,0.015250597983013914,0.5055097039355048
38,51775,0.006621080564073789,1.399429266943904
38,51790,0.0066090682460439075,1.3401673389772404
38,51800,0.02512250749146579,0.7235220532077117
38,51810,0.03401116989480795,0.3782067740723602
38,51820,0.005919054301929977,1.4636379568467244
38,51840,0.007482260850192676,1.3785961683297954
38,53001,0.0054761887843455415,2.756202103016039
38,53003,0.007355676043717462,1.6667652782581324
38,53005,0.02538945351421474,0.4989396578127248
38,53007,0.016370524302435456,1.2524695993941222
38,53009,0.02638845095168354,0.9148946562385745
38,53011,0.03172223583317382,0.4893989565888852
38,53015,0.017575803610463406,0.5581809746434577
38,53021,0.02903368364150885,0.7850349567503201
38,53017,0.012376824632794542,1.3597838747942121
38,53025,0.015432281171240821,0.7803569207958468
38,53027,0.015493388890860174,0.7487717719444716
38,53029,0.0236213432906506,1.1069997776872091
38,53031,0.018711010296582845,1.5738475350325665
38,53033,0.03755576606967219,0.9339050099270237
38,53035,0.026509425621913583,0.44070542870051793
38,53037,0.009567658263313229,1.5261454245192223
38,53041,0.01909365730790371,0.79634925734718
38,53043,0.008956027177465653,2.2423428103280854
38,53045,0.017322935801689376,0.7373629128260591
38,53047,0.011171697297179022,0.9580124595209895
38,53049,0.014284066276794577,1.5388199037864507
38,53051,0.012414666307689042,1.5268523445284738
38,53053,0.027789436761736508,0.4994579125169187
38,53055,0.013437995518498278,1.5988930655571607
38,53057,0.023736999421797775,0.8580558785051199
38,53059,0.007250061572714585,1.7178245129393563
38,53061,0.04094491490231146,0.5298866566298088
38,53063,0.024902416176468826,0.4491942913658065
38,53065,0.01781340539481417,1.0983728949454339
38,53067,0.03079374918511325,0.37627373272002146
38,53071,0.008490228952881672,0.6504585266881641
38,53073,0.030157976987345497,0.6849078529166396
38,53075,0.009144011622048386,1.651263794081044
38,53077,0.038760105417806716,0.7426129119427505
38,54001,0.0064932964078276865,1.8741098423286038
38,54003,0.026477976023387122,0.8396915995355198
38,54005,0.016688279517465356,1.1676983040884343
38,54009,0.012011596709132702,1.2783734793576202
38,54011,0.020656809895336723,0.7921706208725002
38,54019,0.01921389311145037,0.6980867707473191
38,54025,0.015517940913063718,1.3565721413942136
38,54027,0.009781340068935248,1.4559817556576058
38,54029,0.014883073932043994,1.430255026094212
38,54035,0.011015880517920669,1.2617481273004807
38,54033,0.02115186100638213,0.5797010676330491
38,54037,0.012879989801145927,0.7399076097003741
38,54039,0.024820405309896015,0.4273281848938326
38,54041,0.011131798773253402,1.5851672685303961
38,54043,0.009929891232238256,1.096607140710351
38,54045,0.015974619223790454,0.9317879080207849
38,54047,0.020999526919007323,1.1375894061035885
38,54049,0.015004055433546567,0.6539957091382044
38,54051,0.014525635993894613,0.7817079291627556
38,54053,0.013209023917821678,1.2766627733439748
38,54057,0.01183892685857762,1.3287692310863641
38,54055,0.019118736534687566,0.8174428670531693
38,54059,0.017298923328908592,1.2475100151146308
38,54061,0.022449912935937958,1.1711984023104445
38,54065,0.007327622804383684,1.89001834331476
38,54067,0.009427978983434096,1.2005667043937525
38,54069,0.018633235818826952,0.677765532148429
38,54077,0.015037591066389225,1.0149221431482243
38,54075,0.006977975239082742,2.563224447952214
38,54079,0.016545744081320143,1.3258124593005172
38,54081,0.022095493814990468,0.6799415294890221
38,54083,0.010076464349629454,1.342655002539309
38,54089,0.006103178980020492,1.5454493291155476
38,54087,0.008100722470593354,1.8663317372322097
38,54091,0.005974634152648239,1.7061724719138365
38,54097,0.008703253259617296,1.934451597122324
38,54103,0.011484916186747051,1.3903895977202263
38,54099,0.013737416953111046,1.3080246393097763
38,54107,0.02009600524502238,0.5549686192566716
38,54109,0.011485668414493173,1.1647499726748238
38,55001,0.02006427543595668,1.1128113889746758
38,55003,0.008641251227764659,2.24896569144925
38,55005,0.01885524964725593,1.0908012072522797
38,55007,0.01497830395526117,1.583958179613268
38,55009,0.018113642378456415,0.47910321106801107
38,55011,0.012702589758683758,1.516202752725546
38,55013,0.018196381167397288,1.2729605721186585
38,55015,0.017183997139355155,1.2707424969367456
38,55017,0.017380362179430252,0.8548632794429933
38,55019,0.028092861092426872,1.163005745484422
38,55021,0.022310496429779184,1.0769840838608025
38,55023,0.016520383904489407,2.380451642789582
38,55025,0.041129949448309125,0.9179528765672975
38,55027,0.028416014651624473,1.0515336502617407
38,55029,0.019737397417778284,1.3497958506948537
38,55031,0.010612562542615413,0.8889024930494219
38,55033,0.01616152663310878,1.3202757598309893
38,55035,0.012086276627422081,0.5304930030327215
38,55039,0.02270552889473811,0.7651477101718612
38,55041,0.008462193331235128,1.7021336349619904
38,55043,0.02321115983657495,1.41795912728769
38,55045,0.017567771327892855,1.2901707589683318
38,55047,0.015029817816349662,1.9608779719773626
38,55049,0.01771848839317891,1.2040810458016133
38,55053,0.012859453210762076,1.128405734143443
38,55055,0.018090256094297364,0.7186812337675687
38,55057,0.02015018231269069,1.0425252611698548
38,55059,0.022023219312898284,0.6810290364218242
38,55061,0.007454135354623322,2.407301978610966
38,55065,0.01743572641286329,1.325355741906343
38,55063,0.011135532475256981,0.7250255203412181
38,55067,0.010340835101263872,1.7763364537487456
38,55069,0.016146535765657832,1.3895259668440376
38,55071,0.02207796514622005,0.7481871821914814
38,55073,0.02564526880929376,0.5644351870992129
38,55075,0.01884656086954638,1.1423092100695447
38,55077,0.015772404271660333,1.2243050330242182
38,55079,0.035069659885448454,0.8272599478335734
38,55081,0.017830656937565404,1.5854913735493392
38,55083,0.017569352863295577,0.9646711945915859
38,55085,0.02759493245208566,1.0051118741539429
38,55087,0.028715065072190085,0.4050215983529221
38,55089,0.02787519647988324,1.0963744422173851
38,55093,0.008340826022362993,1.56636569005209
38,55095,0.019616407642997487,0.9801220704514908
38,55097,0.015165092870933098,0.8502369095819636
38,55099,0.022428035921081304,1.4817030691303401
38,55101,0.02491521026402965,0.6765642008559734
38,55103,0.011101874692048453,1.7275656102609995
38,55105,0.019763984237740423,0.6525040630639942
38,55107,0.011596282050887039,1.4849385558701782
38,55109,0.02235851351120825,1.007285396028537
38,55111,0.019645028330615964,0.9540763201087131
38,55113,0.011954292607052719,1.3868895506989747
38,55115,0.022030894706551455,1.015161664561849
38,55119,0.012969395198533027,1.273556611070829
38,55117,0.023632243194416997,0.6900425137713909
38,55121,0.021192802802748937,0.9410684837022756
38,55123,0.018273664774968536,1.2552059576582362
38,55125,0.01715718435236213,1.361467271993172
38,55127,0.021437810562328474,1.169803861913469
38,55129,0.012153491797425673,1.5986211250050657
38,55131,0.03350993567084553,0.7473859765081344
38,55133,0.053589625777086286,0.4343847489495122
38,55135,0.0240361855551831,1.067140447830855
38,55137,0.016351348571467056,1.2658662193412142
38,55139,0.016711954979835738,0.5325917667011658
38,55141,0.022318502070306546,1.0356903628222112
38,56001,0.013356397166837723,1.0486978108783342
38,56005,0.016145973892305345,1.3792901464365683
38,56007,0.004723920600079707,1.8713231451785568
38,56009,0.005942181067747746,2.0046540657854086
38,56015,0.004241785762587473,1.8861323009264195
38,56013,0.011195788186025844,1.4034598135658094
38,56021,0.014555322670351764,0.5672160333873936
38,56023,0.005110424636758221,4.907417716819422
38,56025,0.0164476468531115,0.6604841696415669
38,56029,0.006891776132096231,3.5807798302760325
38,56033,0.006936750629451895,1.636620753824926
38,56037,0.013285478429226387,0.7970034328590428
38,56039,0.004433284563010748,2.2395966884031653
38,12057,0.027619796732822395,0.5752039920004328
38,12059,0.007444930003426913,1.5271538267475255
38,12061,0.05532836011482097,0.4961436430540003
38,12063,0.015623122297972582,0.7499626443823332
38,12069,0.04965158697797222,0.7087595501374695
38,12071,0.06250372054846852,0.7189378942946155
38,12073,0.03704100735601868,1.00218568233137
38,12075,0.014662797461903382,0.9479582343544533
38,12079,0.009077101469297745,1.1707629177504424
38,12081,0.04827814142810059,0.5234380702477878
38,12083,0.04846267554847777,0.46251837348683905
38,12085,0.04552754508147275,0.5289768917405203
38,12086,0.0316375301147593,0.6505212907858818
38,12087,0.04735936984557886,0.8395956975052425
38,12089,0.013959735728670661,1.1313333788382243
38,12091,0.021156707802373047,0.8040342843002896
38,12093,0.01740231166385336,0.6881804435455966
38,12095,0.04092871454396841,0.45403273696656904
38,12097,0.045050962672050304,0.4533743999707363
38,12099,0.044486838300769875,0.617578165132692
38,12101,0.045495546337627014,0.8052961451603902
38,12103,0.04866556253525914,0.45657644591982965
38,12105,0.032736181871523454,0.35471703003601807
38,12107,0.02263765463350979,0.7728767804100212
38,12109,0.029655921493159824,0.8073780950280591
38,12111,0.04475865179657352,0.8559652528057135
38,12113,0.027791324120923874,0.5210318481245784
38,12115,0.08742134040019274,0.6354519999830158
38,12117,0.031701742583070854,0.49817671437606537
38,12119,0.04904030942320044,1.0402495266786953
38,12121,0.014311277338536396,1.0272891719919315
38,12123,0.00499101525918789,1.6105247695371867
38,12127,0.045417908256339,0.6375965118630508
38,12129,0.006099596286643701,1.4065188715704995
38,12131,0.01303625665696413,1.0056238257417855
38,12133,0.010434780532941036,1.3458564608713286
38,13001,0.008775635337710917,1.0862379256204373
38,13009,0.009751123489681926,1.0809378633766438
38,13011,0.008869054182080244,1.3428526650856394
38,13013,0.024026100831130034,0.6567057289000959
38,13015,0.02271967571409564,0.8315767744085413
38,13017,0.010067441110805434,1.217635046835762
38,13019,0.010574507269509871,1.263584977659163
38,13021,0.02425486893798842,0.6489607539436867
38,13031,0.01249710300040283,1.1113836911552817
38,13027,0.009595915641209452,1.211481697849539
38,13033,0.00991317819492481,1.1082414730481822
38,13039,0.008184201565843803,0.8089527323615179
38,13045,0.022524159614466688,0.6900282561007526
38,13047,0.017792304118218732,0.816102054170701
38,13053,0.024290280678966696,1.6390486151076118
38,13051,0.030268651389173697,0.5300411686857036
38,13055,0.009559027628681386,1.1532293799315283
38,13057,0.049782345346094006,0.5177123193257928
38,13059,0.03718250927585713,0.5366419063549602
38,13063,0.049383041231970584,0.4250070609376035
38,13067,0.05301326416996396,0.7789624340216772
38,13069,0.01468281094803248,0.8507814040360356
38,13071,0.01641336147492382,0.8909640227018513
38,13073,0.025756932280797323,0.6603593628649458
38,13075,0.006136555611642987,1.3794211414365645
38,13077,0.03464647214121138,0.6012996815495047
38,13081,0.009773267694892769,1.1246240043016862
38,13083,0.006326654049181025,2.655230683907955
38,13087,0.007624183824836943,1.0803827168045126
38,13089,0.038324201447820394,0.6269804772916822
38,13091,0.011958648528567059,1.235967436795535
38,13095,0.020536046973618872,0.5672003210797929
38,13097,0.034550431823791146,0.6989829141663244
38,13099,0.01220085488890709,1.1558757784093958
38,13103,0.015682275834339624,0.9984166917966246
38,13105,0.010067005719435371,1.0876971698063238
38,13107,0.007091437317082457,1.2203356533756347
38,13111,0.011259781874337647,1.1192649564856367
38,13113,0.03511922174778699,0.6982323205374537
38,13115,0.01773055062183954,0.6297655446614477
38,13119,0.00910923264348038,1.4508714447367537
38,13117,0.053085976488468134,0.6529340034449793
38,13121,0.04462362726344415,1.0290525892374098
38,13123,0.010195394729176464,1.1755301781825276
38,13127,0.014266744261358537,1.0079400177381714
38,13129,0.019320258945465657,0.8333030765387551
38,13131,0.009592305917528708,1.1099640823129455
38,13133,0.014152808505154366,1.0480965148971715
38,13137,0.012788007226213517,1.0839944422237275
38,13135,0.07424002333352175,0.6611908994120367
38,13139,0.036173002162319196,0.4869242114938702
38,13143,0.008814605224295374,1.3741409371537299
38,13145,0.008809618686456293,1.191544745367636
38,13147,0.007268436272798123,1.3443646924782564
38,13151,0.049149082273938306,0.6234362512247649
38,13157,0.01776069534626909,0.9093211580356525
38,13153,0.027027828775836198,0.5754842139792454
38,13163,0.007684470398525457,1.595511789665077
38,13169,0.0077000462831370575,1.1825471014896254
38,13175,0.016703108920383812,0.7207845207110203
38,13177,0.009659614484782628,1.4468394678412348
38,13179,0.023283816845983022,0.6941676318027075
38,13185,0.01996226140916307,0.4575611580710127
38,13187,0.005714920791133308,1.6342438420964507
38,13189,0.011029946874147356,1.1874556129456075
38,13193,0.00809110149247217,1.546763272478314
38,13195,0.012398940140877923,1.2058100435694339
38,13199,0.008498752172809616,1.496531580673017
38,13205,0.009306011356976935,1.2939499151800948
38,13207,0.008260410683051748,1.0607114879954085
38,13211,0.009107351369309673,1.0349533242608457
38,13213,0.014822489937179098,1.0624614481304013
38,13215,0.026475324152012952,0.6266772388134392
38,13217,0.023797152344801793,0.8231062348984647
38,13219,0.010293572291921712,1.3188902011466097
38,13221,0.005720979874511716,1.3964343212916581
38,13223,0.032027732754005056,0.6059604267155426
38,13225,0.004673006178003895,1.2414887460144246
38,13229,0.007023303352638806,1.3673887781438063
38,13227,0.008118235506386783,1.3862626426425897
38,13231,0.007996052139636521,1.6062314564304128
38,13233,0.016137505802595924,1.072049020270213
38,13237,0.007499451513805162,1.4083440046056728
38,13241,0.008142471744022075,1.2366613563392173
38,13245,0.02578148090702312,0.7096483437770346
38,13247,0.02067343018682837,0.7367484216841608
38,13251,0.006907622215337555,1.1368641591124369
38,13255,0.013721143130111793,0.7253692347852497
38,13257,0.007428215360653776,1.1457335503373363
38,13267,0.008351970115406398,1.2356286772781122
38,13261,0.007364119793449527,1.0141971458978356
38,13273,0.008344792305774316,1.9538396844481194
38,13277,0.008877287179496708,0.8031536391800164
38,13275,0.010640451618947952,0.8382865239440556
38,13279,0.00972167526429298,1.2664354713545403
38,13285,0.017293657507586702,0.6856328711750589
38,13291,0.01636037273919485,1.174240615523144
38,13293,0.011826996257553466,1.0193079235526563
38,13295,0.01653606400972921,0.8704054145455354
38,13297,0.026151665394077973,0.7527961297085739
38,13299,0.010121837422531633,1.0369340915102565
38,13303,0.007643067800565406,1.256230268104464
38,13305,0.009836526653336161,1.2813543292458387
38,13311,0.005970836631044247,1.3651715800491355
38,13313,0.02987335684358675,0.6998200922963931
38,13315,0.008831001528755997,1.5717141556370633
38,13317,0.005478705700942422,1.6984092406853186
38,13321,0.007623317215693955,1.1210197628114351
38,16001,0.037733553535789034,0.5339218912417345
38,16005,0.013779817791624353,0.537930786123598
38,16011,0.015999057797592104,1.0364016092712214
38,16013,0.004145537185876837,2.144171418743724
38,16017,0.015396892722180514,0.9099736267216293
38,16019,0.020298592510054652,0.5219171156565756
38,16027,0.03335559871381443,0.5787640596428509
38,16031,0.012920629038725432,1.427867178475934
38,16039,0.0044735492120710485,2.8964852958953173
38,16049,0.009017142597530623,1.2817663109317485
38,16051,0.008127761974261693,1.9594123100927028
38,16053,0.008774749845207978,1.5976441368374255
38,16055,0.025432158728401946,0.5532644226954874
38,16057,0.006036931049536821,1.190565148745721
38,16065,0.013440809827359483,1.6288002281490437
38,16067,0.009929875142865457,1.5366155004143995
38,16069,0.010198322248771574,1.03591971704524
38,16075,0.0075666509037328935,1.7562312335929966
38,16083,0.012776909243790782,0.7061769903083044
38,17003,0.010592980039020011,2.068470522351241
38,17001,0.011867854112706069,0.680930081042624
38,17005,0.004313121467665023,1.3749615401098834
38,17007,0.01574349373017345,1.1810869611369044
38,17011,0.019404308586060397,1.1251362845700508
38,17015,0.014278395894758471,1.4443358877741872
38,17017,0.010446897337128593,1.966799206212845
38,17019,0.03460837237008599,1.1096301577245642
38,17021,0.016487131336519148,1.7667473310546575
38,17023,0.006690805462116536,3.306288097558663
38,17027,0.011314716478918277,0.9903492772402109
38,17025,0.006198386320960735,2.0864783836230263
38,17029,0.010005068722183147,1.524110086442878
38,17031,0.013410217959255335,0.9446595471791832
38,17033,0.012927191772415957,1.5003163785761655
38,17037,0.01572747091679505,1.0297999981041888
38,17039,0.009451481493477978,2.125537671205837
38,17041,0.011088070704881846,1.2713783303451014
38,17043,0.04493524983017581,0.5508268432687717
38,17045,0.007956650832824869,1.4527511590763922
38,17049,0.014570486519149526,1.230508795079564
38,17051,0.010129810215742375,1.2360964034728188
38,17053,0.00878911523763404,2.4758393960934892
38,17055,0.022839802463925307,1.0018493610026644
38,17057,0.018458847508921804,1.0365457243879341
38,17063,0.012005120617695552,0.905885665797043
38,17061,0.010956345648833896,1.4533460284399797
38,17067,0.016350200376945064,1.1845319058536015
38,17073,0.013972824170431901,1.0111336454199014
38,17075,0.01953026262904337,0.9737327068192786
38,17077,0.01223713048660545,1.009462735410194
38,17081,0.012351040288494281,0.8086215533540352
38,17083,0.0075049581856071424,1.182610540198773
38,17085,0.009682639905669407,1.2473039510147932
38,17087,0.0030590781377619154,1.6381679234192585
38,17089,0.05209398549605485,0.7692862484093641
38,17091,0.01534468724060956,0.582124896204883
38,17093,0.03254710183685349,0.9880293338273678
38,17095,0.013190642836061956,0.6833177688633018
38,17099,0.024770284988248775,0.6660080766521707
38,17097,0.039753675140999326,0.913070526842802
38,17101,0.01229659778734988,1.4643829686030068
38,17103,0.012631215187165925,1.0141349831971436
38,17105,0.010985989464914008,0.9497309958748336
38,17107,0.012372845990536556,0.9845674206794941
38,17109,0.008873242935406159,2.2728072587599204
38,17111,0.051126220590096395,0.44968713303212166
38,17113,0.020764916819260137,0.5808905312414904
38,17115,0.018414873589003913,0.5253716929522803
38,17117,0.0211320839096837,1.0346507469445654
38,17119,0.026531042683019188,0.6482476670458948
38,17121,0.01878134372536008,1.095257231564098
38,17123,0.013527503509410566,1.283387585929272
38,17125,0.013280645381800084,1.6188951314713753
38,17127,0.006387632034902909,2.045086994182558
38,17131,0.0084136724351869,1.7351851131028735
38,17133,0.01127181789346657,1.996066947705692
38,17135,0.01328902953242397,1.3865995122440615
38,17137,0.012222894700904777,0.9335437696858728
38,17139,0.006462831853324676,1.5032546471029369
38,17141,0.01762212027501482,0.9897864677686659
38,17143,0.024764966000269922,0.7492925884633964
38,17145,0.008975990916779428,1.6709495681840607
38,17147,0.005173190712465615,1.6310523700539024
38,17157,0.011506654620026936,1.1289385061811317
38,17149,0.011199982421050548,1.1489096408212076
38,17159,0.008392764453632092,1.4054309296192236
38,17161,0.017723060788578403,0.48625444377479143
38,17163,0.025707531172415615,0.8904472786351758
38,17165,0.015396513285295534,1.4803477539769827
38,17167,0.022736091763158627,0.6372345137728896
38,17173,0.013848030805067288,1.322927254060202
38,17177,0.015120441683713941,0.7916236949969317
38,17179,0.02526128378511905,0.626258725514827
38,17181,0.008037045449206422,1.4196565537569577
38,17183,0.0221523021703346,0.6705660471326209
38,17185,0.006576739235735014,1.4657741687342514
38,17187,0.006060290758350018,1.4460576674951449
38,17189,0.009266964966245583,1.8877323504029906
38,17191,0.01393993151686164,1.912759205518885
38,17193,0.009566354253651632,2.2025504120697583
38,17195,0.02438978788059943,0.7112386403293964
38,17197,0.03766603643719557,0.7186331078123424
38,17199,0.01741845316761251,0.6928992576920865
38,17201,0.02230846119697847,0.6094199891383257
38,17203,0.014022143980863065,1.1466783044107438
38,18001,0.010510122617476771,1.6926080742969871
38,18003,0.02823377865026404,0.6499794844067417
38,18005,0.01986550294170747,0.6407832440820971
38,18009,0.007751328937463112,1.6244722735077208
38,18011,0.0139428768496676,1.5187513297266455
38,18013,0.007343840460809345,1.4750719609295786
38,18017,0.011205698274607349,0.9107138780895147
38,18015,0.015782176948119044,1.223345823732626
38,18019,0.020434204359973392,0.7547158339313677
38,18021,0.010046597912809895,1.7444295784617907
38,18027,0.01142721886567572,1.3029307385635038
38,18023,0.011081369472183937,1.0964952840547348
38,18029,0.01625139138283761,1.0187314761451558
38,18031,0.010277661043288018,1.3009451714867097
38,18033,0.01550065325616487,0.7702095645760142
38,18035,0.019501450398616414,0.5899166123650591
38,18037,0.014758132737841179,1.3620499749856707
38,18039,0.032878920493513444,0.4961958704675343
38,18041,0.01387666879104917,1.2943609858839267
38,18045,0.010669170289883678,1.5730329597813448
38,18043,0.016287562166911542,0.7237947585826947
38,18047,0.00860246375674729,1.5624661311500123
38,18049,0.010567193141614861,1.1310217046835045
38,18051,0.009984078094721379,1.4227125910518952
38,18053,0.015238646005446319,0.6997566657694669
38,18055,0.01257137250160707,1.4596602714453912
38,18057,0.05402574009083846,0.5470635635942692
38,18059,0.02145396533310836,0.9148316165421497
38,18061,0.015965608440077772,1.3160095660627202
38,18063,0.029393165800375144,0.6101014895905567
38,18065,0.01849602764996353,0.777557403428577
38,18067,0.02183453009137854,0.5972568621783689
38,18069,0.018359343957928532,0.9281581658026519
38,18073,0.0109028631300783,1.1495846298521575
38,18071,0.014001899942308048,1.0626045609083021
38,18075,0.014723918093090226,1.419210930217697
38,18077,0.009867210379484294,1.2578937386231555
38,18079,0.007064350312445086,1.311762322237908
38,18081,0.025841232981228833,0.6555650334826064
38,18083,0.008041566577453802,1.0383103520969
38,18085,0.019661885959801985,0.6618643025196104
38,18087,0.015528729450748294,1.0727292749906168
38,18089,0.03155858018450837,0.8666450403700227
38,18091,0.01773192701821104,0.6009666048812019
38,18093,0.014375681869714448,0.9698643571046127
38,18095,0.024645007318183944,0.5496236694252118
38,18097,0.029207393170691553,0.4996881416873691
38,18099,0.015356901283003491,1.0614134546305312
38,18103,0.010448155888592964,0.8425475793032159
38,18105,0.023160275190688105,0.8989760530649464
38,18107,0.014750492218201976,1.1001942136809302
38,18109,0.021008173418659768,1.1516944734948018
38,18111,0.006982614333581658,2.302036465238583
38,18113,0.014648187220449829,1.2135170823400776
38,18117,0.01502245785270258,1.2248514069424865
38,18119,0.012169301797781076,1.4706975505258226
38,18121,0.006880155050500065,1.6010142820569135
38,18125,0.011513490605086473,2.431814185035058
38,18123,0.00787181981523801,1.3674742808975255
38,18127,0.020007205172884027,0.5254856114093616
38,18129,0.011945393659477065,1.5048942743676645
38,18131,0.006190941175077384,2.0396150233203567
38,18133,0.006276795055894405,1.102579412627405
38,18135,0.017794127407068067,1.1374691452427104
38,18137,0.010828743218917013,1.362101633407125
38,18139,0.010564048384962445,1.6417746800840969
38,18141,0.02481541287645428,0.5733139761422478
38,18143,0.008315693916546883,1.205122354724859
38,18145,0.015540658631335457,1.0197275888467745
38,18147,0.010017139786033713,1.5560764530540394
38,18149,0.013712896067558768,1.197027920696899
38,18151,0.010558061776982977,0.9027624728621
38,18153,0.006607987016964728,1.0855709387061248
38,18157,0.023123655078859287,0.9030568532951214
38,18159,0.003959567354099136,1.5445023592198754
38,18163,0.02189290296936088,0.48026798187078
38,18165,0.01060332910198323,1.5993230437597123
38,18167,0.015547898254401228,0.580799163578659
38,18169,0.012984428023409328,1.857338258150183
38,18173,0.014401956459252855,0.8749509437116815
38,18175,0.014141242931447208,1.3164087048264772
38,18177,0.017346237771666623,0.7756568977879438
38,18179,0.013041030346028173,1.2374925410763293
38,18181,0.013036715694147993,1.2152100508090389
38,18183,0.010839402814778786,0.9889325408016663
38,19005,0.009976525443380832,1.2597964310462348
38,19007,0.009101233075148239,1.158640683493072
38,19011,0.012578060194053877,1.3147801523007485
38,19013,0.0180169956655508,0.6167218547319192
38,19015,0.008369796303203886,1.3404443409094857
38,19017,0.011108909981241925,1.2288617523047443
38,19019,0.009460668923165582,1.2840358016508742
38,19021,0.006264330803529475,1.5462316153075482
38,19023,0.012180886730387922,1.2501342710677719
38,19025,0.009095236417906001,1.5052000626995494
38,19027,0.008601083879818623,1.6401005522169525
38,19029,0.00935003669386328,1.6240580280972439
38,19031,0.009026278264787094,1.2957323605307351
38,19033,0.011184639860313575,1.1463913922710716
38,19035,0.007405226275364392,1.3366590480974296
38,19041,0.005205448275313186,1.8808227666516604
38,19037,0.008949267635022042,1.9709117873561142
38,19043,0.013929544225232066,1.4719574867981053
38,19047,0.013332790090162545,1.2461800387088244
38,19045,0.015520291016171764,0.9840088853345957
38,19049,0.01645640520170906,1.2347110161436994
38,19055,0.0068744999040924,1.6634791879609998
38,19057,0.01272270367991162,0.8435782817777694
38,19059,0.008213712218050048,1.383042556943293
38,19061,0.01419505973259117,0.5446844365964926
38,19063,0.004947464018673664,2.239162968528944
38,19065,0.015219695728506226,1.7456219353710891
38,19073,0.008129821162519405,1.832235913524079
38,19067,0.009577345959916411,1.6910749712163025
38,19075,0.008816407373108877,1.8347116828506278
38,19079,0.008296198500973712,1.5948115761578139
38,19081,0.008420255532663734,1.455087284726882
38,19083,0.014336524924765759,1.3813473256125581
38,19085,0.012903048559752075,1.5375321508515152
38,19087,0.008788149931520366,1.2597376453840397
38,19091,0.008085348013883675,2.4181587719695767
38,19095,0.007548841798188653,1.6239791857720227
38,19099,0.012186316903429523,1.160397748323209
38,19097,0.011137716770066957,2.3898767309216766
38,19101,0.005126479447624934,2.0283799346285285
38,19103,0.03067801044480291,0.832429870554753
38,19105,0.010176211493607498,1.673999111363543
38,19107,0.010779804051724347,1.47315949787736
38,19109,0.01468898077081267,1.5988834552681404
38,19111,0.01192340049941465,1.424119151776556
38,19113,0.02566244375036032,0.41759914328844605
38,19117,0.011365208990841378,1.7818585175419621
38,19123,0.012276046472772499,1.2383873456577503
38,19125,0.006642955680746107,1.7912765386013654
38,19127,0.014489886325915514,0.7712655848164435
38,19129,0.0075043051622350155,1.6674533072339905
38,19133,0.009857513992379961,2.230606665303506
38,19137,0.008053453171613913,1.9799967976433275
38,19139,0.013829080775338017,0.9084665637796867
38,19141,0.006667394514682798,2.096220600951781
38,19147,0.007352357540395324,1.5063090703913085
38,19145,0.013583178830947278,2.344182606335144
38,19149,0.009786002469142591,1.4099757771488577
38,19153,0.027956250896581804,0.47184786277063184
38,19155,0.020308456900035538,0.6239496879199192
38,19157,0.009261356190394622,1.939857395771226
38,19161,0.013083483613311192,1.4745971199365129
38,19163,0.01770994618199122,0.6305880266342169
38,19165,0.0070125927408384355,1.9507067782669583
38,19167,0.011254701915316275,1.3639637265407836
38,19169,0.02238923648530688,1.223771478071641
38,19171,0.012480521715976732,1.6901979621101868
38,19175,0.00469463540780348,2.195707999069324
38,19179,0.014935087142656497,0.7854081126481213
38,19183,0.007432780265480703,1.6605641982894535
38,19181,0.012994603044192435,1.1326342255353066
38,19187,0.010783888178338006,0.8201724547790977
38,19191,0.008197132830982017,1.359609887939706
38,19193,0.01585820386805235,0.4927784887626574
38,19197,0.009286845214367703,1.9967689222744573
38,20001,0.011418364596508364,1.5381851603769177
38,20005,0.0048463231090362284,1.8520958212080574
38,20009,0.009976033511817816,1.142503583496476
38,20011,0.00834480909454092,1.661205195132235
38,20015,0.014317239169319259,1.1691241982358558
38,20029,0.004750307826067315,2.0879866219079095
38,20021,0.00968148678998515,1.5919285784570187
38,20035,0.012120040076209548,1.1122577467073542
38,20037,0.012692040060444412,0.9595244567682588
38,20041,0.008448628664352637,1.4305343207169585
38,20045,0.022979145661644374,0.513360415774355
38,20051,0.006257347911203235,1.3454453487891187
38,20055,0.015984235589424443,0.7355887903038985
38,20057,0.011739980729670684,0.9753591516936257
38,20059,0.007047054505082088,1.250318210036951
38,20061,0.01648737506868192,0.8620269222204238
38,20079,0.013054708909058497,1.3681476988829033
38,20087,0.008703217071372652,1.6422881100936715
38,20091,0.0360185924014256,0.4978652109477978
38,20099,0.01154252903888378,1.1621935737706184
38,20103,0.012239981399806947,0.7792429309853942
38,20111,0.007705863248524402,1.1632098182872428
38,20113,0.009128993133567558,1.6824752770989566
38,20115,0.006619049173518677,1.45928735243543
38,20117,0.0066918910526130755,1.3972812308980223
38,20121,0.009979095559986719,1.0612075492698756
38,20125,0.014056452714560875,1.0419903582260786
38,20133,0.010863644827525415,1.4321243027180728
38,20149,0.006259872016420108,1.9122656879763371
38,20139,0.00931559453749287,1.506203695316933
38,20155,0.01363084498603077,0.6428239693846062
38,20161,0.027150437163743504,0.7604924135642422
38,20169,0.009070629449030516,0.7244194065372423
38,20173,0.02363954395039464,0.5194021198597011
38,20175,0.009928561216167406,1.2679520480376363
38,20177,0.01865845468014967,0.46946815706985456
38,20191,0.010125746818977873,1.2210716313032641
38,20205,0.009189282809404273,3.128178641278328
38,20209,0.056821686278509795,0.5544173979992087
38,21001,0.012772225644088581,1.0885371545135454
38,21003,0.00957199398312239,0.9652536232397815
38,21005,0.007554704660845101,1.2896671477212356
38,21009,0.013460597121307797,0.8412758925212479
38,21013,0.01628485681781522,0.8900126388515356
38,21015,0.022058329164918247,0.551181907224729
38,21017,0.009383124122524714,1.242999060591842
38,21019,0.014148610927609247,0.7511965776927455
38,21021,0.009231155662614775,1.0771400420489436
38,21025,0.01791008793505545,1.2864176990708962
38,21027,0.010903405491507808,1.2157873742515612
38,21029,0.018252525462797372,0.6605403798014461
38,21031,0.007063963658831101,1.34029072815342
38,21035,0.007187074549459391,0.9166909636859318
38,21037,0.013868353519018363,0.9526219600917947
38,21043,0.010301009037437556,1.1957412562388674
38,21045,0.008117201944968922,1.303062962582756
38,21047,0.017503105381693293,1.7006875888456023
38,21049,0.014065052269674196,0.8037014219896675
38,21051,0.010190577988488658,1.1040956724279711
38,21055,0.006520182517312696,1.3501356106762499
38,21059,0.017647747799851173,0.6298458080377156
38,21061,0.0031137608533094918,1.5766868306088313
38,21065,0.008619305201419788,1.4943803253878518
38,21067,0.023616283944384468,0.5097586240103241
38,21069,0.009153693721017594,1.6768259003298835
38,21071,0.01548228527594582,1.1185914308646063
38,21073,0.01513855768086416,0.6842559630511017
38,21079,0.006851719619865275,1.3590494594611089
38,21081,0.00512828604300752,2.069498889849911
38,21083,0.013387570260865397,0.9392058634046951
38,21085,0.011526230108644502,1.030316475242697
38,21089,0.015891675538613533,1.2122367196876396
38,21087,0.0061315509812600675,1.3177943897490547
38,21093,0.01617473576709546,0.6762666820350708
38,21095,0.018435117920820886,0.9219967585237046
38,21097,0.007779809756151493,1.2654393368683008
38,21099,0.00905476502977813,1.2312803613159795
38,21101,0.009900749997969822,0.9822803906392796
38,21103,0.010984381131280538,1.2220433054888111
38,21107,0.016562344493288025,0.8729995788647819
38,21111,0.024786528617629013,0.8490419272846096
38,21113,0.009813422333848285,0.9782083843045059
38,21115,0.009715126706054452,1.296927940098267
38,21117,0.02443067277225609,0.7151929762566981
38,21119,0.010427009375493373,1.0635795361369613
38,21121,0.013898680650316197,1.0751895488966992
38,21123,0.004171112032137858,1.3419621512736515
38,21125,0.016597883133068682,0.7964743418416127
38,21127,0.011305766370728876,1.2813938995394396
38,21135,0.006640962137925624,1.3944562667504716
38,21133,0.009668426424006575,1.168003049414192
38,21137,0.009545312523683912,1.1932408151072205
38,21141,0.012303346396792432,1.2305620259749206
38,21145,0.012101846990386104,0.6798712443403547
38,21147,0.006107835146956807,1.4871155013456405
38,21151,0.012113527745997457,0.7613007010988584
38,21153,0.005933058892146093,1.374486830014121
38,21155,0.007148054778206697,1.2775387860804444
38,21157,0.014395724419791835,1.449318978391866
38,21161,0.007364280300634544,1.2387017765195671
38,21163,0.00944554266811838,1.5254027007492674
38,21171,0.00590688268828924,1.3439482026607195
38,21167,0.010115258577049962,1.314380638294265
38,21173,0.008514018447350336,1.244843353064205
38,21175,0.011811128809148122,1.1924962267322763
38,21177,0.014885991422767236,0.953651712989866
38,21179,0.012788090544154373,0.930972462798288
38,21183,0.010609465419511058,1.1445512713049237
38,21185,0.024102272665340485,0.7220788646533776
38,21193,0.011084985842286506,0.9984548416419606
38,21195,0.0262267353374477,0.7137890159906035
38,21203,0.006033297605578899,1.4892580185924638
38,21199,0.017573506362360145,0.701761506279294
38,21205,0.003901626127588008,1.5382058958458984
38,21207,0.007457686316298278,1.330052117604518
38,21209,0.014495980555520888,0.7268908434978957
38,21211,0.009614372628919187,1.583911216058156
38,21213,0.004516114684702012,1.518939272558249
38,21215,0.006823897580929422,1.5908173444710467
38,21217,0.006143116016855784,1.2473183047302372
38,21219,0.005849970193836664,1.610640806559971
38,21221,0.006726287893133149,1.110042320911096
38,21225,0.003938993269254666,1.5444313858598866
38,21227,0.015446555059046378,0.6960085313632117
38,21233,0.006182021420330634,1.8361973262579223
38,21231,0.008352087673434245,1.4253014562725435
38,21235,0.010358942054031341,1.548541878266786
38,21239,0.009624728964523268,1.0615433393498608
38,22003,0.0073599266037815345,2.546239923741062
38,22001,0.020322593130661523,0.6905265171630358
38,22005,0.028148116716947218,0.6949903065641693
38,22007,0.013463324152544443,1.2762809165648559
38,22009,0.014286642894879567,0.9583232876736437
38,22011,0.012975464739288812,1.2298377409925643
38,22013,0.012500356350952545,1.6954114123772352
38,22015,0.015737961141538193,0.6217203558835015
38,22017,0.026455592911126032,0.5398616231059562
38,22019,0.020633817418235948,0.4402962477048635
38,22027,0.011509873975914407,1.4073425046668238
38,22029,0.007038947909251261,1.5224769281455692
38,22031,0.012682868605545095,1.2626491539639293
38,22033,0.02524615471504682,0.6822862378210004
38,22037,0.00815369483667217,1.2502088950364276
38,22039,0.01465569027591574,1.3161347185391283
38,22041,0.010510511754264555,1.9468087823712164
38,22043,0.008485181013252784,1.5912494910787407
38,22045,0.019570986447148966,0.7601312455669943
38,22047,0.010371613720463505,1.4093611301302418
38,22049,0.008753589223539013,1.3875957326832584
38,22051,0.029639618340464653,0.4860092662583027
38,22053,0.014109904897617343,1.3570561851256047
38,22055,0.02258493037555903,0.5248048860488573
38,22057,0.023964200810319667,0.8488888422025249
38,22061,0.014477767723910745,0.8293103084097472
38,22063,0.030203622713436816,0.6558598799502842
38,22065,0.008508118527244448,1.8598930847769344
38,22067,0.011557911532304822,1.3350041149210072
38,22069,0.013549426426066036,1.2023831604539297
38,22071,0.06055849229686695,0.5814765321870685
38,22073,0.02215847412771717,0.49387167473277077
38,22075,0.015342389332356546,1.7612375807526661
38,22077,0.008269081786119473,1.8207664564819614
38,22079,0.02518964919012042,0.4480086251042575
38,22083,0.010181498932415763,1.6189995519855653
38,22085,0.013392349063468499,1.3443448761151722
38,22087,0.02415459829939428,0.6226723608671062
38,22089,0.011832906324314425,0.7336656607541828
38,22093,0.01234775183909169,1.236168621067677
38,22095,0.011189128749832885,0.9118238127991002
38,22097,0.026020844449702922,0.7361720653534479
38,22099,0.013015444558228161,0.9925949877357229
38,22101,0.024394625098877833,1.3973396123254433
38,22103,0.02973720365408484,0.5266712321866565
38,22105,0.026830741681954217,0.6198150806513435
38,22111,0.011954730957841636,1.1788462499292816
38,22109,0.027212776899738788,0.6871171428960726
38,22113,0.016469127516960932,0.8077122527854539
38,22115,0.0219970277917299,1.0010837270754696
38,22117,0.019261252371270944,1.1104233922224243
38,22119,0.014377178228532426,1.3869569724301642
38,22121,0.007480199424791365,1.8506726466819226
38,22127,0.006440216279003583,2.2878445171883004
38,23001,0.020616678425783828,0.7003883571920515
38,23003,0.03956423395148999,0.8865086606031889
38,23005,0.032451018901141646,1.002528461690254
38,23007,0.013279204646432303,1.1769166408487186
38,23009,0.03259916992642476,0.6511902288870897
38,23011,0.028406527708550924,0.6212274368949597
38,23013,0.017628872476628702,0.9786364576521137
38,23015,0.02230047024115422,1.5914645841022608
38,23017,0.026298545702619903,0.6809277204175588
38,23019,0.022971302365245628,0.7126392946055606
38,23021,0.021552420250169162,1.0823098303535155
38,23025,0.025966618889134006,0.8434718611577838
38,23027,0.01683768116225162,1.0729819209444007
38,23029,0.027676580539920365,0.799932445525667
38,23031,0.028690032004436945,0.4654667746565298
38,24001,0.020619363978296248,0.6394270743514806
38,24003,0.031843386752571416,0.5134441626677535
38,24005,0.02953151380634561,0.5485149291129531
38,24009,0.022701613210512697,0.8565496137731741
38,24011,0.01369634962542908,1.0756297664689063
38,24013,0.034254121717443284,0.43569906498192734
38,24015,0.02162544121411786,0.7001144372515113
38,24017,0.024999933935793996,0.613504289663217
38,24019,0.011241401199310528,1.228764263933849
38,24021,0.023368583769650036,0.576284846758171
38,24023,0.015213871366300548,1.1434483474744206
38,24025,0.03290274077381452,0.5034942122527305
38,24027,0.054898698014385974,0.5645503302540649
38,24029,0.008102797711833297,1.6090875251087633
38,24031,0.04537303264046983,0.5985536514317423
38,24033,0.03403575828768194,0.6657747313848781
38,24035,0.015366777654282305,0.9285209540283508
38,24039,0.009858100025172942,1.527160282169597
38,24037,0.02175405011392071,0.8268125992871544
38,24041,0.019462379880056457,1.4013249710876354
38,24043,0.018080660296919536,0.5306031331961589
38,24045,0.018419534170887923,0.6078908382318664
38,24047,0.024563359426234378,0.9572208780974091
38,24510,0.04774649531150433,0.5847248958869163
38,25001,0.06125221292586527,0.5097035118664591
38,25003,0.032887318418296875,0.6703487167223602
38,25005,0.033662440202605434,0.969777407251141
38,25007,0.008558954625421623,2.020879248571017
38,25009,0.0355956239208746,0.8849247213229505
38,25011,0.02858985646702109,0.9639396855161237
38,25013,0.030533448427943456,0.5114941597342163
38,25015,0.03360715659104816,0.6938978184048914
38,25017,0.03590433026540125,1.0867171021134734
38,25019,0.00699886973573881,1.3429229925229333
38,25021,0.04966822199041033,0.992352255837652
38,25023,0.04132994828569561,0.7908127663891189
38,25025,0.06449610108810275,0.743624413934065
38,25027,0.02852064379133146,0.5465113430537882
38,26001,0.02478770286832371,1.3795111992106115
38,26005,0.02346293829245544,0.7783429596767855
38,26007,0.019190556141699282,1.039756235326954
38,26009,0.020554941721880438,1.1855984933736485
38,26011,0.015229775079943176,1.6178881648403833
38,26015,0.01720317258901102,0.7041110289050857
38,26017,0.019661663104317453,0.6124375786199168
38,26019,0.013253321373041128,1.6831747102616312
38,26021,0.025041341463593478,0.5529524549495596
38,26023,0.019748120353331913,1.2807810851901482
38,26025,0.02167185425835154,0.5838697172392495
38,26027,0.021214833675466394,0.8843985946287635
38,26029,0.02352383176830017,0.9359030572100916
38,26031,0.020791349876021655,1.1163823220887206
38,26033,0.017828633568416016,2.0418256474282113
38,26035,0.023252104275036167,0.7803461717238569
38,26037,0.014978939251846608,0.6486762765771096
38,26039,0.014115526256813251,1.175566134678355
38,26041,0.01833715621738274,2.1044068118575154
38,26043,0.012340612308463108,1.144253408986209
38,26045,0.023758178310057644,0.6629244932176483
38,26047,0.012509099901883597,1.1051800919719164
38,26049,0.034112499153169065,0.6252685007293636
38,26051,0.021557810715718696,0.9433633603831948
38,26053,0.013980406561826999,1.5250508496784168
38,26055,0.020575934218296857,0.604537050825053
38,26057,0.014287322138195464,1.1477593567268933
38,26059,0.01805924187611289,1.0454845676780289
38,26061,0.014263110279814662,1.0048323390955118
38,26063,0.027188260346649607,1.1187228276606573
38,26065,0.04087715582485669,0.8484786986827842
38,26067,0.01317587313532759,1.2057959690723623
38,26069,0.029477690955753873,1.0383629726302885
38,26071,0.018080268684681804,1.3903672317085247
38,26073,0.016123290929217007,1.0074156106382415
38,26075,0.019303207755181157,0.7899287282877482
38,26077,0.01671802373583679,0.517807338092197
38,26079,0.008509722362257423,1.406577262903046
38,26081,0.03001020412220428,0.642825176205886
38,26085,0.014189900891392217,1.4682065179711357
38,26087,0.03151871660287474,0.7549351355694478
38,26089,0.022299891000998266,1.2910355112269751
38,26091,0.01711273762797429,0.8093946572013967
38,26093,0.04717081336556698,0.40955677495372267
38,26097,0.017644321672254007,1.4369033228554633
38,26101,0.022602718962161705,1.2854872428870154
38,26099,0.03220664271204428,0.6362631080003273
38,26103,0.017726128950288734,1.0613456925519174
38,26105,0.01702910244632855,1.4782976038563245
38,26107,0.009614785590238787,1.6476353476047239
38,26109,0.01713236643360753,2.153541668822891
38,26113,0.011283143965846539,1.5768023420205193
38,26111,0.018808896939687323,0.7316649582652764
38,26115,0.022812808101812607,0.5945817692392398
38,26117,0.0244452475999741,0.917085081413311
38,26119,0.018697131657483886,1.5352890019624248
38,26121,0.02171951647038216,0.5014804226458617
38,26123,0.028627936681564634,0.8933812978417845
38,26125,0.02839685687081313,0.4744288837087352
38,26127,0.009715541518669003,1.1206069115469512
38,26129,0.020344588070651242,1.1453707488412523
38,26131,0.00827904622152247,1.744338310009476
38,26135,0.01743175540143746,1.3549612584392245
38,26133,0.020052765607101213,1.2051223888695926
38,26137,0.01074143751207118,1.3228206634946813
38,26139,0.029902631968061238,0.6425991510815674
38,26141,0.021587262072078565,1.3218379380816365
38,26143,0.034258478215250354,0.9342568011893266
38,26145,0.02474462975400269,0.6049927398159484
38,26147,0.031124360904886194,0.6410834822380358
38,26149,0.02220124022574771,0.7892133442309538
38,26151,0.020779561251441342,0.9683879537847705
38,26155,0.019041628594747798,1.014995445612703
38,26157,0.030989217309387557,0.7129757641924044
38,26159,0.019747199388127756,1.481382197878477
38,26161,0.03528587627746499,0.6313741242950389
38,26163,0.026698108625997998,0.6972383045085138
38,26165,0.012520151256668458,1.2385940506151936
38,27001,0.023591395411342975,1.24453797418459
38,27003,0.04658201739462293,0.6060297368959636
38,27005,0.016936795134820225,0.9602209541769834
38,27007,0.00864976523687725,1.1576011826388957
38,27009,0.008153917833940533,1.125237257650303
38,27013,0.011452241282164807,0.7784125284558973
38,27015,0.009504104930971266,1.670086363195498
38,27017,0.009010546384778086,1.2070978273838753
38,27019,0.034538324370617025,0.7537411018700284
38,27021,0.019591810743340807,1.1402825912184091
38,27023,0.006315035108298795,1.4225636416594867
38,27025,0.02111260178861384,1.0439956440142864
38,27027,0.008423705360428827,0.8463888649950555
38,27033,0.007337227099317156,1.8149110716885914
38,27035,0.02077383723557491,0.9984304264195539
38,27037,0.03458414328953754,0.4681755588927687
38,27039,0.011921216227274933,1.3555469472326571
38,27041,0.015951281684754,0.9517258855648406
38,27043,0.019952792653230668,1.9503676154615537
38,27045,0.019592421774514143,1.3992005938921874
38,27047,0.020730513705016038,1.2417661066454755
38,27049,0.017059319652832933,1.4118745136118886
38,27053,0.028895618911212673,0.8194280152053729
38,27055,0.012373342534486171,1.9299964802439358
38,27059,0.012723704083194735,1.040526523267035
38,27057,0.019847778265744825,1.7893904742532751
38,27061,0.019367168525588917,0.9404948087987509
38,27063,0.00891706993491939,1.7806112509504577
38,27065,0.008818447746537695,1.7918330475897937
38,27071,0.005061698791815907,3.520717021263545
38,27067,0.01208871637862885,1.3488758571665698
38,27079,0.014612515138129528,1.272697110843588
38,27083,0.011131385878693315,1.1015771705514963
38,27085,0.013814013197055509,2.4216600774466657
38,27089,0.011687767452272957,1.527698857323858
38,27091,0.012747309125615901,1.4659763543614404
38,27095,0.009356801707745884,1.778662534481377
38,27093,0.014551769704231263,1.5800251145000972
38,27097,0.016484167999618167,1.5665550277133236
38,27099,0.01346733993315734,0.9551388845723622
38,27105,0.008419219840134868,1.5376412570011522
38,27103,0.007147066102271913,1.8263956525090448
38,27109,0.025570328154585386,0.47266496797666857
38,27111,0.029908352780188736,0.8414182463825467
38,27113,0.007900829256770542,1.49128516530069
38,27115,0.01846580766894949,1.2340661104522217
38,27117,0.012173155311789197,1.969721587573829
38,27121,0.00998102203792602,1.648026142630631
38,27119,0.009692458449443768,2.0712651915487434
38,27123,0.027213654233446315,0.7182614769642883
38,27127,0.0153425620472362,1.6634380906678645
38,27129,0.01745691325982855,1.1554188321613228
38,27131,0.011704612095937445,1.1593138798609524
38,27135,0.011077973973735195,1.597729052586476
38,27137,0.021857666547065436,1.2046598539467013
38,27139,0.036554800200506166,0.5919919359858907
38,27141,0.027417696848855058,0.931904153846906
38,27143,0.011084872134998026,1.6749638506645024
38,27145,0.01569310322180091,0.7584944054478662
38,27147,0.011414944646249484,1.0308030499777094
38,27151,0.008620583540712129,2.255899723984247
38,27153,0.01635036560937718,1.195614177242178
38,27157,0.013823642094871944,1.1182453375501415
38,27161,0.007267563485733502,1.5903268890133424
38,27163,0.03517654399265659,0.6698250367126212
38,27169,0.009391760796901247,1.0280768530450008
38,27171,0.028653839202576734,0.7908621588355523
38,27173,0.009152754689422548,1.908994677235602
38,28001,0.012770419190643093,0.891825484043217
38,28007,0.011992891768241544,1.3558377410813631
38,28003,0.013012182338178661,1.1322569569848242
38,28011,0.014384642279861148,1.4078227567529102
38,28013,0.011029478896798558,1.9283402604226774
38,28017,0.008132040557931167,1.7953436804771103
38,28023,0.00567057786091538,1.447525828464437
38,28025,0.007998943597649149,1.9370532524041801
38,28027,0.010781278910889733,1.342239541108895
38,28029,0.012348242691015471,1.3210264371812095
38,28031,0.005531591753278826,1.566178224558771
38,28033,0.0283818483744236,0.5965396102657334
38,28035,0.012843050353301737,0.5892611983033732
38,28039,0.009455842752573643,1.3285548368601388
38,28043,0.007780310358752713,1.6751388822976023
38,28045,0.00848636779126937,1.0644317945786863
38,28047,0.01733289765979118,0.5352656397369934
38,28049,0.03178527987403325,0.5521545632137732
38,28051,0.015069874383714627,1.3286490912288111
38,28057,0.009186456361339017,1.0288588011673088
38,28059,0.02027313154152587,1.0338410032995364
38,28061,0.006912238118435323,1.6596276580455496
38,28067,0.015212348840003602,0.9304455725968319
38,28071,0.01110530000548614,1.1253878509126827
38,28073,0.015400878205679919,1.0269860287529338
38,28075,0.016867815488929083,0.7272092013322417
38,28079,0.008407743644165773,1.1832117041006276
38,28081,0.021362204198319114,0.6131646416179495
38,28083,0.01350738570078683,1.0871246856684165
38,28085,0.01054300124641184,1.4381883105080104
38,28087,0.011515921541801302,0.8078104023695712
38,28089,0.013632932739975238,0.7184945434447869
38,28091,0.01008401491471896,1.5142232344657707
38,28093,0.00884435572483678,1.8131730409283908
38,28095,0.016238149323430057,1.2579447656927951
38,28099,0.01157417293526845,1.265434991160038
38,28101,0.007958456322323197,1.5051547705610133
38,28105,0.015021935639161866,1.0210190332509586
38,28107,0.011531976970843242,1.3099481183408295
38,28109,0.017023845739511118,1.1405439435191584
38,28113,0.013110231560866008,1.1713960249482662
38,28115,0.013628021522227649,1.084248036206923
38,28117,0.00878386379937543,1.4317034550328291
38,28121,0.021688939912959525,0.5666633202784715
38,28123,0.011712158603956602,2.0921963331167737
38,28127,0.01024221223342063,1.1295684215560218
38,28133,0.009967258958604112,1.5961672203095822
38,28135,0.006438646234166148,2.793333196474528
38,28137,0.0097048081792254,1.4112343835304977
38,28139,0.006424901427236818,1.581791096420286
38,28141,0.0052895623287140675,1.65340302699009
38,28149,0.015377267357852404,0.9021791705899658
38,28145,0.014127477492434417,1.2094770648690514
38,28151,0.027121914745515376,0.7238764253007077
38,28153,0.008287805829825277,1.5229092017908215
38,28159,0.010178860284029013,1.4308529873918223
38,29001,0.005455703412344917,1.2478862135387738
38,28163,0.007762152115196672,1.2625472087769705
38,29003,0.00645348215793545,1.461335268125992
38,29007,0.010342447880691951,1.1934358612931926
38,29009,0.010171968946121749,1.3680934007640388
38,29013,0.006982778791354264,1.6737105153671772
38,29015,0.012778985194856743,1.276491721688658
38,29019,0.023351395525070734,0.7428906673602897
38,29021,0.017078747976388996,0.5957277507432734
38,29023,0.012416410110520113,0.8515824852620683
38,29027,0.010257200384813725,1.2349602532887212
38,29029,0.019736551733113034,0.7988979827814927
38,29031,0.008846202147452274,1.1115959052573676
38,29037,0.016677899703786435,0.7900563564733398
38,29043,0.027321824612911102,0.6900566705448925
38,29049,0.005930471528193223,1.5982588473248722
38,29047,0.02939037985670913,0.45572297832201997
38,29051,0.012897539490488354,0.7599476157015072
38,29053,0.006429463875377017,1.64350101710516
38,29065,0.004810246967994013,2.3027186073912547
38,29055,0.008352255663474632,1.1923952149043409
38,29069,0.01808300845325187,1.469181720493844
38,29071,0.023755916881252188,0.7970138478861882
38,29073,0.009318027509764435,2.2619863107463867
38,29077,0.023394076489814224,0.6875541019228903
38,29079,0.0057090073295582066,1.7478208084056348
38,29083,0.011815135140467403,1.5709439414140214
38,29091,0.01651924300059806,1.1952907157006596
38,29093,0.008587177940727607,1.9311642133766775
38,29095,0.030595305751888725,0.8055470460624894
38,29097,0.01839664696599555,0.6685881074587139
38,29099,0.040683196967784406,0.40418167053802284
38,29101,0.006104631116246711,1.702862759393744
38,29105,0.009974597517239293,1.1516520089624505
38,29107,0.01062820067333478,1.363457983089959
38,29109,0.01114458643142599,1.6184452246919696
38,29111,0.007528177181492885,1.4127940971607444
38,29113,0.018366134178025458,0.9927697131579626
38,29115,0.01007134231746662,1.4267947857449623
38,29117,0.006605684743613765,1.243604288270841
38,29119,0.009672628559978483,1.5551209456215915
38,29121,0.010073595181699525,1.90163599813775
38,29127,0.012244519136265014,1.8807014181474004
38,29131,0.008012624191629243,1.7043831191993137
38,29133,0.005386436349080194,2.635262363809687
38,29135,0.005848774068451707,1.6214916319040105
38,29139,0.007235213632760888,1.4976791281222244
38,29141,0.006570958577740352,1.5494294180725787
38,29143,0.012443659501764572,1.2468928745930643
38,29145,0.01957105000607107,0.9738989742537209
38,29147,0.003239063832937074,2.0043891428189964
38,29151,0.007824824357879347,1.8172081834456766
38,29155,0.014562373894804807,1.6902754807864322
38,29157,0.009169298516131545,1.5034075960203102
38,29159,0.013887642199789194,0.8272449616145613
38,29161,0.008195891708550052,0.9407552835536207
38,29163,0.006528422898624655,1.466259880904916
38,29165,0.015106479976515895,0.6474051383956196
38,29167,0.008870290736816656,1.4213059347491637
38,29169,0.011174182898935054,1.1554634571823548
38,29175,0.008122709571515346,1.220589114338139
38,29177,0.007041981119376199,1.384415308434768
38,29181,0.008028410857526766,1.5588717043629137
38,29183,0.03539165316473493,0.5144857030023567
38,29186,0.005992643525662661,1.7073572045104362
38,29187,0.014951166582698934,1.1863845858653286
38,29189,0.03202135967919443,0.7400521467159356
38,29195,0.014716117462583713,1.1678289527324928
38,29201,0.015006221547739593,1.2982919228465342
38,29207,0.01553939621836399,1.3482278212260994
38,29209,0.017272147557417128,1.3443409701327507
38,29213,0.012331241973198633,1.007030679455981
38,29215,0.010060220026650525,1.3434049407206188
38,29217,0.01000001837341711,1.6086246987421866
38,29221,0.011274270167974852,1.2485121952728162
38,29219,0.0105891809928802,1.3365992620360996
38,29223,0.007488138196163211,1.6732725730623907
38,29225,0.014331622649511953,1.0256240491666877
38,29229,0.008408715559061542,1.6623403062868467
38,29510,0.051231551101879595,0.710889751402759
38,30003,0.011704013949298736,1.2947125964435304
38,30005,0.008800847848143006,1.449400734372231
38,30009,0.01209673892026069,1.5631133124937007
38,30013,0.009996286962500819,0.5308659895000103
38,30017,0.009636411196136362,1.417576891990552
38,30029,0.02062365030197192,0.9094294604261765
38,30031,0.014314430078464653,0.6993938108207353
38,30035,0.0029642456949215924,1.6516327748463495
38,30041,0.004647669312324812,1.511706210797049
38,30047,0.009456353413262437,1.3241870349500664
38,30049,0.013075805614208902,0.8118869662217986
38,30053,0.010196422317404344,1.162492194189701
38,30063,0.020428696659537393,0.6613013520456295
38,30067,0.007328105979894371,2.452737711981444
38,30081,0.016095333161912907,0.94485983948401
38,30087,0.0038982264600599965,2.290064107332608
38,30083,0.005910353434589688,2.202569563828431
38,30093,0.010405817238436312,1.217264580266754
38,30111,0.02056282233256465,0.5632473810548551
38,31001,0.008159011300365657,0.822157775397116
38,31019,0.008404961057615632,1.0095806881071323
38,31025,0.013550325396406748,1.8009784226024674
38,31041,0.006846494372945719,1.3712876447682865
38,31043,0.00558998976988949,2.385950376806795
38,31053,0.01257026294092249,1.3220591500649745
38,31047,0.007518101587498503,1.8955392918417657
38,31055,0.02719346191415693,0.818987234312459
38,31067,0.01050800162474273,1.2257644909344145
38,31079,0.014933365207618187,0.5897397707635841
38,31089,0.006370354661300779,1.3492161344156801
38,31109,0.021888061289131323,0.6395162047094067
38,31111,0.01172105391569451,1.3935344074463087
38,31119,0.00935526578158163,0.9704626563541953
38,31131,0.010268498678035604,2.355147233239657
38,31151,0.0049397094400234175,1.2759171187283997
38,31141,0.01074046255188096,1.1911358478742329
38,31155,0.010301571112641792,1.3501736860325178
38,31153,0.03308554503056989,0.4996640965342648
38,31157,0.011459669193026316,0.8763556877488748
38,31159,0.005351943466091576,1.714299446110428
38,31185,0.004566061184209787,1.82555965031432
38,31177,0.007767194556694841,1.4177268169562487
38,32001,0.005126247642331469,1.3725572216325315
38,32003,0.024977560944481888,0.6394321239912172
38,32005,0.025744164940186706,0.8237534470787082
38,32007,0.014296296038234811,1.0796500369524462
38,32013,0.0034376039163669797,2.6874326699199975
38,32019,0.009680218910184743,1.1354782572606696
38,32023,0.01576251024572965,1.4326284229351367
38,32031,0.030659125055350372,0.5172069672042107
38,32510,0.012095965927609564,0.71695011490565
38,33001,0.017421981092482546,0.7004123491192461
38,33003,0.024956244706491913,0.9273897248147452
38,33005,0.01785063530503094,0.7448440582047526
38,33007,0.022610334255401283,1.049990345397567
38,33009,0.027654773574021397,0.8046486121166617
38,33011,0.03249124771794098,0.6595642575047742
38,33013,0.025091158752388952,0.48241405939482507
38,33015,0.04677419176163479,0.8298601831329075
38,33017,0.01552835756133612,0.7179815351025026
38,33019,0.012306283161709662,0.9975416730194842
38,34001,0.02144292922452798,0.7997386915008511
38,34003,0.050876871476479325,0.6771514821788122
38,34005,0.030018602058130235,0.41551164646792943
38,34007,0.03108281375127173,0.7075485409391947
38,34009,0.039277353121105585,0.574820656477142
38,34011,0.03588995684073386,0.5543769926250417
38,34013,0.042470361599991444,0.8208860080000406
38,34015,0.03161224493845549,0.3564315451804859
38,34017,0.06139018407182071,0.6777971063088011
38,01001,0.012773010670420346,0.7772637565827193
38,01003,0.028168585041301618,0.5092993041424162
38,01005,0.014287949850567657,1.0495863151053277
38,01007,0.006191366350141253,1.5411561480335096
38,01009,0.018156350922618223,1.0733801071652989
38,01013,0.014660289089766755,1.0883258300141092
38,01015,0.024777152724969845,0.5187539168369857
38,01017,0.013614202844022488,1.277872828771752
38,01019,0.014934679288856726,1.135137635710724
38,01021,0.015429612918859857,0.8981238695424347
38,01023,0.007512371263539276,1.6108581285057735
38,01025,0.020288658648811766,1.2353073445453548
38,01027,0.007227120348830154,1.4782184315737745
38,01029,0.007057664973954343,1.5769207522023592
38,01031,0.016678458410231363,0.8673136478501275
38,01033,0.014991147064207202,0.7420881668934163
38,01035,0.01042190853364688,1.068255706182045
38,01039,0.019140085396970534,0.7547816317538365
38,01041,0.013637144599938708,1.2256130690332476
38,01043,0.02381435174643081,0.6825059045125337
38,01045,0.014454013784816568,0.7476059868426028
38,01047,0.020134531948547203,0.6622287862157653
38,01049,0.024294091343155414,0.6938261155056413
38,01051,0.017571859363880667,0.8287112790488507
38,01053,0.015314403744948689,1.2104573267568102
38,01055,0.024262598347384,0.5904330651050332
38,01057,0.010768729059493477,1.4942251915951135
38,01059,0.015285493076659377,0.9312306102847765
38,01061,0.014044983550668765,1.3293853537066254
38,01065,0.01069305134009243,1.2589110238296408
38,01067,0.010688887422939327,1.394648091635397
38,01069,0.029461350702902653,0.5846842124354644
38,01071,0.021107805422876,0.8114937698656984
38,01073,0.025076413283752978,0.5321290684717314
38,01077,0.016569969194834697,0.8213522631512683
38,01079,0.015401048615060503,0.9005517167346089
38,01081,0.02207936947232183,1.1138211440140497
38,01083,0.015184250561808143,0.6716983417590371
38,01085,0.007994429460351686,1.3702547585068157
38,01087,0.02368886711944092,0.8166208306209193
38,01089,0.021428927197930485,0.5932581109187729
38,01091,0.009297543502225235,1.3569746713256363
38,01093,0.015350090591008335,1.1289519353517625
38,01095,0.02446801900598219,0.7625428838857295
38,01097,0.026789008909332963,0.605532558910924
38,01099,0.011495219788123864,1.177289192708042
38,01101,0.0274245558392469,0.5640176978603596
38,01103,0.021225859129300466,0.5912214713282025
38,01107,0.010428881971243005,1.2851745180830734
38,01109,0.00878838992263535,0.7947105635221174
38,01113,0.009859788462904617,0.8220701308144122
38,01111,0.011558491532077515,1.3253834247166734
38,01115,0.01853757872345862,0.7386023364169361
38,01117,0.02637146579545547,0.46715020551801145
38,01119,0.004307022533983845,1.7903354654429624
38,01121,0.023743740349458937,0.6949499056186235
38,01123,0.013924095110858134,0.8827925139167829
38,01125,0.024130695946361816,0.46794318943871294
38,01127,0.027940967614156275,0.6537763579650155
38,01129,0.010108917446434757,1.467576860657239
38,01131,0.006831939518715816,1.5657113967379561
38,01133,0.014253476567683889,1.4428839828394078
38,04001,0.029458112640696123,1.340372958116643
38,04003,0.021660322695632155,0.8160998802045151
38,04005,0.018024890314144067,0.7660031379252696
38,04007,0.027132681447286828,0.9926849035534947
38,04009,0.009557090983002654,1.002466804357697
38,04012,0.03054388629539593,1.0650139789257496
38,04013,0.01853364303929277,0.6302714922958648
38,04015,0.05281798075422246,0.5784066450816059
38,04017,0.029417541170891234,1.4001890350416957
38,04021,0.04490362813698626,1.0434562429997893
38,04023,0.012509572121514557,0.9791302638540904
38,04025,0.050153224497671255,0.6031192145491279
38,04027,0.04455938530562187,0.9314647684637766
38,05001,0.011764692298171864,1.2579869454867987
38,05005,0.02354498126658307,0.9141199452805031
38,05003,0.009942294763805926,1.1349025626713756
38,05007,0.03185669537406946,0.5391295698187535
38,05009,0.01545494851695024,1.1980318306291833
38,05011,0.011167830156472566,1.1812820982669687
38,05015,0.006802002118373529,2.741347480571679
38,05017,0.009157178578311585,2.27950542543242
38,05019,0.008956822815142393,1.5049745926380997
38,05021,0.013968166845409124,1.9674172423924916
38,05023,0.013766709795217632,1.0914048745856249
38,05027,0.008311891664224913,1.8458986518037235
38,05029,0.0101529424816039,1.4497945264308698
38,05031,0.022950738626294723,0.6515522988068585
38,05033,0.016776739823732904,0.9036925787007877
38,05037,0.010351750531179071,1.4175070896204638
38,05035,0.02377219397252479,0.7005096525216172
38,05041,0.008541417553011577,1.6151536764037004
38,05043,0.0059555169555919165,1.4724300544151774
38,05045,0.01944993217846612,0.6454415412020904
38,05053,0.007694110348718383,2.6719711460378406
38,05051,0.01819525739546206,0.591938177611208
38,05055,0.009901244429398964,0.9382190035376058
38,05057,0.00770172626864805,1.5077945501845564
38,05059,0.011051382349702809,1.1216055717160371
38,05063,0.011236182904860994,1.0101886776830107
38,05065,0.008536238611075294,1.4123977681645634
38,05067,0.010053027409828373,1.3718603652600285
38,05069,0.02128632416149754,0.5516108031120938
38,05075,0.010635016182824327,1.665057073663369
38,05071,0.012253441299580134,1.1505954602971862
38,05077,0.006748402305169017,1.6044955863925543
38,05079,0.005659368067270258,2.1317085993215836
38,05083,0.0143024260687883,2.6565154469773193
38,05081,0.00600686905906793,1.8367057447189166
38,05085,0.01440034168032173,0.7041906783090384
38,05087,0.009133639865100676,1.4639545157527447
38,05089,0.009072764723218725,1.612325025174253
38,05091,0.011911085606689596,0.7433544721771413
38,05093,0.015595980359075149,1.0262278451742195
38,05103,0.011081690030481067,1.1826041599711332
38,05107,0.00940022257654981,1.387698581402059
38,05111,0.01145789695603334,1.6454643329411631
38,05113,0.01031913741392537,1.1124784787767457
38,05115,0.013958892074865373,0.8703990047898605
38,05121,0.006462234158499532,1.6928922978103271
38,05119,0.023865474507866795,0.47323883466721745
38,05123,0.008215308590522477,1.3930903465801128
38,05125,0.02465446304248443,0.5048656652277457
38,05131,0.021464032127878164,0.6331740212137871
38,05135,0.00709342733840583,1.7443382460385473
38,05133,0.006353403500610703,2.029184965200888
38,05139,0.013953942643383148,0.9417921931146372
38,05141,0.012073765476143668,1.372254973733415
38,05143,0.033939015009576384,0.7558897368083721
38,05145,0.01694151404156756,0.7629330329868069
38,05149,0.010664554971299684,1.3122306673092756
38,06001,0.02928994369575482,1.0848833051648672
38,06005,0.01608286235218771,1.05345294076662
38,06007,0.0265852305770407,1.1976508453701051
38,06009,0.020807783682376686,0.9805342894161594
38,06011,0.006403603610146091,1.2243616215197914
38,06013,0.03471542676494125,0.853798130686144
38,06015,0.007609260403741791,1.3049804444517044
38,06017,0.031395468489520496,1.2036132618156081
38,06019,0.04234069947881973,0.5677456176275303
38,06021,0.007763203401103546,2.3533470158252423
38,06023,0.02201138294072364,0.5197460446578656
38,06025,0.03245152750263259,0.667832090644213
38,06027,0.01086875807704154,2.1331823676507566
38,06029,0.04833439311928722,0.5425588980462059
38,06031,0.032453764727126314,0.988362923402762
38,06033,0.0188985023888626,0.783212937452184
38,06035,0.010134430879548524,0.8810055344716953
38,06039,0.02887260000783405,1.5544373138907055
38,06041,0.0518880744971468,0.4328892167211683
38,06043,0.011871508622287365,1.279295836507071
38,06045,0.01848197616903984,1.0491584899304809
38,06047,0.04763390841888311,0.3982757195107872
38,06049,0.007846397596954326,1.6938579735031754
38,06053,0.03661551709532445,1.169623182479365
38,06055,0.01905124086802284,0.6088269516445791
38,06057,0.026793499035692392,1.4571099345788936
38,06059,0.02730998889957285,0.6519747223418649
38,06061,0.039698907697813035,0.6599855152562244
38,06063,0.013867864018894283,1.3321632092806364
38,06065,0.031579824225566655,0.9364503640152068
38,06067,0.02314872940084719,0.5736391103962695
38,06069,0.012990997543819586,0.8615260441274194
38,06071,0.03699616891437924,0.6136360286838995
38,06073,0.018542368269693726,0.6304242740683204
38,06075,0.07714166772567375,0.8804593314574943
38,06077,0.03930153219002625,0.5341198008470633
38,06079,0.03260910379598817,0.8620392901467577
38,06081,0.04041728655663076,0.6468382312828578
38,06083,0.03241481355037823,1.4851697322184474
38,06085,0.03989159690124761,0.7292317638245088
38,06087,0.030050937138706386,1.3155931374293408
38,06089,0.025074618543725447,0.4251896849091496
38,06093,0.022429572723410687,0.865727554691108
38,06095,0.025986336769947264,0.6145823934527143
38,06097,0.033050642187602376,0.5378123151330698
38,06099,0.04274831033052239,0.5017100241221797
38,06101,0.02084356365941276,0.5299045988477373
38,06103,0.017748291208681877,1.013971183645968
38,06105,0.011514174868409822,1.8738402020521006
38,06107,0.05790946457839997,0.4184412541432327
38,06109,0.017019366776897242,0.8824798948596169
38,06111,0.031006646386672707,0.7463358564721037
38,06113,0.03143691255890737,1.3114313155510458
38,06115,0.01645621140718047,0.7167858324318749
38,08001,0.042348264202009024,0.5440610154764995
38,08003,0.003608981769807512,2.1724698378587375
38,08005,0.03342811424046774,0.7321832099919694
38,08007,0.007002369837524654,1.8718863039321347
38,08013,0.039387006382614775,1.0902120963165118
38,08014,0.024832528369894188,0.7409579770702528
38,08015,0.010377116473171074,2.0517397417475283
38,08029,0.015281116477809626,1.1568890368981801
38,08031,0.05010828082879824,0.7143519875753982
38,08035,0.05748789558273988,0.41579041706431735
38,08039,0.013990958707713065,1.0711923486587998
38,08037,0.018227896009217745,0.7871870795910988
38,08041,0.026742495497669584,0.6959771764671883
38,08043,0.018394950092054437,0.8283911922339077
38,08045,0.015395218989653887,1.3023233066817603
38,08051,0.0025827451033669816,1.7821490163345128
38,08059,0.03420374839918673,0.4701062731711714
38,08067,0.010018453228145555,0.941902555416712
38,08069,0.023666030513878042,0.8454779553090775
38,08071,0.011809078878835103,1.4949015832789754
38,08075,0.0057989480036823955,1.095985669153554
38,08077,0.020448364806574807,0.5354022560795001
38,08081,0.005198516954333979,2.2558638562094786
38,08083,0.008110304328784089,1.6861262254124074
38,08085,0.012709219294466906,0.9456455044288413
38,08087,0.007880036162954828,1.6432840456332671
38,08089,0.009933037780732153,1.4445964680024908
38,08093,0.008969495550906221,1.7245911884145777
38,08097,0.004447348892784939,2.1260599590223817
38,08099,0.007777653103437407,2.3313863359354436
38,08101,0.0244615568727163,0.39521182430149443
38,08107,0.010991225420418735,1.0105977124200398
38,08113,0.007935879777624149,1.9791367013649346
38,08119,0.010530372981108928,1.5360953080294328
38,08117,0.0148304704764756,1.5974683827883127
38,08123,0.028980816461303596,0.6815595662115806
38,09001,0.03723036195117936,0.8104382201565906
38,09003,0.023850202484403317,0.6447543243748397
38,09005,0.03635917726475111,0.4840382413538986
38,09007,0.03203763382158138,0.9293055129728428
38,09009,0.026981882734366056,0.7390609010712902
38,09011,0.02407845645159079,0.45714621024212226
38,09015,0.018694835034240142,0.9978718522951012
38,09013,0.023462058254808182,0.5215118473773193
38,10001,0.01720703286305192,0.45124707932336705
38,10003,0.025340413814467694,0.7412107574593607
38,10005,0.054532866147273484,1.4794050491089652
38,11001,0.060985395246772725,0.8602903030641066
38,12001,0.037347016570343394,0.7995061499614852
38,12003,0.008182791998847257,1.2518883528806939
38,12005,0.0234099289896871,0.4502873705653677
38,12007,0.00809878671452307,1.4141096565496762
38,12009,0.04823456784899466,0.4476802940958356
38,12011,0.03150444608262176,0.5364431390939939
38,12015,0.07978532966402943,0.5636478826172819
38,12017,0.05905101943424815,0.5231959243719089
38,12019,0.024072515209027118,0.5834614214817332
38,12021,0.07643589225258547,0.8411484951112042
38,12023,0.015228696991752893,0.8520621322319331
38,12027,0.012118278947894587,1.2219457765937145
38,12031,0.02570798960289975,0.5564837751287111
38,12033,0.02179911942645278,0.4657460300888656
38,12035,0.03714433618595762,0.6389452593955391
38,12037,0.005258369829471233,2.5653962381491424
38,12041,0.006211795520790508,1.413379624677083
38,12039,0.013731397698106166,1.1040876637817545
38,12049,0.010636936288645107,1.50979768941886
38,12051,0.008362291159043895,1.792993887766295
38,12053,0.050661632202677866,0.6142256979533951
38,12055,0.05202914600111392,0.5770298644702427
