src_state,tar_geoid,mi_shift,moran_shift
42,34019,0.0015818206794090228,0.5756547923931133
42,34021,0.0019952398790209027,0.5491938920577094
42,34023,0.003867270016120366,0.3819902599389398
42,34025,0.0029176258087094888,0.2584982365508627
42,34027,0.004213951588608673,0.36078186148019725
42,34029,0.006653967526523114,0.5104052486656818
42,34031,0.0038110261959908138,0.3955338043921173
42,34033,0.0008416101488911147,0.9037124174121245
42,34035,0.0025861361476374805,0.2956545108039284
42,34037,0.0018449137738315283,0.41971919925136336
42,34039,0.003721372802025015,0.4553213254268329
42,34041,0.000930068292200996,0.6584835600744288
42,35001,0.004057448409852634,0.453403393930923
42,35005,0.0007502024103228704,0.696020970667573
42,35006,0.0005802060381753518,2.010069774632837
42,35009,0.0007351749078974256,0.7819808862721388
42,35013,0.0025196129745801033,0.6874770728410512
42,35015,0.0006852532072413744,1.0746802345564286
42,35017,0.0005478881126156523,1.3323710544510188
42,35025,0.0015295580985845865,0.6953187116537621
42,35027,0.0003891245463386908,2.459298381955881
42,35029,0.0004500202852007308,1.1633539030180122
42,35028,0.0003012608168339961,2.3212835528105398
42,35031,0.0022419054366485626,0.8629324434694396
42,35035,0.0006879051277091928,0.5870659511712504
42,35039,0.000733326308429698,0.8928448959560636
42,35041,0.0004429550138409256,1.9031499305818487
42,35043,0.0010357047458365396,0.4911089978532349
42,35047,0.0006359550068052444,1.1154609115350118
42,35045,0.001768052774747435,0.5232815149682922
42,35049,0.002929955105934812,0.5567999492155261
42,35051,0.00047228572427708803,2.506959163512057
42,35053,0.0004355888537058705,1.474260268532148
42,35057,0.00020652846518127066,1.7161537433831415
42,35055,0.00047033774478512,1.2602482567197897
42,35061,0.0010618295253356767,0.6744626871600546
42,36001,0.002601699095831175,0.38677647922634706
42,36003,0.0008123947096634543,0.5978994258149767
42,36005,0.020424110905823474,0.2929415412596704
42,36007,0.0014425734436828645,0.3748118094450948
42,36009,0.0008707917354351103,0.6342003718294466
42,36011,0.0008948274493324682,0.8181024190398601
42,36015,0.000652685339505807,0.5074636378053707
42,36013,0.0013565226440343191,0.5981314044147876
42,36017,0.0009070705263006693,1.382323959558687
42,36019,0.000835904497267475,0.9707885373486247
42,36021,0.0012164226242491506,0.7910487851649068
42,36023,0.0004588853872025894,0.9979415350013064
42,36025,0.0010312288202479496,1.3351867689201111
42,36027,0.0017709314889760885,0.40855322076125966
42,36029,0.002656670405837194,0.2638214419737856
42,36033,0.0008257247126274732,0.9138521752798536
42,36031,0.0008389373792571852,0.7726832333105939
42,36035,0.0006758593460902074,0.7690437269398456
42,36037,0.000686972417783168,0.7547624323206128
42,36039,0.0008117454941095174,0.9379486145441908
42,36041,0.0006595087379570572,1.7085958343820635
42,36043,0.000948499586978379,0.6575675931117493
42,36045,0.00148108257444886,0.546679192414919
42,36047,0.02816050211322937,0.34103034715931685
42,36049,0.0006419612386882893,1.1822836969449277
42,36051,0.00047352699666856,1.0095345201421415
42,36055,0.002974884549029936,0.40951264946272997
42,36057,0.0006255183571162747,0.8936017432830046
42,36059,0.009006475038656953,0.22675367607183372
42,36061,0.028796139040887035,0.48578549052207376
42,36063,0.0011051200910929526,0.4774759793521091
42,36067,0.0021214144755547872,0.37917735060107866
42,36069,0.0007987685087817251,0.6250598690174861
42,36071,0.0033088147996070817,0.6043684082181943
42,36073,0.0005026308310617522,1.6045639119758865
42,36075,0.001126744737258324,0.657323361377583
42,36077,0.0007911762567658651,1.6069349242003996
42,36079,0.0014376275952516374,0.6748370945809713
42,36081,0.02109356782786472,0.3627028601356144
42,36083,0.0011326849286164653,0.6713943837489964
42,36085,0.003375575256780644,0.3101018719830967
42,36087,0.003184530709629734,0.6128411568638696
42,36089,0.00098461283383229,0.857555606656474
42,36091,0.0015157534826946133,0.46511224322688577
42,36093,0.0012981435470345865,0.394975285970351
42,36095,0.0005006749735945417,1.2598555673794374
42,36097,0.00038682150184773923,1.1783346547366182
42,36099,0.0006136302677575213,0.9425638467081734
42,36101,0.0012361853939001305,0.7869144637030255
42,36103,0.008449464853038578,0.32738536272158963
42,36105,0.0007796146127941357,0.5487230607785348
42,36107,0.0006157955954999419,0.876481874447453
42,36109,0.0014667360744700724,0.7284838263377793
42,36111,0.0014722509155868373,0.47637481694664924
42,36113,0.0008124555048395183,0.9078014870417828
42,36115,0.0009112095658110814,0.9145966117729557
42,36117,0.0009914305805336179,0.7074747749095693
42,36119,0.004412785184274174,0.25555571249378334
42,36121,0.0006623732785680671,0.7547552044104126
42,36123,0.0005521174102521029,1.2598610582454992
42,37001,0.0010764167508582987,0.49005660279783303
42,37003,0.0005737381591120849,0.9810037576140963
42,37007,0.0004133148160794183,1.079816383999898
42,37009,0.0004903500425655701,1.1898407814202379
42,37011,0.000408958416768573,1.1811979596944655
42,37013,0.0005998951478159249,0.7746563961170894
42,37015,0.00026702418053288246,1.6733558627428762
42,37017,0.0005888815179177756,1.1566936480897876
42,37019,0.0028994442797418375,0.8059931521441828
42,37021,0.0016156668874522024,0.3622279562585154
42,37023,0.001138324565743765,0.5430610162690007
42,37025,0.001389030335606383,0.41140959240628483
42,37027,0.0010858187492749386,0.6200457621977085
42,37031,0.0030602360392165576,0.46178963327184597
42,37033,0.0003824565237526096,1.0938353240990109
42,37035,0.0014261253500452557,0.4476118569690327
42,37037,0.0006585032109853983,1.235243206104055
42,37039,0.0006933516829392288,1.2726521892176015
42,37047,0.0009303903081637636,0.7178536628166946
42,37045,0.0010687687427898282,0.5059482871571552
42,37049,0.0008927806486680101,0.8158626311651342
42,37051,0.004788161616014696,0.6851680711586748
42,37053,0.00024353359995976737,0.9977394826138601
42,37055,0.0006265652130078172,1.4951790215239271
42,37059,0.0004613873294713384,1.0041972129486318
42,37057,0.0012556442358970443,0.4380510284732374
42,37061,0.0007391083638037888,0.7669880536611029
42,37063,0.003408900160865321,0.3444806261084777
42,37065,0.0009502894330441276,0.9314009277694456
42,37069,0.0005942006041231114,0.7879515767696611
42,37067,0.001441746712136602,0.2971155799325
42,37071,0.0025167636172513603,0.39473208163676277
42,37077,0.0006532724625445085,0.8171323722899233
42,37079,0.00030246046617970226,1.5272571124866767
42,37081,0.002063285425515664,0.2570589856017447
42,37083,0.0010273895269366027,1.05798890265967
42,37085,0.001612328988917464,0.8785445566988495
42,37087,0.0007810045426356505,0.5661138933244954
42,37089,0.0012868299911913703,0.44383358784124527
42,37091,0.00030707937542072774,1.2461625029296277
42,37093,0.0006909534107070834,0.8246249984537979
42,37097,0.001615810702573257,0.4738381967304065
42,37099,0.000510779893245988,0.9074223536382638
42,37101,0.002606025219394702,0.5977431970836548
42,37105,0.0005731619188201456,0.7171972999202293
42,37107,0.0006558876153618327,0.6976621390107056
42,37109,0.0009364213785712128,0.851987641410014
42,37111,0.0007413204235365802,0.8804887541232398
42,37113,0.0009777823765578346,0.8917038340277342
42,37115,0.0004538088686076612,1.1988155651568742
42,37117,0.0004124147797049177,1.279988444069274
42,37119,0.008364920618410968,0.2566106790880329
42,37123,0.0002573448109003802,1.3344738364439142
42,37121,0.00029266995044992174,1.896192331451238
42,37125,0.000897228076725006,0.614185085733953
42,37127,0.0009171742801456737,0.613010260401245
42,37129,0.0013652370684610515,0.3709266996139744
42,37131,0.00038934899020067013,1.6913924508036629
42,37133,0.00419235902383976,0.4577080921677897
42,37137,0.0002700612006601132,1.9969853031635214
42,37135,0.0018611686565961731,0.7135530214898227
42,37139,0.0004310190029716948,0.9514994210637333
42,37141,0.000546344522984393,0.9296340407770197
42,37145,0.0003994879386560294,1.1607731264052568
42,37147,0.0014517376282829032,0.45807763511773497
42,37149,0.000554384172782882,1.201420178846959
42,37151,0.0014671288352162862,0.5071015202231756
42,37155,0.002228871305561663,0.5158402496811086
42,37153,0.0009505978155657074,0.722408432040382
42,37157,0.0009690830022194659,0.5707250741812904
42,37159,0.0011440640753870724,0.5108275988605211
42,37161,0.0006070762369786169,0.8022504586091156
42,37163,0.0011551943915359914,0.7484081269064465
42,37165,0.0005906961611431933,0.9836797597915921
42,37167,0.0009584067553971174,0.7423619978279636
42,37169,0.0006288818473934923,0.9912409168098679
42,37171,0.0010447601582623735,0.5765528677529553
42,37175,0.0004717113250880076,0.9633165771687514
42,37173,0.00013087210867524635,1.1042790180883342
42,37179,0.0028259750905673922,0.4904721310218578
42,37181,0.0004396235125054936,0.6848400412228494
42,37183,0.009057846435250066,0.3453053388531658
42,37185,0.0004734518980150894,1.4386386122541173
42,37189,0.0007841407820657991,0.7224026138871774
42,37191,0.001317146467945087,0.4259238827157293
42,37193,0.0010333428179807092,0.6719991928841738
42,37195,0.0008855822212252376,0.5773049376937025
42,37199,0.0004608142555088912,1.5085252231315807
42,37197,0.0005876428892797023,0.9607561076756814
42,38003,0.00017819277020937068,2.490595264612417
42,38005,0.0004957606410967663,1.453190691355264
42,38015,0.0011606075316655984,0.5576124022122002
42,38017,0.0014240951826578975,0.42569669740101795
42,38035,0.0009530651219053274,0.6447543297938729
42,38053,0.0002994933338971425,1.9709049396926552
42,38059,0.0003854323305692766,1.8026354773175892
42,38067,0.0009723337840261166,1.1095338954053013
42,38077,0.0005421865820214802,1.9073622154196082
42,38079,0.00034243546872049724,1.5268384325787794
42,38089,0.00043870034712508235,0.8598403941463917
42,38097,0.0003634205629078202,1.8193087525740699
42,38093,0.0003132234624683413,1.3831239846879189
42,38099,0.0007119385197240189,2.1654195212820198
42,38101,0.0007769654651411814,0.6699835799646031
42,39001,0.0006168306301108091,1.0999007609061666
42,38105,0.0003291729205053684,1.2497698790614997
42,39003,0.001184651267652602,0.43752648769118013
42,39005,0.00048415053782925144,0.7363233681300491
42,39007,0.0010648866363188049,0.8090357037499994
42,39011,0.0006154009832800626,1.3275209947286442
42,39009,0.00103942720226823,0.773297829890438
42,39013,0.0007465009736366524,0.6743660831692501
42,39015,0.0006581569146711539,1.0824843190957747
42,39017,0.0016851534364293187,0.7020147379305446
42,39019,0.0005706350758712859,0.9168448172323981
42,39021,0.0004765643344951792,0.9680441136552198
42,39023,0.0015284604835584395,0.4499996453600354
42,39025,0.0013461028520684896,0.5187360162132975
42,39029,0.0010669164497621804,0.8463443981511894
42,39027,0.0005640202155214015,1.2077576362262066
42,39031,0.0005592632377643954,0.8923963615656434
42,39033,0.0006707478271782029,0.877439023969923
42,39035,0.006882367907605463,0.32498436020514415
42,39037,0.0007829739885996714,1.0093560515717854
42,39039,0.0006949087495496824,1.0884626450998034
42,39041,0.0025970617920132552,0.511442043116749
42,39043,0.0005554847997110257,0.676012987330125
42,39045,0.0010319751120742922,0.6881377892767052
42,39047,0.0006488536657176651,0.979314031254821
42,39049,0.007976518584358024,0.26065267785090424
42,39051,0.0006998869458365857,0.8967895951524846
42,39053,0.0004888686228655266,0.9402478414876012
42,39055,0.001038248625162009,0.7056378415854782
42,39057,0.0011942758707880019,0.433470993867806
42,39059,0.0007459461594601939,0.9262139856772149
42,39061,0.004051830529481061,0.3017295530390353
42,39065,0.00045569601542805825,1.286999932515831
42,39063,0.0009677185695031265,0.7082758627452176
42,39067,0.00042350585794325335,1.94936128718456
42,39069,0.0005537724988834281,1.201277846061735
42,39071,0.0007288901368104034,0.794110185808083
42,39075,0.0011498789472173874,1.2033533138947619
42,39073,0.0006245382550082467,0.9915048832354805
42,39077,0.0008348341393650633,0.8646935908211513
42,39079,0.000636135951517775,1.1088156076925988
42,39081,0.000915297514069817,0.7265781686277708
42,39083,0.0005232585370194812,0.7660388783473528
42,39085,0.0012249904838066766,0.44039890850337227
42,39087,0.0007835664187360892,0.8651265907495634
42,39089,0.0013129310577259417,0.5135461895044849
42,39091,0.0005433055947198762,1.2555395248846946
42,39093,0.001356842088956717,0.32440945500739415
42,39095,0.0026890952712402293,0.39656006335787014
42,39097,0.0006294109935935262,0.6911370619877705
42,39099,0.0019297116205413878,0.36618188186746536
42,39101,0.0006628260941109627,0.4795761890540154
42,39103,0.0014646969052785751,0.5337536125220912
42,39105,0.0006167465456480112,1.1509605510565297
42,39107,0.0004360337737520482,0.8941402717621413
42,39109,0.001018697451138855,0.6452134069229122
42,39111,0.0003834891575253412,1.77014802336619
42,39113,0.0018771981079894547,0.23143242314736023
42,39115,0.00032110690615328065,1.286548491717458
42,39117,0.0005680060138854603,1.2180121326837263
42,39119,0.0009410975528362613,0.6283141302708731
42,39125,0.0005134207847880015,1.1489396364359545
42,39123,0.0009619893007059299,1.484759507115284
42,39127,0.0006785354205310137,1.1938734199614809
42,39129,0.0004955863714881354,0.9648237162812753
42,39131,0.0005869859199025574,1.1768555688145208
42,39133,0.00101822893091784,0.8087683545642977
42,39135,0.000761551804244577,1.0574778342583309
42,39137,0.0007971389973615268,0.9208815553323498
42,39139,0.001139569949500875,0.4400040037287431
42,39141,0.0008883254328670664,0.675062822448956
42,39143,0.0008500553385637581,0.706688921934793
42,39145,0.0007553467303155788,0.7644508756915148
42,39147,0.0010377012756701545,0.9494099853909744
42,39149,0.0009183449164906053,0.9517697735698286
42,39151,0.0017455444526080096,0.31203171021002135
42,39153,0.0017355449717347416,0.33674226713391464
42,39155,0.0014757289082337611,0.3979886392311822
42,39157,0.0009531094706529033,0.5263540765543886
42,39159,0.0005302014734747898,0.7981363878425809
42,39161,0.0005152195409638647,0.9401946338818882
42,39165,0.002026627026912525,0.47763211920815873
42,39167,0.0007338711605092001,0.7950155633004963
42,39169,0.0008609046743441678,0.6005267841738913
42,39171,0.0006779973468912203,1.0233901198124464
42,39173,0.0010843325996298461,0.8250741705924194
42,39175,0.0004728670089200744,1.2181633452058154
42,40001,0.0006361255643351191,1.5722969855470335
42,40005,0.0002683274890724381,1.358719402778639
42,40009,0.00023165592575285926,2.0918180698117936
42,40011,0.00066131306396913,2.962307126952377
42,40013,0.0005266282162047311,0.9354702320774718
42,40015,0.0006833569319598927,1.0937784988517014
42,40017,0.001596428937774765,0.561984813601143
42,40019,0.0007279525280243188,1.0511305170465917
42,40021,0.0008653898482055449,0.8905432181511977
42,40023,0.0005842972749255293,1.677740467898239
42,40027,0.002641099856911404,0.4200656671255112
42,40031,0.0019742833504656386,0.4277447333579999
42,40035,0.00047279044528436055,1.4375731955439537
42,40037,0.0013101691418429815,0.5685693208995845
42,40039,0.00034990587596822733,1.8138779782244412
42,40041,0.0008603147860274893,1.1485088496056337
42,40047,0.0006751256594535295,0.7627042837699672
42,40049,0.0007981310424043307,1.115046666012826
42,40051,0.0005651186297565283,1.125016369213128
42,40061,0.0003955506752828799,1.7858017466450726
42,40063,0.0007615883950610811,1.5431390385800106
42,40065,0.0005529817759174078,0.794315783741789
42,40071,0.0007578777552919516,1.0188036506602973
42,40073,0.00029755656179914993,1.9805452477492889
42,40079,0.0011397632999507294,0.8733212957797901
42,40081,0.0008048797598953414,0.8374416988922888
42,40083,0.0003358421984839842,1.045701260801873
42,40087,0.0005551256170425407,1.1528789724981923
42,40091,0.0005636281425133875,1.856804250346293
42,40089,0.0006986622958416706,0.9639055383982228
42,40095,0.00026764558717343965,3.3404937636797847
42,40097,0.0007995619021490687,1.6896200743437404
42,40103,0.00028079622125009294,1.9951173831474631
42,40101,0.0008382774186229705,0.7435157874585828
42,40105,0.0002868810744614981,3.326318020882854
42,40107,0.0003660436766752463,1.855322622759726
42,40109,0.007307770863063119,0.4195921594549747
42,40111,0.0008849298845654687,0.7951066408374967
42,40113,0.0005846195868423809,0.8603690167924982
42,40115,0.0010158246295183444,1.021877715619936
42,40117,0.00045686272474337154,3.0979142003778954
42,40119,0.0015066959242419288,0.9545786948052467
42,40121,0.0007546729443284203,0.8579306742628907
42,40123,0.0006692682636754086,0.9688556120155308
42,40125,0.0010639027215574566,0.6082395516209286
42,40131,0.0014550697872893377,0.5270354240506538
42,40133,0.00088354220120793,1.1519829128751415
42,40135,0.0006928854302876166,1.1120489427550067
42,40137,0.000707835951366162,0.7548265828857449
42,40139,0.0004142847999585698,2.234105625758213
42,40141,0.0006926901787748961,1.5264699910356212
42,40143,0.005014402897502293,0.33311478772882613
42,40145,0.0010657735471752278,0.7114116151080351
42,40147,0.0006535280357242305,0.6995459149797445
42,40149,0.00040767649763074465,1.975066876437546
42,40153,0.0004265709030494924,1.3227524011940006
42,41001,0.0006506908449704587,1.3659700412659472
42,41003,0.0013269517922955636,0.6541986518811616
42,41005,0.0032012555182414485,0.3740384133929488
42,41007,0.000793468830995503,1.1692197000544025
42,41009,0.0005481728290964758,1.1011322905059366
42,41011,0.0009700921188877181,0.9883243796944767
42,41013,0.00022518636990125402,1.823673371853365
42,41015,0.0006175454837729628,1.4279651160621352
42,41017,0.0020115331541448417,0.5645235963367514
42,41019,0.0014997736227622203,0.6051466159507972
42,41027,0.0002435438771685918,2.139476024069697
42,41029,0.0017418742743160415,0.6598366386022989
42,41031,0.0003056836626736269,1.6403912741415498
42,41033,0.0012906490436041592,0.833356745079975
42,41035,0.0008037038427667851,0.663739961654695
42,41039,0.0032853073221581265,0.5412845717014247
42,41041,0.0016186106294860312,0.7388600972005127
42,41043,0.0011986958809300755,0.713577128037514
42,41045,0.00039512992469151545,1.0646719051518068
42,41047,0.002584572174163018,0.3790110231968026
42,41051,0.010490279682554057,0.43267132014355636
42,41053,0.0008448292167421309,1.0278657065168946
42,41057,0.0008160100491060392,0.9751902700447516
42,41059,0.0009081582754694377,1.0219583305890096
42,41061,0.0005587066401955072,0.9342665450562735
42,41065,0.00040492154081028797,1.0336450430691502
42,41067,0.005990475154174247,0.32783468669716664
42,41071,0.000885387645780066,0.8611363508460318
42,44001,0.0006308423698480076,1.049730416705532
42,44003,0.0012128057582674833,0.47385844799203536
42,44005,0.0007942986423585496,0.6169676549643982
42,44007,0.0036682116716896633,0.27198284604711176
42,44009,0.0011118086558359406,0.5681540671377493
42,45001,0.0005110893902844818,1.192610540103108
42,45003,0.0009330665089708267,0.4374041585793237
42,45007,0.001534447247403698,0.43559926213500033
42,45009,0.00017836326827673827,1.6330099783112666
42,45011,0.0003471988491875153,0.9616679828230934
42,45013,0.0027104156735899203,0.5194352948378798
42,45015,0.0017019482033635595,0.40401228961894475
42,45019,0.0027763984092854825,0.33274336892162487
42,45021,0.0007030295827510815,0.6925646054685273
42,45023,0.0008785766233777064,0.9579361299059934
42,45027,0.0006241584569302847,0.9236367581822058
42,45025,0.0006417273496092215,0.9742642339255057
42,45029,0.00045482278934286355,0.8898107644849249
42,45031,0.0007978154756212081,0.7195895575458611
42,45033,0.0004899815705218196,1.0535758607041221
42,45035,0.0015060047835432516,0.5443343389837368
42,45037,0.0005770492115645958,1.3077703192184662
42,45039,0.0003677695656457143,1.129847774240938
42,45043,0.0005047165743451212,0.875749326759629
42,45041,0.0010915891378744423,0.46159610808530144
42,45045,0.0030668946214292675,0.4141760730940028
42,45049,0.00037646356500314594,1.327570791702938
42,45047,0.0005813969690743258,0.7479755420742716
42,45053,0.00015618377163946495,1.360399677944604
42,45051,0.002338979177999099,0.4517389157871756
42,45055,0.0006629714354161725,0.5797397750452339
42,45057,0.0007004138011069821,0.7478221878662652
42,45059,0.0008424111004361645,0.6167169300986769
42,45061,0.0003781751046305033,1.1672395848462802
42,45063,0.0019565479060998873,0.3050252036155928
42,45067,0.000530091511002128,0.8908393294975359
42,45069,0.0008135670281472053,1.0108884465418957
42,45073,0.0008097651266470038,0.7315159266868284
42,45071,0.0005537695716809036,0.792195554788115
42,45075,0.0010767347771746389,0.5790514701680575
42,45077,0.0009307699466028288,0.6655823418832829
42,45079,0.004009029818568786,0.35341838407949056
42,45081,0.00023083361964403736,1.131176597504857
42,45083,0.001740878718527516,0.42606310784757445
42,45085,0.001192549732348771,0.4687428540637785
42,45087,0.0006196948279649894,0.8873443253382574
42,45089,0.00080994697237743,0.7764056283767722
42,45091,0.0015777708003301947,0.38161580825178043
42,46005,0.0004796168969769956,1.1473963634791102
42,46011,0.0005238878823615064,1.3590409971121309
42,46013,0.000530703270546614,1.2557437413718522
42,46029,0.000502837600742395,1.1863883868020861
42,46035,0.00019410475006752787,2.025572751950523
42,46065,0.0001941063611581213,2.2632362463040594
42,46081,0.0003750859974435139,1.3880970034235791
42,46083,0.0006588179128162262,0.7739847308080793
42,46093,0.0002562078270710743,1.3298819454405466
42,46099,0.0016091397128139757,0.4261845016330491
42,46103,0.000765595106439894,0.4477095906278905
42,46109,0.00036326131348630373,1.4153407716324464
42,46135,0.00018662009999289092,1.4975327096596167
42,47001,0.000642131757146446,0.7137611897661681
42,47005,0.0005185907541255193,1.291166627077027
42,47003,0.0005834782315482037,0.7574394244159414
42,47009,0.0009240922518342076,0.4313787963074559
42,47011,0.0009579994461396412,0.6587985904205068
42,47013,0.0007438332682096715,0.725439184162614
42,47017,0.00044961079104927803,0.9922356397679661
42,47019,0.0009204307608711135,0.5911266023847518
42,47021,0.0006667541616122221,1.012035801924254
42,47025,0.0005345646127275705,1.0034303684841652
42,47029,0.000507642052229534,0.7402222640143843
42,47031,0.0005480334034530296,0.7590409594859212
42,47035,0.0008352669435591247,0.7063715694343657
42,47033,0.00045194292102463475,1.322763916183474
42,47037,0.004994038462867879,0.29116402325172624
42,47039,0.0003959718649959053,1.7785967678466366
42,47043,0.0008081716889593087,0.702414629836708
42,47041,0.00026602378007035,1.4430640214370227
42,47045,0.0003676231260386775,0.8918979251773269
42,47047,0.0006416921610051222,0.7490197984742673
42,47051,0.0005519979952479794,0.7291089667157548
42,47049,0.0003725439978418062,1.9584199620882556
42,47053,0.0004991013060504967,0.7235225837922429
42,47055,0.0006539964216711846,0.9374922988428788
42,47057,0.0005177197468850263,1.9231685568046835
42,47059,0.0009008923822237997,0.741628949927661
42,47061,0.0002950690508638778,1.8886031822638607
42,47063,0.0007436444882963635,0.6981626358148082
42,47065,0.0013925433419182537,0.35126466891495994
42,47069,0.0005028930978551842,1.1242630936090567
42,47071,0.0004901353506508659,1.2045009477724493
42,47073,0.0008410502887508202,0.9186490023519862
42,47075,0.0003997161833857073,1.0943686186888388
42,47079,0.0006193013378439403,1.1359778756751746
42,47077,0.0005426589399116251,1.1406880927165968
42,47081,0.0004017603272455461,1.1135466252115778
42,47085,0.0003155040767690779,1.0608498577038714
42,47087,0.0003305993088214058,1.3789010562070447
42,47089,0.0008412545582527222,0.9592169941149279
42,47091,0.0003110758808836971,1.2361672186974249
42,47093,0.0021293446444496204,0.36756345653782935
42,47097,0.0007424910232746238,0.8792433626380697
42,47099,0.0008145423625269812,0.7785089553891449
42,47103,0.0006217241346947888,0.7802393409390078
42,47105,0.0004272511712239824,0.7532153690328734
42,47107,0.000672586214544537,0.8007757935705885
42,47109,0.000611918464281673,1.0548569685119231
42,47111,0.00020696465326939352,1.2936730057973527
42,47113,0.0008671628559260682,0.4848918097684136
42,47117,0.0004660660768328725,1.4579005161805534
42,47115,0.0005887938304127018,1.167684995659891
42,47119,0.000787894510097709,0.5222705043416658
42,47123,0.000843977186254466,1.322818504879648
42,47125,0.0030961924413100287,0.5071135612387114
42,47129,0.0004936595611682484,1.3028268280875142
42,47131,0.0007014221261622964,0.8056951239370945
42,47133,0.0005893197435841149,0.89828580627835
42,47139,0.00037748285751985813,1.1419100153187018
42,47141,0.0006922858816945552,0.7467423586461145
42,47145,0.0005887805767584793,0.8478240143117217
42,47143,0.0005006770042228907,1.6867454961494786
42,47147,0.0008667063657343694,0.7498538215175771
42,47149,0.002765358108427221,0.4785961229589792
42,47151,0.0004760154635900901,1.0813942513165926
42,47155,0.0005415618386618999,0.6265667571675609
42,47157,0.00686431722132288,0.34074106806384485
42,47159,0.0003720292349760346,1.1412970982830353
42,47163,0.0017735681012833431,0.5444337898916265
42,47165,0.0016973582366555217,0.461021197612173
42,47167,0.0008305330068755792,0.8465058300264113
42,47171,0.0003307966187503576,2.4915532256818547
42,47173,0.0002953725635001484,1.3353760991958514
42,47177,0.0005634021976572989,0.7176212712893636
42,47179,0.0009384870092296931,0.5967319529812783
42,47181,0.0002859973719141035,1.7172510168463786
42,47183,0.0004439667766281524,1.394852906895159
42,47185,0.0006390586234229297,1.147499719334905
42,47187,0.0026926878913329172,0.3899108822215288
42,47189,0.0009680801908155352,0.6866001689711562
42,48001,0.0007025992973998194,0.9102639915075708
42,48003,0.0003024345840126168,2.959479156355668
42,48005,0.001157379434297099,0.605932174692264
42,48007,0.00035435665233393677,1.434377856663956
42,48013,0.0005695674029477589,0.9238713882575369
42,48015,0.0003452894264116707,1.2741127379047723
42,48019,0.0003573898971627645,1.3216243086305621
42,48021,0.0010372122866260645,1.0313939277159918
42,48025,0.00040212546693012095,1.335098150493779
42,48027,0.0044509551169398765,0.8007824709781057
42,48029,0.012000337032744245,0.33527305806617186
42,48035,0.0006892790835179401,1.5993955798941697
42,48037,0.0009078598272570049,0.7456075992453538
42,48039,0.0029279674984431345,0.6577476958741969
42,48041,0.004017177305937998,0.49972242248598636
42,48049,0.0005591974677694651,0.8924124015191813
42,48051,0.0004270362786128917,1.186218633563199
42,48053,0.0005400269351714828,1.1385956304753615
42,48055,0.0004613992460423796,0.8973218891642993
42,48057,0.00030007041607574216,1.362005710402022
42,48061,0.007087251176304453,0.3458008697904912
42,48071,0.0003219113626535175,1.3657542858659044
42,48067,0.00047762074632278775,1.7499122501421032
42,48073,0.0006553549397001776,0.9851732982247984
42,48085,0.010820515920243882,0.41995031443453235
42,48089,0.00025604073155045993,1.0671689904258495
42,48091,0.0011333224849610511,0.831577410178867
42,48093,0.00029125126820507606,2.2937387139971595
42,48097,0.000533061466516921,1.0500678485464978
42,48099,0.0019312144448924515,1.103666823798575
42,48113,0.01885879751753482,0.31341801373954975
42,48115,0.00027607472605270164,2.541453169119731
42,48117,0.0003190258405602223,1.749789400359819
42,48121,0.00934498082754757,0.5996293968126071
42,48123,0.0005351752582286858,1.1815884571363595
42,48133,0.0003573918191529744,1.1099366586171153
42,48139,0.001731828728080704,0.5399919211489032
42,48135,0.0027782238266238347,0.5085893926729933
42,48141,0.0100696360953558,0.35843992736734165
42,48143,0.0004180315971090045,0.9299713002763613
42,48145,0.0005691267678554548,1.8922983191661185
42,48147,0.0006838717576752194,1.0394153675525442
42,48149,0.0005701900933044004,0.971991169134179
42,48157,0.007153159806943704,0.3680036415424335
42,48161,0.00035591161174008956,1.4658608670003608
42,48167,0.0021409701049940636,0.7167974727189386
42,48171,0.0004571101894522768,1.316818605380837
42,48179,0.00043807146196828215,1.0195643461344703
42,48177,0.0005308071182252824,1.70786316843607
42,48181,0.000874190002275355,0.48723855884878037
42,48183,0.0012953105723854295,0.6728395090889088
42,48185,0.0002512127097236656,1.6414957179489806
42,48187,0.0012080247722482769,0.8038905382877877
42,48189,0.0007402630820100964,0.9766537557601273
42,48199,0.0006355568648515841,0.8060821972438369
42,48201,0.02872753298454898,0.2940135016364081
42,48203,0.0007804085641807352,0.7257806711737644
42,48209,0.0021861613641363437,0.8531309390338364
42,48213,0.0009520316658066362,1.0259030967190224
42,48215,0.014756024996740823,0.352145630440279
42,48217,0.0006343417749080064,1.2716408566804025
42,48219,0.0004788946054584576,1.2143226994083116
42,48221,0.0005848839129594125,0.7183898214919356
42,48223,0.0007113307933858649,0.9317283836938152
42,48225,0.00036394421839979385,1.4779843218770328
42,48227,0.0005567231691788574,0.8227253519849127
42,48231,0.0008296709006489849,0.8825281941374497
42,48233,0.00031572989475347444,1.1305417520110495
42,48241,0.0004725870241442067,1.9881817275617895
42,48245,0.002199241309210745,0.4061229716948018
42,48249,0.0007459000828895001,1.1255812231955993
42,48251,0.0017938809728303905,0.5508749465032945
42,48253,0.0004381677453950793,1.9325708633904115
42,48255,0.00028825502900044176,1.457448383249194
42,48257,0.0013691011946320533,0.7220690455869673
42,48259,0.0004873118111213487,1.2053466184993074
42,48265,0.0006259702494057076,0.843765596801404
42,48273,0.0006327379255321812,1.3493293070432444
42,48279,0.00047786487995503,1.6724731449800174
42,48277,0.0006453545207732443,0.7500053215270615
42,48281,0.00025107051857278475,1.4167550860789706
42,48285,0.0005964240200439817,1.1926488573282013
42,48287,0.00021241979939535033,3.5665003307968206
42,48291,0.0008790297976764023,0.7061038688916736
42,48293,0.0007893574646812666,1.354442458883717
42,48297,0.00018719915455519653,1.6700736053497294
42,48299,0.0008488444638000658,1.4230619229657882
42,48303,0.0030158663645447666,0.38604306352571793
42,48309,0.0016704540891641982,0.4156095298208922
42,48313,0.0002666422445440213,2.3575544989769965
42,48315,0.00035027729304954456,1.9462319326233735
42,48321,0.000490795240625193,0.8702373682939778
42,48323,0.0010245226001944663,0.9372959354674909
42,48325,0.0005380183312938021,0.8950827919917458
42,48329,0.00177551921513979,0.4860999806079868
42,48331,0.0006511855661402659,1.1002261483773832
42,48337,0.0004123789776200374,3.5228794497876725
42,48339,0.004924439134092929,0.3454294563935748
42,48341,0.0002679400842534655,1.9746980499096507
42,48347,0.0005980052398197216,0.7205511568711853
42,48349,0.0006514638839272678,1.1119585851369134
42,48351,0.00021076830602664027,2.261615391177046
42,48353,0.00027717543932922497,1.3608637591014952
42,48355,0.002744222826725969,0.36297183850651077
42,48361,0.0008868786669421149,0.5200967494307384
42,48363,0.0005030162703604964,1.1270323093306525
42,48365,0.000511968081140243,2.0220844481332785
42,48367,0.001460394468445745,0.6540998328564337
42,48371,0.00038478863712616585,3.2044573194352
42,48373,0.0007199033665439103,0.9020692828997339
42,48375,0.0015665359778371335,0.5560160200960541
42,48381,0.0009730103480009828,0.5340362235254635
42,48387,0.00032967324823605703,1.6377903118562875
42,48389,0.0003832569172919652,1.946869127455816
42,48395,0.00029395713956896827,1.2481838482014356
42,48397,0.001203782038105632,0.8227417597544564
42,48399,0.0003147899605618932,3.70674951707342
42,48401,0.0007869319205190059,0.7212428902667667
42,48407,0.0001773737541707498,1.2151835852830493
42,48409,0.00115203807165997,0.9651012249446296
42,48415,0.00019959326068990057,1.611180903101314
42,48419,0.0005152313334585774,1.2478859233466233
42,48423,0.0014634921893742238,0.4821156914350504
42,48427,0.0020851946451563466,0.9685162307831997
42,48439,0.012666978010203373,0.27965445443987613
42,48441,0.0013508484309179432,0.3954117600346808
42,48449,0.0006176081340399329,0.9464297589219284
42,48451,0.0010269412672784277,0.5469601064836306
42,48453,0.013316642654977756,0.23530968417525158
42,48455,0.00046689156982271043,1.5922268546263836
42,48457,0.0003197629979149016,2.5285093666105856
42,48459,0.0006141108365235241,1.2504882216182427
42,48463,0.0003998352969549672,1.9055283804437102
42,48465,0.0007977982837200865,0.9426169169275171
42,48469,0.0007672381156458958,0.43464056270843054
42,48467,0.0008590770587344781,2.315150446748949
42,48471,0.0008249914065869919,0.9271839915684402
42,48473,0.0005161800052366059,1.533817595561147
42,48477,0.0004932432443094771,1.3414714591913424
42,48479,0.006685544461653605,0.41675877892933705
42,48481,0.0005150135449931593,0.6805011381912679
42,48485,0.0014596683317637572,0.4441616982290666
42,48487,0.00021565592918657494,1.7156698177910756
42,48489,0.0007046260669108013,1.3154275506618665
42,48491,0.005699521177883295,0.5190991667439441
42,48493,0.0007736603538571794,0.7632986132448457
42,48497,0.0007709952968448066,0.7161008728035324
42,48499,0.0006492796191676069,1.0735046087196836
42,48503,0.00022798898714451922,2.9017654167330025
42,48507,0.00030984679616036535,1.8248693095306048
42,49003,0.0014278133674868125,1.1711226109577522
42,49005,0.002871543039682873,0.6573700323209077
42,49007,0.0005684882214847391,1.6258481007217596
42,49011,0.006136885239389153,0.6216874072571088
42,49021,0.0008606672173086878,0.9710438209246172
42,49035,0.013055111541428535,0.4027836025814847
42,49037,0.00047421398786861115,1.5992735874757973
42,49039,0.0005468919673565589,1.4810480305445433
42,49041,0.0007101835497562782,1.4448648319544235
42,49043,0.0008854266226842121,0.7685208956596569
42,49047,0.0009141476689866723,1.6988542208465336
42,49045,0.0009497830563134002,0.7252943008211826
42,49049,0.015618203136553675,0.7376170630793945
42,49051,0.00036407411340515895,2.6111716257075996
42,49053,0.0025720872654589042,0.5348751856513733
42,49057,0.0035461184291160973,0.4234876247527838
42,50001,0.0007198971233955311,1.036018437358936
42,50003,0.0006858186381319294,1.2001733046303291
42,50005,0.000849498755885822,0.8596258878885014
42,50007,0.001503272739331695,0.7242287533540088
42,50015,0.0005139244786282864,1.0092971413334726
42,50011,0.0007770419825529842,1.2408795693796975
42,50017,0.0009178763540905311,0.9425181277207021
42,50019,0.0008737119601703767,1.1098271573927874
42,50021,0.0013896495129103385,0.6680769375861156
42,50023,0.001206255380800092,0.6859116991433264
42,50025,0.0013443001591415614,0.823099980543579
42,50027,0.0010911117726025786,0.8900827432245049
42,51001,0.00042806368665598794,1.1265840505995615
42,51003,0.0011672634818300845,0.6673803138784768
42,51005,0.000566911130476173,1.7768280287113092
42,51009,0.00040120711326967705,0.8941811362945759
42,51013,0.007702005666554633,0.47631770959248987
42,51015,0.0009958301766567193,0.6975612572724844
42,51023,0.0005576101116856469,1.0831933697014697
42,51027,0.0006275998558201059,0.9645684536578205
42,51025,0.00022142856822241036,1.5962468978691386
42,51029,0.000368518739684852,1.5933945581558189
42,51033,0.0004535158716853517,0.9065752527092473
42,51031,0.0006338405794678952,1.0155077597724207
42,51035,0.0006929856717351095,1.057722316676422
42,51041,0.0028590841290799932,0.3366908114662246
42,51047,0.0006354343567662523,0.8736336157315878
42,51051,0.00026585097882022765,1.790001291819177
42,51059,0.011457204289300051,0.2981952598593272
42,51061,0.0009700944736181254,0.6924068321377032
42,51065,0.00020963138318996595,1.812484259292061
42,51067,0.0005941880272153943,0.7350963614688262
42,51069,0.0010521037112263807,0.7691223849643112
42,51071,0.00032640006677073805,2.36708773347815
42,51075,0.00021631671806913056,1.4862637839432526
42,51073,0.00044018506592656916,0.836535193616191
42,51077,0.000438269505463429,1.2145772487250426
42,51083,0.0006770555634890783,0.8452826813311409
42,51085,0.001032062210956537,0.5737744607240738
42,51087,0.0020442726691146584,0.4257969880954259
42,51089,0.0010656411710526145,0.7172930636413636
42,51093,0.00068342087519157,1.001734611859662
42,51095,0.0008547490251896785,0.9452879859706083
42,51099,0.000497020531243163,1.279363760018115
42,51105,0.0005353844451829118,1.1990326484250118
42,51101,0.0002070543247590818,2.50615296728445
42,51107,0.006841228138784735,0.41350224159777005
42,51109,0.0005166797861445294,1.08267891717539
42,51117,0.0007518096535491252,0.9597787872427826
42,51119,0.00029948940277425726,2.169628357247773
42,51121,0.0012426110739191425,0.7994895487165099
42,51135,7.788438050079422e-05,1.7492266492241206
42,51137,0.00033542754682109997,1.9068152735391244
42,51139,0.00048519775571335364,1.7578268330658948
42,51141,0.0003509084538645232,1.6468710716420414
42,51143,0.001144311157873379,0.7176175536570017
42,51145,0.0002835302815983778,1.2118939791477008
42,51147,0.00013874097411819303,1.9635603783487823
42,51149,0.0005249252075132306,1.30429644863571
42,51153,0.007653366294343986,0.3825017968569579
42,51161,0.0010113113043757629,0.7977248810080002
42,51163,0.0002524971759833229,2.105496314441675
42,51167,0.0004675611421201563,1.0864220394308994
42,51165,0.0008431433193503113,0.636563112553385
42,51169,0.0008268096457036136,1.359087785265234
42,51171,0.0005458790340343409,0.8831452316625896
42,51173,0.0006381969199198974,0.8844509585909316
42,51175,0.00034076557234829965,2.5645232750861005
42,51177,0.0019912234912909275,0.47119706957411084
42,51179,0.002429786669916102,0.6173181406433658
42,51183,0.0003630677802572343,1.3803598435075435
42,51185,0.000591004242305282,1.152869388478663
42,51187,0.000406357525915775,0.977226738256839
42,51191,0.00077743479775774,0.8061123432379671
42,51193,0.0002149542488658923,2.1859156778899784
42,51195,0.0008120125940409291,0.8316171089939042
42,51197,0.00043863607661405126,1.1354405326700763
42,51199,0.0009486780609199045,0.7716516904648482
42,51510,0.004340298217141992,0.5675092254686234
42,51520,0.00017236923611171377,1.7908101478912613
42,51540,0.0012667816380006495,0.7493402603287932
42,51550,0.0028885100053263235,0.45951989430273116
42,51570,0.0002596367158244547,1.7142164945332503
42,51590,0.0006765755789564445,0.6914985735628288
42,51630,0.00039457001934556666,1.3657442798455846
42,51600,0.0005153971485076249,1.385105842928822
42,51650,0.0014410651552759864,0.42207207775993355
42,51660,0.001160921700332496,0.7535226316406985
42,51670,0.0003294744461640227,1.079817975099503
42,51680,0.0012209746523016132,0.5804132694920439
42,51683,0.0009769219529002404,1.0635437737973163
42,51690,0.0003387402020030028,1.188336542521686
42,51700,0.0018830533037469017,0.5154668009288559
42,51710,0.005062894670177156,0.32682444878177325
42,51730,0.0006590480688294893,0.7681337711278807
42,51735,0.0001339198139849733,1.1966945253436105
42,51740,0.0015826508747842291,0.5062376514845686
42,51760,0.00316507322882737,0.3310735482388806
42,51770,0.0009039622348000571,0.48977711752963327
42,51775,0.00033115417209688525,1.375545833856559
42,51790,0.0003133421003798742,1.1950586913031094
42,51800,0.0018091104487911141,0.5693444552540378
42,51810,0.004614646289781845,0.3531091096056824
42,51820,0.00029614267293567463,1.5577470466774692
42,51840,0.00044537205581667597,1.3082410598838004
42,53001,0.0002693880718584405,2.6095282671418936
42,53003,0.0003328319230048993,1.538174135827136
42,53005,0.001710836607570681,0.4282055870294008
42,53007,0.0007100131634116324,1.164270295922007
42,53009,0.0012562981272770503,0.9541662301680016
42,53011,0.003696628647246957,0.34290133858742433
42,53015,0.00075289862397411,0.43753306450970025
42,53021,0.0018161273080923165,0.8363800379984715
42,53017,0.0005839794083565784,1.2160109094709992
42,53025,0.0010115271551935643,0.7538900173678528
42,53027,0.0008502444466294179,0.6966744321694449
42,53029,0.001316796450058266,0.9494387233083604
42,53031,0.0008184806933791206,1.5722813990989721
42,53033,0.017041878920233133,0.39289415940512973
42,53035,0.002650928578665366,0.3658950595002967
42,53037,0.0006238593472006149,1.3784101603690284
42,53041,0.0010169447112963472,0.6898222293659099
42,53043,0.00044033964296065454,2.661371702507962
42,53045,0.0008562808043365348,0.7960068644552422
42,53047,0.0006924249646033965,0.8218911037563946
42,53049,0.0005415413390668207,1.3880339461639568
42,53051,0.0005501128646065237,1.4417770160590238
42,53053,0.005727912344271734,0.2943143812327079
42,53055,0.00047579203744804456,1.584543985364485
42,53057,0.0011852195547376195,0.7803644051649257
42,53059,0.00035990907424713735,1.5665150837272428
42,53061,0.005992586589703936,0.3034818020897543
42,53063,0.003316878659782436,0.2868100034840129
42,53065,0.000877534505322134,1.1143137697622527
42,53067,0.002911988126054301,0.4181998966265197
42,53071,0.0004964925494535224,0.8395572362018262
42,53073,0.0022800244240732035,0.5537436052245474
42,53075,0.0006592294643485231,1.1582084799420358
42,53077,0.0033442985517837982,0.5532234040132152
42,54001,0.00026877295912904574,1.982486720754615
42,54003,0.00162193361830428,0.7429887130018961
42,54005,0.0007141276688776326,0.9861715922033153
42,54009,0.00047158600774526636,1.2992831609409279
42,54011,0.0008832108143233876,0.6103240138663224
42,54019,0.0008364309553272871,0.6935191418347166
42,54025,0.0007065525213784068,1.2789372427158228
42,54027,0.0003705869096232348,1.3388283883114014
42,54029,0.0005338799125978222,1.390836657810755
42,54035,0.0004160207220639307,1.1333941236508567
42,54033,0.001001528025977644,0.4684045170023473
42,54037,0.0006986464879827004,0.6930865438939692
42,54039,0.0015833939811707803,0.41117812997145536
42,54041,0.00046109257704236606,1.3509496837146537
42,54043,0.0004097187688784215,1.048836939996465
42,54045,0.0006888530878462267,0.8864248667154881
42,54047,0.0009116843995182145,0.9480080995668607
42,54049,0.0007428009584125488,0.598061573905405
42,54051,0.0005944193345352892,0.8946682506946605
42,54053,0.0006347064597027709,1.1151179883033786
42,54057,0.0005277401960492918,1.2092732168368134
42,54055,0.0007757765326028412,0.7853713848152785
42,54059,0.0008279563456595726,1.1826177646849263
42,54061,0.001750328534500704,0.7963117381365822
42,54065,0.0003120397484469284,1.8372213387981327
42,54067,0.0003183284038367105,1.1058165696934539
42,54069,0.0007664841327144101,0.6808151797594879
42,54077,0.0007302943211630723,0.956895451952168
42,54075,0.00037160550731333685,2.317456284761545
42,54079,0.0008015837374414155,1.267549134083869
42,54081,0.0010664788026150313,0.5526195658154308
42,54083,0.00045402834582856244,1.3379476732926925
42,54089,0.0002757346050319206,1.8050824859732713
42,54087,0.00029301617272062795,1.936142080259444
42,54091,0.0002494141063715714,1.7603004406650604
42,54097,0.00035396337176175707,1.8317072069477365
42,54103,0.000492319995214592,1.474273988389418
42,54099,0.000592580283602587,1.380883470362078
42,54107,0.0009744431066818334,0.46076243671392997
42,54109,0.0004911344564483116,1.113993462077031
42,55001,0.0008302956373220954,1.1175779640234407
42,55003,0.000483465125431191,2.133992947571378
42,55005,0.0007046861636014769,1.092431451145679
42,55007,0.0006791336574018278,1.5161110263385245
42,55009,0.0013134701675957022,0.42061077259457724
42,55011,0.0005349548594658713,1.446682489818886
42,55013,0.0008016148421369853,1.2058400772705267
42,55015,0.0007400790730710547,1.326188971036109
42,55017,0.0007966517585544675,0.9104582684388899
42,55019,0.0013953268078884657,1.1621624310063121
42,55021,0.0009593728351201858,0.9653030584749173
42,55023,0.0007414851119874186,2.470187116104642
42,55025,0.005118585652959558,0.5812103963524125
42,55027,0.0012131835899193586,1.0539067793289374
42,55029,0.0008711941449514513,1.286115103119136
42,55031,0.0005343679874845084,0.8181584015571758
42,55033,0.0007768998806409513,1.2721228349880467
42,55035,0.0008394431965268201,0.5075529159463782
42,55039,0.0011538370874315223,0.6987468908167638
42,55041,0.0004776908756579987,1.5630794496108582
42,55043,0.0009450002598358753,1.3796777335406627
42,55045,0.0008331018088420876,1.1941599933145497
42,55047,0.0007007551192529484,1.9745370194743657
42,55049,0.0008314779709061051,1.1068869214675947
42,55053,0.0006150685515999403,0.8506812508890558
42,55055,0.0008204630923277704,0.5703901311566321
42,55057,0.0011350060004017798,1.004591918530953
42,55059,0.0012702426830773796,0.46184547133677
42,55061,0.0003393015473557761,2.24250236027045
42,55065,0.0007894145180061496,1.2766890029796452
42,55063,0.0007415641424037706,0.5869470485729531
42,55067,0.00044627131579309164,1.7327000328871618
42,55069,0.000696374992689651,1.3858141556426
42,55071,0.0009710003711835149,0.6798743528046995
42,55073,0.001309272351335198,0.5316412882880533
42,55075,0.0006992103511083944,1.1231365866762244
42,55077,0.0006724833216654888,1.2126930236407794
42,55079,0.010560380101599437,0.3585937564820007
42,55081,0.000960433122063141,1.4822440052838823
42,55083,0.0006303073084853272,0.9474464645113817
42,55085,0.0011938590128423012,0.9154871390265887
42,55087,0.00167649207477222,0.41488384145458884
42,55089,0.0011032191756187516,0.980405777672419
42,55093,0.00045540930179776776,1.6075616304395446
42,55095,0.000786063382701236,0.7708815841939463
42,55097,0.0008670616626408376,0.8058351768400078
42,55099,0.001073680139999834,1.2623926278734707
42,55101,0.0012275284213948345,0.5071596132564412
42,55103,0.0005180963199363981,1.5559140895375532
42,55105,0.0009393153992523186,0.4861570404051529
42,55107,0.0005497470788638988,1.1569657827363007
42,55109,0.0013570379503086607,0.9874349659483812
42,55111,0.0009063907904813877,0.8242692333648367
42,55113,0.0005014607554609502,1.1754673698052565
42,55115,0.0009203677759066531,1.1253991654981954
42,55119,0.0005756134192174837,1.3220639714879923
42,55117,0.001010883918232067,0.62890188318093
42,55121,0.000974356927031109,0.8768427090798682
42,55123,0.0009178978662587789,1.1534470688465912
42,55125,0.0007885614995324304,1.4013869357067454
42,55127,0.0009264421489773074,0.9750674776946986
42,55129,0.0005198097243784796,1.4606680451411438
42,55131,0.0016274829738904528,0.6416990450373065
42,55133,0.003545899527839997,0.3166793108808087
42,55135,0.0009787294333123166,1.0132407604667686
42,55137,0.0006252932374114879,1.0918994970345468
42,55139,0.001024025235074541,0.46890171469206476
42,55141,0.0009428870910005642,1.0126589397331136
42,56001,0.0010780791742996496,1.0711634201579756
42,56005,0.0009779124323291278,1.3341687360463796
42,56007,0.00026868574481825634,1.77636406038586
42,56009,0.00033379957456986686,1.9094270587472826
42,56015,0.00023838875386160535,1.824211084529038
42,56013,0.000680991469504652,1.274623971320555
42,56021,0.0008964913404091191,0.5178672877780494
42,56023,0.00028202045547047884,4.928239342879753
42,56025,0.0009941745791711622,0.5773870560011085
42,56029,0.00032591154065917836,3.5953633950048993
42,56033,0.0003829650590511331,1.5550126897035625
42,56037,0.0007674203151894483,0.7551054981851443
42,56039,0.00022552444596124404,2.345243966684851
42,12057,0.007816488999216538,0.3352332336370817
42,12059,0.00036091128478080945,1.512568757822433
42,12061,0.0029085487328887856,0.4560896129413295
42,12063,0.0008848260642182216,0.7064456073173426
42,12069,0.003710167993922564,0.5197059283754883
42,12071,0.010882029298343733,0.5001569461206578
42,12073,0.004203472362649856,0.633012486088314
42,12075,0.0005033416900535379,0.8472435685882378
42,12079,0.0003820638351613632,1.157459597664985
42,12081,0.0034108562906571046,0.3027959805209902
42,12083,0.0034386983080426773,0.3848021065308113
42,12085,0.0023954132955247153,0.37063303757869503
42,12086,0.015063292748101734,0.3521835551840016
42,12087,0.002452568795220845,0.795684275676812
42,12089,0.0005019002353811522,1.1121274816666027
42,12091,0.001740665949884281,0.6517606268464738
42,12093,0.000631498467719151,0.669988490737825
42,12095,0.008624823553278538,0.2879476340248175
42,12097,0.003294009218115674,0.45045234687228397
42,12099,0.014750531207618985,0.3857834537687911
42,12101,0.005287151934761582,0.4782472493452429
42,12103,0.008659020544257937,0.2711847688356879
42,12105,0.0032917589531116453,0.3407432621253483
42,12107,0.0008392294687661457,0.6304837913365412
42,12109,0.0013613564793955595,0.6571490947304652
42,12111,0.0029321301482761993,0.5830685383825768
42,12113,0.001598810293378651,0.482333234942425
42,12115,0.009825609256901024,0.4724368722738133
42,12117,0.002789187002223311,0.3665222054815753
42,12119,0.0023901384454887245,0.9928973128186003
42,12121,0.0005909429163838756,0.9694611742206879
42,12123,0.00025175563492859764,1.5395793974946748
42,12127,0.004030658798498134,0.345376730737231
42,12129,0.0003514353127717246,1.6402601679500382
42,12131,0.0005512882278522413,0.9948428434360608
42,12133,0.0005349907495383655,1.2000954041359944
42,13001,0.00038398615441137627,1.2156329416532987
42,13009,0.0005664708803787411,1.1043500725857496
42,13011,0.0004107895036288761,1.3334484112831104
42,13013,0.0013736709077988229,0.5869772828938583
42,13015,0.0013335929917355181,0.8402492988653967
42,13017,0.00041569409498545416,1.1210243991843238
42,13019,0.0005815245251333294,1.1745162671165046
42,13021,0.0016100705426337508,0.46135404950925196
42,13031,0.000905410100905216,1.0851954921846887
42,13027,0.0003700003339554834,1.1924039592956004
42,13033,0.0005376462443595358,1.0668717962025727
42,13039,0.000629679096141646,0.8257185295628495
42,13045,0.0015333718320798767,0.6814060816042015
42,13047,0.000811453232342205,0.7635029978515759
42,13053,0.0014311102984311806,1.5992873282037636
42,13051,0.0024735962471378156,0.32424201526189245
42,13055,0.0005420294452475871,1.1515469452874065
42,13057,0.003455202240265253,0.47179788779161064
42,13059,0.003098787310401219,0.47276800349371945
42,13063,0.004343132249815281,0.39906483505143386
42,13067,0.007172230467940361,0.412995711365705
42,13069,0.0006634970266159615,0.8464753957779148
42,13071,0.000801357573190693,0.6854558972578801
42,13073,0.0016997267362957782,0.5702258437372715
42,13075,0.00030681351156711687,1.3015604802724632
42,13077,0.0017894160742321747,0.5564146747055541
42,13081,0.00037114020549227635,1.0015054602114346
42,13083,0.0002743562256564102,2.4576868761460147
42,13087,0.0004301656143946706,0.9659725586592806
42,13089,0.006047249110563005,0.41972117010678006
42,13091,0.0005492413064920796,1.142516532236742
42,13095,0.0014556246063265781,0.455608736047481
42,13097,0.0019576349325106488,0.5789565835713941
42,13099,0.0005488200822859239,1.0365360676735191
42,13103,0.0008270488309547488,0.8256918595850177
42,13105,0.0004560767036680974,1.0539368606568853
42,13107,0.00032965186398905286,1.1952799025126004
42,13111,0.0004446614332700184,1.2108531038000079
42,13113,0.0016745324028786808,0.6358406780260228
42,13115,0.0009720447331926505,0.47846422806293454
42,13119,0.00036870842547159224,1.2149123080664157
42,13117,0.003812381648785102,0.51647788417731
42,13121,0.009789154662433835,0.5050251714555958
42,13123,0.0004017386557334973,0.9864222271630269
42,13127,0.0005611510252714624,0.9063350228867296
42,13129,0.000909300929343986,0.7869737246895576
42,13131,0.00048584121833197504,1.0783058229100497
42,13133,0.0006181786275534356,0.8446919769417532
42,13137,0.0004611590347416614,1.0232189012199722
42,13135,0.011675283221136758,0.39371925738871444
42,13139,0.00203647851509724,0.4055886728835673
42,13143,0.00041995777267870096,1.2520664182463377
42,13145,0.00040678371091790134,1.174725119763623
42,13147,0.0003244667237954938,1.2357591757835151
42,13151,0.003484291464886807,0.5981103042227642
42,13157,0.0009178254837900892,0.859812588387174
42,13153,0.001927070127610344,0.5348589494334571
42,13163,0.00033496387116442247,1.6971260640002483
42,13169,0.00036772204604654013,1.1080740249616856
42,13175,0.0008768266953770614,0.7615643318691219
42,13177,0.0005246787658801004,1.3254597095336809
42,13179,0.001776887023851653,0.6272848961122006
42,13185,0.001610506560160441,0.5059741209116735
42,13187,0.00030074065306094833,1.7187810571164994
42,13189,0.0004478921243385172,1.1096890273160176
42,13193,0.00037929177155831385,1.4540150774901262
42,13195,0.0005560875320101855,1.069986197121795
42,13199,0.0003475563423403142,1.4642484910341005
42,13205,0.000403285211221017,1.165821112488996
42,13207,0.000422464151493555,1.1956236027746057
42,13211,0.00039694552590381046,0.9116861034688449
42,13213,0.0007477976775170069,0.9211011850205373
42,13215,0.002727578444898148,0.43642754431298453
42,13217,0.0014631164551606477,0.7524499931973029
42,13219,0.0005735810814941044,1.193340402896977
42,13221,0.00028544739526515837,1.360072848732252
42,13223,0.002051896794932051,0.5135654191613765
42,13225,0.000381204896897561,1.118724856857313
42,13229,0.00030661919545322094,1.3972008547649808
42,13227,0.0002639221913403138,1.2187030143418538
42,13231,0.000378862295868033,1.5689136507217454
42,13233,0.000649929075956992,1.0866868097404976
42,13237,0.0002119057192491356,1.3699800685010048
42,13241,0.00034020809776618024,1.2175650202160244
42,13245,0.001960189395542116,0.5312502708090644
42,13247,0.0009690533347761276,0.6633453902632663
42,13251,0.0004297539606199412,1.2195390298513429
42,13255,0.0005766918294791192,0.6849485019057538
42,13257,0.00036987994524863255,1.2120456132457218
42,13267,0.00046525295419747335,1.110902224596776
42,13261,0.0003809548308830362,0.8947258458828884
42,13273,0.00038780935175473875,2.1940850851911247
42,13277,0.0003820415330693122,0.7456376472826907
42,13275,0.0004978217089999721,0.7821915509116136
42,13279,0.0005467052159196157,1.1879951586750104
42,13285,0.0008264760446172697,0.657328374001616
42,13291,0.0007059110097337021,1.0977821297194954
42,13293,0.0003954106646572497,0.9124078533880007
42,13295,0.0007386233018678956,0.8336611500763149
42,13297,0.0012483333997396096,0.6906302703951954
42,13299,0.0005204659653783363,1.018155799156606
42,13303,0.00032922367024212495,1.129457742713896
42,13305,0.0004591599015365222,1.051537941055516
42,13311,0.0002532078130053691,1.2322708233665793
42,13313,0.0015090713380828307,0.5794499862989796
42,13315,0.000463908385398244,1.5390153857215163
42,13317,0.0002195962822521161,1.5421568863947437
42,13321,0.0003124012621438057,1.063743980578599
42,16001,0.00413348121380945,0.40618483393553606
42,16005,0.0012913082326311768,0.5090610462515217
42,16011,0.0010752358723039115,0.9033798652226632
42,16013,0.00022488548611656933,2.3666902789398456
42,16017,0.0006939435299284689,0.8459307952220216
42,16019,0.001621571279239549,0.5234109646200127
42,16027,0.0025029404605564362,0.4965050596163403
42,16031,0.0006830089362498963,1.329486462964668
42,16039,0.0002599134406821236,2.813254236119378
42,16049,0.00039565155977019863,1.23093063113683
42,16051,0.0003854274481708758,1.8534324034680918
42,16053,0.000466748424824874,1.5426991168915654
42,16055,0.0013528628328281919,0.5599099230216186
42,16057,0.0003862986488972281,1.1345846693580932
42,16065,0.0008873053359772314,1.5351731031276201
42,16067,0.00046046188036017724,1.4324846882537137
42,16069,0.00044017664539095603,0.9962467887329957
42,16075,0.00032473399692010653,1.7454160895615443
42,16083,0.0008417669589447429,0.7590900062455936
42,17003,0.0005020271644762679,2.233786674865532
42,17001,0.0005451125079440035,0.5849472495190055
42,17005,0.00018585697689289687,1.5837868264045174
42,17007,0.000760796280522197,1.1814775979857741
42,17011,0.0008721544795965947,1.1487381556496086
42,17015,0.0005846369476011614,1.2362312558606172
42,17017,0.0005231336895661413,1.9171832094530887
42,17019,0.0032753695720545073,0.6620336394963183
42,17021,0.0006976180992687687,1.7018103851382504
42,17023,0.0003113245636700377,3.371164777178661
42,17027,0.0005308369164381736,0.8973422172069003
42,17025,0.00023856087237831425,2.077006274876584
42,17029,0.0004741137893010248,1.5335061682095033
42,17031,0.019491429442713298,0.35379756095198484
42,17033,0.0005469861488458432,1.4556399231707982
42,17037,0.0011606692318574946,0.8645401445601014
42,17039,0.0004147860348434236,2.0282219428825954
42,17041,0.00047424882513051,1.1843337729455843
42,17043,0.0073109971754933304,0.29478478946468584
42,17045,0.00037111575959020957,1.3655908359117441
42,17049,0.0006334570682972543,1.1441182524054256
42,17051,0.00046751271219313683,1.225937304282296
42,17053,0.00038784085230455877,2.578571053171763
42,17055,0.0009494547648985068,0.932384315582104
42,17057,0.0008072800832621576,0.9568547623441702
42,17063,0.0005695634798445028,0.967899569901854
42,17061,0.00042782563675281416,1.286060629694823
42,17067,0.000727461326816968,1.0472932314121945
42,17073,0.0007148408699190354,1.0348667607709718
42,17075,0.0008252196741177973,0.9727516493601778
42,17077,0.0010238169479575977,0.8475511818265237
42,17081,0.0005779812923857217,0.873883751861311
42,17083,0.00024838088586697237,1.0424877088305025
42,17085,0.0003540679064057345,1.1638993095643295
42,17087,0.00011215632368979445,1.486307997545147
42,17089,0.005355090100669287,0.5198064969932287
42,17091,0.0008567897648836131,0.4696686985109731
42,17093,0.002010178013329088,1.033294546985727
42,17095,0.0004902710438542088,0.6473307235311607
42,17099,0.001167842870797267,0.5604368402663434
42,17097,0.0049128970496500595,0.432541243152555
42,17101,0.0005834640970017713,1.4392933551481892
42,17103,0.0005448827381283741,1.018217172579477
42,17105,0.0005150030808123313,0.9109976559213594
42,17107,0.0006013996974024877,0.8594833578973825
42,17109,0.0005463304165600404,2.105108347700886
42,17111,0.0036787159987289463,0.4031743305017893
42,17113,0.001446005745181422,0.3922568095686279
42,17115,0.0010728500815428053,0.43443069111780297
42,17117,0.0008624119079892751,0.9651075106823584
42,17119,0.0017089761422368773,0.36797595509057157
42,17121,0.0009323921972458391,0.9204990857826875
42,17123,0.000607260607716243,1.1082828955339128
42,17125,0.0006455066373865033,1.6008575810233838
42,17127,0.0002486272088598861,2.057009730694527
42,17131,0.00033924712942503524,1.5658191012840565
42,17133,0.0005170785657568349,1.9472813136969647
42,17135,0.0005670327076411768,1.330427420070607
42,17137,0.0005573155677901127,0.8641311152231499
42,17139,0.00024022349233852996,1.5401405817430498
42,17141,0.0006745095803996079,0.9180113649525171
42,17143,0.0015246045854225342,0.4053915907327873
42,17145,0.0004892758695828703,1.6203711458342194
42,17147,0.00023420596467170262,1.674251629941036
42,17157,0.0005258407301844613,1.0609311175847336
42,17149,0.00047985227022331645,1.0685623985004844
42,17159,0.0004229316056599175,1.2680695699365454
42,17161,0.0010790786785867285,0.4307880305245595
42,17163,0.0020648384230353826,0.5628208338413621
42,17165,0.0006757144730633162,1.457240252721387
42,17167,0.0017958693614610265,0.33830131015110776
42,17173,0.000553774654876511,1.241080783429838
42,17177,0.0007155174505676909,0.8351853907998846
42,17179,0.0011124328685617052,0.5947565727702087
42,17181,0.0004232810367869214,1.2437062493704587
42,17183,0.0010910172791630313,0.5355104019844626
42,17185,0.0003079627823865606,1.343614757807823
42,17187,0.0003434162996164891,1.6113774981808735
42,17189,0.0004093944474065191,2.0039229883748573
42,17191,0.0005585544015420425,1.8376782149036615
42,17193,0.0004527086583303086,2.132611708272663
42,17195,0.0011410561045608846,0.6274528356551381
42,17197,0.004848249089031956,0.38982486170909925
42,17199,0.0009202805530314313,0.7134284227758116
42,17201,0.0013981843352934775,0.3385707675211751
42,17203,0.000685385455810537,1.019673559942164
42,18001,0.0004312372550941493,1.6224240437946913
42,18003,0.002545681319583344,0.33541045298690747
42,18005,0.0007989682564819374,0.6302337680587945
42,18009,0.0003260738958808437,1.725752273106886
42,18011,0.0006506949808312144,1.6111912357269036
42,18013,0.00025758766097577215,1.537405099765172
42,18017,0.00042210863176961154,0.9715676540317727
42,18015,0.0007715176858855326,1.109240318650829
42,18019,0.0008927812772308055,0.6337742959480354
42,18021,0.0005019280935972475,1.5546755347783563
42,18027,0.0005638036902482162,1.237144640006772
42,18023,0.00048230312618530294,1.0397004067363265
42,18029,0.0007361019914545479,0.9914813452287919
42,18031,0.00047465223938814873,1.1407361065077057
42,18033,0.0006647553887144215,0.7176560756497224
42,18035,0.0010232966406106515,0.4616247682974112
42,18037,0.000605429442849325,1.3034346234412517
42,18039,0.001869301113070678,0.4254524013391509
42,18041,0.0005553171456761654,1.2141617257533541
42,18045,0.0005080537971529355,1.4133433702238898
42,18043,0.0007206005396103716,0.638215765902383
42,18047,0.0003423287747479904,1.5694643455086341
42,18049,0.0003951734619952929,1.1904204855233393
42,18051,0.0004732158393910809,1.339925571855365
42,18053,0.0006417732280402392,0.5542155817190055
42,18055,0.0005903459341206279,1.3128636368614315
42,18057,0.004207616835883318,0.42401398983862243
42,18059,0.0009838798141358072,0.8002651286167957
42,18061,0.0007882794068254735,1.2692603302223913
42,18063,0.0016447994994106786,0.5352893041355479
42,18065,0.000773464266174947,0.820787876937035
42,18067,0.000806262607173017,0.4877562547238211
42,18069,0.000814183735437449,0.8695273659610423
42,18073,0.0005240935791614685,1.0718125066845794
42,18071,0.0006119440556614941,1.0294268352456573
42,18075,0.0007653169740062109,1.3103168105312946
42,18077,0.0004500971754865333,1.246023404311278
42,18079,0.0003222833961555159,1.139890160896781
42,18081,0.0014169997454514828,0.5821388135837372
42,18083,0.0003888097257193232,0.9930545508336017
42,18085,0.0007766967342999367,0.6720774456531846
42,18087,0.0007690459996214123,0.9937942194410381
42,18089,0.002579532976593704,0.44084278691056306
42,18091,0.0006585232666280029,0.4967293087783993
42,18093,0.0005803451998076059,0.9628135870279996
42,18095,0.0012035773887740771,0.5217838973818316
42,18097,0.0068884824335301255,0.2698252441074502
42,18099,0.0005872540009412443,0.8460901665826341
42,18103,0.00045681528417678785,0.7708345362683895
42,18105,0.0018697294347206571,0.6072299261680354
42,18107,0.0005845610851172644,1.0789000135516713
42,18109,0.0008132937189757572,1.0169528425531156
42,18111,0.00028248451458961154,2.2648094846457187
42,18113,0.0006572261701732844,1.1850988765951316
42,18117,0.0006474025173644189,1.1842505218714445
42,18119,0.0005307365538585076,1.3861773113532174
42,18121,0.00030794022141281574,1.671975570598374
42,18125,0.00045672579115122516,2.383557842322164
42,18123,0.0004038903890492208,1.2881486765631809
42,18127,0.0010892791123219773,0.5419177693768085
42,18129,0.00043704025637002664,1.388486698089844
42,18131,0.00033033696205293794,2.2281717633375053
42,18133,0.00032441045401224953,0.9658861601289136
42,18135,0.0007739615195754381,1.0926197662529595
42,18137,0.0004882009955162061,1.1840407219045292
42,18139,0.00044462185274582943,1.48360876368343
42,18141,0.0016085227574833686,0.3338977424905428
42,18143,0.0003815515826211472,1.2081375297745427
42,18145,0.0005630872873255504,1.035906266706957
42,18147,0.00037866822188653516,1.414743679388433
42,18149,0.000591162450313202,1.0603131869355256
42,18151,0.0004183394778551024,0.743625547607461
42,18153,0.00027637192102650276,0.9468382049089282
42,18157,0.0017108301562294055,0.6387842182580543
42,18159,0.0001702902430596373,1.6397255472653183
42,18163,0.0013293909119915716,0.34107436652681067
42,18165,0.00036914479662551513,1.5842610444681375
42,18167,0.0010322558667435735,0.4364339355174027
42,18169,0.0004487916887663689,1.7044135074989473
42,18173,0.0006548492415533644,0.8524218003330963
42,18175,0.0006687762192771684,1.2481434802521378
42,18177,0.0007312020283844041,0.6804470864167321
42,18179,0.000588132109580787,1.184649929257861
42,18181,0.0005475399729270958,1.112717575073189
42,18183,0.0003966607382446905,0.8600239099830932
42,19005,0.0004461398852887314,1.2374868448907608
42,19007,0.00036000950059859096,1.1548726709599508
42,19011,0.0005909225315869073,1.1228965799646031
42,19013,0.0011412024648039852,0.4552804941998183
42,19015,0.0004472359243611733,1.3008131900294106
42,19017,0.0005147242240536758,1.1640487212196593
42,19019,0.00046635702451144033,1.193624688864087
42,19021,0.0003438434362392866,1.4416156862670548
42,19023,0.0005990862111613744,1.2090314002005982
42,19025,0.0004638089235913254,1.6122791294031102
42,19027,0.0004014182647975264,1.5917371245230199
42,19029,0.0003548277557577756,1.5640736267220423
42,19031,0.00047366489718572057,1.1091426797358728
42,19033,0.000553450155585665,1.1393335507481563
42,19035,0.00033568868135941865,1.5447284878304208
42,19041,0.00017629110163680222,1.828077383038878
42,19037,0.0003829447017264098,1.698648662281853
42,19043,0.0006422060005783843,1.3624778241770124
42,19047,0.0006587450252366842,1.116612559938625
42,19045,0.0007367053925538604,0.9404692038510207
42,19049,0.0008972889967967625,1.109945698470633
42,19055,0.00031028621884601694,1.627411621974327
42,19057,0.0005209038833511586,0.7975884303068898
42,19059,0.0003676139812302098,1.3266938979187974
42,19061,0.000716365675141547,0.5395012135063803
42,19063,0.0002727232864846373,2.2842211590306287
42,19065,0.0007553944492974669,1.6160484411574587
42,19073,0.0003820833448550762,1.655398568882046
42,19067,0.00041536126827074746,1.5743931739459978
42,19075,0.0004905745244893889,1.9716795961515658
42,19079,0.0004092840327923549,1.380911392964945
42,19081,0.00040917908418705427,1.4835054412132964
42,19083,0.0006521627631773037,1.333777744972071
42,19085,0.0005934536400233163,1.2881228754388008
42,19087,0.00041288474693607714,1.0140883513905725
42,19091,0.0004140274762593882,2.4349891462338595
42,19095,0.0003282332758825548,1.6784436601404742
42,19099,0.000602669993537881,1.1724721452353768
42,19097,0.0004844379793880066,2.2053018414845034
42,19101,0.00022651607116815848,1.9274333821861116
42,19103,0.0023800435489295937,0.5424493147027905
42,19105,0.0004888810570619446,1.6329943238227238
42,19107,0.0004330226368123251,1.2608645929980438
42,19109,0.0007054490866020598,1.6233926865153758
42,19111,0.0005585478297957173,1.40694270243082
42,19113,0.0018369277440927912,0.3602037316862894
42,19117,0.000522265481970289,2.0030340308887937
42,19123,0.0005170733533361811,1.1579578272150648
42,19125,0.0003288806552785206,1.8077440477439088
42,19127,0.0007488364362655847,0.679185248548943
42,19129,0.0003516866245111331,1.5467791879330244
42,19133,0.00042818659735897744,2.219324334118846
42,19137,0.00034603298506167846,1.6660781185873148
42,19139,0.0006192315499271699,0.8734667232636585
42,19141,0.00030884003170767447,2.1080529728077653
42,19147,0.00036221192823851945,1.4074645156780856
42,19145,0.0006069788129172083,2.4597000044318795
42,19149,0.0004930629488465734,1.4168850241776516
42,19153,0.0034912467258422105,0.3002472391608072
42,19155,0.0011165048894716896,0.5549594527412866
42,19157,0.0003751477588929275,2.0026268705683536
42,19161,0.0006105283548113994,1.3072910293623048
42,19163,0.0012340541510728782,0.43325106185288087
42,19165,0.0002821042496322493,2.14846415589632
42,19167,0.0007100980468002854,1.1703354460179385
42,19169,0.0017805867268768396,1.0480842337334886
42,19171,0.0006525061880722733,1.631569394205624
42,19175,0.00024756441276791694,2.063828687694123
42,19179,0.0007511802342953835,0.6934964628736342
42,19183,0.000388933599314518,1.6556787698846214
42,19181,0.000620895854151782,1.106473763469138
42,19187,0.0005496639008252071,0.74994012296924
42,19191,0.0003581161694313366,1.2850639874547591
42,19193,0.0009541537341681118,0.4865219439686668
42,19197,0.0004834448612378965,2.08253007159955
42,20001,0.0005970653437482318,1.2962382388009859
42,20005,0.00023379253470389339,1.8890655492267028
42,20009,0.0004411137943469921,1.048000669495103
42,20011,0.0004348441401943205,1.5805780139387553
42,20015,0.0008208456534050714,1.0690513268505517
42,20029,0.0002941140230006354,2.2318845370718305
42,20021,0.0004445311535807367,1.5072646767014928
42,20035,0.0007004161317869644,1.1014328825570965
42,20037,0.0007632391671440568,0.9355781620765888
42,20041,0.00045658098857897855,1.434759494655967
42,20045,0.00190066900945896,0.4660719976715074
42,20051,0.00046009805179628605,1.2153519663624122
42,20055,0.0011577837641287326,0.7882638044557132
42,20057,0.0006923277558052998,0.9080212210745265
42,20059,0.0003592671640828913,1.273819901449783
42,20061,0.0011822144606222942,0.8660197744855985
42,20079,0.0007233516889946707,1.2718041253687409
42,20087,0.00036741912162942904,1.7891097581048276
42,20091,0.004390355635732812,0.3492785419106717
42,20099,0.0005529170050885794,1.15230214608324
42,20103,0.0007288879660901748,0.7468470304482926
42,20111,0.0005791147142785584,1.0129738564248687
42,20113,0.0004208831267684091,1.6670651677761767
42,20115,0.0002955905081575427,1.3778796823256143
42,20117,0.0003146403893273181,1.5858730232465006
42,20121,0.0004947626597724654,0.9468746127757444
42,20125,0.0008238507788227442,1.0801245592782704
42,20133,0.0005079813733340664,1.5297867604244413
42,20149,0.00027308456924163917,1.8744866829102174
42,20139,0.00047459706526355904,1.392981272627499
42,20155,0.000733305006019789,0.6073149454426998
42,20161,0.0018631251036441122,0.7709580608213478
42,20169,0.00042557906399090626,0.708752585188361
42,20173,0.003758843985055015,0.2716682320727674
42,20175,0.0006136905054013384,1.1948750366074736
42,20177,0.0011968046580648952,0.3695331043923953
42,20191,0.0005581836571135188,1.226473279933041
42,20205,0.0005089128786653941,3.397156159671409
42,20209,0.005721254717498731,0.3812185298801814
42,21001,0.000648203966088897,0.9219960324396063
42,21003,0.0004562441324459071,1.0722284345751671
42,21005,0.00045308387425790653,1.3238938359802361
42,21009,0.0006050441183534249,0.7605294809928622
42,21013,0.0006842174211666423,0.9018403695069477
42,21015,0.0013271852825324398,0.5191393185519855
42,21017,0.0003914873493979083,0.9875510086975291
42,21019,0.000580657543457723,0.7690914277788348
42,21021,0.00039189626178274915,1.0541993398282028
42,21025,0.0009375288301961158,1.1191652241315615
42,21027,0.0005026456727269077,1.1879521291439123
42,21029,0.0007610721378799246,0.6326566518221489
42,21031,0.0002908505823446088,1.1318783574168623
42,21035,0.0003500298935328836,0.967682009300159
42,21037,0.0006391183238970767,0.7249679554563002
42,21043,0.00045096181897873465,1.0913138232891417
42,21045,0.00037225130926292303,1.240265627651826
42,21047,0.0011816776658545446,1.4709176077534054
42,21049,0.0006459490017036023,0.7983694294252458
42,21051,0.0004977309535960684,0.9598032460233756
42,21055,0.00032118973497135726,1.5079716164874362
42,21059,0.0007966278248500913,0.5170976551854876
42,21061,0.0001645279203008101,1.738520533794892
42,21065,0.00033948122865509723,1.413903761491055
42,21067,0.0024445231931362814,0.26311945813511034
42,21069,0.00040992125989640604,1.6745017611631556
42,21071,0.0006946473065900345,0.9174674461336529
42,21073,0.0007854296692036551,0.7186673220973542
42,21079,0.0002569906976646527,1.4338082001241967
42,21081,0.00022729835107846447,2.143455565773645
42,21083,0.0005162360908482808,0.7562757734793611
42,21085,0.0005668631877609249,1.035317636117306
42,21089,0.0005305129367848345,1.2794130611647117
42,21087,0.0002869204572619074,1.5821539381046148
42,21093,0.0012507185552908839,0.5576442089052825
42,21095,0.0008459781391988552,0.8767590737414745
42,21097,0.0003481518732386355,1.2045203566509948
42,21099,0.0004235922076752491,1.1211123470726114
42,21101,0.00048250707611207435,0.9783234793286506
42,21103,0.0005682401878464917,1.3125512237694632
42,21107,0.0006525399497879662,0.7385569063118665
42,21111,0.002824036076825334,0.4094422956370801
42,21113,0.0005401550231303778,0.8699612557151687
42,21115,0.00040443609278173134,1.133527721102524
42,21117,0.0013191832162658228,0.4750422945760833
42,21119,0.000490757590809636,1.0778848367634166
42,21121,0.0006392590332085726,1.0463728568599369
42,21123,0.00014037507714789288,1.4034162867503772
42,21125,0.000681757694300453,0.7434086681205921
42,21127,0.00041865011330485623,1.1909630291064999
42,21135,0.00030333820989515757,1.433742156352304
42,21133,0.0004884993050833857,1.1820507633345392
42,21137,0.0003400274348550436,1.0966229858217127
42,21141,0.000445698348989781,1.1925676001058128
42,21145,0.0005654755570305585,0.6785502382169374
42,21147,0.0002322047186127012,1.3319290040126883
42,21151,0.0008443104271177364,0.8333395551952191
42,21153,0.00026665833940641836,1.4006109483297617
42,21155,0.00029371636861406025,1.13087438152337
42,21157,0.0006169263475017452,1.3042671237132188
42,21161,0.0003028919249339812,1.2649578158287325
42,21163,0.000461253758919303,1.4996544587719827
42,21171,0.00030219122282073473,1.2487841444282897
42,21167,0.00038594509467403993,1.2413317772365402
42,21173,0.0003805283133139257,1.2208730931862077
42,21175,0.000597177117317343,1.052524412972379
42,21177,0.000650349250063222,0.8123999889180932
42,21179,0.0005691479625582169,0.7986812836238566
42,21183,0.0005239906144345932,1.0737766859717446
42,21185,0.0011774342773039318,0.7324916928283479
42,21193,0.0005160587205356917,0.9298216293654666
42,21195,0.0012902164490503538,0.6356539103560439
42,21203,0.00027954335140349153,1.2412108777121182
42,21199,0.0007267750043653196,0.5952565146912816
42,21205,0.00022914849909810302,1.6089812059554032
42,21207,0.00031198894217436876,1.347399840509143
42,21209,0.000722051777459034,0.6856540858909483
42,21211,0.00045428562045619745,1.4474987747322872
42,21213,0.00021062570831235057,1.392460878174208
42,21215,0.00028883670545711904,1.5037993398782565
42,21217,0.00036720588256024223,1.12600841993572
42,21219,0.00030963120999342997,1.5508345826642322
42,21221,0.00023907667943116024,1.1189847864981044
42,21225,0.00023466973739380792,1.4338274736335284
42,21227,0.0010844655856198178,0.5663032582456465
42,21233,0.0003161880535595132,1.7932877765829918
42,21231,0.00031742429681495045,1.3105076688285178
42,21235,0.0004658839321495203,1.5529053625758498
42,21239,0.00043369589923978344,0.9946003673241647
42,22003,0.00037260423816779154,2.435304770137276
42,22001,0.0010846595785451707,0.7428672998184954
42,22005,0.001707458025073545,0.6906002018760936
42,22007,0.0005232618763796631,1.2545958619453108
42,22009,0.0006945154675816523,0.8586161134864657
42,22011,0.0007250637415785483,1.1080845624316416
42,22013,0.0005441430193356127,1.7192846471024792
42,22015,0.0011738218783968882,0.5568449355395646
42,22017,0.0018624313007354636,0.35845757297701486
42,22019,0.001146562559607809,0.42804650688885343
42,22027,0.0005132414558199218,1.24645617548861
42,22029,0.0003377013952887511,1.6579050549093872
42,22031,0.0005852334638883252,1.1893990278687125
42,22033,0.0033374055946735616,0.3752649626336925
42,22037,0.0003759193767278082,1.1971026077226021
42,22039,0.0006522330907047464,1.2690151376826875
42,22041,0.0005075900318515609,1.9328156896686717
42,22043,0.000423515632064996,1.4073486456634998
42,22045,0.0009710611336166965,0.7648804171660191
42,22047,0.0004789414356643531,1.2801322120875196
42,22049,0.0003726319341871965,1.371153622610696
42,22051,0.002423386626479435,0.3289843371752083
42,22053,0.0005590797844326847,1.3227500936519963
42,22055,0.0017418723902285947,0.3737753605569344
42,22057,0.0012720440275688883,0.8397461434500794
42,22061,0.0009426426404268124,0.7112644515501152
42,22063,0.0018663832412983555,0.5563682067944745
42,22065,0.0005015594511436496,1.6666851463135566
42,22067,0.0005972613963597808,1.2370776712880596
42,22069,0.0007437026397196569,1.1560394465426298
42,22071,0.011091569762001496,0.34135838496396853
42,22073,0.0014808357535604393,0.42184207398775747
42,22075,0.000811852846495915,1.8684289849834255
42,22077,0.0004146341445450009,1.6912949991928963
42,22079,0.0011796236193737535,0.42555682642368037
42,22083,0.00040606524018944044,1.545320468147298
42,22085,0.0006202410367353597,1.2487827542832084
42,22087,0.001534401103659493,0.5855159899605181
42,22089,0.0006170178227178578,0.6394549149451235
42,22093,0.0005977880592948522,1.146961998873113
42,22095,0.00044885712998230285,0.8974580123726709
42,22097,0.0014409404856648852,0.6609669646453882
42,22099,0.0006307780294271827,0.8801063670088679
42,22101,0.0012408094685609136,1.3656252240420257
42,22103,0.0016910160832014744,0.4934454273795535
42,22105,0.0014984109099823626,0.5920163936785632
42,22111,0.00046459503774079334,1.1459284885113954
42,22109,0.0014247665345592756,0.6051150362427123
42,22113,0.0008105626598787401,0.7916302654903445
42,22115,0.0014309289681736486,0.9082633100721369
42,22117,0.0007666254260601444,1.0789864147518338
42,22119,0.0005992442747336579,1.3211322013098044
42,22121,0.0003502785344957643,1.6488738167095927
42,22127,0.00030951272905013104,2.06930177881022
42,23001,0.0009325429097870715,0.5359437883312175
42,23003,0.0020651346220490517,0.8204427822812203
42,23005,0.001861201619966561,0.601614784462895
42,23007,0.0005691868351508986,1.1060146663498942
42,23009,0.0016864216418949586,0.6528973206474387
42,23011,0.0014454480442936584,0.5558002977060573
42,23013,0.0005973960503970557,0.9093345501529964
42,23015,0.0007433497444732536,1.542358238403595
42,23017,0.001118066679675718,0.6456963690443802
42,23019,0.001451167054082304,0.4967574424250343
42,23021,0.0009076368292358992,0.9463340201709523
42,23025,0.0012198889399470687,0.7865869985750453
42,23027,0.0006049205385166947,0.9799157581661558
42,23029,0.0013046197561809567,0.735900211561622
42,23031,0.0015307920860000638,0.44928537856372563
42,24001,0.0008799286172143019,0.5080566538026725
42,24003,0.003864955766784475,0.2810097571792633
42,24005,0.00474914411049151,0.35621601105788675
42,24009,0.001529588476171917,0.7572577480172411
42,24011,0.0005883237561822991,1.0023905961996615
42,24013,0.002043492376065923,0.39922978884346144
42,24015,0.0010063478155036493,0.618966021372347
42,24017,0.0019849229447118574,0.46891177450638266
42,24019,0.00043471473315079257,1.1011298147878616
42,24021,0.0022011930703623355,0.4430231669156713
42,24023,0.0006427837496601021,1.0390030712684197
42,24025,0.002441862031803961,0.36985482720122714
42,24027,0.004742912052532897,0.4309102632135397
42,24029,0.0003346401829286113,1.4853925610984262
42,24031,0.0086496737515868,0.3414440314818818
42,24033,0.0088439400132087,0.3938819392203475
42,24035,0.0006774623414831515,0.8184438555910329
42,24039,0.00042301122817640425,1.4913287784645546
42,24037,0.0014411006826380328,0.8264049332144119
42,24041,0.0008218453520137108,1.343670766821152
42,24043,0.0009811898307450734,0.46186466653707564
42,24045,0.00099110582821503,0.48134993688640776
42,24047,0.0008308093261185399,0.8515381723157348
42,24510,0.009555211338523644,0.3140748290918277
42,25001,0.0047984630765496045,0.42508926257861107
42,25003,0.0018230399939264145,0.5361735155768672
42,25005,0.0026040911751164897,0.5863145833959283
42,25007,0.0004116398494637556,2.2641794172300567
42,25009,0.003025207482302753,0.38277604488024264
42,25011,0.001355573256235453,0.9208614080706841
42,25013,0.0025579804683036763,0.2747083830996975
42,25015,0.0021342440846152735,0.5495804083586084
42,25017,0.008284158425675838,0.4681919061647374
42,25019,0.0003395260060615288,1.389105368181815
42,25021,0.00528452734039417,0.4630125036901804
42,25023,0.0026815911231066547,0.4449841490919638
42,25025,0.01405503031720317,0.33024440833899477
42,25027,0.0031544324610248546,0.2839943851078865
42,26001,0.001177793781126287,1.345519805659463
42,26005,0.0010121178487262114,0.7721803828030721
42,26007,0.0007873540789328981,1.0797285459609134
42,26009,0.0009243327598355899,1.1551872562383447
42,26011,0.0006113888616404446,1.4722059901413198
42,26015,0.0007066408100363621,0.7554958966239719
42,26017,0.0009234407558306061,0.5677352755183803
42,26019,0.0005172896217451715,1.4231845149393263
42,26021,0.001002952230698654,0.3690414897111536
42,26023,0.000788386909006861,1.11447838285851
42,26025,0.001121317734638255,0.4473333967720053
42,26027,0.0007182999015229503,0.7776623199011147
42,26029,0.0010958445343717397,0.9955909526305902
42,26031,0.0008334449986570052,1.0606514836407
42,26033,0.0007289044490087281,1.9355904367185968
42,26035,0.0008754721271444779,0.8285429447749522
42,26037,0.0008786827866171416,0.5707485775186879
42,26039,0.0005087311259238991,1.0936734018400085
42,26041,0.0006914222939898258,2.142189979793512
42,26043,0.0005101509146731469,1.0815884574404357
42,26045,0.0013286660324032132,0.6783033091035846
42,26047,0.0005598089487299658,0.9984995777616388
42,26049,0.003146441726883334,0.32057659727818266
42,26051,0.0009085125876962856,0.914668153202343
42,26053,0.0006861161986672065,1.4198537069648076
42,26055,0.0010016579583880798,0.6083485654799071
42,26057,0.0006175296765395111,1.0588914139871681
42,26059,0.0006894734294049767,0.9053033514210898
42,26061,0.0007013202948456943,0.9513655441246773
42,26063,0.0011247235666101067,1.1143946544067138
42,26065,0.004443760889643066,0.5575345389592079
42,26067,0.0007396303815954402,1.1779225844911703
42,26069,0.0013043173678063563,0.9498642208864246
42,26071,0.0007950280183526477,1.2458665473303585
42,26073,0.0009545401423615567,0.8714240058048741
42,26075,0.0009937940010431596,0.531251660000058
42,26077,0.0016271431815797998,0.30408878994332406
42,26079,0.00039967139720962575,1.2444223179554628
42,26081,0.0046479120933233435,0.29850610344823
42,26085,0.0005495698694020376,1.424754969602548
42,26087,0.001089933749945065,0.6949019690782419
42,26089,0.0008869233281872555,1.1208010190118747
42,26091,0.0008799559406224875,0.6771152059434151
42,26093,0.0031466657579833734,0.37910207523007416
42,26097,0.0008093714178139901,1.4663174737602385
42,26101,0.0008974325427172951,1.2008936182544365
42,26099,0.004199516132487205,0.37695965072750776
42,26103,0.000961724098980577,0.9288696747280203
42,26105,0.0006203797360215837,1.2923893080350013
42,26107,0.00039733251460256837,1.5540791554286724
42,26109,0.0007853604738199684,2.1813580010308016
42,26113,0.0004011592679246875,1.5992795065074152
42,26111,0.0007372056346392863,0.6167881795151046
42,26115,0.0009491499551244717,0.47263994821721533
42,26117,0.0011311942264082594,0.8486587895085782
42,26119,0.0008059134558213559,1.3474430795957513
42,26121,0.0009154105488358062,0.4153917277640742
42,26123,0.001223680000391608,0.9367864445443026
42,26125,0.006170196943640265,0.24462803969448457
42,26127,0.00044665328770667655,1.0420954365173691
42,26129,0.0009077797931069249,1.077517705406395
42,26131,0.00029257791465481454,1.5818037809565617
42,26135,0.0008726003309447172,1.3538385103940058
42,26133,0.000826373567455465,1.0395150995295082
42,26137,0.0004924147685806113,1.169525873737444
42,26139,0.0018304675911491573,0.5362781338115034
42,26141,0.0009752127849447845,1.212664547101687
42,26143,0.0014476926390546208,0.9836554198476367
42,26145,0.0014415581926920634,0.37857650994721853
42,26147,0.0016555153091026512,0.5212190940482202
42,26149,0.0009369555557328271,0.7858804363602329
42,26151,0.0008908949081438298,0.9429333580602831
42,26155,0.0008825878758999213,0.8823852446984428
42,26157,0.0012689684807291725,0.7671896614717096
42,26159,0.0009562269997744619,1.365098040597996
42,26161,0.003820439440912616,0.34831307928566385
42,26163,0.013155140579552879,0.3205022408765103
42,26165,0.0004898975335313607,1.141899144194028
42,27001,0.001124210921748944,1.117359978853866
42,27003,0.0043491185167739135,0.45913886137988463
42,27005,0.0008132106649012334,1.0078352834493896
42,27007,0.0005713308375566742,1.0584170938942186
42,27009,0.0004917161427949243,1.1346176846836393
42,27013,0.000772556992679549,0.6941678287596835
42,27015,0.00042867474207054746,1.7250625883594168
42,27017,0.0004888711506860002,1.119960033734602
42,27019,0.0019156919219214693,0.7232740779188516
42,27021,0.0009383765292652956,1.1067523625439086
42,27023,0.00029967968101079833,1.451615473613005
42,27025,0.0009552407881382299,0.917943378454914
42,27027,0.0006019277933309293,0.856340534201865
42,27033,0.0003895273313850689,1.847579729401385
42,27035,0.0008209062277189611,0.9129894331293181
42,27037,0.0033687956745185967,0.3631891125976224
42,27039,0.0005632018783999194,1.1304434847043867
42,27041,0.000702708246248156,0.9122188594717517
42,27043,0.0009443660213136346,1.768839396512569
42,27045,0.0008901306330024185,1.2782591766292681
42,27047,0.0007904715434845466,1.0806139800521992
42,27049,0.0007442169787838994,1.3370854567069197
42,27053,0.007702233016771801,0.3808918999835951
42,27055,0.0005057166203237881,1.8705309684564815
42,27059,0.0005456923235504494,0.9993963149510438
42,27057,0.0010841755910303327,1.6786403664908427
42,27061,0.0008811199850916862,0.8516497104356979
42,27063,0.0003836359827219323,1.8540642520211985
42,27065,0.00033711438204680566,1.5335893855804212
42,27071,0.0002414106852571784,3.683054348540866
42,27067,0.0006830286659180118,1.2372014237652973
42,27079,0.0006452987833131516,1.1587639476197404
42,27083,0.0006247634064123,1.0733857857010656
42,27085,0.0006046689724580376,2.396699844810845
42,27089,0.0005729310193319055,1.8620633532579374
42,27091,0.0005956871898360345,1.3524415142589954
42,27095,0.00044268214077593547,1.665131144576312
42,27093,0.0006476262269281094,1.4073723223034644
42,27097,0.0007472510368225311,1.5438050175304285
42,27099,0.0007079097141959147,0.9572092360297213
42,27105,0.000347364227540923,1.435517840547311
42,27103,0.0003938795436408866,1.8826729064721655
42,27109,0.0014641038526339307,0.4412325556097703
42,27111,0.0015341187202834892,0.8272727278904606
42,27113,0.0004550763632725079,1.2828720665989766
42,27115,0.0007617517736242089,1.2114184323409511
42,27117,0.0007362749868567268,1.8996936945801026
42,27121,0.00047146396657662726,1.5504265143572198
42,27119,0.0006128575532770901,2.012570351752712
42,27123,0.004506843396769857,0.3878234485694495
42,27127,0.0007409197346521527,1.6383132306199095
42,27129,0.0008121581028644579,1.0873302659525736
42,27131,0.0005056378107810684,1.1218750829708977
42,27135,0.0005493908491609332,1.5585492023027927
42,27137,0.001958901401279304,0.847439814841545
42,27139,0.0020848477655586502,0.5727721456527611
42,27141,0.001565274559259091,0.8015861579791798
42,27143,0.0004911860092789082,1.5970855296913504
42,27145,0.001081158546797473,0.6031555133709126
42,27147,0.0004476550270212154,0.9976841270760082
42,27151,0.00039310892598523205,2.4641869419050826
42,27153,0.0007924867561417948,1.0394966922184214
42,27157,0.0006592328945077959,1.146257124086161
42,27161,0.00037783231102328166,1.513901982340364
42,27163,0.001987891569795185,0.5740133303643715
42,27169,0.0005328708604811045,1.1237485642791099
42,27171,0.0017703284056799693,0.8501219075624217
42,27173,0.0004537685446402755,1.8732427260580526
42,28001,0.0005525636677476633,0.9279089035891191
42,28007,0.0005882714645517282,1.326471085524823
42,28003,0.0006258317105215956,1.000518332421528
42,28011,0.0008200513996065977,1.3289844987264439
42,28013,0.0004492832320147955,1.7329217933543664
42,28017,0.00032665597704727525,1.7368209378069352
42,28023,0.0003133109461739484,1.5516373551314115
42,28025,0.00041188896513045116,1.913533810907452
42,28027,0.00061411458383208,1.4497319954578616
42,28029,0.00049868283616137,1.2905233710511974
42,28031,0.00022392683083564098,1.5164577508786228
42,28033,0.0019553860183569574,0.494026367657318
42,28035,0.000911386572888767,0.6191851974223902
42,28039,0.0004666199815674132,1.2900026199784937
42,28043,0.00026028176891142185,1.4842994850368594
42,28045,0.0004067774314109327,1.073521987269387
42,28047,0.0014755176307928233,0.4640303079180929
42,28049,0.0034026568041098724,0.34488415660216654
42,28051,0.0006352937973875283,1.219047450415824
42,28057,0.00038351634748049623,0.9517260813898776
42,28059,0.0010247209382144495,0.8491942175415782
42,28061,0.0002998997359058524,1.7936369583441625
42,28067,0.0007328116800983084,0.8086835668930469
42,28071,0.0007153676249277506,1.0348644617942961
42,28073,0.000853103309059038,1.0270025845570543
42,28075,0.0008239109649505112,0.7240082189898444
42,28079,0.0003366412710848701,1.1471835511609552
42,28081,0.0009144041618155501,0.5543605377140159
42,28083,0.0006759610088239867,0.9219533687307065
42,28085,0.0005232539337070375,1.308269265519696
42,28087,0.0006158626304911106,0.7588282019153545
42,28089,0.0008123289856482547,0.6864489524356514
42,28091,0.0004354244385527626,1.573361705639037
42,28093,0.00044583240510812615,1.7893116015843875
42,28095,0.0006334850500281579,1.235438534372902
42,28099,0.0006288748833722302,1.2066343543842337
42,28101,0.0004370644433706385,1.4373848308575286
42,28105,0.0010806072346142145,0.9267123375812653
42,28107,0.0006521296787238257,1.2857733921542596
42,28109,0.0006654980749415531,0.9743434022579887
42,28113,0.0005659807845588816,1.0072718498816606
42,28115,0.0005970305839258611,1.019432287351577
42,28117,0.0003747557597866269,1.3241705091557328
42,28121,0.0013088231037400276,0.5667561828419867
42,28123,0.0006112914065512433,2.120784407004778
42,28127,0.0004325857764366611,1.0841452687126516
42,28133,0.0005862241306675064,1.4443955120923904
42,28135,0.0002856128894192388,2.7573835677614236
42,28137,0.0004417580197198889,1.3394293801382302
42,28139,0.0002731306096509605,1.8678334617692862
42,28141,0.00020874547898666035,1.5161870909812942
42,28149,0.0008942696722329941,0.7975784728538573
42,28145,0.0006205337225101517,1.1309968946414457
42,28151,0.0016207041856374134,0.7179356724506927
42,28153,0.00043170731808190644,1.5440533926865931
42,28159,0.0005603175361293065,1.383099104745162
42,29001,0.0003483440318835577,1.0454093068125407
42,28163,0.0005646266803769475,1.178266759094625
42,29003,0.00027689612059480915,1.4965252413967733
42,29007,0.0005704136902928728,1.1189767753485784
42,29009,0.0004503424417607905,1.2502159815093847
42,29013,0.00027125390553299223,1.8030119250534702
42,29015,0.0005530109652052428,1.2326472816391616
42,29019,0.002122791589266204,0.505066436498985
42,29021,0.0009814067704067347,0.4731465239097784
42,29023,0.0005680244741199751,0.7856777163491415
42,29027,0.0006142204791754782,1.1322080666805734
42,29029,0.000798789629125195,0.7969973075645768
42,29031,0.0005716006159049364,0.9643494019839629
42,29037,0.0008382597863447165,0.7907509234223341
42,29043,0.0014466850520411904,0.6910921518513241
42,29049,0.00029756958405132984,1.581051711459781
42,29047,0.0019583133407748885,0.49801621627478276
42,29051,0.0008898823122603037,0.6533012604582309
42,29053,0.000353727102541316,1.5319851021356345
42,29065,0.00021016040161820514,2.433357416205511
42,29055,0.0003408759037883203,1.0720579751742145
42,29069,0.0008736609547402538,1.4487643040425038
42,29071,0.0012057432767669986,0.8037763778938429
42,29073,0.0003447497005342015,2.3075743696907285
42,29077,0.0020520428083277346,0.4058652467027008
42,29079,0.0002658795767684602,1.8652108932463953
42,29083,0.000490048633859239,1.5947016335370328
42,29091,0.0007754407701650017,1.1503218026756221
42,29093,0.0004228683164522278,1.837644032591413
42,29095,0.004647040612942648,0.42729915756135484
42,29097,0.0010799272464391528,0.593483627515226
42,29099,0.0024226293954710183,0.42947669636867664
42,29101,0.0005422185821161468,1.6636045891527147
42,29105,0.0004748775184655092,1.1588675136659121
42,29107,0.0005433513155240435,1.325392017643284
42,29109,0.0004490302310563653,1.5764084407282157
42,29111,0.0003451232589822252,1.4260485770859206
42,29113,0.0009309381011146611,0.8758361832067845
42,29115,0.0003874280798638713,1.2944876363148172
42,29117,0.00030832015306651763,1.2461764923863736
42,29119,0.00038336685745648613,1.3753038696896096
42,29121,0.0005018646942395448,1.7000029572289417
42,29127,0.0005465983131462018,1.774333548234358
42,29131,0.0003448339748669682,1.6745291435790328
42,29133,0.0002544659180548346,2.4637955518109464
42,29135,0.00028367441353582736,1.6089800325239112
42,29139,0.0003799581174080002,1.585547519678362
42,29141,0.0002595633893487068,1.43951130672181
42,29143,0.0005414250326245879,1.305555025675023
42,29145,0.0008324628569601986,0.9495780419002797
42,29147,0.00020438503697522598,2.0851802728418916
42,29151,0.00038206834671960724,1.6926621726217574
42,29155,0.0006834786873716683,1.5789039420487458
42,29157,0.0004673910870794609,1.5457190666489646
42,29159,0.0006435065205924108,0.8544656571525194
42,29161,0.0004554249403749805,0.9039146549824377
42,29163,0.0003324325203807643,1.5249767331312083
42,29165,0.000833209771566642,0.5810757650678681
42,29167,0.00039142110220487936,1.420207618704388
42,29169,0.0008320605868029476,1.1205607240613928
42,29175,0.0004848091073865356,1.2245473635322315
42,29177,0.0003636460221488984,1.3304408648674575
42,29181,0.000349591532677113,1.5013315944717123
42,29183,0.0027002000552927533,0.4580049110305738
42,29186,0.00023735282688430216,1.7013781253962739
42,29187,0.0007652423905775132,1.0879959536858945
42,29189,0.004501118867796599,0.3409163889940033
42,29195,0.0007384273639147134,1.1059801804205636
42,29201,0.0006224413382410254,1.254365470606092
42,29207,0.0006881268372058273,1.188602290082363
42,29209,0.0006134203113203709,1.2273378418431014
42,29213,0.0005021846636929273,0.8900789783513093
42,29215,0.00045353910421302524,1.2404685276478424
42,29217,0.0004358966454886253,1.6309207911245678
42,29221,0.0004969940435537013,1.156091480835361
42,29219,0.0004049031842615014,1.1109989056650809
42,29223,0.0003295626851281912,1.5638383391810329
42,29225,0.0005763303300148554,0.9208782375372299
42,29229,0.0003719600455850064,1.6373460239820428
42,29510,0.005383816263753827,0.4257683575762441
42,30003,0.0008214734148982871,1.2758341293351672
42,30005,0.0005304843008866331,1.2880059641681585
42,30009,0.0005965708969215717,1.4603085415419994
42,30013,0.0005907287924010893,0.43033521421860615
42,30017,0.0004816711478667556,1.3877369043324883
42,30029,0.001017954531406092,0.8288883003437897
42,30031,0.0012815829618071457,0.6234952741930132
42,30035,0.0001452570475422496,1.6041406634554976
42,30041,0.00033462804574457995,1.4106300796365248
42,30047,0.0005011954695739349,1.1342951299603163
42,30049,0.0008506669354497706,0.740761779118379
42,30053,0.00043585871978642064,1.1231510695192988
42,30063,0.0013810197574295434,0.5637928603928826
42,30067,0.0002346591622857142,2.3302069168427844
42,30081,0.0007114714725347411,0.8262314790558974
42,30087,0.00024820676375297536,2.2980703896988253
42,30083,0.0003224361862915358,2.1573798094062773
42,30093,0.0005516134184487802,1.0976473877801658
42,30111,0.0012010220746002953,0.5445073483983953
42,31001,0.00043783819042378825,0.7463756156770246
42,31019,0.0006098165086524405,0.9518529193212832
42,31025,0.0005995435100613906,1.7866050220864842
42,31041,0.0003189243028935066,1.5355358384551225
42,31043,0.00024609172413239444,2.1135326831637564
42,31053,0.000491777637376453,1.1741244092769971
42,31047,0.0003602474738120864,1.8412782472513305
42,31055,0.004219801620292559,0.4379211300955043
42,31067,0.00045642831915646063,1.1129738540453478
42,31079,0.0007466412786455002,0.6447339662107644
42,31089,0.00035499925806901445,1.510441558320925
42,31109,0.0028858788461531793,0.39275821432885105
42,31111,0.00047642502052582534,1.1725134948103086
42,31119,0.0004839679662543822,0.9177034160122728
42,31131,0.0003850603535548087,2.531360312334934
42,31151,0.00027316368615128205,1.2239861310778586
42,31141,0.0005685753700978895,1.1479004981423078
42,31155,0.0004929866203168638,1.2668794760175048
42,31153,0.002944012780293653,0.49109386837330565
42,31157,0.0005783375620968792,0.7171314049968844
42,31159,0.00031393732035631437,1.8858773918379974
42,31185,0.00025263522558422114,1.7025235115324062
42,31177,0.00035020406831618464,1.3865316526676694
42,32001,0.0003979859642026149,1.2973365600109026
42,32003,0.011925600083911459,0.3159348207675676
42,32005,0.0011952328468156517,0.7912554701811269
42,32007,0.000972335867972101,0.9930502047122916
42,32013,0.00017677714507337262,2.8213855903546183
42,32019,0.0003840383381493703,1.114988413462226
42,32023,0.0005554665097226655,1.417012584004212
42,32031,0.0033352067965444466,0.25295124798684365
42,32510,0.0005833876990592479,0.6669658156565191
42,33001,0.0009683084480451514,0.641411281215884
42,33003,0.0010751313974211953,0.9450708893351434
42,33005,0.0007408422311111835,0.7576118744919624
42,33007,0.0010942440609375704,1.0938273970926033
42,33009,0.001316150349383574,0.7821587252315575
42,33011,0.0021218382555790913,0.3829526544771407
42,33013,0.0014256855525063114,0.41310250351851324
42,33015,0.0025746863786790097,0.5633972260592655
42,33017,0.0007108509108210834,0.6761130111822196
42,33019,0.0004598294745891748,0.8629492620258175
42,34001,0.0014505538068148706,0.48919211801690066
42,34003,0.006169223170119503,0.43628453782635096
42,34005,0.002644217918525995,0.39696081239714553
42,34007,0.002259651308393195,0.3640589975517146
42,34009,0.0022674784287506932,0.544660321623758
42,34011,0.001698433241831418,0.48749275298772937
42,34013,0.00690940760414129,0.39727271593438895
42,34015,0.0018084549653362867,0.36258754997139614
42,34017,0.00955878524132468,0.3360365757005409
42,01001,0.0006626366132534766,0.7879899696829753
42,01003,0.0013302701165067879,0.4180230899187457
42,01005,0.0007548493530546281,1.0151901537851555
42,01007,0.00027323855392749727,1.7650004655265594
42,01009,0.000821007375466462,1.0086756068494216
42,01013,0.0007766509470059431,0.9816099331658094
42,01015,0.0011387086148275626,0.42727958924678133
42,01017,0.0006104651607026579,1.2861347950061535
42,01019,0.0006434708649684027,1.1047050273825425
42,01021,0.0006813582263580549,0.8734696760102765
42,01023,0.00032644074984098737,1.6557931253075628
42,01025,0.0008983053190483883,1.0444502841653125
42,01027,0.00033663122517321877,1.4272336113499107
42,01029,0.00029389432735792256,1.3855731878329827
42,01031,0.0009896827155851252,0.8506972947008931
42,01033,0.000649811798100115,0.7332769455169729
42,01035,0.00048296389741097414,0.9745162703420822
42,01039,0.0008883349506689811,0.8098026671777316
42,01041,0.0007200778119684018,1.2904970507826314
42,01043,0.0010592085702149175,0.6238418694437406
42,01045,0.000745516091882602,0.6561628069530577
42,01047,0.0008639037969257481,0.6503006931271582
42,01049,0.0010239212043435817,0.7051997393869412
42,01051,0.0009203758263876381,0.7487542340628599
42,01053,0.0005650846419697058,1.1519902417431296
42,01055,0.0012456144039218442,0.48368104202472934
42,01057,0.0003920843365686198,1.2812784675301852
42,01059,0.0006246452411765444,0.9407754548277045
42,01061,0.000585088474867518,1.3151971975137073
42,01065,0.0005867038929194052,1.176524726807962
42,01067,0.00042915417371975094,1.265434473552909
42,01069,0.0014854023099344648,0.47625778224569987
42,01071,0.0009479767633565896,0.865324031171028
42,01073,0.0030304283158186667,0.2873547648902534
42,01077,0.000846535529533125,0.5963574533715127
42,01079,0.0006588130809009834,0.776634914102262
42,01081,0.0018121126685989731,0.848311569733623
42,01083,0.0007592180369355827,0.693629576579131
42,01085,0.0004027305046703708,1.241548705968326
42,01087,0.0012652700408250816,0.8545227525136385
42,01089,0.0021342206118900257,0.36500571342518345
42,01091,0.00042486076554752126,1.1682659655061847
42,01093,0.0006503626138049434,1.076342569633819
42,01095,0.0010771626356565398,0.6817298842169308
42,01097,0.0027127138401443745,0.3369943617463399
42,01099,0.0005529222216848031,1.0025520054259398
42,01101,0.0024387937616131322,0.37701627088883854
42,01103,0.0009458117897645675,0.5070359761410427
42,01107,0.0004992210830268162,1.173011993530725
42,01109,0.0004899754143287333,0.7481008812779557
42,01113,0.0004906617612180253,0.810288398039169
42,01111,0.000493675507219826,1.2562554345223809
42,01115,0.0008569999197799362,0.7621887046853077
42,01117,0.0016358836425757898,0.42995449363358185
42,01119,0.00026058950517380544,1.7691470455277392
42,01121,0.0011815994425770082,0.6855494766271681
42,01123,0.0005249355632696891,0.7530929275492678
42,01125,0.002189859952541542,0.3579577411055843
42,01127,0.0012707629253398518,0.5601689814012234
42,01129,0.00040897363902080353,1.5025659578144615
42,01131,0.00028026198250478794,1.7728471666297616
42,01133,0.0005074221712787943,1.2853330166046526
42,04001,0.002026267841105289,1.305980553185692
42,04003,0.0017089210419151107,0.6038469654117904
42,04005,0.0015104487090848427,0.7429056866150691
42,04007,0.0013668506557643818,0.933395559334894
42,04009,0.0006696368785981393,0.9734606979415977
42,04012,0.0013811413322356385,1.0818041981643962
42,04013,0.024801570096597836,0.320495173120494
42,04015,0.0031868623997483143,0.5395889385218168
42,04017,0.002216987008386506,1.0296908871500454
42,04021,0.004283537121670818,0.80797278853143
42,04023,0.000587714352648405,0.9387123515955389
42,04025,0.0032909163228354867,0.5722226421256646
42,04027,0.004352529755051908,0.7415817852026668
42,05001,0.0006500923211722511,1.2463649852824632
42,05005,0.001006196377556023,0.8122867687773863
42,05003,0.0004535925604491126,1.0708074839339532
42,05007,0.0022784239859397004,0.39694018281127025
42,05009,0.0006876211143548365,1.1183038148891893
42,05011,0.0005042174061318416,1.1563392056546764
42,05015,0.0003107146417747524,2.7371019164653827
42,05017,0.00036625252754842553,2.228519929816906
42,05019,0.00042302538898365626,1.5576671648921627
42,05021,0.0006004060008170194,1.9681791449447747
42,05023,0.0005664689093704998,1.075502271193827
42,05027,0.0003369741715953156,2.004505414252921
42,05029,0.00039075089728897206,1.2704004677335545
42,05031,0.0013665959845762566,0.6082993107332655
42,05033,0.0006904371094451142,0.8474484447191026
42,05037,0.00048734643644185005,1.374292396098275
42,05035,0.0013834167379711633,0.6065351636793572
42,05041,0.0004425687252142994,1.5866896147501603
42,05043,0.00031328741035227515,1.473839869737173
42,05045,0.0013981689576069978,0.5427829841410594
42,05053,0.0003635784037471317,2.799615604832134
42,05051,0.0009334627101665492,0.5337715327920508
42,05055,0.00048634952894534766,0.7913750672325754
42,05057,0.00039526803255749267,1.3085851445262042
42,05059,0.00048229999536455694,1.1005351278279936
42,05063,0.000534689777617148,1.0044030394876506
42,05065,0.0003573217825211352,1.356515373661551
42,05067,0.0003630898451863692,1.3133744221539996
42,05069,0.0011586756527626214,0.4850909989396971
42,05075,0.0005736864288054088,1.534407408617215
42,05071,0.0004906675787673887,1.2042669069108687
42,05077,0.0002939146586957225,1.571326381526028
42,05079,0.00027479775455466736,2.0015446689373735
42,05083,0.0006270512084954806,2.529383393694014
42,05081,0.00031343805977499293,1.806646948692898
42,05085,0.0009308273786837147,0.7659991991247728
42,05087,0.0004635721615345231,1.440888237439611
42,05089,0.00034995980125339756,1.5852842702204726
42,05091,0.0005252417914767509,0.7136721418136042
42,05093,0.0007915895911509239,0.9253962838714708
42,05103,0.0003864397524356728,1.0524695884097393
42,05107,0.0004926541888499314,1.1610480157790917
42,05111,0.0004798760401640828,1.5060223580109127
42,05113,0.0005206752283200653,1.0523941239126253
42,05115,0.0006102429819400268,0.7471274973090889
42,05121,0.0002465181260866895,1.759437753427522
42,05119,0.002889605664153896,0.31336796578207926
42,05123,0.00038344697432266385,1.3178838469593266
42,05125,0.001346256612268831,0.4589575836343341
42,05131,0.0011309986511841793,0.49140195783631374
42,05135,0.0002594300750483944,1.655130139984625
42,05133,0.0003403814360307932,2.013182435453028
42,05139,0.0005882498770112477,0.7676027071315819
42,05141,0.0004930489328335243,1.3669868819963988
42,05143,0.0023489125651028476,0.5711510683550696
42,05145,0.0007497449766879185,0.8152687436872806
42,05149,0.0005325289004450729,1.2517231666372093
42,06001,0.011002652610850209,0.6135581620221745
42,06005,0.000734886528137309,0.9142579664876181
42,06007,0.0022578559109631396,0.7562513102084364
42,06009,0.0009571492104266572,0.9911360112477658
42,06011,0.00041712039683425273,1.1802943510897672
42,06013,0.0063699054709027685,0.42401375409043657
42,06015,0.00046992631237953073,1.1625959789972509
42,06017,0.001713670994817491,0.8850336757307967
42,06019,0.011706844688073209,0.28181751738040806
42,06021,0.00039581887151627547,2.335914387278687
42,06023,0.0017238471712565113,0.48780066043801107
42,06025,0.0028648469128031355,0.6187494534375861
42,06027,0.0005440402409078247,2.055260330293155
42,06029,0.010560398232639165,0.32690658816744006
42,06031,0.002534779360974379,0.8303292552295422
42,06033,0.0010059351911197094,0.7676403921575812
42,06035,0.0006020058994190227,0.8455412564253852
42,06039,0.0020244228293507956,1.0964879067082267
42,06041,0.0035549841129406375,0.3913836807112623
42,06043,0.0005624012865068631,1.17608698380065
42,06045,0.0011637057584631845,0.9944305054399698
42,06047,0.004403875233827917,0.4518275818573656
42,06049,0.00037150584490204286,1.8198063591192868
42,06053,0.005344772585190825,0.8342584437923578
42,06055,0.0015236651153382357,0.5296852387709026
42,06057,0.0016484385066450474,1.3856835509220884
42,06059,0.017629920600864928,0.38452076575817945
42,06061,0.003675162811720116,0.45212786418441064
42,06063,0.0006486999669648969,1.3471517138736
42,06065,0.0198798729780653,0.6171279560798641
42,06067,0.00965092907086582,0.3543908093892046
42,06069,0.0008350081620398155,0.8549782996704182
42,06071,0.01892789219961164,0.3532940785298136
42,06073,0.016153205522372146,0.3343549441006721
42,06075,0.01498571087864283,0.4589968056433515
42,06077,0.007271613742483509,0.3512306084164833
42,06079,0.0032750109904014345,0.636996389577902
42,06081,0.005166450832133947,0.4561603825850706
42,06083,0.0033989584530383795,0.903502361417912
42,06085,0.014446391745981925,0.4491013564839424
42,06087,0.002929751392469423,1.0089259451310404
42,06089,0.0019496832522787205,0.3754750983035397
42,06093,0.0012359294468382194,0.8600798793487088
42,06095,0.00325927927605278,0.41373227865941686
42,06097,0.004121737121885475,0.3780436307436014
42,06099,0.005516802766564456,0.37828023297588687
42,06101,0.0013145054014371768,0.5222566541038104
42,06103,0.0008174799948591891,0.9975406931737721
42,06105,0.0005103686330090478,1.641481607307109
42,06107,0.00728209165815821,0.4136751160555986
42,06109,0.0008814885063977129,0.7860392612374408
42,06111,0.005760415575976552,0.48531584632385505
42,06113,0.002635029746062324,0.9666355758188013
42,06115,0.0011359822700572413,0.7811579315591246
42,08001,0.006153841338547418,0.3285302280351583
42,08003,0.0002009928575848775,2.146898582834883
42,08005,0.004746228200310144,0.41637436699017427
42,08007,0.00032441372281243167,1.7954217382285649
42,08013,0.003527620606283563,0.664590028895147
42,08014,0.0010485696859149453,0.6218444464011504
42,08015,0.00044868265466180957,1.9853944118998292
42,08029,0.0006846451282298159,1.0588001103736087
42,08031,0.00886987918774788,0.3804493242316741
42,08035,0.004861897173554555,0.36161895004934047
42,08039,0.0006556078526214162,0.9784976594949629
42,08037,0.0009948090422682773,0.8065368844894223
42,08041,0.005243789364265501,0.4064659782103362
42,08043,0.0008522793610783461,0.8426845833440328
42,08045,0.0008483025750269409,1.2463120102771397
42,08051,0.00019173033958514774,1.9982948858703473
42,08059,0.004037717340982286,0.266087643766753
42,08067,0.0005729551452843746,0.9651393858272543
42,08069,0.002982028764098592,0.5117883556415789
42,08071,0.000616378036184897,1.5320582975624837
42,08075,0.00032944150795813473,1.1279053356233937
42,08077,0.0012237646565776861,0.525011661629553
42,08081,0.00023733947914591008,2.1937329441513334
42,08083,0.00047815336465091487,1.6479489013232098
42,08085,0.0005628220055340429,0.9073604916594427
42,08087,0.0004059911638269935,1.4723358658481447
42,08089,0.0005319677513486314,1.3306414897221601
42,08093,0.00046377652331830785,1.6229307768369028
42,08097,0.00019938636805516552,2.11812465643633
42,08099,0.0004971687614158362,2.2280951777521985
42,08101,0.0016066343296148354,0.3813580540701203
42,08107,0.0005854691523047337,0.9781706489237386
42,08113,0.0004243715275133423,1.7952168072487036
42,08119,0.00048449226106992273,1.510192498045589
42,08117,0.0007547534475278153,1.6383883174741654
42,08123,0.0031989170133329835,0.48437078602177613
42,09001,0.00540477726180908,0.38376460508829835
42,09003,0.0022738738646678486,0.2957090290984982
42,09005,0.0021357725180879876,0.4064054437282407
42,09007,0.0012914215456502115,0.6786732181226711
42,09009,0.002337630006528596,0.36862051725443906
42,09011,0.0013076334298261192,0.30654994891025433
42,09015,0.0008320561164000881,0.7918459410421183
42,09013,0.0011096820846147972,0.5658897346691532
42,10001,0.0010473577141661998,0.4875742513555488
42,10003,0.002033930665391379,0.3555344405620969
42,10005,0.0038067209229042396,1.094588205564952
42,11001,0.013652612440806186,0.39280103847119335
42,12001,0.0035782357801186233,0.47986742548816513
42,12003,0.00039275451940806174,1.359233921093451
42,12005,0.0013330508121685684,0.49824152475008693
42,12007,0.000362000539840046,1.510466670199235
42,12009,0.004031554142910318,0.32251172288289276
42,12011,0.010014903040360746,0.2934861569797818
42,12015,0.005558400783851885,0.5068028605563348
42,12017,0.003189639539693016,0.41412949723060205
42,12019,0.001551533102117861,0.5346668633066547
42,12021,0.0074972192211514195,0.5505215569379122
42,12023,0.0007949376513003154,0.7172647022205969
42,12027,0.0006447173341270465,1.0783550678937535
42,12031,0.0044623430925601615,0.2914064405258824
42,12033,0.0020647753244094156,0.3076134478668553
42,12035,0.0018868174633225364,0.5867848144305332
42,12037,0.0002220731375117716,2.8191367704803696
42,12041,0.0002363115330138833,1.2584591339930273
42,12039,0.000790541702707485,0.9827853994535378
42,12049,0.0005585348863186816,1.4821636596216552
42,12051,0.000442281079004083,1.779122645771335
42,12053,0.0025913274399742992,0.6083482679157624
42,12055,0.002584305078048347,0.4259206248726524
