src_state,tar_geoid,mi_shift,moran_shift
48,34019,0.0016826678572617118,0.6038600914348649
48,34021,0.001350635924377972,0.5393280662792734
48,34023,0.002603699698625937,0.3201794044384468
48,34025,0.003255713769930171,0.280301733191317
48,34027,0.00377830402861166,0.3042703898705673
48,34029,0.004936084582481103,0.43812584882205946
48,34031,0.0017190756619394302,0.49808568977844475
48,34033,0.0009910005963357405,0.8815516803165159
48,34035,0.002176173358055122,0.3230147109199213
48,34037,0.0018975080650048284,0.4001489514379734
48,34039,0.0022916524502998915,0.4795479960794932
48,34041,0.0011087202860670619,0.6703672653902344
48,35001,0.0023891404904414684,0.31776939321510683
48,35005,0.00039199408104613145,0.586808787953447
48,35006,0.0003517821091728601,1.8809508788960367
48,35009,0.00021800466323565237,0.6912429712669472
48,35013,0.0007792050716301313,0.5835609298445223
48,35015,0.0004971943148831046,1.105589636424172
48,35017,0.000488723775527135,1.2636257102073796
48,35025,0.000651048820041567,0.6412994882668865
48,35027,0.0003277744211763829,2.5186759754938226
48,35029,0.0002420773726369853,1.1318413899917639
48,35028,0.00024119868187641596,1.9728195061108413
48,35031,0.000864547355887804,0.7594683134055816
48,35035,0.0004053904574741086,0.5850118482295016
48,35039,0.00041355492199239465,0.9272714823496441
48,35041,0.0002005068746983284,1.6849203537605522
48,35043,0.0004496510191746661,0.42204265334325974
48,35047,0.00038980570555295624,1.1108628055257466
48,35045,0.0007153668866388676,0.5024873951696106
48,35049,0.0022581929116992374,0.4697291327351139
48,35051,0.00038860801324558467,2.3271093187634895
48,35053,0.00029993997813570697,1.4158139491232276
48,35057,0.00015096095844199946,1.3113527580347455
48,35055,0.0003879165559359792,1.2298409357049227
48,35061,0.0005720264672782223,0.5993494960591695
48,36001,0.002290871370274359,0.4373192265772716
48,36003,0.0007753144071031835,0.6422582021720847
48,36005,0.008445442800919776,0.35676366452447683
48,36007,0.0017981353627269249,0.39037184578880607
48,36009,0.0008103441333581139,0.6315991935555397
48,36011,0.001128403894322012,0.854591638696259
48,36015,0.0006030503222149606,0.5165284032335354
48,36013,0.0016186476633250485,0.6816945535339243
48,36017,0.0008814494950903722,1.363685851960137
48,36019,0.0006205015878528018,0.9902962934054049
48,36021,0.0014438124711400038,0.8279811021639649
48,36023,0.00036405427981395786,0.8664929201238026
48,36025,0.00101973884086076,1.2752934381532042
48,36027,0.002470140066514849,0.4363717535867333
48,36029,0.004722265331707677,0.28350859779675797
48,36033,0.0006956060086923144,0.8921937057035365
48,36031,0.0009741266027186308,0.7369108164075041
48,36035,0.0007630438666117312,0.800729092002043
48,36037,0.0007480846356865809,0.7192963775971908
48,36039,0.0007411109875897974,0.9588939093170045
48,36041,0.0005016157669739718,1.5400052823528911
48,36043,0.001059600864662793,0.6164109758201879
48,36045,0.0007432214632726797,0.536156892153028
48,36047,0.017957765801139707,0.39266395994403
48,36049,0.0005151561018772073,1.1389756663530168
48,36051,0.000498406075096174,0.9951538714431102
48,36055,0.002766386043201706,0.42994476334661724
48,36057,0.0006647502447029909,0.9626638248555635
48,36059,0.008560133621389892,0.2672694471909423
48,36061,0.018273306389623982,0.3599721361754888
48,36063,0.0017623852734181726,0.5196967859475305
48,36067,0.0029100240077013064,0.3567203409656516
48,36069,0.0009610475812697146,0.6615703919752736
48,36071,0.0020987456958387724,0.6363317510071088
48,36073,0.000498631275538719,1.5967593237785294
48,36075,0.0010049638861973026,0.6795638017300154
48,36077,0.0008526606816753663,1.614543182383789
48,36079,0.0011271084947798143,0.620316673005558
48,36081,0.016263622661015234,0.3310254550658747
48,36083,0.0010685324669594566,0.719806370648193
48,36085,0.002313174480193796,0.3792888536750951
48,36087,0.0018540647690745288,0.5931536971165553
48,36089,0.001008100500805795,0.8650482581232964
48,36091,0.0015796935030915136,0.4301380859101618
48,36093,0.0009919203753005533,0.3866761667406422
48,36095,0.00047281156333944894,1.155038390903501
48,36097,0.00037890919028545,1.1390948959598277
48,36099,0.0006400030534923853,0.8831910306323769
48,36101,0.0015565123806942913,0.7178333195763967
48,36103,0.0071102725003117226,0.32544147293366427
48,36105,0.0009699346796090473,0.49452203647907317
48,36107,0.0005445280731884214,0.8166890417433009
48,36109,0.0012351906997633982,0.6837504604186755
48,36111,0.0018855258676967392,0.4967716916466944
48,36113,0.0011038146874867841,0.9195781770486522
48,36115,0.0009007598347452021,0.9236144198673092
48,36117,0.0010783541379121146,0.6620785875508849
48,36119,0.004148483869225878,0.32527028219728443
48,36121,0.000672075026139086,0.6600365883404697
48,36123,0.00040838897319377197,1.1862265512996217
48,37001,0.0009428234903676699,0.4276278272910732
48,37003,0.00043519959646673754,0.9373383385222842
48,37007,0.00028167660237555955,1.0592644375639206
48,37009,0.00040171038468416023,1.200278371112241
48,37011,0.0003862426107288968,1.1230829836656757
48,37013,0.00048767096631673426,0.786073336762641
48,37015,0.00021483532470631712,1.5601017622829656
48,37017,0.00040881639588505645,1.2580969151265575
48,37019,0.0020996569090557353,0.7065844328166823
48,37021,0.0017164574752539586,0.34993352190441535
48,37023,0.0008544403335733843,0.543133225268613
48,37025,0.0007023198264929433,0.37797499264137563
48,37027,0.0008468332441596024,0.5271459531854188
48,37031,0.0026949596969175634,0.46141906048279113
48,37033,0.0003922372351783523,1.0638125769954523
48,37035,0.00104994241000374,0.5007018654294196
48,37037,0.0005758591576347297,1.1840204055051244
48,37039,0.0005585956418890145,1.1511288734879728
48,37047,0.0006718227981492219,0.6446519174125672
48,37045,0.0009233756976608767,0.5255161260222203
48,37049,0.0004179917091653237,0.7898591749399879
48,37051,0.0017767474869232053,0.5872335390365669
48,37053,0.0002649636171976977,1.01181231546582
48,37055,0.0005562966636350768,1.5280751092770792
48,37059,0.00041095286868245764,0.9568432890388858
48,37057,0.001287453631909972,0.42637217957084417
48,37061,0.0004941118584214224,0.659774818447289
48,37063,0.001282361354713927,0.31140536703094646
48,37065,0.000649620304846642,0.9554975378643549
48,37069,0.00042464158399269515,0.7432336484408669
48,37067,0.0014217381195095573,0.2966208343638912
48,37071,0.00222167150272098,0.3625544720287249
48,37077,0.00044702375623763415,0.8220253847315178
48,37079,0.00019612792739079194,1.414087640485381
48,37081,0.0012504162863110988,0.24397932568209485
48,37083,0.0006995499149583647,1.0238376323774983
48,37085,0.000635519207923485,0.8095153679662717
48,37087,0.0007792146401878384,0.6258203245654053
48,37089,0.0011489374020120912,0.42713377395739155
48,37091,0.0002646318574667273,1.2248962676639368
48,37093,0.00023084679617539533,0.8216696257907852
48,37097,0.0012755613443753981,0.47024699032448924
48,37099,0.0004016298452814695,0.8628927057774937
48,37101,0.0010359811238512657,0.5231367237953358
48,37105,0.00029630974597289806,0.6626185069487209
48,37107,0.0005219022911246358,0.7951238415501375
48,37109,0.0007952086030186343,0.7733332940632808
48,37111,0.000618573069164186,0.8775573795194913
48,37113,0.0007727254472180463,0.8816798282277925
48,37115,0.00038107622071788174,1.1725907653135679
48,37117,0.0004095377215981376,1.1597534536748086
48,37119,0.002788510785241412,0.18340881915871607
48,37123,0.00023184816092479356,1.2644234295558034
48,37121,0.0002715727586334299,1.9596346959213606
48,37125,0.0008011943584115997,0.6533574802867719
48,37127,0.0007224820247714077,0.6128024204367746
48,37129,0.0008109219536620158,0.3653931781669992
48,37131,0.0004174485342933929,1.5999588979256552
48,37133,0.0016495764568651775,0.4359804423932132
48,37137,0.00024107522930974024,1.6203815287180203
48,37135,0.0010210975612387667,0.6436125832293678
48,37139,0.0002668771237851941,0.8735442255099675
48,37141,0.0004576586625697962,0.7778186307512154
48,37145,0.00031463159179369115,1.1189914924301871
48,37147,0.0004898191159529181,0.4463737392510478
48,37149,0.0006427846850309948,1.2026906324036764
48,37151,0.0010069733378865581,0.44546942141161866
48,37155,0.001138704013977708,0.4937547810476863
48,37153,0.0006043738937372829,0.6950947490826906
48,37157,0.0010999971308071567,0.5497284734515878
48,37159,0.0008040855582634323,0.5065983058275066
48,37161,0.0005428706835617943,0.7693111904985115
48,37163,0.0007174358349462626,0.7073495882489469
48,37165,0.00039826606923879914,1.0242781651591408
48,37167,0.0007914013339612936,0.7016721678232082
48,37169,0.0005826444132338732,0.979062598204898
48,37171,0.0010939404225406393,0.6031294397926134
48,37175,0.00046224054524328107,0.9108834967330597
48,37173,0.00012109652293279538,1.005680194163253
48,37179,0.0012221612399130764,0.5110302354297136
48,37181,0.0003456911915061014,0.7029332889964912
48,37183,0.0031777078498670184,0.2539302273486523
48,37185,0.00045216788783711547,1.3899195995518407
48,37189,0.000644872653809053,0.6795202638228393
48,37191,0.0006575469609805406,0.4538344856613811
48,37193,0.0008195081061910366,0.6863301286430491
48,37195,0.0005329131100328082,0.6232329352724081
48,37199,0.00040562468054151213,1.3691471506941213
48,37197,0.0004978540217878169,0.9918685879765461
48,38003,0.00019725789905817724,2.0798165571411786
48,38005,0.0003370364199551301,1.525897592397119
48,38015,0.0008544798865361833,0.530772343477685
48,38017,0.0008321478569931704,0.4278174182690698
48,38035,0.0005575393111331388,0.6176376486144088
48,38053,0.0002052444449437893,1.8877476388861283
48,38059,0.0002929263517099292,1.6816835134939403
48,38067,0.0008231525976632082,1.108018492822172
48,38077,0.00042864790616301316,1.8839401303078784
48,38079,0.00017818172920814967,1.4134619566681739
48,38089,0.0003168754716022197,0.8854908415662877
48,38097,0.0003123781077375423,1.7464761976517198
48,38093,0.00030564722096333377,1.317875864407864
48,38099,0.0006201268184930806,2.0508859277815765
48,38101,0.0004072864848118297,0.6756697100652013
48,39001,0.0004395831715934375,1.1995370987657819
48,38105,0.000249654430355984,1.2540879912253542
48,39003,0.001063305459064862,0.44317935477192055
48,39005,0.0004980463354372717,0.668411267953206
48,39007,0.0012024508006604616,0.7283448783473966
48,39011,0.000687644897800126,1.3053770728339238
48,39009,0.000620478130892943,0.9131166675642038
48,39013,0.0010218764155540683,0.7180414301403194
48,39015,0.0005434178974919826,1.0131207406237752
48,39017,0.0011035396436825718,0.5673454934263916
48,39019,0.0005166812822135649,0.9175503667677525
48,39021,0.00047376559863070486,0.9225200358383426
48,39023,0.0014514347860243757,0.4837602276635137
48,39025,0.0011139137301560335,0.49766167319327215
48,39029,0.001193401752879089,0.8536803279943013
48,39027,0.0004535278036739923,1.064975604490789
48,39031,0.0005186968265730123,0.7905800302040361
48,39033,0.0007749408323866338,0.8712804515538478
48,39035,0.010112328160234144,0.32665278172456463
48,39037,0.0007253376405545155,0.9602386659411726
48,39039,0.000544813934257007,1.0275202336692422
48,39041,0.0012909123784323883,0.5336221590539281
48,39043,0.0006443260260451966,0.7174235265408541
48,39045,0.0007686478665108014,0.7124034762614815
48,39047,0.0004909920458615966,0.9162044295096521
48,39049,0.003108504422400628,0.21808456838177423
48,39051,0.0006188320801903717,0.9144810983925282
48,39053,0.00038045034888469333,0.9197817197064732
48,39055,0.001007950332437201,0.6993458383530199
48,39057,0.0009235797618384689,0.4837066167182692
48,39059,0.0007219071702332651,0.938954155906572
48,39061,0.00442355573738594,0.3181969999217144
48,39065,0.0004325716534182685,1.2173741833786929
48,39063,0.000806314846776832,0.6903663086361348
48,39067,0.00039571683721808084,1.8893819658695572
48,39069,0.0005389951169180902,1.1339465157665565
48,39071,0.0005655677928136528,0.7264824887057498
48,39075,0.0005319814776304321,1.1566137342409557
48,39073,0.0005443533262684431,1.0320360010299419
48,39077,0.0007525607398063676,0.8451143639835803
48,39079,0.00038563336336979495,1.0114350556322074
48,39081,0.0012535846850952677,0.7716002075443907
48,39083,0.0005225207452932779,0.6975083003196111
48,39085,0.001965950001947409,0.34357494589656684
48,39087,0.0005963837140847712,0.858363779404706
48,39089,0.0010339933427752919,0.512188497203884
48,39091,0.0005062789741029827,1.1954155498590433
48,39093,0.0017347880490076676,0.2994667064418636
48,39095,0.0020763781904936398,0.39358464224725453
48,39097,0.0004719982959831436,0.7440066393257339
48,39099,0.002602400470237883,0.41375201120506516
48,39101,0.0005697842002923215,0.4699116126848876
48,39103,0.0014517856843791863,0.4503585126371154
48,39105,0.0005220403307480843,1.1159852244634412
48,39107,0.00041262012773485843,0.8079057455468411
48,39109,0.0007962690481941285,0.6006363006488502
48,39111,0.0003569057483243018,1.6017691328627939
48,39113,0.0027936062881011516,0.2711063575965954
48,39115,0.0003327159252157119,1.223498448955074
48,39117,0.0004657030195700238,1.1115619904093506
48,39119,0.0009382246693429934,0.6378285957791362
48,39125,0.00043527800824901843,1.0816295557955193
48,39123,0.0010690530583775458,1.4238667573592785
48,39127,0.0004117841768648649,1.1676271608872126
48,39129,0.0004010704670001883,1.0347699418449035
48,39131,0.0003895126235300205,1.1591604157355462
48,39133,0.0010283781203808706,0.7204747301234391
48,39135,0.0007246011678344006,0.9640177413560611
48,39137,0.0006653763757269635,0.8617973337852866
48,39139,0.0012116238281650404,0.4311195220862649
48,39141,0.0006728042987538831,0.6383437632271755
48,39143,0.000839207721032642,0.7179967290286716
48,39145,0.0006865593221038573,0.7478707781826537
48,39147,0.0008807242036338001,0.9262205396034536
48,39149,0.000668235149708534,0.8748443196304981
48,39151,0.002511143610222918,0.3887178222189522
48,39153,0.00286039972636729,0.3843012320044061
48,39155,0.0023664175483882922,0.388801520939489
48,39157,0.0010553632064350604,0.4912139578169457
48,39159,0.0003170110607439033,0.8368744864959494
48,39161,0.0004899562285231199,0.848898030023069
48,39165,0.0011076013320703106,0.47822112339874034
48,39167,0.0009409706935517362,0.7980557449562531
48,39169,0.0007881809035787827,0.6761661204459406
48,39171,0.000662912697778973,1.0139943125846145
48,39173,0.0009445999273149583,0.8314988179882237
48,39175,0.0004055774342655485,1.2552706774416553
48,40001,0.00043856873647360353,1.6741141800692945
48,40005,0.00025081188698200405,1.0694167148076068
48,40009,0.00013615006962469433,1.8943549431450226
48,40011,0.0005449568843092842,2.875871324793513
48,40013,0.00043585156214226553,0.838797875135235
48,40015,0.0004899549644474073,1.0376053428707963
48,40017,0.0007368678434367868,0.5671256150578446
48,40019,0.0005235162466279606,1.0310789365081188
48,40021,0.0004428689872237904,0.8827471679683826
48,40023,0.00046504525177570443,1.5682296864489884
48,40027,0.0010366091454868216,0.39546834535938646
48,40031,0.0008168065155835571,0.3861282787334592
48,40035,0.00036662809079665635,1.4441347843251184
48,40037,0.001283401566792881,0.5783516816401821
48,40039,0.0001688606375175003,1.6633869485261665
48,40041,0.0007010470059178366,1.0589593850982706
48,40047,0.0004298429929791523,0.6747031333507405
48,40049,0.000664000072724308,1.0054812757448013
48,40051,0.0003798745403746815,1.042698823632612
48,40061,0.00031663047675529267,1.201570429273266
48,40063,0.0005056191200292426,1.587956136799824
48,40065,0.0002911921852216306,0.8205459700041339
48,40071,0.0005344387251598449,0.9779839422150408
48,40073,0.0002251806153271357,1.7396365297033287
48,40079,0.0009329584055543724,0.8513433927027929
48,40081,0.0005888705302407377,0.8199606565105527
48,40083,0.00023296768350747872,1.0142085761165391
48,40087,0.00038024278350869356,1.1162288468538515
48,40091,0.00047120771666252936,1.8512037055226718
48,40089,0.0005254351568346512,1.080382541591067
48,40095,0.0002343254391571229,3.144729854831654
48,40097,0.0005899590290781589,1.6468286267614345
48,40103,0.0002070771866574579,1.6897792198602029
48,40101,0.0005081515395925915,0.6885671092272624
48,40105,0.00026296884183648814,3.019400056106352
48,40107,0.00028725147271897657,1.665818512218925
48,40109,0.003628889126291127,0.2956355661931887
48,40111,0.0006412257112891528,0.7947020699035496
48,40113,0.0005620505005338037,0.817027313638971
48,40115,0.0007337381949995754,1.009061429009057
48,40117,0.00041133480030516336,3.140478567775474
48,40119,0.000816070527289714,0.9688898640152023
48,40121,0.0006631021404725062,0.8571068835343384
48,40123,0.00040983791329856636,0.8868449400027661
48,40125,0.0006487278526781774,0.5947874536235404
48,40131,0.0012726711559047522,0.5175755998230182
48,40133,0.000663659019635102,1.057927353901483
48,40135,0.00042268635439328395,1.06143226885702
48,40137,0.0005970586344160174,0.7743259456184607
48,40139,0.00019710401714670105,2.001150472411748
48,40141,0.0004933590386675775,1.5923800745241643
48,40143,0.0033122889855624134,0.20890554357819566
48,40145,0.0009136756434343005,0.6118165014269558
48,40147,0.0005602806657216355,0.6972061957165849
48,40149,0.00025269672019227654,1.7437166796450398
48,40153,0.0002831966266655841,1.2413440711368164
48,41001,0.0006336041551837086,1.3787575072159155
48,41003,0.0009211192005251287,0.6861094588529649
48,41005,0.0026828141676930473,0.3045835188847309
48,41007,0.0008343635211577056,1.1469350487997054
48,41009,0.0005375208090550159,1.0948313283254525
48,41011,0.0008855854764710543,0.8398165886317177
48,41013,0.00024509105166251066,1.5926846462394075
48,41015,0.000498692403889282,1.4006325438772995
48,41017,0.0012122154248965992,0.5757102069113298
48,41019,0.0013683575504979464,0.5919946540210678
48,41027,0.0001784347314494053,1.7717807417521954
48,41029,0.0014639909973645161,0.5535923374135578
48,41031,0.00019265418201876129,1.5034566825934215
48,41033,0.00117247998968809,0.8208488878041228
48,41035,0.000827382748023273,0.668365989920743
48,41039,0.002916611925755347,0.46439982963780724
48,41041,0.0015426992187136984,0.6720509040348497
48,41043,0.000829381426317578,0.7145100804288187
48,41045,0.00021509230114201617,1.0395524814390475
48,41047,0.0010878202040403822,0.3784263905555135
48,41051,0.0064963600014481876,0.4349698648660815
48,41053,0.0004237526727096296,1.0491557216987775
48,41057,0.0007048178432889057,0.9126832876336378
48,41059,0.0005110082633306179,1.066127767262846
48,41061,0.0005352459671445575,0.9405008089767475
48,41065,0.0004153321250583223,1.0339000004933578
48,41067,0.002855513546691726,0.2468095274137179
48,42001,0.0011119248071802357,0.7925081579398419
48,41071,0.0006314221249665471,0.8270414410643812
48,42003,0.01322935453982056,0.23530968417525158
48,42005,0.0016552461973032408,0.672034654359038
48,42007,0.0026296459003794857,0.3954117600346808
48,42009,0.0010730529294751157,1.0942979412943956
48,42011,0.001669593527599269,0.6420193248956265
48,42013,0.0014990513797388232,0.5518182410516507
48,42015,0.001137200854337706,1.0994777666724778
48,42017,0.004559236568417497,0.3367548716355344
48,42019,0.0015977615404224252,0.7875483043312386
48,42021,0.00206991449114849,0.6823289113779235
48,42025,0.0009489241477416432,0.7549731595956208
48,42027,0.0014701293306808095,0.8531309390338364
48,42029,0.0029618724415543455,0.35445657555709825
48,42031,0.0009353665554279673,0.6805011381912679
48,42035,0.0005312189461673404,1.2836014217844287
48,42033,0.0015466904218727553,0.9794787074733692
48,42037,0.0009082905690236338,0.9911575621299477
48,42039,0.0012765069944963665,0.6981241155045309
48,42041,0.0013290560630039576,0.476292772678431
48,42043,0.001275295715843324,0.4725469116406184
48,42045,0.0026260313855120945,0.29272412906570827
48,42047,0.0006440530383965033,0.7677277322671825
48,42049,0.0021632796138171583,0.4268189584387912
48,42051,0.002005057767183195,0.4949160400173726
48,42055,0.001093516790944217,0.5071680925831215
48,42059,0.0007173269186219715,0.8704254726524999
48,42061,0.0009455087061786367,0.8002986102276551
48,42063,0.0009407093254114536,1.268807057462804
48,42065,0.001052063167609581,1.2866457238888147
48,42067,0.00038949676405937786,1.4119246082637058
48,42069,0.002115887766686798,0.3458008697904912
48,42071,0.0020767388749529897,0.40528484467314335
48,42073,0.0014116614343294826,0.44547641944157274
48,42075,0.0009639389724880372,0.5552540075676389
48,42077,0.0016336405676588108,0.6101229527806683
48,42081,0.0009190523652445246,0.5110076982207888
48,42079,0.003732082976174299,0.3729589465433218
48,42083,0.0007922782909787198,1.050029166224744
48,42085,0.001572291042877171,0.6348578413935
48,42087,0.0007325723282286949,1.0408384030118771
48,42089,0.0012505469308356503,0.43464056270843054
48,42091,0.006018566966692969,0.27965445443987613
48,42093,0.00022054310423942297,2.7007427501479118
48,42095,0.002146135897502057,0.4303918760701141
48,42099,0.0009720329321553903,0.9440422398434494
48,42097,0.0013971270371827575,1.0973918576801645
48,42101,0.007434764972738426,0.36024462260122725
48,42103,0.0011588471313621076,0.8093806694211895
48,42105,0.0005831330383382468,1.0671689904258495
48,42107,0.002607148509845014,0.4698493706353741
48,42109,0.00042707412044607184,2.1704452463842463
48,42111,0.0017472205123438282,0.7550775390593606
48,42115,0.0010952323455630788,0.7161008728035324
48,42117,0.0009937832788137803,0.76063516525108
48,42119,0.00027602535271923923,1.0810915151460243
48,42121,0.001250702738888317,0.8028519787574165
48,42123,0.0011978409425069457,0.9716018666896986
48,42125,0.0027597294256132237,0.4458964452791633
48,42127,0.0009828509269475458,0.7240558508481545
48,42129,0.0052648470832870895,0.3875592305165651
48,42131,0.000694765905036083,0.9339374495581789
48,42133,0.002194639998869982,0.597426209941355
48,44001,0.000636788042290229,0.9438830419461564
48,44003,0.0016254371200279275,0.3851228054990406
48,44005,0.0008374680024791253,0.6108997705266784
48,44007,0.002425903707642225,0.234984075422899
48,44009,0.0012977608520992852,0.4959902639642405
48,45001,0.00041682602758736867,1.170357286442934
48,45003,0.0007392432839022818,0.4043112895939457
48,45007,0.0011998917621406614,0.40076134618882914
48,45009,0.00016170371359757363,1.2250982079117976
48,45011,0.0002392567748652994,0.9201525571619353
48,45013,0.0017366785992299124,0.44138870574349126
48,45015,0.0006238871757990201,0.4148864332506467
48,45019,0.0015078984534220984,0.29004672465278675
48,45021,0.0004783102035321305,0.6332272032746044
48,45023,0.0006610724684362246,0.8718422768166216
48,45027,0.0005446676717898913,0.8848391026344695
48,45025,0.0004720742984874049,0.8971548292284455
48,45029,0.0003803457064874185,0.8312528262066424
48,45031,0.0006679003642900166,0.7404088190767417
48,45033,0.00029053764761304755,1.0080371603649931
48,45035,0.0006342517514962125,0.5614985211065463
48,45037,0.00039460579714946685,1.3284831489138782
48,45039,0.0003138792005314667,1.0548595080300263
48,45043,0.00055708062932428,0.7359175008853245
48,45041,0.000721947467653286,0.37761023984313175
48,45045,0.0022614461376272254,0.3531358349012688
48,45049,0.0002564705146270371,1.1684187934372456
48,45047,0.00037629352142031316,0.69553915457065
48,45053,0.00011682686947466308,1.280259370131945
48,45051,0.0020506546641245347,0.40027154149456307
48,45055,0.000531246841776331,0.5110672524159702
48,45057,0.0005307816310853206,0.7885006627493573
48,45059,0.000701830899567118,0.560422099338273
48,45061,0.0002833508426019774,1.1388680518645675
48,45063,0.0013997787183278438,0.2839655777110777
48,45067,0.00038662422974278753,0.8922554837992575
48,45069,0.0004820032700060414,0.9427064672359654
48,45073,0.000639944208195177,0.6583028784287157
48,45071,0.00040182717098209117,0.8292975683850736
48,45075,0.0007879300442105774,0.6126238796522088
48,45077,0.0007090535439342969,0.7083941176040612
48,45079,0.001630799095632921,0.3317226440363351
48,45081,0.00021012166136126804,1.0345079274414684
48,45083,0.0012649399573778234,0.34462720650805667
48,45085,0.0005581470011515593,0.4591043223744798
48,45087,0.0006260841454135235,0.862373676935503
48,45089,0.0005992680908141337,0.7549506305222189
48,45091,0.0008114222364765828,0.4097714931693212
48,46005,0.00037429151221608027,1.1338283985259079
48,46011,0.0003355824134762292,1.295472033456124
48,46013,0.0004195859928050965,1.1865342447488896
48,46029,0.0003860459457475458,1.0774770768211421
48,46035,0.0001384325139860319,1.737306108297689
48,46065,0.0001723994221163469,1.9588754246477136
48,46081,0.00029897529749451957,1.2459263174451092
48,46083,0.00032708199362806113,0.7971811900347182
48,46093,0.00015561504573043805,1.2847676818285316
48,46099,0.0008714894827381045,0.40029289644417276
48,46103,0.000665143035422221,0.47601605430019783
48,46109,0.0002510523884315008,1.2493710125303912
48,46135,0.00020967393855461457,1.3307505491914173
48,47001,0.0006108402560379733,0.6616376133613245
48,47005,0.0004777346245774282,1.2527017636350395
48,47003,0.000298340362998043,0.7754268162974257
48,47009,0.0007534776406329024,0.4456574075009768
48,47011,0.0005610681858508813,0.6410549280176211
48,47013,0.0006529358190926516,0.7623321872658791
48,47017,0.0003791504134725207,0.9482840357695185
48,47019,0.0008471235131496153,0.5826383458729958
48,47021,0.00038763363570882826,0.8933874171067642
48,47025,0.00045086396807893957,0.9602665004000456
48,47029,0.0004801738917270003,0.7716607525446618
48,47031,0.0003351362761507758,0.7277860461203846
48,47035,0.0008333847388323281,0.6337239164677168
48,47033,0.0003460525575573832,1.1681031117468308
48,47037,0.002050378632378406,0.21812288130871862
48,47039,0.00032356941578276635,1.4993464761637294
48,47043,0.0005965100356867878,0.7721681496979685
48,47041,0.00016259160456098004,1.1731048746931023
48,47045,0.00034425808096387954,0.8372692822226665
48,47047,0.0006987138261895261,0.723134678696657
48,47051,0.0005111775960740159,0.7277182957397701
48,47049,0.00026729106274181203,1.5998591465501686
48,47053,0.00039831481004878687,0.6789637898920609
48,47055,0.0005937694275819361,0.884731432422624
48,47057,0.0004090316224048807,1.937172452746978
48,47059,0.0007578941635472532,0.6461523728221028
48,47061,0.0002693558514233182,1.517697447641913
48,47063,0.0005262281667410515,0.6631981213860877
48,47065,0.0012486369948189792,0.37392146284949074
48,47069,0.00038778911729290665,1.0784301537445753
48,47071,0.00040142782000897635,1.179919581029677
48,47073,0.000816883806931343,0.9347700660415602
48,47075,0.0003124493707102187,1.185085925923212
48,47079,0.000538659417964039,1.1135327064002551
48,47077,0.00040984682572365694,1.0897906264788642
48,47081,0.0003521876027175188,1.0033922682636194
48,47085,0.0002657125969524351,1.1862475534794175
48,47087,0.00025506485078941044,1.1441511415174639
48,47089,0.0006736790619407214,0.829516533872694
48,47091,0.0002569320036820879,1.3488124919674702
48,47093,0.0019631703151545424,0.35362510396345176
48,47097,0.00048414637432233644,0.8545349099968708
48,47099,0.0006483625976153434,0.7125795840474544
48,47103,0.000544553917802014,0.7379590797911127
48,47105,0.0003899280278229953,0.674968032980451
48,47107,0.0005880061549276303,0.7374320383075786
48,47109,0.00047953311716061685,0.9897181515245745
48,47111,0.00018245973936748916,1.0461561683189353
48,47113,0.0006154911202935638,0.5139083404318103
48,47117,0.00037344997114355005,1.3421999806799298
48,47115,0.0005221020519981468,1.0998349887101255
48,47119,0.0006158592884419669,0.5400047468379013
48,47123,0.0006801728925730237,1.2612233205182186
48,47125,0.0009535804820593485,0.44476936728308225
48,47129,0.00036953826973707706,1.2996538099707227
48,47131,0.0006739535980645701,0.719957057909742
48,47133,0.000480789858139404,0.9162125206499977
48,47139,0.00031356395529478663,1.1237850240553593
48,47141,0.0004786375229054926,0.7127370511698264
48,47145,0.0005503851667536157,0.9465903197681118
48,47143,0.00034267917318359906,1.5559216362641408
48,47147,0.0005552109669350835,0.6847187702316084
48,47149,0.0007617041370629399,0.5116678882339559
48,47151,0.00031154784079823704,1.1525193412505603
48,47155,0.0004932303738665596,0.5666564936676464
48,47157,0.002060063389470355,0.3066309189443053
48,47159,0.0002996772476024575,1.1329963369166947
48,47163,0.002122446320851382,0.5045981450662028
48,47165,0.0011867211374837737,0.4157429179000704
48,47167,0.00041826718829709097,0.8292200362197373
48,47171,0.0003004080413689656,2.310510413505922
48,47173,0.0001901432492493037,1.234301926099908
48,47177,0.00041056832773920095,0.7258654265438355
48,47179,0.0006346269368216367,0.6004972515341283
48,47181,0.000208415691450135,1.6025024906623642
48,47183,0.00043627392838254574,1.432465233512284
48,47185,0.0005031351446026528,1.1065983067825316
48,47187,0.0016361942295960118,0.34012090733984174
48,47189,0.0006302486463645809,0.7323509524547821
48,49003,0.0007090753712119514,1.1801950189633261
48,49005,0.0010243491296505725,0.6518804240083946
48,49007,0.00035067409370543565,1.4955931107529952
48,49011,0.0017247476724513934,0.5683084670780505
48,49021,0.0003207913878948876,0.898978594136573
48,49035,0.003757617276466703,0.4749260981946409
48,49037,0.0002235184377882045,1.4209149353930763
48,49039,0.0002710706289525856,1.2791146602809733
48,49041,0.00041113012764057834,1.5102321003712678
48,49043,0.00044471538282146717,0.7634287251817158
48,49047,0.0003698403144301041,1.559793089124253
48,49045,0.00026273070724376125,0.6632519267103059
48,49049,0.005070758527908913,0.5650090604266242
48,49051,0.00015352134618862228,2.4698809965954713
48,49053,0.001177048326124109,0.5139454034764109
48,49057,0.0011353731311572863,0.3732999178575406
48,50001,0.000882444692608052,1.0125191046312538
48,50003,0.0008663630178843477,1.1299581009456168
48,50005,0.0008464784799849894,0.870374896668122
48,50007,0.0011923477895616594,0.7202037955739649
48,50015,0.0004788632111569472,0.988904555285823
48,50011,0.0005904964277797775,1.2578547180741224
48,50017,0.0008784830198281886,0.9463897223314954
48,50019,0.0009029564815371114,1.0562140087182892
48,50021,0.0016778128525658657,0.6785120707155982
48,50023,0.0014256799635100296,0.751108894624261
48,50025,0.0014856963278639496,0.723696976410752
48,50027,0.0013246541000344792,0.8229408420793626
48,51001,0.0004366391176712344,1.1044889478581497
48,51003,0.0007517098072195705,0.6657794693635201
48,51005,0.0005768836829680892,1.6678983397869729
48,51009,0.00044957937062231466,0.846637886457649
48,51013,0.004027709219893664,0.39270429863158846
48,51015,0.0008009134669291487,0.6863596892855099
48,51023,0.0005330835085564607,0.9722734744025753
48,51027,0.0006230367037353448,0.8892608115643106
48,51025,0.00018389272430555125,1.5466335334299917
48,51029,0.00027816272824389556,1.3515389384501648
48,51033,0.0003548335889099006,0.9417101710777911
48,51031,0.0006646175052889283,0.9420378210146607
48,51035,0.0005698087831084495,1.0256430623909598
48,51041,0.0015831739462839173,0.35941058060207826
48,51047,0.00043034430075484874,0.8258584101161255
48,51051,0.0002444645697346689,1.174326450312983
48,51059,0.005729734493213865,0.2539114665128621
48,51061,0.0007360337972375392,0.6528087603375768
48,51065,0.00016534865476344813,1.4598308936581774
48,51067,0.0004883273672957684,0.7993451548172635
48,51069,0.0007511711164707584,0.7245267717999021
48,51071,0.00029238483080184385,2.3842989098747474
48,51075,0.00023252652852015436,1.289186249559922
48,51073,0.000440161092317912,0.8558263019507096
48,51077,0.00043853469167049033,1.2729651653284295
48,51083,0.0006377640985718131,0.7494516395415577
48,51085,0.001034190087703207,0.5624315721110077
48,51087,0.0011687626091465258,0.4371499429264215
48,51089,0.0011002108258970065,0.6513140118672164
48,51093,0.000579744839873907,0.9459144328309189
48,51095,0.0006267455936808566,0.8879588187867197
48,51099,0.00029936284482064325,1.1480722381178543
48,51105,0.00043493843530074337,1.2621778262300098
48,51101,0.0001702471712635508,2.4483308526076875
48,51107,0.002517081543204277,0.3140865819560281
48,51109,0.00040067303025846266,1.0500766179886478
48,51117,0.0007434137040714261,0.922836742213778
48,51119,0.00028281448364323,1.8992873806096482
48,51121,0.0006984766504229924,0.802767093048912
48,51135,7.999269931183945e-05,1.488427491321089
48,51137,0.0002629655234233662,1.809785394668803
48,51139,0.0004027506659821037,1.6103179028109358
48,51141,0.00033806350899334703,1.5135661339241218
48,51143,0.001105222595213497,0.7078860376266858
48,51145,0.00026026920480236673,1.2281322157528054
48,51147,0.00010494413293812907,1.886394393471062
48,51149,0.0002672525342600771,1.3499167054134484
48,51153,0.0025286781142916073,0.4050829899182736
48,51161,0.0009720820208506626,0.7702258714340584
48,51163,0.00025127796694252236,1.7312722763001172
48,51167,0.0004414510048336727,1.0356109877351791
48,51165,0.0008379305910941815,0.6540783444289998
48,51169,0.0006865125005365478,1.3166306183523186
48,51171,0.0005099220146008203,0.855384823829236
48,51173,0.0006501848576462002,0.8058981673794378
48,51175,0.0002906562211054921,2.386885791743824
48,51177,0.0009543185448804905,0.44466048309148687
48,51179,0.0009811708903472746,0.6123831972996252
48,51183,0.00031154573662844275,1.2106383007803097
48,51185,0.0005743774806191628,1.1981339838578897
48,51187,0.0003254532329179514,0.9493579067232454
48,51191,0.0008098104987780594,0.7840915369821375
48,51193,0.00018997519732245522,1.7773851463802501
48,51195,0.0005963525849767242,0.812609398525321
48,51197,0.00032982020232991,1.2061058272925207
48,51199,0.0006016994997062158,0.7399771927984633
48,51510,0.0023570814997459556,0.48668582960763956
48,51520,0.00019175173338284552,1.4229134549620837
48,51540,0.000746272375625956,0.7371334153169994
48,51550,0.0013745694974261747,0.48456562592956204
48,51570,0.0002713178576845158,1.68043684479643
48,51590,0.0006150527267811101,0.6758861761485859
48,51630,0.00020794943961909294,1.2627253260645361
48,51600,0.000355153606165454,1.3365350147004458
48,51650,0.0007458635127269988,0.3748269115237544
48,51660,0.0005089436881927552,0.7441398830330381
48,51670,0.00017476078037299085,1.0419162857769608
48,51680,0.0008468774487026327,0.6012898384992548
48,51683,0.00046706773903338114,1.0151714239026108
48,51690,0.00030242630952722726,1.1181680613580953
48,51700,0.000875423136320134,0.5724993713836919
48,51710,0.002738680840795448,0.32415938601867483
48,51730,0.000497562228289554,0.781617725304081
48,51735,0.00011022527016071976,1.3502728842160305
48,51740,0.0008877269216273042,0.5102058530568561
48,51760,0.0018989291618129842,0.28850826908305544
48,51770,0.0006604990112515439,0.4596292905158402
48,51775,0.00028724328083885577,1.2216808871961726
48,51790,0.00026586854209405866,1.0929464651261935
48,51800,0.0014188452910197226,0.5870598432984738
48,51810,0.0020698401291979183,0.252825997660534
48,51820,0.00020897008849841343,1.3405597653008618
48,51840,0.0002491609185171989,1.143145761390577
48,53001,0.0001642670765728375,2.500184276328875
48,53003,0.00026226514003905866,1.5381717000952693
48,53005,0.0008828055310817744,0.45581108207124466
48,53007,0.0005731181303948578,1.1556021426736234
48,53009,0.0012518779314377802,0.9500345561047219
48,53011,0.0023085263751811136,0.2927614081582644
48,53015,0.0006701036501890442,0.44923947772204675
48,53021,0.0005372202634875005,0.7337029724639839
48,53017,0.00040025252276735233,1.1149612683304844
48,53025,0.0004306065115829889,0.6969927492038749
48,53027,0.000656070536466321,0.6279946756496941
48,53029,0.0011033282357378492,0.9034676499535548
48,53031,0.0007687323244249226,1.4628014598243957
48,53033,0.010636641927712109,0.5175222713942363
48,53035,0.0018281391521251349,0.36986827146939405
48,53037,0.0004028959753111404,1.3191819095141364
48,53041,0.0008902676638842459,0.7650769063138637
48,53043,0.0003805337737205106,2.3637290397957393
48,53045,0.0006607181817505378,0.6754130771392679
48,53047,0.0005616384599452371,0.7637268922200915
48,53049,0.0005253134181479057,1.378883332033231
48,53051,0.0005211573964370861,1.4886549935973226
48,53053,0.002732958614883521,0.2541290795556506
48,53055,0.0004750489859640932,1.5007228847287455
48,53057,0.001124760114251505,0.7063880587988114
48,53059,0.00028462428714942347,1.5381220014014183
48,53061,0.003735313428269408,0.29461123895596864
48,53063,0.0025220902227236996,0.26309014788425084
48,53065,0.0008379033874048143,1.1430241268939465
48,53067,0.0018266807009753633,0.40509577689406945
48,53071,0.000354018090112293,0.8054699131482507
48,53073,0.001354927116181749,0.568875517713613
48,53075,0.00046544712008314326,1.3157354820097018
48,53077,0.0009968877200187182,0.47540678110402373
48,54001,0.00020419596997245636,1.3931762765721507
48,54003,0.0008183873620196349,0.806868623177533
48,54005,0.0005092129662186333,0.9889918155693309
48,54009,0.00048578492735344524,1.1995662226829031
48,54011,0.0010816947262330269,0.628415446265178
48,54019,0.0006902779236044947,0.6996966834211937
48,54025,0.0005717252659609225,1.2795939696112129
48,54027,0.00034139886375279913,1.227264114467838
48,54029,0.0005914079159278023,1.3280951957166407
48,54035,0.00036178327967266346,1.2411102303671884
48,54033,0.0010066164112279865,0.5024936809205326
48,54037,0.0005496341808853096,0.7053039946877918
48,54039,0.0019042024838687786,0.37043567700703106
48,54041,0.0004127994494913845,1.4200514223471608
48,54043,0.0003026382279190722,1.105658729709849
48,54045,0.0005753135592860006,0.8050496769918162
48,54047,0.0007160059459291646,0.8941120732144406
48,54049,0.0008249288229402732,0.5632311093946683
48,54051,0.00063678844493895,0.8309931781342804
48,54053,0.0004801252102364042,1.1130490903134933
48,54057,0.00043591318282440596,1.125999968015813
48,54055,0.000777302386310387,0.7680065210535384
48,54059,0.0005673561611379522,1.138010746143943
48,54061,0.0010124068656644915,0.7973194083067159
48,54065,0.0002972100224786477,1.726412073106863
48,54067,0.0003544346084968434,1.0142553884408616
48,54069,0.001024486548162773,0.7164471731040679
48,54077,0.0006012687818263709,0.932801394909115
48,54075,0.00030179205458944836,2.3409973236282564
48,54079,0.0005629021527631439,1.2245065150920396
48,54081,0.0008440059893430292,0.6271222422295731
48,54083,0.0004298687165338856,1.2735804615788038
48,54089,0.00023967472684666442,1.416467292701709
48,54087,0.0002725768698603112,1.783361131848575
48,54091,0.00022730614165328926,1.4404098124403097
48,54097,0.00032460895133692167,1.7590930113295542
48,54103,0.00042245315111125447,1.3034943365034395
48,54099,0.0004927725225010917,1.3355569677714787
48,54107,0.0012287859228835303,0.4402285788044024
48,54109,0.00035838547540696495,1.1376388346827857
48,55001,0.0007748770444483207,1.0136400340902392
48,55003,0.0005208165693360362,2.12443787440594
48,55005,0.000786103870721204,1.063474665925026
48,55007,0.0007007237832879458,1.2911434284684824
48,55009,0.0009448617419679142,0.3694669696001837
48,55011,0.0005283027960678461,1.384691012023003
48,55013,0.0007519710279807459,1.1618075657272011
48,55015,0.0006552443429657353,1.2717090766430412
48,55017,0.0006773373410218271,0.8698068002750508
48,55019,0.0009391176228831835,1.07178202327427
48,55021,0.0009903995054698056,0.884234041888739
48,55023,0.0006850133446196376,2.322172162457549
48,55025,0.0032657329846907486,0.49685869381938386
48,55027,0.0013200624132298818,0.9793002261867707
48,55029,0.000889493377213569,1.2930239160117953
48,55031,0.0005304346357678531,0.8093100274375051
48,55033,0.000592857809262159,1.2493169233141888
48,55035,0.0005434456015472344,0.5151734878961083
48,55039,0.0011172617939524975,0.6938012427690209
48,55041,0.00040613690794174395,1.466341491395087
48,55043,0.0009109043996853568,1.334546443429565
48,55045,0.0006538804548430621,1.1841254765304976
48,55047,0.0006369715775068585,1.691104943617656
48,55049,0.0007585160614249622,0.9905699976941209
48,55053,0.0004970274707646302,0.9729477425011077
48,55055,0.0009032747234631648,0.6850716991129728
48,55057,0.0008530977811912774,0.8662775513530211
48,55059,0.0008294595906881453,0.5517699165229862
48,55061,0.0002792935367968722,2.235354521574899
48,55065,0.0006553454240842437,1.2431759873819914
48,55063,0.000624387437349055,0.5992879701353437
48,55067,0.00047843210944482494,1.5737489257401143
48,55069,0.0007586009669801748,1.4364497149632578
48,55071,0.0011461824284144067,0.6649968974145982
48,55073,0.0011728944669553187,0.5759369473792803
48,55075,0.0009504324775411612,1.1080075030236507
48,55077,0.0006479998796303381,1.169733454526212
48,55079,0.005627292410229215,0.36711351995263675
48,55081,0.0007230505031088743,1.4376336665496245
48,55083,0.0007843346696646276,0.9029111604107508
48,55085,0.0013330751706086587,0.9564482727885854
48,55087,0.001442393119014639,0.45258404320307233
48,55089,0.0010811839883314053,0.983877542380465
48,55093,0.0003974147371095639,1.4694193303716228
48,55095,0.0008742095558525187,0.7973231541564477
48,55097,0.0007030527602060097,0.8429183878550514
48,55099,0.001027559017092452,1.289280599274383
48,55101,0.0010211341413788144,0.5694569234224673
48,55103,0.0005055593988983039,1.4953783064174333
48,55105,0.0009572988294039912,0.4904897962969077
48,55107,0.0005293881104606712,1.3529886049425925
48,55109,0.0007875672523223442,0.8916716268989823
48,55111,0.0008140969162490346,0.8103251932203398
48,55113,0.0004906170042881015,1.0753083137681922
48,55115,0.0009444044775398491,1.0607839633411833
48,55119,0.0005620174993988907,1.3492751379397743
48,55117,0.0011072088408370423,0.6714242982019328
48,55121,0.0008891144429423448,0.9014889747120178
48,55123,0.0007358203119823088,1.0986214840688866
48,55125,0.000681009108641564,1.2761580923630775
48,55127,0.0008974542564119381,0.9963669303571523
48,55129,0.0005210699424066252,1.3406919298898083
48,55131,0.001400368322901994,0.670582807170218
48,55133,0.0040984463985274605,0.3691692161897192
48,55135,0.0009769512248933947,0.9339292547882843
48,55137,0.000710965519226539,1.040212769758245
48,55139,0.0011989105275385596,0.516711865269903
48,55141,0.0010774130931892193,0.9963444092246508
48,56001,0.0005656341786865026,0.9919092171464455
48,56005,0.0004173600345712697,1.285586932010703
48,56007,0.00022620695451729112,1.7924661918927813
48,56009,0.0002559296318315281,1.8675655456094309
48,56015,0.00018356025977861372,1.5773978243057165
48,56013,0.00044837257080936635,1.284549793990029
48,56021,0.000545448781329986,0.4637653543095897
48,56023,0.00020711634265136654,4.763286013013202
48,56025,0.0006179792179537962,0.590698634933668
48,56029,0.0002635725540459375,3.391763830888604
48,56033,0.00036184219146238904,1.4644067001652432
48,56037,0.0004505572079748518,0.7393071479129655
48,56039,0.00017512067625186727,1.9130427313491938
48,12057,0.0035773281392891816,0.30702963535207756
48,12059,0.0002630342026743726,1.1889253657480072
48,12061,0.002351761338634499,0.39513310821794634
48,12063,0.0005687353800915278,0.6991956299421613
48,12069,0.0025788584437355312,0.4382939893640826
48,12071,0.008492965323306905,0.3476847282412417
48,12073,0.0021833060249243975,0.6168060676796419
48,12075,0.0004431845320926352,0.8735136691710602
48,12079,0.00028511753938693517,1.2351259815077253
48,12081,0.0030167064143341218,0.2648966443144096
48,12083,0.0023196513727941344,0.32253352893313936
48,12085,0.002270643723041828,0.420108387364262
48,12086,0.007527598517926293,0.2323775075629789
48,12087,0.002097391464521034,0.792348518041567
48,12089,0.00042342148657715785,1.0805815645544619
48,12091,0.0011305093581181365,0.5717516871083114
48,12093,0.0004838288638012663,0.5860560003677951
48,12095,0.0024704357428205785,0.23537154427000942
48,12097,0.0011187584603707496,0.4790409307278038
48,12099,0.011969123247265474,0.3196253864391449
48,12101,0.005286724144383957,0.3702789451975513
48,12103,0.010861258794868801,0.21202021627369222
48,12105,0.002676132059746935,0.24247428578342778
48,12107,0.0006535373898385211,0.5871358710909624
48,12109,0.0011868948385556281,0.607913395834089
48,12111,0.0016054985605497957,0.49994220140755014
48,12113,0.0009450154233426742,0.45179784843825066
48,12115,0.00863067065796963,0.3594770698181541
48,12117,0.0017472543242876668,0.3637972518384638
48,12119,0.0015251993679899112,0.9448492033203166
48,12121,0.0004094182650622472,0.9226922762600891
48,12123,0.00015879320955840682,1.4232029923194256
48,12127,0.004605855809551016,0.3201864220954828
48,12129,0.00017252859613248777,1.4930058633611907
48,12131,0.0004435132677538044,0.8942209734887475
48,12133,0.0003743162458535323,1.1937195950645372
48,13001,0.0002388411804633061,1.243826849623541
48,13009,0.0002961007964656044,1.1135787588333765
48,13011,0.0002688164549683043,1.333947798274638
48,13013,0.0005691098467290124,0.5131517467038009
48,13015,0.000568276048835642,0.8491913917269899
48,13017,0.00024804934563134665,1.2415580315818686
48,13019,0.00034042976152036164,1.1182324309189606
48,13021,0.000861668032888601,0.41518642869883954
48,13031,0.0003670480022851411,1.0862261842931944
48,13027,0.00031394310425407457,1.1918662420309347
48,13033,0.00030978776454402803,1.046529952282863
48,13039,0.0002919219458835436,0.7770476951070012
48,13045,0.0005467743597874311,0.6434044233489334
48,13047,0.00045970861785664976,0.8172325326311727
48,13053,0.0007029243189611696,1.5074453746956056
48,13051,0.0013730592001104456,0.3229130144977885
48,13055,0.00035451758994244553,1.0882004812701502
48,13057,0.0013118814487397047,0.4495163770745133
48,13059,0.0013651898691870313,0.3817289772531923
48,13063,0.0009705409584236355,0.2992079201242251
48,13067,0.002358623841633845,0.40175394238144435
48,13069,0.0003103557740202284,0.7592122443672621
48,13071,0.0003586254503407452,0.7964886169521516
48,13073,0.0006408834997919827,0.5395148534757189
48,13075,0.00020089003048021526,1.168423220636968
48,13077,0.0007974741405076651,0.5682306997569105
48,13081,0.00029690073117150106,1.0307373843718206
48,13083,0.0002640008578457584,2.5127373306377945
48,13087,0.0003024890399582008,0.9937343077845908
48,13089,0.001626268199588933,0.29386736547476183
48,13091,0.0004605937158372417,1.0913829446851453
48,13095,0.0007149440445405127,0.42636944067758936
48,13097,0.0006867298927651158,0.5562008428870197
48,13099,0.0004045263402292634,1.0046787462293443
48,13103,0.00040678148416369876,0.7430205822449676
48,13105,0.0003259081558611987,1.006397894275821
48,13107,0.00021088665344760522,1.1158712298326556
48,13111,0.0003640737111647161,0.9992067268291279
48,13113,0.0011163736155812064,0.592758857531343
48,13115,0.0005062284901140588,0.449149952079588
48,13119,0.00030951343971882627,1.2998216594958973
48,13117,0.0016510706218272415,0.4562967282151945
48,13121,0.002820493315504586,0.5639413101788927
48,13123,0.000324423671484768,1.0693932083882984
48,13127,0.0004108366693340836,0.8767986031624372
48,13129,0.00045217535752160897,0.7124509027408265
48,13131,0.0002770724549592407,1.1018125030798072
48,13133,0.0005164374167113794,0.856639075801855
48,13137,0.0003133539868003854,1.004026849564281
48,13135,0.0026851269548217606,0.3324511638935613
48,13139,0.0007763858902326,0.446030145881532
48,13143,0.0002915091512587051,1.1910656341661545
48,13145,0.00030085094616241867,1.1122229006574698
48,13147,0.00029239621560798323,1.25548391429394
48,13151,0.0012049915909297276,0.4801686819304
48,13157,0.0004093480756871938,0.7719464891974013
48,13153,0.000674746453601355,0.5081904740195805
48,13163,0.00020336037300631304,1.2655327858134007
48,13169,0.0002971923341758159,1.0672955496461591
48,13175,0.000599502749526895,0.6486504372340703
48,13177,0.0002645449375063801,1.2615874423217357
48,13179,0.0006726224191298514,0.6172974094301032
48,13185,0.0005655759649516319,0.5004932737824284
48,13187,0.00019681289021833585,1.5693011143763596
48,13189,0.0003398668954963132,1.1074337608321803
48,13193,0.0002713896687904841,1.1905316362060407
48,13195,0.00034464533276087027,1.0070812428379836
48,13199,0.0002673880897705594,1.388278158503367
48,13205,0.00024981028348773204,1.1315366461593808
48,13207,0.00026947495549867705,1.102292809711351
48,13211,0.0003226302310865737,0.990472029587747
48,13213,0.0004083487930990278,0.8807705665949987
48,13215,0.0010857141690518862,0.40613688866953124
48,13217,0.0005153764142770676,0.696370498048969
48,13219,0.00034941072720911945,1.1900312057033042
48,13221,0.0002060712615229121,1.2848970734135376
48,13223,0.0005883327951607791,0.507442692461276
48,13225,0.00018820711009851981,1.136126025871106
48,13229,0.00022823176032130832,1.266027621155879
48,13227,0.00023891593926374298,1.316633085855847
48,13231,0.00026713632427900134,1.4005957993222864
48,13233,0.0003814948584372865,1.0062161203077762
48,13237,0.00027124382841720154,1.1780407634999068
48,13241,0.0003935840596052773,1.226701218275511
48,13245,0.0008185012988046891,0.4317325309145033
48,13247,0.0005224526899987196,0.6128788550127274
48,13251,0.00031351093490584645,1.164520360176208
48,13255,0.0003888125694459226,0.6211693849687759
48,13257,0.00026207114334516045,1.2260944535799807
48,13267,0.0002725207729332238,1.2143226287269597
48,13261,0.00024585567007226537,0.802820833217607
48,13273,0.00030169214279113444,1.7400219658654712
48,13277,0.00021679611283847945,0.7784994486611011
48,13275,0.0003672098632078443,0.7512492613068962
48,13279,0.0003049313766355974,1.1236062321073752
48,13285,0.0004638685436445259,0.614164765898042
48,13291,0.0006011941268513233,1.0940800362461325
48,13293,0.0003580463611279231,0.9061666974020088
48,13295,0.0005442400697632841,0.7589065590805565
48,13297,0.0006659527517514408,0.5808019182220721
48,13299,0.0003600717443944176,0.8662714462429042
48,13303,0.00024137971171252565,1.1537959223506111
48,13305,0.00029650171943474367,1.1355325072536424
48,13311,0.00023213189094679825,1.1529081382949493
48,13313,0.0005636314665549926,0.584783909882888
48,13315,0.00032302829475883653,1.3662926758223122
48,13317,0.00017209632538449065,1.3874979502205107
48,13321,0.0002632446791738987,1.0800224286088869
48,16001,0.001647861261686659,0.29763385535800896
48,16005,0.0005295565346710518,0.5116364004961842
48,16011,0.0004698158055264028,0.8984855274586822
48,16013,0.0001628020695088381,2.0016552468552637
48,16017,0.0005743178064602779,0.7858418225511882
48,16019,0.0007472314982688986,0.5223222201621046
48,16027,0.0007099367881911358,0.515938962903716
48,16031,0.00035218288055427824,1.3571497737556164
48,16039,0.00014075033177449498,2.5844941404222643
48,16049,0.000340573404011127,1.0948250198808933
48,16051,0.00017861891335493302,1.798744945777459
48,16053,0.00018325037718309428,1.5607600324993878
48,16055,0.001007583199597871,0.5376255629305777
48,16057,0.0002697037529674825,1.142325120212652
48,16065,0.00031371743982304656,1.4947138784980454
48,16067,0.0003277464964774074,1.534233671788318
48,16069,0.0004811167961576439,0.9642016344357786
48,16075,0.0002280822094852753,1.657256236821626
48,16083,0.00042500319856751966,0.682302922897464
48,17003,0.00039444602591388254,2.1202202029953185
48,17001,0.0006758261969222896,0.5698061520930531
48,17005,0.00017898277174113508,1.394511704698032
48,17007,0.0003425114819251965,1.012107677000162
48,17011,0.0008539573021198526,1.0806856345815592
48,17015,0.0005967066325281472,1.2956718968776852
48,17017,0.00044020258745570094,1.9188684329803178
48,17019,0.0017509590573923646,0.6425416644297078
48,17021,0.0007163930245256573,1.624317592555415
48,17023,0.00026309183470384876,2.993985683430231
48,17027,0.0004645974919997904,0.8846678076301424
48,17025,0.00024267333988276852,1.9280699942944965
48,17029,0.0004237672297838169,1.5088429297754191
48,17031,0.011358812676328019,0.518267801278878
48,17033,0.0004657391997964383,1.28339825565043
48,17037,0.0005779854459904914,0.8618539799236841
48,17039,0.00038383093148834044,2.0423283674688943
48,17041,0.00034367691518215495,1.1255731625582597
48,17043,0.00564476661637387,0.30412562702985957
48,17045,0.00034706748996276573,1.369170314299356
48,17049,0.0005848386454276504,1.0396901753539116
48,17051,0.0004087739772614843,1.199609614270929
48,17053,0.0003428635751934144,2.4768436910534057
48,17055,0.0009305593163241064,0.8564653946904238
48,17057,0.0008409800402188152,0.9070603067649485
48,17063,0.000390086593290209,0.971056835808951
48,17061,0.0004082855325755449,1.3058457479536367
48,17067,0.0007212509675686078,1.0456649502596953
48,17073,0.0007309176210636905,1.050077592384017
48,17075,0.0008412254727837703,0.9333796089851074
48,17077,0.0006107391644019655,0.9132079671504086
48,17081,0.0005171804683434964,0.7728956934355512
48,17083,0.0003169495105438411,0.9840033024611551
48,17085,0.0004426061667997472,1.083245338279453
48,17087,0.00013979649785710662,1.328889811323277
48,17089,0.0014852885311432017,0.4702925270111426
48,17091,0.0007788704848627299,0.4821518803165525
48,17093,0.0007623360922005398,1.0556933697774957
48,17095,0.0006816820413443989,0.5914919842140343
48,17099,0.0012072024096426452,0.6045172309679852
48,17097,0.0025571404981374313,0.4861035738756148
48,17101,0.000487986299759954,1.2650587714082233
48,17103,0.000574575533844111,0.9145651440485836
48,17105,0.0004907568695023812,0.8617901757818096
48,17107,0.0005392885281289854,0.8522530572372001
48,17109,0.0004492761683009416,2.117546126922126
48,17111,0.0020570022155487673,0.3820856159976353
48,17113,0.000861651154187623,0.39418526251853847
48,17115,0.0010770207032784662,0.44200911419390826
48,17117,0.0009704492877629954,0.8513993291111137
48,17119,0.0017423055678158698,0.43351457006492644
48,17121,0.0009102225578681562,0.9150105439290751
48,17123,0.0005440566080292488,1.2708905723884432
48,17125,0.000579545135336748,1.5692940680161611
48,17127,0.00024406184658058112,1.939698179685405
48,17131,0.00034399095002632786,1.5144271191654575
48,17133,0.00043394616264044115,1.8328704524145434
48,17135,0.0006125361914555531,1.2705407562844402
48,17137,0.0005337475190331622,0.8725694546336731
48,17139,0.00023786796266396187,1.526947010202686
48,17141,0.0006171370310446316,0.925127514144553
48,17143,0.0014584460844622171,0.4316992809009143
48,17145,0.0003966619365137961,1.5504433019461925
48,17147,0.00022533291034638613,1.3761681942828476
48,17157,0.0005268018740043871,0.9402093926453395
48,17149,0.0004703644901094645,1.1954119443329356
48,17159,0.00034642932075642705,1.2176207736891678
48,17161,0.0009939257807646,0.40775101117789536
48,17163,0.0010975058129893593,0.5505705347884513
48,17165,0.0005901798872695414,1.4147556161614216
48,17167,0.001626127767546632,0.3749095235075787
48,17173,0.0005167563412239866,1.1577643948632352
48,17177,0.0007101379565154331,0.8227223415095953
48,17179,0.001230531616021845,0.558853866023543
48,17181,0.00035090866562844937,1.2834602611924948
48,17183,0.0010716548933828811,0.5547290803506819
48,17185,0.0002898527059541388,1.2633997953775813
48,17187,0.00025529979184212216,1.4433576569863682
48,17189,0.00035724219407307165,1.4597493556045755
48,17191,0.0004782801341044448,1.8020695419356298
48,17193,0.00036373949138292114,1.9866394747801137
48,17195,0.001212114111472303,0.606143283942606
48,17197,0.0021963830896715155,0.30254254432561134
48,17199,0.0007216923754875679,0.692319631607309
48,17201,0.0013318355589312584,0.36558786216284456
48,17203,0.000570562750076723,0.9688786779765157
48,18001,0.0003226215053937498,1.5262590289238291
48,18003,0.0016410822934172647,0.2908745109454549
48,18005,0.000618763071602965,0.6656316289772398
48,18009,0.0002963963219239153,1.5723224715561053
48,18011,0.0004234475557065652,1.5387570860721318
48,18013,0.00029000511787175465,1.439041118463929
48,18017,0.00044864665451542653,0.9431169094475305
48,18015,0.0006802007230712858,1.0964829226572557
48,18019,0.000774071983887569,0.6369144423377354
48,18021,0.00037745503433536307,1.5944859871659867
48,18027,0.00042182418302505123,1.1912025211176003
48,18023,0.00035285788711109654,1.0460797821893417
48,18029,0.0005347728874317347,0.9587341185474214
48,18031,0.0003927063407044948,1.1166070119690867
48,18033,0.0005002023190699207,0.7137563493992217
48,18035,0.0009535682511977459,0.43094444275117205
48,18037,0.00047202117547374853,1.24099432226379
48,18039,0.0007729651945691911,0.4338490975744844
48,18041,0.0005171583869273733,1.2865818192660181
48,18045,0.0004348229856449106,1.5259086245230091
48,18043,0.0007468378540268494,0.6562870940575894
48,18047,0.0002846885266497856,1.4574642746329634
48,18049,0.00035465670546426954,1.100037794573337
48,18051,0.00047769670103321905,1.3443714638594038
48,18053,0.0007517507195456378,0.6009669831863352
48,18055,0.0005794329890626462,1.3215508452972118
48,18057,0.0017429224541167087,0.35163624119921705
48,18059,0.0005749595853098481,0.8478923576488614
48,18061,0.0005256975224489337,1.2320022904326837
48,18063,0.0008334551896235915,0.46944073346609894
48,18065,0.0007875286441648419,0.822241398466436
48,18067,0.000796592190614946,0.4630460497741992
48,18069,0.0006337324085745271,0.8801928077597365
48,18073,0.0004204857896746189,1.0194716672182649
48,18071,0.0005026615298581527,1.046767989879901
48,18075,0.0005605049955552877,1.133582014244842
48,18077,0.0003788264622182603,1.1586838826820562
48,18079,0.00026286504678752355,1.1910462375383566
48,18081,0.0007474293483203993,0.5661142230886576
48,18083,0.0004103656388703094,0.9797487717773888
48,18085,0.000753705406273176,0.6062459205970807
48,18087,0.00041297149453977967,1.0104359930273719
48,18089,0.0016707571788885192,0.4673781385318505
48,18091,0.0007787157483883727,0.4867028313871945
48,18093,0.0005862618700265225,0.9567800823863348
48,18095,0.001226995523597847,0.5427297209728432
48,18097,0.0029533316724468885,0.2009293953993274
48,18099,0.0005264684847894033,0.858101234323209
48,18103,0.00041520261536125136,0.7451702575430426
48,18105,0.0011258796225829429,0.5612153136706128
48,18107,0.0005738195949610067,1.0382188426328007
48,18109,0.0006013517051335679,0.9877167153445188
48,18111,0.00023612185677279824,2.1428911217320166
48,18113,0.0004594411115086897,1.106126555766645
48,18117,0.000540931942057854,1.1608477346736434
48,18119,0.0004442877008291788,1.2705986294956615
48,18121,0.00024127269819846953,1.5633013822483461
48,18125,0.0003833593886587752,2.358549709561132
48,18123,0.0002888835334118636,1.3426564616689751
48,18127,0.0006028148854218562,0.44830657837619764
48,18129,0.00048084176421246374,1.3864375439545105
48,18131,0.0002551114689620515,1.9488060610200832
48,18133,0.0003258724070512025,0.9511377717022556
48,18135,0.0006884126034404723,1.0640792302947932
48,18137,0.0004030871724273748,1.19911779442523
48,18139,0.00031367097344770455,1.4129634743082222
48,18141,0.001536820462491372,0.29810125980925023
48,18143,0.00026438875577013056,1.0532796059397553
48,18145,0.00046567259210992097,0.9446435665898363
48,18147,0.00037672493337481683,1.546274681616036
48,18149,0.00046813336832662443,0.9161388217087089
48,18151,0.0004652825238785265,0.7463249904959715
48,18153,0.00024634709199992087,1.08775030035155
48,18157,0.0008276941108928586,0.5952777000029782
48,18159,0.00017307925892010552,1.3631796094297106
48,18163,0.001176436134067839,0.3140289008708086
48,18165,0.00039188879462389095,1.49038315274191
48,18167,0.0006894185882936519,0.4594406777039616
48,18169,0.000530335531704663,1.6738666559447286
48,18173,0.0005496591687691565,0.7707333368365243
48,18175,0.00043342875877590715,1.1075481845900847
48,18177,0.0007316071968160517,0.6913592510612736
48,18179,0.00044903893573664634,1.1772355204208527
48,18181,0.0005452496395572371,1.0793941438043129
48,18183,0.00043334622826794766,0.813459916199868
48,19005,0.0004253449430848254,1.3377643275121929
48,19007,0.00038350885790465125,1.2309599361805832
48,19011,0.0005586938074073571,1.0612487632750598
48,19013,0.0010700059724410237,0.5033407685636523
48,19015,0.00046118700203564845,1.103148701147657
48,19017,0.0005250849249006286,1.2180121790800134
48,19019,0.0004061105134031917,1.140391335408024
48,19021,0.00032779158552749045,1.3783035815726827
48,19023,0.0004908377067723964,1.158736609269277
48,19025,0.0004054356226320335,1.5010282705069244
48,19027,0.00043586220072519197,1.544295708536871
48,19029,0.00039505587103631003,1.486198172584461
48,19031,0.00041418438710014225,1.1181629279186596
48,19033,0.0006631016059869817,1.1468776502327298
48,19035,0.0003228715619484236,1.2959482917556608
48,19041,0.00022612153461355555,1.7316852117686565
48,19037,0.00036730100756393727,1.4376119546511108
48,19043,0.0005949847006133174,1.3440784223605817
48,19047,0.0005368260203371917,1.1790459238119162
48,19045,0.000785668415824687,0.9251814225952776
48,19049,0.00047626177043993224,1.0908661287619268
48,19055,0.0002591608369613344,1.3891855287959622
48,19057,0.0006019629248350923,0.7805844380805288
48,19059,0.0003654521275835059,1.2319474050027572
48,19061,0.0008914550121740013,0.5897445513923036
48,19063,0.0002565028978165419,2.027595522889688
48,19065,0.0006794455951486109,1.575437718309912
48,19073,0.0003755132628164043,1.6327375843368568
48,19067,0.0003942395548366302,1.5755891340223336
48,19075,0.00041803442505211917,1.6860193128845047
48,19079,0.0003574975319506427,1.5697224085389527
48,19081,0.0003578632472254477,1.3859784191302174
48,19083,0.0006526152357518855,1.2308608915977894
48,19085,0.0005402945384891609,1.4097344934880172
48,19087,0.00037457272105353203,1.0887743673212344
48,19091,0.0003396696712115478,2.3217180345604973
48,19095,0.00033585168515816834,1.406342294906861
48,19099,0.0005496342713573745,1.140266941485118
48,19097,0.0005273983521256759,2.2176310855919876
48,19101,0.00023871586202542478,1.70062780970987
48,19103,0.001236131326959768,0.516654306000917
48,19105,0.0003711801749370727,1.749641192488081
48,19107,0.0003945721534199148,1.2204752353245056
48,19109,0.0006884189527744757,1.5878538028042637
48,19111,0.0005878833110779321,1.4079784811095195
48,19113,0.0013695897043126445,0.3608269708477411
48,19117,0.00044241833317164547,1.6857935935585187
48,19123,0.0005080280232047969,1.1212286531652873
48,19125,0.0003504571874689292,1.7743774868832336
48,19127,0.0005385696764600332,0.6365600070766351
48,19129,0.00035393678401774895,1.4985881164157537
48,19133,0.0004214574293847432,1.960674772807282
48,19137,0.00033685829834024914,1.747074823279159
48,19139,0.0004340240018490881,0.854910774705251
48,19141,0.0002825957993879066,1.8888103193711614
48,19147,0.0003302471767086259,1.38417045264509
48,19145,0.0005774539456831921,2.2734799993021904
48,19149,0.0004935495228441063,1.3437379628316886
48,19153,0.0018022718993863682,0.2833689913295624
48,19155,0.0011743547706577857,0.5830390605506888
48,19157,0.0003853738557649404,1.9547641751210456
48,19161,0.000538278276293948,1.3017637119850416
48,19163,0.0011538017905570143,0.3993348683497778
48,19165,0.00027450269478825117,1.8156303736090291
48,19167,0.0004262679952830537,1.2457429437510943
48,19169,0.0011047386939432844,0.9246940859971103
48,19171,0.000585018831508352,1.470240990031079
48,19175,0.00022954735371630053,1.9714549585824246
48,19179,0.0006762277478919956,0.7432551759423525
48,19183,0.00032477873823158075,1.389000209496259
48,19181,0.0005651630119421529,1.1207605223079418
48,19187,0.0005110486491184243,0.7559119450967337
48,19191,0.00032573980021237224,1.198880348561933
48,19193,0.0005867989902391874,0.4809582931021295
48,19197,0.00043466507818470967,1.9923250118495257
48,20001,0.00047626114329805014,1.4404146539222367
48,20005,0.00017889748619858749,1.7693369783767958
48,20009,0.0004363146684691841,0.9886245406881222
48,20011,0.0003313528263285164,1.4564083601409092
48,20015,0.0005701956758287057,1.101177442232304
48,20029,0.0002510714529855499,1.9702998497880624
48,20021,0.00039285801232015016,1.4187566533997333
48,20035,0.0005997173001095268,1.172641662601857
48,20037,0.0005344443801359345,0.9623826980975149
48,20041,0.0004486741513354341,1.4417878666141366
48,20045,0.0010621251969672402,0.48958259967366824
48,20051,0.00032716775278148955,1.1458603720787912
48,20055,0.0005303296885748899,0.7525600463515949
48,20057,0.00024022974591960533,0.8855152157864297
48,20059,0.00025030735153112025,1.0874384396071002
48,20061,0.0004813685119041211,0.8102921598652273
48,20079,0.0005022877885350298,1.1478903517447447
48,20087,0.00028969271300101785,1.4229236490235369
48,20091,0.002493927336854875,0.3322914224702399
48,20099,0.0005617555381250625,1.0914644567084963
48,20103,0.00046890208252884513,0.752144919481068
48,20111,0.0003590268014078216,0.9779335608779627
48,20113,0.0004035383475357255,1.5876601295019395
48,20115,0.00032874899073086585,1.0755365185364183
48,20117,0.0003495246617145976,1.238023394934994
48,20121,0.00043956655839652434,0.9094544330797918
48,20125,0.0006199834134399879,1.003185281141833
48,20133,0.00035159347281274944,1.4307462241276991
48,20149,0.00017821059216650804,1.683202532540309
48,20139,0.00046369043519000664,1.4781825839533629
48,20155,0.0006734677814192751,0.5484198965135109
48,20161,0.00099460408501547,0.6913601972897956
48,20169,0.0003838713907381128,0.662792488592719
48,20173,0.0014549384224325573,0.22676520692362476
48,20175,0.00023262870133058033,1.3297872357807612
48,20177,0.0010626675143626315,0.31934754935631987
48,20191,0.0004227436704374704,1.1559141766692573
48,20205,0.00040465776378093585,2.851030544916295
48,20209,0.002812149003209604,0.32664423617975213
48,21001,0.0005164746504855755,0.8733715847273045
48,21003,0.00031331557591612923,1.0118792880365275
48,21005,0.0002462770861894127,1.3085507637166782
48,21009,0.0004426696651640696,0.7133733021887732
48,21013,0.0005144539439551778,0.9100080997570713
48,21015,0.0005107617814754577,0.48607057906952045
48,21017,0.00033701517541000024,1.0810858555299876
48,21019,0.0005991842763090383,0.7149909156589556
48,21021,0.00030926210263281504,1.053686792147269
48,21025,0.0006815907088676918,1.0521685795622029
48,21027,0.00041989596360437066,1.0387164523887107
48,21029,0.0005149506660233252,0.534838731325478
48,21031,0.00023577355700718993,1.1881426158088915
48,21035,0.0003146659048348629,0.82764918767344
48,21037,0.0006553380786218095,0.6663458000030422
48,21043,0.0003638803733831726,1.015953135241832
48,21045,0.00030749211844233393,1.122677583746374
48,21047,0.0005789093865025994,1.1286562963111597
48,21049,0.000500873315556152,0.7728766127952864
48,21051,0.00029422217586388754,0.944168786264719
48,21055,0.0002627652001455522,1.2786286777669789
48,21059,0.0007326347980034975,0.5906624348189012
48,21061,0.00012097779395654857,1.377862097861651
48,21065,0.00025963332578326126,1.3260760199247743
48,21067,0.0014247591277953796,0.2681861627582743
48,21069,0.00028759485808799124,1.5221547589304114
48,21071,0.0005563289804213789,0.8525748456849414
48,21073,0.0005556190295698211,0.6763528747099745
48,21079,0.00022590936297696142,1.3657232996179454
48,21081,0.00015095505927352175,1.9409492350962032
48,21083,0.0004176788416007554,0.6543616670774975
48,21085,0.00043195542782676423,0.9699689533822206
48,21089,0.0005280695768075461,1.2250406294608518
48,21087,0.0002578395863292419,1.1999060747165062
48,21093,0.0005130647921903933,0.5733374476211861
48,21095,0.0007130290235954466,0.8579236401608626
48,21097,0.0002916214713069699,1.2340388028158598
48,21099,0.0003110147807847787,1.1315978859259106
48,21101,0.00044321433047909666,0.9874894239145507
48,21103,0.0004040174432370988,1.1365802272784211
48,21107,0.0006271470279918341,0.7332297654791667
48,21111,0.0031309086683621815,0.401856924487212
48,21113,0.00028192545074258413,0.7893884724983486
48,21115,0.00032248347618546447,1.1236724286563884
48,21117,0.0009662717564657686,0.5564085748077297
48,21119,0.0003410504437683254,0.9692521648088536
48,21121,0.00037858152797273423,0.9541891161171298
48,21123,0.0001425424066373336,1.1390726210286801
48,21125,0.00042222567569144087,0.6592939225698342
48,21127,0.0003408742170700997,1.189615599880324
48,21135,0.0002217694713352314,1.2170647410147875
48,21133,0.00032223133440676587,1.0270374751433322
48,21137,0.0002770714138342148,1.0367661193844302
48,21141,0.00035391003384523925,1.124184051997768
48,21145,0.0004745662142312255,0.6945664374769778
48,21147,0.00014493146318331822,1.1749695345088025
48,21151,0.0004951926582619666,0.7596818113305746
48,21153,0.00015559165585185108,1.1644654340178326
48,21155,0.0002690454008918782,1.1579311643886079
48,21157,0.00048293044725777044,1.2559466065100136
48,21161,0.00027966716342022304,1.231444241448599
48,21163,0.00019814537849450743,1.6415763486611934
48,21171,0.0002566064554556191,1.1157521861539679
48,21167,0.0003564639911719565,1.2633092029935409
48,21173,0.00024731921460646354,1.191178144730804
48,21175,0.00044992612240156893,1.1367722821276223
48,21177,0.0005168252493025902,0.7601574385943592
48,21179,0.0003967461480928768,0.7486968741864579
48,21183,0.00035619436516024227,0.8938035066179167
48,21185,0.000690147290153635,0.5983778464216775
48,21193,0.00032731965235407214,0.9193768357861527
48,21195,0.0010384993287952016,0.5870349862692259
48,21203,0.00021237120364722844,1.0710786170920912
48,21199,0.0006326506515328383,0.5710824151041477
48,21205,0.00012836048944899658,1.1874548179703917
48,21207,0.0002890527267399138,1.1865368518617065
48,21209,0.00041169141793500117,0.6720667302647761
48,21211,0.00028780638640061874,1.4299308227779532
48,21213,0.0001899844993719667,1.363027953864105
48,21215,0.0002417898612604458,1.250776988758469
48,21217,0.00023707678950475437,1.01830389139244
48,21219,0.00022532826367530596,1.3964057802552703
48,21221,0.0001544356249214503,1.068564144507884
48,21225,0.000149950612529275,1.2695620550817217
48,21227,0.0005086959662276862,0.5521421916058422
48,21233,0.00023596058821413925,1.4969237974486562
48,21231,0.0002409315778194155,1.2119259714897186
48,21235,0.00028637300018216773,1.5367999353985586
48,21239,0.00045164332648376103,0.9170300361899187
48,22003,0.0002189992955905724,2.316304227484435
48,22001,0.000536041510970946,0.7101062306188827
48,22005,0.0006308292169601126,0.617796904884847
48,22007,0.00042194838193525594,1.1404074776084447
48,22009,0.000414043439596678,0.8257433610266673
48,22011,0.00042586374126736136,1.1118654278982978
48,22013,0.0003903061805446142,1.6640175421659984
48,22015,0.0004633002812168312,0.5964364466266122
48,22017,0.0010708246052359423,0.3233225472262084
48,22019,0.0005731746410945679,0.4181594008691953
48,22027,0.0003731310405702556,1.3150041059076771
48,22029,0.00024907697737853296,1.5412411012354954
48,22031,0.00044071371327527654,1.067246826180691
48,22033,0.001075436747038431,0.3347482025025899
48,22037,0.00025536543977447445,1.0747363691570064
48,22039,0.00037269171633076193,1.1603888525953783
48,22041,0.0003387078032840822,1.7693839258215853
48,22043,0.000237874207762735,1.2871650761392677
48,22045,0.0004711066066140853,0.7621381715475306
48,22047,0.00032550148498366847,1.1108397414029627
48,22049,0.0003270333954190299,1.399073516221506
48,22051,0.00248780846724538,0.24133071559342487
48,22053,0.00036513363995650436,1.220077801379909
48,22055,0.0006129728465928217,0.38760635178882324
48,22057,0.0007761935756140315,0.8047996785563503
48,22061,0.0005399002807093924,0.6764164502571673
48,22063,0.0007266553326886664,0.5969986344497243
48,22065,0.00029255703375613773,1.6754291095390756
48,22067,0.00038511506782044257,1.1102080630647906
48,22069,0.00044914524202518936,1.0674783676505317
48,22071,0.00726998317411588,0.2600550074752339
48,22073,0.0006273819575569996,0.3958655386986198
48,22075,0.0005234789432749815,1.6447718051667095
48,22077,0.0003133683734299465,1.706081498359267
48,22079,0.0006882480503377568,0.3943845924936067
48,22083,0.0003187727607552504,1.5880457622460835
48,22085,0.0004975521144710844,1.1996827339368121
48,22087,0.0007687914096667201,0.5385444737797284
48,22089,0.0003621899899783627,0.6560004607944346
48,22093,0.00040067346088746756,1.1124812318497923
48,22095,0.00036595301211367803,0.8783102103557003
48,22097,0.0008227897967640057,0.6402852237394245
48,22099,0.00034753728959171316,0.8762815470571979
48,22101,0.0007938837590605361,1.2947527431998531
48,22103,0.0008573205601440637,0.46932097360797753
48,22105,0.0006735843650888999,0.5953598590531961
48,22111,0.0003650999272498814,1.0988646090634744
48,22109,0.0006382622701690934,0.5956895535301925
48,22113,0.00046301584016842935,0.7605344331421549
48,22115,0.0006857295924971248,0.9425333073771243
48,22117,0.000500879104517981,1.0094473302826088
48,22119,0.000492857695828798,1.2459309853197493
48,22121,0.00025849963805082575,1.7172735739231013
48,22127,0.00019827282921035195,2.136063907469015
48,23001,0.0009088570100549725,0.5784840184032501
48,23003,0.002178622694024218,0.8267897485659439
48,23005,0.0022820151786559057,0.7243343874324274
48,23007,0.0006636248911948788,1.0045677805237865
48,23009,0.0017314911913128967,0.6137572783338717
48,23011,0.0017535360485905534,0.5760576889250789
48,23013,0.000764533255813844,0.9054356555242986
48,23015,0.0008522029740407034,1.5250922830613365
48,23017,0.0013146781256551626,0.6318571772683088
48,23019,0.0018803386511464964,0.5157224451208571
48,23021,0.0008940018732024002,0.9652658119373612
48,23025,0.001281112704240185,0.8097307728814828
48,23027,0.0006599079122190021,0.9053034301922684
48,23029,0.0012921732170078607,0.6693204355261325
48,23031,0.0016785521719324197,0.39941058995769385
48,24001,0.0011416912654522657,0.5305878583896637
48,24003,0.0023741696549827037,0.33058904069922196
48,24005,0.005444669181021966,0.3220612113515
48,24009,0.0010161341511903733,0.7349868606983074
48,24011,0.0005049042365982332,0.9137693109024227
48,24013,0.0017549929664195535,0.3463525209744225
48,24015,0.0007314833499709077,0.6744500126866524
48,24017,0.0009190300100740303,0.4806870883470626
48,24019,0.0004384514199428642,1.0701306724513944
48,24021,0.0016528024568926143,0.4265755757011892
48,24023,0.0005536857414249275,1.0655575295392923
48,24025,0.002112040280718543,0.3969333530937449
48,24027,0.0023218341314325012,0.47270833114491256
48,24029,0.00029299970807585907,1.425313158949529
48,24031,0.004709119164515714,0.28476836449402776
48,24033,0.0039433836581835085,0.36523330698227274
48,24035,0.0005838029865245293,0.8015367624187248
48,24039,0.00039125584639222857,1.4584846904317645
48,24037,0.0006621411167918708,0.8098914147416802
48,24041,0.0007445955148405376,1.3875775784860869
48,24043,0.0008672327501979464,0.4724749273050382
48,24045,0.0005844286000896602,0.49952624394459094
48,24047,0.0009807643104991369,0.868604456804089
48,24510,0.005948272881005017,0.2857144321542091
48,25001,0.004731118907727532,0.36124881000369635
48,25003,0.0024849048675421254,0.5301839648018621
48,25005,0.002604357652752447,0.49334922591811486
48,25007,0.0003138640097571802,1.907201239478962
48,25009,0.0031493231447541977,0.49138355824527696
48,25011,0.0014778321448315692,0.9404769188008261
48,25013,0.001983881215446715,0.3272764279912462
48,25015,0.002118149353765688,0.6200122229170564
48,25017,0.007678780576929089,0.6861026854948746
48,25019,0.00026452107231780077,1.189505685904361
48,25021,0.0045972586782529684,0.6623992754348047
48,25023,0.0027516778757529403,0.49381480274497086
48,25025,0.008478566832724384,0.39190515342141785
48,25027,0.0029489671569703966,0.29946244976424913
48,26001,0.0009643264761370234,1.3075203804940572
48,26005,0.0009569299125805331,0.7065714133070801
48,26007,0.0007802669593427103,1.0444614850497167
48,26009,0.0008543455453242957,1.1084698905689139
48,26011,0.0006313445840281763,1.4529745644650136
48,26015,0.0006543966871988112,0.7104920926446093
48,26017,0.0009718417681496321,0.5803952993435179
48,26019,0.0005288805384324746,1.4623581470934346
48,26021,0.0015457188690934118,0.41637632425727183
48,26023,0.0007198680562750488,1.0472057419051997
48,26025,0.0012305210179029112,0.43764305956068456
48,26027,0.0007518015694758255,0.7638346293230754
48,26029,0.001194050655402821,0.9362217857428236
48,26031,0.0008130450766844963,1.0251471636008227
48,26033,0.0005481599010852061,1.819781188995463
48,26035,0.0008908403931936829,0.7838200994938384
48,26037,0.0008702226061721284,0.5772893907257813
48,26039,0.0005160295426532406,1.0404421574957092
48,26041,0.0008460651595216908,2.122181556611153
48,26043,0.0005635807744549653,0.9914821261432568
48,26045,0.001354543600131555,0.6071257352232885
48,26047,0.0005083698896855691,0.9403905583848513
48,26049,0.0032447933565451182,0.35550750593793967
48,26051,0.0008698522308152634,0.8755984784725983
48,26053,0.0006948036534036132,1.3595682039780201
48,26055,0.0008965392593062442,0.6071669321847895
48,26057,0.0006123553903756414,0.9937090447069385
48,26059,0.0006205044848778763,0.8454918710457324
48,26061,0.0006686192082464113,1.0419470253598144
48,26063,0.0011832801920511895,1.1189769109611265
48,26065,0.0030105482746605227,0.5066226159008725
48,26067,0.0004411675285186107,1.2249892375334182
48,26069,0.0011879309849034438,1.0238123315846217
48,26071,0.0007935316270189368,1.189113603799541
48,26073,0.0006057075691567712,0.8786319948035171
48,26075,0.0008213513257337872,0.5432552997292451
48,26077,0.0010884070089125068,0.3052891853139294
48,26079,0.00034384788989275973,1.1786987712899424
48,26081,0.0019407926458065163,0.23424291594276253
48,26085,0.00046431784113504194,1.3763930520451242
48,26087,0.00124991450277444,0.6306239604807917
48,26089,0.0007881063836987721,1.069818681246882
48,26091,0.0009583215594704097,0.7385948955649014
48,26093,0.003140719684254723,0.3977706655617003
48,26097,0.0007148097372841124,1.2605689462930256
48,26101,0.001012508613524965,1.2146761704506126
48,26099,0.004785077602647018,0.2927911600221777
48,26103,0.001033548172147629,0.9398637167695091
48,26105,0.0006973536431164848,1.246645200509719
48,26107,0.0003770343456813233,1.4836877433936138
48,26109,0.0007882092353853587,2.186190146964349
48,26113,0.00037457691006811256,1.4164615499452524
48,26111,0.0008638533576740355,0.6326546667807553
48,26115,0.0012557523293539488,0.4900330356301618
48,26117,0.0009360882026601786,0.8939621455248522
48,26119,0.0007515898032817463,1.4280606856488158
48,26121,0.0009090567394191913,0.4396015837522024
48,26123,0.00107253722112624,0.8907117058222398
48,26125,0.007796178160781102,0.2568257398597028
48,26127,0.0003823006435982942,0.9800155334212262
48,26129,0.0008142213877431726,1.0816302031961909
48,26131,0.0002673686409749345,1.419442624442589
48,26135,0.0006968153033358424,1.330031367914147
48,26133,0.0007558767217859415,1.0466448905310408
48,26137,0.00046063731648480566,1.0438375222080845
48,26139,0.0012299280976017753,0.535692329121725
48,26141,0.0008789410576193168,1.1782220729946353
48,26143,0.00134352114977772,0.867823456309176
48,26145,0.0016201294177783376,0.39844340170178444
48,26147,0.0020648977520785995,0.586669343009414
48,26149,0.0008714495640747771,0.7416018915531168
48,26151,0.0008805025904125239,0.9347374265259007
48,26155,0.0007661836682652883,0.8815631363558031
48,26157,0.001152385635018237,0.7236701796355625
48,26159,0.0007257567692343571,1.2466115974881056
48,26161,0.0027507544092320833,0.3251495996248394
48,26163,0.011699652685755114,0.3383711704228599
48,26165,0.00048384891556007946,1.1146335903309292
48,27001,0.0009936337051670882,1.0858112099299213
48,27003,0.0029344444274539273,0.43071313543204687
48,27005,0.0007998834246312483,0.9740695704311325
48,27007,0.0004080945344117105,1.1284245215662336
48,27009,0.0003652686684273483,1.0958446112092997
48,27013,0.00067492089546075,0.7672109637813317
48,27015,0.0004870555392599196,1.675652742173491
48,27017,0.00037871432911460714,1.0782849962249852
48,27019,0.0009306767529154332,0.6468874412130106
48,27021,0.0008362483470831159,1.0682856807063392
48,27023,0.0002883199764940438,1.188278270718432
48,27025,0.00071545822486254,0.8666091855916146
48,27027,0.0004346699858172136,0.8687648508831488
48,27033,0.0003237581081992953,1.4176628421146253
48,27035,0.0009882503876860404,0.9064078618816773
48,27037,0.002425819174823225,0.27588236956001944
48,27039,0.0004458300893954519,1.1644432476068844
48,27041,0.0007563806376772164,0.8474630098829892
48,27043,0.0008187628804186354,1.8084574056498186
48,27045,0.0007938257347407003,1.1924683842286483
48,27047,0.0009397017578784777,1.08674019746164
48,27049,0.0007120207458497804,1.327562748234297
48,27053,0.005926494407231733,0.36818814430929564
48,27055,0.0005252091423002705,1.9001446923265481
48,27059,0.0004509583028311258,1.0227480910774136
48,27057,0.0008980210572446843,1.7164526260359168
48,27061,0.0008949361633394455,0.828000154353828
48,27063,0.0003732154667550325,1.5809175649003138
48,27065,0.00029691701399790717,1.4685033199195483
48,27071,0.00022596755562509591,3.3693444294601815
48,27067,0.0006301409169229302,1.1762927861942702
48,27079,0.0005144301715842714,1.0610585027409314
48,27083,0.000434181886767158,1.1222572940697422
48,27085,0.000566979436160198,2.3003033705331593
48,27089,0.0004924501988617588,1.6571573453112922
48,27091,0.0006104422969658178,1.315741929196376
48,27095,0.000356547152518778,1.580939980723863
48,27093,0.0005859650910971501,1.413403699508483
48,27097,0.0006434207517262683,1.4168585441772388
48,27099,0.0006981850440016086,0.8467942012770253
48,27105,0.00033770459622522883,1.3469039787956942
48,27103,0.0003251057708981098,1.7158613197145793
48,27109,0.0013643239278325172,0.4198694551629416
48,27111,0.0016160183547273817,0.8032432974267698
48,27113,0.0003748297958453737,1.3338188066384398
48,27115,0.0007390573565277057,1.2065224775626782
48,27117,0.0006016318873986633,1.8419078366736596
48,27121,0.0004333338303599099,1.24919564825926
48,27119,0.0006420148104746627,1.9277818974283356
48,27123,0.002562511116911927,0.31664589036613605
48,27127,0.0006168126544906276,1.564185484230813
48,27129,0.000738975033111547,1.0854470316197276
48,27131,0.0004412440389915501,1.149814216936135
48,27135,0.000499737532437623,1.360258421502116
48,27137,0.0025913175995570005,0.8449425347468659
48,27139,0.0008097976905882267,0.5626028141359527
48,27141,0.0006926465132531057,0.7929276670483194
48,27143,0.00042283441498598874,1.526131899415571
48,27145,0.0008773066187355447,0.6008835630509954
48,27147,0.00043358129031005176,0.9307563378236294
48,27151,0.00039464147106572976,1.9547080251349795
48,27153,0.0007138798516972165,0.9778561359970375
48,27157,0.000601793154226971,1.0296555857762464
48,27161,0.00033621064743397544,1.4389290071452103
48,27163,0.001524484842890624,0.486769686244933
48,27169,0.00044531585585754597,1.0959579811313669
48,27171,0.0007628050040013379,0.8025262761797882
48,27173,0.00039723826334929144,1.5077080744062863
48,28001,0.00041866914475038766,0.8821966335938106
48,28007,0.00046041733727592314,1.2295127737041631
48,28003,0.0004174761816332794,0.9120942479053127
48,28011,0.0004818782604988384,1.3333129602987375
48,28013,0.000345521998993633,1.7441513681083587
48,28017,0.00022333410027768308,1.6326867103085057
48,28023,0.0002278373627096931,1.3257337512504874
48,28025,0.00031046803167975945,1.888620570292815
48,28027,0.0002949164639677324,1.3367372630046934
48,28029,0.00034529425992073023,1.2589948298167117
48,28031,0.00014422499353004858,1.0767114766337653
48,28033,0.0006776765116952754,0.47317758387638115
48,28035,0.0004081769050245313,0.5909248854317779
48,28039,0.0002638150600479337,1.3176164699602486
48,28043,0.0001840253022024258,1.4636864837440096
48,28045,0.0002846163029709575,0.9841489894543773
48,28047,0.000710718835520173,0.3978606443992948
48,28049,0.0011544194442125893,0.27598167247857286
48,28051,0.00038380604305393373,1.2414621411386406
48,28057,0.0002595238735671387,1.0181090619498472
48,28059,0.0005615172940332294,0.6559212577161576
48,28061,0.0002552606126034215,1.3653746020048676
48,28067,0.0003941020203991977,0.7457873598483642
48,28071,0.0003359419370740565,0.9838746723832789
48,28073,0.00038140378061145996,1.0334479035493906
48,28075,0.00046714480177250495,0.7088355250729109
48,28079,0.00019015593691181377,1.0252804300669
48,28081,0.00048621619941877146,0.545525665559738
48,28083,0.00032265353922924324,0.9437375245099943
48,28085,0.00029038030967687336,1.3115903124865818
48,28087,0.0003569660897039234,0.748095735945987
48,28089,0.0004107883479196608,0.6653790543544763
48,28091,0.0002719933871326462,1.3849973861798166
48,28093,0.00023692286446518252,1.6088700930428452
48,28095,0.0005142890107385007,1.2385116044464881
48,28099,0.00039690539182506726,1.1286106439545716
48,28101,0.0002729513595605044,1.3355527717402096
48,28105,0.0004865865724311479,1.0172336020943948
48,28107,0.00030739506808871107,1.2692305504421109
48,28109,0.0004461145083234567,0.9837225608203075
48,28113,0.0003242682615622383,0.9410880707911117
48,28115,0.00035199205283620473,1.0859278320200305
48,28117,0.0002699190918184512,1.1879073043282746
48,28121,0.0005550375917826995,0.40189981201741287
48,28123,0.0003280649585399898,2.1110068153353794
48,28127,0.00026299179186919697,1.0456929020087014
48,28133,0.0002831073780935772,1.3739489128825577
48,28135,0.00019296047743447563,2.815467519066559
48,28137,0.0003368634260740321,1.303293229250882
48,28139,0.00018443584837771982,1.2946946327053348
48,28141,0.00017527560552206057,1.519563367796064
48,28149,0.0005942479664051245,0.8056150414773027
48,28145,0.0004144069108035906,1.029015087860754
48,28151,0.0009097920145562828,0.6889710747276815
48,28153,0.00024448545055847173,1.2878208128654405
48,28159,0.00037226330608116585,1.394272821724352
48,29001,0.0002647690267240701,1.0651831273366594
48,28163,0.000274129944636014,1.1828414894519794
48,29003,0.00029755628646306777,1.2718389618838315
48,29007,0.00043864240956747845,1.0780401145108423
48,29009,0.0003226746865619772,1.1781592642775078
48,29013,0.00021487765514421336,1.3414260423376294
48,29015,0.00047338409006825345,1.114470961113709
48,29019,0.0008727601957996191,0.4766345573514908
48,29021,0.0008108169064300867,0.41951734641713734
48,29023,0.00044137873403251915,0.7723321453368971
48,29027,0.00034481433399653516,1.065049566238922
48,29029,0.0007845387446416812,0.8008606884820386
48,29031,0.00039734152943828006,0.9378039775135638
48,29037,0.0006145301437164437,0.7296517814783315
48,29043,0.0008228687951274112,0.6380198948882386
48,29049,0.00024886966866345726,1.4644800872944939
48,29047,0.0011388611133598347,0.39409345326551826
48,29051,0.0005023714064202285,0.6636170071225593
48,29053,0.0002623288130387457,1.4148672461528464
48,29065,0.00014621224157325007,2.2433377038742637
48,29055,0.00029144906678692375,1.018379557039529
48,29069,0.0006122121135008691,1.4087129986721934
48,29071,0.0008227199050323016,0.7463614897099965
48,29073,0.0003541678761229166,2.2073348604004446
48,29077,0.001483274450308055,0.3759056120928073
48,29079,0.00024742066437763254,1.5455202181373713
48,29083,0.000415696711424606,1.4344454357790715
48,29091,0.0005937645873133219,1.1793252797273661
48,29093,0.00034267255464070633,1.6596471360039209
48,29095,0.0027546187866812344,0.39677682830522937
48,29097,0.0006446955519508498,0.631964605146651
48,29099,0.001623443494824735,0.4485903449254946
48,29101,0.00027701293662026494,1.4297036859261298
48,29105,0.0003099293340066829,1.2261235458076751
48,29107,0.00042825308333404043,1.2958698067404002
48,29109,0.0003249031752177108,1.5687692839907448
48,29111,0.00026280750300415335,1.168204627489963
48,29113,0.0005185788473150097,0.8140573168222337
48,29115,0.00040874101150859264,1.332209622152252
48,29117,0.0002982302039251082,1.2002627327473736
48,29119,0.00024391750039760268,1.2827918107738014
48,29121,0.0003824320288719947,1.682333816335641
48,29127,0.0005006583483035021,1.8022823187815835
48,29131,0.00030356862488656235,1.6257945358038874
48,29133,0.00018709730237551474,2.3934414459143207
48,29135,0.0001900342236059201,1.4247003495682877
48,29139,0.0003235301656638446,1.4255341140563034
48,29141,0.00021027462971890182,1.4087056430821645
48,29143,0.00041059296287159044,1.2894506711572002
48,29145,0.0006334049882193553,0.9332788075021853
48,29147,0.00017689176672610335,1.944893406232668
48,29151,0.00028852438409198675,1.3796315856654824
48,29155,0.00047505859916800464,1.369271324248452
48,29157,0.00034884746859570537,1.5135520201611277
48,29159,0.00045617053622740514,0.6622030622995727
48,29161,0.0003031082298624579,0.8148430127039538
48,29163,0.0003217656287001078,1.4012509813476386
48,29165,0.0005871937315634598,0.4892262878613581
48,29167,0.00025044374512145487,1.3621475234812803
48,29169,0.0003238552620105296,1.0455448204300566
48,29175,0.00032769532963136737,1.141556846355753
48,29177,0.0002659618744153195,1.2588939240455215
48,29181,0.0002794318069771429,1.2227215096540576
48,29183,0.0018756829148243366,0.41207196220700304
48,29186,0.0002154075241735866,1.5109725047973328
48,29187,0.00045475317927718073,1.0339829059983614
48,29189,0.004336681381674561,0.37780554777391223
48,29195,0.0006093899722554128,1.063854119831469
48,29201,0.0005115550443813055,1.2761849721954737
48,29207,0.0005603847029872786,1.21596138363826
48,29209,0.0005104900163599274,1.1986888375267393
48,29213,0.00044092174474748123,0.845900451222049
48,29215,0.0003033727424395278,1.2239719926359758
48,29217,0.0003762078442288165,1.5429889378105153
48,29221,0.0003512441555249186,1.1623067708256656
48,29219,0.00029030119701046564,1.1583288295963545
48,29223,0.00028226175992522487,1.177177379225175
48,29225,0.00041003941761922323,0.847384932376002
48,29229,0.00023223272822913576,1.4782754570783467
48,29510,0.003918025522276166,0.39030990321338366
48,30003,0.0003784883524043241,1.293775266813052
48,30005,0.00035884633710746663,1.1166515975597924
48,30009,0.0005610942896554667,1.3404596772277582
48,30013,0.0006904945082921077,0.4290331200125073
48,30017,0.0004964287189014189,1.2760743651028175
48,30029,0.0009650778079908599,0.8099372419800445
48,30031,0.0008630210440783617,0.6200109668593635
48,30035,7.867164102414433e-05,1.4997399255514865
48,30041,0.00024461013932646516,1.3077554413909531
48,30047,0.0004222212269851783,1.1039304626887663
48,30049,0.0006285199135019928,0.6794271953250507
48,30053,0.00039605921144762225,1.011545103417638
48,30063,0.0008570098994911701,0.6078306963415074
48,30067,0.0002891582049874004,2.1457447031566903
48,30081,0.0006768765781548163,0.8242078670953682
48,30087,0.00018181758901317086,1.918643425356524
48,30083,0.00024793841448080646,2.1379564719262913
48,30093,0.00045464445350311145,1.0887609578682669
48,30111,0.001083532390146484,0.5118498551973374
48,31001,0.00039087100367252836,0.635544106532901
48,31019,0.0004132981231183404,0.8917352814133067
48,31025,0.0005166836502665848,1.6309835243777238
48,31041,0.00030511115097599294,1.2501012917826428
48,31043,0.00015684995769325215,2.1479180684202235
48,31053,0.0004284490029874538,1.164401684994308
48,31047,0.00030625113745144075,1.7826488727308216
48,31055,0.002155219935345695,0.40324666842036466
48,31067,0.0005402210623456429,1.0904135127824597
48,31079,0.0005122939896610092,0.5699793278707896
48,31089,0.0003060104026086503,1.2319436559025574
48,31109,0.0014980817129928092,0.42223164208844094
48,31111,0.00039826107811919163,1.2118513653249527
48,31119,0.0003785801635699746,0.822861763981694
48,31131,0.00038146543876141803,2.2992975405711547
48,31151,0.00021164824408036303,1.1940798117810152
48,31141,0.00038880336365309566,1.090264096379147
48,31155,0.0003890575860699844,1.0781563854394474
48,31153,0.001411675139424832,0.5019485115829266
48,31157,0.00048377558003182377,0.7016847555801214
48,31159,0.0002469774671337729,1.6790912423860684
48,31185,0.0002444284970118694,1.2167496644416982
48,31177,0.0003147763678984675,1.3692053449217103
48,32001,0.00023126095913674911,1.1556601812507838
48,32003,0.004227837410146321,0.23171077127564335
48,32005,0.0011238238528016335,0.8118443827419609
48,32007,0.00042818000431333957,0.9885410671053838
48,32013,0.00011119307269564732,2.4775037064409178
48,32019,0.00031332035636432175,1.0328479709825096
48,32023,0.0005377874860384346,1.40818917996506
48,32031,0.0019133736000236192,0.28438417373815505
48,32510,0.00048033988593460355,0.615979758204686
48,33001,0.0009554614256066654,0.5993453934227777
48,33003,0.0010715112108436195,0.8770638152188328
48,33005,0.0009270722026591731,0.6813450117847835
48,33007,0.0011115580296193622,1.0937395939658614
48,33009,0.0013528798244496132,0.7503072726413523
48,33011,0.00207941586261029,0.3999980986028757
48,33013,0.0016323064125036719,0.4453757545744292
48,33015,0.0029859142715216408,0.4973207410958248
48,33017,0.0006269678428543532,0.6451885901657874
48,33019,0.0005536697854960313,0.8295987976659747
48,34001,0.0015507558665915834,0.5098431602903746
48,34003,0.005580065684591915,0.39972289480604917
48,34005,0.0027282681961218564,0.35336717283156804
48,34007,0.0021160057256565273,0.35907028667618696
48,34009,0.0023027185243747602,0.5405084379876629
48,34011,0.0008298630656908825,0.4381755747772682
48,34013,0.003369563211482857,0.45669273618982964
48,34015,0.001685357476502248,0.3579227516288544
48,34017,0.005265722127784603,0.3295406969654966
48,01001,0.00039137888948582035,0.7690841589296885
48,01003,0.0009055975311923057,0.4218409532012646
48,01005,0.0005569498228087007,0.9237982974293987
48,01007,0.00015129713138148943,1.3804861082321247
48,01009,0.0004978085795442382,1.0481803738218958
48,01013,0.000559537006515274,0.921977942758042
48,01015,0.000763617777104495,0.38396618511109143
48,01017,0.00047678292889566907,1.1830420225641796
48,01019,0.0005276645754960543,1.0022441339377353
48,01021,0.0005161096747745852,0.7747955657152034
48,01023,0.00031017618732657326,1.5150652879689808
48,01025,0.0006043751067747982,0.9212069293778814
48,01027,0.00025291451317851934,1.3232317017465425
48,01029,0.00024224519046334497,1.2472904640507296
48,01031,0.0007097149473417932,0.8225879388029622
48,01033,0.0006062225022842991,0.7207160113390269
48,01035,0.0003445277801714223,1.0001248342797444
48,01039,0.0008110540122192902,0.799772919917334
48,01041,0.000548587774452447,1.2399222922230966
48,01043,0.0008120315559796489,0.5824428293651615
48,01045,0.0006008872813232733,0.6744853473747372
48,01047,0.0006432124076520482,0.5873409803372789
48,01049,0.0006306648334166788,0.6960318066555986
48,01051,0.0004932653214934986,0.7182569977224108
48,01053,0.00042224305181029763,1.0945333089933396
48,01055,0.0008855312469779437,0.4475039707231977
48,01057,0.0003728400876876826,1.2341853185338156
48,01059,0.00048351350305904215,0.867265469976332
48,01061,0.00047261276422194687,1.2735045162003256
48,01065,0.0004561329744812549,1.2469270444847733
48,01067,0.00036544516786941417,1.1810623412461894
48,01069,0.0011845136094982838,0.4595633416230881
48,01071,0.0007052817973186678,0.818290812479691
48,01073,0.0021699352442672362,0.25148137719625296
48,01077,0.000679697250965051,0.7283921958234323
48,01079,0.0005103936054329595,0.7459797059521829
48,01081,0.000651487259327699,0.866894264568607
48,01083,0.0004968045799689727,0.6768982263318988
48,01085,0.0002890139792560655,1.220321558778336
48,01087,0.0009804609539535462,0.7680076547864387
48,01089,0.001259811193837849,0.277063569590614
48,01091,0.00031535652720761674,1.1069998927482134
48,01093,0.0005207019692217347,0.9621206512327293
48,01095,0.0006586538616200202,0.6529074680235961
48,01097,0.0017287810499474773,0.3220043285108008
48,01099,0.00038979130655435044,0.9769584803307582
48,01101,0.001314715836253692,0.31977712893757426
48,01103,0.0007165401167923633,0.5048548658184079
48,01107,0.00035036848752143033,1.314073565520784
48,01109,0.00031924531534949354,0.7649416862127968
48,01113,0.0002702240314246932,0.7262390621978793
48,01111,0.00041099586804214374,1.1725204806356029
48,01115,0.0004993218896703264,0.7142055585166084
48,01117,0.0009072523324468886,0.3840312113576134
48,01119,0.0001684866597195122,1.5070255630022094
48,01121,0.0008658198832360065,0.6585078112575665
48,01123,0.00048316372509855433,0.7251983847316914
48,01125,0.0007997522609602348,0.3964526364318149
48,01127,0.001058128660604396,0.5015368175098919
48,01129,0.0002927583765189096,1.512220909749115
48,01131,0.00023201620838492155,1.3982652522205639
48,01133,0.00044485240210548273,1.3334034701794113
48,04001,0.0009682437801859685,1.3234875148726668
48,04003,0.0009801563761390915,0.5853356633184215
48,04005,0.0006873262037519042,0.7047586632671002
48,04007,0.001055085050019653,0.8560904194214051
48,04009,0.00027289008812525495,0.8808596385791478
48,04012,0.0009424835244303515,1.0813129212742936
48,04013,0.008203973607729523,0.22011179150864202
48,04015,0.002523445606380512,0.5742199403358083
48,04017,0.001151663495543776,1.1098536125528145
48,04021,0.0014884833066512258,0.531462137129742
48,04023,0.00025159863402509584,0.8619423211294464
48,04025,0.0028329608554631615,0.46463478696769595
48,04027,0.0015910888027591704,0.5745071828550947
48,05001,0.0005624737138657851,1.247958437063759
48,05005,0.0008999837977941279,0.7195673959696909
48,05003,0.00039935193387391786,0.9567217409396024
48,05007,0.001087298168568603,0.3622676653587451
48,05009,0.0004719996977669785,1.1177295393646982
48,05011,0.0004258833093989345,1.2181461657400332
48,05015,0.0002275660524058465,2.6842030504120107
48,05017,0.0002993058273851078,2.1694063134917703
48,05019,0.0003079573159563793,1.4425356258016997
48,05021,0.0004991910866608067,1.8843766081483284
48,05023,0.000505321974023657,1.0128631821639476
48,05027,0.00028044289542549064,1.7569002510078975
48,05029,0.0003856128877695152,1.1549142666522527
48,05031,0.0005619411690388241,0.5561634384218354
48,05033,0.0004254591405323601,0.8211341373322685
48,05037,0.00039707079192814076,1.209054740755075
48,05035,0.0007566946490215122,0.6037297060942067
48,05041,0.00032544063269079117,1.573357073451293
48,05043,0.0002196420023838967,1.3338746584485162
48,05045,0.0006567124351750833,0.626278616873907
48,05053,0.00027850840330047874,2.397058059661335
48,05051,0.0007495009338994803,0.4832162204392803
48,05055,0.0002926330657377246,0.7535759683785571
48,05057,0.00022065591614742387,1.352299308506164
48,05059,0.0003770527358302689,0.9631383465340322
48,05063,0.000342395852369585,1.014443915799073
48,05065,0.0003138904865893141,1.0946156154462985
48,05067,0.00033543559597433616,1.240163790609391
48,05069,0.0007614673964819096,0.46585392654468094
48,05075,0.0003831298035578541,1.3322330355525192
48,05071,0.0003474476725929456,1.1248012017561266
48,05077,0.000218716122832144,1.4106965338099535
48,05079,0.00018674333893410494,1.905897886774045
48,05083,0.0005243113758815905,2.493974705935792
48,05081,0.0002573845552238394,1.667547443186468
48,05085,0.0005039261736575745,0.7441166055575417
48,05087,0.00028947757031362907,1.1144560260990108
48,05089,0.0003097978545540413,1.3145554235719434
48,05091,0.00036485952952561654,0.6581288639084292
48,05093,0.00047145333046734895,0.9021539889338573
48,05103,0.0003214050462982089,1.0165164293248072
48,05107,0.00027076197752314615,1.2262071783703505
48,05111,0.0004111676786089411,1.519252114937459
48,05113,0.00041514089065487894,0.9775240934106026
48,05115,0.00044999104967827664,0.7700828154602318
48,05121,0.00022696611942644307,1.5566559466812042
48,05119,0.0013709982210276489,0.29681565106200963
48,05123,0.0002442181723892488,1.320147401360187
48,05125,0.0008039837808082256,0.4291900851851737
48,05131,0.0005858819918488669,0.5401522223322518
48,05135,0.0002479686296129059,1.428073126802788
48,05133,0.00018484769431352594,1.7521372762850644
48,05139,0.0005213229776539934,0.8387953101292459
48,05141,0.00044510976543244807,1.3122970790227588
48,05143,0.000922830358013837,0.6432192750782144
48,05145,0.0005165299809566362,0.6866178461843793
48,05149,0.00036083071766840634,1.0847216236345498
48,06001,0.005664726574791636,0.6906766018518602
48,06005,0.0006598111828259892,0.8993881051784364
48,06007,0.0012562463874241604,0.8033537122112493
48,06009,0.0007873530532149473,0.9411861478039625
48,06011,0.00024306549704945662,1.2411065824697411
48,06013,0.0029928578789588807,0.40770169431933867
48,06015,0.0003128352665053075,1.1618089047327873
48,06017,0.0015742699614968467,0.8279167232248325
48,06019,0.0023820398795593627,0.230781116886126
48,06021,0.00024358393161226033,2.2583229425124616
48,06023,0.0012078608812136342,0.49352299146312695
48,06025,0.000863828837796206,0.5717646688094142
48,06027,0.0005220574238992959,1.949349951807117
48,06029,0.0017193694273267117,0.2795639172992495
48,06031,0.000609309129950615,0.8344881313353643
48,06033,0.0008266522633857189,0.6828808052471564
48,06035,0.0005457457579861102,0.7671627933379361
48,06039,0.000596131575542404,1.0829958681252887
48,06041,0.0030950950058760674,0.3780689295888576
48,06043,0.0004756085579603786,1.1007963030896892
48,06045,0.0008880674111494369,0.9542315395468736
48,06047,0.001107864876400367,0.4208729734891936
48,06049,0.00033405553030565284,1.5108662943346414
48,06053,0.0015536109745611696,0.717897696750808
48,06055,0.0012085014416191489,0.563263872747843
48,06057,0.0012699487945234083,1.173241630384056
48,06059,0.007419207538950351,0.3015857682564661
48,06061,0.002552071544955024,0.38187730150974203
48,06063,0.000578983485052857,1.2982753484257543
48,06065,0.004614166025623108,0.45455725344743064
48,06067,0.0025992515836492326,0.2145854989291423
48,06069,0.00041392315661351655,0.8238399616544854
48,06071,0.003583978908704287,0.22705143127235797
48,06073,0.004795569420118502,0.23184898632531792
48,06075,0.010974800014109162,0.5471094204525325
48,06077,0.0014208698795568195,0.29635984311987146
48,06079,0.002328607734799542,0.597670215585422
48,06081,0.003595646813149963,0.3948794460234425
48,06083,0.0015437201921682372,1.063416905264391
48,06085,0.007668096517543311,0.36011484230907215
48,06087,0.0018254871912449296,0.9971308238378698
48,06089,0.0020371764211167395,0.4272290341063124
48,06093,0.0011061147716011268,0.8366399245244865
48,06095,0.0012937920222291842,0.3875578654199583
48,06097,0.0028518348270069166,0.35831207053004993
48,06099,0.0012316700517367018,0.31724846263677087
48,06101,0.0005953295398863614,0.5221709885883625
48,06103,0.0005550267962535462,1.0618273820051272
48,06105,0.0004165635552473985,1.6818304196955316
48,06107,0.0016638734057528009,0.35262797607544927
48,06109,0.0006691790404863833,0.8644051897794677
48,06111,0.0019112726643930329,0.4370787269811896
48,06113,0.0010827335267731665,0.9059060876351037
48,06115,0.0002911695182145662,0.7476488355809136
48,08001,0.0012927387777670685,0.31522025269695
48,08003,0.0001067279116227432,1.9265305167541777
48,08005,0.0030079807383053703,0.32626179885471923
48,08007,0.0003070125985183867,1.725214053692074
48,08013,0.002278905254826542,0.6285965953605223
48,08014,0.0005912580671362295,0.5431918396217823
48,08015,0.00042700270532011986,1.958781757356155
48,08029,0.0005933474324395107,0.9679243249058262
48,08031,0.00406745746466116,0.3049044600140756
48,08035,0.002403190967595992,0.392009982451831
48,08039,0.0005659396211686407,0.9077971966131287
48,08037,0.0005020460818719967,0.7101268959633249
48,08041,0.0019927584286357253,0.3083648217658996
48,08043,0.0006964242635107865,0.8611404647906558
48,08045,0.0004411651914529637,1.2512672725385954
48,08051,0.00012038656048934058,1.6763281525355365
48,08059,0.00458130107529246,0.2835645923316788
48,08067,0.00043702838032033675,1.0111446709615286
48,08069,0.0019273347345173785,0.49725597875838967
48,08071,0.0005354269861620354,1.4019320931411605
48,08075,0.00024874121293392724,1.0529319484293727
48,08077,0.0010783669996517911,0.4887912382020864
48,08081,0.00017398840720107971,2.089550723316213
48,08083,0.0003804837026567167,1.5520273795291313
48,08085,0.0005147344445028134,0.8745572633609713
48,08087,0.0002952633584035306,1.349805666210971
48,08089,0.0005049218236229815,1.240183498134855
48,08093,0.0003451965877680235,1.4683875636199288
48,08097,0.0001571361795274036,1.8701352875359423
48,08099,0.00037086282887340694,2.0334424650892142
48,08101,0.001351825898844158,0.3270447585650313
48,08107,0.00048777755940811494,0.9690631233840701
48,08113,0.0003320793553831313,1.7561270094318555
48,08119,0.00042940864388438395,1.4077121094215854
48,08117,0.00044803885845955414,1.4701597334271255
48,08123,0.001278781466198202,0.4734222174512808
48,09001,0.004095040858601958,0.40192654571317055
48,09003,0.003288382202948501,0.3053141908701729
48,09005,0.0026092766984611416,0.3826137220931287
48,09007,0.0017432612203038297,0.6615102130463401
48,09009,0.0027831693262654806,0.3496066105352138
48,09011,0.0015498298296694637,0.36798763714715677
48,09015,0.0008772363007892172,0.8854885388477759
48,09013,0.0009965636837898808,0.5878203257303052
48,10001,0.0005208940613400686,0.4241010045255234
48,10003,0.0018865423242509238,0.36286192317253185
48,10005,0.0035531515246838563,0.9103565622644957
48,11001,0.008548749773351336,0.4615559315023933
48,12001,0.0021426100930510873,0.4834541283479867
48,12003,0.00023189206748467083,1.2957057463065857
48,12005,0.0010071519090884351,0.3800119333546647
48,12007,0.00024427957395669085,1.2132056081400588
48,12009,0.004657996430887273,0.25415493389187044
48,12011,0.005042592937118218,0.1987110917990434
48,12015,0.0043808803567818135,0.4755660792946674
48,12017,0.002594048488528906,0.41150702652379306
48,12019,0.0007615147006279755,0.46778980995595787
48,12021,0.005655191038990308,0.4858539220578481
48,12023,0.0005000512713051811,0.720456351770063
48,12027,0.00041262166694246963,1.041917984121582
48,12031,0.0018459543734726642,0.2520716844284592
48,12033,0.0013961077286534646,0.2665231121488454
48,12035,0.0015129623184009081,0.5854198470197004
48,12037,0.00020983866549674035,2.6823733428779515
48,12041,0.0002340136792908075,1.4023773654967602
48,12039,0.0004683067656592728,0.9605155178639707
48,12049,0.00028074164857987296,1.3186512438093354
48,12051,0.00014452733260068184,1.567466429950828
48,12053,0.0025714431212632426,0.498511470441873
48,12055,0.002028601820973915,0.4454327190478139
