src_state,tar_geoid,mi_shift,moran_shift
54,34019,0.015209247702675264,0.6271978166215252
54,34021,0.01918839798992684,0.861442040454878
54,34023,0.03260519079308661,0.6912671249745806
54,34025,0.024814816758267442,0.46970116764435427
54,34027,0.03266826566464377,0.3584820484368715
54,34029,0.03623122332723221,0.8131921434088145
54,34031,0.031526634774616064,0.862811711562477
54,34033,0.0053637361862845815,0.9049320562107792
54,34035,0.026403721267499996,0.3787764511551259
54,34037,0.014900063940039319,0.4022850487413473
54,34039,0.02920081337414821,0.8561463189470565
54,34041,0.007807178532733179,0.6843196102295241
54,35001,0.02285636498036378,0.6909052610621984
54,35005,0.005450455612048422,0.6342247944931686
54,35006,0.0035890173241766563,1.8438274479359347
54,35009,0.005669135215317167,0.8018311879204599
54,35013,0.01717319727518246,0.7025843824677193
54,35015,0.004634300213101913,1.1066237867100792
54,35017,0.0029708813091300686,1.3415523846263149
54,35025,0.011376915978112377,0.7138890437410224
54,35027,0.001947473369138351,2.546699412325058
54,35029,0.002315707483225034,1.1325157884610448
54,35028,0.0022507087108520805,1.8337594345482184
54,35031,0.014439989897543606,0.8336742514155361
54,35035,0.0036199416995038175,0.5667883432280949
54,35039,0.0043533415326614915,0.9814237575817218
54,35041,0.0027138016538268525,1.8275858462511854
54,35043,0.007024967307520635,0.470106611823605
54,35047,0.0032951460210017976,1.0887632254664803
54,35045,0.01197929822824965,0.5452001736740392
54,35049,0.015798024914031705,0.6700324783273617
54,35051,0.0029028572331556745,2.454302587989317
54,35053,0.0026333107360082533,1.541707620597262
54,35057,0.0012606264618185321,1.626032737975545
54,35055,0.002554272017420786,1.2925831911853098
54,35061,0.0068991689647244685,0.6368613510828082
54,36001,0.015765385486932338,0.6256028349913068
54,36003,0.004729322140661478,0.704459137763915
54,36005,0.07131987156501172,0.5504464561343696
54,36007,0.007639599313884345,0.4551398208173532
54,36009,0.00439825374104161,0.6449706110797502
54,36011,0.0060337409509787325,0.7742807565517562
54,36015,0.00508692481713301,0.5622555694966395
54,36013,0.006778945918810096,0.7154228216578009
54,36017,0.004884810946478939,1.3660481913001283
54,36019,0.004253456141266893,0.976359117661888
54,36021,0.006716209695390826,0.8418289891851148
54,36023,0.0029566076783059847,0.9681433257284504
54,36025,0.005678451281158697,1.3817561423379394
54,36027,0.015013926893729074,0.6059963682121349
54,36029,0.02002415995333368,0.591570076148489
54,36033,0.003748143685652762,0.9043116050226233
54,36031,0.005139525930225398,0.8460234281832607
54,36035,0.003517510422926435,0.8574877911534904
54,36037,0.004911775479298463,0.7177562632905704
54,36039,0.00455430733807712,0.9716848635207472
54,36041,0.00402656798395832,1.813859944728787
54,36043,0.005320523429272612,0.6260467870444621
54,36045,0.011567826816355329,0.5789129632631952
54,36047,0.056505989189524736,0.7754644444347568
54,36049,0.0041232521833597215,1.1102843845273167
54,36051,0.0026728896343881747,1.071670808696938
54,36055,0.026011094016124874,0.6898385576583401
54,36057,0.0041262053106891974,0.8886731684878603
54,36059,0.04375598625419285,0.42611996324449924
54,36061,0.10322552539406854,0.7969919844071376
54,36063,0.008666542492916169,0.6377159635278458
54,36067,0.016715438387227836,0.7258748532454653
54,36069,0.005909982732081377,0.7226755928310563
54,36071,0.023199165239761968,0.94802423111524
54,36073,0.0032154594783094003,1.6331909668321465
54,36075,0.006522042702345783,0.7149522375713024
54,36077,0.004955836690211811,1.5936821053059405
54,36079,0.012106176419854635,0.6100533538485186
54,36081,0.04955096331023113,0.6180732656778071
54,36083,0.007088078047745373,0.9914237041121873
54,36085,0.02378270846209039,0.5148426401176074
54,36087,0.023276542622212317,0.971929782295916
54,36089,0.005863302989900634,0.9601528613629281
54,36091,0.01240572426465388,0.41858730839352926
54,36093,0.010539185833650837,0.4504060112891141
54,36095,0.0031595508504075067,1.154869948656129
54,36097,0.001994912306777957,1.2615103994123393
54,36099,0.003920837017879851,0.9828518883028696
54,36101,0.006455208376944306,0.8710517064757323
54,36103,0.03735743714593334,0.49336235850060683
54,36105,0.004178555283119035,0.5059305542828775
54,36107,0.003698190290466588,0.9103820394417326
54,36109,0.014223698843399883,0.8465676376756144
54,36111,0.00789179652908814,0.5889699197991495
54,36113,0.0052973274872033385,0.9798939800944815
54,36115,0.005248119019453569,0.9169332698404326
54,36117,0.006362480842097788,0.7224429559782302
54,36119,0.03176354007180013,0.4928599113895435
54,36121,0.0038243659497251815,0.7316093191498729
54,36123,0.0035781492431068234,1.2482220743380985
54,37001,0.006093219191694743,0.48078053784431796
54,37003,0.0033674363009521483,1.0278367055143327
54,37007,0.0019732014156947646,1.021350998993463
54,37009,0.0025305259638693637,1.262402272793815
54,37011,0.002072314147229475,1.2623292006676612
54,37013,0.0027490451674348007,0.8280563307627824
54,37015,0.0014447265983990407,1.7533702098608073
54,37017,0.0033392573182796977,1.2467756205213796
54,37019,0.015717197868198893,0.9380495427711728
54,37021,0.011781605546843628,0.384319559988083
54,37023,0.005581081179241602,0.5564820569193558
54,37025,0.012064144661613813,0.39433251474548725
54,37027,0.005607314557078139,0.5961433713763862
54,37031,0.01982885592256175,0.4384392832096539
54,37033,0.0020151563434346134,0.9617360581451168
54,37035,0.00918963618522532,0.43210103140343836
54,37037,0.00403463821498963,1.2210800276047005
54,37039,0.003305598151821119,1.3663373566767507
54,37047,0.0041763943363493485,0.7045253738278915
54,37045,0.006213614738436242,0.5751052582280464
54,37049,0.004493895783673402,0.9694818062599382
54,37051,0.03269009811629011,0.9391671865487451
54,37053,0.0015750113789047369,1.0366107891938003
54,37055,0.004616619204601661,1.5317751238851778
54,37059,0.003074281943357175,1.107450405362996
54,37057,0.008990168204413977,0.46362878833932086
54,37061,0.0042458310930944985,0.7707537232863664
54,37063,0.027963992951593727,0.4799308255778027
54,37065,0.004685832389054975,0.9406874109491372
54,37069,0.003770811742442243,0.8083664497527068
54,37067,0.013933582911567505,0.5993474534671884
54,37071,0.013333634450827764,0.4010796367724657
54,37077,0.002876513332942566,0.7741578885719688
54,37079,0.001991868451811064,1.635710974333183
54,37081,0.020113080897440568,0.44343986567785226
54,37083,0.005004588487531775,1.0280829382364707
54,37085,0.010777009800234154,1.0528048397899192
54,37087,0.004760622581232733,0.565135702924494
54,37089,0.009319802769467258,0.4083571253864985
54,37091,0.0016370695842107144,1.2158282154677136
54,37093,0.005769485776414185,0.8451139799341032
54,37097,0.011573581898434738,0.5478663557510216
54,37099,0.0023452883274456228,0.9396477658314574
54,37101,0.01637597313104146,0.6630841213606303
54,37105,0.004178688237314806,0.763024428163743
54,37107,0.0033804767143021585,0.7525433529233809
54,37109,0.005976427548627823,0.8499655892446268
54,37111,0.004286116824347248,0.9019179816429447
54,37113,0.005212392571971468,0.950497906507136
54,37115,0.0023766011384356504,1.1535936076383366
54,37117,0.002247971235261371,1.205954084857797
54,37119,0.053950957422024964,0.5156738742308539
54,37123,0.0017814873923499071,1.3948197030721212
54,37121,0.0013396002411362549,2.060364364003415
54,37125,0.006678981711665351,0.6735587627604878
54,37127,0.006503565737643729,0.6653342474553396
54,37129,0.011703506895535674,0.43292650812069045
54,37131,0.0022207695107690616,1.611618012020794
54,37133,0.030849182093301074,0.4615920530664028
54,37137,0.0016054677517220429,1.6065423339197205
54,37135,0.013805236567585304,0.8488449791962891
54,37139,0.0019265210758309514,0.989397908538244
54,37141,0.0031963108193429255,0.9318004727505003
54,37145,0.0026119524461449563,1.1535252273993546
54,37147,0.01026302026669714,0.5155933219033082
54,37149,0.004233108615775795,1.2615081763854628
54,37151,0.008575183963663737,0.5014375840890223
54,37155,0.012978210558635015,0.48249523777333725
54,37153,0.004830256081051303,0.7399658602384034
54,37157,0.0056978262841829806,0.5260415467229308
54,37159,0.006412702801772427,0.4146732644720869
54,37161,0.003391216883946015,0.7729421091369564
54,37163,0.007533941497048273,0.7552686157132651
54,37165,0.0038714899275862943,0.9486524251044892
54,37167,0.005176891440961464,0.7444888672806381
54,37169,0.0037267959621598186,1.0709549400463823
54,37171,0.00523831509176132,0.6796028137945254
54,37175,0.002818141182113264,1.0379835379500733
54,37173,0.0008193242159413026,1.1166598779423156
54,37179,0.024759577191799827,0.6090162873048782
54,37181,0.002438776793817272,0.7701904213173023
54,37183,0.05294630570966353,0.6518079498143493
54,37185,0.0025173291931262385,1.4725864175809333
54,37189,0.004461096144658985,0.731386073164354
54,37191,0.007770503158041448,0.4177454770504858
54,37193,0.005354216440654783,0.6362421102744061
54,37195,0.0040563529520225745,0.6645845299563122
54,37199,0.0021100170930018693,1.4686655111333968
54,37197,0.003909937068744624,0.96354184753542
54,38003,0.0010509969017215473,2.2859040534977506
54,38005,0.0033025727557901953,1.530892593033441
54,38015,0.009179323077964163,0.5467219693051728
54,38017,0.012877461142854213,0.4273281848938326
54,38035,0.005650560659592473,0.5797010676330491
54,38053,0.002279048546814739,1.9268124721326247
54,38059,0.0023198801060616684,1.678092312624845
54,38067,0.0063862290695702205,1.096607140710351
54,38077,0.0033200615816882167,1.8853020197156107
54,38079,0.002365517542347126,1.5454493291155476
54,38089,0.003936944917784728,0.9317879080207849
54,38097,0.0025341843552790905,1.9304480932180752
54,38093,0.002293129619807476,1.391328784812936
54,38099,0.004314588199517749,2.0788370582662656
54,38101,0.005497695851815643,0.6980867707473191
54,39001,0.003290201495067085,1.0106905281602627
54,38105,0.0026850970486126764,1.2830306165552425
54,39003,0.008787550927732044,0.5051991795718849
54,39005,0.0038572970299796073,0.676036100608692
54,39007,0.007353723596267496,0.7922424175734083
54,39011,0.00518263871797301,1.343472474025558
54,39009,0.00707743358395623,0.908160072069856
54,39013,0.0036975427997378105,0.7297932759957932
54,39015,0.004213323050187747,1.0828607849220904
54,39017,0.017105132851219552,0.9897516890202693
54,39019,0.00340631380799322,0.9331757883523919
54,39021,0.0036048854154733636,0.9710604022549252
54,39023,0.00817087148786174,0.5350897915778087
54,39025,0.011349668181404192,0.4716480855475481
54,39029,0.005931316198885874,0.9190872589865717
54,39027,0.0037217574041941742,1.2265151497168936
54,39031,0.003878794766343157,0.864923686212109
54,39033,0.004161939970745422,0.939251056743129
54,39035,0.027420349371297267,0.5999459142907612
54,39037,0.005614086458976634,1.0744939339644637
54,39039,0.004044190103226821,1.062806234110947
54,39041,0.02272498641835571,0.600629196612166
54,39043,0.004141363357098317,0.7168537097797357
54,39045,0.008531908781716066,0.9184912840610077
54,39047,0.004094082086975981,0.9801701904435131
54,39049,0.038995414262735444,0.5870626831894291
54,39051,0.004803132319495181,0.9397737345330248
54,39053,0.002848465005768979,1.0028181175946815
54,39055,0.009121360980339159,0.8690986913715837
54,39057,0.00756921702759715,0.5092968623097697
54,39059,0.004576188915490725,0.9525489443362473
54,39061,0.027935557844682372,0.613274197488183
54,39065,0.003633301598057751,1.2666052056668482
54,39063,0.007886316953597518,0.7354682253637448
54,39067,0.002466173416160375,1.8644045745173488
54,39069,0.0034537491278711866,1.1896676130204262
54,39071,0.004096045863920032,0.7688954840532676
54,39075,0.008046361760137287,1.2037748884223591
54,39073,0.0032041678590704254,1.062876488080417
54,39077,0.005482105278981944,0.8947303451338376
54,39079,0.00328205885843157,1.0411821291065846
54,39081,0.005419494411841244,0.8323900647910948
54,39083,0.0040649886905113775,0.7689285732225424
54,39085,0.012109208374470978,0.5281965732478585
54,39087,0.0029032161132851978,0.860642119761301
54,39089,0.010213034871779955,0.5205479843236297
54,39091,0.003048617349533405,1.255739707004242
54,39093,0.009464412663599963,0.40151271707651587
54,39095,0.016948134534644218,0.6507528551081975
54,39097,0.00408607608674914,0.7851071656923589
54,39099,0.012331232344284756,0.5436834365842375
54,39101,0.004248901073562026,0.4600885086088638
54,39103,0.01243480972943372,0.5034060848644791
54,39105,0.004032299873064592,1.096123707107215
54,39107,0.0036323739003511213,0.9529108356281736
54,39109,0.006368516331840231,0.6628673884314432
54,39111,0.002336142596800569,1.7787423081393177
54,39113,0.013344603857153296,0.5247145324566189
54,39115,0.0018380616939388012,1.4950795492782178
54,39117,0.003975648342694642,1.2780186880241022
54,39119,0.006357388390996091,0.6295700763579699
54,39125,0.003519727615918981,1.0108804504029243
54,39123,0.007202475703205621,1.4881031483789748
54,39127,0.003954510156204167,1.1699035308978425
54,39129,0.004013257867739231,1.0342994406374089
54,39131,0.003270300924960622,1.1732727838951158
54,39133,0.0075805461831619635,0.8386054128871977
54,39135,0.004790435464262009,1.0721731819923974
54,39137,0.006526014612603904,0.9815344262344317
54,39139,0.006467651052632647,0.4877261932283255
54,39141,0.004869017109472747,0.6547613555961563
54,39143,0.005473739813100067,0.709530735463903
54,39145,0.0037322476452627856,0.7080788440673632
54,39147,0.00692867546826758,0.9197893939837138
54,39149,0.007183957076130333,0.9722500048849065
54,39151,0.01355439043682915,0.5114629901780414
54,39153,0.01617274729142207,0.6715168232858147
54,39155,0.008598732759594505,0.425397507193497
54,39157,0.0061130324192264635,0.5855223682057832
54,39159,0.003950011919373274,0.9102305423242572
54,39161,0.0032292392205182613,0.9463162407830384
54,39165,0.01713485449936998,0.5418472083066703
54,39167,0.004336681882433504,0.7790491208306565
54,39169,0.006242398321691201,0.6404177114075872
54,39171,0.004638424885636458,1.1167686931379754
54,39173,0.00861881629209399,0.9393383023730684
54,39175,0.002669948096537828,1.269150967917524
54,40001,0.003959261079318446,1.7490098413694022
54,40005,0.0016509158881945249,1.3430207944608124
54,40009,0.001604742669901246,2.0826074303788964
54,40011,0.0039702134263962996,3.0186792802710225
54,40013,0.0025990930322232152,0.9210024099034607
54,40015,0.0033571194620904397,1.1051265184769619
54,40017,0.012784966842449022,0.5999324219865265
54,40019,0.0049396866754971465,1.0654825303173374
54,40021,0.004855668423904051,0.9732026266799606
54,40023,0.0034260963200594637,1.6527311860840228
54,40027,0.01948412328093842,0.7189350942676949
54,40031,0.013792710320040036,0.40854924812487553
54,40035,0.0023114228318823534,1.5738875651337232
54,40037,0.008702030893047072,0.599211676750857
54,40039,0.0017657234228275137,1.729898302325571
54,40041,0.005087472072065817,1.1740793284551068
54,40047,0.004772514062540461,0.7783675702228756
54,40049,0.004838187446486307,1.0369094407356416
54,40051,0.004125373886988103,1.0470850280980901
54,40061,0.002662858802133953,1.4677816037338172
54,40063,0.0043135356312519095,1.4910481672117053
54,40065,0.002583791215236545,0.8513423849574316
54,40071,0.004034265923857362,1.0332227153096483
54,40073,0.002415238068759586,1.8815255492159588
54,40079,0.00680616948851109,0.8788139433518478
54,40081,0.004834464334275429,0.916531364115829
54,40083,0.00271212015449205,1.073487224155429
54,40087,0.0038488200112215968,1.1567695390354251
54,40091,0.0023332927939699096,1.905470737379695
54,40089,0.003445705320201995,1.096171728125042
54,40095,0.0018556529517005313,3.348380616361585
54,40097,0.004269417474119571,1.7192421236849222
54,40103,0.0016103442623361618,1.792954571750654
54,40101,0.004410838530423621,0.6941720671675026
54,40105,0.001741931164164957,3.2577017577238303
54,40107,0.0019397868245019465,1.8213274146421092
54,40109,0.03360578715756031,0.7109316542285476
54,40111,0.004286325431695792,0.9133214637976477
54,40113,0.0034313992237139813,0.8810416408379707
54,40115,0.0059045013493782515,1.0812694281913393
54,40117,0.002858484012335034,3.1920330951187843
54,40119,0.01064296651945317,1.0899788822170153
54,40121,0.0034979898690549413,0.8507538759451281
54,40123,0.004075394353038651,0.950018610700541
54,40125,0.006466486543062304,0.6314972176099449
54,40131,0.009879399347943085,0.5291816411115433
54,40133,0.00569229088894079,1.1529791398466898
54,40135,0.0030623409405148736,1.2459904069481178
54,40137,0.004157727612505079,0.809722359954234
54,40139,0.0029180092218262484,2.1639198480066377
54,40141,0.003597120290918919,1.4406073784635645
54,40143,0.026864809924546162,0.5960102697815085
54,40145,0.007361193818454792,0.7002541992495479
54,40147,0.003904580117087064,0.7221291182155927
54,40149,0.001856457653096669,1.9027112262367223
54,40153,0.0030091033841601,1.3631269334770761
54,41001,0.004178603976347483,1.5280829574127657
54,41003,0.009936598113346165,0.8466646421675733
54,41005,0.023950794571306538,0.37671833841736424
54,41007,0.005428373986167132,1.2389286539677378
54,41009,0.004701885727403306,1.0933059343847653
54,41011,0.005676210386436349,1.0019894587951965
54,41013,0.0018005893011618043,1.5749222188961125
54,41015,0.003925670833871298,1.5209338077752097
54,41017,0.01534406072399032,0.6066021169555484
54,41019,0.007215908591038073,0.6127907996931495
54,41027,0.0016485602166392765,1.8516375287812503
54,41029,0.01055781570858075,0.8099206077688077
54,41031,0.001823280112793063,1.5567315955137775
54,41033,0.008362278443433327,0.8948792570633101
54,41035,0.004154682433578925,0.7437317373366542
54,41039,0.01662598798098727,0.9132621323673226
54,41041,0.010119315999024867,0.7453084126936428
54,41043,0.007865532479535212,0.8102411215868759
54,41045,0.0026172778019519657,1.148380099048086
54,41047,0.016190283281342494,0.43786787124719456
54,41051,0.05727365669616291,0.8511680453581805
54,41053,0.005643132849831936,1.1735277152120216
54,41057,0.004611410974996827,0.9358729027266005
54,41059,0.00633357462266982,1.1067808060801352
54,41061,0.0038804680389350798,0.9671642948719326
54,41065,0.002017314236888487,1.17601657419418
54,41067,0.04453894421663795,0.4136434467726427
54,42001,0.00662029394466526,0.8157448195796981
54,41071,0.007512981664548507,0.808264038225397
54,42003,0.03504968417540603,0.5766737543570724
54,42005,0.00825120473842669,0.6365976079792943
54,42007,0.010960174136306566,0.41117812997145536
54,42009,0.00700874738974395,1.1343565586885613
54,42011,0.018606200110936385,0.9430733532935823
54,42013,0.007492551691504275,0.5349644661321447
54,42015,0.007239938147661725,1.1832967739778586
54,42017,0.025582233300190674,0.4791324895279373
54,42019,0.009732970455687792,0.961157468980012
54,42021,0.008144540377016602,0.7535259157554121
54,42025,0.006809993936436353,0.8524432377225851
54,42027,0.016210449385500852,0.7963117381365822
54,42029,0.026965587325203762,0.6890932380541455
54,42031,0.005715468018147863,0.7977370809011728
54,42035,0.0032065207461933858,1.4629272068375996
54,42033,0.00729381272767459,0.9713204802418669
54,42037,0.005502021545283105,1.028238517388433
54,42039,0.005612219157282382,0.7443207034611466
54,42041,0.011691682835034124,0.5307096348016533
54,42043,0.008722139385711642,0.6280837077823646
54,42045,0.02324729011702199,0.5712374341082158
54,42047,0.00369425403602979,0.8864248667154881
54,42049,0.01422580254555991,0.6217402423188336
54,42051,0.009214571338458502,0.4684045170023473
54,42055,0.007741282059158312,0.47577792833554516
54,42059,0.004681645335676386,0.9576871377801222
54,42061,0.005686057162622275,0.6935191418347166
54,42063,0.004065316673859993,1.2667189155933896
54,42065,0.00578828324171147,1.2848188162564296
54,42067,0.0030076270292515995,1.4457153248019672
54,42069,0.007621937803370924,0.45735211451785646
54,42071,0.02186238722245393,0.6626501062904492
54,42073,0.006179876285217919,0.4990535080136064
54,42075,0.0067653088432698604,0.5959942012244418
54,42077,0.01684314208886299,0.9485679946471747
54,42081,0.00520561472024543,0.5289940794376299
54,42079,0.013330628329915302,0.5210457086508038
54,42083,0.003998383456768599,1.1015469053871456
54,42085,0.007065624463828449,0.5667231442552193
54,42087,0.004441512467734118,1.132995730068857
54,42089,0.010910353860230206,0.4419857892081765
54,42091,0.032313193489862994,0.45468195706451675
54,42093,0.0016495361772400781,2.752649884625409
54,42095,0.012373445047664649,0.5523474535600662
54,42099,0.007012502857846396,1.0205571593025937
54,42097,0.005002184959281786,1.1344247629126687
54,42101,0.04924380421556606,0.775368844482529
54,42103,0.006464348709008,0.8223163846027775
54,42105,0.003661046858377692,1.048836939996465
54,42107,0.010037860446872021,0.514910042276302
54,42109,0.0036143431471206576,2.097997193008142
54,42111,0.007913358236355646,0.7639585090842959
54,42115,0.006690845799078725,0.7467079657266453
54,42117,0.006300861411708365,0.8313410633196343
54,42119,0.003117842861807662,1.0558186949674546
54,42121,0.005657942330725264,0.8151825640946436
54,42123,0.005613914298096331,0.9365303607698621
54,42125,0.01162437835284221,0.6745349614652034
54,42127,0.004492477920560516,0.6454978171745227
54,42129,0.01907417295028707,0.5118803687429337
54,42131,0.005422299531353609,1.04668497806957
54,42133,0.016416820188138496,0.7867201401916982
54,44001,0.005282676781789587,1.0343176579895146
54,44003,0.011221091152447807,0.38299655003080824
54,44005,0.006477732801801404,0.5285566705632133
54,44007,0.026645484883422086,0.6122187576463365
54,44009,0.009441319492021583,0.5429450402824948
54,45001,0.0026686075648266502,1.3397680756015815
54,45003,0.006516031901190368,0.43483944213118364
54,45007,0.008525363129544066,0.44938939786713916
54,45009,0.0008596329764721359,1.446275171940516
54,45011,0.0018613574978679922,1.0281348482555266
54,45013,0.02185265800386059,0.5619463260006722
54,45015,0.011520828893611675,0.4301414714499484
54,45019,0.019205480883927626,0.6000859399438357
54,45021,0.004706633091846817,0.6594142181168028
54,45023,0.004409451704246574,0.9140388068876385
54,45027,0.0028894303294798728,0.889395127318041
54,45025,0.003803407505330922,1.0321336399202043
54,45029,0.0027558678034048886,0.8386071117793671
54,45031,0.0043027443148891,0.7791259167404192
54,45033,0.0027191207151618267,1.0297138332773776
54,45035,0.010990744282264778,0.6053849178638686
54,45037,0.003130249656640906,1.1257482094682143
54,45039,0.0018268963849299004,1.1362394704742098
54,45043,0.0030914458195676043,0.8597179553341195
54,45041,0.005703955554368246,0.3515934446802308
54,45045,0.020924826533866174,0.5317052649295303
54,45049,0.0018045664463249098,1.4559633808306727
54,45047,0.0036731074304028077,0.6921145402460387
54,45053,0.001407072808517675,1.4161785762897001
54,45051,0.01548299781953471,0.6304014448742193
54,45055,0.0033855588650455984,0.5962621690773924
54,45057,0.0037279275931019528,0.6916544231429504
54,45059,0.0038089084619823497,0.6274309489668936
54,45061,0.002306437879874422,0.9854093275781212
54,45063,0.011781118253123021,0.48277088649770816
54,45067,0.002740105261962775,0.7697697829001144
54,45069,0.0037387141991443783,1.0158675402203603
54,45073,0.0028391639176328417,0.6886173402946514
54,45071,0.003057492012278335,0.8765182205356333
54,45075,0.005642490860948674,0.5752343972869703
54,45077,0.004376802868843855,0.8870124922291553
54,45079,0.025659954885378616,0.5763853919556426
54,45081,0.0016839329735869545,1.0896642606640663
54,45083,0.010567345544917289,0.4986641732084976
54,45085,0.006770824800634465,0.48068570227638074
54,45087,0.002971386266738933,0.9435597523059908
54,45089,0.003824483939947507,0.8784179925153133
54,45091,0.013044093832490288,0.5875561485193528
54,46005,0.002773858119906395,1.0212152373271326
54,46011,0.004000150148350983,1.3500317641810942
54,46013,0.0036257316336694087,1.225247152510802
54,46029,0.002677306202656571,1.2421587456293262
54,46035,0.001298192018974571,1.843925230325424
54,46065,0.0011991689696894583,1.9977750886538836
54,46081,0.0024362030702099204,1.4285264683183447
54,46083,0.006496262818990886,0.7846081185957424
54,46093,0.002139252304490727,1.3573896550373816
54,46099,0.014557707494231008,0.41580061634864457
54,46103,0.006651670481600224,0.5040367989141178
54,46109,0.002228320845394765,1.541803615548373
54,46135,0.0014568253844187157,1.4678832913211162
54,47001,0.0032975876238120964,0.6898737148004229
54,47005,0.0026978321347504537,1.2955213345109415
54,47003,0.0036483100237420414,0.7556594096950147
54,47009,0.005199542353746676,0.3911194707542646
54,47011,0.00715680331691296,0.6373712741898327
54,47013,0.0032041474638751398,0.7391594324540086
54,47017,0.0027863338844545176,0.9780990812124732
54,47019,0.004014121175853585,0.5873931741838431
54,47021,0.0038244022827623636,1.077739998097937
54,47025,0.002490095645969471,1.0062621110864727
54,47029,0.002791076753516938,0.8980078243056726
54,47031,0.0034550193794644075,0.7999772155680664
54,47035,0.004897510986293792,0.6441310177977498
54,47033,0.0024052548339123553,1.1741429455521148
54,47037,0.03326120600173328,0.5629572642801457
54,47039,0.002209294046369389,1.6880203588031142
54,47043,0.0046246116097878,0.7815887478293173
54,47041,0.0011963774722542606,1.4441644879226199
54,47045,0.0018156070696705754,0.9971327017134829
54,47047,0.003875067702420801,0.7309427067574841
54,47051,0.0025054812414608447,0.8197045844819141
54,47049,0.00181465246530959,1.7550856143122937
54,47053,0.003420662779722908,0.8296697413261073
54,47055,0.003842077897993352,0.9562680370389255
54,47057,0.0029631114483154304,1.938460570140466
54,47059,0.004039982835389747,0.6448964525270146
54,47061,0.0017628291073650652,1.793833546989692
54,47063,0.005119381034367102,0.6714733155415102
54,47065,0.009857446132028585,0.5667745973662506
54,47069,0.0025871049165406435,1.0305988150213563
54,47071,0.002619354294347435,1.0742004918422736
54,47073,0.004078832684618399,0.9594962460591879
54,47075,0.0023083221681792104,1.0078155005113132
54,47079,0.0027271327720424514,1.0773001091930807
54,47077,0.0028735584258710077,1.0120009814363
54,47081,0.0029126164395151706,1.0697307697110157
54,47085,0.0016669966511099164,1.1476274902085892
54,47087,0.001764799304743323,1.4776405811020659
54,47089,0.005461703031265461,0.933765207856122
54,47091,0.0016110125617977405,1.3473069995845757
54,47093,0.015573708432219367,0.7313854143360765
54,47097,0.0038930870698490575,0.9177377774601598
54,47099,0.003955183797650536,0.7378914650654648
54,47103,0.0032434614618669214,0.8271362115679873
54,47105,0.0029242586512164943,0.777463290605915
54,47107,0.003924934867432464,0.933946977479122
54,47109,0.003354042894914386,0.9584788882062225
54,47111,0.001751970815468293,1.3626544119595672
54,47113,0.005135185531774024,0.5127496266798832
54,47117,0.002816970139962833,1.3463365411141563
54,47115,0.0032463926718639,1.1298038642847996
54,47119,0.00519202599041639,0.5192372144556187
54,47123,0.0048357549219308635,1.249743691199893
54,47125,0.022686301524843733,0.6627975251938296
54,47129,0.002346610484372968,1.2869647176761234
54,47131,0.003950950855443391,0.8203244138623478
54,47133,0.003258799139915808,0.9009315854790323
54,47139,0.0019865336452229566,1.179474462615109
54,47141,0.0040948762676150195,0.826577970583062
54,47145,0.003674584513234373,0.9576710010735202
54,47143,0.002670240842622057,1.5473673663398273
54,47147,0.006624718344916106,0.7191938265515051
54,47149,0.02198396969132051,0.6878462066923959
54,47151,0.0026446889727343706,1.0835130382932532
54,47155,0.004210675529589532,0.612961439412897
54,47157,0.03365735778804451,0.5755646917474698
54,47159,0.0020526321501351708,1.1860407833419335
54,47163,0.009714428847694027,0.5009714398001179
54,47165,0.011408157962046325,0.5378005592122076
54,47167,0.005281330298913675,0.8193721924089462
54,47171,0.0018549915992983545,2.4437500845190168
54,47173,0.001613022277544348,1.4012612328795315
54,47177,0.003130672414286886,0.7993828753453479
54,47179,0.006124752421306954,0.6238411034964785
54,47181,0.0013716828894028458,1.7128552833750064
54,47183,0.0026753381291212686,1.48117126189483
54,47185,0.0032646526840870134,1.1697034944117832
54,47187,0.024226059704846606,0.32516461938796715
54,47189,0.007707042028864407,0.7673473048980612
54,48001,0.003941194184140041,0.9183090574781145
54,48003,0.00183926680107236,2.864068495150418
54,48005,0.006387079748916953,0.6110858349042624
54,48007,0.0019673359617843928,1.5680834787990556
54,48013,0.004492676152670182,0.8644382510296612
54,48015,0.0026093149678686352,1.1917579983246365
54,48019,0.002125407065331802,1.348637456822891
54,48021,0.007428909840704654,1.1419247942978648
54,48025,0.0026712895695930852,1.3156308833251837
54,48027,0.03034092427042988,1.1356252075829898
54,48029,0.047204651585440904,0.5827905550368734
54,48035,0.003941490205724307,1.5729514779656697
54,48037,0.0049926020675347,0.7720539793528244
54,48039,0.021373977716453944,0.7256292963527151
54,48041,0.02904736681094768,0.7925282481831097
54,48049,0.0037837380815126036,0.8463419593574606
54,48051,0.002038456535301125,1.1989714428791312
54,48053,0.0034855927858775974,1.1522133492707436
54,48055,0.003221025239568801,0.9581861278389274
54,48057,0.0017511456758392816,1.5219155558994162
54,48061,0.03911843071148185,0.4178974581660433
54,48071,0.001805691028048706,1.2831994523918169
54,48067,0.0023128466581565058,1.619423212898665
54,48073,0.003491691952190249,1.0829393131607288
54,48085,0.06165418809524907,0.6303016283086451
54,48089,0.001805610739774532,1.105658729709849
54,48091,0.007848157078351117,0.9280212396074353
54,48093,0.00177224704020964,1.7695078090926488
54,48097,0.003267407465895384,1.120030481411018
54,48099,0.013386107594910249,1.2912165398395568
54,48113,0.053874527000933724,0.5634849630306055
54,48115,0.0015278344184382676,2.2778329070368897
54,48117,0.002160399399480995,1.76744011191559
54,48121,0.05713660375362962,0.8710385111766829
54,48123,0.0031399951904547744,1.1484520117723769
54,48133,0.0014760981706924282,1.1877158781446542
54,48139,0.01325385560721632,0.5315550285306794
54,48135,0.019794765387939214,0.5107358990917821
54,48141,0.046802676598935895,0.6330906563674724
54,48143,0.0020976624112536363,1.0609799232418873
54,48145,0.003191388070056603,1.9078565296421048
54,48147,0.004276568110306141,1.0560560856694867
54,48149,0.0028120534061497524,1.0856504350159326
54,48157,0.04517145214082333,0.44853653291342677
54,48161,0.0021295279623608893,1.4528525623439836
54,48167,0.012010341479309522,0.8069731603119621
54,48171,0.003117502399511138,1.2732284233146172
54,48179,0.0026633985620861003,1.0854926889319387
54,48177,0.00338561912718435,1.6818493920015922
54,48181,0.005768454136983158,0.4865053688789433
54,48183,0.010200632665017074,0.5997595866949295
54,48185,0.001976064099739083,1.4957230315838814
54,48187,0.009650720725506715,0.936166221054552
54,48189,0.005449042363115102,0.9791520729235795
54,48199,0.003876740438282054,0.8974261441083831
54,48201,0.054091633295658206,0.5521267906977926
54,48203,0.005107939900149864,0.6724208808048933
54,48209,0.017091880931957362,0.7973194083067159
54,48213,0.004963826124368673,0.9958171899794935
54,48215,0.07133879434515193,0.42030619005823167
54,48217,0.0033725294261618606,1.3610472478620217
54,48219,0.0032914745066974023,1.1506808994231614
54,48221,0.003444174698223355,0.8495862531119112
54,48223,0.004147394747167027,0.9855986274279767
54,48225,0.0015588986716255269,1.4241028169815761
54,48227,0.0027552329065062865,0.7394942989048887
54,48231,0.004613247971259009,0.9698764886042734
54,48233,0.002670647167588114,1.1905735619216973
54,48241,0.0027036817711858915,2.0296161991339035
54,48245,0.01751981981446626,0.539547986392123
54,48249,0.005121237948817983,1.0871410007469704
54,48251,0.012844236735967983,0.5607948892838127
54,48253,0.0027721629261463106,1.8041064029517737
54,48255,0.0011942180320196028,1.416467292701709
54,48257,0.009757968763271003,0.7585257591175185
54,48259,0.0035742845968833484,1.1376388346827857
54,48265,0.004350475487495871,0.9433714353721265
54,48273,0.00415031760204782,1.3136543738772966
54,48279,0.0027109852256364873,1.5978331468658251
54,48277,0.0033732276201174985,0.724339541403041
54,48281,0.0012588983284823549,1.4447497039515742
54,48285,0.003634600860339301,1.1945947299310984
54,48287,0.0015904691180626078,3.148745108770902
54,48291,0.006110812598085511,0.6747891298565861
54,48293,0.004036012230275348,1.386850802429496
54,48297,0.0010789293145663295,1.6088932887098435
54,48299,0.005834056192367376,1.2971979498695747
54,48303,0.022014964197790497,0.6386717648623728
54,48309,0.014792612711262443,0.5786608691057443
54,48313,0.001269333332045873,2.3096175039316265
54,48315,0.0021776884132353675,2.004578760132835
54,48321,0.0027050405003013144,0.9038112987724178
54,48323,0.008161571350125362,1.0120006457203974
54,48325,0.0037885993909198223,0.8779145953479482
54,48329,0.01658962988582986,0.515604011682378
54,48331,0.0033653567112568467,1.13787352364582
54,48337,0.0023462696646821815,3.3574691612190404
54,48339,0.03172041680559312,0.5331712600381588
54,48341,0.002350672123108928,2.2186225790614547
54,48347,0.0039687482862888444,0.7840752803296139
54,48349,0.004013838434137033,1.165831865275891
54,48351,0.0015955180101077783,2.0903207377551976
54,48353,0.0016052209205030276,1.4079543805824908
54,48355,0.02015456428355359,0.4663460466426683
54,48361,0.00564650951891223,0.63540830352573
54,48363,0.0032909552320753628,1.1473765193825314
54,48365,0.002824759726542732,2.0539291275255818
54,48367,0.011194634452846193,0.6282427795115768
54,48371,0.002457653486734462,3.108355237237942
54,48373,0.0034652442156896173,0.8707019845797972
54,48375,0.013120372646903333,0.5304010779101926
54,48381,0.007246959719091166,0.5635128922195508
54,48387,0.001527336732594025,1.3931762765721507
54,48389,0.0027564766927574177,1.8421924409291943
54,48395,0.001645674618002805,1.1339633888929794
54,48397,0.010980417640502609,0.8648378336701213
54,48399,0.0017614494657446338,3.382360419765792
54,48401,0.0048676285525206765,0.7211516831580594
54,48407,0.0009570617572933777,1.2783153381472498
54,48409,0.006640125769544099,0.9025943282820837
54,48415,0.000993875145862929,1.5278557121263232
54,48419,0.0028796565136152415,1.245913498887021
54,48423,0.011206291443788211,0.5209455871405491
54,48427,0.015155412616326532,0.8743514870880316
54,48439,0.048205587796887356,0.5236669699818949
54,48441,0.010982699712601377,0.37043567700703106
54,48449,0.00405376798651711,1.0092068248536152
54,48451,0.0073349366296640945,0.505634130961583
54,48453,0.0649692117228935,0.5779039052228631
54,48455,0.0028250692791558737,1.6085564909141128
54,48457,0.0022217204778888543,2.4799649322490382
54,48459,0.004243523891805357,1.143087769174757
54,48463,0.002610791255071203,1.8212021620485643
54,48465,0.0061979953335258905,0.9957530700728398
54,48469,0.006951918332815587,0.4402285788044024
54,48467,0.004895564645956511,2.340250254817459
54,48471,0.005013260274288001,0.9498858146301228
54,48473,0.0040415512865155335,1.4213098692126336
54,48477,0.0028456908114234494,1.269612057493971
54,48479,0.04205147800188769,0.6153155552144691
54,48481,0.004021961346655408,0.6996966834211937
54,48485,0.009966296277267247,0.5704237972358236
54,48487,0.0010410668940063954,1.8331070914490224
54,48489,0.004881664787466386,1.116781080624484
54,48491,0.04058673298497699,0.7643624029460967
54,48493,0.005155685418073717,0.7620480142345368
54,48497,0.00549558162656524,0.7872098284498652
54,48499,0.003762162988356388,1.0674988743929237
54,48503,0.001389885630081376,2.587369124870806
54,48507,0.001988275067433108,1.6579473868217491
54,49003,0.011190825199623507,1.2221348709104398
54,49005,0.022479700853508786,0.7847945315444854
54,49007,0.00361441304592585,1.633185204844856
54,49011,0.044546573278867914,0.8229013557742625
54,49021,0.005777642537735702,1.0019000878211046
54,49035,0.06391426118023268,0.8539911850187524
54,49037,0.0028388577162189363,1.4753827448155477
54,49039,0.00402560926769727,1.4939619391232701
54,49041,0.004941281208634799,1.642232803231755
54,49043,0.007987036834351167,0.7078877826002569
54,49047,0.007806829501218582,1.60664563464121
54,49045,0.008609933463578705,0.7869851688854476
54,49049,0.08386334446702065,0.7580907687756069
54,49051,0.0028911226498640748,2.3891693101841938
54,49053,0.01760124252328285,0.5142684233585942
54,49057,0.025345800117762187,0.5785888357225859
54,50001,0.0054277601107891,1.0594578604158502
54,50003,0.004663538882905857,1.1753917484813856
54,50005,0.0051659805272135356,0.8368303291084742
54,50007,0.015771181659219907,0.891142722040307
54,50015,0.0040518097724466145,1.0635290833730806
54,50011,0.00529522791314669,1.2661357557854143
54,50017,0.005410041739594207,0.9391753537887739
54,50019,0.004887035744410307,1.1252941045610538
54,50021,0.008721527285484757,0.6764115566716503
54,50023,0.008366071776377207,0.7740186742878566
54,50025,0.008487595800531402,0.7856229812837514
54,50027,0.007558804942840176,0.875542063366591
54,51001,0.0033855488837069504,1.1433648452974217
54,51003,0.008401706045917072,0.7871144921554157
54,51005,0.0032721537779896305,1.7755225360092697
54,51009,0.0030170341993695686,0.8604481165364564
54,51013,0.0553075934475176,0.5755553540923363
54,51015,0.005668159363833615,0.7407441223601041
54,51023,0.003344351477947032,1.1380800288067763
54,51027,0.0033268421872131924,0.8830667327646985
54,51025,0.0010290244770641821,1.6487711243985623
54,51029,0.00195079413487759,1.5308008786428196
54,51033,0.0023981862902504565,0.9764016570251582
54,51031,0.0037603102053562648,0.9915102295820712
54,51035,0.0035714360218031473,1.0467361803584676
54,51041,0.019881930719412223,0.48627068708464316
54,51047,0.004734668669274682,0.893741229814173
54,51051,0.0011384415842328975,1.5905552552119133
54,51059,0.055258032991201605,0.4270989132680314
54,51061,0.006982884332263984,0.6462844349626164
54,51065,0.001497824922558904,1.7522720211128167
54,51067,0.003812699590738127,0.8806225933119688
54,51069,0.00831014682034103,0.7871948951637833
54,51071,0.0022393589235497886,2.3692622127818357
54,51075,0.0019442045579006902,1.4481096580564883
54,51073,0.003138156841518227,0.9427595635732039
54,51077,0.0020817750042551194,1.249614208154161
54,51083,0.0034324531043306854,0.9000686691816484
54,51085,0.009133235536908516,0.5445576553118914
54,51087,0.018115567594616827,0.5552477099839775
54,51089,0.005379361805853664,0.655961030930959
54,51093,0.004021275777217123,1.0199979493969622
54,51095,0.006604499520144279,0.9477737035180298
54,51099,0.00304839398700976,1.3408118573104666
54,51105,0.002805959042611124,1.1877267027495448
54,51101,0.001193708833324206,2.418889813769902
54,51107,0.050711425553868164,0.4350715892203854
54,51109,0.00300846432067405,0.9737980610963684
54,51117,0.004088325884633358,1.0074639744650518
54,51119,0.001974029652818344,1.8385189737764003
54,51121,0.009743822434880232,0.8624871395562771
54,51135,0.0005239817329472325,1.6931354850745755
54,51137,0.00210408180614752,1.9806718700989956
54,51139,0.0027314005038295984,1.7873583677632014
54,51141,0.0020073690002692635,1.5657879906809924
54,51143,0.006544938114243963,0.7916819368125309
54,51145,0.002260354415956196,1.336585843928438
54,51147,0.0009588192606407575,1.8965572356595792
54,51149,0.003088273293466546,1.350339361575004
54,51153,0.05104847351831361,0.4002813513048039
54,51161,0.008078295048959594,0.7335731750727399
54,51163,0.0016694839787023549,1.5843802676640972
54,51167,0.002481011596642088,1.037686484059932
54,51165,0.005555842862904396,0.65281612601258
54,51169,0.004963655600119029,1.313439795137133
54,51171,0.00275966690029339,0.9011675325100345
54,51173,0.0031855274977832487,0.9161472923010618
54,51175,0.0020862532067893146,2.3805637956514083
54,51177,0.013829641078885424,0.4568240845398473
54,51179,0.01862262401222884,0.6718215308944385
54,51183,0.0025585330430630995,1.2742897856883222
54,51185,0.00307896860993713,1.1920186013735063
54,51187,0.002478385883710178,1.061784695687846
54,51191,0.0035853681003731905,0.820468900906265
54,51193,0.0009815465468668103,1.8788113813116385
54,51195,0.00331271154795739,0.7805914389621647
54,51197,0.0022546094356654454,1.180822087651442
54,51199,0.007275106732457587,0.7973611067200983
54,51510,0.032046174538744136,0.5533650977922513
54,51520,0.001237971366537518,1.4146643027254386
54,51540,0.008937383709365015,0.7313156828318425
54,51550,0.01967634675689866,0.6773804051149508
54,51570,0.0018658580170930787,1.779433912151492
54,51590,0.0035694106989457,0.636860149187639
54,51630,0.0030974059921496434,1.3141100966461767
54,51600,0.004130318604683522,1.4804882463175413
54,51650,0.008909214393658053,0.3865920937276344
54,51660,0.009398493851553183,0.7785920263649618
54,51670,0.001930592555013984,0.9798970620379697
54,51680,0.009447968663397102,0.5823735579187972
54,51683,0.007567232893421464,1.1126301256671747
54,51690,0.0023969436131801593,1.1219796839047473
54,51700,0.013195537428620872,0.7101947527024282
54,51710,0.03387133621902971,0.37867940378894793
54,51730,0.0032942095292029733,0.8024187576618999
54,51735,0.0012569993281244779,1.2828665844483684
54,51740,0.009774393757129053,0.5755609871572358
54,51760,0.023874153915358895,0.5933360361188911
54,51770,0.005512352892359571,0.47145772587471546
54,51775,0.001996614952888616,1.4052159638308588
54,51790,0.0015278310712955707,1.2592659949356781
54,51800,0.010115067238662552,0.7021020464913911
54,51810,0.030403453509381933,0.3588420150481039
54,51820,0.0019263430717083127,1.474983219083306
54,51840,0.0030478912707510844,1.3494041036784863
54,53001,0.0018824811239215268,2.7204153497527397
54,53003,0.0020859238869123803,1.5155724644366844
54,53005,0.014202112696983517,0.4369315466278145
54,53007,0.005113162745064883,1.103097559207423
54,53009,0.008233250336211565,0.9608885540689093
54,53011,0.027093142303377966,0.5000849014632867
54,53015,0.005340663688709705,0.48418723372135486
54,53021,0.01518784921723887,0.8328756251480344
54,53017,0.004669284404673453,1.1556680039868037
54,53025,0.007001851184699683,0.7726134767981345
54,53027,0.004290254402245687,0.6508502530289442
54,53029,0.01010757804682568,1.1143331363982103
54,53031,0.005131335250767868,1.4846425252158633
54,53033,0.059503874993131735,0.936564815089639
54,53035,0.017260607329290727,0.3950330186232702
54,53037,0.003519534739697304,1.3942887201545533
54,53041,0.005780079247517518,0.7733910421899154
54,53043,0.002376146257842275,2.321677007630335
54,53045,0.0057088781891684376,0.6813491385128899
54,53047,0.0036192574000883785,0.8700132355420267
54,53049,0.0032281499412480253,1.4556940944855188
54,53051,0.0036353006357745833,1.5874836021270702
54,53053,0.030693216605319505,0.5296004425659001
54,53055,0.0038100301063473917,1.5445550562471508
54,53057,0.00843911780050492,0.8845462508750808
54,53059,0.0016850836263719105,1.4902428061362358
54,53061,0.0376162781937152,0.5102958836333078
54,53063,0.019048476235688602,0.45470771637052154
54,53065,0.004307702562064039,1.089763752427013
54,53067,0.018946578296722763,0.35919444029195263
54,53071,0.0037648189747213497,0.7675992352461029
54,53073,0.017053614258811887,0.7707226888856861
54,53075,0.00527899773341793,1.2617770787858074
54,53077,0.022959786195254222,0.7768719232515634
54,55001,0.0054692034797263755,1.0946379260067234
54,55003,0.0036812184140723003,2.0595165886418267
54,55005,0.005003586347921921,1.1765990230688654
54,55007,0.004751085012411282,1.5238512917112703
54,55009,0.013431160958690482,0.4183958812211284
54,55011,0.0037783018418021267,1.4383029056636492
54,55013,0.005389599374636202,1.1762321982613644
54,55015,0.006832624342297409,1.2979281439111945
54,55017,0.006729316511707069,1.0026708366750554
54,55019,0.009116065835615493,1.1393045537555848
54,55021,0.007206819222125406,1.0303969268722835
54,55023,0.004578282793648336,2.306648966677648
54,55025,0.03837436905766495,0.7191352992821874
54,55027,0.009884215030953783,1.0550883162901412
54,55029,0.006724229196355689,1.3221787935819123
54,55031,0.004192720956297697,0.866587148271631
54,55033,0.005607936674713467,1.3936451839912845
54,55035,0.0074521281901600124,0.5487419062899501
54,55039,0.009259225122470554,0.7565118065623807
54,55041,0.0023402465635163176,1.6712353002182516
54,55043,0.006640033871579442,1.5026570708037754
54,55045,0.005169286891579743,1.1545911055266231
54,55047,0.004723128586118013,1.9549961037741925
54,55049,0.006067091222806037,1.0951749819268537
54,55053,0.0037670413726980244,0.9884405552708662
54,55055,0.006914148450336443,0.6685247899358253
54,55057,0.005774342428801394,0.9695237060646148
54,55059,0.010819331912938651,0.6135319723587148
54,55061,0.0018665917759816142,2.245866313618085
54,55065,0.005475690786881109,1.3582143652574534
54,55063,0.005843764491640007,0.7842185301261113
54,55067,0.0026888219225105763,1.700058877049417
54,55069,0.00458518480186309,1.448119774124099
54,55071,0.007553480278070163,0.6710111589573289
54,55073,0.01042719827131785,0.5272408839476533
54,55075,0.005740050112079923,1.1569614196597147
54,55077,0.0040906897514510826,1.2762407950572268
54,55079,0.04511897357351909,0.7590043796660663
54,55081,0.005932975418033865,1.5756485034976753
54,55083,0.004813551461414181,0.9386979632837903
54,55085,0.008359204958304106,0.9927998664300123
54,55087,0.017669968047258323,0.3883208196110286
54,55089,0.010965058543173279,1.0435748944037755
54,55093,0.0035253098595184715,1.5669622097710827
54,55095,0.005675691645733463,0.8808452590867075
54,55097,0.0062776829075872715,0.8597364601911898
54,55099,0.007078070591712865,1.2849663027272418
54,55101,0.01054820631281675,0.6238500886955813
54,55103,0.00342464789518083,1.681264152030486
54,55105,0.007257043156350276,0.5811717864870061
54,55107,0.0035364489682108433,1.294233721153977
54,55109,0.011910045226985917,0.9833784683417017
54,55111,0.006865515392441482,0.921843766416762
54,55113,0.003060749021210242,1.208736053896984
54,55115,0.006903879894391827,1.060234364315579
54,55119,0.004235007384415716,1.3007153281774286
54,55117,0.00837136484740547,0.7179156802462181
54,55121,0.006501535154892494,0.9255639672413446
54,55123,0.0060161119971749374,1.204489700138687
54,55125,0.004861449511030217,1.2936582153247098
54,55127,0.007360776513282978,1.0567799455181015
54,55129,0.003709558445172675,1.5859670446706664
54,55131,0.014064450190547851,0.666156935704685
54,55133,0.03147451914721326,0.4913774582016923
54,55135,0.00663348939737736,1.0699823147233465
54,55137,0.004720173945240111,1.0877446365665826
54,55139,0.00964247044394614,0.6286730596315235
54,55141,0.0066572978549264954,0.9892095372046635
54,56001,0.007548136141427831,1.1209011657800305
54,56005,0.008078401681883616,1.3986192190140594
54,56007,0.0015343622690641165,1.848834168566733
54,56009,0.002034032046665834,2.1044299014982535
54,56015,0.0010338790513678587,1.7000400985333861
54,56013,0.003637797897214578,1.4058893048476853
54,56021,0.0074319374345216535,0.4870300834676675
54,56023,0.0022374468771433793,4.81212577543437
54,56025,0.007411419672203596,0.6348195857524037
54,56029,0.0025568337611638903,3.521202567694786
54,56033,0.0025362793501514515,1.506492105320508
54,56037,0.006134902458922941,0.7419915142487016
54,56039,0.0021540264648880736,2.1505244179024574
54,12057,0.04035195809668144,0.6015840772224172
54,12059,0.0015448737147627063,1.457728577632586
54,12061,0.019660396515477453,0.4198126528515077
54,12063,0.0037366265651157474,0.7099132951296053
54,12069,0.01919893695715632,0.6567315112262884
54,12071,0.04785643402059223,0.773556168411709
54,12073,0.029253850003747566,0.6767028740248835
54,12075,0.0025240729575106854,0.9432368332013259
54,12079,0.0018456619539657822,1.1532855106244897
54,12081,0.018749712041162964,0.46105095336210455
54,12083,0.017552849650415654,0.5080328829440643
54,12085,0.018198315391889337,0.4515937800163304
54,12086,0.04527512198967469,0.61937739270954
54,12087,0.017971410783464606,0.8478830216234999
54,12089,0.004152612276178758,1.1057699158237586
54,12091,0.011728722551155105,0.6617337648206045
54,12093,0.004714800314253406,0.6515523680988424
54,12095,0.04266885246209731,0.4625000647598394
54,12097,0.02374202478739752,0.48670751250136013
54,12099,0.05293963969337361,0.6674616305546561
54,12101,0.024398714642271592,0.7886092250825136
54,12103,0.031136324389003114,0.44360532333298053
54,12105,0.01676375447625688,0.3263092717672288
54,12107,0.004153680740209591,0.6069950708243347
54,12109,0.013096758291544256,0.8645510605516885
54,12111,0.019968481518770047,0.7567929333982165
54,12113,0.01077406469669238,0.48627483625514517
54,12115,0.04982229990500193,0.6697490652832861
54,12117,0.022181643443281288,0.518657018639016
54,12119,0.016716944004891567,1.11557949730716
54,12121,0.0037304911393319113,0.971358683777268
54,12123,0.0012230660277388866,1.3303112641919492
54,12127,0.02098990577503625,0.6201381096237382
54,12129,0.0018706272876514213,1.705780879576409
54,12131,0.003128746076533626,0.9861447592909283
54,12133,0.0026292261861121844,1.1747949336893775
54,13001,0.0018454360257517638,1.1922204986782499
54,13009,0.002964295112061735,1.0792523818883464
54,13011,0.0024603267564048074,1.4865574607650545
54,13013,0.010174007702057779,0.5307214061460879
54,13015,0.008585681395472394,0.8168410094780009
54,13017,0.0022374787343114005,1.1026445418345117
54,13019,0.0032149427339677674,1.0652935678947324
54,13021,0.009908084938097684,0.5166004337817395
54,13031,0.0060537606860033046,1.1829591106446808
54,13027,0.0019521163777698573,1.0321707884451714
54,13033,0.002985215121035999,0.9018161561134157
54,13039,0.003480998131484795,0.8403588509550713
54,13045,0.010233260517395959,0.6694492767566144
54,13047,0.005827166858438813,0.8473348206457048
54,13053,0.01112304284525859,1.4651413777122106
54,13051,0.019118313625884533,0.507502810662358
54,13055,0.0026084595992316435,0.9960207064682861
54,13057,0.025040834343881314,0.4965417680624993
54,13059,0.023228483504348616,0.5684457782842773
54,13063,0.031242099428882165,0.2896682185223277
54,13067,0.04620237818677779,0.7665433351745876
54,13069,0.004838827567201762,0.8187653552007822
54,13071,0.004882288076393056,0.8272344946062533
54,13073,0.012974593220478097,0.5116091060984415
54,13075,0.0020243525920239647,1.3927572879435632
54,13077,0.012690175171928731,0.5630075560520162
54,13081,0.0018629435571514987,0.9168359082422705
54,13083,0.0018968223530707858,2.700157144092779
54,13087,0.0018789434598969921,0.9945344266565861
54,13089,0.03963030878262738,0.6185327400172339
54,13091,0.0032143574706257486,1.1357878485543127
54,13095,0.00841111069345549,0.4631911681990649
54,13097,0.014635947085765722,0.567840220523777
54,13099,0.0038712968356076597,1.1454865672154275
54,13103,0.005841048056176549,0.8432620839945699
54,13105,0.002381896146698839,0.958817540642918
54,13107,0.0018720297945324274,1.2045094773383573
54,13111,0.0024817899881793668,1.2663424412769104
54,13113,0.012870209580006868,0.630563110509758
54,13115,0.005361722965490253,0.5179187911093
54,13119,0.0022380822303265033,1.37126480579658
54,13117,0.030141659368954972,0.6082137432397252
54,13121,0.052498870624243694,0.8942202835165082
54,13123,0.002438277944133621,1.1640694337092439
54,13127,0.003993147326869453,0.8526091094297064
54,13129,0.006366655878761918,0.8243471283145296
54,13131,0.0020451212387555717,0.996153781341238
54,13133,0.003652577085198315,0.9296359393753202
54,13137,0.003189434476061521,1.086774641062008
54,13135,0.06826317030650064,0.6790939138686528
54,13139,0.015471240590445544,0.4595250854747336
54,13143,0.0020164924292929765,1.247627393180647
54,13145,0.0026245568013268006,1.1720352255045108
54,13147,0.0021100104583575696,1.3457789461070384
54,13151,0.023305150607324892,0.5161542887827917
54,13157,0.00559045114200703,0.8007317268717233
54,13153,0.013240814524028002,0.4990717700925279
54,13163,0.0016017073324001885,1.5384972546460984
54,13169,0.0025665904453101972,1.109564108773712
54,13175,0.004633963724115658,0.6448763955803214
54,13177,0.003393574949759386,1.1814137712909947
54,13179,0.013781315921475829,0.697919418124773
54,13185,0.012185515019567878,0.5103788477196264
54,13187,0.0020589467841587482,1.5434119436404619
54,13189,0.0027546204789730016,1.1409915965894022
54,13193,0.001869566399818939,1.3755144716250618
54,13195,0.003033719288754619,1.071187132538159
54,13199,0.0021719751603884213,1.5937322694801637
54,13205,0.0023838407780129903,1.165227149851243
54,13207,0.0023237356826280005,1.30696700276781
54,13211,0.0019102225859655305,1.109814503943672
54,13213,0.004546632682269053,0.8453061272936659
54,13215,0.01815620023391461,0.5687034590284256
54,13217,0.010157028053257442,0.7874141866907931
54,13219,0.0036912676775953165,1.162823469072954
54,13221,0.0014003704483798343,1.279354937605375
54,13223,0.015320940678235964,0.49327216260727874
54,13225,0.0018470805026838115,1.1955837016690385
54,13229,0.0017420783678028231,1.3665490138234402
54,13227,0.0017300998771482695,1.2752973333160678
54,13231,0.0024179316867112242,1.5662699589708515
54,13233,0.0045728287984768655,1.0339656246180735
54,13237,0.0013763768155916174,1.316477922246182
54,13241,0.001930547100914643,1.2812330843484638
54,13245,0.01314449714447305,0.639304321352717
54,13247,0.007646095203453673,0.6670760443094975
54,13251,0.002471717114273538,1.0658313450204218
54,13255,0.004050903223857002,0.6104771252242224
54,13257,0.0019444201838308116,1.1495850947241477
54,13267,0.0023963833980601193,1.1123825543427852
54,13261,0.0023586076852613377,0.9204903701229679
54,13273,0.0018713702553088503,1.7122174001654802
54,13277,0.0027719508056589276,0.8155888824036364
54,13275,0.0021452843886213876,0.7814826923979541
54,13279,0.0031241274858348155,1.1063103572577613
54,13285,0.0058316889792666676,0.6511737726016885
54,13291,0.004250983853325939,1.0348987364266167
54,13293,0.0019286158680818092,0.796323835408968
54,13295,0.004087586651982678,0.8031706033384953
54,13297,0.009037906240516543,0.6508875112634875
54,13299,0.0027696785523776244,1.0596287011601375
54,13303,0.0016048211516568186,1.0664877808279818
54,13305,0.0028894494825848433,1.1866619881919707
54,13311,0.0012796465922085849,1.2713245589039461
54,13313,0.011476339378765429,0.6073846340674139
54,13315,0.002350538526761863,1.3595779595688442
54,13317,0.0011167235492000618,1.6139169232296133
54,13321,0.0016638295215482084,1.0748754072111555
54,16001,0.02608123049274431,0.5428122702032807
54,16005,0.009474195264316221,0.5243926328500085
54,16011,0.007121246537277522,0.9159293643972003
54,16013,0.0013230806470531378,1.946500113724279
54,16017,0.004014922285136725,0.8878605743627246
54,16019,0.013003589501446651,0.538614350358894
54,16027,0.01724131516445857,0.5018630360966776
54,16031,0.0051878506020617155,1.2657050648184385
54,16039,0.0012995281033453714,2.8402829720301757
54,16049,0.001980207748829847,1.3108041550291274
54,16051,0.003019651765510149,1.8156502634772465
54,16053,0.0032181268002543185,1.561904905552609
54,16055,0.011307994507740556,0.48898397126167303
54,16057,0.002397607971362535,1.2463209171034986
54,16065,0.007023607306101374,1.6129767493174532
54,16067,0.0032676789059559283,1.5653512552520406
54,16069,0.003658633731070408,1.0719285462077455
54,16075,0.0023864891536621276,1.6344828243868754
54,16083,0.0054090393868091195,0.7118236816812493
54,17003,0.002975713679071501,2.099678444865005
54,17001,0.004730892838962536,0.5522548202166175
54,17005,0.0013259250888661097,1.6501309660183054
54,17007,0.005568722154204498,1.2416602396816208
54,17011,0.005316208150483776,1.1692992921254695
54,17015,0.004224536107119524,1.2231462595680431
54,17017,0.0032370026067653672,1.8464798130087772
54,17019,0.02286089965601989,0.651072428966325
54,17021,0.003926404434918728,1.6559861263904572
54,17023,0.0018403544690084978,3.122625841469572
54,17027,0.004117525449556338,0.8254112963639797
54,17025,0.0016709931757401195,1.9635426141368202
54,17029,0.002872428154815221,1.5239716036618562
54,17031,0.02799086362886058,0.891077523505011
54,17033,0.003206441608532855,1.296180455980178
54,17037,0.008613569148421854,1.100938071020049
54,17039,0.0022980067004580097,2.1008052639203196
54,17041,0.0027522069841967854,1.1211113260633558
54,17043,0.04316063292767852,0.5007718578535388
54,17045,0.0022891024857630564,1.442497668153024
54,17049,0.005073090540788807,1.1080312571740543
54,17051,0.0027371302364836056,1.2466136264041467
54,17053,0.0026732039888579264,2.5583217172404003
54,17055,0.00579780342660768,0.9315930361313083
54,17057,0.004880896171558222,0.9297380684024416
54,17063,0.0043636403193272975,1.004075575611641
54,17061,0.002884238679570446,1.3533827167750272
54,17067,0.004812147877679758,1.0751461546060437
54,17073,0.004332861816849905,0.9462226062513276
54,17075,0.005378292043189028,0.982266309639441
54,17077,0.005832991541673822,0.9851109803064845
54,17081,0.003401860712245016,0.8084339790316055
54,17083,0.0020206704760023786,1.117805113766942
54,17085,0.002447812321859019,1.1917862225519436
54,17087,0.000784996433419445,1.5228604899911382
54,17089,0.03947766332457026,0.7850693531967897
54,17091,0.006117600819305301,0.45901812629884037
54,17093,0.01512291022175041,0.9969760359800508
54,17095,0.003223397249221273,0.6392193796590495
54,17099,0.007676753465092414,0.6058697495912502
54,17097,0.03554794098837775,0.8862205409229148
54,17101,0.003657559702220901,1.260958862636617
54,17103,0.0029902852242939906,0.9325297886442365
54,17105,0.0030347701860708653,0.986093450438361
54,17107,0.003939311249913905,0.9442414008220249
54,17109,0.002799327450606746,1.974403042158965
54,17111,0.02941387532705098,0.4057570150097517
54,17113,0.012007324805292015,0.645635408249357
54,17115,0.007366762004411058,0.4280164067461312
54,17117,0.005501967382003919,0.9088457377311365
54,17119,0.011411050425820642,0.5599881625119557
54,17121,0.005826311981603384,0.967184334817359
54,17123,0.0042016776475530815,1.1963841601040308
54,17125,0.0036074869863180876,1.5388128577118447
54,17127,0.0015257322378011287,2.0561398961202006
54,17131,0.0022220360613252515,1.6689422896100086
54,17133,0.0038932422633533585,1.8250283425240754
54,17135,0.0033788955029470376,1.240436932488244
54,17137,0.0029857648061869684,0.9419978851009853
54,17139,0.0020948580857643277,1.4362572834922083
54,17141,0.004379058515194753,0.9588782311058949
54,17143,0.013357084343967367,0.6972396146443653
54,17145,0.002354308603650752,1.6435793602223576
54,17147,0.0014248105745774669,1.3078826773396828
54,17157,0.0029259845562061323,0.9142678186018935
54,17149,0.003137279203215648,1.1570850739123464
54,17159,0.0024093213638659225,1.4389896806674958
54,17161,0.007210536812330245,0.4304758616711808
54,17163,0.013520586415252497,0.8607035760861309
54,17165,0.0039012562912814487,1.4606068554164966
54,17167,0.011459923836177294,0.5504509849279997
54,17173,0.0036574749242623632,1.1673628881410931
54,17177,0.0041083162841311915,0.7960912220291956
54,17179,0.008531435251161094,0.5953960138270595
54,17181,0.0024057918941242117,1.3519977643279528
54,17183,0.005811303510306581,0.5525297294404437
54,17185,0.0021354778575080895,1.3772402369331187
54,17187,0.001896299172882089,1.5022366291193578
54,17189,0.0026546212652721534,1.6300391971844652
54,17191,0.0034306011767953077,1.7178764642905016
54,17193,0.00303773724859528,2.2271196339655797
54,17195,0.006318946233010957,0.5962120815426333
54,17197,0.03548226984583559,0.676995955790948
54,17199,0.004678767632131864,0.7214837290514802
54,17201,0.010654894295979912,0.5533871796608288
54,17203,0.005117356267968096,1.0543892647738131
54,18001,0.0032268651117497047,1.652151922108502
54,18003,0.024166581186797036,0.5558990914866656
54,18005,0.007383660660590088,0.682610249170136
54,18009,0.0021719585931060125,1.6759906653589178
54,18011,0.006005380584053253,1.6055563548150515
54,18013,0.001847127721291697,1.610727418637407
54,18017,0.002854769317127433,0.9740108528204814
54,18015,0.005499554949546472,1.0919546770659585
54,18019,0.007535951932963743,0.6329925726973729
54,18021,0.0030143670777745034,1.5535343495619085
54,18027,0.003893994282772805,1.2118301626366896
54,18023,0.0026084736463450825,1.1112850495231203
54,18029,0.004985442116318079,0.9647970370796235
54,18031,0.002942444016030632,1.1800075857947623
54,18033,0.004570201108625688,0.7531475644604162
54,18035,0.007052260467198623,0.5935944604760058
54,18037,0.004999301182258177,1.1887906958405061
54,18039,0.017172372914167892,0.429465743827679
54,18041,0.0033995768111710596,1.1698845339231723
54,18045,0.003132137303144181,1.5726894204112374
54,18043,0.007689724316341262,0.6428031004745585
54,18047,0.0025264394827575806,1.5707134488234928
54,18049,0.002536415781127589,1.0916929864010687
54,18051,0.0030072952215073833,1.3358065417332143
54,18053,0.004118560191136282,0.6547088349411774
54,18055,0.00335913250586566,1.3231300867725013
54,18057,0.03067935637730183,0.43417188871486945
54,18059,0.007422587306618979,0.8896745666900902
54,18061,0.005008660120468156,1.2181759330151758
54,18063,0.015221155134878215,0.5025417477611607
54,18065,0.004988709831715243,0.7916475856100368
54,18067,0.005818084033243642,0.504050565413489
54,18069,0.005152755275675648,0.8375517410772714
54,18073,0.0034157504003817837,1.0714167946084359
54,18071,0.0045099501651260435,0.958056852464502
54,18075,0.004271089241251283,1.25993952863818
54,18077,0.0026367610947227566,1.2014504154270575
54,18079,0.002076359743199672,1.1180593828582208
54,18081,0.011331839299455923,0.5589529155730417
54,18083,0.0023291299401701692,0.9864341249776648
54,18085,0.006466060405699449,0.6181188032168962
54,18087,0.0060544158956935615,1.020370377720326
54,18089,0.018405462183776276,0.6741463151129231
54,18091,0.005892684768124092,0.4441584354227162
54,18093,0.003055714810442865,0.9660503870705317
54,18095,0.00919624849538665,0.5967675462607314
54,18097,0.03678987357868441,0.43706612114180554
54,18099,0.004085539950511084,0.909556359024536
54,18103,0.002815155787443917,0.8135815774180681
54,18105,0.015220237365428697,0.6485016325163077
54,18107,0.0044209522263186215,1.0753931955138472
54,18109,0.006209919313698162,1.028256835375744
54,18111,0.0015335141464590688,2.1552417972497357
54,18113,0.004542353691315536,1.1656360691806973
54,18117,0.003990871493051293,1.1073011805184163
54,18119,0.002962390684554763,1.3760674710841192
54,18121,0.001431230750644902,1.6809786964909643
54,18125,0.002744873161543257,2.3762622183667967
54,18123,0.0023588598645957744,1.4083576892113798
54,18127,0.010510161236423001,0.5089398580540013
54,18129,0.0037672195986186265,1.3849247892119254
54,18131,0.0016614959300971122,2.237610889659969
54,18133,0.00219248605461123,0.9751241291606952
54,18135,0.004555102592468615,1.0636589517940904
54,18137,0.0032016766820420635,1.2445088462943577
54,18139,0.0021132401040598603,1.4521195104444296
54,18141,0.015591094890380117,0.5029798865690323
54,18143,0.0024072498187379843,1.2388397260742734
54,18145,0.004241564005523292,0.9529309357612448
54,18147,0.0032213606969842185,1.606409771053349
54,18149,0.0038187452473585886,0.9954175204477409
54,18151,0.003145530343291015,0.8228878325298299
54,18153,0.001475813003404154,0.9980713189162175
54,18157,0.015558092504866802,0.7864559642692394
54,18159,0.0012395165613186877,1.6446522072375973
54,18163,0.01190109971539638,0.41055697601545427
54,18165,0.0031912244831940797,1.4640712642271267
54,18167,0.005909648090168181,0.47468069005001573
54,18169,0.0031739403473556582,1.7221558738101406
54,18173,0.005580275847441048,0.9046504411531241
54,18175,0.003980910265670693,1.065406864197029
54,18177,0.003902615916222615,0.7347795161977668
54,18179,0.003974474809108179,1.0730413236624263
54,18181,0.00416607976781038,1.1133913150788635
54,18183,0.0033127180620422737,0.8949519479130082
54,19005,0.0025833974242509285,1.231323369225652
54,19007,0.0023469750248094855,1.3186257334669707
54,19011,0.004005602992473414,1.0965308295226215
54,19013,0.008823215257747999,0.6959021166334148
54,19015,0.002805966103604784,1.3483548187411851
54,19017,0.003947921033346642,1.1731748303612324
54,19019,0.0035224604586725273,1.1700177990579046
54,19021,0.0026512993882558664,1.4484162755530547
54,19023,0.0037597456134893454,1.1908693145675349
54,19025,0.002692570470917308,1.5822082335953838
54,19027,0.0032827733510614613,1.626664723533042
54,19029,0.002362509770824567,1.5124439212398053
54,19031,0.0031371112569132365,1.1678008410580318
54,19033,0.004057902725376132,1.0964986359164117
54,19035,0.0020367414270338483,1.3609236702236802
54,19041,0.0014197130229876924,1.9782299768596905
54,19037,0.0026910957201652483,1.7369977847871563
54,19043,0.003968271837100555,1.378967858137838
54,19047,0.005049569249027048,1.1900570836195667
54,19045,0.005014929683666932,0.9736726448713576
54,19049,0.008758673382403657,1.176161220672932
54,19055,0.001928203242035195,1.6712515097289782
54,19057,0.0036265788540736327,0.7408178751660041
54,19059,0.002506608368467983,1.415869027024739
54,19061,0.00642792493125877,0.6259016601965052
54,19063,0.0016248444730359254,2.2813484488709697
54,19065,0.005245433262688966,1.5698533670160277
54,19073,0.0027615540773656545,1.7867650623937386
54,19067,0.002593491134133486,1.5441195939730477
54,19075,0.0030255017868429527,1.806122459317232
54,19079,0.002283410485689684,1.6168015921420775
54,19081,0.002813294905055871,1.4394788339794693
54,19083,0.004051645226040644,1.3180601920942208
54,19085,0.004121625269261286,1.4441463309126572
54,19087,0.0029595629903726756,1.129965174136075
54,19091,0.0027174268429415427,2.3094460668070926
54,19095,0.0019974563568077625,1.3984898582625593
54,19099,0.003728877006184137,1.162680704412254
54,19097,0.0034500764659659033,2.3098284943916227
54,19101,0.0013643544035583423,1.8623247111189964
54,19103,0.018177506501113015,0.697516683065919
54,19105,0.0029313029194199818,1.7815357036792014
54,19107,0.0030154678267297667,1.1704820567495267
54,19109,0.004486785426987621,1.558822644186938
54,19111,0.0036185349473037798,1.4192057847688306
54,19113,0.016098279777161873,0.3442845367913556
54,19117,0.002958477769647346,1.582622251326739
54,19123,0.004059943361717044,1.2253262401784188
54,19125,0.00248282241209567,1.6967504414403785
54,19127,0.004170107484781995,0.7529351666901265
54,19129,0.0021549057890611944,1.655903011646669
54,19133,0.002744679873123166,2.2021629456830083
54,19137,0.002197010637255344,1.9027293536388725
54,19139,0.003768536305300092,0.888080827342208
54,19141,0.0022076059465715395,2.0786192774848127
54,19147,0.0024553949135600046,1.5421074765487814
54,19145,0.0034045340098151325,2.333204796708093
54,19149,0.003320066664596097,1.3983626507885154
54,19153,0.024908534270920633,0.4069049830065954
54,19155,0.007382964182922672,0.6199845697585911
54,19157,0.0027432276468568554,1.9162431137967282
54,19161,0.003961231650968961,1.4969578647500996
54,19163,0.009426971721282196,0.5694926748157096
54,19165,0.0018229977873115803,1.8788114490012333
54,19167,0.005049041909407588,1.337003330780053
54,19169,0.014327262785860882,1.0324221590504237
54,19171,0.004122240430238991,1.62392370981919
54,19175,0.0015091803986809794,2.0530301803474953
54,19179,0.004293478394801592,0.7520745711392653
54,19183,0.0023793205939791396,1.6001140729967291
54,19181,0.005190733214763984,1.143736941654322
54,19187,0.0030192482929162693,0.722032157803348
54,19191,0.0026085349232546997,1.3072134600706915
54,19193,0.00808428250967242,0.49814687002379
54,19197,0.002820867841441733,2.0691046756493456
54,20001,0.0036282978098486148,1.524983760958678
54,20005,0.0016615713916162992,1.8053957304781012
54,20009,0.0025315914474688343,1.116349362157912
54,20011,0.0025693092815595566,1.5057554129885378
54,20015,0.0067654662436966535,1.026647852015381
54,20029,0.0018635293929046184,1.9988057699584305
54,20021,0.00200533279560326,1.4587924690129617
54,20035,0.004452262811443155,1.1575008548889738
54,20037,0.005150238802953677,0.959650668068982
54,20041,0.0028811909555017195,1.4078400252612897
54,20045,0.015886079368421187,0.5507631216322985
54,20051,0.0025848507937976466,1.1313089345762515
54,20055,0.008875817445816033,0.7157518985433319
54,20057,0.004913805651717066,0.9552513203022535
54,20059,0.0026203406341354747,1.1926846407753895
54,20061,0.009190591543364077,0.8224769167960185
54,20079,0.005049313791978777,1.2386829772449672
54,20087,0.0021249581003090832,1.6670815215470465
54,20091,0.036404207384203656,0.557397503502646
54,20099,0.0036299112127762727,1.1134506748323616
54,20103,0.004658976193087366,0.7740741624540074
54,20111,0.0032925850770730777,1.1294417263470042
54,20113,0.0030186942888620763,1.4810597936989989
54,20115,0.001829020334099456,1.4691536224577184
54,20117,0.0021210914560443276,1.4601060750633474
54,20121,0.003935439246245884,0.9962698702292877
54,20125,0.005137974506094444,0.9962715662705354
54,20133,0.002748262345416813,1.3598748555116116
54,20149,0.00225227335606319,1.752928171100021
54,20139,0.0028481819835192734,1.460067496548334
54,20155,0.004527046641572648,0.5589561566586639
54,20161,0.015786857024262985,0.7556295510090697
54,20169,0.0033935496688946493,0.7352546254803882
54,20173,0.024863614945380703,0.4557971533421415
54,20175,0.004432910421775752,1.2976550326364795
54,20177,0.007277206949941053,0.44514401310215623
54,20191,0.003605317124635698,1.1255205829591641
54,20205,0.002641303604013597,2.9206487689123026
54,20209,0.0375884358232295,0.5064007723440942
54,21001,0.0035735614330045006,0.868119076314429
54,21003,0.002529069247793018,0.9633931702861954
54,21005,0.002063799010895373,1.2024990790757955
54,21009,0.003074810222087602,0.8125886122839356
54,21013,0.0036715754839646494,0.8579129418996995
54,21015,0.01224585945500604,0.51886992815371
54,21017,0.002804243173165629,1.089064779206488
54,21019,0.0029141567630135033,0.7228842599839835
54,21021,0.002424623086210157,0.9940743440501314
54,21025,0.00532008688218096,1.0933013839952912
54,21027,0.0030858684787297233,1.0436826959921688
54,21029,0.005734908328057837,0.5883443505527101
54,21031,0.0018808271353851005,1.1694567391206347
54,21035,0.002273948057524762,0.9719268737724424
54,21037,0.006439026407478752,0.6559796792365215
54,21043,0.0024176814710626464,1.1048688739516659
54,21045,0.0025066044018015703,1.135691228191281
54,21047,0.009810160964825084,1.700120639037545
54,21049,0.003656254917508356,0.7948426818053133
54,21051,0.0024594844179943137,0.9075711273205345
54,21055,0.0015537561207038708,1.3772195648407692
54,21059,0.006416308789079966,0.5680292809404973
54,21061,0.001043959489547563,1.3703045623014667
54,21065,0.0021529826385902596,1.3425471291243296
54,21067,0.01878479050270355,0.5266602312590274
54,21069,0.0021947526891371786,1.6193419539958391
54,21071,0.002789798097554131,0.919426590797943
54,21073,0.00462988922856599,0.7130123731842323
54,21079,0.0017324096890646604,1.289251085888844
54,21081,0.0017670237437021567,1.9025873947879246
54,21083,0.003478782032330658,0.8360439582737663
54,21085,0.0030836985951252895,0.9432540024994149
54,21089,0.0038747551832297934,1.2810894571401734
54,21087,0.0015582800961090344,1.3744772180688112
54,21093,0.00948130212696224,0.6570416289485049
54,21095,0.003794842061220481,0.9378764962630883
54,21097,0.001957788407578544,1.2073575248032036
54,21099,0.0021654669511699787,1.1898748744297154
54,21101,0.0028057291669285104,0.8854611208149888
54,21103,0.003260652833105496,1.189690157814277
54,21107,0.0033634636139520985,0.7990948258679547
54,21111,0.020863775368146868,0.7516875118060934
54,21113,0.0038074095904111695,0.8707129429864705
54,21115,0.002296549513734009,1.0889845638507922
54,21117,0.011728787004921947,0.6536491138003234
54,21119,0.0025051755205795184,0.9818075167045339
54,21121,0.003048253802836818,0.9777172743924808
54,21123,0.0010242170759409608,1.3767593687494077
54,21125,0.004146760952620888,0.7109003163965275
54,21127,0.002449865640777624,1.0664100501904816
54,21135,0.001579610408185722,1.3023121756110878
54,21133,0.002357776170014331,1.1068408485593006
54,21137,0.0021107833578763663,1.038668088629601
54,21141,0.0027925283313395867,0.9916601579381812
54,21145,0.003482880818846958,0.6926015612113988
54,21147,0.0015426551202978387,1.4386739964515225
54,21151,0.00509312172298816,0.828485127639163
54,21153,0.0012080237013521748,1.5100559778641136
54,21155,0.0020582142204450876,1.083494333250636
54,21157,0.003821130376119581,1.3656672560839194
54,21161,0.0018715046602845668,1.2048098936135292
54,21163,0.0029713927194860157,1.6605140891492458
54,21171,0.0020852352587917107,1.2254604869364611
54,21167,0.002189226334433953,1.1073606546510315
54,21173,0.0022792675064796414,1.0634981531095196
54,21175,0.003423050585450932,1.095957246119293
54,21177,0.0037396936473907427,0.7956402996773617
54,21179,0.003350092212470897,0.8136146482806111
54,21183,0.0027272733182979536,1.0181331902969506
54,21185,0.009813851585062318,0.6926514786422514
54,21193,0.0025818691818191544,0.9667234860916604
54,21195,0.005210842230906719,0.7008652946520935
54,21203,0.001088631952797936,1.3529289593657259
54,21199,0.0035365488409066195,0.5590764480040673
54,21205,0.0011818420807356794,1.3394843912629508
54,21207,0.0017624116013546015,1.407682997397073
54,21209,0.006022167886126081,0.7369042750008846
54,21211,0.0032140282471936742,1.483233973105171
54,21213,0.0014545179731880133,1.4679306443822513
54,21215,0.002415336700885206,1.3564349397362885
54,21217,0.0021482426719418514,1.294217928005884
54,21219,0.0017335211687156194,1.595069590993475
54,21221,0.001867039098666754,1.2299479187983053
54,21225,0.0011235706919729912,1.3406526142889728
54,21227,0.008695451472672868,0.6792566066263468
54,21233,0.0016588818082298317,1.7097148267444364
54,21231,0.001647348602708552,1.2259690770079485
54,21235,0.0023355083300911606,1.4620034282492111
54,21239,0.0034354582715705327,1.0161271797816724
54,22003,0.0016170811097347233,2.3901345397146074
54,22001,0.006221436043687532,0.7867523203411537
54,22005,0.01234418745460489,0.612826947878149
54,22007,0.0038308374452719987,1.1345191606367275
54,22009,0.004054899967397093,0.8240511269436505
54,22011,0.0038127440629929666,0.9648185835038064
54,22013,0.0027555417280879296,1.6661840208397751
54,22015,0.007800801818038993,0.5535795048795285
54,22017,0.011018898319323739,0.45207395088471164
54,22019,0.008360805521778782,0.4169377164981378
54,22027,0.0027558901343401505,1.1900807174013053
54,22029,0.001698929714902693,1.5685271529015805
54,22031,0.003500042407389423,1.0576397025994348
54,22033,0.02156494171770307,0.6394149335236169
54,22037,0.001795976210613226,1.0339563471207132
54,22039,0.0038447266473869693,1.2371898156224743
54,22041,0.0030335474550716368,1.813769615436187
54,22043,0.002134412761561811,1.3059819348200847
54,22045,0.006878307086658561,0.694705718768036
54,22047,0.0023783574333959877,1.072721305166817
54,22049,0.002041281788525217,1.3161188845468603
54,22051,0.015406528185634127,0.4432829259251695
54,22053,0.0030265604884448425,1.2894862447418725
54,22055,0.014953155885759272,0.4559819440652544
54,22057,0.007006526341799836,0.828060858399933
54,22061,0.006270521987660509,0.7027224709084214
54,22063,0.011626513409343741,0.6141098396495973
54,22065,0.0020460053595381415,1.6041288555508542
54,22067,0.0027476998116265712,1.2161514795297232
54,22069,0.003993928658196714,1.1642775015897286
54,22071,0.05374915758741824,0.503088945474399
54,22073,0.00900794926623251,0.4609089468678962
54,22075,0.005790270033813232,1.7122859420914103
54,22077,0.0019258892835360797,1.7226769999821032
54,22079,0.006657972007196983,0.36894703547738517
54,22083,0.002429837457717685,1.4824007625855002
54,22085,0.0031148588685284357,1.1269913219917869
54,22087,0.011471670797473363,0.576098945238194
54,22089,0.003748318690723509,0.7642392214894422
54,22093,0.0032855131027366307,1.0963679888923767
54,22095,0.0035053364207279065,0.8731300018362628
54,22097,0.007992130575720126,0.6563953583648869
54,22099,0.0036251969421315505,0.8731240392782768
54,22101,0.0067887431596559454,1.2581644172768487
54,22103,0.012905905748873443,0.4713879629568141
54,22105,0.01006178668009181,0.6072706382124492
54,22111,0.00257147147925411,1.0814950638677383
54,22109,0.009606955869985228,0.6048385330516286
54,22113,0.0048097462793976935,0.7445123889675426
54,22115,0.01088882201684872,0.9751842372420231
54,22117,0.0037069942891040926,1.0712282164893192
54,22119,0.003116508916729084,1.2957340722087771
54,22121,0.002255291759592753,1.6369821639219346
54,22127,0.0016149185603582766,2.170514708689124
54,23001,0.006544060452707553,0.6372845099114081
54,23003,0.010328168131073864,0.8603472833553811
54,23005,0.01719095974228768,0.8853981182362017
54,23007,0.003201592397953222,1.2298871679953152
54,23009,0.009291229957949348,0.593302818510751
54,23011,0.0087442087102863,0.6038329807392879
54,23013,0.004269134018348989,0.9596635741596906
54,23015,0.005719380432485202,1.4820216037507346
54,23017,0.006095728782761594,0.6249218613439242
54,23019,0.008502549483047989,0.7297968871299442
54,23021,0.0055425985185948235,1.0269370142232
54,23025,0.005834877464299579,0.7668394314922955
54,23027,0.004512642043794828,1.0338597223833754
54,23029,0.006852743529743247,0.7223657471846934
54,23031,0.011475963546432951,0.5526310146964684
54,24001,0.004799934950322692,0.5138024366098985
54,24003,0.02823915847446831,0.515084415636827
54,24005,0.026356144141433602,0.5006565437551956
54,24009,0.010779895378584465,0.7348402833040668
54,24011,0.003563545156589501,1.0961180534333932
54,24013,0.015029676152563842,0.36172571408797816
54,24015,0.007470938129460286,0.6753306971738635
54,24017,0.01461384822565837,0.4863987439233343
54,24019,0.0021149991733811816,1.0675649179843065
54,24021,0.016341354959595534,0.57675097289642
54,24023,0.003598295645091005,1.128715014960341
54,24025,0.018119805709834763,0.4794685161254186
54,24027,0.03416888872613426,0.5798809470161713
54,24029,0.0017875157454025174,1.5061209717933812
54,24031,0.046636946644027705,0.5967294108234987
54,24033,0.03803997753658069,0.6771452456218167
54,24035,0.004638092042023763,0.8851969640686366
54,24039,0.002059508380611418,1.4327339661583864
54,24037,0.011335620616201608,0.8590826168578328
54,24041,0.004491027519878618,1.4072089240057724
54,24043,0.00538059846426407,0.46015307845458
54,24045,0.006132352303602206,0.5566824055811964
54,24047,0.0055083624774086605,0.949393847563303
54,24510,0.0426467631519933,0.5683621487225695
54,25001,0.029426837800813937,0.5177420083532355
54,25003,0.010807851947427461,0.6900543600990368
54,25005,0.016444119186003945,0.7840213217233041
54,25007,0.0027421952070061594,1.8182407925971733
54,25009,0.02619350609324831,0.872397069017763
54,25011,0.008670382207312916,0.9193903403330558
54,25013,0.016766223164741783,0.48683720493202703
54,25015,0.01739609720635955,0.772543415525548
54,25017,0.04593499804343529,1.0030086693797975
54,25019,0.0026356818569696462,1.417646051088059
54,25021,0.038047216974795066,0.9998578961469187
54,25023,0.024610760363469715,0.7751767608835921
54,25025,0.07296308282903911,0.7885700597142722
54,25027,0.023323576839447278,0.5518471239953348
54,26001,0.007299313138957698,1.3577269051855665
54,26005,0.00871036919121935,0.7620876919414858
54,26007,0.004797731164036299,1.1409030555254578
54,26009,0.006308634787832784,1.233295129968131
54,26011,0.003582430935830925,1.5269219206197004
54,26015,0.005054612612832861,0.7390994198748091
54,26017,0.006058312493356784,0.5474576862419017
54,26019,0.002952924120912619,1.5351342393367229
54,26021,0.00929789909122712,0.5208218728660453
54,26023,0.00528555297143922,1.1810870864822731
54,26025,0.008744590516715089,0.516382174704407
54,26027,0.005152403229858663,0.7798661380279516
54,26029,0.007310023434978993,0.9571768895367694
54,26031,0.005020141654141209,1.0875205600488378
54,26033,0.005719900595315333,2.079065653790321
54,26035,0.0050244021158622355,0.7771963023335742
54,26037,0.006662369289192013,0.5438315904434708
54,26039,0.003829335873538141,1.1890116855605408
54,26041,0.004140772865288328,2.0931283286567806
54,26043,0.00282643712392223,1.152698538988169
54,26045,0.00840975761637743,0.664302646346812
54,26047,0.003703207967939971,1.1079556099010852
54,26049,0.01975373148789347,0.5741758693052594
54,26051,0.0053566308229182,0.9739107418185439
54,26053,0.003609153909038894,1.4053973243316253
54,26055,0.008569775153956656,0.6125474962000845
54,26057,0.004085078787131575,0.988086865878314
54,26059,0.003688629779370382,1.0038956828804146
54,26061,0.004461144546642441,0.9761627032552369
54,26063,0.007338370946409454,1.115985282792297
54,26065,0.034581953957249306,0.7965792184622009
54,26067,0.005383131018572292,1.2205555411060178
54,26069,0.008461927955798452,1.0091555722937087
54,26071,0.005488840211134101,1.167851146545157
54,26073,0.007260055292082477,0.9779308856986964
54,26075,0.00895573454094239,0.7235352501122071
54,26077,0.015559114560831304,0.47146426853671325
54,26079,0.0020984778969314844,1.1666165768869579
54,26081,0.0365779763026885,0.627693184211234
54,26085,0.0032900042737930477,1.5653229584605082
54,26087,0.008562185645959166,0.6705952610981739
54,26089,0.006639128424752706,1.1411196110013553
54,26091,0.005151518448039401,0.7521537607548211
54,26093,0.025271750893701282,0.3855084316979011
54,26097,0.0045931176655728476,1.2853338483618308
54,26101,0.00537213907485805,1.1810570151201036
54,26099,0.025387734777230664,0.5703321913251046
54,26103,0.005564882336721961,0.9623790244618462
54,26105,0.0039017265946845016,1.4271243753568474
54,26107,0.0031038406768756958,1.622290406316839
54,26109,0.00469480843213291,2.215628758964088
54,26113,0.0026454563795527963,1.7117992071187196
54,26111,0.006343517391172546,0.6583010629440734
54,26115,0.0076654784147106,0.5606811692019399
54,26117,0.008078129032600792,0.796635886883175
54,26119,0.00524811478726611,1.4968054189269682
54,26121,0.008125665316266276,0.45058258904710363
54,26123,0.007401845378679036,0.8427720228645201
54,26125,0.03058403459476746,0.47720680671655025
54,26127,0.0033806537828635925,1.0376833287708103
54,26129,0.005680571365165823,1.1503627716552962
54,26131,0.002340600108677127,1.6374350347127655
54,26135,0.004954383525831456,1.3850630987443426
54,26133,0.005622219407274211,1.0257819498627287
54,26137,0.0030181763323082595,1.1513263166407317
54,26139,0.02014987936395227,0.5806849158019158
54,26141,0.006139680937578035,1.1979792931554103
54,26143,0.009226326422048325,0.9767572238846527
54,26145,0.010241504812198859,0.5554253577324133
54,26147,0.010045875422286722,0.7098599631571526
54,26149,0.006275959742269022,0.7500307972502192
54,26151,0.005431322299768052,1.002592097437426
54,26155,0.00605140346773962,0.8481220519962347
54,26157,0.008109418362650295,0.7641596982202525
54,26159,0.006260432461176674,1.2895927131561626
54,26161,0.029749244570036856,0.6567449040361627
54,26163,0.03431751365517197,0.6436411906409119
54,26165,0.0029311165114563266,1.0660255931997304
54,27001,0.008141950073661109,1.1530604666138522
54,27003,0.0319068746809323,0.644366430761552
54,27005,0.004992081113728062,1.0198212878739785
54,27007,0.0038434561252285782,1.1620078308856843
54,27009,0.004320519145819055,1.1375640559938716
54,27013,0.007079939624039683,0.8430570251125289
54,27015,0.003337790259525991,1.727410294371981
54,27017,0.0031089140496269796,1.219877144346211
54,27019,0.017615287161081947,0.6390632070455441
54,27021,0.00533910550594761,1.1304391632109456
54,27023,0.0021273439080668217,1.4957380841990453
54,27025,0.007964131657127364,1.0438621793877192
54,27027,0.005718170061535693,0.86049111955869
54,27033,0.002322101411606975,1.83712825511108
54,27035,0.006946047182230877,1.0560604596743446
54,27037,0.02951678655848707,0.4889520617554748
54,27039,0.004077478434481012,1.1841063545011303
54,27041,0.005043744551768404,0.9741036764608386
54,27043,0.006292397251261027,1.9355656413862818
54,27045,0.006108852614569205,1.2827143863905919
54,27047,0.006419442858895921,1.1255752800081953
54,27049,0.005086189779319677,1.3223494333244679
54,27053,0.04218811746649082,0.7640863956366905
54,27055,0.00381581665379289,1.8567783790986556
54,27059,0.004874189985288582,1.0147681690716297
54,27057,0.006205797078904592,1.79643129996897
54,27061,0.005841852973167797,0.9000259854194318
54,27063,0.0026800659667317924,1.7646453410809304
54,27065,0.0022728427830979985,1.6141936524225307
54,27071,0.0013466218617799548,3.4134060423611876
54,27067,0.004061296311024554,1.2794568891800147
54,27079,0.004678531957297419,1.1108404757891612
54,27083,0.0036604481256380375,1.272877984792882
54,27085,0.004659322068066281,2.3638175318083494
54,27089,0.004142235928994192,1.7760807593766486
54,27091,0.004089452078100117,1.286437645089864
54,27095,0.0028286040117026924,1.6870607246487896
54,27093,0.004767816492910493,1.4601612530984314
54,27097,0.0058055055518970375,1.48780609414161
54,27099,0.0047094804925691775,0.9274907405719383
54,27105,0.00284566583769755,1.4282125756060584
54,27103,0.0030329168778260715,1.7585212144713611
54,27109,0.016235358960909257,0.37493015404407803
54,27111,0.010471092059275475,0.8250998940742638
54,27113,0.0033827767701242574,1.4164416934455475
54,27115,0.00478499051122575,1.2045596609785578
54,27117,0.0043381192931736265,1.9476472152505506
54,27121,0.003113966223832107,1.5388859828275
54,27119,0.0039139385817911,2.106085981900577
54,27123,0.032723255969562104,0.6671739945973484
54,27127,0.004763422382892274,1.5996349691925325
54,27129,0.0055985958832227515,1.0698715355213173
54,27131,0.004593704199150034,1.0844345245104692
54,27135,0.0033403428131112234,1.5395206558851857
54,27137,0.013277032975605875,1.0134694647535882
54,27139,0.020067828603226263,0.5573170068681118
54,27141,0.014097130097099007,0.8885067699173983
54,27143,0.003696816406485687,1.808118107616433
54,27145,0.010839872514788875,0.7654050501412262
54,27147,0.0038195463347556373,1.0343917581145676
54,27151,0.0027096414137896606,1.8848393324562727
54,27153,0.005309485050450805,1.1647832971211391
54,27157,0.004283634721545225,1.152582221655499
54,27161,0.002738386477061331,1.5595092874140906
54,27163,0.01962631800958248,0.712309605856874
54,27169,0.00416955982270422,1.1439024013823538
54,27171,0.01450648925040705,0.8717932257751188
54,27173,0.003037132825536091,1.8237979379307125
54,28001,0.0027526573901791255,0.9183164527722976
54,28007,0.003348771460874697,1.328011865428353
54,28003,0.00281699420315683,0.9360674051930943
54,28011,0.004423478114884274,1.356739689526999
54,28013,0.0027653647213998446,1.7717774209176744
54,28017,0.001916591966548312,1.7156316638724498
54,28023,0.0015760719280400743,1.3818855474321114
54,28025,0.0024053903001618987,1.9353740528941528
54,28027,0.0034787204183177947,1.237866088964859
54,28029,0.0030877908235464923,1.2012526790151494
54,28031,0.001625222468625065,1.5268409392119997
54,28033,0.015139748829537643,0.5552303880304282
54,28035,0.006490756471429757,0.6196181600485086
54,28039,0.002789952015411126,1.2750743663422859
54,28043,0.0020158004825010316,1.534780994112361
54,28045,0.0030910405638267793,1.0470381465938665
54,28047,0.009130541721560503,0.3640244807712048
54,28049,0.019697148070891908,0.5109563578270772
54,28051,0.004068371190803609,1.1378777431025264
54,28057,0.0016410966144330334,0.8415629861646521
54,28059,0.006788328485087932,0.8676621595312283
54,28061,0.001375903165953473,1.6032004677776
54,28067,0.004441340255601813,0.8378147827494381
54,28071,0.005135431888795263,1.0844139472632737
54,28073,0.006236483296153568,1.0763546376538178
54,28075,0.00459955988818414,0.6974188163961356
54,28079,0.0017467480567871215,1.0891937259967996
54,28081,0.007060314540442335,0.5609035371989787
54,28083,0.004310725062660925,1.0296836698964158
54,28085,0.0027273533375630405,1.4829879406780113
54,28087,0.004300498909648212,0.8223887846787198
54,28089,0.007224894107775547,0.6889819418086515
54,28091,0.002311693155012894,1.3976870259597352
54,28093,0.00309375494325331,1.7088181158392823
54,28095,0.003372416405167143,1.2713870792378918
54,28099,0.003912445115937139,1.1626802764658275
54,28101,0.00207224115028348,1.3445450806289676
54,28105,0.007308346205298572,0.9991832682781479
54,28107,0.004036939558697949,1.2034828808622657
54,28109,0.004460725626389231,1.019541571658112
54,28113,0.0035100108112310034,0.8186613075891823
54,28115,0.004007556773622904,0.8629003643658608
54,28117,0.0021474354544375133,1.1799431925439845
54,28121,0.009045356804685703,0.48794851012116325
54,28123,0.0033747210170542454,2.1748095566699197
54,28127,0.0028914527963223584,0.9793812551409187
54,28133,0.00335113290344163,1.4389754531879992
54,28135,0.001571396544019858,2.7598680829771545
54,28137,0.0028683480498818063,1.3773045589150419
54,28139,0.0016299809548917122,1.5653692408309368
54,28141,0.0011960510960802315,1.592983876427793
54,28149,0.004466922831736335,0.7684713314294426
54,28145,0.003794018497544557,1.0569897955626049
54,28151,0.009251458233697175,0.6978891701163376
54,28153,0.0027163832613144806,1.5598043919648439
54,28159,0.002670424619533532,1.353833909310482
54,29001,0.002245715942332178,1.1360240294549644
54,28163,0.0028555582865685374,1.1612104666506409
54,29003,0.002064834554593789,1.5375209499729816
54,29007,0.0033859318263489533,1.1527162022578459
54,29009,0.0030183059986656317,1.3468068276987364
54,29013,0.0017555702770308095,1.562379767612184
54,29015,0.0033238656196818315,1.034761221535759
54,29019,0.014941550082558448,0.7602643279580258
54,29021,0.0074973814186295356,0.49392210725630487
54,29023,0.0031875709037715396,0.7808002737405677
54,29027,0.0034710872651243347,1.052600211011794
54,29029,0.004979377887639071,0.8342214904846765
54,29031,0.0042836096078678046,0.8758561213051836
54,29037,0.007234373287112444,0.7679056738832097
54,29043,0.011116803403750172,0.6037493309735379
54,29049,0.0020302759534185357,1.682925801652405
54,29047,0.017491274675685158,0.5091203421599376
54,29051,0.005569027996027262,0.6503500094966592
54,29053,0.0020991495932775636,1.5235450908867723
54,29065,0.0010290151583700231,2.1239481900853674
54,29055,0.0021992510950824677,1.0919317346413937
54,29069,0.005214565714254324,1.371363875735984
54,29071,0.00988756805258832,0.6998706995694334
54,29073,0.002345139413050224,2.2893940080015134
54,29077,0.016463443252460068,0.6568973073718709
54,29079,0.0016108426788298336,1.7363569678826893
54,29083,0.0029830080514987208,1.4675563397008653
54,29091,0.0045782941776417565,1.1671028285658949
54,29093,0.002465413184934677,1.8907455648176088
54,29095,0.02909871915439169,0.6184034458172489
54,29097,0.007651297831841862,0.6356126120253408
54,29099,0.01900470748989826,0.4856919046344313
54,29101,0.004367501922742857,1.6818164895166057
54,29105,0.002943766866069052,1.2846723324743978
54,29107,0.0033954461705217273,1.275783187618596
54,29109,0.0035401805661228218,1.6313194925618273
54,29111,0.0020625676173814246,1.3485827862776865
54,29113,0.0074270083851682486,0.829546997579494
54,29115,0.0026298509276197687,1.3597929828667543
54,29117,0.0016101582648656262,1.366804715470151
54,29119,0.002621772684103745,1.4886783244444004
54,29121,0.0026924261450697352,1.7163113381182817
54,29127,0.003476360013551819,1.8011008696917026
54,29131,0.002438374127653492,1.6854723587681015
54,29133,0.0013229368780795405,2.4598176223662613
54,29135,0.0018409069179867274,1.6844816439187513
54,29139,0.0022770042889026627,1.563789798461305
54,29141,0.001244349666739057,1.3893653671880846
54,29143,0.0031147743865249816,1.1580149525049173
54,29145,0.005700855467041818,0.9461324482412895
54,29147,0.0012888659241087224,2.075730224532101
54,29151,0.0024563821860076438,1.6002620913790062
54,29155,0.0042545697964632544,1.5019993008572396
54,29157,0.003099756166518083,1.450916814961205
54,29159,0.003924208920099073,0.8297415677572363
54,29161,0.002423778473222856,0.9142154786638129
54,29163,0.0018500661341827609,1.4904924053256092
54,29165,0.00868811383663145,0.5176968518913359
54,29167,0.0028777257951853085,1.5519896912658075
54,29169,0.006717756107591343,1.1814155407164986
54,29175,0.0030476268945932913,1.1486546307520575
54,29177,0.0021049154448274142,1.5324240301354681
54,29181,0.0016967663619872461,1.3106083439322054
54,29183,0.026748829840938584,0.5542923067953955
54,29186,0.0017352245828310324,1.654097947456151
54,29187,0.004830678378864289,1.017550110038024
54,29189,0.030137623168590116,0.7255514815770829
54,29195,0.004891504626833401,1.1974437782927492
54,29201,0.003079560896470489,1.2939683298522304
54,29207,0.003999129540739978,1.2340007312103634
54,29209,0.004593863625704521,1.323303217363534
54,29213,0.0031065738482339463,0.9460130566897077
54,29215,0.0027524144135609597,1.3740845305804728
54,29217,0.002967207082066073,1.5463319593795266
54,29221,0.0027420278194256065,1.1743346540185302
54,29219,0.003069853716757411,1.325654782256167
54,29223,0.0015782924557205388,1.5057971971386461
54,29225,0.0033629271123988805,0.9215449621439193
54,29229,0.0019362100276139685,1.6743954963662318
54,29510,0.034818011879003706,0.7328949344748794
54,30003,0.005423273241915212,1.3450095824268495
54,30005,0.003422103577572371,1.3280688569068824
54,30009,0.003951868437966894,1.4057924735290466
54,30013,0.004250809087471866,0.45501181408147545
54,30017,0.0033203417743022153,1.1858060427099066
54,30029,0.006945847829948763,0.8886566208435445
54,30031,0.00999622264416508,0.6754934058635903
54,30035,0.0012018631940276393,1.6356664696190428
54,30041,0.001919878350268125,1.4583737301529924
54,30047,0.0024554239225814526,1.278059759683046
54,30049,0.0048606281686705615,0.6414065925805926
54,30053,0.002407054848490792,1.143059475524009
54,30063,0.011299984960343316,0.5656472026456306
54,30067,0.0019701471069739746,2.4757980286917416
54,30081,0.0036143221157120477,0.8803215321440099
54,30087,0.0013351264431997211,2.370559323363101
54,30083,0.0022348540788787482,2.2774242673501797
54,30093,0.0031410724792206787,1.1457628893072573
54,30111,0.010333988501486032,0.5426001031946629
54,31001,0.003242132662564785,0.8119835944044957
54,31019,0.004808005482830213,1.0080422191070997
54,31025,0.004344045659809973,1.6837078130793455
54,31041,0.0023026111596889517,1.2505626357888635
54,31043,0.0017110049904347493,2.174061389591334
54,31053,0.0032481166908301944,1.2684534892438182
54,31047,0.0027033980057789967,1.932865730127819
54,31055,0.03402506463902872,0.757219991311358
54,31067,0.003137228802850751,1.0662894641091307
54,31079,0.005581170860039474,0.5581845052266098
54,31089,0.0019255613180355208,1.5668209538491222
54,31109,0.024074951686821427,0.6644653679362401
54,31111,0.0032473209253543064,1.2686244230632757
54,31119,0.0029780990238085082,0.9982910410259948
54,31131,0.00261233462057169,2.4345929097750676
54,31151,0.0014718492056652237,1.3624027495789925
54,31141,0.0037556981779398946,1.0593316117409841
54,31155,0.003110826364289223,1.2886615992991999
54,31153,0.02628322422006439,0.6122012601517172
54,31157,0.0037117853319160706,0.7965013245019423
54,31159,0.0019327777406054451,1.7335261614016104
54,31185,0.001552540574835231,1.6663193860581278
54,31177,0.0027941035498757136,1.4354914902434188
54,32001,0.001960716458509614,1.2533539863677543
54,32003,0.03470456313804313,0.6563219904429646
54,32005,0.008638413199926235,0.8100711958755955
54,32007,0.008258835556679877,0.9910800875734187
54,32013,0.0014604778590831039,2.4637704104542997
54,32019,0.0025142939439905627,1.13810924667706
54,32023,0.003528263787063013,1.440833453963653
54,32031,0.025384606740616104,0.46660196497437456
54,32510,0.0037818015338579565,0.6511183124603482
54,33001,0.005310940034052089,0.6056663519927502
54,33003,0.006632730066633023,0.9398062180424295
54,33005,0.005192755218044123,0.7800317666061894
54,33007,0.00550632576580488,1.1474560598996084
54,33009,0.009051183041388113,0.7025239300199615
54,33011,0.022467973927927716,0.6604038549538103
54,33013,0.010411374740802047,0.3811477262097762
54,33015,0.02397631714098498,0.7886767877724254
54,33017,0.008744067190517957,0.7969336785986505
54,33019,0.0024743602947162103,0.8474919716537193
54,34001,0.011471152595950744,0.7924861457962928
54,34003,0.03682767183660056,0.682970107517694
54,34005,0.019736698888573295,0.4867884545339475
54,34007,0.019066822297875055,0.6990035376912445
54,34009,0.012813971736148153,0.5319922720996385
54,34011,0.014200527115698339,0.5161020206697267
54,34013,0.03856255485505686,0.7799250948825915
54,34015,0.015792169608899172,0.32855742625857987
54,34017,0.0571998306221778,0.6930634753135259
54,01001,0.0037895319913450933,0.831967898232352
54,01003,0.008690589249772139,0.4791910454434598
54,01005,0.003606485322268106,0.9571858499066913
54,01007,0.0015944744569259854,1.610810515397584
54,01009,0.0053398178467530585,1.0311724678152059
54,01013,0.003706126192025173,0.9414051237450878
54,01015,0.007971678050228007,0.4426815854137629
54,01017,0.002635267016611275,1.2157125234529456
54,01019,0.00347208487003765,1.0707147374034816
54,01021,0.003991069744292269,0.8500871078625082
54,01023,0.0018948799954030097,1.628469194555761
54,01025,0.004885208915397696,1.1028501187001818
54,01027,0.0017532782012711103,1.3482377141571804
54,01029,0.0016570545778425458,1.4533592511551205
54,01031,0.004704555798616456,0.773551855916097
54,01033,0.002937124511580694,0.7107573487312728
54,01035,0.002802582375015642,1.0309451947029515
54,01039,0.004730153838100719,0.7290048265928696
54,01041,0.003872476231609669,1.0972853448281445
54,01043,0.0054258306836768334,0.6259748948977162
54,01045,0.0034162557613795215,0.6844804615549417
54,01047,0.004442392515516744,0.5986898121277995
54,01049,0.006021762761643689,0.7237211000259202
54,01051,0.00574540789234299,0.7242158458843552
54,01053,0.002620768617513572,1.1948869711311318
54,01055,0.005716551395104151,0.4873585304931748
54,01057,0.0018352213463089897,1.2327075158435061
54,01059,0.0031022449765932187,0.953198550961252
54,01061,0.002922137370184176,1.1350929928660671
54,01065,0.0032832604068336406,1.187375262688184
54,01067,0.002427894911405302,1.180380205531956
54,01069,0.008766536342169083,0.464090832277071
54,01071,0.004603127228271712,0.8581326514341754
54,01073,0.0180106271556364,0.4759808052926638
54,01077,0.004409475936324028,0.6551818097448482
54,01079,0.0036541848864813354,0.8636348237536594
54,01081,0.013194373911470957,0.8734499439877931
54,01083,0.0051873927754667315,0.6363182404029856
54,01085,0.002187458833270618,1.3408243778913913
54,01087,0.006733970275728746,0.8789330874335971
54,01089,0.013343072739054817,0.5657427509984809
54,01091,0.0023027569896409937,1.14602755030208
54,01093,0.0032520744446434807,0.9969620537387396
54,01095,0.006630050127148256,0.690543507680568
54,01097,0.016170505999605372,0.5438644170315697
54,01099,0.00352042348933088,1.0515262991052559
54,01101,0.01391153843835522,0.4799641606868017
54,01103,0.005701717834546935,0.5206912532883448
54,01107,0.002479181818549516,1.2454538038729965
54,01109,0.002240662404432646,0.7619319800305709
54,01113,0.003427627409114205,0.7726970993953786
54,01111,0.0027438900390779003,1.165909253064988
54,01115,0.006094937275709366,0.69674551201654
54,01117,0.014795679402893997,0.41857861623894976
54,01119,0.001337309811889007,1.7294375982757237
54,01121,0.005365563624057909,0.594072686392015
54,01123,0.0027522893476458477,0.8418348161865101
54,01125,0.012726781664729408,0.4803035761462265
54,01127,0.0060115482059770785,0.5353403361129268
54,01129,0.002752753880336744,1.3996019852275374
54,01131,0.00144178903906379,1.5349343231579389
54,01133,0.002852824643370423,1.3724169634173318
54,04001,0.012716019419026536,1.4204500934393225
54,04003,0.009184065304781629,0.7464083164952443
54,04005,0.011448077844114208,0.7784237812793234
54,04007,0.007222294618329469,1.060771303281742
54,04009,0.004809273516986908,0.9605089978568117
54,04012,0.009962288730575598,1.032211224828782
54,04013,0.0465950555054621,0.6419434210672973
54,04015,0.017297467329116842,0.6279429423459028
54,04017,0.01489234549420563,1.1912546537260569
54,04021,0.024697074876156196,1.060666833054781
54,04023,0.004517568386504597,0.8824769929652502
54,04025,0.018247848595751834,0.5820182233229999
54,04027,0.027790274858493967,0.9681241220000771
54,05001,0.0032702993510902215,1.2020816498719418
54,05005,0.00617061297758407,0.9132992860259375
54,05003,0.0019316733928823816,0.9029094380479934
54,05007,0.01979363289625047,0.5204013430498332
54,05009,0.0039000013653980757,1.142077519106417
54,05011,0.0035788565231380403,1.1527393659360443
54,05015,0.0013281268185218046,2.7822024441866504
54,05017,0.002233830044548409,2.2002134136421803
54,05019,0.0021032130373968023,1.5111378553367383
54,05021,0.003690276872768389,1.964239575578787
54,05023,0.0026032961720373793,1.0304569060205409
54,05027,0.002281920347700648,1.8945387943413068
54,05029,0.0024668639483294195,1.237379579877269
54,05031,0.00949331661835779,0.551486036263883
54,05033,0.003352059094779858,0.8797589525533427
54,05037,0.002466845211743964,1.239941432754269
54,05035,0.009747866735192578,0.6085828216725765
54,05041,0.00224436776858394,1.5554138633623602
54,05043,0.0021825464451293557,1.441307706160788
54,05045,0.00868793532672072,0.5704308361124952
54,05053,0.0022507078074820892,2.391162478876378
54,05051,0.004423369563841388,0.48517530912723206
54,05055,0.00309775322311076,0.844815555054588
54,05057,0.0018393037991671327,1.3158195394745762
54,05059,0.002403136248872021,1.058559858117788
54,05063,0.0026918230222999517,0.9096255013910144
54,05065,0.0021239326169000075,1.2997149919228537
54,05067,0.0023678586120597115,1.2114468697194214
54,05069,0.00613322526679247,0.45008868915809
54,05075,0.0028971696390386326,1.3483643728259709
54,05071,0.0027593410331543666,1.039966494341773
54,05077,0.00149087815201668,1.6402700140937772
54,05079,0.0010435810226686383,2.0489523060605976
54,05083,0.003675922348701394,2.518573820005522
54,05081,0.0015198095879022414,1.6783961879907046
54,05085,0.0055333596210188,0.7712805022113417
54,05087,0.0023657346719111673,1.441440026930708
54,05089,0.0019602694028855263,1.5315533431286998
54,05091,0.0033719627658473366,0.7354440435544171
54,05093,0.004249338924201737,1.0402055042204408
54,05103,0.0025804550291414693,1.0137990979917992
54,05107,0.0025254867975065157,1.2217512232517447
54,05111,0.002966891741366022,1.4755673710963368
54,05113,0.002396707550571824,1.0203792082650922
54,05115,0.004199875105658597,0.822598625402671
54,05121,0.001525131232849085,1.7787759391383078
54,05119,0.015724746527420192,0.3951347411226019
54,05123,0.0020244059823569076,1.2806434875473134
54,05125,0.008775691550294428,0.4751673937737747
54,05131,0.0080139226271867,0.5394829194111498
54,05135,0.0017276940532142961,1.5377915400011541
54,05133,0.0019184848046939452,1.922395252260664
54,05139,0.0033317677498313383,0.934807054202783
54,05141,0.002695235834652846,1.2750916581176601
54,05143,0.018147575187952347,0.8099419353336175
54,05145,0.004789124373582586,0.7260418954170401
54,05149,0.0032741629871925176,1.1497926622117358
54,06001,0.04332430689650154,0.9610317815089681
54,06005,0.0040989797905749085,0.9895748363024959
54,06007,0.013516477130448241,1.0218239923142907
54,06009,0.006336827623131048,0.9773769834357509
54,06011,0.0028617078916526096,1.3304306407663886
54,06013,0.036713598201959845,0.8523455706513087
54,06015,0.002857602997495496,1.2210748132113083
54,06017,0.013393524436718417,1.065850223120386
54,06019,0.048331135036646995,0.5820514716553479
54,06021,0.002787111831022713,2.2241287737882085
54,06023,0.00829308800314615,0.5347238061675592
54,06025,0.019297665469716955,0.6244009573914987
54,06027,0.0030707738444006754,2.0230075163737404
54,06029,0.052050956210562,0.5775297351275853
54,06031,0.018240294196359034,0.9666696908740671
54,06033,0.005277662555206564,0.7234821426340194
54,06035,0.0034124574181977063,0.9417968759058712
54,06039,0.014629483855768122,1.274904933886507
54,06041,0.026556660469878816,0.37951999988014473
54,06043,0.0033897893287166588,1.1107788467707145
54,06045,0.0068798832889652274,0.964038288663238
54,06047,0.02826060233196094,0.43349791745057
54,06049,0.0019688318482261502,1.647967178715315
54,06053,0.03401246933985511,1.1443841491346407
54,06055,0.01093592481691249,0.6342755877402904
54,06057,0.009845733919600249,1.5348393849900699
54,06059,0.05115216549726948,0.6305157840922251
54,06061,0.029778331209517585,0.6558449143925978
54,06063,0.0034269830187228898,1.2703495336022594
54,06065,0.05402525414143542,0.9278014159470074
54,06067,0.03515084362305882,0.5995906869623183
54,06069,0.007158215388255631,0.825503591464279
54,06071,0.060329097301833765,0.6223779097378699
54,06073,0.040070685815026014,0.6356504057476838
54,06075,0.07185087365235253,0.923823331836804
54,06077,0.03660453139835724,0.5871095323084876
54,06079,0.020876427443887877,0.7605504370672976
54,06081,0.036548199926385944,0.6673283597037866
54,06083,0.02820683499686074,1.0822347601229945
54,06085,0.058877028909335064,0.7045751608204398
54,06087,0.020336639362157728,1.1935901369020778
54,06089,0.010355047603321845,0.44718771728211726
54,06093,0.0068227234061609245,0.794657191967034
54,06095,0.024798343895610545,0.6223455350383106
54,06097,0.024797386697783422,0.564728118804526
54,06099,0.032272904422604366,0.4982273225827586
54,06101,0.00926424560980093,0.5467716731396642
54,06103,0.004856487002437859,1.129286337640341
54,06105,0.003409867664700604,1.752339372863806
54,06107,0.04359732803743964,0.4275812783963301
54,06109,0.004387699859930027,0.89676273415232
54,06111,0.03580586089207195,0.7520968730794253
54,06113,0.018528433522378582,1.1063369323363135
54,06115,0.008083210981537052,0.7990528694209641
54,08001,0.04065140665483827,0.5491004193629815
54,08003,0.0012710000748956073,2.0256413512809237
54,08005,0.03929023281284931,0.7363718263977429
54,08007,0.001906811785612056,1.8520181282196517
54,08013,0.027488094422771808,0.8171663264119149
54,08014,0.013186342837968195,0.7947842357000888
54,08015,0.0033865058487621232,1.9654296476930544
54,08029,0.00380101861476026,1.1234976880224528
54,08031,0.05516917988219987,0.7097364467363182
54,08035,0.040153784122511166,0.3944589709392349
54,08039,0.005071859525794108,0.9542824854510626
54,08037,0.009348890728819984,0.7920065868144195
54,08041,0.03600432184930476,0.6879174258438764
54,08043,0.005577853192427998,0.8722099635521074
54,08045,0.0066277326244550275,1.3000408697668049
54,08051,0.0013128132257417353,1.6063086724601998
54,08059,0.028077300861889896,0.4778622623724525
54,08067,0.004391864881687164,1.0258056104517932
54,08069,0.021762620185973944,0.7842384759559706
54,08071,0.003309953425263865,1.4198912153343823
54,08075,0.002034336530893638,1.1042108117351614
54,08077,0.010320584402276753,0.46126257946237165
54,08081,0.0013676269227247627,2.1730646828716007
54,08083,0.0026119874656458874,1.5587911208394074
54,08085,0.003678288423772515,0.9066722997276361
54,08087,0.0023071442250729647,1.485203233050195
54,08089,0.003404714560676623,1.2076564538761883
54,08093,0.0030254377713397826,1.55574008925418
54,08097,0.0015035402219383002,1.8679472185455148
54,08099,0.002693310716777635,2.3533048954033564
54,08101,0.010975641436622167,0.3413779804201397
54,08107,0.004828137025717281,0.9993025421204537
54,08113,0.003227973554147422,2.0008567322154334
54,08119,0.0034627937226667464,1.5781820397719426
54,08117,0.006268524074224723,1.538723538737825
54,08123,0.02426930574433697,0.7637484706985813
54,09001,0.03615378985982612,0.7981708126926071
54,09003,0.020852912785361936,0.6421113986269982
54,09005,0.01373726767774859,0.46943309657742716
54,09007,0.012554989072771368,0.8799341642344761
54,09009,0.024040652604212804,0.7549905488089237
54,09011,0.011000028410571395,0.4454485880004016
54,09015,0.006765554020455731,1.014300602866345
54,09013,0.011677108009308282,0.6285028901982161
54,10001,0.006536064503702265,0.40727933946828854
54,10003,0.020619282029737916,0.6683881388017827
54,10005,0.020509054653194504,1.132650336112504
54,11001,0.06527756538457348,0.8952570129397488
54,12001,0.023124863488091237,0.6625836835955612
54,12003,0.002734975822252301,1.4364287212517899
54,12005,0.008382874483310439,0.3756946685399293
54,12007,0.0020712402992556695,1.4366621682539222
54,12009,0.021307434368012062,0.4114409312083913
54,12011,0.03995898687954502,0.5383986159590832
54,12015,0.03194783853730594,0.5056790949729779
54,12017,0.018532435646372563,0.4177312809415458
54,12019,0.008561721999336568,0.4949447500485654
54,12021,0.043530044988781665,0.8424992007317557
54,12023,0.004377126837367184,0.8533431145448139
54,12027,0.00335083882203004,1.0971647916685543
54,12031,0.027112501106701225,0.5217181531191314
54,12033,0.011692573092827695,0.4000569518059114
54,12035,0.01220924791663347,0.5447052985208739
54,12037,0.001437842979367382,2.6618966794776626
54,12041,0.0012041028308993416,1.3739192376545146
54,12039,0.003861372852010435,1.0144871349606666
54,12049,0.00383411398624113,1.2333499738105358
54,12051,0.003513969812280364,1.5305794158566615
54,12053,0.015582700444738896,0.6602807584342981
54,12055,0.017270045359733692,0.4668286788591823
