src_state,tar_geoid,mi_shift,moran_shift
56,34019,0.04059656714047444,0.7173350605957852
56,34021,0.029385752332381096,1.1074580428780811
56,34023,0.02981918606390783,0.9863072130202324
56,34025,0.03229137989078627,0.71027033055548
56,34027,0.04854963967822823,0.6036046490739885
56,34029,0.04611035875000437,1.0595004254743228
56,34031,0.041923479830177406,1.1229204521441978
56,34033,0.028329084431003532,0.9315090591858007
56,34035,0.04198475053383594,0.6297875707865819
56,34037,0.0414511347519225,0.5622320061302093
56,34039,0.04052912462663168,1.1107464810211891
56,34041,0.023621871945217265,0.6688896095202119
56,35001,0.020632958110422293,0.9781494848323825
56,35005,0.014012732078470447,0.661190341076595
56,35006,0.010554982729084705,2.3636601235009698
56,35009,0.011766938385773102,0.813044806677683
56,35013,0.02681411592908956,0.8524439904685579
56,35015,0.012343446191402601,1.1607967813015367
56,35017,0.015322906422696913,1.3908576795202008
56,35025,0.0278563402220811,0.7592933855406394
56,35027,0.011147942153220538,2.844491051116373
56,35029,0.011741042067167506,1.4407759315784539
56,35028,0.0075609923717012755,2.1068048258707215
56,35031,0.03578417380889212,0.883645766565608
56,35035,0.00940903991803616,0.6001387541929268
56,35039,0.01530258734129486,1.030695613527085
56,35041,0.008298815304095658,2.1035968439497594
56,35043,0.013987966298921645,0.5990088434043589
56,35047,0.01238722710225731,1.3684285080540604
56,35045,0.026291181514177666,0.6434694059191198
56,35049,0.035348264151916026,0.9457943119061705
56,35051,0.01495744862544036,2.6460375171898542
56,35053,0.010689492306961972,1.6091086862111401
56,35057,0.006546529593579396,1.7578893302669878
56,35055,0.010569516007061316,1.516350158549705
56,35061,0.019518238690271607,0.6386170387363621
56,36001,0.029635254389383824,0.8570724563350318
56,36003,0.025159196064646415,0.760705052533564
56,36005,0.050139866626270166,0.849495361009782
56,36007,0.03499591783641874,0.68232854458346
56,36009,0.02181381741122494,0.6822581450818713
56,36011,0.027363982970068854,0.8340395769518012
56,36015,0.023414924759615766,0.6380069582345854
56,36013,0.029998404478219765,0.7920479766911708
56,36017,0.025361660118851766,1.4336906322727494
56,36019,0.01814907518410965,1.0614929067715022
56,36021,0.03828309671298568,0.9197335590626785
56,36023,0.011278852015637808,0.9072814331326521
56,36025,0.02743575800344712,1.3072575204216648
56,36027,0.032022426262310374,0.8792053499576146
56,36029,0.02203788105025996,0.8639908834915613
56,36033,0.01980445296155144,0.9161724515058175
56,36031,0.022827170571433852,0.8780542758595403
56,36035,0.021432483946813248,0.8584873944765103
56,36037,0.021195450034563506,0.7990818724979971
56,36039,0.021312394716360383,1.03313673106095
56,36041,0.019866850686905097,1.9567006949544743
56,36043,0.03051195172342009,0.6888514828464292
56,36045,0.018471727537122354,0.6656328157908374
56,36047,0.027087414212452046,1.05428779658178
56,36049,0.018950705404397212,1.5972523033194015
56,36051,0.01372550341235807,1.0297588390489285
56,36055,0.026362531053986917,1.0827654502396515
56,36057,0.018742036032035465,0.9043804264052958
56,36059,0.03343109045323296,0.7111099363162006
56,36061,0.06992520634145064,1.0272890304401032
56,36063,0.033032135549147065,0.791409100286868
56,36067,0.02988492012145668,0.9956900851561166
56,36069,0.021721756675289194,0.8087162043272883
56,36071,0.033710946799956835,1.219552123293074
56,36073,0.01723647747310765,1.7301261326049475
56,36075,0.02711158084341615,0.8607477170465107
56,36077,0.02255126950465123,1.6791438282772808
56,36079,0.03195105668628568,0.689005849258584
56,36081,0.027755321124207057,0.9056391085029786
56,36083,0.021099814973455495,1.2184580208754123
56,36085,0.036920435238187464,0.7654554241843092
56,36087,0.038009664338758783,1.2199630298607105
56,36089,0.022977364528894782,1.0886873602286729
56,36091,0.026768971639248733,0.566623926131933
56,36093,0.0320809547148427,0.6940827261113932
56,36095,0.014785698238035555,1.5136974351740418
56,36097,0.010724338479147616,1.5605615253685914
56,36099,0.019288499894506043,1.0914753461239142
56,36101,0.035356010781707414,0.974157574437553
56,36103,0.026316345772930034,0.777176872482325
56,36105,0.02482505176558896,0.6309580330818247
56,36107,0.01742695191659303,1.0228755363103321
56,36109,0.03138339258196791,1.0523596072915495
56,36111,0.02871374611882797,0.810489459380048
56,36113,0.02407601705794223,1.1038168069277832
56,36115,0.026818270849517347,0.9802464715119366
56,36117,0.02865767330351804,0.6946238712093312
56,36119,0.03450681297969924,0.78862620951426
56,36121,0.01917991868889602,0.8799165014069199
56,36123,0.01723739601891743,1.7529299693978044
56,37001,0.02634110573560446,0.5997110750959472
56,37003,0.014087181335296224,1.3288427774100344
56,37007,0.013187857228536918,1.5171529218583868
56,37009,0.013662090552818858,1.2914047318808475
56,37011,0.012897410744919017,1.5889675389104654
56,37013,0.017041650368672685,0.9032938254307479
56,37015,0.00784839031934804,2.041859635480537
56,37017,0.0155770146079603,1.5855223333858293
56,37019,0.0481916447702715,1.081773687611452
56,37021,0.02785819232528314,0.642576276456553
56,37023,0.023800926048674363,0.642575696418891
56,37025,0.022661898389835036,0.49022690868977453
56,37027,0.027719058046439187,0.6176084396554734
56,37031,0.06307303540689392,0.6498777048211037
56,37033,0.01303464089766532,1.5649227815366804
56,37035,0.031074188210397865,0.5682120759035512
56,37037,0.017459536233230516,1.2712461159800008
56,37039,0.018549658203623684,1.3851397732359947
56,37047,0.021143159437336342,0.6745812702366258
56,37045,0.02535286037148125,0.5508011763610944
56,37049,0.012338975347482156,1.1958835251986422
56,37051,0.03623323856297411,1.1816902450090332
56,37053,0.008345597978386314,1.137617313810322
56,37055,0.016394599894532968,1.5033575713568526
56,37059,0.014493648446687393,1.4230942932236124
56,37057,0.030875240857413614,0.568715911192808
56,37061,0.018665048633394698,0.8077385324643142
56,37063,0.0356235276970432,0.6999038368324362
56,37065,0.027195606045372273,0.9115502762505664
56,37069,0.015585484528847093,0.8170812199533761
56,37067,0.028682107585282654,0.8508900444726295
56,37071,0.046452580711236736,0.6197362183293701
56,37077,0.01818405849391568,0.859520415756436
56,37079,0.007657481532290501,2.0276939202882613
56,37081,0.02578638448291782,0.6936785952001555
56,37083,0.02539786088330746,1.0060180725197543
56,37085,0.024391520940194405,1.252466859492359
56,37087,0.022173538632580248,0.6501024043839302
56,37089,0.03541208454224798,0.5498105071704688
56,37091,0.007995745330261528,1.7397450014435607
56,37093,0.01290113795846495,0.8671404161473514
56,37097,0.031807095691994275,0.6965871146797492
56,37099,0.010425516395857096,0.9687508281879992
56,37101,0.038936498575320624,0.6210742571095256
56,37105,0.014140506189555433,0.7577860748049717
56,37107,0.021999361373626812,0.7597879110506408
56,37109,0.028549544384266233,0.878481638578848
56,37111,0.019809445718233763,1.0199236814307409
56,37113,0.02597432991259081,1.0498649200323538
56,37115,0.013772029390240519,1.6169998233125609
56,37117,0.014165244068988258,1.5318237866945104
56,37119,0.03113235714764658,0.7872102225986026
56,37123,0.007964033962505588,1.403103044511355
56,37121,0.008964834498223809,2.154427422293208
56,37125,0.022237690495683835,0.7237443941541265
56,37127,0.02269738131422144,0.6768631603090199
56,37129,0.02703587026884498,0.5906526916497571
56,37131,0.012816486647397112,1.9995229510086268
56,37133,0.04620715863828617,0.6890492816219885
56,37137,0.009324987588739623,1.9431697854828247
56,37135,0.025721496297926156,1.2455760616738631
56,37139,0.009779561382337697,0.9404318158070615
56,37141,0.016693786451058422,0.941676904048872
56,37145,0.011246743689720772,1.437584514646657
56,37147,0.019628737420089054,0.7231900305426467
56,37149,0.01877669328242858,1.465638960988781
56,37151,0.030467793245575664,0.5412506988956194
56,37155,0.041608085043291096,0.510081161619714
56,37153,0.02204687538279285,0.7620724603243225
56,37157,0.03022966524282702,0.6271975837071987
56,37159,0.029719204787217558,0.5816370256489091
56,37161,0.018830463657751942,0.7771077793142316
56,37163,0.026600645715941326,0.8961936966463004
56,37165,0.017325694875473596,1.2541403445095538
56,37167,0.026653579285447378,0.7588023184483856
56,37169,0.018734891286821487,1.1163002921064133
56,37171,0.027886667306535877,0.6771953655514659
56,37175,0.013091693113524977,1.249866603237917
56,37173,0.004703426156823062,1.6008774774776715
56,37179,0.04366625843880292,0.8075180996983725
56,37181,0.014212450387791592,0.8276594689281886
56,37183,0.034239046211398574,0.9247548680945161
56,37185,0.01472627885555619,1.6609059805439415
56,37189,0.020566746891275203,0.7110328571317488
56,37191,0.023543311404257174,0.477591201965927
56,37193,0.027585653737662887,0.6657460680078849
56,37195,0.026526988667150506,0.7125814667027216
56,37199,0.013676196573034519,1.9939964627306288
56,37197,0.018219761349141293,1.4828843394240243
56,38003,0.004997548742307227,2.205382157028367
56,38005,0.01356153858943628,1.9345172316537953
56,38015,0.01790011980010774,0.5672160333873936
56,38017,0.017579811910528834,0.6147644961175255
56,38035,0.01393086925585234,0.6010090502396973
56,38053,0.00815819489356434,2.3624404221265487
56,38059,0.008098674870154761,2.0059205770568775
56,38067,0.029256239975727582,1.6994983127736352
56,38077,0.01573156996676109,1.8743064197603754
56,38079,0.008541244281490999,1.8861323009264195
56,38089,0.008091957341160723,1.1157624775956223
56,38097,0.011625279084130616,2.108061219399307
56,38093,0.008658174488313472,1.6610137774549767
56,38099,0.02347140942624731,2.3555118591975828
56,38101,0.010152580379112819,0.7689396760299909
56,39001,0.0150930607406875,1.4816636670987753
56,38105,0.007958947214190716,1.4565850925656403
56,39003,0.03610667253853984,0.7054379274189594
56,39005,0.016569484422772965,0.7248035534905704
56,39007,0.031589949740444635,0.7911017573841501
56,39011,0.019815511527698355,1.4090616242499086
56,39009,0.01776784741976843,1.6129823980808167
56,39013,0.026449617672076292,0.6667661188436399
56,39015,0.018385512703320388,1.092955245430442
56,39017,0.02871880741131036,1.2825187824551856
56,39019,0.016478533250764447,1.3684175517120365
56,39021,0.01594678118635528,0.9908038396896904
56,39023,0.038581056121107675,0.7286659262572285
56,39025,0.026287730326667657,0.6196498021007067
56,39029,0.03433019760669607,0.9015913711657608
56,39027,0.015301391276000142,1.455189543120942
56,39031,0.018094075722484552,0.8942542084595436
56,39033,0.024430813595240804,0.970960165753977
56,39035,0.027396447015001282,0.8781491382266624
56,39037,0.02123650750905734,0.9486560109575556
56,39039,0.019577178836819684,1.2423779942617756
56,39041,0.04109879289521416,0.8011879659434535
56,39043,0.013705868022819364,0.6556110704292877
56,39045,0.017467217164240347,0.9902227021528522
56,39047,0.01706092686295174,1.2497465131348893
56,39049,0.02235674594509751,0.8464635687955424
56,39051,0.017390759145988866,1.1040843852046962
56,39053,0.013011341629415635,1.3045874348785493
56,39055,0.029086875035236534,1.0293155048311675
56,39057,0.01659286251623002,0.6279297896485811
56,39059,0.023139359587569526,0.8705311571795278
56,39061,0.028951124079190853,0.9773857118171148
56,39065,0.012896076339789585,1.4653589968307763
56,39063,0.0190921600872617,0.66349667378123
56,39067,0.014085222752733053,2.1461118681540894
56,39069,0.0162332844350756,1.611743025995859
56,39071,0.01816266389741729,0.9502480018397084
56,39075,0.025927240992554994,1.198377850447387
56,39073,0.013988156663494612,1.3750689248124655
56,39077,0.023895777681406678,0.9132253990275884
56,39079,0.01575497498131808,1.3346456372990232
56,39081,0.03437192501260077,0.8997328984408808
56,39083,0.01632742627235586,0.7432445979399815
56,39085,0.032452762853355424,0.7268800569003526
56,39087,0.020198572448510036,0.783782375535245
56,39089,0.0266577062321608,0.6179343164624842
56,39091,0.015863809704323367,1.3170712625562806
56,39093,0.03123024816890888,0.5891917987642712
56,39095,0.031028958224764678,0.9431172669585103
56,39097,0.01704027336412169,0.7743271261645729
56,39099,0.04268075248493461,0.6981008809981586
56,39101,0.02077141360686083,0.5495917515011163
56,39103,0.031764252444843384,0.568585376239579
56,39105,0.01822820260853426,1.3969223769019175
56,39107,0.015115873692549731,0.9889937511054425
56,39109,0.02465941495429182,0.6637508402219217
56,39111,0.012232060763711784,2.187905500537663
56,39113,0.027919207707570188,0.7781434763921252
56,39115,0.011494550434601318,1.7507221361056722
56,39117,0.014647555200229204,1.3201286901674798
56,39119,0.025553601231234947,0.5698394663884587
56,39125,0.014207619500061632,1.7335948346084937
56,39123,0.026306806692056973,1.8041348747679498
56,39127,0.015565534658981238,1.360312628029894
56,39129,0.015260876560818846,1.0240982652783928
56,39131,0.014901803883089159,1.3585253742188639
56,39133,0.02106830921634884,1.399565328976947
56,39135,0.02266716858495579,1.21836492456771
56,39137,0.02160671999708032,1.2706765142088237
56,39139,0.02878927383524355,0.5384863174292777
56,39141,0.022468898391481206,0.6822452742342577
56,39143,0.024336495953637623,0.7673277934969
56,39145,0.019966962778755443,0.8059549578211758
56,39147,0.028496964275797686,0.9251118794198339
56,39149,0.024629266460044697,1.067417652905444
56,39151,0.032752560317265145,0.7173709907494756
56,39153,0.02751332336026855,0.9696035593311687
56,39155,0.03608822944301368,0.6169279594648581
56,39157,0.02613915385048752,0.6032841940651513
56,39159,0.010087765793057934,1.009705521748032
56,39161,0.018024663946205766,1.0911925803798712
56,39165,0.03378977036292983,0.5839029319942011
56,39167,0.0241550764094996,0.7828010014126352
56,39169,0.025418629224235684,0.8192495272510675
56,39171,0.019989617120572695,1.1011298174438904
56,39173,0.01917963569859419,1.386013742940371
56,39175,0.014849906984711113,1.4676860367930966
56,40001,0.016170777683209864,2.156099873673425
56,40005,0.008423527206543263,1.7140726671867557
56,40009,0.00536285526896293,2.1454452339807215
56,40011,0.018635327042547042,2.8847297326027355
56,40013,0.011866292397192713,0.8846616732363521
56,40015,0.01775281779337396,1.4671101126517374
56,40017,0.023698336466429826,0.6931871020115514
56,40019,0.022554187605879808,1.0502714578467345
56,40021,0.01733076067035544,1.0466814313582429
56,40023,0.0166153792702968,2.162480521742416
56,40027,0.02148007164244324,0.9385428420379808
56,40031,0.026116358357953735,0.45934363663540495
56,40035,0.01309029967534298,2.117763350751366
56,40037,0.03837556934648174,0.6011710488874453
56,40039,0.00819618329922734,2.1798153800702424
56,40041,0.023882239743821962,1.1059907760406797
56,40047,0.01591811262846997,0.788895451557226
56,40049,0.02628578102747633,1.2857038902914115
56,40051,0.01491210023641275,1.0784177024840758
56,40061,0.013001704451633199,1.7991447551374262
56,40063,0.02106934938772125,2.2246898992009463
56,40065,0.01166490086767766,1.021672435146775
56,40071,0.016428241950460463,1.1088390721361652
56,40073,0.008879741362754295,2.1529077476738534
56,40079,0.02778444898638014,0.8617423447672751
56,40081,0.02033036746610483,1.2194998039472345
56,40083,0.010300765666024092,1.2242375625169262
56,40087,0.013542476551124623,1.3525225154213683
56,40091,0.017765494555616733,1.9555706634994783
56,40089,0.018384605767092978,1.256747328882919
56,40095,0.008536999377834378,3.128510565982124
56,40097,0.01804805219138463,1.7278388485450233
56,40103,0.007920560630409528,2.288694171869864
56,40101,0.01650663182955034,0.7008826324251339
56,40105,0.00983899284574415,3.383410992333131
56,40107,0.010680661236354966,2.268019360756012
56,40109,0.02857824350097126,0.9128454586421136
56,40111,0.020449700612305704,0.9676645677866306
56,40113,0.014664630576507688,0.9780604713948278
56,40115,0.024731443226402625,1.0817248938688595
56,40117,0.01433758364737509,3.186832140738093
56,40119,0.021721308124224122,1.4605260998993166
56,40121,0.020187929901735478,0.8415344963067657
56,40123,0.014901199224721308,0.9470766986104687
56,40125,0.024316697533096576,0.6283554415097823
56,40131,0.031805373234658076,0.6537238452166897
56,40133,0.024107652267516804,1.0944673413209145
56,40135,0.01603612499367745,1.2611814790274951
56,40137,0.021940105804942562,0.8521886051233099
56,40139,0.009132739878581085,2.4375182183629374
56,40141,0.022606729465041296,2.164182009088861
56,40143,0.030442657685866948,0.8570695899527268
56,40145,0.024418654112408646,0.8006791757856447
56,40147,0.020289641069683832,0.7187390300807496
56,40149,0.00979098949609932,2.288088566057447
56,40153,0.00994220576325525,1.8536813887179435
56,41001,0.01920906828994216,1.4868159104929648
56,41003,0.024672222677643848,1.0595346358286475
56,41005,0.03130712528453453,0.629082750564428
56,41007,0.02010697994126199,1.2348495606927092
56,41009,0.015066941801858861,1.083973426340977
56,41011,0.022141199839573234,0.9775946386562548
56,41013,0.006679490058824299,1.7751893374233478
56,41015,0.016563123408098627,1.8428177105903216
56,41017,0.027333497092295475,0.7611828820439964
56,41019,0.034103947211944104,0.6507156304321745
56,41027,0.005713889202897939,1.8806759617220736
56,41029,0.02349296858921865,1.0049017993676097
56,41031,0.0058302448381900955,1.8306680025270592
56,41033,0.03052220425353956,0.9477925914540947
56,41035,0.018286242433012433,0.8506831287567119
56,41039,0.026554556814690378,1.1939065761959538
56,41041,0.03896116158561631,0.7854047514920958
56,41043,0.017551647389861508,0.8604035171847287
56,41045,0.009862066339780052,1.1255595279060526
56,41047,0.023094861497738137,0.655196899081793
56,41051,0.0458466045272606,1.1138121566097188
56,41053,0.014169008698417458,1.066531488130222
56,41057,0.02334530203577801,1.1913552868035613
56,41059,0.015604228520672364,1.0944844531505789
56,41061,0.016642902818091686,1.2387887839215515
56,41065,0.011112136134922294,1.1652806407957932
56,41067,0.04157846469933679,0.6771896977665036
56,42001,0.025442027662477162,0.8688240325743009
56,41071,0.0197914201150969,0.821883540391373
56,42003,0.030942921779078567,0.8636578971143253
56,42005,0.04619484487177348,0.7037346160071017
56,42007,0.04483129947646752,0.6010325738326538
56,42009,0.03697806741930733,1.1294263696090823
56,42011,0.03583131623790502,1.2802620338236472
56,42013,0.03342488686160489,0.6421579108373586
56,42015,0.03084699842511829,1.1588967145395643
56,42017,0.03785801275402778,0.7548060875631872
56,42019,0.030732634481920228,1.5906500814201254
56,42021,0.04466153957478314,0.8823066988190569
56,42025,0.026213304256892025,0.8235726152497621
56,42027,0.027973379188454744,1.658915608822855
56,42029,0.035545446248483485,0.9468503178267491
56,42031,0.028053897358377378,0.8125551888289723
56,42035,0.014929383211568888,1.515308821207994
56,42033,0.03981826880177753,0.9567681651732697
56,42037,0.024232722244354996,1.0859475506522271
56,42039,0.03224912198260406,0.8427981088633413
56,42041,0.023468396962904436,0.7105245818146109
56,42043,0.02700759271039069,0.8504688832166846
56,42045,0.03251695428330121,0.822622023648036
56,42047,0.021628342138276586,1.0565527148785459
56,42049,0.033843781664926485,0.8604445902325389
56,42051,0.04718702797947581,0.5631116630635695
56,42055,0.025798006426576564,0.5225656682423373
56,42059,0.0222189059951447,1.1885521780102422
56,42061,0.028788311252932006,0.8346048349800816
56,42063,0.019032324795781475,1.8237964551791008
56,42065,0.03166728109881819,1.4375720955348317
56,42067,0.015409282695200588,1.9305046185643173
56,42069,0.03478148403954025,0.6434749712735148
56,42071,0.03313364199454337,0.928774948568374
56,42073,0.03565184284557118,0.5178672877780494
56,42075,0.02810190281644701,0.7026374904958173
56,42077,0.029827350556246843,1.2391974818093865
56,42081,0.023198718873319635,0.6524127829817145
56,42079,0.044722495224919515,0.7812350218591319
56,42083,0.021533542304412505,1.1570017672818276
56,42085,0.03855247054120303,0.7460427233669151
56,42087,0.02601845686356468,1.0760378173308556
56,42089,0.028456670792642035,0.5962133951823662
56,42091,0.035497716171682125,0.743819110883876
56,42093,0.007507716268005247,2.8391615911115022
56,42095,0.03175501053415867,0.7587345870355365
56,42099,0.027115100039508608,1.0391047475357698
56,42097,0.03325704621781147,1.1729842983961434
56,42101,0.034612228625773886,1.0465567572839183
56,42103,0.030570461864793712,0.8978512889407726
56,42105,0.018828647069188357,1.7823384048323854
56,42107,0.05031458493508259,0.5657884618040857
56,42109,0.015521907563248146,2.4232562368947903
56,42111,0.04549230259841238,0.8482664672682355
56,42115,0.03419438527982211,0.7796406920093352
56,42117,0.031160832157042948,0.8867703622728528
56,42119,0.013052662985350301,1.1279155640671943
56,42121,0.034996123146433286,0.8254449806415766
56,42123,0.03555501778035459,0.9744940835604917
56,42125,0.04090670584412313,0.8496448762649224
56,42127,0.027991888239811472,0.7277869835084974
56,42129,0.05527957437653856,0.7383029292733486
56,42131,0.02177413703553053,1.3677367126124176
56,42133,0.0322214074715844,1.1410956957995095
56,44001,0.020198300912561386,0.9502326337228545
56,44003,0.03089689514478571,0.46506035274543855
56,44005,0.019424419651233045,0.6398085260318312
56,44007,0.031049602748679937,0.8765083897751397
56,44009,0.028454391434717355,0.5862479742887324
56,45001,0.01479989363999564,1.5052188753255535
56,45003,0.018390793726577676,0.4880786946568041
56,45007,0.02949658081564617,0.5972447768727867
56,45009,0.005199176794210782,1.6947131374535245
56,45011,0.009434773393389249,1.253618558334396
56,45013,0.037780217414928395,0.7038179184827442
56,45015,0.018930280394963767,0.6326046628155381
56,45019,0.031088695898570613,0.8508240773903902
56,45021,0.019349057482586286,0.6994364201440965
56,45023,0.023908809337737254,0.944776961931676
56,45027,0.01872842381648622,0.9434203037123906
56,45025,0.018701640562423377,1.1065412913428017
56,45029,0.01276607890393956,0.8044142577704138
56,45031,0.025271661505126466,0.8029175693956986
56,45033,0.013350782541958692,1.430077069475611
56,45035,0.0252111663868264,0.7308455533429438
56,45037,0.014870661100422362,1.7017655134071012
56,45039,0.011015851873699219,1.605221533103409
56,45043,0.01874699711590529,0.8882061403282892
56,45041,0.021933620727233438,0.4901295551509656
56,45045,0.028834806612694972,0.8405879081431894
56,45049,0.008670430287268703,1.717472206298563
56,45047,0.01445084730341578,0.6681815958454068
56,45053,0.005698911125470356,1.8167556560043088
56,45051,0.03366692019366518,0.8653017696610582
56,45055,0.015940208953239148,0.6318938957294831
56,45057,0.01856687851104299,0.7038551916751951
56,45059,0.02110270925268671,0.7171137197960754
56,45061,0.01398622262406404,1.5722425963413131
56,45063,0.021169537134621493,0.7187914288258352
56,45067,0.01654665571179043,1.0708906113680103
56,45069,0.021567101271600355,1.2142258109728827
56,45073,0.021758992979274226,0.6626704214261954
56,45071,0.014826004888842734,0.9793027978268013
56,45075,0.02490782135514331,0.7074317285052194
56,45077,0.016466013827774503,1.0840487641654162
56,45079,0.030330912053544233,0.8086902624975023
56,45081,0.00958271474432318,1.7722657977195702
56,45083,0.028499211535341375,0.7405923652278745
56,45085,0.023466036884355702,0.5500576249751743
56,45087,0.023911336570211474,0.9106118111985965
56,45089,0.024036241661477,0.8436602834740922
56,45091,0.02606624781319471,0.8222012126507603
56,46005,0.01435066167093081,1.4822009145908455
56,46011,0.008562535453893922,1.659393110453063
56,46013,0.01293544520531702,1.3359522587326924
56,46029,0.009379881405852183,1.3871082800954908
56,46035,0.004463533312598191,2.0230069085972056
56,46065,0.004536775120049181,2.1413675572636293
56,46081,0.00841055038904187,1.6892099242552947
56,46083,0.012970659908031798,0.8285871635933272
56,46093,0.00459918991129572,1.679187417814983
56,46099,0.02403181623793778,0.5775590237242537
56,46103,0.010604961654429356,0.5923255420954728
56,46109,0.010730622040627056,1.9230641849641017
56,46135,0.004820119337884721,1.892224594286055
56,47001,0.01742610870578794,0.6740350474395402
56,47005,0.016174524512581556,1.8208235867152964
56,47003,0.012875761716679595,0.9809300350147679
56,47009,0.027419345006027693,0.4441244497202919
56,47011,0.02364178278381886,0.6393789396602565
56,47013,0.02525984693983608,0.7131066117618328
56,47017,0.017525376619109054,1.0439971896040576
56,47019,0.025727457548347973,0.6457862110592587
56,47021,0.014399556615601264,1.0736641473685529
56,47025,0.01723069716379647,1.1017743757281708
56,47029,0.01809919201227914,0.8782195610683714
56,47031,0.015678032921189182,0.8116645438604316
56,47035,0.027869772575132835,0.6734063215588798
56,47033,0.014631055214454536,1.9610572375322004
56,47037,0.029588111410226756,0.8293074003335692
56,47039,0.012511867751524115,2.2368366835935953
56,47043,0.021548806802744593,0.9233402350965374
56,47041,0.007545030802806589,1.7296729775924895
56,47045,0.010451570842542873,1.0799621553966088
56,47047,0.021709241754350395,0.78903375541225
56,47051,0.01588643947761905,0.7736778599410253
56,47049,0.01066175899309161,2.1323731053231607
56,47053,0.016337636746897026,0.7439795878648826
56,47055,0.019296951047599407,1.092555908005554
56,47057,0.014037224540385992,2.3879023323909663
56,47059,0.026655679249703326,0.7340010968545455
56,47061,0.009668424807666092,1.9334773777432332
56,47063,0.022302404925786546,0.7771539148654303
56,47065,0.021581839575396222,0.7665741568354881
56,47069,0.013991095845235696,1.5367184558175189
56,47071,0.01529383023459667,1.6138962837498771
56,47073,0.026847934090133235,0.9609715981549121
56,47075,0.013756493762965102,1.5873682216596334
56,47079,0.01894166004065369,1.1257147758651984
56,47077,0.014102916412628999,1.6122153372132755
56,47081,0.012140496575417489,1.4004479849948936
56,47085,0.00801591188607689,1.9061665951040854
56,47087,0.01078484124037051,1.7717108088699205
56,47089,0.021886650627621924,1.0247499225143026
56,47091,0.009480579729909677,1.9125611814526837
56,47093,0.024568698582609377,0.9817865662199545
56,47097,0.021315999001634934,0.832729889075283
56,47099,0.02294809186430184,0.7422922550198016
56,47103,0.018569165262263966,0.7667484681303451
56,47105,0.013297102863427421,0.9424264676828873
56,47107,0.019982830718237636,0.7727793755386445
56,47109,0.018519315629220722,1.1966736008925563
56,47111,0.006506839970126575,1.7443945388373443
56,47113,0.02518293509476173,0.5521958837639986
56,47117,0.012134867161128614,1.5652765130227757
56,47115,0.016469221722129567,1.5880787441139286
56,47119,0.01935543636462189,0.5994495226521651
56,47123,0.02253763966874166,1.598317466936012
56,47125,0.029480834260994293,0.8819253849903778
56,47129,0.013614432760034819,1.7253707897459958
56,47131,0.02356594787068462,0.8994817134790365
56,47133,0.019142762237742687,1.2482169141345685
56,47139,0.013910613650564676,1.8395347421692452
56,47141,0.01551741479585701,0.7019948467795987
56,47145,0.018035756229908904,1.0225131361050834
56,47143,0.013154763174848505,1.9235490664515331
56,47147,0.019819206347639316,0.651731339481745
56,47149,0.03062289601248918,0.8500164896409906
56,47151,0.011841760987487657,1.6487757394355846
56,47155,0.015382449323168686,0.5548163728404466
56,47157,0.03372357282888559,0.83481988335931
56,47159,0.010998114743222733,1.7060274166238465
56,47163,0.047323234258971725,0.6490943936051883
56,47165,0.030768924059046826,0.6652800321378357
56,47167,0.020989808168964622,0.8431010151291931
56,47171,0.01085390213083278,2.493072600037526
56,47173,0.009030305782071986,1.9143272319965254
56,47177,0.017836282619331876,0.9128518393183165
56,47179,0.022588606141512542,0.6677694006077383
56,47181,0.009988348683860141,2.09329765797727
56,47183,0.01685214101558815,1.5574955636836216
56,47185,0.017505897200471267,1.466315121082081
56,47187,0.046802474977427254,0.4861609797610245
56,47189,0.019215584161437142,0.7935336877665723
56,48001,0.015940773405995045,0.8514284461011623
56,48003,0.0071737363298693645,3.28420868581497
56,48005,0.02258370246402263,0.6825442477186437
56,48007,0.012551157216840237,1.8675655456094309
56,48013,0.014728115608080426,1.1812045098553199
56,48015,0.010219888532529734,1.5908940733403543
56,48019,0.00962258033011769,1.9738693270428858
56,48021,0.02040548277651654,1.149508096372027
56,48025,0.011551333985907975,1.5283857691475806
56,48027,0.03582536984394355,1.3711256515664858
56,48029,0.021916880747781243,0.8251686063134668
56,48035,0.019857088529338447,1.8380750508743169
56,48037,0.016172715010046693,0.7902074154140651
56,48039,0.030756323589645595,0.8753193599710836
56,48041,0.04059062449232152,1.0286766659669933
56,48049,0.01837564738028821,0.9308143906703531
56,48051,0.012757153649616966,1.8444515646834316
56,48053,0.016369855527376843,1.4132644501708755
56,48055,0.011933443602655741,1.032679738300982
56,48057,0.00837899030303513,1.8637189403867687
56,48061,0.0630695793285154,0.6251354336633863
56,48071,0.006761255705199954,1.7762393477433571
56,48067,0.014114099416871523,2.0316707123131548
56,48073,0.016454098656133644,1.102383556353737
56,48085,0.052392589879912646,0.8901851729140771
56,48089,0.008645293081434127,1.6015210993501825
56,48091,0.020381352031264663,1.0952710461179698
56,48093,0.008601538958754974,2.183631450026526
56,48097,0.012928735092541622,1.1801913712915268
56,48099,0.027130322782135032,1.4513503551961635
56,48113,0.021921087648044155,0.840504085274117
56,48115,0.0070714006269234474,2.6762788149552685
56,48117,0.008530546951396354,2.1404333169614644
56,48121,0.04703668397738002,1.2236997975737345
56,48123,0.016178203780157052,1.8692770554319278
56,48133,0.010198065894757807,1.6896130971148877
56,48139,0.02894831344381788,0.549047732178324
56,48135,0.04111945835894934,0.5392550693580231
56,48141,0.043349089786656726,0.9241873518960165
56,48143,0.009977173395694034,1.1360350947512474
56,48145,0.015904728603264758,2.3137546800831306
56,48147,0.02246191735093928,1.227609269751096
56,48149,0.01792879436568633,1.3370146655195299
56,48157,0.05254499800587939,0.6984277492091807
56,48161,0.013082531294540614,1.573573099270138
56,48167,0.03101674927625676,1.1694803672154426
56,48171,0.014807103386720248,1.8208879143713366
56,48179,0.01364048114947468,1.1937650301831897
56,48177,0.01613218744693213,2.178247009547692
56,48181,0.021510339282238167,0.596223931245157
56,48183,0.025623880762598,0.664613882876096
56,48185,0.007760086971159066,1.9662591321844323
56,48187,0.020957944665454607,1.0097420802365278
56,48189,0.01593808445588982,1.0998630907496652
56,48199,0.014136452065887062,1.1775281648748666
56,48201,0.01750650899693142,0.8173650758285776
56,48203,0.020327690075972845,0.6856585680612305
56,48209,0.029758514266554955,1.540366672769226
56,48213,0.025308536064780104,0.9927005891390405
56,48215,0.08145577877863523,0.669480307179102
56,48217,0.02093772995281292,1.2923062288743414
56,48219,0.011264914709128087,1.2532703109543684
56,48221,0.017171299442301623,0.8556816612771179
56,48223,0.01977278340826071,1.1584867194953163
56,48225,0.012807447315116972,1.5872448998958195
56,48227,0.01531732999914194,0.7653962104922274
56,48231,0.01990865537608536,1.025949600704376
56,48233,0.010740687311174222,1.529681218723585
56,48241,0.014017011129237901,2.1988305908866623
56,48245,0.040320883106835625,0.7451912413860362
56,48249,0.017555019189412564,1.3763141219071988
56,48251,0.027431187543919107,0.6225799432364861
56,48253,0.01580872612831329,2.063755674429501
56,48255,0.006925653974326035,1.5773978243057165
56,48257,0.022290238462149035,0.7151051501966619
56,48259,0.011739536710770562,1.3364680304460437
56,48265,0.01963408667843894,1.019301984863468
56,48273,0.012136439768308943,1.745833804456041
56,48279,0.0137471243312173,1.8304081334413902
56,48277,0.01784625735813585,0.8014144399271199
56,48281,0.00796848232648311,1.7153981025674987
56,48285,0.020067688874725435,1.4363881494966528
56,48287,0.007014149448234593,3.4255019431701963
56,48291,0.02116936807217892,0.7474090120851555
56,48293,0.019992767643965684,1.5228670884570314
56,48297,0.007408761478406433,1.9138015666262806
56,48299,0.02512469762232471,1.8133960733560168
56,48303,0.029595554354183727,0.8309596844232443
56,48309,0.0241375336189116,0.7651163752729757
56,48313,0.006406703041262158,2.6387967113968847
56,48315,0.01379961513117091,2.2442906469993797
56,48321,0.014002388809914687,0.9024769136486644
56,48323,0.02298277219375884,1.0137016271865353
56,48325,0.01365846893734172,1.1732627348160796
56,48329,0.024614438883827788,0.5809299795150684
56,48331,0.016846618559382593,1.4034776739621846
56,48337,0.015598917770314432,3.3552112406423213
56,48339,0.049115645332059914,0.7923447719750588
56,48341,0.007249209253042035,2.3190818199807337
56,48347,0.014134818081921411,0.8293341518412585
56,48349,0.016579623521180094,1.2126909574994875
56,48351,0.00927347463155196,2.3146998340911336
56,48353,0.008497844140205971,1.9236853756310488
56,48355,0.029750039162593715,0.7027432294654418
56,48361,0.025355065515962373,0.6715740061900151
56,48363,0.016037596105773825,1.140305399787655
56,48365,0.012988225967628412,2.1628959041790865
56,48367,0.023426816682164342,0.6519559902080095
56,48371,0.008997763244384924,3.1265446075460814
56,48373,0.01696860313675466,0.9879928767017326
56,48375,0.027015374620577997,0.6180407506512239
56,48381,0.016399012234403723,0.7297513275862654
56,48387,0.009917449164612326,1.9290033511789664
56,48389,0.01243119708022407,2.076332521666708
56,48395,0.009014167998783391,1.8866206820739633
56,48397,0.024787169438732715,0.7629943333514526
56,48399,0.009565767534052284,3.5900473153082166
56,48401,0.020735821522664146,0.7223782130441837
56,48407,0.005809634454413236,1.7871695134933476
56,48409,0.023099578930298365,0.9629744643064835
56,48415,0.005565849362986384,1.6894929798816996
56,48419,0.013165032989461116,1.50786990163084
56,48423,0.024231723499716543,0.6378393962859373
56,48427,0.04326678637247981,1.0157250982367292
56,48439,0.02039010857575436,0.7895238840578812
56,48441,0.021618305707127423,0.4825812306915861
56,48449,0.013826884989784894,1.0603712889274144
56,48451,0.020677300591791594,0.5081632418602582
56,48453,0.03742054074468383,0.8642967095026766
56,48455,0.016169119081807206,2.215256883399956
56,48457,0.013403816635577291,2.838380664257429
56,48459,0.014837226804671816,1.635339222113747
56,48463,0.008437999525059818,2.182813017504852
56,48465,0.016747261384008352,1.0840846706808211
56,48469,0.021439786777798807,0.4637653543095897
56,48467,0.022233932444739757,2.4606390234813245
56,48471,0.013367854189453186,1.066987708424199
56,48473,0.0106938227958836,2.1272663631732356
56,48477,0.010574103864647293,1.413542513558491
56,48479,0.06907926133795048,0.8410177935736628
56,48481,0.01568164470101041,0.745089862761209
56,48485,0.028240062224275105,0.6980956915242282
56,48487,0.006017437752007547,1.9279034186283144
56,48489,0.019702010304610364,1.6860479126686785
56,48491,0.037509690463577126,1.0248205297200101
56,48493,0.01944561175617229,0.8215159238148364
56,48497,0.017880171226057243,0.8103136506275027
56,48499,0.02102919837910222,1.274246939397403
56,48503,0.006144448196287063,3.0129877687956026
56,48507,0.008444024521441858,2.203145259219394
56,49003,0.02594960812020945,1.2427027134509283
56,49005,0.03900000632994506,0.9249425445525588
56,49007,0.010669767681991838,1.9644736748514902
56,49011,0.047411669945946894,1.0800053350563554
56,49021,0.01573656476110851,1.1120548405603121
56,49035,0.03194628352561384,1.1839393682371135
56,49037,0.009126586178462173,1.9098358403544284
56,49039,0.011823840274704856,1.8054602196048217
56,49041,0.012234501461291488,2.0136796404240216
56,49043,0.01787147010182293,0.8279904205575215
56,49047,0.01887162864733083,2.0267510424789763
56,49045,0.01531552978933961,0.7724509609609505
56,49049,0.07456724864535393,1.40129114575134
56,49051,0.007893501901730967,2.6336084922470406
56,49053,0.03700384515160243,0.5274794017640572
56,49057,0.030388111851515895,0.7748741910348046
56,50001,0.023095244878263265,1.2150003065780925
56,50003,0.02584429915849647,1.1865566061333928
56,50005,0.02382012881512307,0.9641568961921221
56,50007,0.024132148272485693,1.058321606752362
56,50015,0.014181538076283933,1.1155836198544549
56,50011,0.02012080094890492,1.248583152203447
56,50017,0.027363967350882753,1.0049080473601162
56,50019,0.026345835926801713,1.1263748885508653
56,50021,0.041835595715688005,0.7055191334900931
56,50023,0.035665825341522024,0.6893931905236913
56,50025,0.03710764988527881,0.7368565140102981
56,50027,0.02827553400789077,0.807459303537812
56,51001,0.019431841287348574,1.1654324837277952
56,51003,0.020419763634023768,1.1110747493404456
56,51005,0.019177673244197353,1.9111134286093494
56,51009,0.013627797815817258,0.9444398130656926
56,51013,0.08325510844961957,0.8351752055093162
56,51015,0.022901356482500603,0.7973094184994134
56,51023,0.018443276912966416,1.497333537895977
56,51027,0.019558441314629048,1.314870717732751
56,51025,0.006218383034730879,1.980324076811551
56,51029,0.01067566380707458,1.8598900999740975
56,51033,0.012282343250162892,1.3749020177396942
56,51031,0.01905896831755937,0.9972207879178335
56,51035,0.01890253030575893,1.5068539450590166
56,51041,0.029144782551439995,0.6816633806281247
56,51047,0.01659161146866828,1.1313801404302517
56,51051,0.007027384489051294,2.0064820937597605
56,51059,0.03509903675537818,0.7032216723442172
56,51061,0.01932705671867425,0.7486161725672626
56,51065,0.005441313250521347,1.9890976058836207
56,51067,0.016431737245183146,0.8789753051839535
56,51069,0.02410203761811435,0.8032972576506192
56,51071,0.009494671994250355,2.6893115910787553
56,51075,0.007003590521019579,1.8835460934557968
56,51073,0.011833752242557978,0.971689137857392
56,51077,0.01578756691907097,1.9228146117704987
56,51083,0.02240381405399397,0.911764431059085
56,51085,0.026251680961967765,0.6470779399661926
56,51087,0.02558176714850054,0.7701572005302738
56,51089,0.03478683174877238,0.7267160119693341
56,51093,0.016053347176662562,1.2639276069793663
56,51095,0.01865642088658817,0.9837904896656731
56,51099,0.009832059498543348,1.761247374228225
56,51105,0.01586479032586058,1.8288817249589064
56,51101,0.005999243258991569,2.586257043466466
56,51107,0.06302855288312721,0.65150492120405
56,51109,0.01373478423685657,1.5171196224506782
56,51117,0.021330413517776443,1.1033132694837136
56,51119,0.009956995708071535,2.2274161816024463
56,51121,0.019304412532077604,0.8724239711561158
56,51135,0.0031602148222565083,2.040750531596115
56,51137,0.010077000299693795,1.9873228862592238
56,51139,0.012731301322471324,1.8465249325420028
56,51141,0.01176856060852059,1.9769927936578109
56,51143,0.03234635792648015,0.7647631096915635
56,51145,0.007873708468081919,1.7178683910120733
56,51147,0.004380087203159009,2.1658748113774178
56,51149,0.009677945210084552,1.5486080831142581
56,51153,0.04825203937646363,0.6159072287302044
56,51161,0.026711598527095867,0.7735846077104328
56,51163,0.008868923848287557,1.937818595019655
56,51167,0.014751687732969154,1.484515935736042
56,51165,0.022557431686504193,0.6662621564564595
56,51169,0.02490375578900659,1.588895475308294
56,51171,0.01580452942335084,1.1296444965671792
56,51173,0.02180680033364613,0.911350130740631
56,51175,0.010693994693245215,2.4486771740928357
56,51177,0.029780413941694388,0.553081385202155
56,51179,0.027704384187637203,0.8385306349785698
56,51183,0.013569136881526653,1.8536033045426192
56,51185,0.018073908324300864,1.303839366436927
56,51187,0.00993978329447611,1.2082088629716223
56,51191,0.021200087379435857,0.7834277692610732
56,51193,0.006241403774828382,2.32802184109969
56,51195,0.01813859670471968,0.9408383060403581
56,51197,0.011152918899670034,1.5475537177508303
56,51199,0.01627455032383998,0.7520601056936729
56,51510,0.06526038385996868,0.6682539269587677
56,51520,0.006610714380810675,1.5869823523540345
56,51540,0.026717955593129544,0.8319518642784827
56,51550,0.03361493392767415,0.8573941754797109
56,51570,0.007307633032020663,1.949706973196902
56,51590,0.02437254072649695,0.5773310629971802
56,51630,0.009000959466412642,1.4153875242915486
56,51600,0.0120265708118881,1.7909027766837498
56,51650,0.020631926066682033,0.48261119192856966
56,51660,0.02068441385589941,0.7566687639540186
56,51670,0.010616837511121177,1.159394489603336
56,51680,0.02159370890127674,0.6518672339653765
56,51683,0.021295320434533315,1.4467977385628366
56,51690,0.012422718958676388,1.7683635037272751
56,51700,0.020870078986323093,0.8892143031805573
56,51710,0.04986653582894961,0.6180251013475906
56,51730,0.024842580578366122,0.8129886898790225
56,51735,0.004481805499376846,1.906639892963323
56,51740,0.02901562423318646,0.6722314561215796
56,51760,0.04603403019397082,0.8391337488298332
56,51770,0.018668301141938713,0.5117024896767988
56,51775,0.009081222289715255,1.711481637088641
56,51790,0.00766358413837146,1.4375778927433323
56,51800,0.03260434980198934,0.7914047076520492
56,51810,0.0277725675625412,0.6101788409918001
56,51820,0.007382100931048086,1.9213606714849487
56,51840,0.00965755729561327,1.6647306680190879
56,53001,0.007218011420435343,2.623216119939537
56,53003,0.008903041049357631,1.6831249827465427
56,53005,0.01646535772692355,0.612516587289805
56,53007,0.014595615713410368,1.2001022272223778
56,53009,0.025870166298281698,1.0320916022023892
56,53011,0.030525484281968863,0.7566760038277625
56,53015,0.016228004975850682,0.5266039745765025
56,53021,0.02883015787603081,0.8787094048682006
56,53017,0.012856561893017579,1.4680788621618297
56,53025,0.015823650563429527,0.7365913879952289
56,53027,0.015904429062824244,0.6885640050275983
56,53029,0.02322200910034261,1.2240213205495378
56,53031,0.021214561354076775,1.7122270657778067
56,53033,0.026775057878968847,1.1983318083483663
56,53035,0.01808870461830526,0.5827129712331287
56,53037,0.010831327186582322,1.4897643048772846
56,53041,0.0190922869239543,0.9018730872542944
56,53043,0.012334992284763254,2.5848202289891953
56,53045,0.018361290938084928,0.7541990623014868
56,53047,0.014651894122149648,0.893677115528715
56,53049,0.018749733790535374,1.539044110157304
56,53051,0.016513558947169035,1.871624187477024
56,53053,0.01872034069525226,0.8111578126018609
56,53055,0.016988790799191144,2.0735511795695163
56,53057,0.02013380863444612,1.0861023095368698
56,53059,0.0099229800497528,1.7008642319445955
56,53061,0.02399431074890324,0.7623376653054936
56,53063,0.02100925727518203,0.7247747865085642
56,53065,0.02243008367902119,1.1050226755864572
56,53067,0.023514555608285588,0.5905063403081597
56,53071,0.011080578099491012,0.8691771553846894
56,53073,0.02914552571958477,0.9661667600878711
56,53075,0.010989590118759487,1.885040554809378
56,53077,0.037578712149574915,1.0241153834816914
56,54001,0.007288201746615624,2.1044299014982535
56,54003,0.029004869736089293,0.83614967471708
56,54005,0.022716901708857647,1.2396709583045726
56,54009,0.015833543909563274,1.4416367951719231
56,54011,0.029167898981242828,0.8092469220392869
56,54019,0.024923794915617734,0.8072431793029318
56,54025,0.01990699311306976,1.5433952539812232
56,54027,0.01180225536532494,1.7681614804093075
56,54029,0.02028820545716962,1.4755061567276229
56,54035,0.012259336785841336,1.5713563411553402
56,54033,0.029352157081606788,0.4870300834676675
56,54037,0.012793428702487137,0.7122493682384431
56,54039,0.03773378777813724,0.5162960168151972
56,54041,0.014906021388880638,1.9767327627930713
56,54043,0.0125829711493348,1.6891825249408086
56,54045,0.022081402577125063,1.1017542306019696
56,54047,0.03185874340935064,1.1763310065615187
56,54049,0.025818359407923357,0.6074196389023179
56,54051,0.02215076148912923,0.9213042264524458
56,54053,0.015569245764005729,1.5490129811737967
56,54057,0.014077565780527955,1.5399464518809836
56,54055,0.026548211256766523,0.8129179725343167
56,54059,0.022447650228048472,1.4207474004592666
56,54061,0.029167613156221954,1.4099818566130944
56,54065,0.008813320077405663,1.884754004346365
56,54067,0.011424857255307948,1.5294758031255375
56,54069,0.03184620748826172,0.6877824013489907
56,54077,0.02020084785279034,1.0640204629130356
56,54075,0.011446819089652737,2.5479891595934148
56,54079,0.017436177207489273,1.5493538005879903
56,54081,0.024778606594465017,0.6114257903627723
56,54083,0.012948349120555496,1.4421379102056253
56,54089,0.00797768325722431,1.7000400985333861
56,54087,0.012136664093415319,2.173363798574894
56,54091,0.008700477623291767,2.1564967459707396
56,54097,0.008666937076668721,1.8730553100773564
56,54103,0.016244720854629285,2.1257423253925274
56,54099,0.01916082282135502,1.2862809847506387
56,54107,0.0313314039644904,0.5481342773897004
56,54109,0.01378070091934084,1.4734136993766411
56,55001,0.02746055093692548,1.2772750245174584
56,55003,0.0158196098746273,2.2725679024526224
56,55005,0.023888280561085048,1.2496546154494437
56,55007,0.01897400392176931,1.8975601393828514
56,55009,0.020652605699189894,0.578533269819082
56,55011,0.01774809471005193,1.7353154374272928
56,55013,0.02533919605217347,1.549092549462181
56,55015,0.02074109686074951,1.364561786527525
56,55017,0.020618784072732713,1.0167058994715696
56,55019,0.037127415421575695,1.167107182119745
56,55021,0.024052169326280647,1.0314024300175852
56,55023,0.022383227898690253,2.627895731260306
56,55025,0.034842781940890646,1.2638672793519414
56,55027,0.03203309571413506,1.0897685482179733
56,55029,0.025992033777162915,1.386689488549303
56,55031,0.013376120317639998,0.8719832406429304
56,55033,0.017039018802274337,1.3345823160112538
56,55035,0.01584623722868068,0.6450493225930393
56,55039,0.027034301984832313,0.8200680835851104
56,55041,0.013285742632381636,1.9458820290485468
56,55043,0.025412372662067056,1.4464984682994926
56,55045,0.019487678324992413,1.3680491258500758
56,55047,0.021890500570309605,2.256742223098938
56,55049,0.02317114998187746,1.3361338192364964
56,55053,0.017384678085313948,1.6397785351855054
56,55055,0.02232321222788392,0.7296210689503544
56,55057,0.02362988696043956,1.1306728577821816
56,55059,0.023904061153588663,0.7613726592100591
56,55061,0.01042986909789398,2.5698552075950825
56,55065,0.023830299455423358,1.7447294471779353
56,55063,0.013645110471776512,0.9910519499613739
56,55067,0.0164227733773243,1.7583249666041953
56,55069,0.023091054466173697,1.4256800414020125
56,55071,0.029242065573526425,0.6662294097359256
56,55073,0.022336298272393838,0.6010062579560548
56,55075,0.02801189948513239,1.128474266270196
56,55077,0.023565307675964205,1.8379466698441909
56,55079,0.03388905816153886,1.1212078198762974
56,55081,0.02004093798012441,1.616974655650833
56,55083,0.02509607066166444,0.9644939157183814
56,55085,0.038948817384907124,0.9809107503946134
56,55087,0.027674552185311355,0.5755764913783369
56,55089,0.02820092067546026,1.1305069517902953
56,55093,0.010207069958656157,1.530816726244078
56,55095,0.02494732357006253,0.9577099156746977
56,55097,0.016782259299566563,0.8759148625757093
56,55099,0.031954348904394914,1.552694309354205
56,55101,0.023714601692893342,0.8178329239650052
56,55103,0.015708340670425775,1.9607839728161316
56,55105,0.02233596735461596,0.7381579138395513
56,55107,0.018316852843023795,1.8431341685486324
56,55109,0.026944993908945492,0.952336171773113
56,55111,0.022743602682687724,0.9945873795278981
56,55113,0.016107309125961745,1.2009143209097612
56,55115,0.02966856464138187,1.1176057771304648
56,55119,0.01874376437559848,1.619784200094183
56,55117,0.026587079504927006,0.8468997041596639
56,55121,0.028952445957758925,1.0071439682633239
56,55123,0.022959910956391796,1.331259570880657
56,55125,0.020530993433497513,1.5954801142982356
56,55127,0.021285412641531193,1.375089311707806
56,55129,0.016620112339690147,1.7087340319359738
56,55131,0.03704359307221147,0.7164012004522127
56,55133,0.05130846207382848,0.7537086610620679
56,55135,0.02900816929631258,1.0718497719782876
56,55137,0.02132035868473012,1.505832231738457
56,55139,0.023019165017077924,0.7594993930907742
56,55141,0.027538485995657738,1.043013995306576
56,12057,0.025039069005522864,0.887757214272536
56,12059,0.00919441152797396,1.7652853193567237
56,12061,0.05710764184184283,0.5242433872422679
56,12063,0.017235434231717615,0.7753435903790779
56,12069,0.05292504917264087,0.8127067277355595
56,12071,0.06118565141368268,1.0279086909985207
56,12073,0.038582382162246555,1.3134520252346331
56,12075,0.015268359385411375,0.8930590081345012
56,12079,0.010348216034154896,1.9347472083452486
56,12081,0.04867780697984201,0.6938362703468296
56,12083,0.04641168076727901,0.748868663432566
56,12085,0.05088776558605215,0.527683229414186
56,12086,0.02503700080375359,0.9126520081848862
56,12087,0.049905911619203325,0.8875067370355499
56,12089,0.014759949920627026,1.1526506010407953
56,12091,0.019699832603089582,0.7676004854475337
56,12093,0.02528417660450767,0.6919293586611811
56,12095,0.033683259983513424,0.7473512460971606
56,12097,0.046144979604968654,0.6785771598413297
56,12099,0.03936536308834313,0.9549348537072493
56,12101,0.050385627444162535,1.0433342128753402
56,12103,0.045140508907213814,0.7077619305977827
56,12105,0.03464079775067565,0.576180666954342
56,12107,0.0235199596606756,0.6376644535387114
56,12109,0.029345367054562487,1.0769506493427201
56,12111,0.04879723225998059,1.0198234133539608
56,12113,0.02432060844880249,0.5162742262950131
56,12115,0.09838214896275248,0.9210745810523081
56,12117,0.036026223448342935,0.7142616213853147
56,12119,0.052480949558756165,1.2368305401825048
56,12121,0.015137192982479761,1.2475380814537083
56,12123,0.006268696910257704,1.79649696044667
56,12127,0.04735236835874905,0.9178658952786715
56,12129,0.006584300164253071,1.5685199754382766
56,12131,0.014297166222847124,1.0104285193429587
56,12133,0.014308758103141996,1.527440244094926
56,13001,0.011984364499803418,1.68106029086954
56,13009,0.013664412133667772,1.2414405605640715
56,13011,0.010345407777067354,1.9390280253452437
56,13013,0.02663120227839199,0.5368827430597481
56,13015,0.02395218951765511,0.8449566972913948
56,13017,0.013076287315819744,1.7843487703233716
56,13019,0.017581696381047982,1.5205255722712683
56,13021,0.03292788524863509,0.6881654291167343
56,13031,0.015747898969481647,1.2034229944478905
56,13027,0.012207960383883009,1.7211313494059977
56,13033,0.015170647444188074,1.5569058661291137
56,13039,0.008626229038878507,0.925934840382135
56,13045,0.026224924922467318,0.7088257652961278
56,13047,0.019112369465450682,0.8754314301368263
56,13053,0.030831608926752664,1.9393244945196613
56,13051,0.02973064782928752,0.7399272526937185
56,13055,0.012427225178224857,1.6078603351306353
56,13057,0.05402560024949608,0.49632748859241255
56,13059,0.043151042876863256,0.7366929711580767
56,13063,0.05061357568300215,0.499353209706012
56,13067,0.04322293930728737,1.0500261043732964
56,13069,0.017551750055885145,0.9178260078273647
56,13071,0.0213341300472437,0.9266192283621305
56,13073,0.022820392884247646,0.5448188598569831
56,13075,0.00742981634504259,1.7955715188055497
56,13077,0.02788854951032343,0.6028022735220063
56,13081,0.011526462306768912,1.4310328271103672
56,13083,0.008502537414070236,2.7466823997284417
56,13087,0.009629876056721404,1.396831660230709
56,13089,0.03363742249988077,0.8568820004552069
56,13091,0.01595023004193468,1.5898243336284004
56,13095,0.029728540199819607,0.531617529848562
56,13097,0.0330251705761343,0.6067131418129539
56,13099,0.01819407884334796,1.7652224953483207
56,13103,0.019455556129156087,0.9904134519179101
56,13105,0.013945696219783116,1.6390147412119156
56,13107,0.009523243401706656,1.5168470451170433
56,13111,0.013362873405885267,1.68579657019882
56,13113,0.03473657675947278,0.6166994123834304
56,13115,0.02228523900953244,0.5113600159527643
56,13119,0.010372330002663507,1.736828713521565
56,13117,0.05729352456662281,0.7106488490802141
56,13121,0.04196908256035483,1.2560616705700398
56,13123,0.011550652252714426,1.6666218857917212
56,13127,0.01337770443897262,0.995432911263951
56,13129,0.02179564630933008,0.8319564797216508
56,13131,0.0099467391068457,1.5694104046617974
56,13133,0.021837279444114562,1.127002776507202
56,13137,0.013188689933927277,1.1421959134444197
56,13135,0.06468007692537968,0.8833658194576332
56,13139,0.0359172634273218,0.6391207565606054
56,13143,0.01094325270961314,1.6105182834771157
56,13145,0.010647337392297262,1.7510620811448372
56,13147,0.009607995852074473,1.6926632207329697
56,13151,0.05281605633655231,0.5060583957544789
56,13157,0.018537264428757604,0.9231171872666979
56,13153,0.023977589609309524,0.6120939625016322
56,13163,0.00906266847853786,1.9496292514510152
56,13169,0.010983741075313549,1.5610819917232215
56,13175,0.025923880180008758,0.7717784398177329
56,13177,0.01042214041744789,1.7040292180121572
56,13179,0.026146988075170716,0.6242154531905407
56,13185,0.025358982815749064,0.5940623115324433
56,13187,0.006464718538885722,1.6573571379712757
56,13189,0.01245346701603465,1.688425849196113
56,13193,0.009850432500084121,1.8767019208927889
56,13195,0.015492979205996424,1.421290147465845
56,13199,0.011031756480307912,2.0203769196471417
56,13205,0.011294210529690468,1.9633678616142176
56,13207,0.009626177742064108,1.8252914125813477
56,13211,0.01151937917542637,1.8223985828378242
56,13213,0.018375281919671322,1.0807002006641233
56,13215,0.03497888599945017,0.718839865602176
56,13217,0.0277252339598464,0.7588524542897264
56,13219,0.013042965601280944,1.4188819993433794
56,13221,0.007465759954657733,1.930782865368436
56,13223,0.03662574461156255,0.5190537599264066
56,13225,0.005898497793745909,1.5053055175713457
56,13229,0.008943299596278185,1.8887366681187185
56,13227,0.010617577113539431,1.4882717164010408
56,13231,0.009607135909022787,2.0273714877300666
56,13233,0.01769878381756544,1.4081410114769863
56,13237,0.009174120413688591,1.7352073483134427
56,13241,0.011526597587810208,1.8393577205481006
56,13245,0.0335521546662217,0.8733855222014411
56,13247,0.021955576479939155,0.6664312955595997
56,13251,0.013188920804825897,1.9125175193590995
56,13255,0.014880493434314445,0.6636971845753458
56,13257,0.010302695436199194,1.7325268609337896
56,13267,0.010170891029774825,1.9296355701199117
56,13261,0.009155911187420457,1.1113596464659217
56,13273,0.012985759050106103,2.320801588913103
56,13277,0.012007837659518633,0.8751873774752088
56,13275,0.01176394814137774,0.7451213055672076
56,13279,0.012581758562986505,1.5390832805502905
56,13285,0.01922480708885951,0.6455688013562744
56,13291,0.020065160559813378,1.5803506147776871
56,13293,0.012946892915849273,1.2030238568345977
56,13295,0.020334752474842125,0.901418859506632
56,13297,0.024303233555537516,0.6775514480305588
56,13299,0.015344537792993425,1.1527817678381287
56,13303,0.009807176192959673,1.8861944627457177
56,13305,0.01205355336268723,1.5446026601227214
56,13311,0.005909305426870354,1.49626818742405
56,13313,0.02961812185974653,0.6797754625052317
56,13315,0.014336720700827428,2.0632855168878392
56,13317,0.00750109275305007,1.8914085466375443
56,13321,0.010991618471731468,1.8504823656596565
56,16001,0.03418685748019146,0.7395425095142603
56,16005,0.014852032002947872,0.6141237202172114
56,16011,0.018067328600716564,1.1062198818551723
56,16013,0.006323147695151965,2.1476835410794433
56,16017,0.01591812377040383,0.9688357855299904
56,16019,0.02245808734087884,0.5100029160087519
56,16027,0.03224242441839445,0.47950255088847743
56,16031,0.015220780237792681,1.5201292725801332
56,16039,0.003702768986703406,2.981515223736753
56,16049,0.010759229142752734,1.6919299986415777
56,16051,0.009342905687663265,2.36803372570711
56,16053,0.010727482114530163,2.096460247044484
56,16055,0.022481252964682858,0.5740379782663745
56,16057,0.006763496711583761,1.2236360389049303
56,16065,0.016714105136783366,1.7166215713135378
56,16067,0.014366192266978096,2.008566258242334
56,16069,0.014232295750627585,1.1317670249384388
56,16075,0.008456713751315514,1.9578457797136248
56,16083,0.015775590541492128,0.7264600240094826
56,17003,0.016954526681000694,2.498076496227215
56,17001,0.019443711934245805,0.5291528191233623
56,17005,0.005671310415273147,1.7481574518558793
56,17007,0.018259479303723118,1.391786006673108
56,17011,0.0266216403927437,1.083970928545027
56,17015,0.020159553758719063,1.561233023148482
56,17017,0.01689497948182742,2.0862745631518615
56,17019,0.03412926456767423,1.4238130282823962
56,17021,0.021613190443442044,1.683632337441517
56,17023,0.009064323258620367,3.312664611296331
56,17027,0.013110915494093477,1.1248477824274765
56,17025,0.008842402298161484,2.514658941821294
56,17029,0.013424419978638144,1.4958604714195096
56,17031,0.010109765275509988,1.2250467978973978
56,17033,0.018743124697467327,1.5957432147387964
56,17037,0.015567495988383265,1.2497531770191053
56,17039,0.01266938609573696,2.341329048306652
56,17041,0.01149623103397493,1.6549422289388198
56,17043,0.036554289682436236,0.7821332354357508
56,17045,0.013509197613838878,1.8094632703614049
56,17049,0.019228435972504808,1.3975996463164626
56,17051,0.014135235477621213,1.5275603089600809
56,17053,0.012025601784154669,2.728099306682319
56,17055,0.031441746270996676,0.9640740787432555
56,17057,0.029555380398472338,0.9864422719520071
56,17063,0.012210224437663663,1.0508167487649727
56,17061,0.015032270518319587,1.768766884209895
56,17067,0.026198779744829294,1.3792684522125378
56,17073,0.020167816725820274,1.0045368219788988
56,17075,0.026481655585891026,0.8878360835187374
56,17077,0.018693874532201935,1.1356349812393227
56,17081,0.017995279805784654,0.8447257979619478
56,17083,0.00992407355321407,1.3971462968515593
56,17085,0.013384153822764238,1.4228272400475621
56,17087,0.0035521471587549387,1.8679712452683512
56,17089,0.042815498981218315,1.0159468893634942
56,17091,0.02119092363509858,0.6270836218508248
56,17093,0.03714870432312877,1.0331685846363776
56,17095,0.019249290854576145,0.7042109519760351
56,17099,0.02903682737075289,0.7016381624725748
56,17097,0.02998268505616854,1.156061650172807
56,17101,0.020017946138062095,1.7668875343837926
56,17103,0.015728821815742065,1.0935145344572903
56,17105,0.014979823013114412,1.031364931904306
56,17107,0.017693718871418178,1.0572104906161466
56,17109,0.013319006012005885,2.370472942476852
56,17111,0.04356223791252857,0.6479854804769366
56,17113,0.02415615617492119,0.8495012634720096
56,17115,0.032697880692959355,0.6126450163130761
56,17117,0.025783360531218078,0.9722604470020828
56,17119,0.027518811946710273,0.7595540269305632
56,17121,0.029570853549004555,0.9676659158028051
56,17123,0.019663528119424248,2.019252266513937
56,17125,0.02072085906467322,2.033102002653114
56,17127,0.00821411445120002,2.1840825002430355
56,17131,0.011527541021168628,1.8670248301643844
56,17133,0.012007657006358337,2.135286024209937
56,17135,0.01951955061198607,1.5077391706932497
56,17137,0.016938290945272605,0.9454197837175881
56,17139,0.009190052761486657,2.180646329734085
56,17141,0.01611083960826413,0.9055672447672171
56,17143,0.034296468242094806,0.9522412713676041
56,17145,0.012700146346354755,1.8741619320006737
56,17147,0.005440648361022702,1.684863728125461
56,17157,0.021055986517478247,1.24223661803242
56,17149,0.01763105643430062,1.8928928550983843
56,17159,0.011447129444718991,1.8133353336844167
56,17161,0.02342902745135326,0.5767553669519956
56,17163,0.02501400694679512,1.0078742806652765
56,17165,0.02413996386202887,1.4460429725750226
56,17167,0.02555616821687918,0.7495027659776665
56,17173,0.017411413116110355,1.7802643608453042
56,17177,0.019454566106693383,0.8518738392743227
56,17179,0.02638997827299529,0.6291982774872328
56,17181,0.011184465199135445,1.9248400092872937
56,17183,0.03407851556522019,0.6538197781032636
56,17185,0.009354363354086818,1.9210974910784389
56,17187,0.008834827332461178,1.8099088798949357
56,17189,0.012468107988086959,2.0173592404683878
56,17191,0.017978182779141004,2.019524246954413
56,17193,0.01364722172590322,2.4033035605276707
56,17195,0.0315907512089767,0.6500171664945803
56,17197,0.03483853398407862,0.8954571674971362
56,17199,0.019157684751877957,0.6798009511229458
56,17201,0.027632285100682195,0.7601031011769517
56,17203,0.01853993115811494,1.161233024906147
56,18001,0.01250217235959126,1.7357800034569177
56,18003,0.03241254698546611,0.8335179328496961
56,18005,0.019019041710671154,0.6898226783666896
56,18009,0.01206728404776792,2.1926984300829315
56,18011,0.015936683546293524,1.57836108925746
56,18013,0.009074729316666984,1.6558165976468202
56,18017,0.015286403598845467,0.9864409172296382
56,18015,0.021612955899294364,1.4001767569831949
56,18019,0.02484401764875343,0.6853867081332754
56,18021,0.01291007663339291,1.9488335925999103
56,18027,0.016027733344465268,1.4657779414579086
56,18023,0.014142346908538144,1.1602035846166454
56,18029,0.01970382313439921,0.983621517772211
56,18031,0.014319933656656113,1.5497722621163454
56,18033,0.01676470802597165,0.7789859498050542
56,18035,0.028467128011664074,0.7942481594576845
56,18037,0.01787258165429528,1.5423788303328896
56,18039,0.03251232504418716,0.5199112360005335
56,18041,0.01874495840319857,1.435419931814073
56,18045,0.01640242717837814,2.004744526152202
56,18043,0.022273992430223776,0.6671411709431904
56,18047,0.010661696989526648,2.1969088903900325
56,18049,0.014522156922293783,1.626906184789884
56,18051,0.013701722194737679,1.6101270851551983
56,18053,0.021521976498854924,0.6882943887002478
56,18055,0.017560922257099043,1.2584973466077822
56,18057,0.05231570751095215,0.6224229951256262
56,18059,0.022691354411809837,0.9538838752305506
56,18061,0.017795654542433103,1.8060780302091939
56,18063,0.029911991126889532,0.48769995293914925
56,18065,0.02193501610601441,0.7247564826781746
56,18067,0.024246917728287336,0.4590591978388283
56,18069,0.020553051783935565,1.114605272233926
56,18073,0.012036490825053845,1.522586787060996
56,18071,0.017323668280615757,1.1588535887331817
56,18075,0.023361389543070606,1.583925160595343
56,18077,0.01151535379580265,1.5104121973786517
56,18079,0.009187322936795814,1.531495128607759
56,18081,0.0257333749898546,0.5497793501200939
56,18083,0.011797048057861439,1.050393624965016
56,18085,0.023403243974137615,0.6576262408426599
56,18087,0.021502049213553514,0.9911721077005996
56,18089,0.03366987007331848,0.9886759638825366
56,18091,0.020198517803635466,0.48453732168121916
56,18093,0.01987563007308199,0.9535045690852588
56,18095,0.036462475321666826,0.6672632260914101
56,18097,0.029664837663489915,0.7061047791860926
56,18099,0.018479857637128207,1.0034988386084804
56,18103,0.014252726534507293,0.8404245245108659
56,18105,0.023785891495681014,1.1934553498348925
56,18107,0.01946095773080566,1.2173485597761227
56,18109,0.022612882151883573,1.0294971834355542
56,18111,0.008537260079368078,2.571858630514632
56,18113,0.01767628702038151,1.1917646519115812
56,18117,0.018696359500983802,1.5559877111925102
56,18119,0.015144530270983947,1.5368845002536642
56,18121,0.008031417100513551,1.8672069392914492
56,18125,0.015338774500296736,2.868426026873959
56,18123,0.011911147620090864,1.8692026669955792
56,18127,0.01973973617787626,0.6626879463467761
56,18129,0.015480599237038973,1.6151517813679745
56,18131,0.00877068337243582,2.2107862225162727
56,18133,0.00883743207154021,1.1690009638279846
56,18135,0.025069337332940093,1.3482673837870727
56,18137,0.01262212884399501,1.364835958428307
56,18139,0.011937875100398617,1.7870927746584861
56,18141,0.029835980866022054,0.7290754066431778
56,18143,0.010046226999627927,1.8155915376921552
56,18145,0.017252095333612463,1.0647137740707053
56,18147,0.014335976914422998,1.9626510382756344
56,18149,0.018278844970225947,1.4556822367774649
56,18151,0.015053622023104798,0.8075887691266418
56,18153,0.008475000595185371,1.8374732024891347
56,18157,0.024669150738860522,1.2127570743504927
56,18159,0.005788589469636388,1.959648181173793
56,18163,0.03286140637675796,0.5705786118305215
56,18165,0.014017653680783738,2.2076621149663014
56,18167,0.025073359807433405,0.568264653656319
56,18169,0.01621277726493072,1.7777738276007193
56,18173,0.017056290163338438,0.8655142240036037
56,18175,0.01690805321194376,1.4712954570207513
56,18177,0.023305897323625827,0.759410556671591
56,18179,0.016377199806627964,1.381592033379724
56,18181,0.018521078420493664,1.1868377222707311
56,18183,0.013205111909033097,1.1555994876895903
56,19005,0.015478040426842992,1.6744512753892298
56,19007,0.014152532085170491,1.7324928178277104
56,19011,0.016354776037479767,1.3637460038637774
56,19013,0.02697741350782821,0.867956505472086
56,19015,0.010516550187557101,1.5742027989719494
56,19017,0.01823598346362438,1.4318350668142161
56,19019,0.013421588926840597,1.626084757211484
56,19021,0.010135118399876627,1.5613128298626333
56,19023,0.0178173883830325,1.900445032279402
56,19025,0.01365931220493565,1.89659625173386
56,19027,0.013523010589572353,1.731560776445706
56,19029,0.013776951360784943,1.8939521040943599
56,19031,0.013468428052699802,1.6611674049500869
56,19033,0.015978047369918185,1.2010630285869583
56,19035,0.010104213168384972,1.772954973477735
56,19041,0.00712865938834863,2.244722042662196
56,19037,0.012254677709812967,1.9552887807521335
56,19043,0.01919817556766982,1.4873421105719726
56,19047,0.02020107331193883,1.830490196508454
56,19045,0.021055590898328806,0.901605693320914
56,19049,0.019024129619088923,1.17581104370089
56,19055,0.008176872263202743,1.7813123790863843
56,19057,0.01692855516793872,0.8022757446515746
56,19059,0.011479640053915947,1.783198890586162
56,19061,0.019879264695182166,0.7591968297672091
56,19063,0.008416881460120068,2.391599849152551
56,19065,0.022932815731113783,1.8946640656172284
56,19073,0.013331078900566189,2.020995255002576
56,19067,0.014135876555650365,2.105367924846777
56,19075,0.012948465520591042,1.848872005391496
56,19079,0.010713959266791724,2.0501699416425643
56,19081,0.013165420708998773,1.9244221023140096
56,19083,0.020142566089444962,1.862699309300763
56,19085,0.019350674137848935,1.9630818595864974
56,19087,0.012043078600311449,1.777280511232724
56,19091,0.012936305081121488,2.574071831939996
56,19095,0.008627944512699699,1.7020337211641265
56,19099,0.014512815071997602,1.294531620751187
56,19097,0.015260510655563359,2.6791542687458954
56,19101,0.006925339915373698,2.2404275046645776
56,19103,0.029449012634393434,1.0514151365198086
56,19105,0.013408493005825837,2.171009703661443
56,19107,0.01579699268820508,1.9897255711682573
56,19109,0.02169036781480377,1.8848490750360785
56,19111,0.014348375456183142,1.3829188461519826
56,19113,0.028617629930096786,0.551161285725253
56,19117,0.0172071801346879,2.030196133255085
56,19123,0.01707258701137636,1.4835682178884007
56,19125,0.010605569723299662,2.030800408449005
56,19127,0.01998005725657579,0.7808262461101044
56,19129,0.011211617737400058,1.9963372082178639
56,19133,0.015236932618534593,2.299366501690748
56,19137,0.011977232340516621,2.1854087852847344
56,19139,0.01740687734488068,1.0086028960390603
56,19141,0.009444505414964069,1.8418376156001002
56,19147,0.011961408473327202,1.9897856644181258
56,19145,0.019004266624340526,2.6727878603927024
56,19149,0.014266454189736068,1.8952678038624566
56,19153,0.024503655864020934,0.63945324294367
56,19155,0.027224039431705323,0.7494151697227496
56,19157,0.0127525341386598,2.137735724853811
56,19161,0.0201775302682208,1.8473996504597525
56,19163,0.02306258906232513,0.7135607680343972
56,19165,0.010470200297056564,2.2643126638873623
56,19167,0.01302228694268649,1.5999277625165524
56,19169,0.02646434738891849,1.5194389892816231
56,19171,0.01895235810649647,1.8457800213089786
56,19175,0.006699435752898164,2.3536856482262665
56,19179,0.020935462482527912,0.8255512516649446
56,19183,0.009816210581549944,1.7174522184034868
56,19181,0.017330812519922353,1.121633187671054
56,19187,0.01571782963149633,0.8658893875472947
56,19191,0.009852825531673137,1.9325435892376295
56,19193,0.018122203073305414,0.6101439169908355
56,19197,0.015379859775635748,2.4547748647456693
56,20001,0.016097590128607488,1.8883933574497587
56,20005,0.006449053320266785,2.0710347472759594
56,20009,0.012618986903442915,1.2130997054024548
56,20011,0.011377840168820185,2.006016115248286
56,20015,0.01645106557030232,1.0617237700423467
56,20029,0.008752766742564972,2.298626730779392
56,20021,0.011238540431326284,1.8480504913880638
56,20035,0.017117979478750607,1.2473860798373537
56,20037,0.017738959178360447,0.9218662963153829
56,20041,0.014053817118618868,1.8893552652535612
56,20045,0.027297721148792108,0.7090695756754258
56,20051,0.007973913373780438,1.5244425208948567
56,20055,0.02235136187614846,0.7701189048925035
56,20057,0.01303873492749355,0.9957290846980458
56,20059,0.008050883030563703,1.76085528740232
56,20061,0.02075989964784787,0.9438056451903085
56,20079,0.01636114973679423,1.499594419327309
56,20087,0.009756724877883823,1.8856880880118758
56,20091,0.03264352831289939,0.8243799779603592
56,20099,0.01668061713365974,1.1830186538044951
56,20103,0.010660128750756845,0.8553473777454544
56,20111,0.010938036893774705,1.100101210569654
56,20113,0.011643772766412526,1.9430480619668677
56,20115,0.01085176080438969,1.6538224755343354
56,20117,0.009676990903967482,1.5889976338194391
56,20121,0.011163902758592564,1.2427232330023634
56,20125,0.024003873827883365,1.0466968725780004
56,20133,0.012369691550634766,1.9337397997784993
56,20149,0.00562226739672209,1.7147435724185187
56,20139,0.014767373485815806,1.91979845748276
56,20155,0.018327678698590456,0.5911322918894077
56,20161,0.030141626395593635,0.7156180188030824
56,20169,0.0103261488295746,0.7503753751222494
56,20173,0.029074065184003718,0.7197542664088811
56,20175,0.01286383116822162,1.7786870823815235
56,20177,0.020208102305801064,0.6599073538021887
56,20191,0.013232779651786033,1.5143244514524372
56,20205,0.015621612210532942,3.413162449843994
56,20209,0.0656028502854733,0.7069975290743018
56,21001,0.020242799398115616,1.4076600124505985
56,21003,0.013812470907059782,1.5769868092039259
56,21005,0.010196169971193336,1.550770081840185
56,21009,0.018762906164397016,0.7713069141226216
56,21013,0.022905020418534004,0.9342892296895242
56,21015,0.02399748625666911,0.5505326784017481
56,21017,0.014219775227874485,1.4046007984790607
56,21019,0.020678776931972932,0.774752101538131
56,21021,0.010237116052871595,1.4152056637774555
56,21025,0.02810206265697117,1.4291999324519808
56,21027,0.016586848729074625,1.5074349173909067
56,21029,0.018083202201154263,0.6583827445488538
56,21031,0.010703549539474815,1.8357427591590263
56,21035,0.011865432996384734,1.012649581904336
56,21037,0.018484397733983172,0.886295309377251
56,21043,0.012520483196602985,1.3693693274900047
56,21045,0.012774825990910564,1.8769229320912102
56,21047,0.02097532161471325,1.8687232232054953
56,21049,0.020019401736514463,0.8872733104581025
56,21051,0.014461776364193503,1.3597787224171933
56,21055,0.010490899462611765,1.8866852460367083
56,21059,0.02707971345675706,0.6822869946376788
56,21061,0.0035490124798115683,1.9204881460950427
56,21065,0.009591600909920173,1.869292874664168
56,21067,0.02514338586966334,0.7637026821800782
56,21069,0.010127376012297197,1.978930379490578
56,21071,0.018112780005963693,1.0622062568952386
56,21073,0.016926918100408517,0.7356966864631724
56,21079,0.008657508950788992,1.9866834787999368
56,21081,0.006296065932141256,1.8925052917793324
56,21083,0.017653696691023103,0.8561525539423688
56,21085,0.016088845236974337,1.3394354490525822
56,21089,0.017973441506489152,1.3231793848318971
56,21087,0.009774702916148629,1.6902477316354683
56,21093,0.018817575543796594,0.7180068785399247
56,21095,0.028428145882927063,1.019760952219778
56,21097,0.01105857365321815,1.674039164581481
56,21099,0.013409834634056343,1.6206096393092249
56,21101,0.017013334225596623,0.9442580540001316
56,21103,0.016352942073967792,1.83027764312976
56,21107,0.019612641852141722,0.8936166421563143
56,21111,0.025310610924408655,1.041178316836641
56,21113,0.01279934154259696,0.9957967861393705
56,21115,0.012267796843380667,1.639908226324722
56,21117,0.028592167824955533,0.785553456957745
56,21119,0.014962328070651036,1.7182189758280124
56,21121,0.020046934526253602,1.2488603396475717
56,21123,0.005387183039609031,1.9395571715722597
56,21125,0.020006022109424173,0.7836175180477122
56,21127,0.013547233918785146,1.867699260749532
56,21135,0.009742476801990675,1.936183602654532
56,21133,0.013026412534316544,1.4230263854726326
56,21137,0.011961094832895813,1.4708055657119017
56,21141,0.012276458584750585,1.6064697118315032
56,21145,0.01914172668044742,0.6766025767354604
56,21147,0.007116515510976628,1.890094309849225
56,21151,0.016398428715944952,0.8185844139427184
56,21153,0.006998120614141255,1.8409640525456632
56,21155,0.008950952623340837,1.617019766898695
56,21157,0.01585282903731388,1.634694507395669
56,21161,0.010991150998531854,1.6759047645998535
56,21163,0.012155249362590015,1.720666270921836
56,21171,0.009449966318931939,1.941212902300509
56,21167,0.012551564147073098,1.8690558184986108
56,21173,0.011469528003448345,1.6856259085597969
56,21175,0.016605759329685717,1.9273416692576968
56,21177,0.020643971593263775,0.9352235047246819
56,21179,0.014682455756977367,0.8608010854917009
56,21183,0.014478846662605505,1.4568082143220502
56,21185,0.029029950023687794,0.689956069724337
56,21193,0.015284782947227484,1.1582034489699797
56,21195,0.03561194577159787,0.7431222803157457
56,21203,0.007948849816140876,1.8631068074793475
56,21199,0.021788979666060186,0.641645834506809
56,21205,0.005000834946824194,1.7317916579740864
56,21207,0.009923837290994466,1.6880717393037792
56,21209,0.016958875971220026,0.6955536284191076
56,21211,0.00951497210788784,1.662407500736855
56,21213,0.00640268553054649,1.8353227936099172
56,21215,0.009848766261710117,1.9901751600155748
56,21217,0.009611622212754052,1.6839111277805077
56,21219,0.008127675106344628,2.0044789109841976
56,21221,0.008502423700469846,1.9026584588035254
56,21225,0.006056909940830095,1.9123006254707289
56,21227,0.020003949648457038,0.7869003741321798
56,21233,0.009119864123053763,2.1392985894698837
56,21231,0.01052076184273022,1.748866756759381
56,21235,0.013321352747221049,1.6251427472596414
56,21239,0.015815823863871644,1.144803541253229
56,22003,0.008518890715433379,2.617269056077103
56,22001,0.023924425581746348,0.8306616927098905
56,22005,0.030498158653762247,0.6833974903207122
56,22007,0.016704280578340086,1.5265288115047553
56,22009,0.01954353614209458,0.9865142776309606
56,22011,0.016591014674069718,1.3292892778174525
56,22013,0.014093162170441542,2.337793294285688
56,22015,0.021600460948341196,0.6023071006397634
56,22017,0.032944933837039524,0.685175467236072
56,22019,0.026162041927973112,0.570067988859696
56,22027,0.013207782098868463,2.0124453012976677
56,22029,0.011538659146150338,2.153884432024818
56,22031,0.017582991279560808,1.3404864135410093
56,22033,0.027147833096622817,0.8779833525318463
56,22037,0.009664238823346449,1.9368485958992518
56,22039,0.017917697989258564,1.4633051317322299
56,22041,0.0145526038530286,2.0280304551539
56,22043,0.013344970641461135,1.7508735888780247
56,22045,0.021983607983792404,0.6305891546960577
56,22047,0.011646437697313257,1.7029668707720806
56,22049,0.01253316354571958,2.0104777012990467
56,22051,0.035976877878124466,0.721965678550882
56,22053,0.01526539694662993,1.398152143399147
56,22055,0.026558101462325793,0.5791903314974449
56,22057,0.027603825832500147,0.929187049330359
56,22061,0.020191293221593087,0.7401088880356513
56,22063,0.03279177721059374,0.6397160113462977
56,22065,0.015708880690940768,2.187933522479439
56,22067,0.016190579924624474,1.2888639491146912
56,22069,0.01433398570619419,1.2755209018877167
56,22071,0.06704744330180958,0.7561468960105742
56,22073,0.03220301976813794,0.6608762379049278
56,22075,0.024197728493272702,1.7722857499199345
56,22077,0.01042712706337575,2.192672637933959
56,22079,0.02899057327012537,0.49155294881587897
56,22083,0.013216315515051159,1.6815494078026565
56,22085,0.018134416110031935,1.539984937867831
56,22087,0.035229128549860746,0.609788281710789
56,22089,0.013238006094184462,0.7432831006084625
56,22093,0.015753903847476644,1.337632149299197
56,22095,0.01572256582856088,0.8762945312074721
56,22097,0.03551618618161344,0.6310267518390535
56,22099,0.01615879144287263,0.8779768637905695
56,22101,0.036357124656833044,1.4278783829720842
56,22103,0.02731850759665292,0.5951524753210509
56,22105,0.028540600512668726,0.6037493444954546
56,22111,0.014485047341880768,1.4509276041518533
56,22109,0.0327324453422989,0.623200045893211
56,22113,0.020593809083055553,0.9134486052845133
56,22115,0.025897219102959574,1.0111590976551887
56,22117,0.023361827543888797,1.1268821729926253
56,22119,0.018116314371727404,1.4533236573138049
56,22121,0.00806167702005082,2.0074155271570726
56,22127,0.007273347844038764,2.5301764764200323
56,23001,0.02794352223921386,0.7928821027866533
56,23003,0.05584246983086072,0.9382329334919083
56,23005,0.031625793925631904,1.2428145343697063
56,23007,0.018900563204233528,1.1463324900866545
56,23009,0.041901189708618274,0.6681244495926139
56,23011,0.0332086649576009,0.7777045395341152
56,23013,0.021290049672120746,0.9757898913011901
56,23015,0.02577192540988011,1.4231698685144243
56,23017,0.03293981535780593,0.6749710592035997
56,23019,0.033860267835381104,0.9452378553215557
56,23021,0.030961836637519786,1.1080454847518983
56,23025,0.03237333768955981,0.7487739850085369
56,23027,0.01885367333385219,1.223776926058658
56,23029,0.03860890467659543,0.7688394894645314
56,23031,0.02735277914986495,0.7016500824279212
56,24001,0.02693381942146747,0.5486900878412353
56,24003,0.024986268986740553,0.7452040539247214
56,24005,0.02577034450528653,0.7419020611884216
56,24009,0.02265867369129233,0.7690936420620412
56,24011,0.015392672592445497,1.035635086855935
56,24013,0.0339448767720286,0.47860375589420184
56,24015,0.019625799460476614,0.6690539392591982
56,24017,0.02414772769313066,0.5673290766246333
56,24019,0.013273357285971142,1.1822102530017446
56,24021,0.02873361990302505,0.8309248074210632
56,24023,0.019393325296865216,1.2104259295173287
56,24025,0.026786373378948465,0.7357387682464268
56,24027,0.049684205589442525,0.8191514300985808
56,24029,0.009815844653557738,1.7102004478289545
56,24031,0.03648992159253374,0.8638022630285149
56,24033,0.0307704320523928,0.9450796509201815
56,24035,0.015674912691168514,0.9605273971390085
56,24039,0.012381882833112175,1.8599239737781068
56,24037,0.015449349166702611,0.8793110463444996
56,24041,0.025300862258077858,1.4045902540323452
56,24043,0.02057592445464441,0.5630530168781598
56,24045,0.021293540453985394,0.5390229262397604
56,24047,0.02487644299149069,1.0191337347150713
56,24510,0.04887849978484341,0.827397014961427
56,25001,0.07020053121627651,0.7100710588185178
56,25003,0.044627709516782105,0.8401082133794361
56,25005,0.03496080220778191,1.0611887467178729
56,25007,0.010234639291504536,2.1293979830302137
56,25009,0.029513923441280978,1.1556577934137835
56,25011,0.03694532283197198,0.9132221990869591
56,25013,0.02982173879094292,0.7744104834430524
56,25015,0.03878641884155087,0.9493741187576354
56,25017,0.02799234568381223,1.3539402329142574
56,25019,0.011963213570603514,1.6521131046351136
56,25021,0.04725926274994711,1.252969409776802
56,25023,0.03584241598890104,0.9982163160254282
56,25025,0.059558535043091054,1.0441832205019026
56,25027,0.024831565360230543,0.8033311523294127
56,26001,0.03610599692191208,1.9351336497985836
56,26005,0.024946612284223846,0.8003685406234101
56,26007,0.02319114921479222,1.1664999532904505
56,26009,0.027381392780583047,1.2196102270480813
56,26011,0.02292922511801466,1.8063008835944
56,26015,0.022341450440219263,0.7934086867861617
56,26017,0.02582894251188259,0.5496296171794717
56,26019,0.01737703154697575,1.572469976750769
56,26021,0.032614376608777196,0.7944892954883586
56,26023,0.023807616657610848,1.1452688235493311
56,26025,0.030024185865180145,0.6862418870164853
56,26027,0.024659309461934356,0.9009408858920622
56,26029,0.037084244132443885,0.9880116781933616
56,26031,0.026022927301320404,1.216430389629282
56,26033,0.021167608185516468,2.1436878910234882
56,26035,0.030201166486855932,0.8804664220830584
56,26037,0.01909265974916758,0.5216965603486717
56,26039,0.018569424701666337,1.7125232894266298
56,26041,0.021233721064938614,2.1397790147599625
56,26043,0.015656558461930373,1.2116138900862874
56,26045,0.02385161898406886,0.6230616602075475
56,26047,0.014508817390145055,1.1836614105764138
56,26049,0.040836929166591,0.7672035915375249
56,26051,0.028945971180200127,0.9009233151131973
56,26053,0.02250255550471196,1.4784081292385243
56,26055,0.019861455708530335,0.585289938996394
56,26057,0.017307790152520645,1.137679278429066
56,26059,0.019346968173475476,0.9878376228414928
56,26061,0.01692356753563375,1.0413275608427486
56,26063,0.036686945022031764,1.0768941590314243
56,26065,0.03603937515590889,1.1070244297235496
56,26067,0.0152529193686014,1.283584654147259
56,26069,0.040498101860535256,1.0498631415920663
56,26071,0.0267509676838794,1.6973912875492516
56,26073,0.020318297441443315,1.1387815858750006
56,26075,0.025595506227258924,0.9687628856745654
56,26077,0.021450584711367127,0.7257055554076116
56,26079,0.010920187682127333,1.4960767792009968
56,26081,0.030250378967764873,0.916703944113874
56,26085,0.018769107242699177,1.8677733232528144
56,26087,0.031480159200184724,0.6862653434787759
56,26089,0.026206077173281907,1.3823803214527997
56,26091,0.021014369372675562,0.8701429934983387
56,26093,0.055031443271373874,0.6204989030898456
56,26097,0.02392392160928736,1.7080343197949979
56,26101,0.03145768695788721,1.3008989163279159
56,26099,0.03220293341016594,0.7572486662654401
56,26103,0.024848644779074357,1.2500460069574546
56,26105,0.019215770507396954,1.4267151017955935
56,26107,0.012691596212898488,1.729909141978887
56,26109,0.023356309211248975,2.3697646447654033
56,26113,0.013461978650711028,1.9575864830184677
56,26111,0.02131357143890117,0.679705568040511
56,26115,0.024172291063771084,0.736599102476154
56,26117,0.028666490173055406,0.8659116028885144
56,26119,0.027201442626964535,1.885633573348892
56,26121,0.02700746738777078,0.675979419205287
56,26123,0.03278828043168042,1.016887206458666
56,26125,0.02590391648329171,0.757519091953747
56,26127,0.01266266847179486,1.258826618140211
56,26129,0.028924318334388445,1.2781427559164744
56,26131,0.011882576969469701,1.9435424196425675
56,26135,0.02733719166756271,1.9497496057318457
56,26133,0.025096806339756556,1.4573639131004272
56,26137,0.015148378658932449,1.4957844363673738
56,26139,0.031514044243804475,0.8341228685285621
56,26141,0.029691376412792906,1.63859537317703
56,26143,0.04546267859001645,1.0052284245023915
56,26145,0.03449868242770151,0.7404484537463175
56,26147,0.04267917941198604,0.9122382125788265
56,26149,0.02775514855872053,0.7598281740646468
56,26151,0.02677875478525788,0.9606570183400479
56,26155,0.020625788765723484,1.003612324727274
56,26157,0.034359835635521266,0.7701245496973539
56,26159,0.023079158250083935,1.4950294873282564
56,26161,0.036649422791623205,0.8936491369475223
56,26163,0.024412041048376902,0.9071561213160572
56,26165,0.01423390343770518,1.47107536409818
56,27001,0.033350042890104445,1.5250733982127382
56,27003,0.04620412314963476,0.8811959348554527
56,27005,0.02339542647419963,1.0396659990033086
56,27007,0.010052718767162995,1.1875422582662443
56,27009,0.012880083590149296,1.1448013789475815
56,27013,0.018135856389411422,0.9305051359533125
56,27015,0.014397302170743196,1.8211691949685764
56,27017,0.010581317894031399,1.4293910462618327
56,27019,0.0393298955587792,0.6479125365291419
56,27021,0.02783508589353723,1.1128162130912946
56,27023,0.009499921022673906,1.8852285559221127
56,27025,0.024822832766186083,0.9540748571787668
56,27027,0.012199623237590456,0.7923190515513426
56,27033,0.01140609184609863,1.8357611711246837
56,27035,0.026608759580414764,1.162626457279053
56,27037,0.03401966246266982,0.769501458984238
56,27039,0.01479674495908577,1.632640012209476
56,27041,0.019994210005540154,0.9628355247456031
56,27043,0.03034466171368863,2.262801204324324
56,27045,0.0260819712556409,1.570806024216573
56,27047,0.030795456160598412,1.3116570024418053
56,27049,0.019029074853474874,1.4682309352032297
56,27053,0.0273795571265683,1.1217451762950144
56,27055,0.016824008278259365,2.0685081047577327
56,27059,0.015766253060537253,1.163905524511739
56,27057,0.02830282670544423,1.928144074557834
56,27061,0.021761007415769182,1.0362733223175469
56,27063,0.013632296694818854,2.1536897016711514
56,27065,0.009837437824062026,1.9365467260146456
56,27071,0.007645573818126167,3.733624959361935
56,27067,0.018764590099781948,1.3317174919961103
56,27079,0.017533536904873793,1.3760268529676536
56,27083,0.014171092648145606,1.3132259620261397
56,27085,0.016678325992274003,2.7387069535689132
56,27089,0.018324154706942545,2.056889716808897
56,27091,0.018387661218235336,1.580051292953118
56,27095,0.011799241781316602,1.7704313867553376
56,27093,0.019551562206539384,1.5919332659305518
56,27097,0.02442204813554819,1.82279221209488
56,27099,0.020587753468674252,0.9414406917250902
56,27105,0.010854797762039878,1.7381759290970669
56,27103,0.008581537781646645,2.1290131075412977
56,27109,0.02724685819589218,0.5507635201850741
56,27111,0.04164429899901869,0.8251393337606775
56,27113,0.012916706400084181,1.8713816986020042
56,27115,0.02331067108681722,1.5118587667950865
56,27117,0.021731129041197433,2.346639058630489
56,27121,0.01434744285808284,1.7569598357328913
56,27119,0.01585949019800133,2.1453443364631846
56,27123,0.031175861061347027,0.9560477823209531
56,27127,0.023025517030026386,1.9700327177724006
56,27129,0.026060155515260138,1.672416957101491
56,27131,0.012623051195328222,1.070883755374668
56,27135,0.01614068046396279,1.5986469136297947
56,27137,0.033457493412696174,1.4560327495972116
56,27139,0.03878166700118942,0.5814805641511979
56,27141,0.031048210942494683,0.9465055279522305
56,27143,0.016653675237905174,1.8506885898219112
56,27145,0.01905893674334779,1.0078946694475266
56,27147,0.013698245835602892,1.0423840290154052
56,27151,0.012948809940970083,2.2203827953909756
56,27153,0.022631854156669653,1.2257180414838786
56,27157,0.018230963032911586,1.296113923414052
56,27161,0.010214872619152065,1.961302865304994
56,27163,0.030713533479414152,0.8926893237125272
56,27169,0.011466858880385301,1.1005577014396395
56,27171,0.029034869830519346,0.7647944084558338
56,27173,0.014286747390651524,1.9297169026312968
56,28001,0.01617042590969098,1.02213203005291
56,28007,0.017234713747672978,1.4327147710759125
56,28003,0.01575778685685159,1.386824567315479
56,28011,0.018171097121096914,1.357996461200386
56,28013,0.015515298331282203,2.393744344812451
56,28017,0.010505494638556212,2.0423833615464715
56,28023,0.008737741438120637,1.8963146196708836
56,28025,0.010553350063390941,2.360413952581249
56,28027,0.01617894849753083,1.8762224382608563
56,28029,0.014286437000033046,1.5764931614155646
56,28031,0.006591814661180946,1.8684405464892275
56,28033,0.027917705660714744,0.6516321643327746
56,28035,0.02039792286559158,0.5715064011760926
56,28039,0.01164360573767231,1.9844376955846699
56,28043,0.01014101841372651,1.6808588967351337
56,28045,0.008703249756108724,1.3542131709586975
56,28047,0.023970050690321484,0.4642241319471475
56,28049,0.034768778739985795,0.7593757987303911
56,28051,0.019205983308083038,1.6185224978804518
56,28057,0.009835934560379142,1.802857963900411
56,28059,0.020241166836032342,1.0427375743026355
56,28061,0.009568096834902024,2.161562205661139
56,28067,0.017141787697381686,0.8015932279443921
56,28071,0.012137126390722631,1.085882735808033
56,28073,0.016331804726121477,1.1677377271803122
56,28075,0.021148431850663108,0.6882071502214544
56,28079,0.009387673416034293,1.8686993955617048
56,28081,0.02043431085916708,0.5587355000927797
56,28083,0.01779633551724314,1.08623478998998
56,28085,0.011913699876948878,1.5805873517358138
56,28087,0.01552437661357213,0.7874291423675872
56,28089,0.018770414604386266,0.7294540017425803
56,28091,0.013653442958997637,1.848519220870309
56,28093,0.011564999158287733,1.8894740548998639
56,28095,0.020054322761717078,1.148573275954007
56,28099,0.014408807785686454,1.4081692082169988
56,28101,0.010800825483324502,1.9129278127272824
56,28105,0.020715325459948496,1.1130805207340881
56,28107,0.01503868613151682,1.5461832646390221
56,28109,0.018734936446133704,1.131436643218619
56,28113,0.015000063508179791,1.31598241525765
56,28115,0.015983913451050207,1.5126829484253028
56,28117,0.011567702120003602,1.7745587410040853
56,28121,0.024161484415608087,0.535128691095533
56,28123,0.015002740807072094,2.491457507203988
56,28127,0.01141073788808245,1.7493479948882336
56,28133,0.014528412250335541,1.7756447781933584
56,28135,0.00917632640862813,3.291663453194885
56,28137,0.011473473762635446,2.0142372278261536
56,28139,0.007813069596188993,2.1149729972156264
56,28141,0.007099977049172812,2.0093723759804054
56,28149,0.018609252190895098,0.8546066545393566
56,28145,0.01600663852371143,1.5354749881135743
56,28151,0.04176583125255513,0.7251423877789778
56,28153,0.01063569158914494,1.952500313996062
56,28159,0.015474718062118555,1.8100355878866623
56,29001,0.007785285587510952,1.189603560484277
56,28163,0.012072636926401457,1.5620903838975808
56,29003,0.009513634111254816,1.9496864023734768
56,29007,0.015643541942338492,1.415390298793384
56,29009,0.013114703768392823,1.4623597025681327
56,29013,0.009078691320924011,1.7515364820505093
56,29015,0.01925750404908868,1.6494925762483272
56,29019,0.024493058949489378,0.9819540257852057
56,29021,0.028018152538595863,0.5472697952061144
56,29023,0.016210345405879765,0.8578794909546351
56,29027,0.011492855825797822,1.4009507650559314
56,29029,0.02308400055659841,0.8693357289045468
56,29031,0.015591844409978765,1.120856210315276
56,29037,0.018815405150001324,0.8057387486192435
56,29043,0.029232750797644223,0.6867349105847333
56,29049,0.007420312403683312,1.938896998215254
56,29047,0.02785058886644111,0.6916592949144155
56,29051,0.013811891883620102,0.6752489361952536
56,29053,0.008854215064006625,1.9171469095922342
56,29065,0.006529004028076276,2.7129068219280503
56,29055,0.009177971397377402,1.4780033260261478
56,29069,0.02753498664137186,1.5234224409400965
56,29071,0.026006243157347796,0.7373331459862634
56,29073,0.012583192215002413,2.5664802474629087
56,29077,0.029310651658141403,0.9303921765695412
56,29079,0.008293962943600174,1.7667710577453126
56,29083,0.014348250493193835,1.7334782043804908
56,29091,0.01777378009920573,1.3616412568744025
56,29093,0.013991528692794653,2.1706822308150193
56,29095,0.030463851549118903,0.9733595307492495
56,29097,0.017753906497843253,0.6097393358627149
56,29099,0.03968747809890789,0.6564601522209994
56,29101,0.010028290533445764,1.7924458292620549
56,29105,0.012269886520805075,1.8101798441840358
56,29107,0.012806715258699516,1.7068888533988462
56,29109,0.014339677219471223,1.8979729802386103
56,29111,0.009458329489462868,1.8521160560897216
56,29113,0.02247734899780183,1.001471756284963
56,29115,0.015177446660977393,1.848136036024267
56,29117,0.011301450888083422,1.9419644905783386
56,29119,0.01138173254550086,1.7837798858987184
56,29121,0.014396964211699476,2.1971680695510174
56,29127,0.0171746441709882,1.9090164746590563
56,29131,0.010155793029042046,1.9033820241143409
56,29133,0.007396645177110948,2.747794747765943
56,29135,0.008192488953489566,2.139150970387262
56,29139,0.012676271821770183,1.923325175619962
56,29141,0.010284589509444084,1.7598562358677345
56,29143,0.017361096307762613,1.7216994611105005
56,29145,0.019690850874282823,0.9512326511276405
56,29147,0.005247404199981622,2.194746969198247
56,29151,0.010651280275821573,1.9212953359349276
56,29155,0.020836477748569653,2.063848117666429
56,29157,0.011309092215355483,1.6551896307688005
56,29159,0.01774974946388435,0.8244438433292386
56,29161,0.008994409495102032,0.9325442515883304
56,29163,0.008894827587778114,1.8597156925006462
56,29165,0.015734650168076358,0.6253695555926305
56,29167,0.010461952668757726,1.7650152300390538
56,29169,0.014807407667595853,1.185095467455772
56,29175,0.010926265722778595,1.564184148380015
56,29177,0.009257838304168877,1.7552001030236404
56,29181,0.012545479881274529,1.9603107893744631
56,29183,0.034279553524702744,0.7507548289912462
56,29186,0.008714333908529855,2.143923210465759
56,29187,0.01705604887974295,1.2255931890685792
56,29189,0.024343384987718673,0.9975360562899702
56,29195,0.02074347377805367,1.2898452043329078
56,29201,0.02131915273756355,1.3713239750296826
56,29207,0.021854857567017032,1.3804947321270822
56,29209,0.01725128493203072,1.4949908783842782
56,29213,0.014463450315170573,1.0147660325045098
56,29215,0.01135266697322373,1.869815932562514
56,29217,0.015048556900966214,1.9368154372433315
56,29221,0.01370066445550137,1.5648492296369763
56,29219,0.011674017359167777,1.7665123886750849
56,29223,0.0110968945675381,1.779656712753065
56,29225,0.016225679524366463,1.088089504490492
56,29229,0.008993761151566648,1.7985619636121177
56,29510,0.057315386596492386,0.9472118360363271
56,30003,0.017432628947201302,1.588726636542989
56,30005,0.015078328347360772,1.7515169403521218
56,30009,0.01833087967840221,1.6869100030786006
56,30013,0.013902509459249361,0.5012399766708123
56,30017,0.01584105857848236,1.6095287150626636
56,30029,0.019971426208347295,0.8520805153372378
56,30031,0.016795163382746146,0.8596054140486619
56,30035,0.0024888474304085298,1.872180788614429
56,30041,0.007435090431714565,1.4927727932778698
56,30047,0.01068911479298017,1.2702222884123624
56,30049,0.010996487442960702,0.701914944374019
56,30053,0.01228513462227838,1.5545038794225337
56,30063,0.017726697196857166,0.7042761385457731
56,30067,0.010221493515788561,2.3070556681200736
56,30081,0.01926637799771306,0.914214456308118
56,30087,0.00761320065292089,2.2879236700355357
56,30083,0.009181575949159785,2.3526725189277378
56,30093,0.011532436537098397,1.1419363852035616
56,30111,0.022176372683772122,0.7630522952904073
56,31001,0.014030741768338729,0.8552084501553723
56,31019,0.01251815952842741,0.9405459180389915
56,31025,0.015981986471395593,2.028921213269182
56,31041,0.009346037790291447,1.6993883796429565
56,31043,0.00593329965554841,2.4457002066447826
56,31053,0.016480373718661213,1.3048527817277795
56,31047,0.010904484161581348,1.896315946694777
56,31055,0.03162566129521767,1.0283764030127247
56,31067,0.016975924863628245,1.4583417586479064
56,31079,0.01789092857434229,0.5440314204464699
56,31089,0.009390895701532082,1.7639188075591894
56,31109,0.023246639447348394,0.9404088462484872
56,31111,0.010194201520572748,1.3204845459603496
56,31119,0.01110250835506239,1.0251653697788514
56,31131,0.011057686820139368,2.644734223723949
56,31151,0.0074908175404756125,1.7511841676344755
56,31141,0.011006685823058656,1.4136022217021909
56,31155,0.01184044753759811,1.635806844514457
56,31153,0.028629351511182486,0.789636263624168
56,31157,0.016078443160446845,0.829877434732618
56,31159,0.007672181087562171,1.9923040995843726
56,31185,0.006598150554178508,1.876071064141626
56,31177,0.010946894379071566,2.0282648188587684
56,32001,0.006660928012596916,1.5015593742924798
56,32003,0.020234241464367572,0.9123886761152512
56,32005,0.030893988437774886,0.7616920987660152
56,32007,0.017905644383019333,0.9850679689929773
56,32013,0.00347334289257408,2.625226229391221
56,32019,0.01257591725068228,1.2578223321567712
56,32023,0.01679590506736642,1.5050378038339638
56,32031,0.026120227666541058,0.7424416822956345
56,32510,0.011689711834403732,0.695210882081971
56,33001,0.023688596339955396,0.6295617177219651
56,33003,0.030131010051659024,0.888796883958506
56,33005,0.01945881734277062,0.7203009458275652
56,33007,0.03281290055682568,1.1934099742581012
56,33009,0.031275400433424576,0.7517729104623379
56,33011,0.030504453613461314,0.8714031343910565
56,33013,0.02815490879664089,0.5689520437264503
56,33015,0.03799881297402702,1.0396683457515916
56,33017,0.014892165564430562,0.9354178764640468
56,33019,0.015338408181482865,0.9981641441956043
56,34001,0.026782236982645518,1.0502007375276772
56,34003,0.049122276337662335,0.9363042136531838
56,34005,0.03240509402967692,0.7018717853556535
56,34007,0.032644301157524945,0.9708576631839964
56,34009,0.047663618727016015,0.6007979845133958
56,34011,0.03732930072366243,0.7013081143698255
56,34013,0.0399338652255479,1.0571908237627872
56,34015,0.03008234306912989,0.545552106460281
56,34017,0.05813960642868784,0.9533236678323065
56,01001,0.014730617834649996,0.7551713876283972
56,01003,0.026890000825907968,0.6095949448127614
56,01005,0.020901475499231697,1.1997427361166466
56,01007,0.007143603986329911,2.0293716564290656
56,01009,0.02006296619954462,1.2324988365720477
56,01013,0.023770920480401577,0.9636374487838836
56,01015,0.025344440236609762,0.5213245887996916
56,01017,0.019211902884438248,1.406900560122511
56,01019,0.0186244356148844,1.5228684906729442
56,01021,0.017489718056891746,0.8856171571988116
56,01023,0.010970004636326395,2.1145343111739785
56,01025,0.029086574128156895,1.2307140660770504
56,01027,0.010026240300301555,1.9072300129994828
56,01029,0.009278988021743264,1.9234992913316957
56,01031,0.023502111578797176,0.8420142437204552
56,01033,0.01879504248448557,0.6549485284420792
56,01035,0.01515988637190776,1.73984992393163
56,01039,0.030451099361401675,0.7579431801002738
56,01041,0.02123728755108257,1.431729086130207
56,01043,0.029678708398189414,0.7073610317245728
56,01045,0.01997706120888703,0.7112560885983727
56,01047,0.026441250148034612,0.6451813450349279
56,01049,0.024743505608714578,0.7218826015150038
56,01051,0.01592904043537512,0.7756873974383649
56,01053,0.01592765956463365,1.238682630153675
56,01055,0.03493586627537298,0.596823636315454
56,01057,0.013659762277659538,1.8580358964962467
56,01059,0.018003302846384975,0.986615265744784
56,01061,0.016384647958477473,1.7803263943466292
56,01065,0.018089447701011792,1.733651954151952
56,01067,0.017657197729922677,1.5519812698907482
56,01069,0.032587973439803256,0.5071518563051166
56,01071,0.022978756816819858,0.975074472692693
56,01073,0.023791428806408374,0.7390861943175582
56,01077,0.021098495751188245,0.8977802198267929
56,01079,0.01869990383697377,0.9527830729366421
56,01081,0.02300461706727812,1.3275782456634198
56,01083,0.02026010772871729,0.5408065115338008
56,01085,0.011332655569908657,1.9671940976444897
56,01087,0.03814654415010216,0.7808770774183652
56,01089,0.023295188125592284,0.8310463209526839
56,01091,0.013787957888012174,1.4235205986269275
56,01093,0.021113380690929218,1.302480352501159
56,01095,0.02513063250071667,0.7777793816739859
56,01097,0.03598962445246346,0.7468423273344735
56,01099,0.018504984759610064,1.2086256858705966
56,01101,0.03507971891301529,0.6651167271683776
56,01103,0.024582631692441126,0.5931008840813473
56,01107,0.012874028381442157,1.8602018014464383
56,01109,0.011909178193681558,0.9372641240413462
56,01113,0.012150278192538937,0.8326795546800506
56,01111,0.016715155300221524,1.4946040903918605
56,01115,0.020036749931932177,0.7609990348194935
56,01117,0.02535161530728945,0.5749358642127956
56,01119,0.008286721227283717,2.089499231608176
56,01121,0.030174669704760505,0.6594466271099815
56,01123,0.016683934430330602,0.8255683912943522
56,01125,0.026479072210814227,0.6927947568852862
56,01127,0.03880431735160245,0.600799721630194
56,01129,0.012862464700376877,1.9350494461112644
56,01131,0.009366087982188886,2.2199557566387305
56,01133,0.016138970691330287,1.3271471535122779
56,04001,0.036882906030514806,1.482005774065146
56,04003,0.020087624513708734,0.9177947831741182
56,04005,0.01595934724586891,0.9500793039424995
56,04007,0.03315009191549207,1.1262884391758754
56,04009,0.01030600201786002,0.9884748836966806
56,04012,0.03486109165348842,1.1837907704870705
56,04013,0.012790546572170323,0.9299064973624259
56,04015,0.05373049233473005,0.7228499609396096
56,04017,0.03500229195314568,1.5284475383845177
56,04021,0.03852311718421179,1.3725979503555032
56,04023,0.01607516955168682,0.9755527673038012
56,04025,0.050525157031799224,0.8375860909784579
56,04027,0.04861102224910929,1.1973792192179111
56,05001,0.022306806588486203,1.3382609388031976
56,05005,0.02977871116341529,0.7863489184635873
56,05003,0.015815609747578365,1.4067824238929107
56,05007,0.02694805681265563,0.7110470136923428
56,05009,0.015699852302786595,1.2763358284329693
56,05011,0.016155046233210475,1.9458997669753821
56,05015,0.00826987301062251,2.916048814737701
56,05017,0.012296057629700437,2.7194525420630686
56,05019,0.01043652008786103,1.7352675096033547
56,05021,0.020694606787954435,2.3672551639463792
56,05023,0.018277925253647978,1.172571253203904
56,05027,0.008862162387385469,2.34269108212713
56,05029,0.013183991806625687,1.6640247473561955
56,05031,0.024567905276085534,0.6082640399893151
56,05033,0.01669720974478472,0.9927404168844068
56,05037,0.016072671233203387,1.5876659830528292
56,05035,0.0336137891945648,0.6303068508111309
56,05041,0.013037985444247483,2.2226708914727182
56,05043,0.009427693402117835,1.676722103805562
56,05045,0.019438237645538904,0.7136843552448059
56,05053,0.010899307904179303,2.824959732495217
56,05051,0.022073095529596812,0.5363228419420947
56,05055,0.011976062576253837,0.931262194996632
56,05057,0.010562236679430213,1.76325622695718
56,05059,0.012691809621671915,1.2863073573016446
56,05063,0.012002359717918406,1.2671638961175808
56,05065,0.01063459957042289,1.8204154002076012
56,05067,0.013131877306908206,1.7532677470996454
56,05069,0.027263694065389806,0.5530166334905835
56,05075,0.017454262926332,1.9096902879284785
56,05071,0.013987315158169733,1.4143398485370235
56,05077,0.009914912840307748,2.1737245551018542
56,05079,0.007765732518907999,2.236187739051252
56,05083,0.018408501328430495,2.549841031346773
56,05081,0.008126426578082024,2.1764038346880374
56,05085,0.017610495172209525,0.7721258921497381
56,05087,0.010924429129503343,2.0013469634280967
56,05089,0.011544446481420457,1.8715363065077697
56,05091,0.014965743453161469,0.7148444882518614
56,05093,0.01685731334945093,1.0891161324911345
56,05103,0.010918855949186132,1.433541645852679
56,05107,0.012454520350993554,1.6926352060440486
56,05111,0.01561827457612086,1.8987518961894247
56,05113,0.013218932987633393,1.3405826609146403
56,05115,0.015982398303090114,0.938173867479585
56,05121,0.008652072443104343,1.8640373097155105
56,05119,0.025726288841225672,0.6165527666980083
56,05123,0.008881711399084188,1.8556116098700153
56,05125,0.024812124581562293,0.5068350678112552
56,05131,0.022832885667938042,0.6395934437529547
56,05135,0.008544351535131636,2.039484341408957
56,05133,0.009524586710664383,2.383229527763462
56,05139,0.017781809502694437,0.9070732806290501
56,05141,0.015765551424091463,1.7539555619631273
56,05143,0.03409462249327982,0.9674788909885691
56,05145,0.016759025415712607,0.7528552666300573
56,05149,0.013597333849102949,1.6772001595813968
56,06001,0.02095089330166214,1.3270592151245741
56,06005,0.01737345917690653,0.9570811891871619
56,06007,0.025853542057639692,1.3870994913887211
56,06009,0.023595476610803044,0.9572727284633962
56,06011,0.010027430989456097,1.8144150341372363
56,06013,0.02360382793523645,1.1177058401758633
56,06015,0.00919769646592735,1.4844101192674186
56,06017,0.03098851512771214,1.3272932403972122
56,06019,0.03632921884695438,0.82847345006067
56,06021,0.010789277518571056,2.3574903040467836
56,06023,0.0187463172475357,0.6998709703933989
56,06025,0.036026397218800965,0.7136282995354785
56,06027,0.013789271014859727,2.198550861874605
56,06029,0.043179533703296406,0.8213098994584144
56,06031,0.032274205426807506,0.9518791316879158
56,06033,0.021317813850312846,0.7512233979027528
56,06035,0.01396785697573489,1.006790647024281
56,06039,0.02857118444218181,1.8135788785882196
56,06041,0.054668438823254666,0.5580864425001799
56,06043,0.01351581350063962,1.3784694259993335
56,06045,0.01910702670214596,1.1357868763550367
56,06047,0.04859672277515222,0.5444328887751199
56,06049,0.011864781754094502,1.7724515126035996
56,06053,0.03225495537359632,1.424922478904273
56,06055,0.027545569593045875,0.8085405395117081
56,06057,0.026711663499930396,1.6228112470230909
56,06059,0.018261036712035356,0.93427621080051
56,06061,0.03391156802959431,0.8683092823363847
56,06063,0.019351213060747115,1.7379052278657938
56,06065,0.021566948800416697,1.2505431590554683
56,06067,0.018894274032399905,0.885815450202686
56,06069,0.015524795877780882,0.805534892207784
56,06071,0.025378946489937024,0.8992505014170975
56,06073,0.011357855735440459,0.9102107819761431
56,06075,0.07025430637647602,1.1998969543463358
56,06077,0.039402927612204305,0.8384097714488816
56,06079,0.028937726963338326,1.153509598686303
56,06081,0.03270579191309247,0.8954428048754492
56,06083,0.02662540242540262,1.7578004778247434
56,06085,0.026294762819690894,0.9790116297593291
56,06087,0.0273499076124243,1.5193404422641852
56,06089,0.02757988434348123,0.6267226224233927
56,06093,0.028369436982789785,0.8246420315427836
56,06095,0.022999435914407725,0.8375411073889347
56,06097,0.02885620792948117,0.8162978464705167
56,06099,0.04129418700678681,0.7509431257394092
56,06101,0.024361524907503734,0.5699513366504194
56,06103,0.01752179430299384,1.1652864754732373
56,06105,0.014009669653376688,2.163209565834
56,06107,0.05711046261731325,0.665242849873681
56,06109,0.018230228490662803,0.924382872080432
56,06111,0.02365879368365242,1.0140943747301716
56,06113,0.02499960442018775,1.5757320539830781
56,06115,0.016603575284064257,0.8381322700407591
56,08001,0.034538163559751506,0.7949808792219706
56,08003,0.004847710708928762,2.150704945016721
56,08005,0.031592106028863726,1.0121711922637022
56,08007,0.008953287023546327,1.7893756631534488
56,08013,0.03548035173645838,1.4003456986202505
56,08014,0.02579995236393324,0.9766607695669478
56,08015,0.012721529538045648,2.2871157836330287
56,08029,0.017656753528789686,1.2794956876230783
56,08031,0.04916456125384695,0.9761871127824304
56,08035,0.05291156452774972,0.6130726979991782
56,08039,0.018921798378540376,1.153651407579386
56,08037,0.02009634197550802,0.7746947287678596
56,08041,0.019948059667772283,0.935183267910781
56,08043,0.024170659204934115,0.9092495325405757
56,08045,0.015983532413913076,1.2855106221699288
56,08051,0.0029403299282705158,1.75767016295902
56,08059,0.028414561036352533,0.7659165767627935
56,08067,0.01082013220287347,0.9741276748902957
56,08069,0.022200597210125628,1.1412411581357529
56,08071,0.016083796721211793,1.7458130046526348
56,08075,0.007527722291551867,1.3469476889791852
56,08077,0.016621679094768266,0.5643423487044021
56,08081,0.005885837286703088,2.409280806960689
56,08083,0.009179334012525332,1.8376156286784764
56,08085,0.015118769871554005,0.8578962622417797
56,08087,0.012160798225007456,1.6955807018598432
56,08089,0.01520469370372754,1.4350338104856
56,08093,0.010740372453299955,1.6398370231522623
56,08097,0.00660351670240194,2.13103856540264
56,08099,0.013481541254512229,2.415649378978231
56,08101,0.02814542101383916,0.5197420638381792
56,08107,0.01578141641340052,1.0734947461435427
56,08113,0.011961161353957238,2.1173370090639314
56,08119,0.013621958841310452,1.7669502444482734
56,08117,0.01636129422901032,1.7481068231463104
56,08123,0.03048085862486452,0.9650822992674986
56,09001,0.03413925710425477,1.0651428206731142
56,09003,0.023240374570010273,0.9259035963021756
56,09005,0.045093015389419254,0.6462367510433258
56,09007,0.0291323042949878,1.0963072884290113
56,09009,0.024077347400363706,1.0402974879981246
56,09011,0.02392225950740594,0.6752793901238833
56,09015,0.01913913589704466,1.2070947909680925
56,09013,0.02142233055621393,0.777548329777442
56,10001,0.016196612832835206,0.5664439500599588
56,10003,0.025784016046060385,0.9506929273158133
56,10005,0.053517360383312666,1.7184453151165602
56,11001,0.060290939469602234,1.1232927697178448
56,12001,0.03572794639428275,1.098970868475602
56,12003,0.010112467370518444,1.776075090291351
56,12005,0.024180790801591853,0.5008840909110305
56,12007,0.009557380413746276,1.6397217057221667
56,12009,0.04425898839127117,0.6715154060865539
56,12011,0.025985057216397954,0.8177817290098872
56,12015,0.09144553690624174,0.7516923885433713
56,12017,0.07161584323986525,0.4832403723322844
56,12019,0.02644848528061594,0.6593395507582211
56,12021,0.08018923463138011,1.1136017638366738
56,12023,0.016406722844179673,0.8123874341729678
56,12027,0.022392171803935226,1.2232779672003589
56,12031,0.024728761454432552,0.7643075284973807
56,12033,0.025838132668692674,0.5744577411038959
56,12035,0.04157580904623417,0.6214637596448706
56,12037,0.007238882949451467,2.611335034476575
56,12041,0.008661756494874799,1.9859990968705121
56,12039,0.017160787085639752,1.1084361921376582
56,12049,0.01589931329397492,1.8178078662728872
56,12051,0.010365057023602608,2.0115293862626937
56,12053,0.059705414291356854,0.8897505873603161
56,12055,0.05665248782634061,0.5607952939933565
