src_state,tar_geoid,src_moran,tar_moran,moran_shift
04,34019,"[-0.22344399 -0.01738709 -0.04430059 -0.03937041  0.00479374 -0.17221438
  0.00674944 -0.01664045 -0.09659949  0.00028573 -0.0256974  -0.0387124
  0.04817404]",[-0.04899203],-0.02387446484820103
04,34021,"[-0.22344399 -0.01738709 -0.04430059 -0.03937041  0.00479374 -0.17221438
  0.00674944 -0.01664045 -0.09659949  0.00028573 -0.0256974  -0.0387124
  0.04817404]",[-0.02020148],0.3726817875929352
04,34023,"[-0.22344399 -0.01738709 -0.04430059 -0.03937041  0.00479374 -0.17221438
  0.00674944 -0.01664045 -0.09659949  0.00028573 -0.0256974  -0.0387124
  0.04817404]",[0.00018554],0.653489153906423
04,34025,"[-0.22344399 -0.01738709 -0.04430059 -0.03937041  0.00479374 -0.17221438
  0.00674944 -0.01664045 -0.09659949  0.00028573 -0.0256974  -0.0387124
  0.04817404]",[0.0013935],0.6701273596504687
04,34027,"[-0.22344399 -0.01738709 -0.04430059 -0.03937041  0.00479374 -0.17221438
  0.00674944 -0.01664045 -0.09659949  0.00028573 -0.0256974  -0.0387124
  0.04817404]",[0.00704834],0.7480160875561681
04,34029,"[-0.22344399 -0.01738709 -0.04430059 -0.03937041  0.00479374 -0.17221438
  0.00674944 -0.01664045 -0.09659949  0.00028573 -0.0256974  -0.0387124
  0.04817404]",[-0.00441663],0.5900995364610606
04,34031,"[-0.22344399 -0.01738709 -0.04430059 -0.03937041  0.00479374 -0.17221438
  0.00674944 -0.01664045 -0.09659949  0.00028573 -0.0256974  -0.0387124
  0.04817404]",[-0.01818112],0.40050983788591005
04,34033,"[-0.22344399 -0.01738709 -0.04430059 -0.03937041  0.00479374 -0.17221438
  0.00674944 -0.01664045 -0.09659949  0.00028573 -0.0256974  -0.0387124
  0.04817404]",[0.06710218],1.5751876289957722
04,34035,"[-0.22344399 -0.01738709 -0.04430059 -0.03937041  0.00479374 -0.17221438
  0.00674944 -0.01664045 -0.09659949  0.00028573 -0.0256974  -0.0387124
  0.04817404]",[-0.00585429],0.5702974914433535
04,34037,"[-0.22344399 -0.01738709 -0.04430059 -0.03937041  0.00479374 -0.17221438
  0.00674944 -0.01664045 -0.09659949  0.00028573 -0.0256974  -0.0387124
  0.04817404]",[0.00019775],0.6536573286026446
04,34039,"[-0.22344399 -0.01738709 -0.04430059 -0.03937041  0.00479374 -0.17221438
  0.00674944 -0.01664045 -0.09659949  0.00028573 -0.0256974  -0.0387124
  0.04817404]",[-0.02090516],0.36298938795611474
04,34041,"[-0.22344399 -0.01738709 -0.04430059 -0.03937041  0.00479374 -0.17221438
  0.00674944 -0.01664045 -0.09659949  0.00028573 -0.0256974  -0.0387124
  0.04817404]",[-0.01082977],0.5017660857732801
04,35001,"[-0.22344399 -0.01738709 -0.04430059 -0.03937041  0.00479374 -0.17221438
  0.00674944 -0.01664045 -0.09659949  0.00028573 -0.0256974  -0.0387124
  0.04817404]",[0.02046888],0.932868431246582
04,35005,"[-0.22344399 -0.01738709 -0.04430059 -0.03937041  0.00479374 -0.17221438
  0.00674944 -0.01664045 -0.09659949  0.00028573 -0.0256974  -0.0387124
  0.04817404]",[-0.03137917],0.21872215348659932
04,35006,"[-0.22344399 -0.01738709 -0.04430059 -0.03937041  0.00479374 -0.17221438
  0.00674944 -0.01664045 -0.09659949  0.00028573 -0.0256974  -0.0387124
  0.04817404]",[0.15292752],2.7573313250143845
04,35009,"[-0.22344399 -0.01738709 -0.04430059 -0.03937041  0.00479374 -0.17221438
  0.00674944 -0.01664045 -0.09659949  0.00028573 -0.0256974  -0.0387124
  0.04817404]",[-0.14750632],-1.3807935452988735
04,35013,"[-0.22344399 -0.01738709 -0.04430059 -0.03937041  0.00479374 -0.17221438
  0.00674944 -0.01664045 -0.09659949  0.00028573 -0.0256974  -0.0387124
  0.04817404]",[-0.02540759],0.30097365037192625
04,35015,"[-0.22344399 -0.01738709 -0.04430059 -0.03937041  0.00479374 -0.17221438
  0.00674944 -0.01664045 -0.09659949  0.00028573 -0.0256974  -0.0387124
  0.04817404]",[-0.20082789],-2.1152358832588187
04,35017,"[-0.22344399 -0.01738709 -0.04430059 -0.03937041  0.00479374 -0.17221438
  0.00674944 -0.01664045 -0.09659949  0.00028573 -0.0256974  -0.0387124
  0.04817404]",[-0.06591256],-0.25693499530083974
04,35025,"[-0.22344399 -0.01738709 -0.04430059 -0.03937041  0.00479374 -0.17221438
  0.00674944 -0.01664045 -0.09659949  0.00028573 -0.0256974  -0.0387124
  0.04817404]",[0.0855762],1.829645524116625
04,35027,"[-0.22344399 -0.01738709 -0.04430059 -0.03937041  0.00479374 -0.17221438
  0.00674944 -0.01664045 -0.09659949  0.00028573 -0.0256974  -0.0387124
  0.04817404]",[-0.51884455],-6.49554346038494
04,35029,"[-0.22344399 -0.01738709 -0.04430059 -0.03937041  0.00479374 -0.17221438
  0.00674944 -0.01664045 -0.09659949  0.00028573 -0.0256974  -0.0387124
  0.04817404]",[-0.24148163],-2.6751935729432303
04,35028,"[-0.22344399 -0.01738709 -0.04430059 -0.03937041  0.00479374 -0.17221438
  0.00674944 -0.01664045 -0.09659949  0.00028573 -0.0256974  -0.0387124
  0.04817404]",[-0.44895581],-5.5329077838344505
04,35031,"[-0.22344399 -0.01738709 -0.04430059 -0.03937041  0.00479374 -0.17221438
  0.00674944 -0.01664045 -0.09659949  0.00028573 -0.0256974  -0.0387124
  0.04817404]",[0.00816934],0.7634566034581601
04,35035,"[-0.22344399 -0.01738709 -0.04430059 -0.03937041  0.00479374 -0.17221438
  0.00674944 -0.01664045 -0.09659949  0.00028573 -0.0256974  -0.0387124
  0.04817404]",[-0.04690832],0.004826306435473118
04,35039,"[-0.22344399 -0.01738709 -0.04430059 -0.03937041  0.00479374 -0.17221438
  0.00674944 -0.01664045 -0.09659949  0.00028573 -0.0256974  -0.0387124
  0.04817404]",[-0.11627832],-0.9506644140254422
04,35041,"[-0.22344399 -0.01738709 -0.04430059 -0.03937041  0.00479374 -0.17221438
  0.00674944 -0.01664045 -0.09659949  0.00028573 -0.0256974  -0.0387124
  0.04817404]",[-0.32508994],-3.8268002884823717
04,35043,"[-0.22344399 -0.01738709 -0.04430059 -0.03937041  0.00479374 -0.17221438
  0.00674944 -0.01664045 -0.09659949  0.00028573 -0.0256974  -0.0387124
  0.04817404]",[-0.09265363],-0.625261958025966
04,35047,"[-0.22344399 -0.01738709 -0.04430059 -0.03937041  0.00479374 -0.17221438
  0.00674944 -0.01664045 -0.09659949  0.00028573 -0.0256974  -0.0387124
  0.04817404]",[-0.25684164],-2.8867597465098496
04,35045,"[-0.22344399 -0.01738709 -0.04430059 -0.03937041  0.00479374 -0.17221438
  0.00674944 -0.01664045 -0.09659949  0.00028573 -0.0256974  -0.0387124
  0.04817404]",[-0.05521813],-0.10963161877053837
04,35049,"[-0.22344399 -0.01738709 -0.04430059 -0.03937041  0.00479374 -0.17221438
  0.00674944 -0.01664045 -0.09659949  0.00028573 -0.0256974  -0.0387124
  0.04817404]",[0.01729221],0.889113442718635
04,35051,"[-0.22344399 -0.01738709 -0.04430059 -0.03937041  0.00479374 -0.17221438
  0.00674944 -0.01664045 -0.09659949  0.00028573 -0.0256974  -0.0387124
  0.04817404]",[-0.07554719],-0.3896406880180701
04,35053,"[-0.22344399 -0.01738709 -0.04430059 -0.03937041  0.00479374 -0.17221438
  0.00674944 -0.01664045 -0.09659949  0.00028573 -0.0256974  -0.0387124
  0.04817404]",[-0.07309537],-0.35586975897871004
04,35057,"[-0.22344399 -0.01738709 -0.04430059 -0.03937041  0.00479374 -0.17221438
  0.00674944 -0.01664045 -0.09659949  0.00028573 -0.0256974  -0.0387124
  0.04817404]",[-0.40421718],-4.916685490015102
04,35055,"[-0.22344399 -0.01738709 -0.04430059 -0.03937041  0.00479374 -0.17221438
  0.00674944 -0.01664045 -0.09659949  0.00028573 -0.0256974  -0.0387124
  0.04817404]",[-0.15186857],-1.4408784166954138
04,35061,"[-0.22344399 -0.01738709 -0.04430059 -0.03937041  0.00479374 -0.17221438
  0.00674944 -0.01664045 -0.09659949  0.00028573 -0.0256974  -0.0387124
  0.04817404]",[-0.12145996],-1.022035399033456
04,36001,"[-0.22344399 -0.01738709 -0.04430059 -0.03937041  0.00479374 -0.17221438
  0.00674944 -0.01664045 -0.09659949  0.00028573 -0.0256974  -0.0387124
  0.04817404]",[-0.02666149],0.28370261928900553
04,36003,"[-0.22344399 -0.01738709 -0.04430059 -0.03937041  0.00479374 -0.17221438
  0.00674944 -0.01664045 -0.09659949  0.00028573 -0.0256974  -0.0387124
  0.04817404]",[-0.16494376],-1.6209739058684827
04,36005,"[-0.22344399 -0.01738709 -0.04430059 -0.03937041  0.00479374 -0.17221438
  0.00674944 -0.01664045 -0.09659949  0.00028573 -0.0256974  -0.0387124
  0.04817404]",[-0.0046375],0.5870573107929563
04,36007,"[-0.22344399 -0.01738709 -0.04430059 -0.03937041  0.00479374 -0.17221438
  0.00674944 -0.01664045 -0.09659949  0.00028573 -0.0256974  -0.0387124
  0.04817404]",[-0.01319803],0.46914605780313534
04,36009,"[-0.22344399 -0.01738709 -0.04430059 -0.03937041  0.00479374 -0.17221438
  0.00674944 -0.01664045 -0.09659949  0.00028573 -0.0256974  -0.0387124
  0.04817404]",[-0.01873715],0.392851234451594
04,36011,"[-0.22344399 -0.01738709 -0.04430059 -0.03937041  0.00479374 -0.17221438
  0.00674944 -0.01664045 -0.09659949  0.00028573 -0.0256974  -0.0387124
  0.04817404]",[-0.10379011],-0.7786538474300203
04,36015,"[-0.22344399 -0.01738709 -0.04430059 -0.03937041  0.00479374 -0.17221438
  0.00674944 -0.01664045 -0.09659949  0.00028573 -0.0256974  -0.0387124
  0.04817404]",[-0.03479666],0.1716501932219504
04,36013,"[-0.22344399 -0.01738709 -0.04430059 -0.03937041  0.00479374 -0.17221438
  0.00674944 -0.01664045 -0.09659949  0.00028573 -0.0256974  -0.0387124
  0.04817404]",[-0.06761235],-0.28034752533557517
04,36017,"[-0.22344399 -0.01738709 -0.04430059 -0.03937041  0.00479374 -0.17221438
  0.00674944 -0.01664045 -0.09659949  0.00028573 -0.0256974  -0.0387124
  0.04817404]",[-0.04774504],-0.006698595263109776
04,36019,"[-0.22344399 -0.01738709 -0.04430059 -0.03937041  0.00479374 -0.17221438
  0.00674944 -0.01664045 -0.09659949  0.00028573 -0.0256974  -0.0387124
  0.04817404]",[-0.0705203],-0.3204011339923463
04,36021,"[-0.22344399 -0.01738709 -0.04430059 -0.03937041  0.00479374 -0.17221438
  0.00674944 -0.01664045 -0.09659949  0.00028573 -0.0256974  -0.0387124
  0.04817404]",[-0.06293538],-0.21592773621342265
04,36023,"[-0.22344399 -0.01738709 -0.04430059 -0.03937041  0.00479374 -0.17221438
  0.00674944 -0.01664045 -0.09659949  0.00028573 -0.0256974  -0.0387124
  0.04817404]",[-0.05523447],-0.10985679142804394
04,36025,"[-0.22344399 -0.01738709 -0.04430059 -0.03937041  0.00479374 -0.17221438
  0.00674944 -0.01664045 -0.09659949  0.00028573 -0.0256974  -0.0387124
  0.04817404]",[-0.06890408],-0.2981396641107229
04,36027,"[-0.22344399 -0.01738709 -0.04430059 -0.03937041  0.00479374 -0.17221438
  0.00674944 -0.01664045 -0.09659949  0.00028573 -0.0256974  -0.0387124
  0.04817404]",[-0.0230643],0.33324968076527023
04,36029,"[-0.22344399 -0.01738709 -0.04430059 -0.03937041  0.00479374 -0.17221438
  0.00674944 -0.01664045 -0.09659949  0.00028573 -0.0256974  -0.0387124
  0.04817404]",[0.01094109],0.801634234994745
04,36033,"[-0.22344399 -0.01738709 -0.04430059 -0.03937041  0.00479374 -0.17221438
  0.00674944 -0.01664045 -0.09659949  0.00028573 -0.0256974  -0.0387124
  0.04817404]",[-0.1006778],-0.7357854124023016
04,36031,"[-0.22344399 -0.01738709 -0.04430059 -0.03937041  0.00479374 -0.17221438
  0.00674944 -0.01664045 -0.09659949  0.00028573 -0.0256974  -0.0387124
  0.04817404]",[-0.05110787],-0.053017680759027706
04,36035,"[-0.22344399 -0.01738709 -0.04430059 -0.03937041  0.00479374 -0.17221438
  0.00674944 -0.01664045 -0.09659949  0.00028573 -0.0256974  -0.0387124
  0.04817404]",[-0.08645956],-0.5399457782259134
04,36037,"[-0.22344399 -0.01738709 -0.04430059 -0.03937041  0.00479374 -0.17221438
  0.00674944 -0.01664045 -0.09659949  0.00028573 -0.0256974  -0.0387124
  0.04817404]",[-0.05941227],-0.16740108145268173
04,36039,"[-0.22344399 -0.01738709 -0.04430059 -0.03937041  0.00479374 -0.17221438
  0.00674944 -0.01664045 -0.09659949  0.00028573 -0.0256974  -0.0387124
  0.04817404]",[-0.06063665],-0.1842654279703718
04,36041,"[-0.22344399 -0.01738709 -0.04430059 -0.03937041  0.00479374 -0.17221438
  0.00674944 -0.01664045 -0.09659949  0.00028573 -0.0256974  -0.0387124
  0.04817404]",[-0.37236004],-4.477890659458115
04,36043,"[-0.22344399 -0.01738709 -0.04430059 -0.03937041  0.00479374 -0.17221438
  0.00674944 -0.01664045 -0.09659949  0.00028573 -0.0256974  -0.0387124
  0.04817404]",[-0.07679769],-0.4068648379031639
04,36045,"[-0.22344399 -0.01738709 -0.04430059 -0.03937041  0.00479374 -0.17221438
  0.00674944 -0.01664045 -0.09659949  0.00028573 -0.0256974  -0.0387124
  0.04817404]",[-0.00211864],0.6217516424328058
04,36047,"[-0.22344399 -0.01738709 -0.04430059 -0.03937041  0.00479374 -0.17221438
  0.00674944 -0.01664045 -0.09659949  0.00028573 -0.0256974  -0.0387124
  0.04817404]",[0.00894581],0.7741516351359375
04,36049,"[-0.22344399 -0.01738709 -0.04430059 -0.03937041  0.00479374 -0.17221438
  0.00674944 -0.01664045 -0.09659949  0.00028573 -0.0256974  -0.0387124
  0.04817404]",[-0.19643788],-2.0547685521036043
04,36051,"[-0.22344399 -0.01738709 -0.04430059 -0.03937041  0.00479374 -0.17221438
  0.00674944 -0.01664045 -0.09659949  0.00028573 -0.0256974  -0.0387124
  0.04817404]",[-0.06205662],-0.20382386357474164
04,36055,"[-0.22344399 -0.01738709 -0.04430059 -0.03937041  0.00479374 -0.17221438
  0.00674944 -0.01664045 -0.09659949  0.00028573 -0.0256974  -0.0387124
  0.04817404]",[0.01081274],0.7998664107462256
04,36057,"[-0.22344399 -0.01738709 -0.04430059 -0.03937041  0.00479374 -0.17221438
  0.00674944 -0.01664045 -0.09659949  0.00028573 -0.0256974  -0.0387124
  0.04817404]",[-0.05574504],-0.11688920657360465
04,36059,"[-0.22344399 -0.01738709 -0.04430059 -0.03937041  0.00479374 -0.17221438
  0.00674944 -0.01664045 -0.09659949  0.00028573 -0.0256974  -0.0387124
  0.04817404]",[0.00599637],0.7335264476185507
04,36061,"[-0.22344399 -0.01738709 -0.04430059 -0.03937041  0.00479374 -0.17221438
  0.00674944 -0.01664045 -0.09659949  0.00028573 -0.0256974  -0.0387124
  0.04817404]",[0.01487785],0.8558584246029769
04,36063,"[-0.22344399 -0.01738709 -0.04430059 -0.03937041  0.00479374 -0.17221438
  0.00674944 -0.01664045 -0.09659949  0.00028573 -0.0256974  -0.0387124
  0.04817404]",[-0.03692832],0.14228902715665673
04,36067,"[-0.22344399 -0.01738709 -0.04430059 -0.03937041  0.00479374 -0.17221438
  0.00674944 -0.01664045 -0.09659949  0.00028573 -0.0256974  -0.0387124
  0.04817404]",[0.00864976],0.7700738319955286
04,36069,"[-0.22344399 -0.01738709 -0.04430059 -0.03937041  0.00479374 -0.17221438
  0.00674944 -0.01664045 -0.09659949  0.00028573 -0.0256974  -0.0387124
  0.04817404]",[-0.08952649],-0.5821892747708325
04,36071,"[-0.22344399 -0.01738709 -0.04430059 -0.03937041  0.00479374 -0.17221438
  0.00674944 -0.01664045 -0.09659949  0.00028573 -0.0256974  -0.0387124
  0.04817404]",[-0.01699582],0.416835901334293
04,36073,"[-0.22344399 -0.01738709 -0.04430059 -0.03937041  0.00479374 -0.17221438
  0.00674944 -0.01664045 -0.09659949  0.00028573 -0.0256974  -0.0387124
  0.04817404]",[-0.16828543],-1.667001493809174
04,36075,"[-0.22344399 -0.01738709 -0.04430059 -0.03937041  0.00479374 -0.17221438
  0.00674944 -0.01664045 -0.09659949  0.00028573 -0.0256974  -0.0387124
  0.04817404]",[-0.05308748],-0.08028452259147896
04,36077,"[-0.22344399 -0.01738709 -0.04430059 -0.03937041  0.00479374 -0.17221438
  0.00674944 -0.01664045 -0.09659949  0.00028573 -0.0256974  -0.0387124
  0.04817404]",[0.05579189],1.4194016087671344
04,36079,"[-0.22344399 -0.01738709 -0.04430059 -0.03937041  0.00479374 -0.17221438
  0.00674944 -0.01664045 -0.09659949  0.00028573 -0.0256974  -0.0387124
  0.04817404]",[0.01542109],0.8633409575079364
04,36081,"[-0.22344399 -0.01738709 -0.04430059 -0.03937041  0.00479374 -0.17221438
  0.00674944 -0.01664045 -0.09659949  0.00028573 -0.0256974  -0.0387124
  0.04817404]",[-0.00071091],0.6411414878827328
04,36083,"[-0.22344399 -0.01738709 -0.04430059 -0.03937041  0.00479374 -0.17221438
  0.00674944 -0.01664045 -0.09659949  0.00028573 -0.0256974  -0.0387124
  0.04817404]",[0.00448442],0.7127010847814876
04,36085,"[-0.22344399 -0.01738709 -0.04430059 -0.03937041  0.00479374 -0.17221438
  0.00674944 -0.01664045 -0.09659949  0.00028573 -0.0256974  -0.0387124
  0.04817404]",[-0.01274503],0.4753855625478073
04,36087,"[-0.22344399 -0.01738709 -0.04430059 -0.03937041  0.00479374 -0.17221438
  0.00674944 -0.01664045 -0.09659949  0.00028573 -0.0256974  -0.0387124
  0.04817404]",[0.02120967],0.9430719693894984
04,36089,"[-0.22344399 -0.01738709 -0.04430059 -0.03937041  0.00479374 -0.17221438
  0.00674944 -0.01664045 -0.09659949  0.00028573 -0.0256974  -0.0387124
  0.04817404]",[-0.0432701],0.05493843200417898
04,36091,"[-0.22344399 -0.01738709 -0.04430059 -0.03937041  0.00479374 -0.17221438
  0.00674944 -0.01664045 -0.09659949  0.00028573 -0.0256974  -0.0387124
  0.04817404]",[0.01239206],0.8216196220306135
04,36093,"[-0.22344399 -0.01738709 -0.04430059 -0.03937041  0.00479374 -0.17221438
  0.00674944 -0.01664045 -0.09659949  0.00028573 -0.0256974  -0.0387124
  0.04817404]",[0.01215869],0.8184052274984421
04,36095,"[-0.22344399 -0.01738709 -0.04430059 -0.03937041  0.00479374 -0.17221438
  0.00674944 -0.01664045 -0.09659949  0.00028573 -0.0256974  -0.0387124
  0.04817404]",[-0.14394695],-1.3317673687977667
04,36097,"[-0.22344399 -0.01738709 -0.04430059 -0.03937041  0.00479374 -0.17221438
  0.00674944 -0.01664045 -0.09659949  0.00028573 -0.0256974  -0.0387124
  0.04817404]",[-0.31047848],-3.625544451073059
04,36099,"[-0.22344399 -0.01738709 -0.04430059 -0.03937041  0.00479374 -0.17221438
  0.00674944 -0.01664045 -0.09659949  0.00028573 -0.0256974  -0.0387124
  0.04817404]",[-0.16315396],-1.5963215136656703
04,36101,"[-0.22344399 -0.01738709 -0.04430059 -0.03937041  0.00479374 -0.17221438
  0.00674944 -0.01664045 -0.09659949  0.00028573 -0.0256974  -0.0387124
  0.04817404]",[-0.05888485],-0.16013642903307168
04,36103,"[-0.22344399 -0.01738709 -0.04430059 -0.03937041  0.00479374 -0.17221438
  0.00674944 -0.01664045 -0.09659949  0.00028573 -0.0256974  -0.0387124
  0.04817404]",[0.01429867],0.8478809583579349
04,36105,"[-0.22344399 -0.01738709 -0.04430059 -0.03937041  0.00479374 -0.17221438
  0.00674944 -0.01664045 -0.09659949  0.00028573 -0.0256974  -0.0387124
  0.04817404]",[-0.05442393],-0.09869254273352221
04,36107,"[-0.22344399 -0.01738709 -0.04430059 -0.03937041  0.00479374 -0.17221438
  0.00674944 -0.01664045 -0.09659949  0.00028573 -0.0256974  -0.0387124
  0.04817404]",[-0.04836432],-0.015228406573703284
04,36109,"[-0.22344399 -0.01738709 -0.04430059 -0.03937041  0.00479374 -0.17221438
  0.00674944 -0.01664045 -0.09659949  0.00028573 -0.0256974  -0.0387124
  0.04817404]",[-0.04991596],-0.036600520398692174
04,36111,"[-0.22344399 -0.01738709 -0.04430059 -0.03937041  0.00479374 -0.17221438
  0.00674944 -0.01664045 -0.09659949  0.00028573 -0.0256974  -0.0387124
  0.04817404]",[-0.00514307],0.5800936663122894
04,36113,"[-0.22344399 -0.01738709 -0.04430059 -0.03937041  0.00479374 -0.17221438
  0.00674944 -0.01664045 -0.09659949  0.00028573 -0.0256974  -0.0387124
  0.04817404]",[0.11427311],2.224911995846446
04,36115,"[-0.22344399 -0.01738709 -0.04430059 -0.03937041  0.00479374 -0.17221438
  0.00674944 -0.01664045 -0.09659949  0.00028573 -0.0256974  -0.0387124
  0.04817404]",[-0.07438491],-0.37363168416123854
04,36117,"[-0.22344399 -0.01738709 -0.04430059 -0.03937041  0.00479374 -0.17221438
  0.00674944 -0.01664045 -0.09659949  0.00028573 -0.0256974  -0.0387124
  0.04817404]",[-0.01761556],0.40829981280597
04,36119,"[-0.22344399 -0.01738709 -0.04430059 -0.03937041  0.00479374 -0.17221438
  0.00674944 -0.01664045 -0.09659949  0.00028573 -0.0256974  -0.0387124
  0.04817404]",[-0.00479155],0.5849354947401689
04,36121,"[-0.22344399 -0.01738709 -0.04430059 -0.03937041  0.00479374 -0.17221438
  0.00674944 -0.01664045 -0.09659949  0.00028573 -0.0256974  -0.0387124
  0.04817404]",[-0.04488699],0.032667672118581355
04,36123,"[-0.22344399 -0.01738709 -0.04430059 -0.03937041  0.00479374 -0.17221438
  0.00674944 -0.01664045 -0.09659949  0.00028573 -0.0256974  -0.0387124
  0.04817404]",[-0.30725541],-3.5811504821953086
04,37001,"[-0.22344399 -0.01738709 -0.04430059 -0.03937041  0.00479374 -0.17221438
  0.00674944 -0.01664045 -0.09659949  0.00028573 -0.0256974  -0.0387124
  0.04817404]",[-0.04774845],-0.006745548647863147
04,37003,"[-0.22344399 -0.01738709 -0.04430059 -0.03937041  0.00479374 -0.17221438
  0.00674944 -0.01664045 -0.09659949  0.00028573 -0.0256974  -0.0387124
  0.04817404]",[-0.12913278],-1.127719558525454
04,37007,"[-0.22344399 -0.01738709 -0.04430059 -0.03937041  0.00479374 -0.17221438
  0.00674944 -0.01664045 -0.09659949  0.00028573 -0.0256974  -0.0387124
  0.04817404]",[-0.23534212],-2.5906290405098606
04,37009,"[-0.22344399 -0.01738709 -0.04430059 -0.03937041  0.00479374 -0.17221438
  0.00674944 -0.01664045 -0.09659949  0.00028573 -0.0256974  -0.0387124
  0.04817404]",[-0.18240872],-1.8615333429833676
04,37011,"[-0.22344399 -0.01738709 -0.04430059 -0.03937041  0.00479374 -0.17221438
  0.00674944 -0.01664045 -0.09659949  0.00028573 -0.0256974  -0.0387124
  0.04817404]",[-0.29427368],-3.4023422860345898
04,37013,"[-0.22344399 -0.01738709 -0.04430059 -0.03937041  0.00479374 -0.17221438
  0.00674944 -0.01664045 -0.09659949  0.00028573 -0.0256974  -0.0387124
  0.04817404]",[-0.1638171],-1.605455487666655
04,37015,"[-0.22344399 -0.01738709 -0.04430059 -0.03937041  0.00479374 -0.17221438
  0.00674944 -0.01664045 -0.09659949  0.00028573 -0.0256974  -0.0387124
  0.04817404]",[-0.15117336],-1.4313028069668507
04,37017,"[-0.22344399 -0.01738709 -0.04430059 -0.03937041  0.00479374 -0.17221438
  0.00674944 -0.01664045 -0.09659949  0.00028573 -0.0256974  -0.0387124
  0.04817404]",[-0.2052943],-2.1767554693756823
04,37019,"[-0.22344399 -0.01738709 -0.04430059 -0.03937041  0.00479374 -0.17221438
  0.00674944 -0.01664045 -0.09659949  0.00028573 -0.0256974  -0.0387124
  0.04817404]",[-0.05845668],-0.15423894640875366
04,37021,"[-0.22344399 -0.01738709 -0.04430059 -0.03937041  0.00479374 -0.17221438
  0.00674944 -0.01664045 -0.09659949  0.00028573 -0.0256974  -0.0387124
  0.04817404]",[0.00387623],0.7043240543891519
04,37023,"[-0.22344399 -0.01738709 -0.04430059 -0.03937041  0.00479374 -0.17221438
  0.00674944 -0.01664045 -0.09659949  0.00028573 -0.0256974  -0.0387124
  0.04817404]",[-0.06909652],-0.3007902839341558
04,37025,"[-0.22344399 -0.01738709 -0.04430059 -0.03937041  0.00479374 -0.17221438
  0.00674944 -0.01664045 -0.09659949  0.00028573 -0.0256974  -0.0387124
  0.04817404]",[0.02756449],1.0306021324318693
04,37027,"[-0.22344399 -0.01738709 -0.04430059 -0.03937041  0.00479374 -0.17221438
  0.00674944 -0.01664045 -0.09659949  0.00028573 -0.0256974  -0.0387124
  0.04817404]",[-0.09464016],-0.652623988900072
04,37031,"[-0.22344399 -0.01738709 -0.04430059 -0.03937041  0.00479374 -0.17221438
  0.00674944 -0.01664045 -0.09659949  0.00028573 -0.0256974  -0.0387124
  0.04817404]",[-0.02628418],0.28889961248647134
04,37033,"[-0.22344399 -0.01738709 -0.04430059 -0.03937041  0.00479374 -0.17221438
  0.00674944 -0.01664045 -0.09659949  0.00028573 -0.0256974  -0.0387124
  0.04817404]",[-0.25960426],-2.9248115683707354
04,37035,"[-0.22344399 -0.01738709 -0.04430059 -0.03937041  0.00479374 -0.17221438
  0.00674944 -0.01664045 -0.09659949  0.00028573 -0.0256974  -0.0387124
  0.04817404]",[0.00636201],0.7385627929365685
04,37037,"[-0.22344399 -0.01738709 -0.04430059 -0.03937041  0.00479374 -0.17221438
  0.00674944 -0.01664045 -0.09659949  0.00028573 -0.0256974  -0.0387124
  0.04817404]",[-0.03411463],0.18104440705899175
04,37039,"[-0.22344399 -0.01738709 -0.04430059 -0.03937041  0.00479374 -0.17221438
  0.00674944 -0.01664045 -0.09659949  0.00028573 -0.0256974  -0.0387124
  0.04817404]",[-0.14043355],-1.2833744281903836
04,37047,"[-0.22344399 -0.01738709 -0.04430059 -0.03937041  0.00479374 -0.17221438
  0.00674944 -0.01664045 -0.09659949  0.00028573 -0.0256974  -0.0387124
  0.04817404]",[-0.12621571],-1.0875403476392487
04,37045,"[-0.22344399 -0.01738709 -0.04430059 -0.03937041  0.00479374 -0.17221438
  0.00674944 -0.01664045 -0.09659949  0.00028573 -0.0256974  -0.0387124
  0.04817404]",[0.04662044],1.2930756129318546
04,37049,"[-0.22344399 -0.01738709 -0.04430059 -0.03937041  0.00479374 -0.17221438
  0.00674944 -0.01664045 -0.09659949  0.00028573 -0.0256974  -0.0387124
  0.04817404]",[-0.09043212],-0.5946632209064564
04,37051,"[-0.22344399 -0.01738709 -0.04430059 -0.03937041  0.00479374 -0.17221438
  0.00674944 -0.01664045 -0.09659949  0.00028573 -0.0256974  -0.0387124
  0.04817404]",[0.03183924],1.0894817719167609
04,37053,"[-0.22344399 -0.01738709 -0.04430059 -0.03937041  0.00479374 -0.17221438
  0.00674944 -0.01664045 -0.09659949  0.00028573 -0.0256974  -0.0387124
  0.04817404]",[-0.19816371],-2.0785399447323663
04,37055,"[-0.22344399 -0.01738709 -0.04430059 -0.03937041  0.00479374 -0.17221438
  0.00674944 -0.01664045 -0.09659949  0.00028573 -0.0256974  -0.0387124
  0.04817404]",[0.09185214],1.9160893408661284
04,37059,"[-0.22344399 -0.01738709 -0.04430059 -0.03937041  0.00479374 -0.17221438
  0.00674944 -0.01664045 -0.09659949  0.00028573 -0.0256974  -0.0387124
  0.04817404]",[-0.18885643],-1.9503430528119037
04,37057,"[-0.22344399 -0.01738709 -0.04430059 -0.03937041  0.00479374 -0.17221438
  0.00674944 -0.01664045 -0.09659949  0.00028573 -0.0256974  -0.0387124
  0.04817404]",[-0.00670562],0.5585713592566427
04,37061,"[-0.22344399 -0.01738709 -0.04430059 -0.03937041  0.00479374 -0.17221438
  0.00674944 -0.01664045 -0.09659949  0.00028573 -0.0256974  -0.0387124
  0.04817404]",[-0.01157914],0.49144443155739026
04,37063,"[-0.22344399 -0.01738709 -0.04430059 -0.03937041  0.00479374 -0.17221438
  0.00674944 -0.01664045 -0.09659949  0.00028573 -0.0256974  -0.0387124
  0.04817404]",[-0.01639375],0.42512881235922567
04,37065,"[-0.22344399 -0.01738709 -0.04430059 -0.03937041  0.00479374 -0.17221438
  0.00674944 -0.01664045 -0.09659949  0.00028573 -0.0256974  -0.0387124
  0.04817404]",[0.20290975],3.445777984225019
04,37069,"[-0.22344399 -0.01738709 -0.04430059 -0.03937041  0.00479374 -0.17221438
  0.00674944 -0.01664045 -0.09659949  0.00028573 -0.0256974  -0.0387124
  0.04817404]",[-0.0842143],-0.5090199518877315
04,37067,"[-0.22344399 -0.01738709 -0.04430059 -0.03937041  0.00479374 -0.17221438
  0.00674944 -0.01664045 -0.09659949  0.00028573 -0.0256974  -0.0387124
  0.04817404]",[0.02086265],0.938292043476114
04,37071,"[-0.22344399 -0.01738709 -0.04430059 -0.03937041  0.00479374 -0.17221438
  0.00674944 -0.01664045 -0.09659949  0.00028573 -0.0256974  -0.0387124
  0.04817404]",[-0.00978735],0.5161241700051661
04,37077,"[-0.22344399 -0.01738709 -0.04430059 -0.03937041  0.00479374 -0.17221438
  0.00674944 -0.01664045 -0.09659949  0.00028573 -0.0256974  -0.0387124
  0.04817404]",[0.03234147],1.0963993949252049
04,37079,"[-0.22344399 -0.01738709 -0.04430059 -0.03937041  0.00479374 -0.17221438
  0.00674944 -0.01664045 -0.09659949  0.00028573 -0.0256974  -0.0387124
  0.04817404]",[-0.36871334],-4.427661540930251
04,37081,"[-0.22344399 -0.01738709 -0.04430059 -0.03937041  0.00479374 -0.17221438
  0.00674944 -0.01664045 -0.09659949  0.00028573 -0.0256974  -0.0387124
  0.04817404]",[0.02196941],0.9535364406116064
04,37083,"[-0.22344399 -0.01738709 -0.04430059 -0.03937041  0.00479374 -0.17221438
  0.00674944 -0.01664045 -0.09659949  0.00028573 -0.0256974  -0.0387124
  0.04817404]",[-0.1205313],-1.0092441937708378
04,37085,"[-0.22344399 -0.01738709 -0.04430059 -0.03937041  0.00479374 -0.17221438
  0.00674944 -0.01664045 -0.09659949  0.00028573 -0.0256974  -0.0387124
  0.04817404]",[-0.054874],-0.10489161663470489
04,37087,"[-0.22344399 -0.01738709 -0.04430059 -0.03937041  0.00479374 -0.17221438
  0.00674944 -0.01664045 -0.09659949  0.00028573 -0.0256974  -0.0387124
  0.04817404]",[-0.04788262],-0.008593647581211417
04,37089,"[-0.22344399 -0.01738709 -0.04430059 -0.03937041  0.00479374 -0.17221438
  0.00674944 -0.01664045 -0.09659949  0.00028573 -0.0256974  -0.0387124
  0.04817404]",[-0.06295296],-0.2161699717968883
04,37091,"[-0.22344399 -0.01738709 -0.04430059 -0.03937041  0.00479374 -0.17221438
  0.00674944 -0.01664045 -0.09659949  0.00028573 -0.0256974  -0.0387124
  0.04817404]",[-0.1532683],-1.4601581296955524
04,37093,"[-0.22344399 -0.01738709 -0.04430059 -0.03937041  0.00479374 -0.17221438
  0.00674944 -0.01664045 -0.09659949  0.00028573 -0.0256974  -0.0387124
  0.04817404]",[-0.12085522],-1.0137058666114986
04,37097,"[-0.22344399 -0.01738709 -0.04430059 -0.03937041  0.00479374 -0.17221438
  0.00674944 -0.01664045 -0.09659949  0.00028573 -0.0256974  -0.0387124
  0.04817404]",[-0.03592662],0.15608630295198084
04,37099,"[-0.22344399 -0.01738709 -0.04430059 -0.03937041  0.00479374 -0.17221438
  0.00674944 -0.01664045 -0.09659949  0.00028573 -0.0256974  -0.0387124
  0.04817404]",[-0.16399767],-1.6079426761802091
04,37101,"[-0.22344399 -0.01738709 -0.04430059 -0.03937041  0.00479374 -0.17221438
  0.00674944 -0.01664045 -0.09659949  0.00028573 -0.0256974  -0.0387124
  0.04817404]",[-0.03741184],0.1356291920607031
04,37105,"[-0.22344399 -0.01738709 -0.04430059 -0.03937041  0.00479374 -0.17221438
  0.00674944 -0.01664045 -0.09659949  0.00028573 -0.0256974  -0.0387124
  0.04817404]",[-0.04821605],-0.013186182043555449
04,37107,"[-0.22344399 -0.01738709 -0.04430059 -0.03937041  0.00479374 -0.17221438
  0.00674944 -0.01664045 -0.09659949  0.00028573 -0.0256974  -0.0387124
  0.04817404]",[-0.1171001],-0.9619834330769583
04,37109,"[-0.22344399 -0.01738709 -0.04430059 -0.03937041  0.00479374 -0.17221438
  0.00674944 -0.01664045 -0.09659949  0.00028573 -0.0256974  -0.0387124
  0.04817404]",[-0.01740626],0.4111825843717227
04,37111,"[-0.22344399 -0.01738709 -0.04430059 -0.03937041  0.00479374 -0.17221438
  0.00674944 -0.01664045 -0.09659949  0.00028573 -0.0256974  -0.0387124
  0.04817404]",[-0.16125404],-1.570152391719294
04,37113,"[-0.22344399 -0.01738709 -0.04430059 -0.03937041  0.00479374 -0.17221438
  0.00674944 -0.01664045 -0.09659949  0.00028573 -0.0256974  -0.0387124
  0.04817404]",[-0.07314954],-0.35661584638019533
04,37115,"[-0.22344399 -0.01738709 -0.04430059 -0.03937041  0.00479374 -0.17221438
  0.00674944 -0.01664045 -0.09659949  0.00028573 -0.0256974  -0.0387124
  0.04817404]",[-0.20090595],-2.116311080983771
04,37117,"[-0.22344399 -0.01738709 -0.04430059 -0.03937041  0.00479374 -0.17221438
  0.00674944 -0.01664045 -0.09659949  0.00028573 -0.0256974  -0.0387124
  0.04817404]",[-0.1790597],-1.8154044819976518
04,37119,"[-0.22344399 -0.01738709 -0.04430059 -0.03937041  0.00479374 -0.17221438
  0.00674944 -0.01664045 -0.09659949  0.00028573 -0.0256974  -0.0387124
  0.04817404]",[0.00993911],0.7878331105604705
04,37123,"[-0.22344399 -0.01738709 -0.04430059 -0.03937041  0.00479374 -0.17221438
  0.00674944 -0.01664045 -0.09659949  0.00028573 -0.0256974  -0.0387124
  0.04817404]",[-0.17085148],-1.7023459015242572
04,37121,"[-0.22344399 -0.01738709 -0.04430059 -0.03937041  0.00479374 -0.17221438
  0.00674944 -0.01664045 -0.09659949  0.00028573 -0.0256974  -0.0387124
  0.04817404]",[-0.21276405],-2.279642499820977
04,37125,"[-0.22344399 -0.01738709 -0.04430059 -0.03937041  0.00479374 -0.17221438
  0.00674944 -0.01664045 -0.09659949  0.00028573 -0.0256974  -0.0387124
  0.04817404]",[-0.02293713],0.3350013865229092
04,37127,"[-0.22344399 -0.01738709 -0.04430059 -0.03937041  0.00479374 -0.17221438
  0.00674944 -0.01664045 -0.09659949  0.00028573 -0.0256974  -0.0387124
  0.04817404]",[0.0027057],0.6882013581962173
04,37129,"[-0.22344399 -0.01738709 -0.04430059 -0.03937041  0.00479374 -0.17221438
  0.00674944 -0.01664045 -0.09659949  0.00028573 -0.0256974  -0.0387124
  0.04817404]",[-0.01020056],0.5104326483291048
04,37131,"[-0.22344399 -0.01738709 -0.04430059 -0.03937041  0.00479374 -0.17221438
  0.00674944 -0.01664045 -0.09659949  0.00028573 -0.0256974  -0.0387124
  0.04817404]",[-0.22206719],-2.4077824399853123
04,37133,"[-0.22344399 -0.01738709 -0.04430059 -0.03937041  0.00479374 -0.17221438
  0.00674944 -0.01664045 -0.09659949  0.00028573 -0.0256974  -0.0387124
  0.04817404]",[-0.01183124],0.48797195610133537
04,37137,"[-0.22344399 -0.01738709 -0.04430059 -0.03937041  0.00479374 -0.17221438
  0.00674944 -0.01664045 -0.09659949  0.00028573 -0.0256974  -0.0387124
  0.04817404]",[-0.30760835],-3.586011889304738
04,37135,"[-0.22344399 -0.01738709 -0.04430059 -0.03937041  0.00479374 -0.17221438
  0.00674944 -0.01664045 -0.09659949  0.00028573 -0.0256974  -0.0387124
  0.04817404]",[-0.0473494],-0.001249068351117141
04,37139,"[-0.22344399 -0.01738709 -0.04430059 -0.03937041  0.00479374 -0.17221438
  0.00674944 -0.01664045 -0.09659949  0.00028573 -0.0256974  -0.0387124
  0.04817404]",[-0.07635853],-0.40081602470607486
04,37141,"[-0.22344399 -0.01738709 -0.04430059 -0.03937041  0.00479374 -0.17221438
  0.00674944 -0.01664045 -0.09659949  0.00028573 -0.0256974  -0.0387124
  0.04817404]",[-0.11982278],-0.9994852092052589
04,37145,"[-0.22344399 -0.01738709 -0.04430059 -0.03937041  0.00479374 -0.17221438
  0.00674944 -0.01664045 -0.09659949  0.00028573 -0.0256974  -0.0387124
  0.04817404]",[-0.06798852],-0.2855289202509304
04,37147,"[-0.22344399 -0.01738709 -0.04430059 -0.03937041  0.00479374 -0.17221438
  0.00674944 -0.01664045 -0.09659949  0.00028573 -0.0256974  -0.0387124
  0.04817404]",[-0.01893494],0.390126831913
04,37149,"[-0.22344399 -0.01738709 -0.04430059 -0.03937041  0.00479374 -0.17221438
  0.00674944 -0.01664045 -0.09659949  0.00028573 -0.0256974  -0.0387124
  0.04817404]",[-0.16889861],-1.6754473788409583
04,37151,"[-0.22344399 -0.01738709 -0.04430059 -0.03937041  0.00479374 -0.17221438
  0.00674944 -0.01664045 -0.09659949  0.00028573 -0.0256974  -0.0387124
  0.04817404]",[-0.00727638],0.5507099038722635
04,37155,"[-0.22344399 -0.01738709 -0.04430059 -0.03937041  0.00479374 -0.17221438
  0.00674944 -0.01664045 -0.09659949  0.00028573 -0.0256974  -0.0387124
  0.04817404]",[-0.05173277],-0.06162494689128868
04,37153,"[-0.22344399 -0.01738709 -0.04430059 -0.03937041  0.00479374 -0.17221438
  0.00674944 -0.01664045 -0.09659949  0.00028573 -0.0256974  -0.0387124
  0.04817404]",[-0.12054692],-1.009459354105183
04,37157,"[-0.22344399 -0.01738709 -0.04430059 -0.03937041  0.00479374 -0.17221438
  0.00674944 -0.01664045 -0.09659949  0.00028573 -0.0256974  -0.0387124
  0.04817404]",[-0.0824323],-0.48447503424879107
04,37159,"[-0.22344399 -0.01738709 -0.04430059 -0.03937041  0.00479374 -0.17221438
  0.00674944 -0.01664045 -0.09659949  0.00028573 -0.0256974  -0.0387124
  0.04817404]",[-0.03605347],0.15433909024434175
04,37161,"[-0.22344399 -0.01738709 -0.04430059 -0.03937041  0.00479374 -0.17221438
  0.00674944 -0.01664045 -0.09659949  0.00028573 -0.0256974  -0.0387124
  0.04817404]",[0.04677083],1.2951470429919587
04,37163,"[-0.22344399 -0.01738709 -0.04430059 -0.03937041  0.00479374 -0.17221438
  0.00674944 -0.01664045 -0.09659949  0.00028573 -0.0256974  -0.0387124
  0.04817404]",[-0.06936164],-0.3044419816140108
04,37165,"[-0.22344399 -0.01738709 -0.04430059 -0.03937041  0.00479374 -0.17221438
  0.00674944 -0.01664045 -0.09659949  0.00028573 -0.0256974  -0.0387124
  0.04817404]",[-0.20516024],-2.1749089512734328
04,37167,"[-0.22344399 -0.01738709 -0.04430059 -0.03937041  0.00479374 -0.17221438
  0.00674944 -0.01664045 -0.09659949  0.00028573 -0.0256974  -0.0387124
  0.04817404]",[-0.11493715],-0.9321913084837892
04,37169,"[-0.22344399 -0.01738709 -0.04430059 -0.03937041  0.00479374 -0.17221438
  0.00674944 -0.01664045 -0.09659949  0.00028573 -0.0256974  -0.0387124
  0.04817404]",[-0.24358771],-2.7042024287914086
04,37171,"[-0.22344399 -0.01738709 -0.04430059 -0.03937041  0.00479374 -0.17221438
  0.00674944 -0.01664045 -0.09659949  0.00028573 -0.0256974  -0.0387124
  0.04817404]",[-0.05078676],-0.04859480081342109
04,37175,"[-0.22344399 -0.01738709 -0.04430059 -0.03937041  0.00479374 -0.17221438
  0.00674944 -0.01664045 -0.09659949  0.00028573 -0.0256974  -0.0387124
  0.04817404]",[-0.14069499],-1.2869754229845214
04,37173,"[-0.22344399 -0.01738709 -0.04430059 -0.03937041  0.00479374 -0.17221438
  0.00674944 -0.01664045 -0.09659949  0.00028573 -0.0256974  -0.0387124
  0.04817404]",[-0.25941378],-2.9221879408937093
04,37179,"[-0.22344399 -0.01738709 -0.04430059 -0.03937041  0.00479374 -0.17221438
  0.00674944 -0.01664045 -0.09659949  0.00028573 -0.0256974  -0.0387124
  0.04817404]",[-0.02400803],0.32025090691761454
04,37181,"[-0.22344399 -0.01738709 -0.04430059 -0.03937041  0.00479374 -0.17221438
  0.00674944 -0.01664045 -0.09659949  0.00028573 -0.0256974  -0.0387124
  0.04817404]",[-0.06017641],-0.1779262436813741
04,37183,"[-0.22344399 -0.01738709 -0.04430059 -0.03937041  0.00479374 -0.17221438
  0.00674944 -0.01664045 -0.09659949  0.00028573 -0.0256974  -0.0387124
  0.04817404]",[0.03280854],1.1028327809192489
04,37185,"[-0.22344399 -0.01738709 -0.04430059 -0.03937041  0.00479374 -0.17221438
  0.00674944 -0.01664045 -0.09659949  0.00028573 -0.0256974  -0.0387124
  0.04817404]",[-0.25992355],-2.9292094577920365
04,37189,"[-0.22344399 -0.01738709 -0.04430059 -0.03937041  0.00479374 -0.17221438
  0.00674944 -0.01664045 -0.09659949  0.00028573 -0.0256974  -0.0387124
  0.04817404]",[-0.04382497],0.047295730833771844
04,37191,"[-0.22344399 -0.01738709 -0.04430059 -0.03937041  0.00479374 -0.17221438
  0.00674944 -0.01664045 -0.09659949  0.00028573 -0.0256974  -0.0387124
  0.04817404]",[-0.03658854],0.14696911777897118
04,37193,"[-0.22344399 -0.01738709 -0.04430059 -0.03937041  0.00479374 -0.17221438
  0.00674944 -0.01664045 -0.09659949  0.00028573 -0.0256974  -0.0387124
  0.04817404]",[0.01242885],0.8221263121404042
04,37195,"[-0.22344399 -0.01738709 -0.04430059 -0.03937041  0.00479374 -0.17221438
  0.00674944 -0.01664045 -0.09659949  0.00028573 -0.0256974  -0.0387124
  0.04817404]",[-0.03944088],0.10768146157516577
04,37199,"[-0.22344399 -0.01738709 -0.04430059 -0.03937041  0.00479374 -0.17221438
  0.00674944 -0.01664045 -0.09659949  0.00028573 -0.0256974  -0.0387124
  0.04817404]",[-0.2901688],-3.3458024084585594
04,37197,"[-0.22344399 -0.01738709 -0.04430059 -0.03937041  0.00479374 -0.17221438
  0.00674944 -0.01664045 -0.09659949  0.00028573 -0.0256974  -0.0387124
  0.04817404]",[-0.07078766],-0.32408368566490814
04,38003,"[-0.22344399 -0.01738709 -0.04430059 -0.03937041  0.00479374 -0.17221438
  0.00674944 -0.01664045 -0.09659949  0.00028573 -0.0256974  -0.0387124
  0.04817404]",[-0.09781569],-0.6963631825283007
04,38005,"[-0.22344399 -0.01738709 -0.04430059 -0.03937041  0.00479374 -0.17221438
  0.00674944 -0.01664045 -0.09659949  0.00028573 -0.0256974  -0.0387124
  0.04817404]",[-0.4226931],-5.171169628934238
04,38015,"[-0.22344399 -0.01738709 -0.04430059 -0.03937041  0.00479374 -0.17221438
  0.00674944 -0.01664045 -0.09659949  0.00028573 -0.0256974  -0.0387124
  0.04817404]",[-0.01610943],0.4290449287653528
04,38017,"[-0.22344399 -0.01738709 -0.04430059 -0.03937041  0.00479374 -0.17221438
  0.00674944 -0.01664045 -0.09659949  0.00028573 -0.0256974  -0.0387124
  0.04817404]",[-0.02650527],0.28585433418676054
04,38035,"[-0.22344399 -0.01738709 -0.04430059 -0.03937041  0.00479374 -0.17221438
  0.00674944 -0.01664045 -0.09659949  0.00028573 -0.0256974  -0.0387124
  0.04817404]",[0.01243499],0.8222110049272265
04,38053,"[-0.22344399 -0.01738709 -0.04430059 -0.03937041  0.00479374 -0.17221438
  0.00674944 -0.01664045 -0.09659949  0.00028573 -0.0256974  -0.0387124
  0.04817404]",[-0.16388482],-1.6063882724695955
04,38059,"[-0.22344399 -0.01738709 -0.04430059 -0.03937041  0.00479374 -0.17221438
  0.00674944 -0.01664045 -0.09659949  0.00028573 -0.0256974  -0.0387124
  0.04817404]",[-0.4176643],-5.101903891135691
04,38067,"[-0.22344399 -0.01738709 -0.04430059 -0.03937041  0.00479374 -0.17221438
  0.00674944 -0.01664045 -0.09659949  0.00028573 -0.0256974  -0.0387124
  0.04817404]",[-0.20192667],-2.1303702496615107
04,38077,"[-0.22344399 -0.01738709 -0.04430059 -0.03937041  0.00479374 -0.17221438
  0.00674944 -0.01664045 -0.09659949  0.00028573 -0.0256974  -0.0387124
  0.04817404]",[0.18746017],3.232978096676941
04,38079,"[-0.22344399 -0.01738709 -0.04430059 -0.03937041  0.00479374 -0.17221438
  0.00674944 -0.01664045 -0.09659949  0.00028573 -0.0256974  -0.0387124
  0.04817404]",[-0.37685517],-4.53980583485151
04,38089,"[-0.22344399 -0.01738709 -0.04430059 -0.03937041  0.00479374 -0.17221438
  0.00674944 -0.01664045 -0.09659949  0.00028573 -0.0256974  -0.0387124
  0.04817404]",[-0.134295],-1.1988230347221651
04,38097,"[-0.22344399 -0.01738709 -0.04430059 -0.03937041  0.00479374 -0.17221438
  0.00674944 -0.01664045 -0.09659949  0.00028573 -0.0256974  -0.0387124
  0.04817404]",[-0.43448344],-5.33356778377741
04,38093,"[-0.22344399 -0.01738709 -0.04430059 -0.03937041  0.00479374 -0.17221438
  0.00674944 -0.01664045 -0.09659949  0.00028573 -0.0256974  -0.0387124
  0.04817404]",[-0.2950364],-3.4128479662314604
04,38099,"[-0.22344399 -0.01738709 -0.04430059 -0.03937041  0.00479374 -0.17221438
  0.00674944 -0.01664045 -0.09659949  0.00028573 -0.0256974  -0.0387124
  0.04817404]",[-0.12457577],-1.06495200047971
04,38101,"[-0.22344399 -0.01738709 -0.04430059 -0.03937041  0.00479374 -0.17221438
  0.00674944 -0.01664045 -0.09659949  0.00028573 -0.0256974  -0.0387124
  0.04817404]",[-0.1413643],-1.2961944767057672
04,39001,"[-0.22344399 -0.01738709 -0.04430059 -0.03937041  0.00479374 -0.17221438
  0.00674944 -0.01664045 -0.09659949  0.00028573 -0.0256974  -0.0387124
  0.04817404]",[-0.24049888],-2.6616573033500535
04,38105,"[-0.22344399 -0.01738709 -0.04430059 -0.03937041  0.00479374 -0.17221438
  0.00674944 -0.01664045 -0.09659949  0.00028573 -0.0256974  -0.0387124
  0.04817404]",[-0.2156107],-2.318851710825764
04,39003,"[-0.22344399 -0.01738709 -0.04430059 -0.03937041  0.00479374 -0.17221438
  0.00674944 -0.01664045 -0.09659949  0.00028573 -0.0256974  -0.0387124
  0.04817404]",[0.07026005],1.618683549969271
04,39005,"[-0.22344399 -0.01738709 -0.04430059 -0.03937041  0.00479374 -0.17221438
  0.00674944 -0.01664045 -0.09659949  0.00028573 -0.0256974  -0.0387124
  0.04817404]",[-0.12818285],-1.1146353675970382
04,39007,"[-0.22344399 -0.01738709 -0.04430059 -0.03937041  0.00479374 -0.17221438
  0.00674944 -0.01664045 -0.09659949  0.00028573 -0.0256974  -0.0387124
  0.04817404]",[-0.09849776],-0.7057580105535217
04,39011,"[-0.22344399 -0.01738709 -0.04430059 -0.03937041  0.00479374 -0.17221438
  0.00674944 -0.01664045 -0.09659949  0.00028573 -0.0256974  -0.0387124
  0.04817404]",[-0.07585947],-0.39394199475534714
04,39009,"[-0.22344399 -0.01738709 -0.04430059 -0.03937041  0.00479374 -0.17221438
  0.00674944 -0.01664045 -0.09659949  0.00028573 -0.0256974  -0.0387124
  0.04817404]",[0.00891421],0.7737163176929874
04,39013,"[-0.22344399 -0.01738709 -0.04430059 -0.03937041  0.00479374 -0.17221438
  0.00674944 -0.01664045 -0.09659949  0.00028573 -0.0256974  -0.0387124
  0.04817404]",[-0.06604067],-0.2586995403653401
04,39015,"[-0.22344399 -0.01738709 -0.04430059 -0.03937041  0.00479374 -0.17221438
  0.00674944 -0.01664045 -0.09659949  0.00028573 -0.0256974  -0.0387124
  0.04817404]",[-0.0378284],0.12989150631411814
04,39017,"[-0.22344399 -0.01738709 -0.04430059 -0.03937041  0.00479374 -0.17221438
  0.00674944 -0.01664045 -0.09659949  0.00028573 -0.0256974  -0.0387124
  0.04817404]",[0.0164039],0.8768780092887449
04,39019,"[-0.22344399 -0.01738709 -0.04430059 -0.03937041  0.00479374 -0.17221438
  0.00674944 -0.01664045 -0.09659949  0.00028573 -0.0256974  -0.0387124
  0.04817404]",[-0.18178598],-1.852955783032569
04,39021,"[-0.22344399 -0.01738709 -0.04430059 -0.03937041  0.00479374 -0.17221438
  0.00674944 -0.01664045 -0.09659949  0.00028573 -0.0256974  -0.0387124
  0.04817404]",[-0.04131566],0.08185862296067553
04,39023,"[-0.22344399 -0.01738709 -0.04430059 -0.03937041  0.00479374 -0.17221438
  0.00674944 -0.01664045 -0.09659949  0.00028573 -0.0256974  -0.0387124
  0.04817404]",[-0.03369291],0.18685307340714719
04,39025,"[-0.22344399 -0.01738709 -0.04430059 -0.03937041  0.00479374 -0.17221438
  0.00674944 -0.01664045 -0.09659949  0.00028573 -0.0256974  -0.0387124
  0.04817404]",[-0.05719022],-0.13679496243095385
04,39029,"[-0.22344399 -0.01738709 -0.04430059 -0.03937041  0.00479374 -0.17221438
  0.00674944 -0.01664045 -0.09659949  0.00028573 -0.0256974  -0.0387124
  0.04817404]",[-0.0150912],0.4430698103223984
04,39027,"[-0.22344399 -0.01738709 -0.04430059 -0.03937041  0.00479374 -0.17221438
  0.00674944 -0.01664045 -0.09659949  0.00028573 -0.0256974  -0.0387124
  0.04817404]",[0.08802835],1.8634210664493394
04,39031,"[-0.22344399 -0.01738709 -0.04430059 -0.03937041  0.00479374 -0.17221438
  0.00674944 -0.01664045 -0.09659949  0.00028573 -0.0256974  -0.0387124
  0.04817404]",[-0.0847512],-0.5164152433885077
04,39033,"[-0.22344399 -0.01738709 -0.04430059 -0.03937041  0.00479374 -0.17221438
  0.00674944 -0.01664045 -0.09659949  0.00028573 -0.0256974  -0.0387124
  0.04817404]",[-0.14747499],-1.3803620178425258
04,39035,"[-0.22344399 -0.01738709 -0.04430059 -0.03937041  0.00479374 -0.17221438
  0.00674944 -0.01664045 -0.09659949  0.00028573 -0.0256974  -0.0387124
  0.04817404]",[-0.00336362],0.6046036278840173
04,39037,"[-0.22344399 -0.01738709 -0.04430059 -0.03937041  0.00479374 -0.17221438
  0.00674944 -0.01664045 -0.09659949  0.00028573 -0.0256974  -0.0387124
  0.04817404]",[-0.13162115],-1.1619939298759563
04,39039,"[-0.22344399 -0.01738709 -0.04430059 -0.03937041  0.00479374 -0.17221438
  0.00674944 -0.01664045 -0.09659949  0.00028573 -0.0256974  -0.0387124
  0.04817404]",[-0.10192327],-0.7529403890357329
04,39041,"[-0.22344399 -0.01738709 -0.04430059 -0.03937041  0.00479374 -0.17221438
  0.00674944 -0.01664045 -0.09659949  0.00028573 -0.0256974  -0.0387124
  0.04817404]",[-0.02932252],0.2470500192445147
04,39043,"[-0.22344399 -0.01738709 -0.04430059 -0.03937041  0.00479374 -0.17221438
  0.00674944 -0.01664045 -0.09659949  0.00028573 -0.0256974  -0.0387124
  0.04817404]",[-0.02103136],0.36125115198531127
04,39045,"[-0.22344399 -0.01738709 -0.04430059 -0.03937041  0.00479374 -0.17221438
  0.00674944 -0.01664045 -0.09659949  0.00028573 -0.0256974  -0.0387124
  0.04817404]",[0.14535308],2.6530021629498988
04,39047,"[-0.22344399 -0.01738709 -0.04430059 -0.03937041  0.00479374 -0.17221438
  0.00674944 -0.01664045 -0.09659949  0.00028573 -0.0256974  -0.0387124
  0.04817404]",[-0.05656687],-0.12820903662427535
04,39049,"[-0.22344399 -0.01738709 -0.04430059 -0.03937041  0.00479374 -0.17221438
  0.00674944 -0.01664045 -0.09659949  0.00028573 -0.0256974  -0.0387124
  0.04817404]",[0.0129537],0.8293555187488322
04,39051,"[-0.22344399 -0.01738709 -0.04430059 -0.03937041  0.00479374 -0.17221438
  0.00674944 -0.01664045 -0.09659949  0.00028573 -0.0256974  -0.0387124
  0.04817404]",[-0.12604368],-1.0851707585280224
04,39053,"[-0.22344399 -0.01738709 -0.04430059 -0.03937041  0.00479374 -0.17221438
  0.00674944 -0.01664045 -0.09659949  0.00028573 -0.0256974  -0.0387124
  0.04817404]",[-0.21999353],-2.379220101157477
04,39055,"[-0.22344399 -0.01738709 -0.04430059 -0.03937041  0.00479374 -0.17221438
  0.00674944 -0.01664045 -0.09659949  0.00028573 -0.0256974  -0.0387124
  0.04817404]",[-0.06984127],-0.31104826199489494
04,39057,"[-0.22344399 -0.01738709 -0.04430059 -0.03937041  0.00479374 -0.17221438
  0.00674944 -0.01664045 -0.09659949  0.00028573 -0.0256974  -0.0387124
  0.04817404]",[-4.96279684e-05],0.6502499324317563
04,39059,"[-0.22344399 -0.01738709 -0.04430059 -0.03937041  0.00479374 -0.17221438
  0.00674944 -0.01664045 -0.09659949  0.00028573 -0.0256974  -0.0387124
  0.04817404]",[-0.16930499],-1.6810447406790927
04,39061,"[-0.22344399 -0.01738709 -0.04430059 -0.03937041  0.00479374 -0.17221438
  0.00674944 -0.01664045 -0.09659949  0.00028573 -0.0256974  -0.0387124
  0.04817404]",[0.00341811],0.6980140082950415
04,39065,"[-0.22344399 -0.01738709 -0.04430059 -0.03937041  0.00479374 -0.17221438
  0.00674944 -0.01664045 -0.09659949  0.00028573 -0.0256974  -0.0387124
  0.04817404]",[-0.21091695],-2.2542008087469534
04,39063,"[-0.22344399 -0.01738709 -0.04430059 -0.03937041  0.00479374 -0.17221438
  0.00674944 -0.01664045 -0.09659949  0.00028573 -0.0256974  -0.0387124
  0.04817404]",[-0.09306291],-0.630899301035046
04,39067,"[-0.22344399 -0.01738709 -0.04430059 -0.03937041  0.00479374 -0.17221438
  0.00674944 -0.01664045 -0.09659949  0.00028573 -0.0256974  -0.0387124
  0.04817404]",[-0.28748659],-3.3088580426863103
04,39069,"[-0.22344399 -0.01738709 -0.04430059 -0.03937041  0.00479374 -0.17221438
  0.00674944 -0.01664045 -0.09659949  0.00028573 -0.0256974  -0.0387124
  0.04817404]",[-0.26547122],-3.005622148039835
04,39071,"[-0.22344399 -0.01738709 -0.04430059 -0.03937041  0.00479374 -0.17221438
  0.00674944 -0.01664045 -0.09659949  0.00028573 -0.0256974  -0.0387124
  0.04817404]",[-0.14471557],-1.3423542714451855
04,39075,"[-0.22344399 -0.01738709 -0.04430059 -0.03937041  0.00479374 -0.17221438
  0.00674944 -0.01664045 -0.09659949  0.00028573 -0.0256974  -0.0387124
  0.04817404]",[-0.22959314],-2.511443490660451
04,39073,"[-0.22344399 -0.01738709 -0.04430059 -0.03937041  0.00479374 -0.17221438
  0.00674944 -0.01664045 -0.09659949  0.00028573 -0.0256974  -0.0387124
  0.04817404]",[-0.2156888],-2.3199274618799626
04,39077,"[-0.22344399 -0.01738709 -0.04430059 -0.03937041  0.00479374 -0.17221438
  0.00674944 -0.01664045 -0.09659949  0.00028573 -0.0256974  -0.0387124
  0.04817404]",[-0.13639419],-1.2277369453191787
04,39079,"[-0.22344399 -0.01738709 -0.04430059 -0.03937041  0.00479374 -0.17221438
  0.00674944 -0.01664045 -0.09659949  0.00028573 -0.0256974  -0.0387124
  0.04817404]",[-0.18751215],-1.9318270975351564
04,39081,"[-0.22344399 -0.01738709 -0.04430059 -0.03937041  0.00479374 -0.17221438
  0.00674944 -0.01664045 -0.09659949  0.00028573 -0.0256974  -0.0387124
  0.04817404]",[-0.05165286],-0.06052426457323345
04,39083,"[-0.22344399 -0.01738709 -0.04430059 -0.03937041  0.00479374 -0.17221438
  0.00674944 -0.01664045 -0.09659949  0.00028573 -0.0256974  -0.0387124
  0.04817404]",[-0.08474532],-0.5163341305420663
04,39085,"[-0.22344399 -0.01738709 -0.04430059 -0.03937041  0.00479374 -0.17221438
  0.00674944 -0.01664045 -0.09659949  0.00028573 -0.0256974  -0.0387124
  0.04817404]",[-0.0256901],0.29708240910117073
04,39087,"[-0.22344399 -0.01738709 -0.04430059 -0.03937041  0.00479374 -0.17221438
  0.00674944 -0.01664045 -0.09659949  0.00028573 -0.0256974  -0.0387124
  0.04817404]",[-0.07163407],-0.33574209650315495
04,39089,"[-0.22344399 -0.01738709 -0.04430059 -0.03937041  0.00479374 -0.17221438
  0.00674944 -0.01664045 -0.09659949  0.00028573 -0.0256974  -0.0387124
  0.04817404]",[-0.07319468],-0.35723764731856184
04,39091,"[-0.22344399 -0.01738709 -0.04430059 -0.03937041  0.00479374 -0.17221438
  0.00674944 -0.01664045 -0.09659949  0.00028573 -0.0256974  -0.0387124
  0.04817404]",[-0.19445732],-2.0274886410611708
04,39093,"[-0.22344399 -0.01738709 -0.04430059 -0.03937041  0.00479374 -0.17221438
  0.00674944 -0.01664045 -0.09659949  0.00028573 -0.0256974  -0.0387124
  0.04817404]",[-1.02361675e-05],0.6507925084261301
04,39095,"[-0.22344399 -0.01738709 -0.04430059 -0.03937041  0.00479374 -0.17221438
  0.00674944 -0.01664045 -0.09659949  0.00028573 -0.0256974  -0.0387124
  0.04817404]",[0.0057577],0.7302391500546314
04,39097,"[-0.22344399 -0.01738709 -0.04430059 -0.03937041  0.00479374 -0.17221438
  0.00674944 -0.01664045 -0.09659949  0.00028573 -0.0256974  -0.0387124
  0.04817404]",[-0.04696261],0.004078404781723339
04,39099,"[-0.22344399 -0.01738709 -0.04430059 -0.03937041  0.00479374 -0.17221438
  0.00674944 -0.01664045 -0.09659949  0.00028573 -0.0256974  -0.0387124
  0.04817404]",[-0.01161347],0.4909715194957297
04,39101,"[-0.22344399 -0.01738709 -0.04430059 -0.03937041  0.00479374 -0.17221438
  0.00674944 -0.01664045 -0.09659949  0.00028573 -0.0256974  -0.0387124
  0.04817404]",[0.02147207],0.9466860957947696
04,39103,"[-0.22344399 -0.01738709 -0.04430059 -0.03937041  0.00479374 -0.17221438
  0.00674944 -0.01664045 -0.09659949  0.00028573 -0.0256974  -0.0387124
  0.04817404]",[0.03189827],1.090294855653605
04,39105,"[-0.22344399 -0.01738709 -0.04430059 -0.03937041  0.00479374 -0.17221438
  0.00674944 -0.01664045 -0.09659949  0.00028573 -0.0256974  -0.0387124
  0.04817404]",[-0.19402396],-2.021519680389836
04,39107,"[-0.22344399 -0.01738709 -0.04430059 -0.03937041  0.00479374 -0.17221438
  0.00674944 -0.01664045 -0.09659949  0.00028573 -0.0256974  -0.0387124
  0.04817404]",[-0.08649644],-0.5404538211764176
04,39109,"[-0.22344399 -0.01738709 -0.04430059 -0.03937041  0.00479374 -0.17221438
  0.00674944 -0.01664045 -0.09659949  0.00028573 -0.0256974  -0.0387124
  0.04817404]",[-0.08329454],-0.4963514130035867
04,39111,"[-0.22344399 -0.01738709 -0.04430059 -0.03937041  0.00479374 -0.17221438
  0.00674944 -0.01664045 -0.09659949  0.00028573 -0.0256974  -0.0387124
  0.04817404]",[-0.16669967],-1.6451594883268201
04,39113,"[-0.22344399 -0.01738709 -0.04430059 -0.03937041  0.00479374 -0.17221438
  0.00674944 -0.01664045 -0.09659949  0.00028573 -0.0256974  -0.0387124
  0.04817404]",[0.01147342],0.8089664400993425
04,39115,"[-0.22344399 -0.01738709 -0.04430059 -0.03937041  0.00479374 -0.17221438
  0.00674944 -0.01664045 -0.09659949  0.00028573 -0.0256974  -0.0387124
  0.04817404]",[-0.30069722],-3.4908190213263284
04,39117,"[-0.22344399 -0.01738709 -0.04430059 -0.03937041  0.00479374 -0.17221438
  0.00674944 -0.01664045 -0.09659949  0.00028573 -0.0256974  -0.0387124
  0.04817404]",[-0.21569628],-2.3200305202489915
04,39119,"[-0.22344399 -0.01738709 -0.04430059 -0.03937041  0.00479374 -0.17221438
  0.00674944 -0.01664045 -0.09659949  0.00028573 -0.0256974  -0.0387124
  0.04817404]",[-0.02934631],0.24672235684797938
04,39125,"[-0.22344399 -0.01738709 -0.04430059 -0.03937041  0.00479374 -0.17221438
  0.00674944 -0.01664045 -0.09659949  0.00028573 -0.0256974  -0.0387124
  0.04817404]",[-0.34003967],-4.032715387391285
04,39123,"[-0.22344399 -0.01738709 -0.04430059 -0.03937041  0.00479374 -0.17221438
  0.00674944 -0.01664045 -0.09659949  0.00028573 -0.0256974  -0.0387124
  0.04817404]",[0.10755344],2.1323563547522433
04,39127,"[-0.22344399 -0.01738709 -0.04430059 -0.03937041  0.00479374 -0.17221438
  0.00674944 -0.01664045 -0.09659949  0.00028573 -0.0256974  -0.0387124
  0.04817404]",[-0.19251358],-2.0007159846401827
04,39129,"[-0.22344399 -0.01738709 -0.04430059 -0.03937041  0.00479374 -0.17221438
  0.00674944 -0.01664045 -0.09659949  0.00028573 -0.0256974  -0.0387124
  0.04817404]",[-0.05550765],-0.11361950843405311
04,39131,"[-0.22344399 -0.01738709 -0.04430059 -0.03937041  0.00479374 -0.17221438
  0.00674944 -0.01664045 -0.09659949  0.00028573 -0.0256974  -0.0387124
  0.04817404]",[-0.1150833],-0.9342044081171545
04,39133,"[-0.22344399 -0.01738709 -0.04430059 -0.03937041  0.00479374 -0.17221438
  0.00674944 -0.01664045 -0.09659949  0.00028573 -0.0256974  -0.0387124
  0.04817404]",[-0.03207698],0.20911058042606895
04,39135,"[-0.22344399 -0.01738709 -0.04430059 -0.03937041  0.00479374 -0.17221438
  0.00674944 -0.01664045 -0.09659949  0.00028573 -0.0256974  -0.0387124
  0.04817404]",[-0.13452329],-1.2019675007481534
04,39137,"[-0.22344399 -0.01738709 -0.04430059 -0.03937041  0.00479374 -0.17221438
  0.00674944 -0.01664045 -0.09659949  0.00028573 -0.0256974  -0.0387124
  0.04817404]",[-0.19697776],-2.0622048378535784
04,39139,"[-0.22344399 -0.01738709 -0.04430059 -0.03937041  0.00479374 -0.17221438
  0.00674944 -0.01664045 -0.09659949  0.00028573 -0.0256974  -0.0387124
  0.04817404]",[0.00918926],0.7775048327664003
04,39141,"[-0.22344399 -0.01738709 -0.04430059 -0.03937041  0.00479374 -0.17221438
  0.00674944 -0.01664045 -0.09659949  0.00028573 -0.0256974  -0.0387124
  0.04817404]",[-0.04088574],0.08778029894331932
04,39143,"[-0.22344399 -0.01738709 -0.04430059 -0.03937041  0.00479374 -0.17221438
  0.00674944 -0.01664045 -0.09659949  0.00028573 -0.0256974  -0.0387124
  0.04817404]",[0.0272244],1.0259177160872124
04,39145,"[-0.22344399 -0.01738709 -0.04430059 -0.03937041  0.00479374 -0.17221438
  0.00674944 -0.01664045 -0.09659949  0.00028573 -0.0256974  -0.0387124
  0.04817404]",[-0.06014707],-0.17752208090974314
04,39147,"[-0.22344399 -0.01738709 -0.04430059 -0.03937041  0.00479374 -0.17221438
  0.00674944 -0.01664045 -0.09659949  0.00028573 -0.0256974  -0.0387124
  0.04817404]",[-0.17643685],-1.7792777332062977
04,39149,"[-0.22344399 -0.01738709 -0.04430059 -0.03937041  0.00479374 -0.17221438
  0.00674944 -0.01664045 -0.09659949  0.00028573 -0.0256974  -0.0387124
  0.04817404]",[-0.14241953],-1.3107289552118773
04,39151,"[-0.22344399 -0.01738709 -0.04430059 -0.03937041  0.00479374 -0.17221438
  0.00674944 -0.01664045 -0.09659949  0.00028573 -0.0256974  -0.0387124
  0.04817404]",[-0.00474333],0.5855997057684585
04,39153,"[-0.22344399 -0.01738709 -0.04430059 -0.03937041  0.00479374 -0.17221438
  0.00674944 -0.01664045 -0.09659949  0.00028573 -0.0256974  -0.0387124
  0.04817404]",[0.0144519],0.849991578068968
04,39155,"[-0.22344399 -0.01738709 -0.04430059 -0.03937041  0.00479374 -0.17221438
  0.00674944 -0.01664045 -0.09659949  0.00028573 -0.0256974  -0.0387124
  0.04817404]",[-0.03758898],0.13318929120307343
04,39157,"[-0.22344399 -0.01738709 -0.04430059 -0.03937041  0.00479374 -0.17221438
  0.00674944 -0.01664045 -0.09659949  0.00028573 -0.0256974  -0.0387124
  0.04817404]",[-0.01848633],0.3963058984279644
04,39159,"[-0.22344399 -0.01738709 -0.04430059 -0.03937041  0.00479374 -0.17221438
  0.00674944 -0.01664045 -0.09659949  0.00028573 -0.0256974  -0.0387124
  0.04817404]",[-0.15323318],-1.4596744107386976
04,39161,"[-0.22344399 -0.01738709 -0.04430059 -0.03937041  0.00479374 -0.17221438
  0.00674944 -0.01664045 -0.09659949  0.00028573 -0.0256974  -0.0387124
  0.04817404]",[-0.15540857],-1.4896378363617442
04,39165,"[-0.22344399 -0.01738709 -0.04430059 -0.03937041  0.00479374 -0.17221438
  0.00674944 -0.01664045 -0.09659949  0.00028573 -0.0256974  -0.0387124
  0.04817404]",[-0.03437859],0.17740868195282558
04,39167,"[-0.22344399 -0.01738709 -0.04430059 -0.03937041  0.00479374 -0.17221438
  0.00674944 -0.01664045 -0.09659949  0.00028573 -0.0256974  -0.0387124
  0.04817404]",[0.00308791],0.6934658914730326
04,39169,"[-0.22344399 -0.01738709 -0.04430059 -0.03937041  0.00479374 -0.17221438
  0.00674944 -0.01664045 -0.09659949  0.00028573 -0.0256974  -0.0387124
  0.04817404]",[-0.06579524],-0.2553189589680622
04,39171,"[-0.22344399 -0.01738709 -0.04430059 -0.03937041  0.00479374 -0.17221438
  0.00674944 -0.01664045 -0.09659949  0.00028573 -0.0256974  -0.0387124
  0.04817404]",[-0.10802183],-0.8369409285809134
04,39173,"[-0.22344399 -0.01738709 -0.04430059 -0.03937041  0.00479374 -0.17221438
  0.00674944 -0.01664045 -0.09659949  0.00028573 -0.0256974  -0.0387124
  0.04817404]",[-0.01443019],0.4521744498787063
04,39175,"[-0.22344399 -0.01738709 -0.04430059 -0.03937041  0.00479374 -0.17221438
  0.00674944 -0.01664045 -0.09659949  0.00028573 -0.0256974  -0.0387124
  0.04817404]",[-0.31292835],-3.6592886560874964
04,40001,"[-0.22344399 -0.01738709 -0.04430059 -0.03937041  0.00479374 -0.17221438
  0.00674944 -0.01664045 -0.09659949  0.00028573 -0.0256974  -0.0387124
  0.04817404]",[-0.35615166],-4.254639186810015
04,40005,"[-0.22344399 -0.01738709 -0.04430059 -0.03937041  0.00479374 -0.17221438
  0.00674944 -0.01664045 -0.09659949  0.00028573 -0.0256974  -0.0387124
  0.04817404]",[-0.32030206],-3.7608528147828877
04,40009,"[-0.22344399 -0.01738709 -0.04430059 -0.03937041  0.00479374 -0.17221438
  0.00674944 -0.01664045 -0.09659949  0.00028573 -0.0256974  -0.0387124
  0.04817404]",[-0.36013107],-4.3094509158326275
04,40011,"[-0.22344399 -0.01738709 -0.04430059 -0.03937041  0.00479374 -0.17221438
  0.00674944 -0.01664045 -0.09659949  0.00028573 -0.0256974  -0.0387124
  0.04817404]",[-0.14748759],-1.3805356177833774
04,40013,"[-0.22344399 -0.01738709 -0.04430059 -0.03937041  0.00479374 -0.17221438
  0.00674944 -0.01664045 -0.09659949  0.00028573 -0.0256974  -0.0387124
  0.04817404]",[-0.12448003],-1.0636332878739183
04,40015,"[-0.22344399 -0.01738709 -0.04430059 -0.03937041  0.00479374 -0.17221438
  0.00674944 -0.01664045 -0.09659949  0.00028573 -0.0256974  -0.0387124
  0.04817404]",[-0.10590774],-0.8078218279031761
04,40017,"[-0.22344399 -0.01738709 -0.04430059 -0.03937041  0.00479374 -0.17221438
  0.00674944 -0.01664045 -0.09659949  0.00028573 -0.0256974  -0.0387124
  0.04817404]",[-0.01778922],0.4059078217330763
04,40019,"[-0.22344399 -0.01738709 -0.04430059 -0.03937041  0.00479374 -0.17221438
  0.00674944 -0.01664045 -0.09659949  0.00028573 -0.0256974  -0.0387124
  0.04817404]",[-0.10799067],-0.836511746681228
04,40021,"[-0.22344399 -0.01738709 -0.04430059 -0.03937041  0.00479374 -0.17221438
  0.00674944 -0.01664045 -0.09659949  0.00028573 -0.0256974  -0.0387124
  0.04817404]",[-0.18875885],-1.9489989622820592
04,40023,"[-0.22344399 -0.01738709 -0.04430059 -0.03937041  0.00479374 -0.17221438
  0.00674944 -0.01664045 -0.09659949  0.00028573 -0.0256974  -0.0387124
  0.04817404]",[-0.34224162],-4.063044596179528
04,40027,"[-0.22344399 -0.01738709 -0.04430059 -0.03937041  0.00479374 -0.17221438
  0.00674944 -0.01664045 -0.09659949  0.00028573 -0.0256974  -0.0387124
  0.04817404]",[0.0940065],1.9457631760264922
04,40031,"[-0.22344399 -0.01738709 -0.04430059 -0.03937041  0.00479374 -0.17221438
  0.00674944 -0.01664045 -0.09659949  0.00028573 -0.0256974  -0.0387124
  0.04817404]",[-0.03363291],0.18767950700528135
04,40035,"[-0.22344399 -0.01738709 -0.04430059 -0.03937041  0.00479374 -0.17221438
  0.00674944 -0.01664045 -0.09659949  0.00028573 -0.0256974  -0.0387124
  0.04817404]",[-0.10463996],-0.7903596383447669
04,40037,"[-0.22344399 -0.01738709 -0.04430059 -0.03937041  0.00479374 -0.17221438
  0.00674944 -0.01664045 -0.09659949  0.00028573 -0.0256974  -0.0387124
  0.04817404]",[-0.04416395],0.04262675985235462
04,40039,"[-0.22344399 -0.01738709 -0.04430059 -0.03937041  0.00479374 -0.17221438
  0.00674944 -0.01664045 -0.09659949  0.00028573 -0.0256974  -0.0387124
  0.04817404]",[-0.269248],-3.057642836741619
04,40041,"[-0.22344399 -0.01738709 -0.04430059 -0.03937041  0.00479374 -0.17221438
  0.00674944 -0.01664045 -0.09659949  0.00028573 -0.0256974  -0.0387124
  0.04817404]",[-0.15183712],-1.4404453218436701
04,40047,"[-0.22344399 -0.01738709 -0.04430059 -0.03937041  0.00479374 -0.17221438
  0.00674944 -0.01664045 -0.09659949  0.00028573 -0.0256974  -0.0387124
  0.04817404]",[-0.12777188],-1.1089747813954147
04,40049,"[-0.22344399 -0.01738709 -0.04430059 -0.03937041  0.00479374 -0.17221438
  0.00674944 -0.01664045 -0.09659949  0.00028573 -0.0256974  -0.0387124
  0.04817404]",[-0.05672252],-0.13035291828853354
04,40051,"[-0.22344399 -0.01738709 -0.04430059 -0.03937041  0.00479374 -0.17221438
  0.00674944 -0.01664045 -0.09659949  0.00028573 -0.0256974  -0.0387124
  0.04817404]",[-0.1803907],-1.8337374574937901
04,40061,"[-0.22344399 -0.01738709 -0.04430059 -0.03937041  0.00479374 -0.17221438
  0.00674944 -0.01664045 -0.09659949  0.00028573 -0.0256974  -0.0387124
  0.04817404]",[-0.37833819],-4.560232617778205
04,40063,"[-0.22344399 -0.01738709 -0.04430059 -0.03937041  0.00479374 -0.17221438
  0.00674944 -0.01664045 -0.09659949  0.00028573 -0.0256974  -0.0387124
  0.04817404]",[-0.2513662],-2.8113419502734223
04,40065,"[-0.22344399 -0.01738709 -0.04430059 -0.03937041  0.00479374 -0.17221438
  0.00674944 -0.01664045 -0.09659949  0.00028573 -0.0256974  -0.0387124
  0.04817404]",[-0.12391002],-1.0557821838396804
04,40071,"[-0.22344399 -0.01738709 -0.04430059 -0.03937041  0.00479374 -0.17221438
  0.00674944 -0.01664045 -0.09659949  0.00028573 -0.0256974  -0.0387124
  0.04817404]",[-0.07296196],-0.35403218707369866
04,40073,"[-0.22344399 -0.01738709 -0.04430059 -0.03937041  0.00479374 -0.17221438
  0.00674944 -0.01664045 -0.09659949  0.00028573 -0.0256974  -0.0387124
  0.04817404]",[-0.35127606],-4.187483432437957
04,40079,"[-0.22344399 -0.01738709 -0.04430059 -0.03937041  0.00479374 -0.17221438
  0.00674944 -0.01664045 -0.09659949  0.00028573 -0.0256974  -0.0387124
  0.04817404]",[-0.0588355],-0.15945670418489147
04,40081,"[-0.22344399 -0.01738709 -0.04430059 -0.03937041  0.00479374 -0.17221438
  0.00674944 -0.01664045 -0.09659949  0.00028573 -0.0256974  -0.0387124
  0.04817404]",[-0.09810761],-0.700384061046531
04,40083,"[-0.22344399 -0.01738709 -0.04430059 -0.03937041  0.00479374 -0.17221438
  0.00674944 -0.01664045 -0.09659949  0.00028573 -0.0256974  -0.0387124
  0.04817404]",[-0.10334135],-0.772472784088345
04,40087,"[-0.22344399 -0.01738709 -0.04430059 -0.03937041  0.00479374 -0.17221438
  0.00674944 -0.01664045 -0.09659949  0.00028573 -0.0256974  -0.0387124
  0.04817404]",[-0.25856199],-2.9104555966408117
04,40091,"[-0.22344399 -0.01738709 -0.04430059 -0.03937041  0.00479374 -0.17221438
  0.00674944 -0.01664045 -0.09659949  0.00028573 -0.0256974  -0.0387124
  0.04817404]",[-0.36144888],-4.327602112512122
04,40089,"[-0.22344399 -0.01738709 -0.04430059 -0.03937041  0.00479374 -0.17221438
  0.00674944 -0.01664045 -0.09659949  0.00028573 -0.0256974  -0.0387124
  0.04817404]",[-0.13816081],-1.2520700441776602
04,40095,"[-0.22344399 -0.01738709 -0.04430059 -0.03937041  0.00479374 -0.17221438
  0.00674944 -0.01664045 -0.09659949  0.00028573 -0.0256974  -0.0387124
  0.04817404]",[-0.18836391],-1.9435591293283645
04,40097,"[-0.22344399 -0.01738709 -0.04430059 -0.03937041  0.00479374 -0.17221438
  0.00674944 -0.01664045 -0.09659949  0.00028573 -0.0256974  -0.0387124
  0.04817404]",[0.26517404],4.30339583436975
04,40103,"[-0.22344399 -0.01738709 -0.04430059 -0.03937041  0.00479374 -0.17221438
  0.00674944 -0.01664045 -0.09659949  0.00028573 -0.0256974  -0.0387124
  0.04817404]",[-0.30981299],-3.616378186169896
04,40101,"[-0.22344399 -0.01738709 -0.04430059 -0.03937041  0.00479374 -0.17221438
  0.00674944 -0.01664045 -0.09659949  0.00028573 -0.0256974  -0.0387124
  0.04817404]",[-0.01844184],0.3969186738764119
04,40105,"[-0.22344399 -0.01738709 -0.04430059 -0.03937041  0.00479374 -0.17221438
  0.00674944 -0.01664045 -0.09659949  0.00028573 -0.0256974  -0.0387124
  0.04817404]",[-0.17946039],-1.8209235401005766
04,40107,"[-0.22344399 -0.01738709 -0.04430059 -0.03937041  0.00479374 -0.17221438
  0.00674944 -0.01664045 -0.09659949  0.00028573 -0.0256974  -0.0387124
  0.04817404]",[-0.46098458],-5.698590082242259
04,40109,"[-0.22344399 -0.01738709 -0.04430059 -0.03937041  0.00479374 -0.17221438
  0.00674944 -0.01664045 -0.09659949  0.00028573 -0.0256974  -0.0387124
  0.04817404]",[0.00946513],0.7813046500885722
04,40111,"[-0.22344399 -0.01738709 -0.04430059 -0.03937041  0.00479374 -0.17221438
  0.00674944 -0.01664045 -0.09659949  0.00028573 -0.0256974  -0.0387124
  0.04817404]",[-0.08577326],-0.5304928582814601
04,40113,"[-0.22344399 -0.01738709 -0.04430059 -0.03937041  0.00479374 -0.17221438
  0.00674944 -0.01664045 -0.09659949  0.00028573 -0.0256974  -0.0387124
  0.04817404]",[-0.12004434],-1.0025368529058785
04,40115,"[-0.22344399 -0.01738709 -0.04430059 -0.03937041  0.00479374 -0.17221438
  0.00674944 -0.01664045 -0.09659949  0.00028573 -0.0256974  -0.0387124
  0.04817404]",[-0.07218802],-0.34337206415616617
04,40117,"[-0.22344399 -0.01738709 -0.04430059 -0.03937041  0.00479374 -0.17221438
  0.00674944 -0.01664045 -0.09659949  0.00028573 -0.0256974  -0.0387124
  0.04817404]",[0.20170616],3.429199990715395
04,40119,"[-0.22344399 -0.01738709 -0.04430059 -0.03937041  0.00479374 -0.17221438
  0.00674944 -0.01664045 -0.09659949  0.00028573 -0.0256974  -0.0387124
  0.04817404]",[0.00727339],0.7511158927839353
04,40121,"[-0.22344399 -0.01738709 -0.04430059 -0.03937041  0.00479374 -0.17221438
  0.00674944 -0.01664045 -0.09659949  0.00028573 -0.0256974  -0.0387124
  0.04817404]",[-0.10417537],-0.7839604299118114
04,40123,"[-0.22344399 -0.01738709 -0.04430059 -0.03937041  0.00479374 -0.17221438
  0.00674944 -0.01664045 -0.09659949  0.00028573 -0.0256974  -0.0387124
  0.04817404]",[-0.11871062],-0.9841664197105443
04,40125,"[-0.22344399 -0.01738709 -0.04430059 -0.03937041  0.00479374 -0.17221438
  0.00674944 -0.01664045 -0.09659949  0.00028573 -0.0256974  -0.0387124
  0.04817404]",[-0.04515181],0.029020163299026975
04,40131,"[-0.22344399 -0.01738709 -0.04430059 -0.03937041  0.00479374 -0.17221438
  0.00674944 -0.01664045 -0.09659949  0.00028573 -0.0256974  -0.0387124
  0.04817404]",[-0.05176869],-0.062119671287431774
04,40133,"[-0.22344399 -0.01738709 -0.04430059 -0.03937041  0.00479374 -0.17221438
  0.00674944 -0.01664045 -0.09659949  0.00028573 -0.0256974  -0.0387124
  0.04817404]",[-0.0289227],0.252557137913497
04,40135,"[-0.22344399 -0.01738709 -0.04430059 -0.03937041  0.00479374 -0.17221438
  0.00674944 -0.01664045 -0.09659949  0.00028573 -0.0256974  -0.0387124
  0.04817404]",[-0.07111024],-0.3285269684268453
04,40137,"[-0.22344399 -0.01738709 -0.04430059 -0.03937041  0.00479374 -0.17221438
  0.00674944 -0.01664045 -0.09659949  0.00028573 -0.0256974  -0.0387124
  0.04817404]",[-0.1457911],-1.3571684019579746
04,40139,"[-0.22344399 -0.01738709 -0.04430059 -0.03937041  0.00479374 -0.17221438
  0.00674944 -0.01664045 -0.09659949  0.00028573 -0.0256974  -0.0387124
  0.04817404]",[-0.41151526],-5.017207960047966
04,40141,"[-0.22344399 -0.01738709 -0.04430059 -0.03937041  0.00479374 -0.17221438
  0.00674944 -0.01664045 -0.09659949  0.00028573 -0.0256974  -0.0387124
  0.04817404]",[-0.16094941],-1.5659564296053663
04,40143,"[-0.22344399 -0.01738709 -0.04430059 -0.03937041  0.00479374 -0.17221438
  0.00674944 -0.01664045 -0.09659949  0.00028573 -0.0256974  -0.0387124
  0.04817404]",[-0.00401255],0.5956653101704058
04,40145,"[-0.22344399 -0.01738709 -0.04430059 -0.03937041  0.00479374 -0.17221438
  0.00674944 -0.01664045 -0.09659949  0.00028573 -0.0256974  -0.0387124
  0.04817404]",[-0.08161997],-0.47328608410501344
04,40147,"[-0.22344399 -0.01738709 -0.04430059 -0.03937041  0.00479374 -0.17221438
  0.00674944 -0.01664045 -0.09659949  0.00028573 -0.0256974  -0.0387124
  0.04817404]",[-0.05936667],-0.1667729287173222
04,40149,"[-0.22344399 -0.01738709 -0.04430059 -0.03937041  0.00479374 -0.17221438
  0.00674944 -0.01664045 -0.09659949  0.00028573 -0.0256974  -0.0387124
  0.04817404]",[-0.34327418],-4.077266886495733
04,40153,"[-0.22344399 -0.01738709 -0.04430059 -0.03937041  0.00479374 -0.17221438
  0.00674944 -0.01664045 -0.09659949  0.00028573 -0.0256974  -0.0387124
  0.04817404]",[-0.27488536],-3.1352908342249424
04,41001,"[-0.22344399 -0.01738709 -0.04430059 -0.03937041  0.00479374 -0.17221438
  0.00674944 -0.01664045 -0.09659949  0.00028573 -0.0256974  -0.0387124
  0.04817404]",[-0.13956364],-1.2713924901021059
04,41003,"[-0.22344399 -0.01738709 -0.04430059 -0.03937041  0.00479374 -0.17221438
  0.00674944 -0.01664045 -0.09659949  0.00028573 -0.0256974  -0.0387124
  0.04817404]",[-0.01675314],0.42017855371500396
04,41005,"[-0.22344399 -0.01738709 -0.04430059 -0.03937041  0.00479374 -0.17221438
  0.00674944 -0.01664045 -0.09659949  0.00028573 -0.0256974  -0.0387124
  0.04817404]",[-0.01091116],0.500645097565798
04,41007,"[-0.22344399 -0.01738709 -0.04430059 -0.03937041  0.00479374 -0.17221438
  0.00674944 -0.01664045 -0.09659949  0.00028573 -0.0256974  -0.0387124
  0.04817404]",[-0.03100721],0.2238454438025192
04,41009,"[-0.22344399 -0.01738709 -0.04430059 -0.03937041  0.00479374 -0.17221438
  0.00674944 -0.01664045 -0.09659949  0.00028573 -0.0256974  -0.0387124
  0.04817404]",[-0.08690037],-0.5460174983841614
04,41011,"[-0.22344399 -0.01738709 -0.04430059 -0.03937041  0.00479374 -0.17221438
  0.00674944 -0.01664045 -0.09659949  0.00028573 -0.0256974  -0.0387124
  0.04817404]",[-0.15718203],-1.5140651986937308
04,41013,"[-0.22344399 -0.01738709 -0.04430059 -0.03937041  0.00479374 -0.17221438
  0.00674944 -0.01664045 -0.09659949  0.00028573 -0.0256974  -0.0387124
  0.04817404]",[-0.45044349],-5.553398845984993
04,41015,"[-0.22344399 -0.01738709 -0.04430059 -0.03937041  0.00479374 -0.17221438
  0.00674944 -0.01664045 -0.09659949  0.00028573 -0.0256974  -0.0387124
  0.04817404]",[-0.25788145],-2.901081935210412
04,41017,"[-0.22344399 -0.01738709 -0.04430059 -0.03937041  0.00479374 -0.17221438
  0.00674944 -0.01664045 -0.09659949  0.00028573 -0.0256974  -0.0387124
  0.04817404]",[-0.03742769],0.13541081155648704
04,41019,"[-0.22344399 -0.01738709 -0.04430059 -0.03937041  0.00479374 -0.17221438
  0.00674944 -0.01664045 -0.09659949  0.00028573 -0.0256974  -0.0387124
  0.04817404]",[-0.01849107],0.3962405804141318
04,41027,"[-0.22344399 -0.01738709 -0.04430059 -0.03937041  0.00479374 -0.17221438
  0.00674944 -0.01664045 -0.09659949  0.00028573 -0.0256974  -0.0387124
  0.04817404]",[-0.42247784],-5.168204669940106
04,41029,"[-0.22344399 -0.01738709 -0.04430059 -0.03937041  0.00479374 -0.17221438
  0.00674944 -0.01664045 -0.09659949  0.00028573 -0.0256974  -0.0387124
  0.04817404]",[-0.03485325],0.1708707346358478
04,41031,"[-0.22344399 -0.01738709 -0.04430059 -0.03937041  0.00479374 -0.17221438
  0.00674944 -0.01664045 -0.09659949  0.00028573 -0.0256974  -0.0387124
  0.04817404]",[-0.3395407],-4.025842538568938
04,41033,"[-0.22344399 -0.01738709 -0.04430059 -0.03937041  0.00479374 -0.17221438
  0.00674944 -0.01664045 -0.09659949  0.00028573 -0.0256974  -0.0387124
  0.04817404]",[0.04178468],1.2264685641995952
04,41035,"[-0.22344399 -0.01738709 -0.04430059 -0.03937041  0.00479374 -0.17221438
  0.00674944 -0.01664045 -0.09659949  0.00028573 -0.0256974  -0.0387124
  0.04817404]",[-0.01555584],0.4366700270673654
04,41039,"[-0.22344399 -0.01738709 -0.04430059 -0.03937041  0.00479374 -0.17221438
  0.00674944 -0.01664045 -0.09659949  0.00028573 -0.0256974  -0.0387124
  0.04817404]",[-0.01489516],0.44577010184104254
04,41041,"[-0.22344399 -0.01738709 -0.04430059 -0.03937041  0.00479374 -0.17221438
  0.00674944 -0.01664045 -0.09659949  0.00028573 -0.0256974  -0.0387124
  0.04817404]",[-0.06711115],-0.273444077254386
04,41043,"[-0.22344399 -0.01738709 -0.04430059 -0.03937041  0.00479374 -0.17221438
  0.00674944 -0.01664045 -0.09659949  0.00028573 -0.0256974  -0.0387124
  0.04817404]",[-0.0564538],-0.1266515689479499
04,41045,"[-0.22344399 -0.01738709 -0.04430059 -0.03937041  0.00479374 -0.17221438
  0.00674944 -0.01664045 -0.09659949  0.00028573 -0.0256974  -0.0387124
  0.04817404]",[-0.14686321],-1.3719354299521485
04,41047,"[-0.22344399 -0.01738709 -0.04430059 -0.03937041  0.00479374 -0.17221438
  0.00674944 -0.01664045 -0.09659949  0.00028573 -0.0256974  -0.0387124
  0.04817404]",[-0.00610746],0.5668104044083389
04,41051,"[-0.22344399 -0.01738709 -0.04430059 -0.03937041  0.00479374 -0.17221438
  0.00674944 -0.01664045 -0.09659949  0.00028573 -0.0256974  -0.0387124
  0.04817404]",[0.02430189],0.9856636812583999
04,41053,"[-0.22344399 -0.01738709 -0.04430059 -0.03937041  0.00479374 -0.17221438
  0.00674944 -0.01664045 -0.09659949  0.00028573 -0.0256974  -0.0387124
  0.04817404]",[-0.11230691],-0.8959628777287056
04,41057,"[-0.22344399 -0.01738709 -0.04430059 -0.03937041  0.00479374 -0.17221438
  0.00674944 -0.01664045 -0.09659949  0.00028573 -0.0256974  -0.0387124
  0.04817404]",[-0.13132381],-1.1578983597839756
04,41059,"[-0.22344399 -0.01738709 -0.04430059 -0.03937041  0.00479374 -0.17221438
  0.00674944 -0.01664045 -0.09659949  0.00028573 -0.0256974  -0.0387124
  0.04817404]",[-0.09226609],-0.6199240598776957
04,41061,"[-0.22344399 -0.01738709 -0.04430059 -0.03937041  0.00479374 -0.17221438
  0.00674944 -0.01664045 -0.09659949  0.00028573 -0.0256974  -0.0387124
  0.04817404]",[-0.16260304],-1.5887332836586137
04,41065,"[-0.22344399 -0.01738709 -0.04430059 -0.03937041  0.00479374 -0.17221438
  0.00674944 -0.01664045 -0.09659949  0.00028573 -0.0256974  -0.0387124
  0.04817404]",[-0.02157581],0.3537519952946296
04,41067,"[-0.22344399 -0.01738709 -0.04430059 -0.03937041  0.00479374 -0.17221438
  0.00674944 -0.01664045 -0.09659949  0.00028573 -0.0256974  -0.0387124
  0.04817404]",[-0.01435402],0.45322367909257066
04,42001,"[-0.22344399 -0.01738709 -0.04430059 -0.03937041  0.00479374 -0.17221438
  0.00674944 -0.01664045 -0.09659949  0.00028573 -0.0256974  -0.0387124
  0.04817404]",[-0.04732801],-0.0009544364438320933
04,41071,"[-0.22344399 -0.01738709 -0.04430059 -0.03937041  0.00479374 -0.17221438
  0.00674944 -0.01664045 -0.09659949  0.00028573 -0.0256974  -0.0387124
  0.04817404]",[-0.04523763],0.027838112876177955
04,42003,"[-0.22344399 -0.01738709 -0.04430059 -0.03937041  0.00479374 -0.17221438
  0.00674944 -0.01664045 -0.09659949  0.00028573 -0.0256974  -0.0387124
  0.04817404]",[0.00163699],0.6734810758378025
04,42005,"[-0.22344399 -0.01738709 -0.04430059 -0.03937041  0.00479374 -0.17221438
  0.00674944 -0.01664045 -0.09659949  0.00028573 -0.0256974  -0.0387124
  0.04817404]",[-0.017659],0.4077013771804488
04,42007,"[-0.22344399 -0.01738709 -0.04430059 -0.03937041  0.00479374 -0.17221438
  0.00674944 -0.01664045 -0.09659949  0.00028573 -0.0256974  -0.0387124
  0.04817404]",[-0.0441908],0.042256936727036856
04,42009,"[-0.22344399 -0.01738709 -0.04430059 -0.03937041  0.00479374 -0.17221438
  0.00674944 -0.01664045 -0.09659949  0.00028573 -0.0256974  -0.0387124
  0.04817404]",[-0.14479687],-1.3434740451752905
04,42011,"[-0.22344399 -0.01738709 -0.04430059 -0.03937041  0.00479374 -0.17221438
  0.00674944 -0.01664045 -0.09659949  0.00028573 -0.0256974  -0.0387124
  0.04817404]",[0.03014203],1.0661047114667144
04,42013,"[-0.22344399 -0.01738709 -0.04430059 -0.03937041  0.00479374 -0.17221438
  0.00674944 -0.01664045 -0.09659949  0.00028573 -0.0256974  -0.0387124
  0.04817404]",[0.04254592],1.2369537453984853
04,42015,"[-0.22344399 -0.01738709 -0.04430059 -0.03937041  0.00479374 -0.17221438
  0.00674944 -0.01664045 -0.09659949  0.00028573 -0.0256974  -0.0387124
  0.04817404]",[-0.15208072],-1.4438005862026002
04,42017,"[-0.22344399 -0.01738709 -0.04430059 -0.03937041  0.00479374 -0.17221438
  0.00674944 -0.01664045 -0.09659949  0.00028573 -0.0256974  -0.0387124
  0.04817404]",[-0.016031],0.43012521612444166
04,42019,"[-0.22344399 -0.01738709 -0.04430059 -0.03937041  0.00479374 -0.17221438
  0.00674944 -0.01664045 -0.09659949  0.00028573 -0.0256974  -0.0387124
  0.04817404]",[-0.01263501],0.47690096430612955
04,42021,"[-0.22344399 -0.01738709 -0.04430059 -0.03937041  0.00479374 -0.17221438
  0.00674944 -0.01664045 -0.09659949  0.00028573 -0.0256974  -0.0387124
  0.04817404]",[-0.00531659],0.5777037516310488
04,42025,"[-0.22344399 -0.01738709 -0.04430059 -0.03937041  0.00479374 -0.17221438
  0.00674944 -0.01664045 -0.09659949  0.00028573 -0.0256974  -0.0387124
  0.04817404]",[-0.09950544],-0.7196375330512118
04,42027,"[-0.22344399 -0.01738709 -0.04430059 -0.03937041  0.00479374 -0.17221438
  0.00674944 -0.01664045 -0.09659949  0.00028573 -0.0256974  -0.0387124
  0.04817404]",[-0.00838901],0.5353846335947723
04,42029,"[-0.22344399 -0.01738709 -0.04430059 -0.03937041  0.00479374 -0.17221438
  0.00674944 -0.01664045 -0.09659949  0.00028573 -0.0256974  -0.0387124
  0.04817404]",[-0.00747068],0.5480336156373725
04,42031,"[-0.22344399 -0.01738709 -0.04430059 -0.03937041  0.00479374 -0.17221438
  0.00674944 -0.01664045 -0.09659949  0.00028573 -0.0256974  -0.0387124
  0.04817404]",[-0.14709554],-1.3751354960717683
04,42035,"[-0.22344399 -0.01738709 -0.04430059 -0.03937041  0.00479374 -0.17221438
  0.00674944 -0.01664045 -0.09659949  0.00028573 -0.0256974  -0.0387124
  0.04817404]",[-0.13613045],-1.2241042815931946
04,42033,"[-0.22344399 -0.01738709 -0.04430059 -0.03937041  0.00479374 -0.17221438
  0.00674944 -0.01664045 -0.09659949  0.00028573 -0.0256974  -0.0387124
  0.04817404]",[0.12634956],2.3912509668618736
04,42037,"[-0.22344399 -0.01738709 -0.04430059 -0.03937041  0.00479374 -0.17221438
  0.00674944 -0.01664045 -0.09659949  0.00028573 -0.0256974  -0.0387124
  0.04817404]",[-0.10652159],-0.8162768998146025
04,42039,"[-0.22344399 -0.01738709 -0.04430059 -0.03937041  0.00479374 -0.17221438
  0.00674944 -0.01664045 -0.09659949  0.00028573 -0.0256974  -0.0387124
  0.04817404]",[-0.11047174],-0.8706855598441577
04,42041,"[-0.22344399 -0.01738709 -0.04430059 -0.03937041  0.00479374 -0.17221438
  0.00674944 -0.01664045 -0.09659949  0.00028573 -0.0256974  -0.0387124
  0.04817404]",[0.0185538],0.9064903883747057
04,42043,"[-0.22344399 -0.01738709 -0.04430059 -0.03937041  0.00479374 -0.17221438
  0.00674944 -0.01664045 -0.09659949  0.00028573 -0.0256974  -0.0387124
  0.04817404]",[-0.00637766],0.5630887493725074
04,42045,"[-0.22344399 -0.01738709 -0.04430059 -0.03937041  0.00479374 -0.17221438
  0.00674944 -0.01664045 -0.09659949  0.00028573 -0.0256974  -0.0387124
  0.04817404]",[0.00323676],0.6955160596113719
04,42047,"[-0.22344399 -0.01738709 -0.04430059 -0.03937041  0.00479374 -0.17221438
  0.00674944 -0.01664045 -0.09659949  0.00028573 -0.0256974  -0.0387124
  0.04817404]",[-0.02555266],0.2989754749012989
04,42049,"[-0.22344399 -0.01738709 -0.04430059 -0.03937041  0.00479374 -0.17221438
  0.00674944 -0.01664045 -0.09659949  0.00028573 -0.0256974  -0.0387124
  0.04817404]",[-0.01313266],0.4700464571380391
04,42051,"[-0.22344399 -0.01738709 -0.04430059 -0.03937041  0.00479374 -0.17221438
  0.00674944 -0.01664045 -0.09659949  0.00028573 -0.0256974  -0.0387124
  0.04817404]",[-0.02819895],0.2625259002950808
04,42055,"[-0.22344399 -0.01738709 -0.04430059 -0.03937041  0.00479374 -0.17221438
  0.00674944 -0.01664045 -0.09659949  0.00028573 -0.0256974  -0.0387124
  0.04817404]",[-0.06556364],-0.2521289244684054
04,42059,"[-0.22344399 -0.01738709 -0.04430059 -0.03937041  0.00479374 -0.17221438
  0.00674944 -0.01664045 -0.09659949  0.00028573 -0.0256974  -0.0387124
  0.04817404]",[-0.13696676],-1.2356234929490701
04,42061,"[-0.22344399 -0.01738709 -0.04430059 -0.03937041  0.00479374 -0.17221438
  0.00674944 -0.01664045 -0.09659949  0.00028573 -0.0256974  -0.0387124
  0.04817404]",[-0.04426447],0.041242252092393565
04,42063,"[-0.22344399 -0.01738709 -0.04430059 -0.03937041  0.00479374 -0.17221438
  0.00674944 -0.01664045 -0.09659949  0.00028573 -0.0256974  -0.0387124
  0.04817404]",[-0.03297537],0.196736325984214
04,42065,"[-0.22344399 -0.01738709 -0.04430059 -0.03937041  0.00479374 -0.17221438
  0.00674944 -0.01664045 -0.09659949  0.00028573 -0.0256974  -0.0387124
  0.04817404]",[-0.01352059],0.464703147014233
04,42067,"[-0.22344399 -0.01738709 -0.04430059 -0.03937041  0.00479374 -0.17221438
  0.00674944 -0.01664045 -0.09659949  0.00028573 -0.0256974  -0.0387124
  0.04817404]",[-0.15317019],-1.4588067586810913
04,42069,"[-0.22344399 -0.01738709 -0.04430059 -0.03937041  0.00479374 -0.17221438
  0.00674944 -0.01664045 -0.09659949  0.00028573 -0.0256974  -0.0387124
  0.04817404]",[-0.02609368],0.29152351515012676
04,42071,"[-0.22344399 -0.01738709 -0.04430059 -0.03937041  0.00479374 -0.17221438
  0.00674944 -0.01664045 -0.09659949  0.00028573 -0.0256974  -0.0387124
  0.04817404]",[-0.00907219],0.5259747488408858
04,42073,"[-0.22344399 -0.01738709 -0.04430059 -0.03937041  0.00479374 -0.17221438
  0.00674944 -0.01664045 -0.09659949  0.00028573 -0.0256974  -0.0387124
  0.04817404]",[-0.0391088],0.11225548932478055
04,42075,"[-0.22344399 -0.01738709 -0.04430059 -0.03937041  0.00479374 -0.17221438
  0.00674944 -0.01664045 -0.09659949  0.00028573 -0.0256974  -0.0387124
  0.04817404]",[-0.02242056],0.3421164692228913
04,42077,"[-0.22344399 -0.01738709 -0.04430059 -0.03937041  0.00479374 -0.17221438
  0.00674944 -0.01664045 -0.09659949  0.00028573 -0.0256974  -0.0387124
  0.04817404]",[0.00297457],0.6919047131458491
04,42081,"[-0.22344399 -0.01738709 -0.04430059 -0.03937041  0.00479374 -0.17221438
  0.00674944 -0.01664045 -0.09659949  0.00028573 -0.0256974  -0.0387124
  0.04817404]",[-0.05718532],-0.13672734974539544
04,42079,"[-0.22344399 -0.01738709 -0.04430059 -0.03937041  0.00479374 -0.17221438
  0.00674944 -0.01664045 -0.09659949  0.00028573 -0.0256974  -0.0387124
  0.04817404]",[0.00353817],0.6996676344038314
04,42083,"[-0.22344399 -0.01738709 -0.04430059 -0.03937041  0.00479374 -0.17221438
  0.00674944 -0.01664045 -0.09659949  0.00028573 -0.0256974  -0.0387124
  0.04817404]",[-0.00314633],0.6075965100679167
04,42085,"[-0.22344399 -0.01738709 -0.04430059 -0.03937041  0.00479374 -0.17221438
  0.00674944 -0.01664045 -0.09659949  0.00028573 -0.0256974  -0.0387124
  0.04817404]",[-0.08414514],-0.5080673669593022
04,42087,"[-0.22344399 -0.01738709 -0.04430059 -0.03937041  0.00479374 -0.17221438
  0.00674944 -0.01664045 -0.09659949  0.00028573 -0.0256974  -0.0387124
  0.04817404]",[-0.143046],-1.3193579359874137
04,42089,"[-0.22344399 -0.01738709 -0.04430059 -0.03937041  0.00479374 -0.17221438
  0.00674944 -0.01664045 -0.09659949  0.00028573 -0.0256974  -0.0387124
  0.04817404]",[-0.0179972],0.403043122812979
04,42091,"[-0.22344399 -0.01738709 -0.04430059 -0.03937041  0.00479374 -0.17221438
  0.00674944 -0.01664045 -0.09659949  0.00028573 -0.0256974  -0.0387124
  0.04817404]",[-0.00201431],0.6231886930900136
04,42093,"[-0.22344399 -0.01738709 -0.04430059 -0.03937041  0.00479374 -0.17221438
  0.00674944 -0.01664045 -0.09659949  0.00028573 -0.0256974  -0.0387124
  0.04817404]",[-0.45285153],-5.586566761799873
04,42095,"[-0.22344399 -0.01738709 -0.04430059 -0.03937041  0.00479374 -0.17221438
  0.00674944 -0.01664045 -0.09659949  0.00028573 -0.0256974  -0.0387124
  0.04817404]",[-0.02739851],0.2735510108649033
04,42099,"[-0.22344399 -0.01738709 -0.04430059 -0.03937041  0.00479374 -0.17221438
  0.00674944 -0.01664045 -0.09659949  0.00028573 -0.0256974  -0.0387124
  0.04817404]",[-0.21032353],-2.2460272236386816
04,42097,"[-0.22344399 -0.01738709 -0.04430059 -0.03937041  0.00479374 -0.17221438
  0.00674944 -0.01664045 -0.09659949  0.00028573 -0.0256974  -0.0387124
  0.04817404]",[-0.06851491],-0.2927792469696652
04,42101,"[-0.22344399 -0.01738709 -0.04430059 -0.03937041  0.00479374 -0.17221438
  0.00674944 -0.01664045 -0.09659949  0.00028573 -0.0256974  -0.0387124
  0.04817404]",[-0.00514869],0.5800163211170662
04,42103,"[-0.22344399 -0.01738709 -0.04430059 -0.03937041  0.00479374 -0.17221438
  0.00674944 -0.01664045 -0.09659949  0.00028573 -0.0256974  -0.0387124
  0.04817404]",[-0.03634298],0.15035145072527656
04,42105,"[-0.22344399 -0.01738709 -0.04430059 -0.03937041  0.00479374 -0.17221438
  0.00674944 -0.01664045 -0.09659949  0.00028573 -0.0256974  -0.0387124
  0.04817404]",[-0.33836861],-4.009698485031446
04,42107,"[-0.22344399 -0.01738709 -0.04430059 -0.03937041  0.00479374 -0.17221438
  0.00674944 -0.01664045 -0.09659949  0.00028573 -0.0256974  -0.0387124
  0.04817404]",[-0.05537334],-0.11176944007241522
04,42109,"[-0.22344399 -0.01738709 -0.04430059 -0.03937041  0.00479374 -0.17221438
  0.00674944 -0.01664045 -0.09659949  0.00028573 -0.0256974  -0.0387124
  0.04817404]",[-0.02928338],0.24758919122941797
04,42111,"[-0.22344399 -0.01738709 -0.04430059 -0.03937041  0.00479374 -0.17221438
  0.00674944 -0.01664045 -0.09659949  0.00028573 -0.0256974  -0.0387124
  0.04817404]",[0.03516746],1.1353241027853735
04,42115,"[-0.22344399 -0.01738709 -0.04430059 -0.03937041  0.00479374 -0.17221438
  0.00674944 -0.01664045 -0.09659949  0.00028573 -0.0256974  -0.0387124
  0.04817404]",[-0.13092296],-1.1523771533333689
04,42117,"[-0.22344399 -0.01738709 -0.04430059 -0.03937041  0.00479374 -0.17221438
  0.00674944 -0.01664045 -0.09659949  0.00028573 -0.0256974  -0.0387124
  0.04817404]",[-0.1336204],-1.1895312839109162
04,42119,"[-0.22344399 -0.01738709 -0.04430059 -0.03937041  0.00479374 -0.17221438
  0.00674944 -0.01664045 -0.09659949  0.00028573 -0.0256974  -0.0387124
  0.04817404]",[-0.20595755],-2.1858909489755036
04,42121,"[-0.22344399 -0.01738709 -0.04430059 -0.03937041  0.00479374 -0.17221438
  0.00674944 -0.01664045 -0.09659949  0.00028573 -0.0256974  -0.0387124
  0.04817404]",[-0.11138547],-0.8832711175878921
04,42123,"[-0.22344399 -0.01738709 -0.04430059 -0.03937041  0.00479374 -0.17221438
  0.00674944 -0.01664045 -0.09659949  0.00028573 -0.0256974  -0.0387124
  0.04817404]",[-0.15980639],-1.550212597304548
04,42125,"[-0.22344399 -0.01738709 -0.04430059 -0.03937041  0.00479374 -0.17221438
  0.00674944 -0.01664045 -0.09659949  0.00028573 -0.0256974  -0.0387124
  0.04817404]",[0.04521849],1.2737653917352143
04,42127,"[-0.22344399 -0.01738709 -0.04430059 -0.03937041  0.00479374 -0.17221438
  0.00674944 -0.01664045 -0.09659949  0.00028573 -0.0256974  -0.0387124
  0.04817404]",[-0.1176054],-0.9689433161103312
04,42129,"[-0.22344399 -0.01738709 -0.04430059 -0.03937041  0.00479374 -0.17221438
  0.00674944 -0.01664045 -0.09659949  0.00028573 -0.0256974  -0.0387124
  0.04817404]",[-0.01236707],0.48059155645313284
04,42131,"[-0.22344399 -0.01738709 -0.04430059 -0.03937041  0.00479374 -0.17221438
  0.00674944 -0.01664045 -0.09659949  0.00028573 -0.0256974  -0.0387124
  0.04817404]",[-0.19370912],-2.0171830658799927
04,42133,"[-0.22344399 -0.01738709 -0.04430059 -0.03937041  0.00479374 -0.17221438
  0.00674944 -0.01664045 -0.09659949  0.00028573 -0.0256974  -0.0387124
  0.04817404]",[-0.01212176],0.4839704450379571
04,44001,"[-0.22344399 -0.01738709 -0.04430059 -0.03937041  0.00479374 -0.17221438
  0.00674944 -0.01664045 -0.09659949  0.00028573 -0.0256974  -0.0387124
  0.04817404]",[-0.14221103],-1.3078570930801712
04,44003,"[-0.22344399 -0.01738709 -0.04430059 -0.03937041  0.00479374 -0.17221438
  0.00674944 -0.01664045 -0.09659949  0.00028573 -0.0256974  -0.0387124
  0.04817404]",[-0.03379345],0.18546824608052814
04,44005,"[-0.22344399 -0.01738709 -0.04430059 -0.03937041  0.00479374 -0.17221438
  0.00674944 -0.01664045 -0.09659949  0.00028573 -0.0256974  -0.0387124
  0.04817404]",[0.0812075],1.7694718078158913
04,44007,"[-0.22344399 -0.01738709 -0.04430059 -0.03937041  0.00479374 -0.17221438
  0.00674944 -0.01664045 -0.09659949  0.00028573 -0.0256974  -0.0387124
  0.04817404]",[0.03231804],1.0960767613051468
04,44009,"[-0.22344399 -0.01738709 -0.04430059 -0.03937041  0.00479374 -0.17221438
  0.00674944 -0.01664045 -0.09659949  0.00028573 -0.0256974  -0.0387124
  0.04817404]",[0.11662364],2.2572877937891307
04,45001,"[-0.22344399 -0.01738709 -0.04430059 -0.03937041  0.00479374 -0.17221438
  0.00674944 -0.01664045 -0.09659949  0.00028573 -0.0256974  -0.0387124
  0.04817404]",[-0.19369059],-2.0169278502276606
04,45003,"[-0.22344399 -0.01738709 -0.04430059 -0.03937041  0.00479374 -0.17221438
  0.00674944 -0.01664045 -0.09659949  0.00028573 -0.0256974  -0.0387124
  0.04817404]",[-0.03554],0.16141159266320015
04,45007,"[-0.22344399 -0.01738709 -0.04430059 -0.03937041  0.00479374 -0.17221438
  0.00674944 -0.01664045 -0.09659949  0.00028573 -0.0256974  -0.0387124
  0.04817404]",[-0.01908774],0.3880222683359357
04,45009,"[-0.22344399 -0.01738709 -0.04430059 -0.03937041  0.00479374 -0.17221438
  0.00674944 -0.01664045 -0.09659949  0.00028573 -0.0256974  -0.0387124
  0.04817404]",[-0.35811449],-4.281674829831951
04,45011,"[-0.22344399 -0.01738709 -0.04430059 -0.03937041  0.00479374 -0.17221438
  0.00674944 -0.01664045 -0.09659949  0.00028573 -0.0256974  -0.0387124
  0.04817404]",[-0.14435056],-1.3373266260812193
04,45013,"[-0.22344399 -0.01738709 -0.04430059 -0.03937041  0.00479374 -0.17221438
  0.00674944 -0.01664045 -0.09659949  0.00028573 -0.0256974  -0.0387124
  0.04817404]",[-0.00329901],0.605493507788768
04,45015,"[-0.22344399 -0.01738709 -0.04430059 -0.03937041  0.00479374 -0.17221438
  0.00674944 -0.01664045 -0.09659949  0.00028573 -0.0256974  -0.0387124
  0.04817404]",[-0.04444334],0.03877850880884503
04,45019,"[-0.22344399 -0.01738709 -0.04430059 -0.03937041  0.00479374 -0.17221438
  0.00674944 -0.01664045 -0.09659949  0.00028573 -0.0256974  -0.0387124
  0.04817404]",[0.03884719],1.1860081134998743
04,45021,"[-0.22344399 -0.01738709 -0.04430059 -0.03937041  0.00479374 -0.17221438
  0.00674944 -0.01664045 -0.09659949  0.00028573 -0.0256974  -0.0387124
  0.04817404]",[-0.13016374],-1.141919879690514
04,45023,"[-0.22344399 -0.01738709 -0.04430059 -0.03937041  0.00479374 -0.17221438
  0.00674944 -0.01664045 -0.09659949  0.00028573 -0.0256974  -0.0387124
  0.04817404]",[-0.1446571],-1.3415488672400955
04,45027,"[-0.22344399 -0.01738709 -0.04430059 -0.03937041  0.00479374 -0.17221438
  0.00674944 -0.01664045 -0.09659949  0.00028573 -0.0256974  -0.0387124
  0.04817404]",[0.08429843],1.8120458630204404
04,45025,"[-0.22344399 -0.01738709 -0.04430059 -0.03937041  0.00479374 -0.17221438
  0.00674944 -0.01664045 -0.09659949  0.00028573 -0.0256974  -0.0387124
  0.04817404]",[-0.13840611],-1.255448765856035
04,45029,"[-0.22344399 -0.01738709 -0.04430059 -0.03937041  0.00479374 -0.17221438
  0.00674944 -0.01664045 -0.09659949  0.00028573 -0.0256974  -0.0387124
  0.04817404]",[-0.1671252],-1.6510206919901391
04,45031,"[-0.22344399 -0.01738709 -0.04430059 -0.03937041  0.00479374 -0.17221438
  0.00674944 -0.01664045 -0.09659949  0.00028573 -0.0256974  -0.0387124
  0.04817404]",[-0.07348227],-0.3611988636244765
04,45033,"[-0.22344399 -0.01738709 -0.04430059 -0.03937041  0.00479374 -0.17221438
  0.00674944 -0.01664045 -0.09659949  0.00028573 -0.0256974  -0.0387124
  0.04817404]",[-0.29816816],-3.455984216032924
04,45035,"[-0.22344399 -0.01738709 -0.04430059 -0.03937041  0.00479374 -0.17221438
  0.00674944 -0.01664045 -0.09659949  0.00028573 -0.0256974  -0.0387124
  0.04817404]",[-0.08644652],-0.5397661704231747
04,45037,"[-0.22344399 -0.01738709 -0.04430059 -0.03937041  0.00479374 -0.17221438
  0.00674944 -0.01664045 -0.09659949  0.00028573 -0.0256974  -0.0387124
  0.04817404]",[-0.35005525],-4.170668198534336
04,45039,"[-0.22344399 -0.01738709 -0.04430059 -0.03937041  0.00479374 -0.17221438
  0.00674944 -0.01664045 -0.09659949  0.00028573 -0.0256974  -0.0387124
  0.04817404]",[-0.17031387],-1.6949409534418587
04,45043,"[-0.22344399 -0.01738709 -0.04430059 -0.03937041  0.00479374 -0.17221438
  0.00674944 -0.01664045 -0.09659949  0.00028573 -0.0256974  -0.0387124
  0.04817404]",[-0.11714965],-0.9626659237130758
04,45041,"[-0.22344399 -0.01738709 -0.04430059 -0.03937041  0.00479374 -0.17221438
  0.00674944 -0.01664045 -0.09659949  0.00028573 -0.0256974  -0.0387124
  0.04817404]",[-0.03667569],0.14576871833812036
04,45045,"[-0.22344399 -0.01738709 -0.04430059 -0.03937041  0.00479374 -0.17221438
  0.00674944 -0.01664045 -0.09659949  0.00028573 -0.0256974  -0.0387124
  0.04817404]",[-0.01172971],0.4893704399995965
04,45049,"[-0.22344399 -0.01738709 -0.04430059 -0.03937041  0.00479374 -0.17221438
  0.00674944 -0.01664045 -0.09659949  0.00028573 -0.0256974  -0.0387124
  0.04817404]",[-0.21863728],-2.3605393901683605
04,45047,"[-0.22344399 -0.01738709 -0.04430059 -0.03937041  0.00479374 -0.17221438
  0.00674944 -0.01664045 -0.09659949  0.00028573 -0.0256974  -0.0387124
  0.04817404]",[-0.02707506],0.2780061480574499
04,45053,"[-0.22344399 -0.01738709 -0.04430059 -0.03937041  0.00479374 -0.17221438
  0.00674944 -0.01664045 -0.09659949  0.00028573 -0.0256974  -0.0387124
  0.04817404]",[-0.26427092],-2.9890894410319793
04,45051,"[-0.22344399 -0.01738709 -0.04430059 -0.03937041  0.00479374 -0.17221438
  0.00674944 -0.01664045 -0.09659949  0.00028573 -0.0256974  -0.0387124
  0.04817404]",[-0.02455681],0.3126920903276559
04,45055,"[-0.22344399 -0.01738709 -0.04430059 -0.03937041  0.00479374 -0.17221438
  0.00674944 -0.01664045 -0.09659949  0.00028573 -0.0256974  -0.0387124
  0.04817404]",[-0.07506981],-0.38306539316468163
04,45057,"[-0.22344399 -0.01738709 -0.04430059 -0.03937041  0.00479374 -0.17221438
  0.00674944 -0.01664045 -0.09659949  0.00028573 -0.0256974  -0.0387124
  0.04817404]",[-0.0829788],-0.4920024733989385
04,45059,"[-0.22344399 -0.01738709 -0.04430059 -0.03937041  0.00479374 -0.17221438
  0.00674944 -0.01664045 -0.09659949  0.00028573 -0.0256974  -0.0387124
  0.04817404]",[-0.07246718],-0.34721721087618773
04,45061,"[-0.22344399 -0.01738709 -0.04430059 -0.03937041  0.00479374 -0.17221438
  0.00674944 -0.01664045 -0.09659949  0.00028573 -0.0256974  -0.0387124
  0.04817404]",[-0.16753849],-1.6567133427230316
04,45063,"[-0.22344399 -0.01738709 -0.04430059 -0.03937041  0.00479374 -0.17221438
  0.00674944 -0.01664045 -0.09659949  0.00028573 -0.0256974  -0.0387124
  0.04817404]",[-0.02908625],0.2503043799512021
04,45067,"[-0.22344399 -0.01738709 -0.04430059 -0.03937041  0.00479374 -0.17221438
  0.00674944 -0.01664045 -0.09659949  0.00028573 -0.0256974  -0.0387124
  0.04817404]",[-0.15585983],-1.495853343793467
04,45069,"[-0.22344399 -0.01738709 -0.04430059 -0.03937041  0.00479374 -0.17221438
  0.00674944 -0.01664045 -0.09659949  0.00028573 -0.0256974  -0.0387124
  0.04817404]",[-0.03293552],0.19728521653622852
04,45073,"[-0.22344399 -0.01738709 -0.04430059 -0.03937041  0.00479374 -0.17221438
  0.00674944 -0.01664045 -0.09659949  0.00028573 -0.0256974  -0.0387124
  0.04817404]",[-0.08773621],-0.5575302482028573
04,45071,"[-0.22344399 -0.01738709 -0.04430059 -0.03937041  0.00479374 -0.17221438
  0.00674944 -0.01664045 -0.09659949  0.00028573 -0.0256974  -0.0387124
  0.04817404]",[-0.21040577],-2.2471598809723927
04,45075,"[-0.22344399 -0.01738709 -0.04430059 -0.03937041  0.00479374 -0.17221438
  0.00674944 -0.01664045 -0.09659949  0.00028573 -0.0256974  -0.0387124
  0.04817404]",[-0.06644993],-0.26433659821538796
04,45077,"[-0.22344399 -0.01738709 -0.04430059 -0.03937041  0.00479374 -0.17221438
  0.00674944 -0.01664045 -0.09659949  0.00028573 -0.0256974  -0.0387124
  0.04817404]",[0.09759258],1.995157142319617
04,45079,"[-0.22344399 -0.01738709 -0.04430059 -0.03937041  0.00479374 -0.17221438
  0.00674944 -0.01664045 -0.09659949  0.00028573 -0.0256974  -0.0387124
  0.04817404]",[-0.00762296],0.545936091396149
04,45081,"[-0.22344399 -0.01738709 -0.04430059 -0.03937041  0.00479374 -0.17221438
  0.00674944 -0.01664045 -0.09659949  0.00028573 -0.0256974  -0.0387124
  0.04817404]",[-0.30873177],-3.6014856530897132
04,45083,"[-0.22344399 -0.01738709 -0.04430059 -0.03937041  0.00479374 -0.17221438
  0.00674944 -0.01664045 -0.09659949  0.00028573 -0.0256974  -0.0387124
  0.04817404]",[-0.02970392],0.24179677538882705
04,45085,"[-0.22344399 -0.01738709 -0.04430059 -0.03937041  0.00479374 -0.17221438
  0.00674944 -0.01664045 -0.09659949  0.00028573 -0.0256974  -0.0387124
  0.04817404]",[-0.06856302],-0.29344188909662855
04,45087,"[-0.22344399 -0.01738709 -0.04430059 -0.03937041  0.00479374 -0.17221438
  0.00674944 -0.01664045 -0.09659949  0.00028573 -0.0256974  -0.0387124
  0.04817404]",[-0.17053924],-1.698045064339241
04,45089,"[-0.22344399 -0.01738709 -0.04430059 -0.03937041  0.00479374 -0.17221438
  0.00674944 -0.01664045 -0.09659949  0.00028573 -0.0256974  -0.0387124
  0.04817404]",[-0.12868803],-1.1215936569518397
04,45091,"[-0.22344399 -0.01738709 -0.04430059 -0.03937041  0.00479374 -0.17221438
  0.00674944 -0.01664045 -0.09659949  0.00028573 -0.0256974  -0.0387124
  0.04817404]",[-0.0194366],0.3832170111377769
04,46005,"[-0.22344399 -0.01738709 -0.04430059 -0.03937041  0.00479374 -0.17221438
  0.00674944 -0.01664045 -0.09659949  0.00028573 -0.0256974  -0.0387124
  0.04817404]",[-0.18981764],-1.9635825590717917
04,46011,"[-0.22344399 -0.01738709 -0.04430059 -0.03937041  0.00479374 -0.17221438
  0.00674944 -0.01664045 -0.09659949  0.00028573 -0.0256974  -0.0387124
  0.04817404]",[-0.2491849],-2.7812970717593597
04,46013,"[-0.22344399 -0.01738709 -0.04430059 -0.03937041  0.00479374 -0.17221438
  0.00674944 -0.01664045 -0.09659949  0.00028573 -0.0256974  -0.0387124
  0.04817404]",[-0.17202995],-1.7185779073599197
04,46029,"[-0.22344399 -0.01738709 -0.04430059 -0.03937041  0.00479374 -0.17221438
  0.00674944 -0.01664045 -0.09659949  0.00028573 -0.0256974  -0.0387124
  0.04817404]",[-0.16217645],-1.582857489364509
04,46035,"[-0.22344399 -0.01738709 -0.04430059 -0.03937041  0.00479374 -0.17221438
  0.00674944 -0.01664045 -0.09659949  0.00028573 -0.0256974  -0.0387124
  0.04817404]",[-0.44947228],-5.540021592761328
04,46065,"[-0.22344399 -0.01738709 -0.04430059 -0.03937041  0.00479374 -0.17221438
  0.00674944 -0.01664045 -0.09659949  0.00028573 -0.0256974  -0.0387124
  0.04817404]",[-0.30636551],-3.56889310190895
04,46081,"[-0.22344399 -0.01738709 -0.04430059 -0.03937041  0.00479374 -0.17221438
  0.00674944 -0.01664045 -0.09659949  0.00028573 -0.0256974  -0.0387124
  0.04817404]",[-0.33772467],-4.000828870097344
04,46083,"[-0.22344399 -0.01738709 -0.04430059 -0.03937041  0.00479374 -0.17221438
  0.00674944 -0.01664045 -0.09659949  0.00028573 -0.0256974  -0.0387124
  0.04817404]",[-0.12738272],-1.1036144919978177
04,46093,"[-0.22344399 -0.01738709 -0.04430059 -0.03937041  0.00479374 -0.17221438
  0.00674944 -0.01664045 -0.09659949  0.00028573 -0.0256974  -0.0387124
  0.04817404]",[-0.25806156],-2.9035626771976193
04,46099,"[-0.22344399 -0.01738709 -0.04430059 -0.03937041  0.00479374 -0.17221438
  0.00674944 -0.01664045 -0.09659949  0.00028573 -0.0256974  -0.0387124
  0.04817404]",[-0.03945475],0.10749049924702274
04,46103,"[-0.22344399 -0.01738709 -0.04430059 -0.03937041  0.00479374 -0.17221438
  0.00674944 -0.01664045 -0.09659949  0.00028573 -0.0256974  -0.0387124
  0.04817404]",[-0.02332851],0.32961051429739346
04,46109,"[-0.22344399 -0.01738709 -0.04430059 -0.03937041  0.00479374 -0.17221438
  0.00674944 -0.01664045 -0.09659949  0.00028573 -0.0256974  -0.0387124
  0.04817404]",[-0.44075076],-5.419892783599144
04,46135,"[-0.22344399 -0.01738709 -0.04430059 -0.03937041  0.00479374 -0.17221438
  0.00674944 -0.01664045 -0.09659949  0.00028573 -0.0256974  -0.0387124
  0.04817404]",[-0.30357695],-3.5304839596233095
04,47001,"[-0.22344399 -0.01738709 -0.04430059 -0.03937041  0.00479374 -0.17221438
  0.00674944 -0.01664045 -0.09659949  0.00028573 -0.0256974  -0.0387124
  0.04817404]",[-0.01722914],0.41362228702222975
04,47005,"[-0.22344399 -0.01738709 -0.04430059 -0.03937041  0.00479374 -0.17221438
  0.00674944 -0.01664045 -0.09659949  0.00028573 -0.0256974  -0.0387124
  0.04817404]",[-0.19303135],-2.0078476653570374
04,47003,"[-0.22344399 -0.01738709 -0.04430059 -0.03937041  0.00479374 -0.17221438
  0.00674944 -0.01664045 -0.09659949  0.00028573 -0.0256974  -0.0387124
  0.04817404]",[-0.09476273],-0.6543123003317631
04,47009,"[-0.22344399 -0.01738709 -0.04430059 -0.03937041  0.00479374 -0.17221438
  0.00674944 -0.01664045 -0.09659949  0.00028573 -0.0256974  -0.0387124
  0.04817404]",[-0.0604266],-0.18137224848022288
04,47011,"[-0.22344399 -0.01738709 -0.04430059 -0.03937041  0.00479374 -0.17221438
  0.00674944 -0.01664045 -0.09659949  0.00028573 -0.0256974  -0.0387124
  0.04817404]",[0.02470514],0.991217954370278
04,47013,"[-0.22344399 -0.01738709 -0.04430059 -0.03937041  0.00479374 -0.17221438
  0.00674944 -0.01664045 -0.09659949  0.00028573 -0.0256974  -0.0387124
  0.04817404]",[-0.14979651],-1.4123382122058705
04,47017,"[-0.22344399 -0.01738709 -0.04430059 -0.03937041  0.00479374 -0.17221438
  0.00674944 -0.01664045 -0.09659949  0.00028573 -0.0256974  -0.0387124
  0.04817404]",[-0.13787862],-1.248183303617884
04,47019,"[-0.22344399 -0.01738709 -0.04430059 -0.03937041  0.00479374 -0.17221438
  0.00674944 -0.01664045 -0.09659949  0.00028573 -0.0256974  -0.0387124
  0.04817404]",[-0.02642236],0.2869964234266589
04,47021,"[-0.22344399 -0.01738709 -0.04430059 -0.03937041  0.00479374 -0.17221438
  0.00674944 -0.01664045 -0.09659949  0.00028573 -0.0256974  -0.0387124
  0.04817404]",[-0.21448518],-2.303348989263893
04,47025,"[-0.22344399 -0.01738709 -0.04430059 -0.03937041  0.00479374 -0.17221438
  0.00674944 -0.01664045 -0.09659949  0.00028573 -0.0256974  -0.0387124
  0.04817404]",[0.05733425],1.4406457265883612
04,47029,"[-0.22344399 -0.01738709 -0.04430059 -0.03937041  0.00479374 -0.17221438
  0.00674944 -0.01664045 -0.09659949  0.00028573 -0.0256974  -0.0387124
  0.04817404]",[-0.11766674],-0.9697882956267034
04,47031,"[-0.22344399 -0.01738709 -0.04430059 -0.03937041  0.00479374 -0.17221438
  0.00674944 -0.01664045 -0.09659949  0.00028573 -0.0256974  -0.0387124
  0.04817404]",[-0.14636435],-1.365064305208458
04,47035,"[-0.22344399 -0.01738709 -0.04430059 -0.03937041  0.00479374 -0.17221438
  0.00674944 -0.01664045 -0.09659949  0.00028573 -0.0256974  -0.0387124
  0.04817404]",[-0.04556246],0.02336388848113501
04,47033,"[-0.22344399 -0.01738709 -0.04430059 -0.03937041  0.00479374 -0.17221438
  0.00674944 -0.01664045 -0.09659949  0.00028573 -0.0256974  -0.0387124
  0.04817404]",[-0.27983894],-3.203520684006347
04,47037,"[-0.22344399 -0.01738709 -0.04430059 -0.03937041  0.00479374 -0.17221438
  0.00674944 -0.01664045 -0.09659949  0.00028573 -0.0256974  -0.0387124
  0.04817404]",[0.01288869],0.8284601222370048
04,47039,"[-0.22344399 -0.01738709 -0.04430059 -0.03937041  0.00479374 -0.17221438
  0.00674944 -0.01664045 -0.09659949  0.00028573 -0.0256974  -0.0387124
  0.04817404]",[-0.36759643],-4.41227741898879
04,47043,"[-0.22344399 -0.01738709 -0.04430059 -0.03937041  0.00479374 -0.17221438
  0.00674944 -0.01664045 -0.09659949  0.00028573 -0.0256974  -0.0387124
  0.04817404]",[-0.11574425],-0.9433082310273773
04,47041,"[-0.22344399 -0.01738709 -0.04430059 -0.03937041  0.00479374 -0.17221438
  0.00674944 -0.01664045 -0.09659949  0.00028573 -0.0256974  -0.0387124
  0.04817404]",[-0.34940433],-4.161702554115449
04,47045,"[-0.22344399 -0.01738709 -0.04430059 -0.03937041  0.00479374 -0.17221438
  0.00674944 -0.01664045 -0.09659949  0.00028573 -0.0256974  -0.0387124
  0.04817404]",[-0.21827919],-2.355607125962952
04,47047,"[-0.22344399 -0.01738709 -0.04430059 -0.03937041  0.00479374 -0.17221438
  0.00674944 -0.01664045 -0.09659949  0.00028573 -0.0256974  -0.0387124
  0.04817404]",[-0.04303012],0.05824394149727386
04,47051,"[-0.22344399 -0.01738709 -0.04430059 -0.03937041  0.00479374 -0.17221438
  0.00674944 -0.01664045 -0.09659949  0.00028573 -0.0256974  -0.0387124
  0.04817404]",[-0.11122555],-0.8810683412784787
04,47049,"[-0.22344399 -0.01738709 -0.04430059 -0.03937041  0.00479374 -0.17221438
  0.00674944 -0.01664045 -0.09659949  0.00028573 -0.0256974  -0.0387124
  0.04817404]",[-0.47569244],-5.901173577618825
04,47053,"[-0.22344399 -0.01738709 -0.04430059 -0.03937041  0.00479374 -0.17221438
  0.00674944 -0.01664045 -0.09659949  0.00028573 -0.0256974  -0.0387124
  0.04817404]",[-0.05580402],-0.11770157602304869
04,47055,"[-0.22344399 -0.01738709 -0.04430059 -0.03937041  0.00479374 -0.17221438
  0.00674944 -0.01664045 -0.09659949  0.00028573 -0.0256974  -0.0387124
  0.04817404]",[-0.18106205],-1.8429845283740465
04,47057,"[-0.22344399 -0.01738709 -0.04430059 -0.03937041  0.00479374 -0.17221438
  0.00674944 -0.01664045 -0.09659949  0.00028573 -0.0256974  -0.0387124
  0.04817404]",[-0.24754061],-2.7586488797428244
04,47059,"[-0.22344399 -0.01738709 -0.04430059 -0.03937041  0.00479374 -0.17221438
  0.00674944 -0.01664045 -0.09659949  0.00028573 -0.0256974  -0.0387124
  0.04817404]",[-0.16629451],-1.6395789537047174
04,47061,"[-0.22344399 -0.01738709 -0.04430059 -0.03937041  0.00479374 -0.17221438
  0.00674944 -0.01664045 -0.09659949  0.00028573 -0.0256974  -0.0387124
  0.04817404]",[-0.48600079],-6.043159148265498
04,47063,"[-0.22344399 -0.01738709 -0.04430059 -0.03937041  0.00479374 -0.17221438
  0.00674944 -0.01664045 -0.09659949  0.00028573 -0.0256974  -0.0387124
  0.04817404]",[-0.10217305],-0.7563807234550552
04,47065,"[-0.22344399 -0.01738709 -0.04430059 -0.03937041  0.00479374 -0.17221438
  0.00674944 -0.01664045 -0.09659949  0.00028573 -0.0256974  -0.0387124
  0.04817404]",[0.00503867],0.7203352991916276
04,47069,"[-0.22344399 -0.01738709 -0.04430059 -0.03937041  0.00479374 -0.17221438
  0.00674944 -0.01664045 -0.09659949  0.00028573 -0.0256974  -0.0387124
  0.04817404]",[-0.1741585],-1.7478961513271227
04,47071,"[-0.22344399 -0.01738709 -0.04430059 -0.03937041  0.00479374 -0.17221438
  0.00674944 -0.01664045 -0.09659949  0.00028573 -0.0256974  -0.0387124
  0.04817404]",[-0.24395775],-2.7092992755524894
04,47073,"[-0.22344399 -0.01738709 -0.04430059 -0.03937041  0.00479374 -0.17221438
  0.00674944 -0.01664045 -0.09659949  0.00028573 -0.0256974  -0.0387124
  0.04817404]",[-0.16077572],-1.5635640561819808
04,47075,"[-0.22344399 -0.01738709 -0.04430059 -0.03937041  0.00479374 -0.17221438
  0.00674944 -0.01664045 -0.09659949  0.00028573 -0.0256974  -0.0387124
  0.04817404]",[-0.27576807],-3.1474491483792093
04,47079,"[-0.22344399 -0.01738709 -0.04430059 -0.03937041  0.00479374 -0.17221438
  0.00674944 -0.01664045 -0.09659949  0.00028573 -0.0256974  -0.0387124
  0.04817404]",[-0.01089413],0.50087955332355
04,47077,"[-0.22344399 -0.01738709 -0.04430059 -0.03937041  0.00479374 -0.17221438
  0.00674944 -0.01664045 -0.09659949  0.00028573 -0.0256974  -0.0387124
  0.04817404]",[-0.24986171],-2.7906194402400044
04,47081,"[-0.22344399 -0.01738709 -0.04430059 -0.03937041  0.00479374 -0.17221438
  0.00674944 -0.01664045 -0.09659949  0.00028573 -0.0256974  -0.0387124
  0.04817404]",[-0.18450667],-1.8904300963130505
04,47085,"[-0.22344399 -0.01738709 -0.04430059 -0.03937041  0.00479374 -0.17221438
  0.00674944 -0.01664045 -0.09659949  0.00028573 -0.0256974  -0.0387124
  0.04817404]",[-0.24614991],-2.7394937174893705
04,47087,"[-0.22344399 -0.01738709 -0.04430059 -0.03937041  0.00479374 -0.17221438
  0.00674944 -0.01664045 -0.09659949  0.00028573 -0.0256974  -0.0387124
  0.04817404]",[-0.34390843],-4.086002991784893
04,47089,"[-0.22344399 -0.01738709 -0.04430059 -0.03937041  0.00479374 -0.17221438
  0.00674944 -0.01664045 -0.09659949  0.00028573 -0.0256974  -0.0387124
  0.04817404]",[-0.20153309],-2.1249491946473684
04,47091,"[-0.22344399 -0.01738709 -0.04430059 -0.03937041  0.00479374 -0.17221438
  0.00674944 -0.01664045 -0.09659949  0.00028573 -0.0256974  -0.0387124
  0.04817404]",[-0.30532233],-3.554524611044339
04,47093,"[-0.22344399 -0.01738709 -0.04430059 -0.03937041  0.00479374 -0.17221438
  0.00674944 -0.01664045 -0.09659949  0.00028573 -0.0256974  -0.0387124
  0.04817404]",[-0.00040536],0.6453500820775586
04,47097,"[-0.22344399 -0.01738709 -0.04430059 -0.03937041  0.00479374 -0.17221438
  0.00674944 -0.01664045 -0.09659949  0.00028573 -0.0256974  -0.0387124
  0.04817404]",[-0.20407856],-2.1600100699547173
04,47099,"[-0.22344399 -0.01738709 -0.04430059 -0.03937041  0.00479374 -0.17221438
  0.00674944 -0.01664045 -0.09659949  0.00028573 -0.0256974  -0.0387124
  0.04817404]",[-0.11610235],-0.9482406113114851
04,47103,"[-0.22344399 -0.01738709 -0.04430059 -0.03937041  0.00479374 -0.17221438
  0.00674944 -0.01664045 -0.09659949  0.00028573 -0.0256974  -0.0387124
  0.04817404]",[-0.14193528],-1.3040590605540014
04,47105,"[-0.22344399 -0.01738709 -0.04430059 -0.03937041  0.00479374 -0.17221438
  0.00674944 -0.01664045 -0.09659949  0.00028573 -0.0256974  -0.0387124
  0.04817404]",[-0.19132474],-1.9843410782978317
04,47107,"[-0.22344399 -0.01738709 -0.04430059 -0.03937041  0.00479374 -0.17221438
  0.00674944 -0.01664045 -0.09659949  0.00028573 -0.0256974  -0.0387124
  0.04817404]",[-0.0950946],-0.6588834188580893
04,47109,"[-0.22344399 -0.01738709 -0.04430059 -0.03937041  0.00479374 -0.17221438
  0.00674944 -0.01664045 -0.09659949  0.00028573 -0.0256974  -0.0387124
  0.04817404]",[-0.18591552],-1.909835410432232
04,47111,"[-0.22344399 -0.01738709 -0.04430059 -0.03937041  0.00479374 -0.17221438
  0.00674944 -0.01664045 -0.09659949  0.00028573 -0.0256974  -0.0387124
  0.04817404]",[-0.39027472],-4.724644432490846
04,47113,"[-0.22344399 -0.01738709 -0.04430059 -0.03937041  0.00479374 -0.17221438
  0.00674944 -0.01664045 -0.09659949  0.00028573 -0.0256974  -0.0387124
  0.04817404]",[-0.02646264],0.2864415118628214
04,47117,"[-0.22344399 -0.01738709 -0.04430059 -0.03937041  0.00479374 -0.17221438
  0.00674944 -0.01664045 -0.09659949  0.00028573 -0.0256974  -0.0387124
  0.04817404]",[0.01622655],0.8744352778970281
04,47115,"[-0.22344399 -0.01738709 -0.04430059 -0.03937041  0.00479374 -0.17221438
  0.00674944 -0.01664045 -0.09659949  0.00028573 -0.0256974  -0.0387124
  0.04817404]",[-0.17500288],-1.7595264974240632
04,47119,"[-0.22344399 -0.01738709 -0.04430059 -0.03937041  0.00479374 -0.17221438
  0.00674944 -0.01664045 -0.09659949  0.00028573 -0.0256974  -0.0387124
  0.04817404]",[-0.09349093],-0.6367947027140819
04,47123,"[-0.22344399 -0.01738709 -0.04430059 -0.03937041  0.00479374 -0.17221438
  0.00674944 -0.01664045 -0.09659949  0.00028573 -0.0256974  -0.0387124
  0.04817404]",[-0.15971776],-1.5489919483958856
04,47125,"[-0.22344399 -0.01738709 -0.04430059 -0.03937041  0.00479374 -0.17221438
  0.00674944 -0.01664045 -0.09659949  0.00028573 -0.0256974  -0.0387124
  0.04817404]",[-0.03642866],0.1491713605480381
04,47129,"[-0.22344399 -0.01738709 -0.04430059 -0.03937041  0.00479374 -0.17221438
  0.00674944 -0.01664045 -0.09659949  0.00028573 -0.0256974  -0.0387124
  0.04817404]",[-0.31403183],-3.674487747601246
04,47131,"[-0.22344399 -0.01738709 -0.04430059 -0.03937041  0.00479374 -0.17221438
  0.00674944 -0.01664045 -0.09659949  0.00028573 -0.0256974  -0.0387124
  0.04817404]",[-0.06852399],-0.29290429873593876
04,47133,"[-0.22344399 -0.01738709 -0.04430059 -0.03937041  0.00479374 -0.17221438
  0.00674944 -0.01664045 -0.09659949  0.00028573 -0.0256974  -0.0387124
  0.04817404]",[-0.13878747],-1.2607015756473376
04,47139,"[-0.22344399 -0.01738709 -0.04430059 -0.03937041  0.00479374 -0.17221438
  0.00674944 -0.01664045 -0.09659949  0.00028573 -0.0256974  -0.0387124
  0.04817404]",[-0.28708802],-3.303368337810743
04,47141,"[-0.22344399 -0.01738709 -0.04430059 -0.03937041  0.00479374 -0.17221438
  0.00674944 -0.01664045 -0.09659949  0.00028573 -0.0256974  -0.0387124
  0.04817404]",[-0.09807347],-0.6999138491360685
04,47145,"[-0.22344399 -0.01738709 -0.04430059 -0.03937041  0.00479374 -0.17221438
  0.00674944 -0.01664045 -0.09659949  0.00028573 -0.0256974  -0.0387124
  0.04817404]",[-0.12295119],-1.042575424721172
04,47143,"[-0.22344399 -0.01738709 -0.04430059 -0.03937041  0.00479374 -0.17221438
  0.00674944 -0.01664045 -0.09659949  0.00028573 -0.0256974  -0.0387124
  0.04817404]",[-0.20301406],-2.1453478064528455
04,47147,"[-0.22344399 -0.01738709 -0.04430059 -0.03937041  0.00479374 -0.17221438
  0.00674944 -0.01664045 -0.09659949  0.00028573 -0.0256974  -0.0387124
  0.04817404]",[0.00666701],0.7427638074224088
04,47149,"[-0.22344399 -0.01738709 -0.04430059 -0.03937041  0.00479374 -0.17221438
  0.00674944 -0.01664045 -0.09659949  0.00028573 -0.0256974  -0.0387124
  0.04817404]",[0.01028135],0.7925470650248813
04,47151,"[-0.22344399 -0.01738709 -0.04430059 -0.03937041  0.00479374 -0.17221438
  0.00674944 -0.01664045 -0.09659949  0.00028573 -0.0256974  -0.0387124
  0.04817404]",[-0.20595723],-2.185886518522058
04,47155,"[-0.22344399 -0.01738709 -0.04430059 -0.03937041  0.00479374 -0.17221438
  0.00674944 -0.01664045 -0.09659949  0.00028573 -0.0256974  -0.0387124
  0.04817404]",[-0.04740996],-0.0020832370013675813
04,47157,"[-0.22344399 -0.01738709 -0.04430059 -0.03937041  0.00479374 -0.17221438
  0.00674944 -0.01664045 -0.09659949  0.00028573 -0.0256974  -0.0387124
  0.04817404]",[0.01365991],0.8390828048561573
04,47159,"[-0.22344399 -0.01738709 -0.04430059 -0.03937041  0.00479374 -0.17221438
  0.00674944 -0.01664045 -0.09659949  0.00028573 -0.0256974  -0.0387124
  0.04817404]",[-0.18193622],-1.8550252214429575
04,47163,"[-0.22344399 -0.01738709 -0.04430059 -0.03937041  0.00479374 -0.17221438
  0.00674944 -0.01664045 -0.09659949  0.00028573 -0.0256974  -0.0387124
  0.04817404]",[-0.00640286],0.5627416412235162
04,47165,"[-0.22344399 -0.01738709 -0.04430059 -0.03937041  0.00479374 -0.17221438
  0.00674944 -0.01664045 -0.09659949  0.00028573 -0.0256974  -0.0387124
  0.04817404]",[-0.04165104],0.07723906262729828
04,47167,"[-0.22344399 -0.01738709 -0.04430059 -0.03937041  0.00479374 -0.17221438
  0.00674944 -0.01664045 -0.09659949  0.00028573 -0.0256974  -0.0387124
  0.04817404]",[-0.06128621],-0.193212414672005
04,47171,"[-0.22344399 -0.01738709 -0.04430059 -0.03937041  0.00479374 -0.17221438
  0.00674944 -0.01664045 -0.09659949  0.00028573 -0.0256974  -0.0387124
  0.04817404]",[-0.53771124],-6.755410006225738
04,47173,"[-0.22344399 -0.01738709 -0.04430059 -0.03937041  0.00479374 -0.17221438
  0.00674944 -0.01664045 -0.09659949  0.00028573 -0.0256974  -0.0387124
  0.04817404]",[-0.25698983],-2.8888008370274028
04,47177,"[-0.22344399 -0.01738709 -0.04430059 -0.03937041  0.00479374 -0.17221438
  0.00674944 -0.01664045 -0.09659949  0.00028573 -0.0256974  -0.0387124
  0.04817404]",[-0.15844436],-1.5314523365299357
04,47179,"[-0.22344399 -0.01738709 -0.04430059 -0.03937041  0.00479374 -0.17221438
  0.00674944 -0.01664045 -0.09659949  0.00028573 -0.0256974  -0.0387124
  0.04817404]",[-0.00816954],0.5384076154469088
04,47181,"[-0.22344399 -0.01738709 -0.04430059 -0.03937041  0.00479374 -0.17221438
  0.00674944 -0.01664045 -0.09659949  0.00028573 -0.0256974  -0.0387124
  0.04817404]",[-0.29801087],-3.453817747152419
04,47183,"[-0.22344399 -0.01738709 -0.04430059 -0.03937041  0.00479374 -0.17221438
  0.00674944 -0.01664045 -0.09659949  0.00028573 -0.0256974  -0.0387124
  0.04817404]",[-0.10923096],-0.8535951848944969
04,47185,"[-0.22344399 -0.01738709 -0.04430059 -0.03937041  0.00479374 -0.17221438
  0.00674944 -0.01664045 -0.09659949  0.00028573 -0.0256974  -0.0387124
  0.04817404]",[-0.27250665],-3.1025269966974696
04,47187,"[-0.22344399 -0.01738709 -0.04430059 -0.03937041  0.00479374 -0.17221438
  0.00674944 -0.01664045 -0.09659949  0.00028573 -0.0256974  -0.0387124
  0.04817404]",[-0.01306408],0.4709911285600542
04,47189,"[-0.22344399 -0.01738709 -0.04430059 -0.03937041  0.00479374 -0.17221438
  0.00674944 -0.01664045 -0.09659949  0.00028573 -0.0256974  -0.0387124
  0.04817404]",[-0.08340269],-0.4978409811946027
04,48001,"[-0.22344399 -0.01738709 -0.04430059 -0.03937041  0.00479374 -0.17221438
  0.00674944 -0.01664045 -0.09659949  0.00028573 -0.0256974  -0.0387124
  0.04817404]",[0.01251114],0.8232598913055972
04,48003,"[-0.22344399 -0.01738709 -0.04430059 -0.03937041  0.00479374 -0.17221438
  0.00674944 -0.01664045 -0.09659949  0.00028573 -0.0256974  -0.0387124
  0.04817404]",[-0.6174938],-7.85432152780464
04,48005,"[-0.22344399 -0.01738709 -0.04430059 -0.03937041  0.00479374 -0.17221438
  0.00674944 -0.01664045 -0.09659949  0.00028573 -0.0256974  -0.0387124
  0.04817404]",[-0.09825658],-0.7024360287749404
04,48007,"[-0.22344399 -0.01738709 -0.04430059 -0.03937041  0.00479374 -0.17221438
  0.00674944 -0.01664045 -0.09659949  0.00028573 -0.0256974  -0.0387124
  0.04817404]",[-0.17821606],-1.8037843883411007
04,48013,"[-0.22344399 -0.01738709 -0.04430059 -0.03937041  0.00479374 -0.17221438
  0.00674944 -0.01664045 -0.09659949  0.00028573 -0.0256974  -0.0387124
  0.04817404]",[-0.0032806],0.6057471214575764
04,48015,"[-0.22344399 -0.01738709 -0.04430059 -0.03937041  0.00479374 -0.17221438
  0.00674944 -0.01664045 -0.09659949  0.00028573 -0.0256974  -0.0387124
  0.04817404]",[-0.15283143],-1.4541407989589932
04,48019,"[-0.22344399 -0.01738709 -0.04430059 -0.03937041  0.00479374 -0.17221438
  0.00674944 -0.01664045 -0.09659949  0.00028573 -0.0256974  -0.0387124
  0.04817404]",[-0.26291605],-2.970427627593365
04,48021,"[-0.22344399 -0.01738709 -0.04430059 -0.03937041  0.00479374 -0.17221438
  0.00674944 -0.01664045 -0.09659949  0.00028573 -0.0256974  -0.0387124
  0.04817404]",[-0.24551504],-2.730749152249514
04,48025,"[-0.22344399 -0.01738709 -0.04430059 -0.03937041  0.00479374 -0.17221438
  0.00674944 -0.01664045 -0.09659949  0.00028573 -0.0256974  -0.0387124
  0.04817404]",[-0.07501931],-0.38236978474494326
04,48027,"[-0.22344399 -0.01738709 -0.04430059 -0.03937041  0.00479374 -0.17221438
  0.00674944 -0.01664045 -0.09659949  0.00028573 -0.0256974  -0.0387124
  0.04817404]",[0.03095807],1.0773447813588246
04,48029,"[-0.22344399 -0.01738709 -0.04430059 -0.03937041  0.00479374 -0.17221438
  0.00674944 -0.01664045 -0.09659949  0.00028573 -0.0256974  -0.0387124
  0.04817404]",[0.01313278],0.8318222020056651
04,48035,"[-0.22344399 -0.01738709 -0.04430059 -0.03937041  0.00479374 -0.17221438
  0.00674944 -0.01664045 -0.09659949  0.00028573 -0.0256974  -0.0387124
  0.04817404]",[-0.1577009],-1.5212119241636894
04,48037,"[-0.22344399 -0.01738709 -0.04430059 -0.03937041  0.00479374 -0.17221438
  0.00674944 -0.01664045 -0.09659949  0.00028573 -0.0256974  -0.0387124
  0.04817404]",[-0.09246847],-0.6227115941402753
04,48039,"[-0.22344399 -0.01738709 -0.04430059 -0.03937041  0.00479374 -0.17221438
  0.00674944 -0.01664045 -0.09659949  0.00028573 -0.0256974  -0.0387124
  0.04817404]",[0.06290683],1.5174015889400503
04,48041,"[-0.22344399 -0.01738709 -0.04430059 -0.03937041  0.00479374 -0.17221438
  0.00674944 -0.01664045 -0.09659949  0.00028573 -0.0256974  -0.0387124
  0.04817404]",[-0.00366031],0.6005169838361919
04,48049,"[-0.22344399 -0.01738709 -0.04430059 -0.03937041  0.00479374 -0.17221438
  0.00674944 -0.01664045 -0.09659949  0.00028573 -0.0256974  -0.0387124
  0.04817404]",[-0.03138189],0.21868470691151298
04,48051,"[-0.22344399 -0.01738709 -0.04430059 -0.03937041  0.00479374 -0.17221438
  0.00674944 -0.01664045 -0.09659949  0.00028573 -0.0256974  -0.0387124
  0.04817404]",[-0.38757244],-4.687423687144864
04,48053,"[-0.22344399 -0.01738709 -0.04430059 -0.03937041  0.00479374 -0.17221438
  0.00674944 -0.01664045 -0.09659949  0.00028573 -0.0256974  -0.0387124
  0.04817404]",[-0.13897751],-1.2633191987368468
04,48055,"[-0.22344399 -0.01738709 -0.04430059 -0.03937041  0.00479374 -0.17221438
  0.00674944 -0.01664045 -0.09659949  0.00028573 -0.0256974  -0.0387124
  0.04817404]",[-0.11615275],-0.9489348757182439
04,48057,"[-0.22344399 -0.01738709 -0.04430059 -0.03937041  0.00479374 -0.17221438
  0.00674944 -0.01664045 -0.09659949  0.00028573 -0.0256974  -0.0387124
  0.04817404]",[-0.2254252],-2.454035054425437
04,48061,"[-0.22344399 -0.01738709 -0.04430059 -0.03937041  0.00479374 -0.17221438
  0.00674944 -0.01664045 -0.09659949  0.00028573 -0.0256974  -0.0387124
  0.04817404]",[0.01677415],0.8819777350985513
04,48071,"[-0.22344399 -0.01738709 -0.04430059 -0.03937041  0.00479374 -0.17221438
  0.00674944 -0.01664045 -0.09659949  0.00028573 -0.0256974  -0.0387124
  0.04817404]",[-0.04037008],0.09488283314508669
04,48067,"[-0.22344399 -0.01738709 -0.04430059 -0.03937041  0.00479374 -0.17221438
  0.00674944 -0.01664045 -0.09659949  0.00028573 -0.0256974  -0.0387124
  0.04817404]",[-0.10964302],-0.8592708439743202
04,48073,"[-0.22344399 -0.01738709 -0.04430059 -0.03937041  0.00479374 -0.17221438
  0.00674944 -0.01664045 -0.09659949  0.00028573 -0.0256974  -0.0387124
  0.04817404]",[-0.16526975],-1.6254641141272161
04,48085,"[-0.22344399 -0.01738709 -0.04430059 -0.03937041  0.00479374 -0.17221438
  0.00674944 -0.01664045 -0.09659949  0.00028573 -0.0256974  -0.0387124
  0.04817404]",[-0.00396361],0.5963393945228384
04,48089,"[-0.22344399 -0.01738709 -0.04430059 -0.03937041  0.00479374 -0.17221438
  0.00674944 -0.01664045 -0.09659949  0.00028573 -0.0256974  -0.0387124
  0.04817404]",[-0.23483228],-2.5836065198641
04,48091,"[-0.22344399 -0.01738709 -0.04430059 -0.03937041  0.00479374 -0.17221438
  0.00674944 -0.01664045 -0.09659949  0.00028573 -0.0256974  -0.0387124
  0.04817404]",[-0.03266686],0.20098567437020712
04,48093,"[-0.22344399 -0.01738709 -0.04430059 -0.03937041  0.00479374 -0.17221438
  0.00674944 -0.01664045 -0.09659949  0.00028573 -0.0256974  -0.0387124
  0.04817404]",[-0.47859511],-5.94115447582282
04,48097,"[-0.22344399 -0.01738709 -0.04430059 -0.03937041  0.00479374 -0.17221438
  0.00674944 -0.01664045 -0.09659949  0.00028573 -0.0256974  -0.0387124
  0.04817404]",[-0.02783546],0.2675325800441832
04,48099,"[-0.22344399 -0.01738709 -0.04430059 -0.03937041  0.00479374 -0.17221438
  0.00674944 -0.01664045 -0.09659949  0.00028573 -0.0256974  -0.0387124
  0.04817404]",[-0.11612362],-0.9485335535201158
04,48113,"[-0.22344399 -0.01738709 -0.04430059 -0.03937041  0.00479374 -0.17221438
  0.00674944 -0.01664045 -0.09659949  0.00028573 -0.0256974  -0.0387124
  0.04817404]",[0.00218595],0.6810423634353268
04,48115,"[-0.22344399 -0.01738709 -0.04430059 -0.03937041  0.00479374 -0.17221438
  0.00674944 -0.01664045 -0.09659949  0.00028573 -0.0256974  -0.0387124
  0.04817404]",[-0.42722292],-5.233562643417029
04,48117,"[-0.22344399 -0.01738709 -0.04430059 -0.03937041  0.00479374 -0.17221438
  0.00674944 -0.01664045 -0.09659949  0.00028573 -0.0256974  -0.0387124
  0.04817404]",[-0.38638678],-4.6710925795290335
04,48121,"[-0.22344399 -0.01738709 -0.04430059 -0.03937041  0.00479374 -0.17221438
  0.00674944 -0.01664045 -0.09659949  0.00028573 -0.0256974  -0.0387124
  0.04817404]",[0.03822844],1.1774856032693106
04,48123,"[-0.22344399 -0.01738709 -0.04430059 -0.03937041  0.00479374 -0.17221438
  0.00674944 -0.01664045 -0.09659949  0.00028573 -0.0256974  -0.0387124
  0.04817404]",[-0.27755225],-3.172024171219267
04,48133,"[-0.22344399 -0.01738709 -0.04430059 -0.03937041  0.00479374 -0.17221438
  0.00674944 -0.01664045 -0.09659949  0.00028573 -0.0256974  -0.0387124
  0.04817404]",[-0.27394656],-3.122360012070162
04,48139,"[-0.22344399 -0.01738709 -0.04430059 -0.03937041  0.00479374 -0.17221438
  0.00674944 -0.01664045 -0.09659949  0.00028573 -0.0256974  -0.0387124
  0.04817404]",[-0.06388391],-0.22899265762814516
04,48135,"[-0.22344399 -0.01738709 -0.04430059 -0.03937041  0.00479374 -0.17221438
  0.00674944 -0.01664045 -0.09659949  0.00028573 -0.0256974  -0.0387124
  0.04817404]",[-0.07606994],-0.3968409956361891
04,48141,"[-0.22344399 -0.01738709 -0.04430059 -0.03937041  0.00479374 -0.17221438
  0.00674944 -0.01664045 -0.09659949  0.00028573 -0.0256974  -0.0387124
  0.04817404]",[0.01552204],0.8647314248688256
04,48143,"[-0.22344399 -0.01738709 -0.04430059 -0.03937041  0.00479374 -0.17221438
  0.00674944 -0.01664045 -0.09659949  0.00028573 -0.0256974  -0.0387124
  0.04817404]",[-0.07905481],-0.4379540435185013
04,48145,"[-0.22344399 -0.01738709 -0.04430059 -0.03937041  0.00479374 -0.17221438
  0.00674944 -0.01664045 -0.09659949  0.00028573 -0.0256974  -0.0387124
  0.04817404]",[0.15812067],2.828860851544047
04,48147,"[-0.22344399 -0.01738709 -0.04430059 -0.03937041  0.00479374 -0.17221438
  0.00674944 -0.01664045 -0.09659949  0.00028573 -0.0256974  -0.0387124
  0.04817404]",[-0.11161896],-0.8864870961464041
04,48149,"[-0.22344399 -0.01738709 -0.04430059 -0.03937041  0.00479374 -0.17221438
  0.00674944 -0.01664045 -0.09659949  0.00028573 -0.0256974  -0.0387124
  0.04817404]",[-0.13695849],-1.2355095645097307
04,48157,"[-0.22344399 -0.01738709 -0.04430059 -0.03937041  0.00479374 -0.17221438
  0.00674944 -0.01664045 -0.09659949  0.00028573 -0.0256974  -0.0387124
  0.04817404]",[0.01698596],0.8848953015900742
04,48161,"[-0.22344399 -0.01738709 -0.04430059 -0.03937041  0.00479374 -0.17221438
  0.00674944 -0.01664045 -0.09659949  0.00028573 -0.0256974  -0.0387124
  0.04817404]",[0.01757021],0.8929425614522294
04,48167,"[-0.22344399 -0.01738709 -0.04430059 -0.03937041  0.00479374 -0.17221438
  0.00674944 -0.01664045 -0.09659949  0.00028573 -0.0256974  -0.0387124
  0.04817404]",[0.02895981],1.04982095331163
04,48171,"[-0.22344399 -0.01738709 -0.04430059 -0.03937041  0.00479374 -0.17221438
  0.00674944 -0.01664045 -0.09659949  0.00028573 -0.0256974  -0.0387124
  0.04817404]",[-0.23436415],-2.5771586804606534
04,48179,"[-0.22344399 -0.01738709 -0.04430059 -0.03937041  0.00479374 -0.17221438
  0.00674944 -0.01664045 -0.09659949  0.00028573 -0.0256974  -0.0387124
  0.04817404]",[-0.20320979],-2.148043725341692
04,48177,"[-0.22344399 -0.01738709 -0.04430059 -0.03937041  0.00479374 -0.17221438
  0.00674944 -0.01664045 -0.09659949  0.00028573 -0.0256974  -0.0387124
  0.04817404]",[-0.11152155],-0.8851455136135452
04,48181,"[-0.22344399 -0.01738709 -0.04430059 -0.03937041  0.00479374 -0.17221438
  0.00674944 -0.01664045 -0.09659949  0.00028573 -0.0256974  -0.0387124
  0.04817404]",[-0.02906346],0.2506183867643019
04,48183,"[-0.22344399 -0.01738709 -0.04430059 -0.03937041  0.00479374 -0.17221438
  0.00674944 -0.01664045 -0.09659949  0.00028573 -0.0256974  -0.0387124
  0.04817404]",[-0.02295023],0.33482090469401743
04,48185,"[-0.22344399 -0.01738709 -0.04430059 -0.03937041  0.00479374 -0.17221438
  0.00674944 -0.01664045 -0.09659949  0.00028573 -0.0256974  -0.0387124
  0.04817404]",[-0.2923624],-3.3760166514347274
04,48187,"[-0.22344399 -0.01738709 -0.04430059 -0.03937041  0.00479374 -0.17221438
  0.00674944 -0.01664045 -0.09659949  0.00028573 -0.0256974  -0.0387124
  0.04817404]",[-0.08636667],-0.5386664373531981
04,48189,"[-0.22344399 -0.01738709 -0.04430059 -0.03937041  0.00479374 -0.17221438
  0.00674944 -0.01664045 -0.09659949  0.00028573 -0.0256974  -0.0387124
  0.04817404]",[-0.20935225],-2.2326489062326007
04,48199,"[-0.22344399 -0.01738709 -0.04430059 -0.03937041  0.00479374 -0.17221438
  0.00674944 -0.01664045 -0.09659949  0.00028573 -0.0256974  -0.0387124
  0.04817404]",[-0.01353473],0.46450835195733753
04,48201,"[-0.22344399 -0.01738709 -0.04430059 -0.03937041  0.00479374 -0.17221438
  0.00674944 -0.01664045 -0.09659949  0.00028573 -0.0256974  -0.0387124
  0.04817404]",[0.00456059],0.7137502404486246
04,48203,"[-0.22344399 -0.01738709 -0.04430059 -0.03937041  0.00479374 -0.17221438
  0.00674944 -0.01664045 -0.09659949  0.00028573 -0.0256974  -0.0387124
  0.04817404]",[0.02609712],1.0103908794403855
04,48209,"[-0.22344399 -0.01738709 -0.04430059 -0.03937041  0.00479374 -0.17221438
  0.00674944 -0.01664045 -0.09659949  0.00028573 -0.0256974  -0.0387124
  0.04817404]",[0.07911425],1.740639841104103
04,48213,"[-0.22344399 -0.01738709 -0.04430059 -0.03937041  0.00479374 -0.17221438
  0.00674944 -0.01664045 -0.09659949  0.00028573 -0.0256974  -0.0387124
  0.04817404]",[-0.09631515],-0.6756950156704572
04,48215,"[-0.22344399 -0.01738709 -0.04430059 -0.03937041  0.00479374 -0.17221438
  0.00674944 -0.01664045 -0.09659949  0.00028573 -0.0256974  -0.0387124
  0.04817404]",[-0.00315309],0.607503430637547
04,48217,"[-0.22344399 -0.01738709 -0.04430059 -0.03937041  0.00479374 -0.17221438
  0.00674944 -0.01664045 -0.09659949  0.00028573 -0.0256974  -0.0387124
  0.04817404]",[-0.1272518],-1.1018111826786334
04,48219,"[-0.22344399 -0.01738709 -0.04430059 -0.03937041  0.00479374 -0.17221438
  0.00674944 -0.01664045 -0.09659949  0.00028573 -0.0256974  -0.0387124
  0.04817404]",[-0.2276433],-2.484586767066389
04,48221,"[-0.22344399 -0.01738709 -0.04430059 -0.03937041  0.00479374 -0.17221438
  0.00674944 -0.01664045 -0.09659949  0.00028573 -0.0256974  -0.0387124
  0.04817404]",[-0.07102693],-0.32737946370827137
04,48223,"[-0.22344399 -0.01738709 -0.04430059 -0.03937041  0.00479374 -0.17221438
  0.00674944 -0.01664045 -0.09659949  0.00028573 -0.0256974  -0.0387124
  0.04817404]",[-0.14055834],-1.2850932853477823
04,48225,"[-0.22344399 -0.01738709 -0.04430059 -0.03937041  0.00479374 -0.17221438
  0.00674944 -0.01664045 -0.09659949  0.00028573 -0.0256974  -0.0387124
  0.04817404]",[-0.18733482],-1.9293845727371317
04,48227,"[-0.22344399 -0.01738709 -0.04430059 -0.03937041  0.00479374 -0.17221438
  0.00674944 -0.01664045 -0.09659949  0.00028573 -0.0256974  -0.0387124
  0.04817404]",[-0.09795885],-0.6983350779484508
04,48231,"[-0.22344399 -0.01738709 -0.04430059 -0.03937041  0.00479374 -0.17221438
  0.00674944 -0.01664045 -0.09659949  0.00028573 -0.0256974  -0.0387124
  0.04817404]",[-0.01783631],0.40525924189524387
04,48233,"[-0.22344399 -0.01738709 -0.04430059 -0.03937041  0.00479374 -0.17221438
  0.00674944 -0.01664045 -0.09659949  0.00028573 -0.0256974  -0.0387124
  0.04817404]",[-0.12036987],-1.0070207517153191
04,48241,"[-0.22344399 -0.01738709 -0.04430059 -0.03937041  0.00479374 -0.17221438
  0.00674944 -0.01664045 -0.09659949  0.00028573 -0.0256974  -0.0387124
  0.04817404]",[0.31660016],5.011730507431143
04,48245,"[-0.22344399 -0.01738709 -0.04430059 -0.03937041  0.00479374 -0.17221438
  0.00674944 -0.01664045 -0.09659949  0.00028573 -0.0256974  -0.0387124
  0.04817404]",[-0.0237198],0.32422102692572025
04,48249,"[-0.22344399 -0.01738709 -0.04430059 -0.03937041  0.00479374 -0.17221438
  0.00674944 -0.01664045 -0.09659949  0.00028573 -0.0256974  -0.0387124
  0.04817404]",[-0.04017177],0.09761435763039392
04,48251,"[-0.22344399 -0.01738709 -0.04430059 -0.03937041  0.00479374 -0.17221438
  0.00674944 -0.01664045 -0.09659949  0.00028573 -0.0256974  -0.0387124
  0.04817404]",[-0.04204958],0.07174974876687727
04,48253,"[-0.22344399 -0.01738709 -0.04430059 -0.03937041  0.00479374 -0.17221438
  0.00674944 -0.01664045 -0.09659949  0.00028573 -0.0256974  -0.0387124
  0.04817404]",[-0.29698887],-3.439740888880815
04,48255,"[-0.22344399 -0.01738709 -0.04430059 -0.03937041  0.00479374 -0.17221438
  0.00674944 -0.01664045 -0.09659949  0.00028573 -0.0256974  -0.0387124
  0.04817404]",[-0.44477197],-5.47528031688533
04,48257,"[-0.22344399 -0.01738709 -0.04430059 -0.03937041  0.00479374 -0.17221438
  0.00674944 -0.01664045 -0.09659949  0.00028573 -0.0256974  -0.0387124
  0.04817404]",[-0.00717934],0.5520464583697622
04,48259,"[-0.22344399 -0.01738709 -0.04430059 -0.03937041  0.00479374 -0.17221438
  0.00674944 -0.01664045 -0.09659949  0.00028573 -0.0256974  -0.0387124
  0.04817404]",[-0.24911255],-2.780300639754181
04,48265,"[-0.22344399 -0.01738709 -0.04430059 -0.03937041  0.00479374 -0.17221438
  0.00674944 -0.01664045 -0.09659949  0.00028573 -0.0256974  -0.0387124
  0.04817404]",[-0.15366484],-1.465619943875516
04,48273,"[-0.22344399 -0.01738709 -0.04430059 -0.03937041  0.00479374 -0.17221438
  0.00674944 -0.01664045 -0.09659949  0.00028573 -0.0256974  -0.0387124
  0.04817404]",[-0.24037087],-2.6598942066424716
04,48279,"[-0.22344399 -0.01738709 -0.04430059 -0.03937041  0.00479374 -0.17221438
  0.00674944 -0.01664045 -0.09659949  0.00028573 -0.0256974  -0.0387124
  0.04817404]",[-0.21857587],-2.3596935472564518
04,48277,"[-0.22344399 -0.01738709 -0.04430059 -0.03937041  0.00479374 -0.17221438
  0.00674944 -0.01664045 -0.09659949  0.00028573 -0.0256974  -0.0387124
  0.04817404]",[-0.12100261],-1.0157359213524555
04,48281,"[-0.22344399 -0.01738709 -0.04430059 -0.03937041  0.00479374 -0.17221438
  0.00674944 -0.01664045 -0.09659949  0.00028573 -0.0256974  -0.0387124
  0.04817404]",[-0.30715315],-3.5797419185042
04,48285,"[-0.22344399 -0.01738709 -0.04430059 -0.03937041  0.00479374 -0.17221438
  0.00674944 -0.01664045 -0.09659949  0.00028573 -0.0256974  -0.0387124
  0.04817404]",[-0.20333557],-2.1497762336463992
04,48287,"[-0.22344399 -0.01738709 -0.04430059 -0.03937041  0.00479374 -0.17221438
  0.00674944 -0.01664045 -0.09659949  0.00028573 -0.0256974  -0.0387124
  0.04817404]",[-0.51570353],-6.452279570108081
04,48291,"[-0.22344399 -0.01738709 -0.04430059 -0.03937041  0.00479374 -0.17221438
  0.00674944 -0.01664045 -0.09659949  0.00028573 -0.0256974  -0.0387124
  0.04817404]",[-0.03602658],0.1547094695565089
04,48293,"[-0.22344399 -0.01738709 -0.04430059 -0.03937041  0.00479374 -0.17221438
  0.00674944 -0.01664045 -0.09659949  0.00028573 -0.0256974  -0.0387124
  0.04817404]",[-0.11179382],-0.8888956465864509
04,48297,"[-0.22344399 -0.01738709 -0.04430059 -0.03937041  0.00479374 -0.17221438
  0.00674944 -0.01664045 -0.09659949  0.00028573 -0.0256974  -0.0387124
  0.04817404]",[-0.41227393],-5.0276578458544146
04,48299,"[-0.22344399 -0.01738709 -0.04430059 -0.03937041  0.00479374 -0.17221438
  0.00674944 -0.01664045 -0.09659949  0.00028573 -0.0256974  -0.0387124
  0.04817404]",[-0.15357119],-1.464330032594538
04,48303,"[-0.22344399 -0.01738709 -0.04430059 -0.03937041  0.00479374 -0.17221438
  0.00674944 -0.01664045 -0.09659949  0.00028573 -0.0256974  -0.0387124
  0.04817404]",[-0.02486808],0.3084047886849216
04,48309,"[-0.22344399 -0.01738709 -0.04430059 -0.03937041  0.00479374 -0.17221438
  0.00674944 -0.01664045 -0.09659949  0.00028573 -0.0256974  -0.0387124
  0.04817404]",[-0.03355507],0.1887516573526456
04,48313,"[-0.22344399 -0.01738709 -0.04430059 -0.03937041  0.00479374 -0.17221438
  0.00674944 -0.01664045 -0.09659949  0.00028573 -0.0256974  -0.0387124
  0.04817404]",[-0.05958241],-0.1697445325685436
04,48315,"[-0.22344399 -0.01738709 -0.04430059 -0.03937041  0.00479374 -0.17221438
  0.00674944 -0.01664045 -0.09659949  0.00028573 -0.0256974  -0.0387124
  0.04817404]",[-0.48012507],-5.962227946930433
04,48321,"[-0.22344399 -0.01738709 -0.04430059 -0.03937041  0.00479374 -0.17221438
  0.00674944 -0.01664045 -0.09659949  0.00028573 -0.0256974  -0.0387124
  0.04817404]",[-0.09176085],-0.6129649093554415
04,48323,"[-0.22344399 -0.01738709 -0.04430059 -0.03937041  0.00479374 -0.17221438
  0.00674944 -0.01664045 -0.09659949  0.00028573 -0.0256974  -0.0387124
  0.04817404]",[-0.16221126],-1.5833368702144208
04,48325,"[-0.22344399 -0.01738709 -0.04430059 -0.03937041  0.00479374 -0.17221438
  0.00674944 -0.01664045 -0.09659949  0.00028573 -0.0256974  -0.0387124
  0.04817404]",[-0.18242725],-1.8617885243741432
04,48329,"[-0.22344399 -0.01738709 -0.04430059 -0.03937041  0.00479374 -0.17221438
  0.00674944 -0.01664045 -0.09659949  0.00028573 -0.0256974  -0.0387124
  0.04817404]",[-0.00970115],0.5173115472058121
04,48331,"[-0.22344399 -0.01738709 -0.04430059 -0.03937041  0.00479374 -0.17221438
  0.00674944 -0.01664045 -0.09659949  0.00028573 -0.0256974  -0.0387124
  0.04817404]",[-0.09646286],-0.6777296635905085
04,48337,"[-0.22344399 -0.01738709 -0.04430059 -0.03937041  0.00479374 -0.17221438
  0.00674944 -0.01664045 -0.09659949  0.00028573 -0.0256974  -0.0387124
  0.04817404]",[0.02722182],1.0258822149581497
04,48339,"[-0.22344399 -0.01738709 -0.04430059 -0.03937041  0.00479374 -0.17221438
  0.00674944 -0.01664045 -0.09659949  0.00028573 -0.0256974  -0.0387124
  0.04817404]",[-0.01675971],0.420088157230208
04,48341,"[-0.22344399 -0.01738709 -0.04430059 -0.03937041  0.00479374 -0.17221438
  0.00674944 -0.01664045 -0.09659949  0.00028573 -0.0256974  -0.0387124
  0.04817404]",[-0.3721083],-4.4744232592253725
04,48347,"[-0.22344399 -0.01738709 -0.04430059 -0.03937041  0.00479374 -0.17221438
  0.00674944 -0.01664045 -0.09659949  0.00028573 -0.0256974  -0.0387124
  0.04817404]",[-0.10383109],-0.7792183719396925
04,48349,"[-0.22344399 -0.01738709 -0.04430059 -0.03937041  0.00479374 -0.17221438
  0.00674944 -0.01664045 -0.09659949  0.00028573 -0.0256974  -0.0387124
  0.04817404]",[0.12016072],2.3060068737221555
04,48351,"[-0.22344399 -0.01738709 -0.04430059 -0.03937041  0.00479374 -0.17221438
  0.00674944 -0.01664045 -0.09659949  0.00028573 -0.0256974  -0.0387124
  0.04817404]",[-0.53251159],-6.683790905685348
04,48353,"[-0.22344399 -0.01738709 -0.04430059 -0.03937041  0.00479374 -0.17221438
  0.00674944 -0.01664045 -0.09659949  0.00028573 -0.0256974  -0.0387124
  0.04817404]",[-0.15278188],-1.4534582424304707
04,48355,"[-0.22344399 -0.01738709 -0.04430059 -0.03937041  0.00479374 -0.17221438
  0.00674944 -0.01664045 -0.09659949  0.00028573 -0.0256974  -0.0387124
  0.04817404]",[0.02776452],1.0333573449010616
04,48361,"[-0.22344399 -0.01738709 -0.04430059 -0.03937041  0.00479374 -0.17221438
  0.00674944 -0.01664045 -0.09659949  0.00028573 -0.0256974  -0.0387124
  0.04817404]",[-0.04986681],-0.03592347308484402
04,48363,"[-0.22344399 -0.01738709 -0.04430059 -0.03937041  0.00479374 -0.17221438
  0.00674944 -0.01664045 -0.09659949  0.00028573 -0.0256974  -0.0387124
  0.04817404]",[-0.14588346],-1.358440586126673
04,48365,"[-0.22344399 -0.01738709 -0.04430059 -0.03937041  0.00479374 -0.17221438
  0.00674944 -0.01664045 -0.09659949  0.00028573 -0.0256974  -0.0387124
  0.04817404]",[-0.33789883],-4.00322780930547
04,48367,"[-0.22344399 -0.01738709 -0.04430059 -0.03937041  0.00479374 -0.17221438
  0.00674944 -0.01664045 -0.09659949  0.00028573 -0.0256974  -0.0387124
  0.04817404]",[-0.03894621],0.11449502850716724
04,48371,"[-0.22344399 -0.01738709 -0.04430059 -0.03937041  0.00479374 -0.17221438
  0.00674944 -0.01664045 -0.09659949  0.00028573 -0.0256974  -0.0387124
  0.04817404]",[-0.22780958],-2.4868770311235306
04,48373,"[-0.22344399 -0.01738709 -0.04430059 -0.03937041  0.00479374 -0.17221438
  0.00674944 -0.01664045 -0.09659949  0.00028573 -0.0256974  -0.0387124
  0.04817404]",[-0.13365967],-1.1900721255664979
04,48375,"[-0.22344399 -0.01738709 -0.04430059 -0.03937041  0.00479374 -0.17221438
  0.00674944 -0.01664045 -0.09659949  0.00028573 -0.0256974  -0.0387124
  0.04817404]",[-0.03839067],0.12214691068916911
04,48381,"[-0.22344399 -0.01738709 -0.04430059 -0.03937041  0.00479374 -0.17221438
  0.00674944 -0.01664045 -0.09659949  0.00028573 -0.0256974  -0.0387124
  0.04817404]",[0.03873496],1.184462287683606
04,48387,"[-0.22344399 -0.01738709 -0.04430059 -0.03937041  0.00479374 -0.17221438
  0.00674944 -0.01664045 -0.09659949  0.00028573 -0.0256974  -0.0387124
  0.04817404]",[-0.46057803],-5.692990331429224
04,48389,"[-0.22344399 -0.01738709 -0.04430059 -0.03937041  0.00479374 -0.17221438
  0.00674944 -0.01664045 -0.09659949  0.00028573 -0.0256974  -0.0387124
  0.04817404]",[-0.34513281],-4.1028673414114385
04,48395,"[-0.22344399 -0.01738709 -0.04430059 -0.03937041  0.00479374 -0.17221438
  0.00674944 -0.01664045 -0.09659949  0.00028573 -0.0256974  -0.0387124
  0.04817404]",[-0.22866402],-2.4986460196069897
04,48397,"[-0.22344399 -0.01738709 -0.04430059 -0.03937041  0.00479374 -0.17221438
  0.00674944 -0.01664045 -0.09659949  0.00028573 -0.0256974  -0.0387124
  0.04817404]",[-0.12246669],-1.0359019024467353
04,48399,"[-0.22344399 -0.01738709 -0.04430059 -0.03937041  0.00479374 -0.17221438
  0.00674944 -0.01664045 -0.09659949  0.00028573 -0.0256974  -0.0387124
  0.04817404]",[-0.60000605],-7.613448195740435
04,48401,"[-0.22344399 -0.01738709 -0.04430059 -0.03937041  0.00479374 -0.17221438
  0.00674944 -0.01664045 -0.09659949  0.00028573 -0.0256974  -0.0387124
  0.04817404]",[-0.09545292],-0.6638189038628507
04,48407,"[-0.22344399 -0.01738709 -0.04430059 -0.03937041  0.00479374 -0.17221438
  0.00674944 -0.01664045 -0.09659949  0.00028573 -0.0256974  -0.0387124
  0.04817404]",[-0.29829298],-3.457703467240147
04,48409,"[-0.22344399 -0.01738709 -0.04430059 -0.03937041  0.00479374 -0.17221438
  0.00674944 -0.01664045 -0.09659949  0.00028573 -0.0256974  -0.0387124
  0.04817404]",[-0.09451365],-0.6508815172625495
04,48415,"[-0.22344399 -0.01738709 -0.04430059 -0.03937041  0.00479374 -0.17221438
  0.00674944 -0.01664045 -0.09659949  0.00028573 -0.0256974  -0.0387124
  0.04817404]",[-0.45900016],-5.671256939398874
04,48419,"[-0.22344399 -0.01738709 -0.04430059 -0.03937041  0.00479374 -0.17221438
  0.00674944 -0.01664045 -0.09659949  0.00028573 -0.0256974  -0.0387124
  0.04817404]",[-0.30056666],-3.4890207908109714
04,48423,"[-0.22344399 -0.01738709 -0.04430059 -0.03937041  0.00479374 -0.17221438
  0.00674944 -0.01664045 -0.09659949  0.00028573 -0.0256974  -0.0387124
  0.04817404]",[0.00718361],0.7498793694775612
04,48427,"[-0.22344399 -0.01738709 -0.04430059 -0.03937041  0.00479374 -0.17221438
  0.00674944 -0.01664045 -0.09659949  0.00028573 -0.0256974  -0.0387124
  0.04817404]",[-0.0697013],-0.30912041255773615
04,48439,"[-0.22344399 -0.01738709 -0.04430059 -0.03937041  0.00479374 -0.17221438
  0.00674944 -0.01664045 -0.09659949  0.00028573 -0.0256974  -0.0387124
  0.04817404]",[0.00316448],0.6945205715861841
04,48441,"[-0.22344399 -0.01738709 -0.04430059 -0.03937041  0.00479374 -0.17221438
  0.00674944 -0.01664045 -0.09659949  0.00028573 -0.0256974  -0.0387124
  0.04817404]",[-0.00821745],0.5377477915804628
04,48449,"[-0.22344399 -0.01738709 -0.04430059 -0.03937041  0.00479374 -0.17221438
  0.00674944 -0.01664045 -0.09659949  0.00028573 -0.0256974  -0.0387124
  0.04817404]",[-0.05303331],-0.07953838770958306
04,48451,"[-0.22344399 -0.01738709 -0.04430059 -0.03937041  0.00479374 -0.17221438
  0.00674944 -0.01664045 -0.09659949  0.00028573 -0.0256974  -0.0387124
  0.04817404]",[-0.08288511],-0.4907119995154801
04,48453,"[-0.22344399 -0.01738709 -0.04430059 -0.03937041  0.00479374 -0.17221438
  0.00674944 -0.01664045 -0.09659949  0.00028573 -0.0256974  -0.0387124
  0.04817404]",[0.03288491],1.103884713241653
04,48455,"[-0.22344399 -0.01738709 -0.04430059 -0.03937041  0.00479374 -0.17221438
  0.00674944 -0.01664045 -0.09659949  0.00028573 -0.0256974  -0.0387124
  0.04817404]",[-0.23098558],-2.53062281908005
04,48457,"[-0.22344399 -0.01738709 -0.04430059 -0.03937041  0.00479374 -0.17221438
  0.00674944 -0.01664045 -0.09659949  0.00028573 -0.0256974  -0.0387124
  0.04817404]",[-0.16109646],-1.5679818420790916
04,48459,"[-0.22344399 -0.01738709 -0.04430059 -0.03937041  0.00479374 -0.17221438
  0.00674944 -0.01664045 -0.09659949  0.00028573 -0.0256974  -0.0387124
  0.04817404]",[-0.2821466],-3.2353059909101494
04,48463,"[-0.22344399 -0.01738709 -0.04430059 -0.03937041  0.00479374 -0.17221438
  0.00674944 -0.01664045 -0.09659949  0.00028573 -0.0256974  -0.0387124
  0.04817404]",[0.01922049],0.915673210790967
04,48465,"[-0.22344399 -0.01738709 -0.04430059 -0.03937041  0.00479374 -0.17221438
  0.00674944 -0.01664045 -0.09659949  0.00028573 -0.0256974  -0.0387124
  0.04817404]",[-0.21873744],-2.361918991496182
04,48469,"[-0.22344399 -0.01738709 -0.04430059 -0.03937041  0.00479374 -0.17221438
  0.00674944 -0.01664045 -0.09659949  0.00028573 -0.0256974  -0.0387124
  0.04817404]",[-0.00853026],0.5334390749886421
04,48467,"[-0.22344399 -0.01738709 -0.04430059 -0.03937041  0.00479374 -0.17221438
  0.00674944 -0.01664045 -0.09659949  0.00028573 -0.0256974  -0.0387124
  0.04817404]",[-0.06864677],-0.2945955204648189
04,48471,"[-0.22344399 -0.01738709 -0.04430059 -0.03937041  0.00479374 -0.17221438
  0.00674944 -0.01664045 -0.09659949  0.00028573 -0.0256974  -0.0387124
  0.04817404]",[-0.11059902],-0.8724387173216696
04,48473,"[-0.22344399 -0.01738709 -0.04430059 -0.03937041  0.00479374 -0.17221438
  0.00674944 -0.01664045 -0.09659949  0.00028573 -0.0256974  -0.0387124
  0.04817404]",[-0.1581436],-1.5273096576931209
04,48477,"[-0.22344399 -0.01738709 -0.04430059 -0.03937041  0.00479374 -0.17221438
  0.00674944 -0.01664045 -0.09659949  0.00028573 -0.0256974  -0.0387124
  0.04817404]",[-0.11744511],-0.9667355500850358
04,48479,"[-0.22344399 -0.01738709 -0.04430059 -0.03937041  0.00479374 -0.17221438
  0.00674944 -0.01664045 -0.09659949  0.00028573 -0.0256974  -0.0387124
  0.04817404]",[-0.01440914],0.4524644314512467
04,48481,"[-0.22344399 -0.01738709 -0.04430059 -0.03937041  0.00479374 -0.17221438
  0.00674944 -0.01664045 -0.09659949  0.00028573 -0.0256974  -0.0387124
  0.04817404]",[-0.1103761],-0.869368198242092
04,48485,"[-0.22344399 -0.01738709 -0.04430059 -0.03937041  0.00479374 -0.17221438
  0.00674944 -0.01664045 -0.09659949  0.00028573 -0.0256974  -0.0387124
  0.04817404]",[-0.01502674],0.4439577361398317
04,48487,"[-0.22344399 -0.01738709 -0.04430059 -0.03937041  0.00479374 -0.17221438
  0.00674944 -0.01664045 -0.09659949  0.00028573 -0.0256974  -0.0387124
  0.04817404]",[-0.33902444],-4.018731679850869
04,48489,"[-0.22344399 -0.01738709 -0.04430059 -0.03937041  0.00479374 -0.17221438
  0.00674944 -0.01664045 -0.09659949  0.00028573 -0.0256974  -0.0387124
  0.04817404]",[-0.25650525],-2.8821263934042913
04,48491,"[-0.22344399 -0.01738709 -0.04430059 -0.03937041  0.00479374 -0.17221438
  0.00674944 -0.01664045 -0.09659949  0.00028573 -0.0256974  -0.0387124
  0.04817404]",[-0.014651],0.449133082823319
04,48493,"[-0.22344399 -0.01738709 -0.04430059 -0.03937041  0.00479374 -0.17221438
  0.00674944 -0.01664045 -0.09659949  0.00028573 -0.0256974  -0.0387124
  0.04817404]",[-0.06895474],-0.2988374677851016
04,48497,"[-0.22344399 -0.01738709 -0.04430059 -0.03937041  0.00479374 -0.17221438
  0.00674944 -0.01664045 -0.09659949  0.00028573 -0.0256974  -0.0387124
  0.04817404]",[-0.06206903],-0.20399482449805562
04,48499,"[-0.22344399 -0.01738709 -0.04430059 -0.03937041  0.00479374 -0.17221438
  0.00674944 -0.01664045 -0.09659949  0.00028573 -0.0256974  -0.0387124
  0.04817404]",[-0.17458877],-1.753822587374919
04,48503,"[-0.22344399 -0.01738709 -0.04430059 -0.03937041  0.00479374 -0.17221438
  0.00674944 -0.01664045 -0.09659949  0.00028573 -0.0256974  -0.0387124
  0.04817404]",[-0.20436921],-2.164013366303764
04,48507,"[-0.22344399 -0.01738709 -0.04430059 -0.03937041  0.00479374 -0.17221438
  0.00674944 -0.01664045 -0.09659949  0.00028573 -0.0256974  -0.0387124
  0.04817404]",[-0.25932692],-2.920991521904354
04,49003,"[-0.22344399 -0.01738709 -0.04430059 -0.03937041  0.00479374 -0.17221438
  0.00674944 -0.01664045 -0.09659949  0.00028573 -0.0256974  -0.0387124
  0.04817404]",[-0.07733755],-0.4143007544803743
04,49005,"[-0.22344399 -0.01738709 -0.04430059 -0.03937041  0.00479374 -0.17221438
  0.00674944 -0.01664045 -0.09659949  0.00028573 -0.0256974  -0.0387124
  0.04817404]",[-0.008251],0.5372855604869841
04,49007,"[-0.22344399 -0.01738709 -0.04430059 -0.03937041  0.00479374 -0.17221438
  0.00674944 -0.01664045 -0.09659949  0.00028573 -0.0256974  -0.0387124
  0.04817404]",[-0.05855833],-0.15563905049998447
04,49011,"[-0.22344399 -0.01738709 -0.04430059 -0.03937041  0.00479374 -0.17221438
  0.00674944 -0.01664045 -0.09659949  0.00028573 -0.0256974  -0.0387124
  0.04817404]",[-0.0006265],0.6423042037287634
04,49021,"[-0.22344399 -0.01738709 -0.04430059 -0.03937041  0.00479374 -0.17221438
  0.00674944 -0.01664045 -0.09659949  0.00028573 -0.0256974  -0.0387124
  0.04817404]",[-0.14740132],-1.3793472843297083
04,49035,"[-0.22344399 -0.01738709 -0.04430059 -0.03937041  0.00479374 -0.17221438
  0.00674944 -0.01664045 -0.09659949  0.00028573 -0.0256974  -0.0387124
  0.04817404]",[-0.00087741],0.6388482361512234
04,49037,"[-0.22344399 -0.01738709 -0.04430059 -0.03937041  0.00479374 -0.17221438
  0.00674944 -0.01664045 -0.09659949  0.00028573 -0.0256974  -0.0387124
  0.04817404]",[-0.38771201],-4.689346135990062
04,49039,"[-0.22344399 -0.01738709 -0.04430059 -0.03937041  0.00479374 -0.17221438
  0.00674944 -0.01664045 -0.09659949  0.00028573 -0.0256974  -0.0387124
  0.04817404]",[-0.32082684],-3.7680810395511544
04,49041,"[-0.22344399 -0.01738709 -0.04430059 -0.03937041  0.00479374 -0.17221438
  0.00674944 -0.01664045 -0.09659949  0.00028573 -0.0256974  -0.0387124
  0.04817404]",[-0.32209325],-3.785524437448594
04,49043,"[-0.22344399 -0.01738709 -0.04430059 -0.03937041  0.00479374 -0.17221438
  0.00674944 -0.01664045 -0.09659949  0.00028573 -0.0256974  -0.0387124
  0.04817404]",[-0.06910887],-0.3009603788593761
04,49047,"[-0.22344399 -0.01738709 -0.04430059 -0.03937041  0.00479374 -0.17221438
  0.00674944 -0.01664045 -0.09659949  0.00028573 -0.0256974  -0.0387124
  0.04817404]",[-0.19053333],-1.973440372994568
04,49045,"[-0.22344399 -0.01738709 -0.04430059 -0.03937041  0.00479374 -0.17221438
  0.00674944 -0.01664045 -0.09659949  0.00028573 -0.0256974  -0.0387124
  0.04817404]",[-0.1364545],-1.228567631410615
04,49049,"[-0.22344399 -0.01738709 -0.04430059 -0.03937041  0.00479374 -0.17221438
  0.00674944 -0.01664045 -0.09659949  0.00028573 -0.0256974  -0.0387124
  0.04817404]",[0.0070463],0.7479880358260105
04,49051,"[-0.22344399 -0.01738709 -0.04430059 -0.03937041  0.00479374 -0.17221438
  0.00674944 -0.01664045 -0.09659949  0.00028573 -0.0256974  -0.0387124
  0.04817404]",[-0.2241977],-2.437127594435161
04,49053,"[-0.22344399 -0.01738709 -0.04430059 -0.03937041  0.00479374 -0.17221438
  0.00674944 -0.01664045 -0.09659949  0.00028573 -0.0256974  -0.0387124
  0.04817404]",[-0.05849179],-0.1547225359371694
04,49057,"[-0.22344399 -0.01738709 -0.04430059 -0.03937041  0.00479374 -0.17221438
  0.00674944 -0.01664045 -0.09659949  0.00028573 -0.0256974  -0.0387124
  0.04817404]",[-0.00320905],0.6067325460164098
04,50001,"[-0.22344399 -0.01738709 -0.04430059 -0.03937041  0.00479374 -0.17221438
  0.00674944 -0.01664045 -0.09659949  0.00028573 -0.0256974  -0.0387124
  0.04817404]",[-0.19231141],-1.9979313020021598
04,50003,"[-0.22344399 -0.01738709 -0.04430059 -0.03937041  0.00479374 -0.17221438
  0.00674944 -0.01664045 -0.09659949  0.00028573 -0.0256974  -0.0387124
  0.04817404]",[-0.06422322],-0.23366628774254983
04,50005,"[-0.22344399 -0.01738709 -0.04430059 -0.03937041  0.00479374 -0.17221438
  0.00674944 -0.01664045 -0.09659949  0.00028573 -0.0256974  -0.0387124
  0.04817404]",[-0.11325714],-0.9090511581446252
04,50007,"[-0.22344399 -0.01738709 -0.04430059 -0.03937041  0.00479374 -0.17221438
  0.00674944 -0.01664045 -0.09659949  0.00028573 -0.0256974  -0.0387124
  0.04817404]",[0.05526243],1.4121088269094402
04,50015,"[-0.22344399 -0.01738709 -0.04430059 -0.03937041  0.00479374 -0.17221438
  0.00674944 -0.01664045 -0.09659949  0.00028573 -0.0256974  -0.0387124
  0.04817404]",[-0.1659756],-1.6351863417522836
04,50011,"[-0.22344399 -0.01738709 -0.04430059 -0.03937041  0.00479374 -0.17221438
  0.00674944 -0.01664045 -0.09659949  0.00028573 -0.0256974  -0.0387124
  0.04817404]",[-0.07577995],-0.39284671632677
04,50017,"[-0.22344399 -0.01738709 -0.04430059 -0.03937041  0.00479374 -0.17221438
  0.00674944 -0.01664045 -0.09659949  0.00028573 -0.0256974  -0.0387124
  0.04817404]",[-0.13525429],-1.2120362476299844
04,50019,"[-0.22344399 -0.01738709 -0.04430059 -0.03937041  0.00479374 -0.17221438
  0.00674944 -0.01664045 -0.09659949  0.00028573 -0.0256974  -0.0387124
  0.04817404]",[-0.23336467],-2.563391882668062
04,50021,"[-0.22344399 -0.01738709 -0.04430059 -0.03937041  0.00479374 -0.17221438
  0.00674944 -0.01664045 -0.09659949  0.00028573 -0.0256974  -0.0387124
  0.04817404]",[-0.04561739],0.02260733255034523
04,50023,"[-0.22344399 -0.01738709 -0.04430059 -0.03937041  0.00479374 -0.17221438
  0.00674944 -0.01664045 -0.09659949  0.00028573 -0.0256974  -0.0387124
  0.04817404]",[-0.03219387],0.2075006035811928
04,50025,"[-0.22344399 -0.01738709 -0.04430059 -0.03937041  0.00479374 -0.17221438
  0.00674944 -0.01664045 -0.09659949  0.00028573 -0.0256974  -0.0387124
  0.04817404]",[0.00566563],0.7289709199544441
04,50027,"[-0.22344399 -0.01738709 -0.04430059 -0.03937041  0.00479374 -0.17221438
  0.00674944 -0.01664045 -0.09659949  0.00028573 -0.0256974  -0.0387124
  0.04817404]",[-0.04275853],0.06198479109211855
04,51001,"[-0.22344399 -0.01738709 -0.04430059 -0.03937041  0.00479374 -0.17221438
  0.00674944 -0.01664045 -0.09659949  0.00028573 -0.0256974  -0.0387124
  0.04817404]",[-0.10637809],-0.8143002637827056
04,51003,"[-0.22344399 -0.01738709 -0.04430059 -0.03937041  0.00479374 -0.17221438
  0.00674944 -0.01664045 -0.09659949  0.00028573 -0.0256974  -0.0387124
  0.04817404]",[-0.07145899],-0.33333059070143073
04,51005,"[-0.22344399 -0.01738709 -0.04430059 -0.03937041  0.00479374 -0.17221438
  0.00674944 -0.01664045 -0.09659949  0.00028573 -0.0256974  -0.0387124
  0.04817404]",[-0.06150479],-0.19622309674775174
04,51009,"[-0.22344399 -0.01738709 -0.04430059 -0.03937041  0.00479374 -0.17221438
  0.00674944 -0.01664045 -0.09659949  0.00028573 -0.0256974  -0.0387124
  0.04817404]",[-0.07697966],-0.4093713172447993
04,51013,"[-0.22344399 -0.01738709 -0.04430059 -0.03937041  0.00479374 -0.17221438
  0.00674944 -0.01664045 -0.09659949  0.00028573 -0.0256974  -0.0387124
  0.04817404]",[-0.03149133],0.21717725028293774
04,51015,"[-0.22344399 -0.01738709 -0.04430059 -0.03937041  0.00479374 -0.17221438
  0.00674944 -0.01664045 -0.09659949  0.00028573 -0.0256974  -0.0387124
  0.04817404]",[-0.07268297],-0.35018943198832775
04,51023,"[-0.22344399 -0.01738709 -0.04430059 -0.03937041  0.00479374 -0.17221438
  0.00674944 -0.01664045 -0.09659949  0.00028573 -0.0256974  -0.0387124
  0.04817404]",[0.01090655],0.8011585075452434
04,51027,"[-0.22344399 -0.01738709 -0.04430059 -0.03937041  0.00479374 -0.17221438
  0.00674944 -0.01664045 -0.09659949  0.00028573 -0.0256974  -0.0387124
  0.04817404]",[-0.20619311],-2.1891354235534153
04,51025,"[-0.22344399 -0.01738709 -0.04430059 -0.03937041  0.00479374 -0.17221438
  0.00674944 -0.01664045 -0.09659949  0.00028573 -0.0256974  -0.0387124
  0.04817404]",[-0.20790079],-2.2126567506456714
04,51029,"[-0.22344399 -0.01738709 -0.04430059 -0.03937041  0.00479374 -0.17221438
  0.00674944 -0.01664045 -0.09659949  0.00028573 -0.0256974  -0.0387124
  0.04817404]",[-0.38639749],-4.671240064129562
04,51033,"[-0.22344399 -0.01738709 -0.04430059 -0.03937041  0.00479374 -0.17221438
  0.00674944 -0.01664045 -0.09659949  0.00028573 -0.0256974  -0.0387124
  0.04817404]",[-0.15131309],-1.4332274125401783
04,51031,"[-0.22344399 -0.01738709 -0.04430059 -0.03937041  0.00479374 -0.17221438
  0.00674944 -0.01664045 -0.09659949  0.00028573 -0.0256974  -0.0387124
  0.04817404]",[-0.14099399],-1.2910938617858456
04,51035,"[-0.22344399 -0.01738709 -0.04430059 -0.03937041  0.00479374 -0.17221438
  0.00674944 -0.01664045 -0.09659949  0.00028573 -0.0256974  -0.0387124
  0.04817404]",[-0.25931896],-2.920881990956374
04,51041,"[-0.22344399 -0.01738709 -0.04430059 -0.03937041  0.00479374 -0.17221438
  0.00674944 -0.01664045 -0.09659949  0.00028573 -0.0256974  -0.0387124
  0.04817404]",[-0.03216805],0.20785619786147536
04,51047,"[-0.22344399 -0.01738709 -0.04430059 -0.03937041  0.00479374 -0.17221438
  0.00674944 -0.01664045 -0.09659949  0.00028573 -0.0256974  -0.0387124
  0.04817404]",[-0.13858483],-1.2579105374945097
04,51051,"[-0.22344399 -0.01738709 -0.04430059 -0.03937041  0.00479374 -0.17221438
  0.00674944 -0.01664045 -0.09659949  0.00028573 -0.0256974  -0.0387124
  0.04817404]",[-0.42730128],-5.234641916107237
04,51059,"[-0.22344399 -0.01738709 -0.04430059 -0.03937041  0.00479374 -0.17221438
  0.00674944 -0.01664045 -0.09659949  0.00028573 -0.0256974  -0.0387124
  0.04817404]",[-0.00658472],0.5602366773817654
04,51061,"[-0.22344399 -0.01738709 -0.04430059 -0.03937041  0.00479374 -0.17221438
  0.00674944 -0.01664045 -0.09659949  0.00028573 -0.0256974  -0.0387124
  0.04817404]",[-0.07531934],-0.3865023426302791
04,51065,"[-0.22344399 -0.01738709 -0.04430059 -0.03937041  0.00479374 -0.17221438
  0.00674944 -0.01664045 -0.09659949  0.00028573 -0.0256974  -0.0387124
  0.04817404]",[-0.41176982],-5.020714307006519
04,51067,"[-0.22344399 -0.01738709 -0.04430059 -0.03937041  0.00479374 -0.17221438
  0.00674944 -0.01664045 -0.09659949  0.00028573 -0.0256974  -0.0387124
  0.04817404]",[-0.17010163],-1.6920174827405308
04,51069,"[-0.22344399 -0.01738709 -0.04430059 -0.03937041  0.00479374 -0.17221438
  0.00674944 -0.01664045 -0.09659949  0.00028573 -0.0256974  -0.0387124
  0.04817404]",[-0.03200388],0.2101174198788315
04,51071,"[-0.22344399 -0.01738709 -0.04430059 -0.03937041  0.00479374 -0.17221438
  0.00674944 -0.01664045 -0.09659949  0.00028573 -0.0256974  -0.0387124
  0.04817404]",[-0.3006705],-3.490450997676847
04,51075,"[-0.22344399 -0.01738709 -0.04430059 -0.03937041  0.00479374 -0.17221438
  0.00674944 -0.01664045 -0.09659949  0.00028573 -0.0256974  -0.0387124
  0.04817404]",[-0.24912509],-2.7804733545410967
04,51073,"[-0.22344399 -0.01738709 -0.04430059 -0.03937041  0.00479374 -0.17221438
  0.00674944 -0.01664045 -0.09659949  0.00028573 -0.0256974  -0.0387124
  0.04817404]",[-0.10401198],-0.7817099459235394
04,51077,"[-0.22344399 -0.01738709 -0.04430059 -0.03937041  0.00479374 -0.17221438
  0.00674944 -0.01664045 -0.09659949  0.00028573 -0.0256974  -0.0387124
  0.04817404]",[-0.3821106],-4.6121932553821
04,51083,"[-0.22344399 -0.01738709 -0.04430059 -0.03937041  0.00479374 -0.17221438
  0.00674944 -0.01664045 -0.09659949  0.00028573 -0.0256974  -0.0387124
  0.04817404]",[-0.20895994],-2.2272453559202914
04,51085,"[-0.22344399 -0.01738709 -0.04430059 -0.03937041  0.00479374 -0.17221438
  0.00674944 -0.01664045 -0.09659949  0.00028573 -0.0256974  -0.0387124
  0.04817404]",[0.03882519],1.1857050251683163
04,51087,"[-0.22344399 -0.01738709 -0.04430059 -0.03937041  0.00479374 -0.17221438
  0.00674944 -0.01664045 -0.09659949  0.00028573 -0.0256974  -0.0387124
  0.04817404]",[0.00028151],0.6548109070604965
04,51089,"[-0.22344399 -0.01738709 -0.04430059 -0.03937041  0.00479374 -0.17221438
  0.00674944 -0.01664045 -0.09659949  0.00028573 -0.0256974  -0.0387124
  0.04817404]",[-0.04041831],0.09421859723847163
04,51093,"[-0.22344399 -0.01738709 -0.04430059 -0.03937041  0.00479374 -0.17221438
  0.00674944 -0.01664045 -0.09659949  0.00028573 -0.0256974  -0.0387124
  0.04817404]",[-0.22250402],-2.413799185266466
04,51095,"[-0.22344399 -0.01738709 -0.04430059 -0.03937041  0.00479374 -0.17221438
  0.00674944 -0.01664045 -0.09659949  0.00028573 -0.0256974  -0.0387124
  0.04817404]",[-0.09366948],-0.6392540074312144
04,51099,"[-0.22344399 -0.01738709 -0.04430059 -0.03937041  0.00479374 -0.17221438
  0.00674944 -0.01664045 -0.09659949  0.00028573 -0.0256974  -0.0387124
  0.04817404]",[-0.2636819],-2.9809763921127503
04,51105,"[-0.22344399 -0.01738709 -0.04430059 -0.03937041  0.00479374 -0.17221438
  0.00674944 -0.01664045 -0.09659949  0.00028573 -0.0256974  -0.0387124
  0.04817404]",[-0.21199173],-2.2690047279407133
04,51101,"[-0.22344399 -0.01738709 -0.04430059 -0.03937041  0.00479374 -0.17221438
  0.00674944 -0.01664045 -0.09659949  0.00028573 -0.0256974  -0.0387124
  0.04817404]",[-0.30622103],-3.5669031816016497
04,51107,"[-0.22344399 -0.01738709 -0.04430059 -0.03937041  0.00479374 -0.17221438
  0.00674944 -0.01664045 -0.09659949  0.00028573 -0.0256974  -0.0387124
  0.04817404]",[-0.023289],0.330154696278685
04,51109,"[-0.22344399 -0.01738709 -0.04430059 -0.03937041  0.00479374 -0.17221438
  0.00674944 -0.01664045 -0.09659949  0.00028573 -0.0256974  -0.0387124
  0.04817404]",[-0.16029108],-1.5568886617277453
04,51117,"[-0.22344399 -0.01738709 -0.04430059 -0.03937041  0.00479374 -0.17221438
  0.00674944 -0.01664045 -0.09659949  0.00028573 -0.0256974  -0.0387124
  0.04817404]",[-0.11108778],-0.8791708227640338
04,51119,"[-0.22344399 -0.01738709 -0.04430059 -0.03937041  0.00479374 -0.17221438
  0.00674944 -0.01664045 -0.09659949  0.00028573 -0.0256974  -0.0387124
  0.04817404]",[-0.51225356],-6.404760324538595
04,51121,"[-0.22344399 -0.01738709 -0.04430059 -0.03937041  0.00479374 -0.17221438
  0.00674944 -0.01664045 -0.09659949  0.00028573 -0.0256974  -0.0387124
  0.04817404]",[-0.07215952],-0.34297952565786777
04,51135,"[-0.22344399 -0.01738709 -0.04430059 -0.03937041  0.00479374 -0.17221438
  0.00674944 -0.01664045 -0.09659949  0.00028573 -0.0256974  -0.0387124
  0.04817404]",[-0.37299835],-4.4866826642693916
04,51137,"[-0.22344399 -0.01738709 -0.04430059 -0.03937041  0.00479374 -0.17221438
  0.00674944 -0.01664045 -0.09659949  0.00028573 -0.0256974  -0.0387124
  0.04817404]",[0.13980655],2.576605302879584
04,51139,"[-0.22344399 -0.01738709 -0.04430059 -0.03937041  0.00479374 -0.17221438
  0.00674944 -0.01664045 -0.09659949  0.00028573 -0.0256974  -0.0387124
  0.04817404]",[-0.18453523],-1.8908234990891775
04,51141,"[-0.22344399 -0.01738709 -0.04430059 -0.03937041  0.00479374 -0.17221438
  0.00674944 -0.01664045 -0.09659949  0.00028573 -0.0256974  -0.0387124
  0.04817404]",[-0.16004961],-1.5535626997761351
04,51143,"[-0.22344399 -0.01738709 -0.04430059 -0.03937041  0.00479374 -0.17221438
  0.00674944 -0.01664045 -0.09659949  0.00028573 -0.0256974  -0.0387124
  0.04817404]",[0.04149653],1.2224996913409194
04,51145,"[-0.22344399 -0.01738709 -0.04430059 -0.03937041  0.00479374 -0.17221438
  0.00674944 -0.01664045 -0.09659949  0.00028573 -0.0256974  -0.0387124
  0.04817404]",[-0.20573545],-2.182831701975264
04,51147,"[-0.22344399 -0.01738709 -0.04430059 -0.03937041  0.00479374 -0.17221438
  0.00674944 -0.01664045 -0.09659949  0.00028573 -0.0256974  -0.0387124
  0.04817404]",[-0.17108547],-1.7055688053007436
04,51149,"[-0.22344399 -0.01738709 -0.04430059 -0.03937041  0.00479374 -0.17221438
  0.00674944 -0.01664045 -0.09659949  0.00028573 -0.0256974  -0.0387124
  0.04817404]",[-0.25364346],-2.8427085329860398
04,51153,"[-0.22344399 -0.01738709 -0.04430059 -0.03937041  0.00479374 -0.17221438
  0.00674944 -0.01664045 -0.09659949  0.00028573 -0.0256974  -0.0387124
  0.04817404]",[-0.01963252],0.3805185093866196
04,51161,"[-0.22344399 -0.01738709 -0.04430059 -0.03937041  0.00479374 -0.17221438
  0.00674944 -0.01664045 -0.09659949  0.00028573 -0.0256974  -0.0387124
  0.04817404]",[-0.13629062],-1.2263104754734948
04,51163,"[-0.22344399 -0.01738709 -0.04430059 -0.03937041  0.00479374 -0.17221438
  0.00674944 -0.01664045 -0.09659949  0.00028573 -0.0256974  -0.0387124
  0.04817404]",[-0.46110771],-5.700286076001117
04,51167,"[-0.22344399 -0.01738709 -0.04430059 -0.03937041  0.00479374 -0.17221438
  0.00674944 -0.01664045 -0.09659949  0.00028573 -0.0256974  -0.0387124
  0.04817404]",[-0.14935554],-1.4062643784782198
04,51165,"[-0.22344399 -0.01738709 -0.04430059 -0.03937041  0.00479374 -0.17221438
  0.00674944 -0.01664045 -0.09659949  0.00028573 -0.0256974  -0.0387124
  0.04817404]",[-0.00573556],0.5719328474584513
04,51169,"[-0.22344399 -0.01738709 -0.04430059 -0.03937041  0.00479374 -0.17221438
  0.00674944 -0.01664045 -0.09659949  0.00028573 -0.0256974  -0.0387124
  0.04817404]",[-0.22120409],-2.395894122963308
04,51171,"[-0.22344399 -0.01738709 -0.04430059 -0.03937041  0.00479374 -0.17221438
  0.00674944 -0.01664045 -0.09659949  0.00028573 -0.0256974  -0.0387124
  0.04817404]",[-0.09961821],-0.7211908354705266
04,51173,"[-0.22344399 -0.01738709 -0.04430059 -0.03937041  0.00479374 -0.17221438
  0.00674944 -0.01664045 -0.09659949  0.00028573 -0.0256974  -0.0387124
  0.04817404]",[-0.19629406],-2.052787672706096
04,51175,"[-0.22344399 -0.01738709 -0.04430059 -0.03937041  0.00479374 -0.17221438
  0.00674944 -0.01664045 -0.09659949  0.00028573 -0.0256974  -0.0387124
  0.04817404]",[0.05004394],1.3402302843751246
04,51177,"[-0.22344399 -0.01738709 -0.04430059 -0.03937041  0.00479374 -0.17221438
  0.00674944 -0.01664045 -0.09659949  0.00028573 -0.0256974  -0.0387124
  0.04817404]",[-0.04745518],-0.0027061546212334966
04,51179,"[-0.22344399 -0.01738709 -0.04430059 -0.03937041  0.00479374 -0.17221438
  0.00674944 -0.01664045 -0.09659949  0.00028573 -0.0256974  -0.0387124
  0.04817404]",[-0.07959835],-0.445440690867561
04,51183,"[-0.22344399 -0.01738709 -0.04430059 -0.03937041  0.00479374 -0.17221438
  0.00674944 -0.01664045 -0.09659949  0.00028573 -0.0256974  -0.0387124
  0.04817404]",[-0.35231113],-4.20174035775902
04,51185,"[-0.22344399 -0.01738709 -0.04430059 -0.03937041  0.00479374 -0.17221438
  0.00674944 -0.01664045 -0.09659949  0.00028573 -0.0256974  -0.0387124
  0.04817404]",[-0.23426845],-2.5758404581008945
04,51187,"[-0.22344399 -0.01738709 -0.04430059 -0.03937041  0.00479374 -0.17221438
  0.00674944 -0.01664045 -0.09659949  0.00028573 -0.0256974  -0.0387124
  0.04817404]",[-0.06138493],-0.19457210863012558
04,51191,"[-0.22344399 -0.01738709 -0.04430059 -0.03937041  0.00479374 -0.17221438
  0.00674944 -0.01664045 -0.09659949  0.00028573 -0.0256974  -0.0387124
  0.04817404]",[-0.04266585],0.06326136488275139
04,51193,"[-0.22344399 -0.01738709 -0.04430059 -0.03937041  0.00479374 -0.17221438
  0.00674944 -0.01664045 -0.09659949  0.00028573 -0.0256974  -0.0387124
  0.04817404]",[-0.24570592],-2.7333781932741923
04,51195,"[-0.22344399 -0.01738709 -0.04430059 -0.03937041  0.00479374 -0.17221438
  0.00674944 -0.01664045 -0.09659949  0.00028573 -0.0256974  -0.0387124
  0.04817404]",[0.05456208],1.4024623458921697
04,51197,"[-0.22344399 -0.01738709 -0.04430059 -0.03937041  0.00479374 -0.17221438
  0.00674944 -0.01664045 -0.09659949  0.00028573 -0.0256974  -0.0387124
  0.04817404]",[-0.15091637],-1.4277630217980768
04,51199,"[-0.22344399 -0.01738709 -0.04430059 -0.03937041  0.00479374 -0.17221438
  0.00674944 -0.01664045 -0.09659949  0.00028573 -0.0256974  -0.0387124
  0.04817404]",[-0.09230021],-0.6203939016258666
04,51510,"[-0.22344399 -0.01738709 -0.04430059 -0.03937041  0.00479374 -0.17221438
  0.00674944 -0.01664045 -0.09659949  0.00028573 -0.0256974  -0.0387124
  0.04817404]",[-0.03771983],0.13138691668467467
04,51520,"[-0.22344399 -0.01738709 -0.04430059 -0.03937041  0.00479374 -0.17221438
  0.00674944 -0.01664045 -0.09659949  0.00028573 -0.0256974  -0.0387124
  0.04817404]",[-0.26525163],-3.002597543459499
04,51540,"[-0.22344399 -0.01738709 -0.04430059 -0.03937041  0.00479374 -0.17221438
  0.00674944 -0.01664045 -0.09659949  0.00028573 -0.0256974  -0.0387124
  0.04817404]",[-0.06719634],-0.2746174882786005
04,51550,"[-0.22344399 -0.01738709 -0.04430059 -0.03937041  0.00479374 -0.17221438
  0.00674944 -0.01664045 -0.09659949  0.00028573 -0.0256974  -0.0387124
  0.04817404]",[-0.01220214],0.48286323176595114
04,51570,"[-0.22344399 -0.01738709 -0.04430059 -0.03937041  0.00479374 -0.17221438
  0.00674944 -0.01664045 -0.09659949  0.00028573 -0.0256974  -0.0387124
  0.04817404]",[-0.3290881],-3.881870236546572
04,51590,"[-0.22344399 -0.01738709 -0.04430059 -0.03937041  0.00479374 -0.17221438
  0.00674944 -0.01664045 -0.09659949  0.00028573 -0.0256974  -0.0387124
  0.04817404]",[-0.10281492],-0.7652218508296582
04,51630,"[-0.22344399 -0.01738709 -0.04430059 -0.03937041  0.00479374 -0.17221438
  0.00674944 -0.01664045 -0.09659949  0.00028573 -0.0256974  -0.0387124
  0.04817404]",[-0.15592123],-1.496699156342501
04,51600,"[-0.22344399 -0.01738709 -0.04430059 -0.03937041  0.00479374 -0.17221438
  0.00674944 -0.01664045 -0.09659949  0.00028573 -0.0256974  -0.0387124
  0.04817404]",[-0.26509287],-3.000410803053674
04,51650,"[-0.22344399 -0.01738709 -0.04430059 -0.03937041  0.00479374 -0.17221438
  0.00674944 -0.01664045 -0.09659949  0.00028573 -0.0256974  -0.0387124
  0.04817404]",[-0.02524282],0.3032431821263727
04,51660,"[-0.22344399 -0.01738709 -0.04430059 -0.03937041  0.00479374 -0.17221438
  0.00674944 -0.01664045 -0.09659949  0.00028573 -0.0256974  -0.0387124
  0.04817404]",[-0.08631657],-0.5379762751534388
04,51670,"[-0.22344399 -0.01738709 -0.04430059 -0.03937041  0.00479374 -0.17221438
  0.00674944 -0.01664045 -0.09659949  0.00028573 -0.0256974  -0.0387124
  0.04817404]",[-0.10629962],-0.813219471891447
04,51680,"[-0.22344399 -0.01738709 -0.04430059 -0.03937041  0.00479374 -0.17221438
  0.00674944 -0.01664045 -0.09659949  0.00028573 -0.0256974  -0.0387124
  0.04817404]",[-0.06829815],-0.2897936661523063
04,51683,"[-0.22344399 -0.01738709 -0.04430059 -0.03937041  0.00479374 -0.17221438
  0.00674944 -0.01664045 -0.09659949  0.00028573 -0.0256974  -0.0387124
  0.04817404]",[-0.09633322],-0.6759439260613108
04,51690,"[-0.22344399 -0.01738709 -0.04430059 -0.03937041  0.00479374 -0.17221438
  0.00674944 -0.01664045 -0.09659949  0.00028573 -0.0256974  -0.0387124
  0.04817404]",[-0.21276878],-2.2797077013990066
04,51700,"[-0.22344399 -0.01738709 -0.04430059 -0.03937041  0.00479374 -0.17221438
  0.00674944 -0.01664045 -0.09659949  0.00028573 -0.0256974  -0.0387124
  0.04817404]",[-0.00249832],0.6165220592452298
04,51710,"[-0.22344399 -0.01738709 -0.04430059 -0.03937041  0.00479374 -0.17221438
  0.00674944 -0.01664045 -0.09659949  0.00028573 -0.0256974  -0.0387124
  0.04817404]",[-0.02064718],0.3665427005266455
04,51730,"[-0.22344399 -0.01738709 -0.04430059 -0.03937041  0.00479374 -0.17221438
  0.00674944 -0.01664045 -0.09659949  0.00028573 -0.0256974  -0.0387124
  0.04817404]",[-0.0874881],-0.5541127570121872
04,51735,"[-0.22344399 -0.01738709 -0.04430059 -0.03937041  0.00479374 -0.17221438
  0.00674944 -0.01664045 -0.09659949  0.00028573 -0.0256974  -0.0387124
  0.04817404]",[-0.19895781],-2.089477723644087
04,51740,"[-0.22344399 -0.01738709 -0.04430059 -0.03937041  0.00479374 -0.17221438
  0.00674944 -0.01664045 -0.09659949  0.00028573 -0.0256974  -0.0387124
  0.04817404]",[-0.08243668],-0.4845353181427876
04,51760,"[-0.22344399 -0.01738709 -0.04430059 -0.03937041  0.00479374 -0.17221438
  0.00674944 -0.01664045 -0.09659949  0.00028573 -0.0256974  -0.0387124
  0.04817404]",[-0.01087301],0.5011704875593155
04,51770,"[-0.22344399 -0.01738709 -0.04430059 -0.03937041  0.00479374 -0.17221438
  0.00674944 -0.01664045 -0.09659949  0.00028573 -0.0256974  -0.0387124
  0.04817404]",[-0.03619478],0.1523927808640036
04,51775,"[-0.22344399 -0.01738709 -0.04430059 -0.03937041  0.00479374 -0.17221438
  0.00674944 -0.01664045 -0.09659949  0.00028573 -0.0256974  -0.0387124
  0.04817404]",[-0.15211749],-1.4443071125655116
04,51790,"[-0.22344399 -0.01738709 -0.04430059 -0.03937041  0.00479374 -0.17221438
  0.00674944 -0.01664045 -0.09659949  0.00028573 -0.0256974  -0.0387124
  0.04817404]",[-0.21560717],-2.31880321069037
04,51800,"[-0.22344399 -0.01738709 -0.04430059 -0.03937041  0.00479374 -0.17221438
  0.00674944 -0.01664045 -0.09659949  0.00028573 -0.0256974  -0.0387124
  0.04817404]",[0.00894607],0.7741551185503147
04,51810,"[-0.22344399 -0.01738709 -0.04430059 -0.03937041  0.00479374 -0.17221438
  0.00674944 -0.01664045 -0.09659949  0.00028573 -0.0256974  -0.0387124
  0.04817404]",[-0.00792498],0.541776201943097
04,51820,"[-0.22344399 -0.01738709 -0.04430059 -0.03937041  0.00479374 -0.17221438
  0.00674944 -0.01664045 -0.09659949  0.00028573 -0.0256974  -0.0387124
  0.04817404]",[-0.31785587],-3.7271594244267106
04,51840,"[-0.22344399 -0.01738709 -0.04430059 -0.03937041  0.00479374 -0.17221438
  0.00674944 -0.01664045 -0.09659949  0.00028573 -0.0256974  -0.0387124
  0.04817404]",[-0.25328528],-2.8377749938609456
04,53001,"[-0.22344399 -0.01738709 -0.04430059 -0.03937041  0.00479374 -0.17221438
  0.00674944 -0.01664045 -0.09659949  0.00028573 -0.0256974  -0.0387124
  0.04817404]",[-0.33963567],-4.027150652426455
04,53003,"[-0.22344399 -0.01738709 -0.04430059 -0.03937041  0.00479374 -0.17221438
  0.00674944 -0.01664045 -0.09659949  0.00028573 -0.0256974  -0.0387124
  0.04817404]",[-0.00762946],0.5458466412556884
04,53005,"[-0.22344399 -0.01738709 -0.04430059 -0.03937041  0.00479374 -0.17221438
  0.00674944 -0.01664045 -0.09659949  0.00028573 -0.0256974  -0.0387124
  0.04817404]",[-0.03135486],0.21905693660602893
04,53007,"[-0.22344399 -0.01738709 -0.04430059 -0.03937041  0.00479374 -0.17221438
  0.00674944 -0.01664045 -0.09659949  0.00028573 -0.0256974  -0.0387124
  0.04817404]",[-0.08403375],-0.5065331344623708
04,53009,"[-0.22344399 -0.01738709 -0.04430059 -0.03937041  0.00479374 -0.17221438
  0.00674944 -0.01664045 -0.09659949  0.00028573 -0.0256974  -0.0387124
  0.04817404]",[-0.07919766],-0.43992159252579305
04,53011,"[-0.22344399 -0.01738709 -0.04430059 -0.03937041  0.00479374 -0.17221438
  0.00674944 -0.01664045 -0.09659949  0.00028573 -0.0256974  -0.0387124
  0.04817404]",[0.03967334],1.1973874062342365
04,53015,"[-0.22344399 -0.01738709 -0.04430059 -0.03937041  0.00479374 -0.17221438
  0.00674944 -0.01664045 -0.09659949  0.00028573 -0.0256974  -0.0387124
  0.04817404]",[-0.05055301],-0.045375117020287084
04,53021,"[-0.22344399 -0.01738709 -0.04430059 -0.03937041  0.00479374 -0.17221438
  0.00674944 -0.01664045 -0.09659949  0.00028573 -0.0256974  -0.0387124
  0.04817404]",[-0.13856003],-1.257568959108037
04,53017,"[-0.22344399 -0.01738709 -0.04430059 -0.03937041  0.00479374 -0.17221438
  0.00674944 -0.01664045 -0.09659949  0.00028573 -0.0256974  -0.0387124
  0.04817404]",[-0.0421519],0.07034039706671534
04,53025,"[-0.22344399 -0.01738709 -0.04430059 -0.03937041  0.00479374 -0.17221438
  0.00674944 -0.01664045 -0.09659949  0.00028573 -0.0256974  -0.0387124
  0.04817404]",[-0.16004271],-1.5534676961629015
04,53027,"[-0.22344399 -0.01738709 -0.04430059 -0.03937041  0.00479374 -0.17221438
  0.00674944 -0.01664045 -0.09659949  0.00028573 -0.0256974  -0.0387124
  0.04817404]",[-0.12560732],-1.0791603893170942
04,53029,"[-0.22344399 -0.01738709 -0.04430059 -0.03937041  0.00479374 -0.17221438
  0.00674944 -0.01664045 -0.09659949  0.00028573 -0.0256974  -0.0387124
  0.04817404]",[-0.03279136],0.19927079299944725
04,53031,"[-0.22344399 -0.01738709 -0.04430059 -0.03937041  0.00479374 -0.17221438
  0.00674944 -0.01664045 -0.09659949  0.00028573 -0.0256974  -0.0387124
  0.04817404]",[-0.17942843],-1.8204833514849328
04,53033,"[-0.22344399 -0.01738709 -0.04430059 -0.03937041  0.00479374 -0.17221438
  0.00674944 -0.01664045 -0.09659949  0.00028573 -0.0256974  -0.0387124
  0.04817404]",[0.00377853],0.7029783676986845
04,53035,"[-0.22344399 -0.01738709 -0.04430059 -0.03937041  0.00479374 -0.17221438
  0.00674944 -0.01664045 -0.09659949  0.00028573 -0.0256974  -0.0387124
  0.04817404]",[-0.00561575],0.573583123142572
04,53037,"[-0.22344399 -0.01738709 -0.04430059 -0.03937041  0.00479374 -0.17221438
  0.00674944 -0.01664045 -0.09659949  0.00028573 -0.0256974  -0.0387124
  0.04817404]",[-0.15932767],-1.5436188954997785
04,53041,"[-0.22344399 -0.01738709 -0.04430059 -0.03937041  0.00479374 -0.17221438
  0.00674944 -0.01664045 -0.09659949  0.00028573 -0.0256974  -0.0387124
  0.04817404]",[0.00045033],0.6571363368420433
04,53043,"[-0.22344399 -0.01738709 -0.04430059 -0.03937041  0.00479374 -0.17221438
  0.00674944 -0.01664045 -0.09659949  0.00028573 -0.0256974  -0.0387124
  0.04817404]",[-0.20831916],-2.2184192699226566
04,53045,"[-0.22344399 -0.01738709 -0.04430059 -0.03937041  0.00479374 -0.17221438
  0.00674944 -0.01664045 -0.09659949  0.00028573 -0.0256974  -0.0387124
  0.04817404]",[-0.09842556],-0.7047635376219498
04,53047,"[-0.22344399 -0.01738709 -0.04430059 -0.03937041  0.00479374 -0.17221438
  0.00674944 -0.01664045 -0.09659949  0.00028573 -0.0256974  -0.0387124
  0.04817404]",[-0.10103291],-0.7406766741632042
04,53049,"[-0.22344399 -0.01738709 -0.04430059 -0.03937041  0.00479374 -0.17221438
  0.00674944 -0.01664045 -0.09659949  0.00028573 -0.0256974  -0.0387124
  0.04817404]",[-0.0919027],-0.6149187350313208
04,53051,"[-0.22344399 -0.01738709 -0.04430059 -0.03937041  0.00479374 -0.17221438
  0.00674944 -0.01664045 -0.09659949  0.00028573 -0.0256974  -0.0387124
  0.04817404]",[-0.27568739],-3.146337981368041
04,53053,"[-0.22344399 -0.01738709 -0.04430059 -0.03937041  0.00479374 -0.17221438
  0.00674944 -0.01664045 -0.09659949  0.00028573 -0.0256974  -0.0387124
  0.04817404]",[-0.00327538],0.6058190044447425
04,53055,"[-0.22344399 -0.01738709 -0.04430059 -0.03937041  0.00479374 -0.17221438
  0.00674944 -0.01664045 -0.09659949  0.00028573 -0.0256974  -0.0387124
  0.04817404]",[-0.26643757],-3.0189325373796616
04,53057,"[-0.22344399 -0.01738709 -0.04430059 -0.03937041  0.00479374 -0.17221438
  0.00674944 -0.01664045 -0.09659949  0.00028573 -0.0256974  -0.0387124
  0.04817404]",[-0.03900972],0.1136202229264298
04,53059,"[-0.22344399 -0.01738709 -0.04430059 -0.03937041  0.00479374 -0.17221438
  0.00674944 -0.01664045 -0.09659949  0.00028573 -0.0256974  -0.0387124
  0.04817404]",[-0.30457611],-3.544246292711067
04,53061,"[-0.22344399 -0.01738709 -0.04430059 -0.03937041  0.00479374 -0.17221438
  0.00674944 -0.01664045 -0.09659949  0.00028573 -0.0256974  -0.0387124
  0.04817404]",[-0.00815174],0.538652825496674
04,53063,"[-0.22344399 -0.01738709 -0.04430059 -0.03937041  0.00479374 -0.17221438
  0.00674944 -0.01664045 -0.09659949  0.00028573 -0.0256974  -0.0387124
  0.04817404]",[-0.01710251],0.4153664550714676
04,53065,"[-0.22344399 -0.01738709 -0.04430059 -0.03937041  0.00479374 -0.17221438
  0.00674944 -0.01664045 -0.09659949  0.00028573 -0.0256974  -0.0387124
  0.04817404]",[-0.1472774],-1.3776404861888758
04,53067,"[-0.22344399 -0.01738709 -0.04430059 -0.03937041  0.00479374 -0.17221438
  0.00674944 -0.01664045 -0.09659949  0.00028573 -0.0256974  -0.0387124
  0.04817404]",[-0.05019216],-0.04040477996393496
04,53071,"[-0.22344399 -0.01738709 -0.04430059 -0.03937041  0.00479374 -0.17221438
  0.00674944 -0.01664045 -0.09659949  0.00028573 -0.0256974  -0.0387124
  0.04817404]",[-0.15735569],-1.5164571623659318
04,53073,"[-0.22344399 -0.01738709 -0.04430059 -0.03937041  0.00479374 -0.17221438
  0.00674944 -0.01664045 -0.09659949  0.00028573 -0.0256974  -0.0387124
  0.04817404]",[-0.04745232],-0.002666700497779949
04,53075,"[-0.22344399 -0.01738709 -0.04430059 -0.03937041  0.00479374 -0.17221438
  0.00674944 -0.01664045 -0.09659949  0.00028573 -0.0256974  -0.0387124
  0.04817404]",[-0.00521618],0.5790867176357442
04,53077,"[-0.22344399 -0.01738709 -0.04430059 -0.03937041  0.00479374 -0.17221438
  0.00674944 -0.01664045 -0.09659949  0.00028573 -0.0256974  -0.0387124
  0.04817404]",[-0.04848146],-0.01684193508751297
04,54001,"[-0.22344399 -0.01738709 -0.04430059 -0.03937041  0.00479374 -0.17221438
  0.00674944 -0.01664045 -0.09659949  0.00028573 -0.0256974  -0.0387124
  0.04817404]",[-0.50258395],-6.2715726959018285
04,54003,"[-0.22344399 -0.01738709 -0.04430059 -0.03937041  0.00479374 -0.17221438
  0.00674944 -0.01664045 -0.09659949  0.00028573 -0.0256974  -0.0387124
  0.04817404]",[-0.07262012],-0.3493237510541363
04,54005,"[-0.22344399 -0.01738709 -0.04430059 -0.03937041  0.00479374 -0.17221438
  0.00674944 -0.01664045 -0.09659949  0.00028573 -0.0256974  -0.0387124
  0.04817404]",[-0.23188012],-2.5429440111466084
04,54009,"[-0.22344399 -0.01738709 -0.04430059 -0.03937041  0.00479374 -0.17221438
  0.00674944 -0.01664045 -0.09659949  0.00028573 -0.0256974  -0.0387124
  0.04817404]",[-0.2118117],-2.266524922582648
04,54011,"[-0.22344399 -0.01738709 -0.04430059 -0.03937041  0.00479374 -0.17221438
  0.00674944 -0.01664045 -0.09659949  0.00028573 -0.0256974  -0.0387124
  0.04817404]",[-0.05153817],-0.058944551936770916
04,54019,"[-0.22344399 -0.01738709 -0.04430059 -0.03937041  0.00479374 -0.17221438
  0.00674944 -0.01664045 -0.09659949  0.00028573 -0.0256974  -0.0387124
  0.04817404]",[-0.05431393],-0.09717742034660765
04,54025,"[-0.22344399 -0.01738709 -0.04430059 -0.03937041  0.00479374 -0.17221438
  0.00674944 -0.01664045 -0.09659949  0.00028573 -0.0256974  -0.0387124
  0.04817404]",[-0.23080125],-2.5280838082197525
04,54027,"[-0.22344399 -0.01738709 -0.04430059 -0.03937041  0.00479374 -0.17221438
  0.00674944 -0.01664045 -0.09659949  0.00028573 -0.0256974  -0.0387124
  0.04817404]",[-0.38084732],-4.594792947294221
04,54029,"[-0.22344399 -0.01738709 -0.04430059 -0.03937041  0.00479374 -0.17221438
  0.00674944 -0.01664045 -0.09659949  0.00028573 -0.0256974  -0.0387124
  0.04817404]",[-0.03427777],0.17879732948910781
04,54035,"[-0.22344399 -0.01738709 -0.04430059 -0.03937041  0.00479374 -0.17221438
  0.00674944 -0.01664045 -0.09659949  0.00028573 -0.0256974  -0.0387124
  0.04817404]",[-0.21626925],-2.3279225109024884
04,54033,"[-0.22344399 -0.01738709 -0.04430059 -0.03937041  0.00479374 -0.17221438
  0.00674944 -0.01664045 -0.09659949  0.00028573 -0.0256974  -0.0387124
  0.04817404]",[-0.0735852],-0.36261664457982096
04,54037,"[-0.22344399 -0.01738709 -0.04430059 -0.03937041  0.00479374 -0.17221438
  0.00674944 -0.01664045 -0.09659949  0.00028573 -0.0256974  -0.0387124
  0.04817404]",[-0.10102231],-0.740530709187591
04,54039,"[-0.22344399 -0.01738709 -0.04430059 -0.03937041  0.00479374 -0.17221438
  0.00674944 -0.01664045 -0.09659949  0.00028573 -0.0256974  -0.0387124
  0.04817404]",[-0.032862],0.19829793713178284
04,54041,"[-0.22344399 -0.01738709 -0.04430059 -0.03937041  0.00479374 -0.17221438
  0.00674944 -0.01664045 -0.09659949  0.00028573 -0.0256974  -0.0387124
  0.04817404]",[-0.11216984],-0.8940748304129049
04,54043,"[-0.22344399 -0.01738709 -0.04430059 -0.03937041  0.00479374 -0.17221438
  0.00674944 -0.01664045 -0.09659949  0.00028573 -0.0256974  -0.0387124
  0.04817404]",[-0.14819162],-1.3902328113178921
04,54045,"[-0.22344399 -0.01738709 -0.04430059 -0.03937041  0.00479374 -0.17221438
  0.00674944 -0.01664045 -0.09659949  0.00028573 -0.0256974  -0.0387124
  0.04817404]",[-0.17801991],-1.801082548836877
04,54047,"[-0.22344399 -0.01738709 -0.04430059 -0.03937041  0.00479374 -0.17221438
  0.00674944 -0.01664045 -0.09659949  0.00028573 -0.0256974  -0.0387124
  0.04817404]",[-0.15642411],-1.5036257106077953
04,54049,"[-0.22344399 -0.01738709 -0.04430059 -0.03937041  0.00479374 -0.17221438
  0.00674944 -0.01664045 -0.09659949  0.00028573 -0.0256974  -0.0387124
  0.04817404]",[0.06614831],1.5620491245756833
04,54051,"[-0.22344399 -0.01738709 -0.04430059 -0.03937041  0.00479374 -0.17221438
  0.00674944 -0.01664045 -0.09659949  0.00028573 -0.0256974  -0.0387124
  0.04817404]",[-0.15388657],-1.4686740754833232
04,54053,"[-0.22344399 -0.01738709 -0.04430059 -0.03937041  0.00479374 -0.17221438
  0.00674944 -0.01664045 -0.09659949  0.00028573 -0.0256974  -0.0387124
  0.04817404]",[-0.33966233],-4.027517914937509
04,54057,"[-0.22344399 -0.01738709 -0.04430059 -0.03937041  0.00479374 -0.17221438
  0.00674944 -0.01664045 -0.09659949  0.00028573 -0.0256974  -0.0387124
  0.04817404]",[-0.03716628],0.139011395092815
04,54055,"[-0.22344399 -0.01738709 -0.04430059 -0.03937041  0.00479374 -0.17221438
  0.00674944 -0.01664045 -0.09659949  0.00028573 -0.0256974  -0.0387124
  0.04817404]",[-0.119795],-0.9991026133555235
04,54059,"[-0.22344399 -0.01738709 -0.04430059 -0.03937041  0.00479374 -0.17221438
  0.00674944 -0.01664045 -0.09659949  0.00028573 -0.0256974  -0.0387124
  0.04817404]",[-0.28604017],-3.288935361014386
04,54061,"[-0.22344399 -0.01738709 -0.04430059 -0.03937041  0.00479374 -0.17221438
  0.00674944 -0.01664045 -0.09659949  0.00028573 -0.0256974  -0.0387124
  0.04817404]",[-0.03203684],0.20966344165607598
04,54065,"[-0.22344399 -0.01738709 -0.04430059 -0.03937041  0.00479374 -0.17221438
  0.00674944 -0.01664045 -0.09659949  0.00028573 -0.0256974  -0.0387124
  0.04817404]",[-0.30843207],-3.597357594701117
04,54067,"[-0.22344399 -0.01738709 -0.04430059 -0.03937041  0.00479374 -0.17221438
  0.00674944 -0.01664045 -0.09659949  0.00028573 -0.0256974  -0.0387124
  0.04817404]",[-0.26750394],-3.0336204317817956
04,54069,"[-0.22344399 -0.01738709 -0.04430059 -0.03937041  0.00479374 -0.17221438
  0.00674944 -0.01664045 -0.09659949  0.00028573 -0.0256974  -0.0387124
  0.04817404]",[-0.05761582],-0.14265703546139882
04,54077,"[-0.22344399 -0.01738709 -0.04430059 -0.03937041  0.00479374 -0.17221438
  0.00674944 -0.01664045 -0.09659949  0.00028573 -0.0256974  -0.0387124
  0.04817404]",[-0.04799198],-0.01009996729419677
04,54075,"[-0.22344399 -0.01738709 -0.04430059 -0.03937041  0.00479374 -0.17221438
  0.00674944 -0.01664045 -0.09659949  0.00028573 -0.0256974  -0.0387124
  0.04817404]",[-0.34894168],-4.155330052759741
04,54079,"[-0.22344399 -0.01738709 -0.04430059 -0.03937041  0.00479374 -0.17221438
  0.00674944 -0.01664045 -0.09659949  0.00028573 -0.0256974  -0.0387124
  0.04817404]",[-0.00487231],0.5838230900589033
04,54081,"[-0.22344399 -0.01738709 -0.04430059 -0.03937041  0.00479374 -0.17221438
  0.00674944 -0.01664045 -0.09659949  0.00028573 -0.0256974  -0.0387124
  0.04817404]",[0.05625995],1.425848558089592
04,54083,"[-0.22344399 -0.01738709 -0.04430059 -0.03937041  0.00479374 -0.17221438
  0.00674944 -0.01664045 -0.09659949  0.00028573 -0.0256974  -0.0387124
  0.04817404]",[-0.22174276],-2.403313684140421
04,54089,"[-0.22344399 -0.01738709 -0.04430059 -0.03937041  0.00479374 -0.17221438
  0.00674944 -0.01664045 -0.09659949  0.00028573 -0.0256974  -0.0387124
  0.04817404]",[-0.35805597],-4.280868738885918
04,54087,"[-0.22344399 -0.01738709 -0.04430059 -0.03937041  0.00479374 -0.17221438
  0.00674944 -0.01664045 -0.09659949  0.00028573 -0.0256974  -0.0387124
  0.04817404]",[-0.04551718],0.023987606066181458
04,54091,"[-0.22344399 -0.01738709 -0.04430059 -0.03937041  0.00479374 -0.17221438
  0.00674944 -0.01664045 -0.09659949  0.00028573 -0.0256974  -0.0387124
  0.04817404]",[-0.32241227],-3.7899185701689246
04,54097,"[-0.22344399 -0.01738709 -0.04430059 -0.03937041  0.00479374 -0.17221438
  0.00674944 -0.01664045 -0.09659949  0.00028573 -0.0256974  -0.0387124
  0.04817404]",[0.00819787],0.7638496034717542
04,54103,"[-0.22344399 -0.01738709 -0.04430059 -0.03937041  0.00479374 -0.17221438
  0.00674944 -0.01664045 -0.09659949  0.00028573 -0.0256974  -0.0387124
  0.04817404]",[-0.29491235],-3.411139245020724
04,54099,"[-0.22344399 -0.01738709 -0.04430059 -0.03937041  0.00479374 -0.17221438
  0.00674944 -0.01664045 -0.09659949  0.00028573 -0.0256974  -0.0387124
  0.04817404]",[0.08805036],1.8637242217157004
04,54107,"[-0.22344399 -0.01738709 -0.04430059 -0.03937041  0.00479374 -0.17221438
  0.00674944 -0.01664045 -0.09659949  0.00028573 -0.0256974  -0.0387124
  0.04817404]",[-0.01837147],0.3978879600527358
04,54109,"[-0.22344399 -0.01738709 -0.04430059 -0.03937041  0.00479374 -0.17221438
  0.00674944 -0.01664045 -0.09659949  0.00028573 -0.0256974  -0.0387124
  0.04817404]",[-0.21529423],-2.314492789439064
04,55001,"[-0.22344399 -0.01738709 -0.04430059 -0.03937041  0.00479374 -0.17221438
  0.00674944 -0.01664045 -0.09659949  0.00028573 -0.0256974  -0.0387124
  0.04817404]",[-0.22501994],-2.448453075197561
04,55003,"[-0.22344399 -0.01738709 -0.04430059 -0.03937041  0.00479374 -0.17221438
  0.00674944 -0.01664045 -0.09659949  0.00028573 -0.0256974  -0.0387124
  0.04817404]",[-0.24299231],-2.696001395181926
04,55005,"[-0.22344399 -0.01738709 -0.04430059 -0.03937041  0.00479374 -0.17221438
  0.00674944 -0.01664045 -0.09659949  0.00028573 -0.0256974  -0.0387124
  0.04817404]",[-0.01371423],0.4620360692745167
04,55007,"[-0.22344399 -0.01738709 -0.04430059 -0.03937041  0.00479374 -0.17221438
  0.00674944 -0.01664045 -0.09659949  0.00028573 -0.0256974  -0.0387124
  0.04817404]",[-0.22791897],-2.4883837348727424
04,55009,"[-0.22344399 -0.01738709 -0.04430059 -0.03937041  0.00479374 -0.17221438
  0.00674944 -0.01664045 -0.09659949  0.00028573 -0.0256974  -0.0387124
  0.04817404]",[0.00727219],0.7510994432779525
04,55011,"[-0.22344399 -0.01738709 -0.04430059 -0.03937041  0.00479374 -0.17221438
  0.00674944 -0.01664045 -0.09659949  0.00028573 -0.0256974  -0.0387124
  0.04817404]",[-0.31595246],-3.700942180798472
04,55013,"[-0.22344399 -0.01738709 -0.04430059 -0.03937041  0.00479374 -0.17221438
  0.00674944 -0.01664045 -0.09659949  0.00028573 -0.0256974  -0.0387124
  0.04817404]",[-0.25972658],-2.926496392984596
04,55015,"[-0.22344399 -0.01738709 -0.04430059 -0.03937041  0.00479374 -0.17221438
  0.00674944 -0.01664045 -0.09659949  0.00028573 -0.0256974  -0.0387124
  0.04817404]",[-0.1199801],-1.0016520297429083
04,55017,"[-0.22344399 -0.01738709 -0.04430059 -0.03937041  0.00479374 -0.17221438
  0.00674944 -0.01664045 -0.09659949  0.00028573 -0.0256974  -0.0387124
  0.04817404]",[-0.01647683],0.42398444448071765
04,55019,"[-0.22344399 -0.01738709 -0.04430059 -0.03937041  0.00479374 -0.17221438
  0.00674944 -0.01664045 -0.09659949  0.00028573 -0.0256974  -0.0387124
  0.04817404]",[-0.21445839],-2.3029800607611777
04,55021,"[-0.22344399 -0.01738709 -0.04430059 -0.03937041  0.00479374 -0.17221438
  0.00674944 -0.01664045 -0.09659949  0.00028573 -0.0256974  -0.0387124
  0.04817404]",[-0.15586713],-1.4959539584671095
04,55023,"[-0.22344399 -0.01738709 -0.04430059 -0.03937041  0.00479374 -0.17221438
  0.00674944 -0.01664045 -0.09659949  0.00028573 -0.0256974  -0.0387124
  0.04817404]",[-0.3680859],-4.419019395824182
04,55025,"[-0.22344399 -0.01738709 -0.04430059 -0.03937041  0.00479374 -0.17221438
  0.00674944 -0.01664045 -0.09659949  0.00028573 -0.0256974  -0.0387124
  0.04817404]",[0.00975399],0.7852833044800488
04,55027,"[-0.22344399 -0.01738709 -0.04430059 -0.03937041  0.00479374 -0.17221438
  0.00674944 -0.01664045 -0.09659949  0.00028573 -0.0256974  -0.0387124
  0.04817404]",[-0.11285332],-0.9034890526308302
04,55029,"[-0.22344399 -0.01738709 -0.04430059 -0.03937041  0.00479374 -0.17221438
  0.00674944 -0.01664045 -0.09659949  0.00028573 -0.0256974  -0.0387124
  0.04817404]",[-0.24618311],-2.7399510238531253
04,55031,"[-0.22344399 -0.01738709 -0.04430059 -0.03937041  0.00479374 -0.17221438
  0.00674944 -0.01664045 -0.09659949  0.00028573 -0.0256974  -0.0387124
  0.04817404]",[-0.11175675],-0.8883850281061976
04,55033,"[-0.22344399 -0.01738709 -0.04430059 -0.03937041  0.00479374 -0.17221438
  0.00674944 -0.01664045 -0.09659949  0.00028573 -0.0256974  -0.0387124
  0.04817404]",[-0.07092273],-0.32594419293566823
04,55035,"[-0.22344399 -0.01738709 -0.04430059 -0.03937041  0.00479374 -0.17221438
  0.00674944 -0.01664045 -0.09659949  0.00028573 -0.0256974  -0.0387124
  0.04817404]",[-0.04521572],0.028139863602707687
04,55039,"[-0.22344399 -0.01738709 -0.04430059 -0.03937041  0.00479374 -0.17221438
  0.00674944 -0.01664045 -0.09659949  0.00028573 -0.0256974  -0.0387124
  0.04817404]",[-0.01035152],0.508353452664465
04,55041,"[-0.22344399 -0.01738709 -0.04430059 -0.03937041  0.00479374 -0.17221438
  0.00674944 -0.01664045 -0.09659949  0.00028573 -0.0256974  -0.0387124
  0.04817404]",[-0.2746522],-3.1320794069118767
04,55043,"[-0.22344399 -0.01738709 -0.04430059 -0.03937041  0.00479374 -0.17221438
  0.00674944 -0.01664045 -0.09659949  0.00028573 -0.0256974  -0.0387124
  0.04817404]",[-0.13398273],-1.1945219084485053
04,55045,"[-0.22344399 -0.01738709 -0.04430059 -0.03937041  0.00479374 -0.17221438
  0.00674944 -0.01664045 -0.09659949  0.00028573 -0.0256974  -0.0387124
  0.04817404]",[-0.06721239],-0.27483856236716503
04,55047,"[-0.22344399 -0.01738709 -0.04430059 -0.03937041  0.00479374 -0.17221438
  0.00674944 -0.01664045 -0.09659949  0.00028573 -0.0256974  -0.0387124
  0.04817404]",[-0.15437885],-1.475454613226947
04,55049,"[-0.22344399 -0.01738709 -0.04430059 -0.03937041  0.00479374 -0.17221438
  0.00674944 -0.01664045 -0.09659949  0.00028573 -0.0256974  -0.0387124
  0.04817404]",[-0.09923452],-0.7159060240308873
04,55053,"[-0.22344399 -0.01738709 -0.04430059 -0.03937041  0.00479374 -0.17221438
  0.00674944 -0.01664045 -0.09659949  0.00028573 -0.0256974  -0.0387124
  0.04817404]",[-0.2625858],-2.9658787871384407
04,55055,"[-0.22344399 -0.01738709 -0.04430059 -0.03937041  0.00479374 -0.17221438
  0.00674944 -0.01664045 -0.09659949  0.00028573 -0.0256974  -0.0387124
  0.04817404]",[-0.08347951],-0.4988991794327509
04,55057,"[-0.22344399 -0.01738709 -0.04430059 -0.03937041  0.00479374 -0.17221438
  0.00674944 -0.01664045 -0.09659949  0.00028573 -0.0256974  -0.0387124
  0.04817404]",[-0.05911892],-0.16336046586209388
04,55059,"[-0.22344399 -0.01738709 -0.04430059 -0.03937041  0.00479374 -0.17221438
  0.00674944 -0.01664045 -0.09659949  0.00028573 -0.0256974  -0.0387124
  0.04817404]",[0.00462219],0.7145987735118688
04,55061,"[-0.22344399 -0.01738709 -0.04430059 -0.03937041  0.00479374 -0.17221438
  0.00674944 -0.01664045 -0.09659949  0.00028573 -0.0256974  -0.0387124
  0.04817404]",[-0.48294003],-6.001000653987915
04,55065,"[-0.22344399 -0.01738709 -0.04430059 -0.03937041  0.00479374 -0.17221438
  0.00674944 -0.01664045 -0.09659949  0.00028573 -0.0256974  -0.0387124
  0.04817404]",[-0.22801387],-2.489690959943097
04,55063,"[-0.22344399 -0.01738709 -0.04430059 -0.03937041  0.00479374 -0.17221438
  0.00674944 -0.01664045 -0.09659949  0.00028573 -0.0256974  -0.0387124
  0.04817404]",[0.0072808],0.7512179445320377
04,55067,"[-0.22344399 -0.01738709 -0.04430059 -0.03937041  0.00479374 -0.17221438
  0.00674944 -0.01664045 -0.09659949  0.00028573 -0.0256974  -0.0387124
  0.04817404]",[-0.2706506],-3.0769620923955507
04,55069,"[-0.22344399 -0.01738709 -0.04430059 -0.03937041  0.00479374 -0.17221438
  0.00674944 -0.01664045 -0.09659949  0.00028573 -0.0256974  -0.0387124
  0.04817404]",[-0.13710957],-1.2375904960202198
04,55071,"[-0.22344399 -0.01738709 -0.04430059 -0.03937041  0.00479374 -0.17221438
  0.00674944 -0.01664045 -0.09659949  0.00028573 -0.0256974  -0.0387124
  0.04817404]",[0.07915667],1.741224026600303
04,55073,"[-0.22344399 -0.01738709 -0.04430059 -0.03937041  0.00479374 -0.17221438
  0.00674944 -0.01664045 -0.09659949  0.00028573 -0.0256974  -0.0387124
  0.04817404]",[-0.01197959],0.4859286267692817
04,55075,"[-0.22344399 -0.01738709 -0.04430059 -0.03937041  0.00479374 -0.17221438
  0.00674944 -0.01664045 -0.09659949  0.00028573 -0.0256974  -0.0387124
  0.04817404]",[-0.07090049],-0.3256378744731778
04,55077,"[-0.22344399 -0.01738709 -0.04430059 -0.03937041  0.00479374 -0.17221438
  0.00674944 -0.01664045 -0.09659949  0.00028573 -0.0256974  -0.0387124
  0.04817404]",[-0.33455121],-3.9571182031257863
04,55079,"[-0.22344399 -0.01738709 -0.04430059 -0.03937041  0.00479374 -0.17221438
  0.00674944 -0.01664045 -0.09659949  0.00028573 -0.0256974  -0.0387124
  0.04817404]",[0.00770093],0.7570048540334928
04,55081,"[-0.22344399 -0.01738709 -0.04430059 -0.03937041  0.00479374 -0.17221438
  0.00674944 -0.01664045 -0.09659949  0.00028573 -0.0256974  -0.0387124
  0.04817404]",[0.0281783],1.0390565828364122
04,55083,"[-0.22344399 -0.01738709 -0.04430059 -0.03937041  0.00479374 -0.17221438
  0.00674944 -0.01664045 -0.09659949  0.00028573 -0.0256974  -0.0387124
  0.04817404]",[-0.10970817],-0.8601681927086011
04,55085,"[-0.22344399 -0.01738709 -0.04430059 -0.03937041  0.00479374 -0.17221438
  0.00674944 -0.01664045 -0.09659949  0.00028573 -0.0256974  -0.0387124
  0.04817404]",[-0.07135497],-0.3318977760169837
04,55087,"[-0.22344399 -0.01738709 -0.04430059 -0.03937041  0.00479374 -0.17221438
  0.00674944 -0.01664045 -0.09659949  0.00028573 -0.0256974  -0.0387124
  0.04817404]",[-0.01452664],0.4508459609140526
04,55089,"[-0.22344399 -0.01738709 -0.04430059 -0.03937041  0.00479374 -0.17221438
  0.00674944 -0.01664045 -0.09659949  0.00028573 -0.0256974  -0.0387124
  0.04817404]",[-0.09781788],-0.6963934364694443
04,55093,"[-0.22344399 -0.01738709 -0.04430059 -0.03937041  0.00479374 -0.17221438
  0.00674944 -0.01664045 -0.09659949  0.00028573 -0.0256974  -0.0387124
  0.04817404]",[-0.06918647],-0.3020292555940189
04,55095,"[-0.22344399 -0.01738709 -0.04430059 -0.03937041  0.00479374 -0.17221438
  0.00674944 -0.01664045 -0.09659949  0.00028573 -0.0256974  -0.0387124
  0.04817404]",[-0.16002694],-1.5532504341354503
04,55097,"[-0.22344399 -0.01738709 -0.04430059 -0.03937041  0.00479374 -0.17221438
  0.00674944 -0.01664045 -0.09659949  0.00028573 -0.0256974  -0.0387124
  0.04817404]",[0.02639653],1.0145148481466757
04,55099,"[-0.22344399 -0.01738709 -0.04430059 -0.03937041  0.00479374 -0.17221438
  0.00674944 -0.01664045 -0.09659949  0.00028573 -0.0256974  -0.0387124
  0.04817404]",[-0.2113082],-2.2595898893078186
04,55101,"[-0.22344399 -0.01738709 -0.04430059 -0.03937041  0.00479374 -0.17221438
  0.00674944 -0.01664045 -0.09659949  0.00028573 -0.0256974  -0.0387124
  0.04817404]",[-0.04309004],0.05741859576006846
04,55103,"[-0.22344399 -0.01738709 -0.04430059 -0.03937041  0.00479374 -0.17221438
  0.00674944 -0.01664045 -0.09659949  0.00028573 -0.0256974  -0.0387124
  0.04817404]",[-0.2797616],-3.2024554163421435
04,55105,"[-0.22344399 -0.01738709 -0.04430059 -0.03937041  0.00479374 -0.17221438
  0.00674944 -0.01664045 -0.09659949  0.00028573 -0.0256974  -0.0387124
  0.04817404]",[-0.01295893],0.47243944976896474
04,55107,"[-0.22344399 -0.01738709 -0.04430059 -0.03937041  0.00479374 -0.17221438
  0.00674944 -0.01664045 -0.09659949  0.00028573 -0.0256974  -0.0387124
  0.04817404]",[0.00047443],0.6574682693041642
04,55109,"[-0.22344399 -0.01738709 -0.04430059 -0.03937041  0.00479374 -0.17221438
  0.00674944 -0.01664045 -0.09659949  0.00028573 -0.0256974  -0.0387124
  0.04817404]",[-0.19411648],-2.0227940447851394
04,55111,"[-0.22344399 -0.01738709 -0.04430059 -0.03937041  0.00479374 -0.17221438
  0.00674944 -0.01664045 -0.09659949  0.00028573 -0.0256974  -0.0387124
  0.04817404]",[0.00727158],0.7510909785138736
04,55113,"[-0.22344399 -0.01738709 -0.04430059 -0.03937041  0.00479374 -0.17221438
  0.00674944 -0.01664045 -0.09659949  0.00028573 -0.0256974  -0.0387124
  0.04817404]",[-0.25766304],-2.8980735244741065
04,55115,"[-0.22344399 -0.01738709 -0.04430059 -0.03937041  0.00479374 -0.17221438
  0.00674944 -0.01664045 -0.09659949  0.00028573 -0.0256974  -0.0387124
  0.04817404]",[0.09258272],1.9261522438973706
04,55119,"[-0.22344399 -0.01738709 -0.04430059 -0.03937041  0.00479374 -0.17221438
  0.00674944 -0.01664045 -0.09659949  0.00028573 -0.0256974  -0.0387124
  0.04817404]",[-0.28707134],-3.30313857907652
04,55117,"[-0.22344399 -0.01738709 -0.04430059 -0.03937041  0.00479374 -0.17221438
  0.00674944 -0.01664045 -0.09659949  0.00028573 -0.0256974  -0.0387124
  0.04817404]",[-0.04696114],0.004098746478465955
04,55121,"[-0.22344399 -0.01738709 -0.04430059 -0.03937041  0.00479374 -0.17221438
  0.00674944 -0.01664045 -0.09659949  0.00028573 -0.0256974  -0.0387124
  0.04817404]",[-0.18278323],-1.86669175483659
04,55123,"[-0.22344399 -0.01738709 -0.04430059 -0.03937041  0.00479374 -0.17221438
  0.00674944 -0.01664045 -0.09659949  0.00028573 -0.0256974  -0.0387124
  0.04817404]",[-0.26439857],-2.990847578959612
04,55125,"[-0.22344399 -0.01738709 -0.04430059 -0.03937041  0.00479374 -0.17221438
  0.00674944 -0.01664045 -0.09659949  0.00028573 -0.0256974  -0.0387124
  0.04817404]",[-0.20842249],-2.219842532959218
04,55127,"[-0.22344399 -0.01738709 -0.04430059 -0.03937041  0.00479374 -0.17221438
  0.00674944 -0.01664045 -0.09659949  0.00028573 -0.0256974  -0.0387124
  0.04817404]",[-0.01590498],0.43186094364008676
04,55129,"[-0.22344399 -0.01738709 -0.04430059 -0.03937041  0.00479374 -0.17221438
  0.00674944 -0.01664045 -0.09659949  0.00028573 -0.0256974  -0.0387124
  0.04817404]",[-0.28693589],-3.3012728100440114
04,55131,"[-0.22344399 -0.01738709 -0.04430059 -0.03937041  0.00479374 -0.17221438
  0.00674944 -0.01664045 -0.09659949  0.00028573 -0.0256974  -0.0387124
  0.04817404]",[0.07820198],1.7280743250582629
04,55133,"[-0.22344399 -0.01738709 -0.04430059 -0.03937041  0.00479374 -0.17221438
  0.00674944 -0.01664045 -0.09659949  0.00028573 -0.0256974  -0.0387124
  0.04817404]",[-0.00525438],0.5785604992339253
04,55135,"[-0.22344399 -0.01738709 -0.04430059 -0.03937041  0.00479374 -0.17221438
  0.00674944 -0.01664045 -0.09659949  0.00028573 -0.0256974  -0.0387124
  0.04817404]",[-0.12897819],-1.1255902187558235
04,55137,"[-0.22344399 -0.01738709 -0.04430059 -0.03937041  0.00479374 -0.17221438
  0.00674944 -0.01664045 -0.09659949  0.00028573 -0.0256974  -0.0387124
  0.04817404]",[-0.22735744],-2.4806493991743053
04,55139,"[-0.22344399 -0.01738709 -0.04430059 -0.03937041  0.00479374 -0.17221438
  0.00674944 -0.01664045 -0.09659949  0.00028573 -0.0256974  -0.0387124
  0.04817404]",[-0.03249694],0.20332611810859974
04,55141,"[-0.22344399 -0.01738709 -0.04430059 -0.03937041  0.00479374 -0.17221438
  0.00674944 -0.01664045 -0.09659949  0.00028573 -0.0256974  -0.0387124
  0.04817404]",[-0.12004573],-1.0025561102796852
04,56001,"[-0.22344399 -0.01738709 -0.04430059 -0.03937041  0.00479374 -0.17221438
  0.00674944 -0.01664045 -0.09659949  0.00028573 -0.0256974  -0.0387124
  0.04817404]",[-0.15789345],-1.5238641132469326
04,56005,"[-0.22344399 -0.01738709 -0.04430059 -0.03937041  0.00479374 -0.17221438
  0.00674944 -0.01664045 -0.09659949  0.00028573 -0.0256974  -0.0387124
  0.04817404]",[-0.24713997],-2.753130633169314
04,56007,"[-0.22344399 -0.01738709 -0.04430059 -0.03937041  0.00479374 -0.17221438
  0.00674944 -0.01664045 -0.09659949  0.00028573 -0.0256974  -0.0387124
  0.04817404]",[-0.41995354],-5.133435495270834
04,56009,"[-0.22344399 -0.01738709 -0.04430059 -0.03937041  0.00479374 -0.17221438
  0.00674944 -0.01664045 -0.09659949  0.00028573 -0.0256974  -0.0387124
  0.04817404]",[-0.2386593],-2.6363193469339574
04,56015,"[-0.22344399 -0.01738709 -0.04430059 -0.03937041  0.00479374 -0.17221438
  0.00674944 -0.01664045 -0.09659949  0.00028573 -0.0256974  -0.0387124
  0.04817404]",[-0.31354299],-3.6677545763368227
04,56013,"[-0.22344399 -0.01738709 -0.04430059 -0.03937041  0.00479374 -0.17221438
  0.00674944 -0.01664045 -0.09659949  0.00028573 -0.0256974  -0.0387124
  0.04817404]",[-0.26983851],-3.065776491696552
04,56021,"[-0.22344399 -0.01738709 -0.04430059 -0.03937041  0.00479374 -0.17221438
  0.00674944 -0.01664045 -0.09659949  0.00028573 -0.0256974  -0.0387124
  0.04817404]",[0.00632519],0.738055656446559
04,56023,"[-0.22344399 -0.01738709 -0.04430059 -0.03937041  0.00479374 -0.17221438
  0.00674944 -0.01664045 -0.09659949  0.00028573 -0.0256974  -0.0387124
  0.04817404]",[-0.29508019],-3.413451015719688
04,56025,"[-0.22344399 -0.01738709 -0.04430059 -0.03937041  0.00479374 -0.17221438
  0.00674944 -0.01664045 -0.09659949  0.00028573 -0.0256974  -0.0387124
  0.04817404]",[-0.08822911],-0.5643192717413275
04,56029,"[-0.22344399 -0.01738709 -0.04430059 -0.03937041  0.00479374 -0.17221438
  0.00674944 -0.01664045 -0.09659949  0.00028573 -0.0256974  -0.0387124
  0.04817404]",[-0.30853612],-3.598790716962336
04,56033,"[-0.22344399 -0.01738709 -0.04430059 -0.03937041  0.00479374 -0.17221438
  0.00674944 -0.01664045 -0.09659949  0.00028573 -0.0256974  -0.0387124
  0.04817404]",[-0.30683081],-3.5753020784156937
04,56037,"[-0.22344399 -0.01738709 -0.04430059 -0.03937041  0.00479374 -0.17221438
  0.00674944 -0.01664045 -0.09659949  0.00028573 -0.0256974  -0.0387124
  0.04817404]",[-0.14963244],-1.4100783323141317
04,56039,"[-0.22344399 -0.01738709 -0.04430059 -0.03937041  0.00479374 -0.17221438
  0.00674944 -0.01664045 -0.09659949  0.00028573 -0.0256974  -0.0387124
  0.04817404]",[-0.47447558],-5.884412787286461
04,12057,"[-0.22344399 -0.01738709 -0.04430059 -0.03937041  0.00479374 -0.17221438
  0.00674944 -0.01664045 -0.09659949  0.00028573 -0.0256974  -0.0387124
  0.04817404]",[0.00973218],0.7849828714884608
04,12059,"[-0.22344399 -0.01738709 -0.04430059 -0.03937041  0.00479374 -0.17221438
  0.00674944 -0.01664045 -0.09659949  0.00028573 -0.0256974  -0.0387124
  0.04817404]",[-0.33397412],-3.949169417073102
04,12061,"[-0.22344399 -0.01738709 -0.04430059 -0.03937041  0.00479374 -0.17221438
  0.00674944 -0.01664045 -0.09659949  0.00028573 -0.0256974  -0.0387124
  0.04817404]",[-0.00565006],0.5731104987107697
04,12063,"[-0.22344399 -0.01738709 -0.04430059 -0.03937041  0.00479374 -0.17221438
  0.00674944 -0.01664045 -0.09659949  0.00028573 -0.0256974  -0.0387124
  0.04817404]",[-0.04738635],-0.0017580037775221415
04,12069,"[-0.22344399 -0.01738709 -0.04430059 -0.03937041  0.00479374 -0.17221438
  0.00674944 -0.01664045 -0.09659949  0.00028573 -0.0256974  -0.0387124
  0.04817404]",[-0.02160327],0.3533737781895777
04,12071,"[-0.22344399 -0.01738709 -0.04430059 -0.03937041  0.00479374 -0.17221438
  0.00674944 -0.01664045 -0.09659949  0.00028573 -0.0256974  -0.0387124
  0.04817404]",[-0.00890598],0.5282640077901096
04,12073,"[-0.22344399 -0.01738709 -0.04430059 -0.03937041  0.00479374 -0.17221438
  0.00674944 -0.01664045 -0.09659949  0.00028573 -0.0256974  -0.0387124
  0.04817404]",[0.0043554],0.7109240291511588
04,12075,"[-0.22344399 -0.01738709 -0.04430059 -0.03937041  0.00479374 -0.17221438
  0.00674944 -0.01664045 -0.09659949  0.00028573 -0.0256974  -0.0387124
  0.04817404]",[-0.11448338],-0.9259411823050332
04,12079,"[-0.22344399 -0.01738709 -0.04430059 -0.03937041  0.00479374 -0.17221438
  0.00674944 -0.01664045 -0.09659949  0.00028573 -0.0256974  -0.0387124
  0.04817404]",[-0.30405387],-3.537052966634685
04,12081,"[-0.22344399 -0.01738709 -0.04430059 -0.03937041  0.00479374 -0.17221438
  0.00674944 -0.01664045 -0.09659949  0.00028573 -0.0256974  -0.0387124
  0.04817404]",[-0.02831871],0.2608763347184826
04,12083,"[-0.22344399 -0.01738709 -0.04430059 -0.03937041  0.00479374 -0.17221438
  0.00674944 -0.01664045 -0.09659949  0.00028573 -0.0256974  -0.0387124
  0.04817404]",[-0.01850735],0.3960163363444664
04,12085,"[-0.22344399 -0.01738709 -0.04430059 -0.03937041  0.00479374 -0.17221438
  0.00674944 -0.01664045 -0.09659949  0.00028573 -0.0256974  -0.0387124
  0.04817404]",[-0.0382208],0.12448673227451633
04,12086,"[-0.22344399 -0.01738709 -0.04430059 -0.03937041  0.00479374 -0.17221438
  0.00674944 -0.01664045 -0.09659949  0.00028573 -0.0256974  -0.0387124
  0.04817404]",[0.004972],0.7194169209566523
04,12087,"[-0.22344399 -0.01738709 -0.04430059 -0.03937041  0.00479374 -0.17221438
  0.00674944 -0.01664045 -0.09659949  0.00028573 -0.0256974  -0.0387124
  0.04817404]",[-0.05132112],-0.055954848700384884
04,12089,"[-0.22344399 -0.01738709 -0.04430059 -0.03937041  0.00479374 -0.17221438
  0.00674944 -0.01664045 -0.09659949  0.00028573 -0.0256974  -0.0387124
  0.04817404]",[-0.09694137],-0.6843204516011546
04,12091,"[-0.22344399 -0.01738709 -0.04430059 -0.03937041  0.00479374 -0.17221438
  0.00674944 -0.01664045 -0.09659949  0.00028573 -0.0256974  -0.0387124
  0.04817404]",[-0.00089051],0.6386678158517016
04,12093,"[-0.22344399 -0.01738709 -0.04430059 -0.03937041  0.00479374 -0.17221438
  0.00674944 -0.01664045 -0.09659949  0.00028573 -0.0256974  -0.0387124
  0.04817404]",[-0.0728574],-0.35259203243162446
04,12095,"[-0.22344399 -0.01738709 -0.04430059 -0.03937041  0.00479374 -0.17221438
  0.00674944 -0.01664045 -0.09659949  0.00028573 -0.0256974  -0.0387124
  0.04817404]",[-0.00391681],0.5969839735828497
04,12097,"[-0.22344399 -0.01738709 -0.04430059 -0.03937041  0.00479374 -0.17221438
  0.00674944 -0.01664045 -0.09659949  0.00028573 -0.0256974  -0.0387124
  0.04817404]",[-0.04717209],0.0011931129034934672
04,12099,"[-0.22344399 -0.01738709 -0.04430059 -0.03937041  0.00479374 -0.17221438
  0.00674944 -0.01664045 -0.09659949  0.00028573 -0.0256974  -0.0387124
  0.04817404]",[-0.00682722],0.5568965053649123
04,12101,"[-0.22344399 -0.01738709 -0.04430059 -0.03937041  0.00479374 -0.17221438
  0.00674944 -0.01664045 -0.09659949  0.00028573 -0.0256974  -0.0387124
  0.04817404]",[-0.00885271],0.528997826905259
04,12103,"[-0.22344399 -0.01738709 -0.04430059 -0.03937041  0.00479374 -0.17221438
  0.00674944 -0.01664045 -0.09659949  0.00028573 -0.0256974  -0.0387124
  0.04817404]",[-0.00083656],0.6394109313102704
04,12105,"[-0.22344399 -0.01738709 -0.04430059 -0.03937041  0.00479374 -0.17221438
  0.00674944 -0.01664045 -0.09659949  0.00028573 -0.0256974  -0.0387124
  0.04817404]",[-0.00429465],0.5917797083377121
04,12107,"[-0.22344399 -0.01738709 -0.04430059 -0.03937041  0.00479374 -0.17221438
  0.00674944 -0.01664045 -0.09659949  0.00028573 -0.0256974  -0.0387124
  0.04817404]",[0.02004105],0.9269755378824198
04,12109,"[-0.22344399 -0.01738709 -0.04430059 -0.03937041  0.00479374 -0.17221438
  0.00674944 -0.01664045 -0.09659949  0.00028573 -0.0256974  -0.0387124
  0.04817404]",[0.00937911],0.7801197844311878
04,12111,"[-0.22344399 -0.01738709 -0.04430059 -0.03937041  0.00479374 -0.17221438
  0.00674944 -0.01664045 -0.09659949  0.00028573 -0.0256974  -0.0387124
  0.04817404]",[0.05860045],1.4580861587572072
04,12113,"[-0.22344399 -0.01738709 -0.04430059 -0.03937041  0.00479374 -0.17221438
  0.00674944 -0.01664045 -0.09659949  0.00028573 -0.0256974  -0.0387124
  0.04817404]",[-0.06292971],-0.21584970821156008
04,12115,"[-0.22344399 -0.01738709 -0.04430059 -0.03937041  0.00479374 -0.17221438
  0.00674944 -0.01664045 -0.09659949  0.00028573 -0.0256974  -0.0387124
  0.04817404]",[-0.02256822],0.3400826378789232
04,12117,"[-0.22344399 -0.01738709 -0.04430059 -0.03937041  0.00479374 -0.17221438
  0.00674944 -0.01664045 -0.09659949  0.00028573 -0.0256974  -0.0387124
  0.04817404]",[-0.01520143],0.44155152224177974
04,12119,"[-0.22344399 -0.01738709 -0.04430059 -0.03937041  0.00479374 -0.17221438
  0.00674944 -0.01664045 -0.09659949  0.00028573 -0.0256974  -0.0387124
  0.04817404]",[-0.04652932],0.010046496473950397
04,12121,"[-0.22344399 -0.01738709 -0.04430059 -0.03937041  0.00479374 -0.17221438
  0.00674944 -0.01664045 -0.09659949  0.00028573 -0.0256974  -0.0387124
  0.04817404]",[-0.19202286],-1.9939568543350983
04,12123,"[-0.22344399 -0.01738709 -0.04430059 -0.03937041  0.00479374 -0.17221438
  0.00674944 -0.01664045 -0.09659949  0.00028573 -0.0256974  -0.0387124
  0.04817404]",[-0.31962464],-3.751522168980672
04,12127,"[-0.22344399 -0.01738709 -0.04430059 -0.03937041  0.00479374 -0.17221438
  0.00674944 -0.01664045 -0.09659949  0.00028573 -0.0256974  -0.0387124
  0.04817404]",[-0.01378668],0.4610381541976547
04,12129,"[-0.22344399 -0.01738709 -0.04430059 -0.03937041  0.00479374 -0.17221438
  0.00674944 -0.01664045 -0.09659949  0.00028573 -0.0256974  -0.0387124
  0.04817404]",[-0.29223988],-3.3743290725872477
04,12131,"[-0.22344399 -0.01738709 -0.04430059 -0.03937041  0.00479374 -0.17221438
  0.00674944 -0.01664045 -0.09659949  0.00028573 -0.0256974  -0.0387124
  0.04817404]",[-0.05505634],-0.1074031996901326
04,12133,"[-0.22344399 -0.01738709 -0.04430059 -0.03937041  0.00479374 -0.17221438
  0.00674944 -0.01664045 -0.09659949  0.00028573 -0.0256974  -0.0387124
  0.04817404]",[-0.10102556],-0.7405754157253613
04,13001,"[-0.22344399 -0.01738709 -0.04430059 -0.03937041  0.00479374 -0.17221438
  0.00674944 -0.01664045 -0.09659949  0.00028573 -0.0256974  -0.0387124
  0.04817404]",[-0.31261463],-3.654967473357365
04,13009,"[-0.22344399 -0.01738709 -0.04430059 -0.03937041  0.00479374 -0.17221438
  0.00674944 -0.01664045 -0.09659949  0.00028573 -0.0256974  -0.0387124
  0.04817404]",[-0.18621104],-1.9139058785697962
04,13011,"[-0.22344399 -0.01738709 -0.04430059 -0.03937041  0.00479374 -0.17221438
  0.00674944 -0.01664045 -0.09659949  0.00028573 -0.0256974  -0.0387124
  0.04817404]",[-0.31350226],-3.6671935123161292
04,13013,"[-0.22344399 -0.01738709 -0.04430059 -0.03937041  0.00479374 -0.17221438
  0.00674944 -0.01664045 -0.09659949  0.00028573 -0.0256974  -0.0387124
  0.04817404]",[-0.09122587],-0.6055962158345812
04,13015,"[-0.22344399 -0.01738709 -0.04430059 -0.03937041  0.00479374 -0.17221438
  0.00674944 -0.01664045 -0.09659949  0.00028573 -0.0256974  -0.0387124
  0.04817404]",[-0.03983283],0.1022828566494275
04,13017,"[-0.22344399 -0.01738709 -0.04430059 -0.03937041  0.00479374 -0.17221438
  0.00674944 -0.01664045 -0.09659949  0.00028573 -0.0256974  -0.0387124
  0.04817404]",[-0.31560029],-3.696091497131939
04,13019,"[-0.22344399 -0.01738709 -0.04430059 -0.03937041  0.00479374 -0.17221438
  0.00674944 -0.01664045 -0.09659949  0.00028573 -0.0256974  -0.0387124
  0.04817404]",[-0.21488504],-2.3088566333399005
04,13021,"[-0.22344399 -0.01738709 -0.04430059 -0.03937041  0.00479374 -0.17221438
  0.00674944 -0.01664045 -0.09659949  0.00028573 -0.0256974  -0.0387124
  0.04817404]",[-0.03220525],0.20734385584507897
04,13031,"[-0.22344399 -0.01738709 -0.04430059 -0.03937041  0.00479374 -0.17221438
  0.00674944 -0.01664045 -0.09659949  0.00028573 -0.0256974  -0.0387124
  0.04817404]",[-0.03930197],0.10959483745135559
04,13027,"[-0.22344399 -0.01738709 -0.04430059 -0.03937041  0.00479374 -0.17221438
  0.00674944 -0.01664045 -0.09659949  0.00028573 -0.0256974  -0.0387124
  0.04817404]",[-0.26153428],-2.9513953351623097
04,13033,"[-0.22344399 -0.01738709 -0.04430059 -0.03937041  0.00479374 -0.17221438
  0.00674944 -0.01664045 -0.09659949  0.00028573 -0.0256974  -0.0387124
  0.04817404]",[-0.21298252],-2.282651668246922
04,13039,"[-0.22344399 -0.01738709 -0.04430059 -0.03937041  0.00479374 -0.17221438
  0.00674944 -0.01664045 -0.09659949  0.00028573 -0.0256974  -0.0387124
  0.04817404]",[-0.13099912],-1.1534261763381746
04,13045,"[-0.22344399 -0.01738709 -0.04430059 -0.03937041  0.00479374 -0.17221438
  0.00674944 -0.01664045 -0.09659949  0.00028573 -0.0256974  -0.0387124
  0.04817404]",[0.01749003],0.8918382771526777
04,13047,"[-0.22344399 -0.01738709 -0.04430059 -0.03937041  0.00479374 -0.17221438
  0.00674944 -0.01664045 -0.09659949  0.00028573 -0.0256974  -0.0387124
  0.04817404]",[-0.10836614],-0.8416833423259944
04,13053,"[-0.22344399 -0.01738709 -0.04430059 -0.03937041  0.00479374 -0.17221438
  0.00674944 -0.01664045 -0.09659949  0.00028573 -0.0256974  -0.0387124
  0.04817404]",[-0.38954941],-4.714654094986
04,13051,"[-0.22344399 -0.01738709 -0.04430059 -0.03937041  0.00479374 -0.17221438
  0.00674944 -0.01664045 -0.09659949  0.00028573 -0.0256974  -0.0387124
  0.04817404]",[0.02104331],0.9407804583079604
04,13055,"[-0.22344399 -0.01738709 -0.04430059 -0.03937041  0.00479374 -0.17221438
  0.00674944 -0.01664045 -0.09659949  0.00028573 -0.0256974  -0.0387124
  0.04817404]",[-0.20831393],-2.2183472309180208
04,13057,"[-0.22344399 -0.01738709 -0.04430059 -0.03937041  0.00479374 -0.17221438
  0.00674944 -0.01664045 -0.09659949  0.00028573 -0.0256974  -0.0387124
  0.04817404]",[-0.07941156],-0.44286785490634273
04,13059,"[-0.22344399 -0.01738709 -0.04430059 -0.03937041  0.00479374 -0.17221438
  0.00674944 -0.01664045 -0.09659949  0.00028573 -0.0256974  -0.0387124
  0.04817404]",[-0.03219261],0.20751796733908737
04,13063,"[-0.22344399 -0.01738709 -0.04430059 -0.03937041  0.00479374 -0.17221438
  0.00674944 -0.01664045 -0.09659949  0.00028573 -0.0256974  -0.0387124
  0.04817404]",[-0.03235376],0.20529827571739653
04,13067,"[-0.22344399 -0.01738709 -0.04430059 -0.03937041  0.00479374 -0.17221438
  0.00674944 -0.01664045 -0.09659949  0.00028573 -0.0256974  -0.0387124
  0.04817404]",[0.01487926],0.8558779208349226
04,13069,"[-0.22344399 -0.01738709 -0.04430059 -0.03937041  0.00479374 -0.17221438
  0.00674944 -0.01664045 -0.09659949  0.00028573 -0.0256974  -0.0387124
  0.04817404]",[-0.12929474],-1.1299503245056737
04,13071,"[-0.22344399 -0.01738709 -0.04430059 -0.03937041  0.00479374 -0.17221438
  0.00674944 -0.01664045 -0.09659949  0.00028573 -0.0256974  -0.0387124
  0.04817404]",[-0.10498954],-0.7951746565478959
04,13073,"[-0.22344399 -0.01738709 -0.04430059 -0.03937041  0.00479374 -0.17221438
  0.00674944 -0.01664045 -0.09659949  0.00028573 -0.0256974  -0.0387124
  0.04817404]",[-0.07194912],-0.3400815025044832
04,13075,"[-0.22344399 -0.01738709 -0.04430059 -0.03937041  0.00479374 -0.17221438
  0.00674944 -0.01664045 -0.09659949  0.00028573 -0.0256974  -0.0387124
  0.04817404]",[-0.42267944],-5.17098158148907
04,13077,"[-0.22344399 -0.01738709 -0.04430059 -0.03937041  0.00479374 -0.17221438
  0.00674944 -0.01664045 -0.09659949  0.00028573 -0.0256974  -0.0387124
  0.04817404]",[-0.02249982],0.3410247970677539
04,13081,"[-0.22344399 -0.01738709 -0.04430059 -0.03937041  0.00479374 -0.17221438
  0.00674944 -0.01664045 -0.09659949  0.00028573 -0.0256974  -0.0387124
  0.04817404]",[-0.07509499],-0.3834121124647696
04,13083,"[-0.22344399 -0.01738709 -0.04430059 -0.03937041  0.00479374 -0.17221438
  0.00674944 -0.01664045 -0.09659949  0.00028573 -0.0256974  -0.0387124
  0.04817404]",[0.11191474],2.192428217704848
04,13087,"[-0.22344399 -0.01738709 -0.04430059 -0.03937041  0.00479374 -0.17221438
  0.00674944 -0.01664045 -0.09659949  0.00028573 -0.0256974  -0.0387124
  0.04817404]",[-0.15751688],-1.518677281404733
04,13089,"[-0.22344399 -0.01738709 -0.04430059 -0.03937041  0.00479374 -0.17221438
  0.00674944 -0.01664045 -0.09659949  0.00028573 -0.0256974  -0.0387124
  0.04817404]",[-0.00498964],0.5822069933352676
04,13091,"[-0.22344399 -0.01738709 -0.04430059 -0.03937041  0.00479374 -0.17221438
  0.00674944 -0.01664045 -0.09659949  0.00028573 -0.0256974  -0.0387124
  0.04817404]",[-0.17238512],-1.7234699680280907
04,13095,"[-0.22344399 -0.01738709 -0.04430059 -0.03937041  0.00479374 -0.17221438
  0.00674944 -0.01664045 -0.09659949  0.00028573 -0.0256974  -0.0387124
  0.04817404]",[0.02284205],0.9655560879062511
04,13097,"[-0.22344399 -0.01738709 -0.04430059 -0.03937041  0.00479374 -0.17221438
  0.00674944 -0.01664045 -0.09659949  0.00028573 -0.0256974  -0.0387124
  0.04817404]",[-0.07777608],-0.42034109957194593
04,13099,"[-0.22344399 -0.01738709 -0.04430059 -0.03937041  0.00479374 -0.17221438
  0.00674944 -0.01664045 -0.09659949  0.00028573 -0.0256974  -0.0387124
  0.04817404]",[-0.28848298],-3.322582242045447
04,13103,"[-0.22344399 -0.01738709 -0.04430059 -0.03937041  0.00479374 -0.17221438
  0.00674944 -0.01664045 -0.09659949  0.00028573 -0.0256974  -0.0387124
  0.04817404]",[-0.05575662],-0.11704877386260126
04,13105,"[-0.22344399 -0.01738709 -0.04430059 -0.03937041  0.00479374 -0.17221438
  0.00674944 -0.01664045 -0.09659949  0.00028573 -0.0256974  -0.0387124
  0.04817404]",[-0.24011473],-2.6563661102617684
04,13107,"[-0.22344399 -0.01738709 -0.04430059 -0.03937041  0.00479374 -0.17221438
  0.00674944 -0.01664045 -0.09659949  0.00028573 -0.0256974  -0.0387124
  0.04817404]",[-0.20121664],-2.120590388229699
04,13111,"[-0.22344399 -0.01738709 -0.04430059 -0.03937041  0.00479374 -0.17221438
  0.00674944 -0.01664045 -0.09659949  0.00028573 -0.0256974  -0.0387124
  0.04817404]",[-0.21391083],-2.295438024277808
04,13113,"[-0.22344399 -0.01738709 -0.04430059 -0.03937041  0.00479374 -0.17221438
  0.00674944 -0.01664045 -0.09659949  0.00028573 -0.0256974  -0.0387124
  0.04817404]",[-0.03588928],0.15660066561991118
04,13115,"[-0.22344399 -0.01738709 -0.04430059 -0.03937041  0.00479374 -0.17221438
  0.00674944 -0.01664045 -0.09659949  0.00028573 -0.0256974  -0.0387124
  0.04817404]",[-0.06989909],-0.3118447946497549
04,13119,"[-0.22344399 -0.01738709 -0.04430059 -0.03937041  0.00479374 -0.17221438
  0.00674944 -0.01664045 -0.09659949  0.00028573 -0.0256974  -0.0387124
  0.04817404]",[-0.4087503],-4.979123862521644
04,13117,"[-0.22344399 -0.01738709 -0.04430059 -0.03937041  0.00479374 -0.17221438
  0.00674944 -0.01664045 -0.09659949  0.00028573 -0.0256974  -0.0387124
  0.04817404]",[-0.00066818],0.6417301410060451
04,13121,"[-0.22344399 -0.01738709 -0.04430059 -0.03937041  0.00479374 -0.17221438
  0.00674944 -0.01664045 -0.09659949  0.00028573 -0.0256974  -0.0387124
  0.04817404]",[0.01948265],0.9192842012391561
04,13123,"[-0.22344399 -0.01738709 -0.04430059 -0.03937041  0.00479374 -0.17221438
  0.00674944 -0.01664045 -0.09659949  0.00028573 -0.0256974  -0.0387124
  0.04817404]",[-0.32652694],-3.846593295530738
04,13127,"[-0.22344399 -0.01738709 -0.04430059 -0.03937041  0.00479374 -0.17221438
  0.00674944 -0.01664045 -0.09659949  0.00028573 -0.0256974  -0.0387124
  0.04817404]",[-0.04838122],-0.015461254757520389
04,13129,"[-0.22344399 -0.01738709 -0.04430059 -0.03937041  0.00479374 -0.17221438
  0.00674944 -0.01664045 -0.09659949  0.00028573 -0.0256974  -0.0387124
  0.04817404]",[-0.13735824],-1.2410156871075209
04,13131,"[-0.22344399 -0.01738709 -0.04430059 -0.03937041  0.00479374 -0.17221438
  0.00674944 -0.01664045 -0.09659949  0.00028573 -0.0256974  -0.0387124
  0.04817404]",[-0.22729484],-2.479787205078423
04,13133,"[-0.22344399 -0.01738709 -0.04430059 -0.03937041  0.00479374 -0.17221438
  0.00674944 -0.01664045 -0.09659949  0.00028573 -0.0256974  -0.0387124
  0.04817404]",[-0.2471319],-2.753019426361821
04,13137,"[-0.22344399 -0.01738709 -0.04430059 -0.03937041  0.00479374 -0.17221438
  0.00674944 -0.01664045 -0.09659949  0.00028573 -0.0256974  -0.0387124
  0.04817404]",[-0.1746412],-1.7545447595160282
04,13135,"[-0.22344399 -0.01738709 -0.04430059 -0.03937041  0.00479374 -0.17221438
  0.00674944 -0.01664045 -0.09659949  0.00028573 -0.0256974  -0.0387124
  0.04817404]",[0.0154824],0.8641853888264028
04,13139,"[-0.22344399 -0.01738709 -0.04430059 -0.03937041  0.00479374 -0.17221438
  0.00674944 -0.01664045 -0.09659949  0.00028573 -0.0256974  -0.0387124
  0.04817404]",[-0.0505799],-0.04574550457158839
04,13143,"[-0.22344399 -0.01738709 -0.04430059 -0.03937041  0.00479374 -0.17221438
  0.00674944 -0.01664045 -0.09659949  0.00028573 -0.0256974  -0.0387124
  0.04817404]",[-0.19821826],-2.079291181599108
04,13145,"[-0.22344399 -0.01738709 -0.04430059 -0.03937041  0.00479374 -0.17221438
  0.00674944 -0.01664045 -0.09659949  0.00028573 -0.0256974  -0.0387124
  0.04817404]",[-0.25157402],-2.814204447913756
04,13147,"[-0.22344399 -0.01738709 -0.04430059 -0.03937041  0.00479374 -0.17221438
  0.00674944 -0.01664045 -0.09659949  0.00028573 -0.0256974  -0.0387124
  0.04817404]",[-0.29655558],-3.433772796894188
04,13151,"[-0.22344399 -0.01738709 -0.04430059 -0.03937041  0.00479374 -0.17221438
  0.00674944 -0.01664045 -0.09659949  0.00028573 -0.0256974  -0.0387124
  0.04817404]",[-0.0235641],0.32636555447944493
04,13157,"[-0.22344399 -0.01738709 -0.04430059 -0.03937041  0.00479374 -0.17221438
  0.00674944 -0.01664045 -0.09659949  0.00028573 -0.0256974  -0.0387124
  0.04817404]",[-0.12796453],-1.1116282674168751
04,13153,"[-0.22344399 -0.01738709 -0.04430059 -0.03937041  0.00479374 -0.17221438
  0.00674944 -0.01664045 -0.09659949  0.00028573 -0.0256974  -0.0387124
  0.04817404]",[-0.06312437],-0.21853087659096707
04,13163,"[-0.22344399 -0.01738709 -0.04430059 -0.03937041  0.00479374 -0.17221438
  0.00674944 -0.01664045 -0.09659949  0.00028573 -0.0256974  -0.0387124
  0.04817404]",[-0.40898637],-4.982375513382541
04,13169,"[-0.22344399 -0.01738709 -0.04430059 -0.03937041  0.00479374 -0.17221438
  0.00674944 -0.01664045 -0.09659949  0.00028573 -0.0256974  -0.0387124
  0.04817404]",[-0.29838264],-3.4589385172798557
04,13175,"[-0.22344399 -0.01738709 -0.04430059 -0.03937041  0.00479374 -0.17221438
  0.00674944 -0.01664045 -0.09659949  0.00028573 -0.0256974  -0.0387124
  0.04817404]",[-0.0976802],-0.6944970916751788
04,13177,"[-0.22344399 -0.01738709 -0.04430059 -0.03937041  0.00479374 -0.17221438
  0.00674944 -0.01664045 -0.09659949  0.00028573 -0.0256974  -0.0387124
  0.04817404]",[-0.3039904],-3.536178778254554
04,13179,"[-0.22344399 -0.01738709 -0.04430059 -0.03937041  0.00479374 -0.17221438
  0.00674944 -0.01664045 -0.09659949  0.00028573 -0.0256974  -0.0387124
  0.04817404]",[-0.08099157],-0.46463061564371894
04,13185,"[-0.22344399 -0.01738709 -0.04430059 -0.03937041  0.00479374 -0.17221438
  0.00674944 -0.01664045 -0.09659949  0.00028573 -0.0256974  -0.0387124
  0.04817404]",[0.0367521],1.1571507358174717
04,13187,"[-0.22344399 -0.01738709 -0.04430059 -0.03937041  0.00479374 -0.17221438
  0.00674944 -0.01664045 -0.09659949  0.00028573 -0.0256974  -0.0387124
  0.04817404]",[-0.27549153],-3.143640171667561
04,13189,"[-0.22344399 -0.01738709 -0.04430059 -0.03937041  0.00479374 -0.17221438
  0.00674944 -0.01664045 -0.09659949  0.00028573 -0.0256974  -0.0387124
  0.04817404]",[-0.19375173],-2.017770019524228
04,13193,"[-0.22344399 -0.01738709 -0.04430059 -0.03937041  0.00479374 -0.17221438
  0.00674944 -0.01664045 -0.09659949  0.00028573 -0.0256974  -0.0387124
  0.04817404]",[-0.3427574],-4.070148841697063
04,13195,"[-0.22344399 -0.01738709 -0.04430059 -0.03937041  0.00479374 -0.17221438
  0.00674944 -0.01664045 -0.09659949  0.00028573 -0.0256974  -0.0387124
  0.04817404]",[-0.15199151],-1.4425718284564915
04,13199,"[-0.22344399 -0.01738709 -0.04430059 -0.03937041  0.00479374 -0.17221438
  0.00674944 -0.01664045 -0.09659949  0.00028573 -0.0256974  -0.0387124
  0.04817404]",[-0.43903403],-5.396246841652655
04,13205,"[-0.22344399 -0.01738709 -0.04430059 -0.03937041  0.00479374 -0.17221438
  0.00674944 -0.01664045 -0.09659949  0.00028573 -0.0256974  -0.0387124
  0.04817404]",[-0.33745566],-3.9971236118649713
04,13207,"[-0.22344399 -0.01738709 -0.04430059 -0.03937041  0.00479374 -0.17221438
  0.00674944 -0.01664045 -0.09659949  0.00028573 -0.0256974  -0.0387124
  0.04817404]",[-0.1935379],-2.0148248188992675
04,13211,"[-0.22344399 -0.01738709 -0.04430059 -0.03937041  0.00479374 -0.17221438
  0.00674944 -0.01664045 -0.09659949  0.00028573 -0.0256974  -0.0387124
  0.04817404]",[-0.28631485],-3.2927187002844542
04,13213,"[-0.22344399 -0.01738709 -0.04430059 -0.03937041  0.00479374 -0.17221438
  0.00674944 -0.01664045 -0.09659949  0.00028573 -0.0256974  -0.0387124
  0.04817404]",[-0.15680421],-1.5088610680386871
04,13215,"[-0.22344399 -0.01738709 -0.04430059 -0.03937041  0.00479374 -0.17221438
  0.00674944 -0.01664045 -0.09659949  0.00028573 -0.0256974  -0.0387124
  0.04817404]",[-0.02493061],0.30754344252297744
04,13217,"[-0.22344399 -0.01738709 -0.04430059 -0.03937041  0.00479374 -0.17221438
  0.00674944 -0.01664045 -0.09659949  0.00028573 -0.0256974  -0.0387124
  0.04817404]",[-0.09054364],-0.5961992276751515
04,13219,"[-0.22344399 -0.01738709 -0.04430059 -0.03937041  0.00479374 -0.17221438
  0.00674944 -0.01664045 -0.09659949  0.00028573 -0.0256974  -0.0387124
  0.04817404]",[-0.14411695],-1.334108946987912
04,13221,"[-0.22344399 -0.01738709 -0.04430059 -0.03937041  0.00479374 -0.17221438
  0.00674944 -0.01664045 -0.09659949  0.00028573 -0.0256974  -0.0387124
  0.04817404]",[-0.27740955],-3.170058644429386
04,13223,"[-0.22344399 -0.01738709 -0.04430059 -0.03937041  0.00479374 -0.17221438
  0.00674944 -0.01664045 -0.09659949  0.00028573 -0.0256974  -0.0387124
  0.04817404]",[-0.0390351],0.11327064576983936
04,13225,"[-0.22344399 -0.01738709 -0.04430059 -0.03937041  0.00479374 -0.17221438
  0.00674944 -0.01664045 -0.09659949  0.00028573 -0.0256974  -0.0387124
  0.04817404]",[-0.25832477],-2.9071881647905147
04,13229,"[-0.22344399 -0.01738709 -0.04430059 -0.03937041  0.00479374 -0.17221438
  0.00674944 -0.01664045 -0.09659949  0.00028573 -0.0256974  -0.0387124
  0.04817404]",[-0.28561244],-3.283043839010162
04,13227,"[-0.22344399 -0.01738709 -0.04430059 -0.03937041  0.00479374 -0.17221438
  0.00674944 -0.01664045 -0.09659949  0.00028573 -0.0256974  -0.0387124
  0.04817404]",[-0.27972468],-3.20194683666364
04,13231,"[-0.22344399 -0.01738709 -0.04430059 -0.03937041  0.00479374 -0.17221438
  0.00674944 -0.01664045 -0.09659949  0.00028573 -0.0256974  -0.0387124
  0.04817404]",[-0.40280767],-4.897271119306017
04,13233,"[-0.22344399 -0.01738709 -0.04430059 -0.03937041  0.00479374 -0.17221438
  0.00674944 -0.01664045 -0.09659949  0.00028573 -0.0256974  -0.0387124
  0.04817404]",[-0.23948686],-2.6477179573235867
04,13237,"[-0.22344399 -0.01738709 -0.04430059 -0.03937041  0.00479374 -0.17221438
  0.00674944 -0.01664045 -0.09659949  0.00028573 -0.0256974  -0.0387124
  0.04817404]",[-0.14448204],-1.339137624275712
04,13241,"[-0.22344399 -0.01738709 -0.04430059 -0.03937041  0.00479374 -0.17221438
  0.00674944 -0.01664045 -0.09659949  0.00028573 -0.0256974  -0.0387124
  0.04817404]",[-0.28746809],-3.30860326140591
04,13245,"[-0.22344399 -0.01738709 -0.04430059 -0.03937041  0.00479374 -0.17221438
  0.00674944 -0.01664045 -0.09659949  0.00028573 -0.0256974  -0.0387124
  0.04817404]",[-0.01696799],0.41721934480513984
04,13247,"[-0.22344399 -0.01738709 -0.04430059 -0.03937041  0.00479374 -0.17221438
  0.00674944 -0.01664045 -0.09659949  0.00028573 -0.0256974  -0.0387124
  0.04817404]",[-0.0513318],-0.05610201518628082
04,13251,"[-0.22344399 -0.01738709 -0.04430059 -0.03937041  0.00479374 -0.17221438
  0.00674944 -0.01664045 -0.09659949  0.00028573 -0.0256974  -0.0387124
  0.04817404]",[-0.19875761],-2.0867202090216255
04,13255,"[-0.22344399 -0.01738709 -0.04430059 -0.03937041  0.00479374 -0.17221438
  0.00674944 -0.01664045 -0.09659949  0.00028573 -0.0256974  -0.0387124
  0.04817404]",[-0.02751246],0.2719815483582024
04,13257,"[-0.22344399 -0.01738709 -0.04430059 -0.03937041  0.00479374 -0.17221438
  0.00674944 -0.01664045 -0.09659949  0.00028573 -0.0256974  -0.0387124
  0.04817404]",[-0.31140345],-3.6382849049183834
04,13267,"[-0.22344399 -0.01738709 -0.04430059 -0.03937041  0.00479374 -0.17221438
  0.00674944 -0.01664045 -0.09659949  0.00028573 -0.0256974  -0.0387124
  0.04817404]",[-0.286447],-3.2945389406417576
04,13261,"[-0.22344399 -0.01738709 -0.04430059 -0.03937041  0.00479374 -0.17221438
  0.00674944 -0.01664045 -0.09659949  0.00028573 -0.0256974  -0.0387124
  0.04817404]",[-0.16222151],-1.5834780629271423
04,13273,"[-0.22344399 -0.01738709 -0.04430059 -0.03937041  0.00479374 -0.17221438
  0.00674944 -0.01664045 -0.09659949  0.00028573 -0.0256974  -0.0387124
  0.04817404]",[-0.23566494],-2.595075464668678
04,13277,"[-0.22344399 -0.01738709 -0.04430059 -0.03937041  0.00479374 -0.17221438
  0.00674944 -0.01664045 -0.09659949  0.00028573 -0.0256974  -0.0387124
  0.04817404]",[-0.13032814],-1.1441842768042068
04,13275,"[-0.22344399 -0.01738709 -0.04430059 -0.03937041  0.00479374 -0.17221438
  0.00674944 -0.01664045 -0.09659949  0.00028573 -0.0256974  -0.0387124
  0.04817404]",[-0.16802444],-1.66340661959523
04,13279,"[-0.22344399 -0.01738709 -0.04430059 -0.03937041  0.00479374 -0.17221438
  0.00674944 -0.01664045 -0.09659949  0.00028573 -0.0256974  -0.0387124
  0.04817404]",[-0.1430375],-1.3192408691804745
04,13285,"[-0.22344399 -0.01738709 -0.04430059 -0.03937041  0.00479374 -0.17221438
  0.00674944 -0.01664045 -0.09659949  0.00028573 -0.0256974  -0.0387124
  0.04817404]",[-0.04904883],-0.024656749327984517
04,13291,"[-0.22344399 -0.01738709 -0.04430059 -0.03937041  0.00479374 -0.17221438
  0.00674944 -0.01664045 -0.09659949  0.00028573 -0.0256974  -0.0387124
  0.04817404]",[-0.21418897],-2.2992691067603164
04,13293,"[-0.22344399 -0.01738709 -0.04430059 -0.03937041  0.00479374 -0.17221438
  0.00674944 -0.01664045 -0.09659949  0.00028573 -0.0256974  -0.0387124
  0.04817404]",[-0.23362569],-2.5669872344779625
04,13295,"[-0.22344399 -0.01738709 -0.04430059 -0.03937041  0.00479374 -0.17221438
  0.00674944 -0.01664045 -0.09659949  0.00028573 -0.0256974  -0.0387124
  0.04817404]",[-0.11717745],-0.9630489151274374
04,13297,"[-0.22344399 -0.01738709 -0.04430059 -0.03937041  0.00479374 -0.17221438
  0.00674944 -0.01664045 -0.09659949  0.00028573 -0.0256974  -0.0387124
  0.04817404]",[-0.03378812],0.18554162964790696
04,13299,"[-0.22344399 -0.01738709 -0.04430059 -0.03937041  0.00479374 -0.17221438
  0.00674944 -0.01664045 -0.09659949  0.00028573 -0.0256974  -0.0387124
  0.04817404]",[-0.04885263],-0.021954291374625637
04,13303,"[-0.22344399 -0.01738709 -0.04430059 -0.03937041  0.00479374 -0.17221438
  0.00674944 -0.01664045 -0.09659949  0.00028573 -0.0256974  -0.0387124
  0.04817404]",[-0.26369421],-2.981145945449999
04,13305,"[-0.22344399 -0.01738709 -0.04430059 -0.03937041  0.00479374 -0.17221438
  0.00674944 -0.01664045 -0.09659949  0.00028573 -0.0256974  -0.0387124
  0.04817404]",[-0.12328144],-1.0471241698460882
04,13311,"[-0.22344399 -0.01738709 -0.04430059 -0.03937041  0.00479374 -0.17221438
  0.00674944 -0.01664045 -0.09659949  0.00028573 -0.0256974  -0.0387124
  0.04817404]",[-0.18786027],-1.936622106930151
04,13313,"[-0.22344399 -0.01738709 -0.04430059 -0.03937041  0.00479374 -0.17221438
  0.00674944 -0.01664045 -0.09659949  0.00028573 -0.0256974  -0.0387124
  0.04817404]",[-0.04617583],0.014915443158092739
04,13315,"[-0.22344399 -0.01738709 -0.04430059 -0.03937041  0.00479374 -0.17221438
  0.00674944 -0.01664045 -0.09659949  0.00028573 -0.0256974  -0.0387124
  0.04817404]",[-0.24984775],-2.790427087226997
04,13317,"[-0.22344399 -0.01738709 -0.04430059 -0.03937041  0.00479374 -0.17221438
  0.00674944 -0.01664045 -0.09659949  0.00028573 -0.0256974  -0.0387124
  0.04817404]",[-0.33170969],-3.9179795368405403
04,13321,"[-0.22344399 -0.01738709 -0.04430059 -0.03937041  0.00479374 -0.17221438
  0.00674944 -0.01664045 -0.09659949  0.00028573 -0.0256974  -0.0387124
  0.04817404]",[-0.37074165],-4.45559921225942
04,16001,"[-0.22344399 -0.01738709 -0.04430059 -0.03937041  0.00479374 -0.17221438
  0.00674944 -0.01664045 -0.09659949  0.00028573 -0.0256974  -0.0387124
  0.04817404]",[0.01144233],0.8085382644277063
04,16005,"[-0.22344399 -0.01738709 -0.04430059 -0.03937041  0.00479374 -0.17221438
  0.00674944 -0.01664045 -0.09659949  0.00028573 -0.0256974  -0.0387124
  0.04817404]",[0.0179954],0.8987991409824974
04,16011,"[-0.22344399 -0.01738709 -0.04430059 -0.03937041  0.00479374 -0.17221438
  0.00674944 -0.01664045 -0.09659949  0.00028573 -0.0256974  -0.0387124
  0.04817404]",[-0.17223431],-1.7213926536118886
04,16013,"[-0.22344399 -0.01738709 -0.04430059 -0.03937041  0.00479374 -0.17221438
  0.00674944 -0.01664045 -0.09659949  0.00028573 -0.0256974  -0.0387124
  0.04817404]",[-0.44793419],-5.518836243348071
04,16017,"[-0.22344399 -0.01738709 -0.04430059 -0.03937041  0.00479374 -0.17221438
  0.00674944 -0.01664045 -0.09659949  0.00028573 -0.0256974  -0.0387124
  0.04817404]",[-0.1449724],-1.3458917280845817
04,16019,"[-0.22344399 -0.01738709 -0.04430059 -0.03937041  0.00479374 -0.17221438
  0.00674944 -0.01664045 -0.09659949  0.00028573 -0.0256974  -0.0387124
  0.04817404]",[-0.02835207],0.2604169045092123
04,16027,"[-0.22344399 -0.01738709 -0.04430059 -0.03937041  0.00479374 -0.17221438
  0.00674944 -0.01664045 -0.09659949  0.00028573 -0.0256974  -0.0387124
  0.04817404]",[-0.01967263],0.3799659900461938
04,16031,"[-0.22344399 -0.01738709 -0.04430059 -0.03937041  0.00479374 -0.17221438
  0.00674944 -0.01664045 -0.09659949  0.00028573 -0.0256974  -0.0387124
  0.04817404]",[-0.27146732],-3.08821144591252
04,16039,"[-0.22344399 -0.01738709 -0.04430059 -0.03937041  0.00479374 -0.17221438
  0.00674944 -0.01664045 -0.09659949  0.00028573 -0.0256974  -0.0387124
  0.04817404]",[-0.16045132],-1.5590958240671384
04,16049,"[-0.22344399 -0.01738709 -0.04430059 -0.03937041  0.00479374 -0.17221438
  0.00674944 -0.01664045 -0.09659949  0.00028573 -0.0256974  -0.0387124
  0.04817404]",[-0.1487259],-1.397591901467258
04,16051,"[-0.22344399 -0.01738709 -0.04430059 -0.03937041  0.00479374 -0.17221438
  0.00674944 -0.01664045 -0.09659949  0.00028573 -0.0256974  -0.0387124
  0.04817404]",[-0.13306096],-1.181825693373823
04,16053,"[-0.22344399 -0.01738709 -0.04430059 -0.03937041  0.00479374 -0.17221438
  0.00674944 -0.01664045 -0.09659949  0.00028573 -0.0256974  -0.0387124
  0.04817404]",[-0.24702616],-2.751563056551217
04,16055,"[-0.22344399 -0.01738709 -0.04430059 -0.03937041  0.00479374 -0.17221438
  0.00674944 -0.01664045 -0.09659949  0.00028573 -0.0256974  -0.0387124
  0.04817404]",[-0.00521737],0.5790702981673519
04,16057,"[-0.22344399 -0.01738709 -0.04430059 -0.03937041  0.00479374 -0.17221438
  0.00674944 -0.01664045 -0.09659949  0.00028573 -0.0256974  -0.0387124
  0.04817404]",[-0.13403151],-1.1951937841441214
04,16065,"[-0.22344399 -0.01738709 -0.04430059 -0.03937041  0.00479374 -0.17221438
  0.00674944 -0.01664045 -0.09659949  0.00028573 -0.0256974  -0.0387124
  0.04817404]",[-0.27595096],-3.1499682329842638
04,16067,"[-0.22344399 -0.01738709 -0.04430059 -0.03937041  0.00479374 -0.17221438
  0.00674944 -0.01664045 -0.09659949  0.00028573 -0.0256974  -0.0387124
  0.04817404]",[-0.22562966],-2.456851254703979
04,16069,"[-0.22344399 -0.01738709 -0.04430059 -0.03937041  0.00479374 -0.17221438
  0.00674944 -0.01664045 -0.09659949  0.00028573 -0.0256974  -0.0387124
  0.04817404]",[-0.0107618],0.5027022825676528
04,16075,"[-0.22344399 -0.01738709 -0.04430059 -0.03937041  0.00479374 -0.17221438
  0.00674944 -0.01664045 -0.09659949  0.00028573 -0.0256974  -0.0387124
  0.04817404]",[-0.39315424],-4.764306462481496
04,16083,"[-0.22344399 -0.01738709 -0.04430059 -0.03937041  0.00479374 -0.17221438
  0.00674944 -0.01664045 -0.09659949  0.00028573 -0.0256974  -0.0387124
  0.04817404]",[-0.09737183],-0.6902496337943805
04,17003,"[-0.22344399 -0.01738709 -0.04430059 -0.03937041  0.00479374 -0.17221438
  0.00674944 -0.01664045 -0.09659949  0.00028573 -0.0256974  -0.0387124
  0.04817404]",[-0.30835953],-3.5963585134233598
04,17001,"[-0.22344399 -0.01738709 -0.04430059 -0.03937041  0.00479374 -0.17221438
  0.00674944 -0.01664045 -0.09659949  0.00028573 -0.0256974  -0.0387124
  0.04817404]",[-0.03174437],0.21369194823722992
04,17005,"[-0.22344399 -0.01738709 -0.04430059 -0.03937041  0.00479374 -0.17221438
  0.00674944 -0.01664045 -0.09659949  0.00028573 -0.0256974  -0.0387124
  0.04817404]",[-0.26370217],-2.9812555644838192
04,17007,"[-0.22344399 -0.01738709 -0.04430059 -0.03937041  0.00479374 -0.17221438
  0.00674944 -0.01664045 -0.09659949  0.00028573 -0.0256974  -0.0387124
  0.04817404]",[-0.16524847],-1.625170933965952
04,17011,"[-0.22344399 -0.01738709 -0.04430059 -0.03937041  0.00479374 -0.17221438
  0.00674944 -0.01664045 -0.09659949  0.00028573 -0.0256974  -0.0387124
  0.04817404]",[-0.21986523],-2.3774529474436776
04,17015,"[-0.22344399 -0.01738709 -0.04430059 -0.03937041  0.00479374 -0.17221438
  0.00674944 -0.01664045 -0.09659949  0.00028573 -0.0256974  -0.0387124
  0.04817404]",[-0.20877915],-2.2247552023786445
04,17017,"[-0.22344399 -0.01738709 -0.04430059 -0.03937041  0.00479374 -0.17221438
  0.00674944 -0.01664045 -0.09659949  0.00028573 -0.0256974  -0.0387124
  0.04817404]",[-0.11719772],-0.9633280403228126
04,17019,"[-0.22344399 -0.01738709 -0.04430059 -0.03937041  0.00479374 -0.17221438
  0.00674944 -0.01664045 -0.09659949  0.00028573 -0.0256974  -0.0387124
  0.04817404]",[-0.01026147],0.509593787099655
04,17021,"[-0.22344399 -0.01738709 -0.04430059 -0.03937041  0.00479374 -0.17221438
  0.00674944 -0.01664045 -0.09659949  0.00028573 -0.0256974  -0.0387124
  0.04817404]",[-0.18546479],-1.9036271161075096
04,17023,"[-0.22344399 -0.01738709 -0.04430059 -0.03937041  0.00479374 -0.17221438
  0.00674944 -0.01664045 -0.09659949  0.00028573 -0.0256974  -0.0387124
  0.04817404]",[-0.64514238],-8.235148381307633
04,17027,"[-0.22344399 -0.01738709 -0.04430059 -0.03937041  0.00479374 -0.17221438
  0.00674944 -0.01664045 -0.09659949  0.00028573 -0.0256974  -0.0387124
  0.04817404]",[-0.18719189],-1.9274158502540455
04,17025,"[-0.22344399 -0.01738709 -0.04430059 -0.03937041  0.00479374 -0.17221438
  0.00674944 -0.01664045 -0.09659949  0.00028573 -0.0256974  -0.0387124
  0.04817404]",[0.03255242],1.0993050094525858
04,17029,"[-0.22344399 -0.01738709 -0.04430059 -0.03937041  0.00479374 -0.17221438
  0.00674944 -0.01664045 -0.09659949  0.00028573 -0.0256974  -0.0387124
  0.04817404]",[0.29895249],4.7686544610739725
04,17031,"[-0.22344399 -0.01738709 -0.04430059 -0.03937041  0.00479374 -0.17221438
  0.00674944 -0.01664045 -0.09659949  0.00028573 -0.0256974  -0.0387124
  0.04817404]",[0.00867744],0.7704550203709467
04,17033,"[-0.22344399 -0.01738709 -0.04430059 -0.03937041  0.00479374 -0.17221438
  0.00674944 -0.01664045 -0.09659949  0.00028573 -0.0256974  -0.0387124
  0.04817404]",[-0.31182994],-3.6441592622801386
04,17037,"[-0.22344399 -0.01738709 -0.04430059 -0.03937041  0.00479374 -0.17221438
  0.00674944 -0.01664045 -0.09659949  0.00028573 -0.0256974  -0.0387124
  0.04817404]",[0.01331241],0.8342963567938002
04,17039,"[-0.22344399 -0.01738709 -0.04430059 -0.03937041  0.00479374 -0.17221438
  0.00674944 -0.01664045 -0.09659949  0.00028573 -0.0256974  -0.0387124
  0.04817404]",[-0.28890478],-3.328391996698908
04,17041,"[-0.22344399 -0.01738709 -0.04430059 -0.03937041  0.00479374 -0.17221438
  0.00674944 -0.01664045 -0.09659949  0.00028573 -0.0256974  -0.0387124
  0.04817404]",[-0.2849641],-3.2741138096706677
04,17043,"[-0.22344399 -0.01738709 -0.04430059 -0.03937041  0.00479374 -0.17221438
  0.00674944 -0.01664045 -0.09659949  0.00028573 -0.0256974  -0.0387124
  0.04817404]",[0.00777801],0.7580664592145978
04,17045,"[-0.22344399 -0.01738709 -0.04430059 -0.03937041  0.00479374 -0.17221438
  0.00674944 -0.01664045 -0.09659949  0.00028573 -0.0256974  -0.0387124
  0.04817404]",[-0.11473249],-0.9293723475976563
04,17049,"[-0.22344399 -0.01738709 -0.04430059 -0.03937041  0.00479374 -0.17221438
  0.00674944 -0.01664045 -0.09659949  0.00028573 -0.0256974  -0.0387124
  0.04817404]",[-0.19383591],-2.0189295285321442
04,17051,"[-0.22344399 -0.01738709 -0.04430059 -0.03937041  0.00479374 -0.17221438
  0.00674944 -0.01664045 -0.09659949  0.00028573 -0.0256974  -0.0387124
  0.04817404]",[-0.28801376],-3.3161192019695584
04,17053,"[-0.22344399 -0.01738709 -0.04430059 -0.03937041  0.00479374 -0.17221438
  0.00674944 -0.01664045 -0.09659949  0.00028573 -0.0256974  -0.0387124
  0.04817404]",[-0.28697779],-3.3018499423991714
04,17055,"[-0.22344399 -0.01738709 -0.04430059 -0.03937041  0.00479374 -0.17221438
  0.00674944 -0.01664045 -0.09659949  0.00028573 -0.0256974  -0.0387124
  0.04817404]",[-0.06051596],-0.1826031276599668
04,17057,"[-0.22344399 -0.01738709 -0.04430059 -0.03937041  0.00479374 -0.17221438
  0.00674944 -0.01664045 -0.09659949  0.00028573 -0.0256974  -0.0387124
  0.04817404]",[-0.18413751],-1.8853454435035406
04,17063,"[-0.22344399 -0.01738709 -0.04430059 -0.03937041  0.00479374 -0.17221438
  0.00674944 -0.01664045 -0.09659949  0.00028573 -0.0256974  -0.0387124
  0.04817404]",[-0.01980994],0.37807479092780183
04,17061,"[-0.22344399 -0.01738709 -0.04430059 -0.03937041  0.00479374 -0.17221438
  0.00674944 -0.01664045 -0.09659949  0.00028573 -0.0256974  -0.0387124
  0.04817404]",[-0.16734534],-1.6540529186567954
04,17067,"[-0.22344399 -0.01738709 -0.04430059 -0.03937041  0.00479374 -0.17221438
  0.00674944 -0.01664045 -0.09659949  0.00028573 -0.0256974  -0.0387124
  0.04817404]",[-0.22620901],-2.464831066477251
04,17073,"[-0.22344399 -0.01738709 -0.04430059 -0.03937041  0.00479374 -0.17221438
  0.00674944 -0.01664045 -0.09659949  0.00028573 -0.0256974  -0.0387124
  0.04817404]",[-0.06695085],-0.2712362314726318
04,17075,"[-0.22344399 -0.01738709 -0.04430059 -0.03937041  0.00479374 -0.17221438
  0.00674944 -0.01664045 -0.09659949  0.00028573 -0.0256974  -0.0387124
  0.04817404]",[-0.18550928],-1.904239856492471
04,17077,"[-0.22344399 -0.01738709 -0.04430059 -0.03937041  0.00479374 -0.17221438
  0.00674944 -0.01664045 -0.09659949  0.00028573 -0.0256974  -0.0387124
  0.04817404]",[-0.08710947],-0.5488976008449217
04,17081,"[-0.22344399 -0.01738709 -0.04430059 -0.03937041  0.00479374 -0.17221438
  0.00674944 -0.01664045 -0.09659949  0.00028573 -0.0256974  -0.0387124
  0.04817404]",[-0.07082197],-0.32455638572006995
04,17083,"[-0.22344399 -0.01738709 -0.04430059 -0.03937041  0.00479374 -0.17221438
  0.00674944 -0.01664045 -0.09659949  0.00028573 -0.0256974  -0.0387124
  0.04817404]",[-0.13929016],-1.2676255852718183
04,17085,"[-0.22344399 -0.01738709 -0.04430059 -0.03937041  0.00479374 -0.17221438
  0.00674944 -0.01664045 -0.09659949  0.00028573 -0.0256974  -0.0387124
  0.04817404]",[-0.215725],-2.3204261642995876
04,17087,"[-0.22344399 -0.01738709 -0.04430059 -0.03937041  0.00479374 -0.17221438
  0.00674944 -0.01664045 -0.09659949  0.00028573 -0.0256974  -0.0387124
  0.04817404]",[-0.36092345],-4.320364923229009
04,17089,"[-0.22344399 -0.01738709 -0.04430059 -0.03937041  0.00479374 -0.17221438
  0.00674944 -0.01664045 -0.09659949  0.00028573 -0.0256974  -0.0387124
  0.04817404]",[-0.02085158],0.36372739693019807
04,17091,"[-0.22344399 -0.01738709 -0.04430059 -0.03937041  0.00479374 -0.17221438
  0.00674944 -0.01664045 -0.09659949  0.00028573 -0.0256974  -0.0387124
  0.04817404]",[-0.04738298],-0.0017116492926011633
04,17093,"[-0.22344399 -0.01738709 -0.04430059 -0.03937041  0.00479374 -0.17221438
  0.00674944 -0.01664045 -0.09659949  0.00028573 -0.0256974  -0.0387124
  0.04817404]",[0.06285449],1.5166805777415495
04,17095,"[-0.22344399 -0.01738709 -0.04430059 -0.03937041  0.00479374 -0.17221438
  0.00674944 -0.01664045 -0.09659949  0.00028573 -0.0256974  -0.0387124
  0.04817404]",[-0.01292798],0.47286567954207487
04,17099,"[-0.22344399 -0.01738709 -0.04430059 -0.03937041  0.00479374 -0.17221438
  0.00674944 -0.01664045 -0.09659949  0.00028573 -0.0256974  -0.0387124
  0.04817404]",[-0.07273186],-0.35086283464361606
04,17097,"[-0.22344399 -0.01738709 -0.04430059 -0.03937041  0.00479374 -0.17221438
  0.00674944 -0.01664045 -0.09659949  0.00028573 -0.0256974  -0.0387124
  0.04817404]",[-0.00033324],0.646343506477433
04,17101,"[-0.22344399 -0.01738709 -0.04430059 -0.03937041  0.00479374 -0.17221438
  0.00674944 -0.01664045 -0.09659949  0.00028573 -0.0256974  -0.0387124
  0.04817404]",[-0.15927328],-1.542869703932218
04,17103,"[-0.22344399 -0.01738709 -0.04430059 -0.03937041  0.00479374 -0.17221438
  0.00674944 -0.01664045 -0.09659949  0.00028573 -0.0256974  -0.0387124
  0.04817404]",[-0.07769138],-0.41917434706301343
04,17105,"[-0.22344399 -0.01738709 -0.04430059 -0.03937041  0.00479374 -0.17221438
  0.00674944 -0.01664045 -0.09659949  0.00028573 -0.0256974  -0.0387124
  0.04817404]",[-0.10623278],-0.8122988095960461
04,17107,"[-0.22344399 -0.01738709 -0.04430059 -0.03937041  0.00479374 -0.17221438
  0.00674944 -0.01664045 -0.09659949  0.00028573 -0.0256974  -0.0387124
  0.04817404]",[-0.16725954],-1.6528710906953958
04,17109,"[-0.22344399 -0.01738709 -0.04430059 -0.03937041  0.00479374 -0.17221438
  0.00674944 -0.01664045 -0.09659949  0.00028573 -0.0256974  -0.0387124
  0.04817404]",[-0.04969891],-0.03361092247258406
04,17111,"[-0.22344399 -0.01738709 -0.04430059 -0.03937041  0.00479374 -0.17221438
  0.00674944 -0.01664045 -0.09659949  0.00028573 -0.0256974  -0.0387124
  0.04817404]",[-0.01000479],0.5131291705692785
04,17113,"[-0.22344399 -0.01738709 -0.04430059 -0.03937041  0.00479374 -0.17221438
  0.00674944 -0.01664045 -0.09659949  0.00028573 -0.0256974  -0.0387124
  0.04817404]",[0.00760555],0.7556910055047562
04,17115,"[-0.22344399 -0.01738709 -0.04430059 -0.03937041  0.00479374 -0.17221438
  0.00674944 -0.01664045 -0.09659949  0.00028573 -0.0256974  -0.0387124
  0.04817404]",[-0.05182176],-0.06285061635542379
04,17117,"[-0.22344399 -0.01738709 -0.04430059 -0.03937041  0.00479374 -0.17221438
  0.00674944 -0.01664045 -0.09659949  0.00028573 -0.0256974  -0.0387124
  0.04817404]",[-0.11552992],-0.9403560669555101
04,17119,"[-0.22344399 -0.01738709 -0.04430059 -0.03937041  0.00479374 -0.17221438
  0.00674944 -0.01664045 -0.09659949  0.00028573 -0.0256974  -0.0387124
  0.04817404]",[-0.01127115],0.4956865590483662
04,17121,"[-0.22344399 -0.01738709 -0.04430059 -0.03937041  0.00479374 -0.17221438
  0.00674944 -0.01664045 -0.09659949  0.00028573 -0.0256974  -0.0387124
  0.04817404]",[-0.09002885],-0.5891085937734319
04,17123,"[-0.22344399 -0.01738709 -0.04430059 -0.03937041  0.00479374 -0.17221438
  0.00674944 -0.01664045 -0.09659949  0.00028573 -0.0256974  -0.0387124
  0.04817404]",[-0.30746799],-3.584078569747872
04,17125,"[-0.22344399 -0.01738709 -0.04430059 -0.03937041  0.00479374 -0.17221438
  0.00674944 -0.01664045 -0.09659949  0.00028573 -0.0256974  -0.0387124
  0.04817404]",[-0.33920531],-4.021223057138245
04,17127,"[-0.22344399 -0.01738709 -0.04430059 -0.03937041  0.00479374 -0.17221438
  0.00674944 -0.01664045 -0.09659949  0.00028573 -0.0256974  -0.0387124
  0.04817404]",[-0.48128132],-5.9781538612576925
04,17131,"[-0.22344399 -0.01738709 -0.04430059 -0.03937041  0.00479374 -0.17221438
  0.00674944 -0.01664045 -0.09659949  0.00028573 -0.0256974  -0.0387124
  0.04817404]",[-0.38893454],-4.706184966070856
04,17133,"[-0.22344399 -0.01738709 -0.04430059 -0.03937041  0.00479374 -0.17221438
  0.00674944 -0.01664045 -0.09659949  0.00028573 -0.0256974  -0.0387124
  0.04817404]",[-0.08424807],-0.5094850902891875
04,17135,"[-0.22344399 -0.01738709 -0.04430059 -0.03937041  0.00479374 -0.17221438
  0.00674944 -0.01664045 -0.09659949  0.00028573 -0.0256974  -0.0387124
  0.04817404]",[-0.09702221],-0.6854339267977706
04,17137,"[-0.22344399 -0.01738709 -0.04430059 -0.03937041  0.00479374 -0.17221438
  0.00674944 -0.01664045 -0.09659949  0.00028573 -0.0256974  -0.0387124
  0.04817404]",[-0.14619854],-1.362780403281182
04,17139,"[-0.22344399 -0.01738709 -0.04430059 -0.03937041  0.00479374 -0.17221438
  0.00674944 -0.01664045 -0.09659949  0.00028573 -0.0256974  -0.0387124
  0.04817404]",[-0.18382113],-1.8809876007384563
04,17141,"[-0.22344399 -0.01738709 -0.04430059 -0.03937041  0.00479374 -0.17221438
  0.00674944 -0.01664045 -0.09659949  0.00028573 -0.0256974  -0.0387124
  0.04817404]",[-0.10095626],-0.7396209137102985
04,17143,"[-0.22344399 -0.01738709 -0.04430059 -0.03937041  0.00479374 -0.17221438
  0.00674944 -0.01664045 -0.09659949  0.00028573 -0.0256974  -0.0387124
  0.04817404]",[0.00885271],0.7728691899085537
04,17145,"[-0.22344399 -0.01738709 -0.04430059 -0.03937041  0.00479374 -0.17221438
  0.00674944 -0.01664045 -0.09659949  0.00028573 -0.0256974  -0.0387124
  0.04817404]",[-0.30388386],-3.534711313826946
04,17147,"[-0.22344399 -0.01738709 -0.04430059 -0.03937041  0.00479374 -0.17221438
  0.00674944 -0.01664045 -0.09659949  0.00028573 -0.0256974  -0.0387124
  0.04817404]",[-0.39621909],-4.806521095208673
04,17157,"[-0.22344399 -0.01738709 -0.04430059 -0.03937041  0.00479374 -0.17221438
  0.00674944 -0.01664045 -0.09659949  0.00028573 -0.0256974  -0.0387124
  0.04817404]",[0.086776],1.8461713859996713
04,17149,"[-0.22344399 -0.01738709 -0.04430059 -0.03937041  0.00479374 -0.17221438
  0.00674944 -0.01664045 -0.09659949  0.00028573 -0.0256974  -0.0387124
  0.04817404]",[-0.26746864],-3.0331343099220707
04,17159,"[-0.22344399 -0.01738709 -0.04430059 -0.03937041  0.00479374 -0.17221438
  0.00674944 -0.01664045 -0.09659949  0.00028573 -0.0256974  -0.0387124
  0.04817404]",[-0.31390417],-3.672729419131009
04,17161,"[-0.22344399 -0.01738709 -0.04430059 -0.03937041  0.00479374 -0.17221438
  0.00674944 -0.01664045 -0.09659949  0.00028573 -0.0256974  -0.0387124
  0.04817404]",[-0.05186311],-0.06342012823403408
04,17163,"[-0.22344399 -0.01738709 -0.04430059 -0.03937041  0.00479374 -0.17221438
  0.00674944 -0.01664045 -0.09659949  0.00028573 -0.0256974  -0.0387124
  0.04817404]",[0.00575032],0.7301374131826389
04,17165,"[-0.22344399 -0.01738709 -0.04430059 -0.03937041  0.00479374 -0.17221438
  0.00674944 -0.01664045 -0.09659949  0.00028573 -0.0256974  -0.0387124
  0.04817404]",[0.18504703],3.1997398915514066
04,17167,"[-0.22344399 -0.01738709 -0.04430059 -0.03937041  0.00479374 -0.17221438
  0.00674944 -0.01664045 -0.09659949  0.00028573 -0.0256974  -0.0387124
  0.04817404]",[-0.01226764],0.4819611722553187
04,17173,"[-0.22344399 -0.01738709 -0.04430059 -0.03937041  0.00479374 -0.17221438
  0.00674944 -0.01664045 -0.09659949  0.00028573 -0.0256974  -0.0387124
  0.04817404]",[-0.21063997],-2.2503857656372133
04,17177,"[-0.22344399 -0.01738709 -0.04430059 -0.03937041  0.00479374 -0.17221438
  0.00674944 -0.01664045 -0.09659949  0.00028573 -0.0256974  -0.0387124
  0.04817404]",[-0.05523496],-0.10986352736654982
04,17179,"[-0.22344399 -0.01738709 -0.04430059 -0.03937041  0.00479374 -0.17221438
  0.00674944 -0.01664045 -0.09659949  0.00028573 -0.0256974  -0.0387124
  0.04817404]",[-0.03837438],0.12237129262379519
04,17181,"[-0.22344399 -0.01738709 -0.04430059 -0.03937041  0.00479374 -0.17221438
  0.00674944 -0.01664045 -0.09659949  0.00028573 -0.0256974  -0.0387124
  0.04817404]",[-0.36089251],-4.319938881679347
04,17183,"[-0.22344399 -0.01738709 -0.04430059 -0.03937041  0.00479374 -0.17221438
  0.00674944 -0.01664045 -0.09659949  0.00028573 -0.0256974  -0.0387124
  0.04817404]",[-0.02476369],0.3098426016353517
04,17185,"[-0.22344399 -0.01738709 -0.04430059 -0.03937041  0.00479374 -0.17221438
  0.00674944 -0.01664045 -0.09659949  0.00028573 -0.0256974  -0.0387124
  0.04817404]",[-0.26863362],-3.0491805212254843
04,17187,"[-0.22344399 -0.01738709 -0.04430059 -0.03937041  0.00479374 -0.17221438
  0.00674944 -0.01664045 -0.09659949  0.00028573 -0.0256974  -0.0387124
  0.04817404]",[-0.11525691],-0.9365956622950677
04,17189,"[-0.22344399 -0.01738709 -0.04430059 -0.03937041  0.00479374 -0.17221438
  0.00674944 -0.01664045 -0.09659949  0.00028573 -0.0256974  -0.0387124
  0.04817404]",[-0.23875318],-2.637612333355278
04,17191,"[-0.22344399 -0.01738709 -0.04430059 -0.03937041  0.00479374 -0.17221438
  0.00674944 -0.01664045 -0.09659949  0.00028573 -0.0256974  -0.0387124
  0.04817404]",[-0.37950347],-4.57628300108856
04,17193,"[-0.22344399 -0.01738709 -0.04430059 -0.03937041  0.00479374 -0.17221438
  0.00674944 -0.01664045 -0.09659949  0.00028573 -0.0256974  -0.0387124
  0.04817404]",[-0.15400298],-1.4702774548634414
04,17195,"[-0.22344399 -0.01738709 -0.04430059 -0.03937041  0.00479374 -0.17221438
  0.00674944 -0.01664045 -0.09659949  0.00028573 -0.0256974  -0.0387124
  0.04817404]",[-0.11324926],-0.9089425721428228
04,17197,"[-0.22344399 -0.01738709 -0.04430059 -0.03937041  0.00479374 -0.17221438
  0.00674944 -0.01664045 -0.09659949  0.00028573 -0.0256974  -0.0387124
  0.04817404]",[-0.00319033],0.6069904297867101
04,17199,"[-0.22344399 -0.01738709 -0.04430059 -0.03937041  0.00479374 -0.17221438
  0.00674944 -0.01664045 -0.09659949  0.00028573 -0.0256974  -0.0387124
  0.04817404]",[-0.07701188],-0.4098150374318605
04,17201,"[-0.22344399 -0.01738709 -0.04430059 -0.03937041  0.00479374 -0.17221438
  0.00674944 -0.01664045 -0.09659949  0.00028573 -0.0256974  -0.0387124
  0.04817404]",[-0.01796961],0.40342317836462416
04,17203,"[-0.22344399 -0.01738709 -0.04430059 -0.03937041  0.00479374 -0.17221438
  0.00674944 -0.01664045 -0.09659949  0.00028573 -0.0256974  -0.0387124
  0.04817404]",[-0.02227372],0.34413904573826476
04,18001,"[-0.22344399 -0.01738709 -0.04430059 -0.03937041  0.00479374 -0.17221438
  0.00674944 -0.01664045 -0.09659949  0.00028573 -0.0256974  -0.0387124
  0.04817404]",[0.08504577],1.822339578656627
04,18003,"[-0.22344399 -0.01738709 -0.04430059 -0.03937041  0.00479374 -0.17221438
  0.00674944 -0.01664045 -0.09659949  0.00028573 -0.0256974  -0.0387124
  0.04817404]",[0.03542775],1.1389092781615016
04,18005,"[-0.22344399 -0.01738709 -0.04430059 -0.03937041  0.00479374 -0.17221438
  0.00674944 -0.01664045 -0.09659949  0.00028573 -0.0256974  -0.0387124
  0.04817404]",[-0.12767335],-1.1076175523721787
04,18009,"[-0.22344399 -0.01738709 -0.04430059 -0.03937041  0.00479374 -0.17221438
  0.00674944 -0.01664045 -0.09659949  0.00028573 -0.0256974  -0.0387124
  0.04817404]",[-0.39684706],-4.815170666010714
04,18011,"[-0.22344399 -0.01738709 -0.04430059 -0.03937041  0.00479374 -0.17221438
  0.00674944 -0.01664045 -0.09659949  0.00028573 -0.0256974  -0.0387124
  0.04817404]",[-0.17916646],-1.8168749708246776
04,18013,"[-0.22344399 -0.01738709 -0.04430059 -0.03937041  0.00479374 -0.17221438
  0.00674944 -0.01664045 -0.09659949  0.00028573 -0.0256974  -0.0387124
  0.04817404]",[-0.33285373],-3.9337373865895535
04,18017,"[-0.22344399 -0.01738709 -0.04430059 -0.03937041  0.00479374 -0.17221438
  0.00674944 -0.01664045 -0.09659949  0.00028573 -0.0256974  -0.0387124
  0.04817404]",[-0.145683],-1.3556794387867899
04,18015,"[-0.22344399 -0.01738709 -0.04430059 -0.03937041  0.00479374 -0.17221438
  0.00674944 -0.01664045 -0.09659949  0.00028573 -0.0256974  -0.0387124
  0.04817404]",[-0.14049971],-1.2842857345767684
04,18019,"[-0.22344399 -0.01738709 -0.04430059 -0.03937041  0.00479374 -0.17221438
  0.00674944 -0.01664045 -0.09659949  0.00028573 -0.0256974  -0.0387124
  0.04817404]",[-0.01912515],0.387506860514555
04,18021,"[-0.22344399 -0.01738709 -0.04430059 -0.03937041  0.00479374 -0.17221438
  0.00674944 -0.01664045 -0.09659949  0.00028573 -0.0256974  -0.0387124
  0.04817404]",[-0.13462002],-1.203299885602912
04,18027,"[-0.22344399 -0.01738709 -0.04430059 -0.03937041  0.00479374 -0.17221438
  0.00674944 -0.01664045 -0.09659949  0.00028573 -0.0256974  -0.0387124
  0.04817404]",[-0.15240533],-1.4482717469255204
04,18023,"[-0.22344399 -0.01738709 -0.04430059 -0.03937041  0.00479374 -0.17221438
  0.00674944 -0.01664045 -0.09659949  0.00028573 -0.0256974  -0.0387124
  0.04817404]",[-0.15792022],-1.5242328761577961
04,18029,"[-0.22344399 -0.01738709 -0.04430059 -0.03937041  0.00479374 -0.17221438
  0.00674944 -0.01664045 -0.09659949  0.00028573 -0.0256974  -0.0387124
  0.04817404]",[-0.12700612],-1.0984273419728399
04,18031,"[-0.22344399 -0.01738709 -0.04430059 -0.03937041  0.00479374 -0.17221438
  0.00674944 -0.01664045 -0.09659949  0.00028573 -0.0256974  -0.0387124
  0.04817404]",[-0.17727494],-1.790821451962516
04,18033,"[-0.22344399 -0.01738709 -0.04430059 -0.03937041  0.00479374 -0.17221438
  0.00674944 -0.01664045 -0.09659949  0.00028573 -0.0256974  -0.0387124
  0.04817404]",[-0.14457017],-1.340351594770229
04,18035,"[-0.22344399 -0.01738709 -0.04430059 -0.03937041  0.00479374 -0.17221438
  0.00674944 -0.01664045 -0.09659949  0.00028573 -0.0256974  -0.0387124
  0.04817404]",[0.08094839],1.765902962870892
04,18037,"[-0.22344399 -0.01738709 -0.04430059 -0.03937041  0.00479374 -0.17221438
  0.00674944 -0.01664045 -0.09659949  0.00028573 -0.0256974  -0.0387124
  0.04817404]",[-0.05189014],-0.06379253197733868
04,18039,"[-0.22344399 -0.01738709 -0.04430059 -0.03937041  0.00479374 -0.17221438
  0.00674944 -0.01664045 -0.09659949  0.00028573 -0.0256974  -0.0387124
  0.04817404]",[-0.02962352],0.24290414729176943
04,18041,"[-0.22344399 -0.01738709 -0.04430059 -0.03937041  0.00479374 -0.17221438
  0.00674944 -0.01664045 -0.09659949  0.00028573 -0.0256974  -0.0387124
  0.04817404]",[-0.14390905],-1.3312453691984016
04,18045,"[-0.22344399 -0.01738709 -0.04430059 -0.03937041  0.00479374 -0.17221438
  0.00674944 -0.01664045 -0.09659949  0.00028573 -0.0256974  -0.0387124
  0.04817404]",[-0.33859783],-4.012855696646834
04,18043,"[-0.22344399 -0.01738709 -0.04430059 -0.03937041  0.00479374 -0.17221438
  0.00674944 -0.01664045 -0.09659949  0.00028573 -0.0256974  -0.0387124
  0.04817404]",[-0.09830247],-0.703068020331987
04,18047,"[-0.22344399 -0.01738709 -0.04430059 -0.03937041  0.00479374 -0.17221438
  0.00674944 -0.01664045 -0.09659949  0.00028573 -0.0256974  -0.0387124
  0.04817404]",[-0.33465614],-3.9585635571099056
04,18049,"[-0.22344399 -0.01738709 -0.04430059 -0.03937041  0.00479374 -0.17221438
  0.00674944 -0.01664045 -0.09659949  0.00028573 -0.0256974  -0.0387124
  0.04817404]",[-0.16013952],-1.5548011095038123
04,18051,"[-0.22344399 -0.01738709 -0.04430059 -0.03937041  0.00479374 -0.17221438
  0.00674944 -0.01664045 -0.09659949  0.00028573 -0.0256974  -0.0387124
  0.04817404]",[-0.25606452],-2.8760558128664178
04,18053,"[-0.22344399 -0.01738709 -0.04430059 -0.03937041  0.00479374 -0.17221438
  0.00674944 -0.01664045 -0.09659949  0.00028573 -0.0256974  -0.0387124
  0.04817404]",[-0.03178152],0.2131802415084913
04,18055,"[-0.22344399 -0.01738709 -0.04430059 -0.03937041  0.00479374 -0.17221438
  0.00674944 -0.01664045 -0.09659949  0.00028573 -0.0256974  -0.0387124
  0.04817404]",[-0.22222325],-2.4099319064405313
04,18057,"[-0.22344399 -0.01738709 -0.04430059 -0.03937041  0.00479374 -0.17221438
  0.00674944 -0.01664045 -0.09659949  0.00028573 -0.0256974  -0.0387124
  0.04817404]",[-0.01014384],0.5112139031109422
04,18059,"[-0.22344399 -0.01738709 -0.04430059 -0.03937041  0.00479374 -0.17221438
  0.00674944 -0.01664045 -0.09659949  0.00028573 -0.0256974  -0.0387124
  0.04817404]",[-0.13877311],-1.260503882186966
04,18061,"[-0.22344399 -0.01738709 -0.04430059 -0.03937041  0.00479374 -0.17221438
  0.00674944 -0.01664045 -0.09659949  0.00028573 -0.0256974  -0.0387124
  0.04817404]",[-0.15039025],-1.420516398005992
04,18063,"[-0.22344399 -0.01738709 -0.04430059 -0.03937041  0.00479374 -0.17221438
  0.00674944 -0.01664045 -0.09659949  0.00028573 -0.0256974  -0.0387124
  0.04817404]",[-0.0435216],0.05147432766967966
04,18065,"[-0.22344399 -0.01738709 -0.04430059 -0.03937041  0.00479374 -0.17221438
  0.00674944 -0.01664045 -0.09659949  0.00028573 -0.0256974  -0.0387124
  0.04817404]",[-0.05678409],-0.13120094553831732
04,18067,"[-0.22344399 -0.01738709 -0.04430059 -0.03937041  0.00479374 -0.17221438
  0.00674944 -0.01664045 -0.09659949  0.00028573 -0.0256974  -0.0387124
  0.04817404]",[-0.02523106],0.3034051300204858
04,18069,"[-0.22344399 -0.01738709 -0.04430059 -0.03937041  0.00479374 -0.17221438
  0.00674944 -0.01664045 -0.09659949  0.00028573 -0.0256974  -0.0387124
  0.04817404]",[-0.08035937],-0.45592285433992347
04,18073,"[-0.22344399 -0.01738709 -0.04430059 -0.03937041  0.00479374 -0.17221438
  0.00674944 -0.01664045 -0.09659949  0.00028573 -0.0256974  -0.0387124
  0.04817404]",[-0.1931679],-2.00972839852589
04,18071,"[-0.22344399 -0.01738709 -0.04430059 -0.03937041  0.00479374 -0.17221438
  0.00674944 -0.01664045 -0.09659949  0.00028573 -0.0256974  -0.0387124
  0.04817404]",[-0.08054374],-0.4584622994459665
04,18075,"[-0.22344399 -0.01738709 -0.04430059 -0.03937041  0.00479374 -0.17221438
  0.00674944 -0.01664045 -0.09659949  0.00028573 -0.0256974  -0.0387124
  0.04817404]",[0.0462174],1.2875241151363095
04,18077,"[-0.22344399 -0.01738709 -0.04430059 -0.03937041  0.00479374 -0.17221438
  0.00674944 -0.01664045 -0.09659949  0.00028573 -0.0256974  -0.0387124
  0.04817404]",[-0.13603646],-1.2228096866735292
04,18079,"[-0.22344399 -0.01738709 -0.04430059 -0.03937041  0.00479374 -0.17221438
  0.00674944 -0.01664045 -0.09659949  0.00028573 -0.0256974  -0.0387124
  0.04817404]",[-0.23384733],-2.570039993563266
04,18081,"[-0.22344399 -0.01738709 -0.04430059 -0.03937041  0.00479374 -0.17221438
  0.00674944 -0.01664045 -0.09659949  0.00028573 -0.0256974  -0.0387124
  0.04817404]",[0.03113036],1.079717774463174
04,18083,"[-0.22344399 -0.01738709 -0.04430059 -0.03937041  0.00479374 -0.17221438
  0.00674944 -0.01664045 -0.09659949  0.00028573 -0.0256974  -0.0387124
  0.04817404]",[-0.00241263],0.6177023504505923
04,18085,"[-0.22344399 -0.01738709 -0.04430059 -0.03937041  0.00479374 -0.17221438
  0.00674944 -0.01664045 -0.09659949  0.00028573 -0.0256974  -0.0387124
  0.04817404]",[-0.03351785],0.18926437298790527
04,18087,"[-0.22344399 -0.01738709 -0.04430059 -0.03937041  0.00479374 -0.17221438
  0.00674944 -0.01664045 -0.09659949  0.00028573 -0.0256974  -0.0387124
  0.04817404]",[-0.13343257],-1.186944192400102
04,18089,"[-0.22344399 -0.01738709 -0.04430059 -0.03937041  0.00479374 -0.17221438
  0.00674944 -0.01664045 -0.09659949  0.00028573 -0.0256974  -0.0387124
  0.04817404]",[0.02000404],0.9264657222074946
04,18091,"[-0.22344399 -0.01738709 -0.04430059 -0.03937041  0.00479374 -0.17221438
  0.00674944 -0.01664045 -0.09659949  0.00028573 -0.0256974  -0.0387124
  0.04817404]",[-0.02902484],0.2511503235134172
04,18093,"[-0.22344399 -0.01738709 -0.04430059 -0.03937041  0.00479374 -0.17221438
  0.00674944 -0.01664045 -0.09659949  0.00028573 -0.0256974  -0.0387124
  0.04817404]",[-0.0910515],-0.6031944624530086
04,18095,"[-0.22344399 -0.01738709 -0.04430059 -0.03937041  0.00479374 -0.17221438
  0.00674944 -0.01664045 -0.09659949  0.00028573 -0.0256974  -0.0387124
  0.04817404]",[-0.00931476],0.5226335410821284
04,18097,"[-0.22344399 -0.01738709 -0.04430059 -0.03937041  0.00479374 -0.17221438
  0.00674944 -0.01664045 -0.09659949  0.00028573 -0.0256974  -0.0387124
  0.04817404]",[0.0033522],0.6971061468379274
04,18099,"[-0.22344399 -0.01738709 -0.04430059 -0.03937041  0.00479374 -0.17221438
  0.00674944 -0.01664045 -0.09659949  0.00028573 -0.0256974  -0.0387124
  0.04817404]",[-0.1569191],-1.510443657222155
04,18103,"[-0.22344399 -0.01738709 -0.04430059 -0.03937041  0.00479374 -0.17221438
  0.00674944 -0.01664045 -0.09659949  0.00028573 -0.0256974  -0.0387124
  0.04817404]",[-0.16542764],-1.6276388315962524
04,18105,"[-0.22344399 -0.01738709 -0.04430059 -0.03937041  0.00479374 -0.17221438
  0.00674944 -0.01664045 -0.09659949  0.00028573 -0.0256974  -0.0387124
  0.04817404]",[-0.01613264],0.42872524052819866
04,18107,"[-0.22344399 -0.01738709 -0.04430059 -0.03937041  0.00479374 -0.17221438
  0.00674944 -0.01664045 -0.09659949  0.00028573 -0.0256974  -0.0387124
  0.04817404]",[-0.19719209],-2.065156889460258
04,18109,"[-0.22344399 -0.01738709 -0.04430059 -0.03937041  0.00479374 -0.17221438
  0.00674944 -0.01664045 -0.09659949  0.00028573 -0.0256974  -0.0387124
  0.04817404]",[-0.01535888],0.4393829496973901
04,18111,"[-0.22344399 -0.01738709 -0.04430059 -0.03937041  0.00479374 -0.17221438
  0.00674944 -0.01664045 -0.09659949  0.00028573 -0.0256974  -0.0387124
  0.04817404]",[-0.34922689],-4.1592585262710955
04,18113,"[-0.22344399 -0.01738709 -0.04430059 -0.03937041  0.00479374 -0.17221438
  0.00674944 -0.01664045 -0.09659949  0.00028573 -0.0256974  -0.0387124
  0.04817404]",[-0.04939475],-0.0294213815283453
04,18117,"[-0.22344399 -0.01738709 -0.04430059 -0.03937041  0.00479374 -0.17221438
  0.00674944 -0.01664045 -0.09659949  0.00028573 -0.0256974  -0.0387124
  0.04817404]",[-0.19577503],-2.0456386602678567
04,18119,"[-0.22344399 -0.01738709 -0.04430059 -0.03937041  0.00479374 -0.17221438
  0.00674944 -0.01664045 -0.09659949  0.00028573 -0.0256974  -0.0387124
  0.04817404]",[-0.30999448],-3.6188779305596093
04,18121,"[-0.22344399 -0.01738709 -0.04430059 -0.03937041  0.00479374 -0.17221438
  0.00674944 -0.01664045 -0.09659949  0.00028573 -0.0256974  -0.0387124
  0.04817404]",[-0.4164209],-5.084777413864956
04,18125,"[-0.22344399 -0.01738709 -0.04430059 -0.03937041  0.00479374 -0.17221438
  0.00674944 -0.01664045 -0.09659949  0.00028573 -0.0256974  -0.0387124
  0.04817404]",[-0.44547671],-5.484987276810821
04,18123,"[-0.22344399 -0.01738709 -0.04430059 -0.03937041  0.00479374 -0.17221438
  0.00674944 -0.01664045 -0.09659949  0.00028573 -0.0256974  -0.0387124
  0.04817404]",[-0.00840744],0.5351308427311547
04,18127,"[-0.22344399 -0.01738709 -0.04430059 -0.03937041  0.00479374 -0.17221438
  0.00674944 -0.01664045 -0.09659949  0.00028573 -0.0256974  -0.0387124
  0.04817404]",[-0.04457027],0.03703020117063802
04,18129,"[-0.22344399 -0.01738709 -0.04430059 -0.03937041  0.00479374 -0.17221438
  0.00674944 -0.01664045 -0.09659949  0.00028573 -0.0256974  -0.0387124
  0.04817404]",[-0.1271995],-1.101090848834926
04,18131,"[-0.22344399 -0.01738709 -0.04430059 -0.03937041  0.00479374 -0.17221438
  0.00674944 -0.01664045 -0.09659949  0.00028573 -0.0256974  -0.0387124
  0.04817404]",[-0.51685621],-6.468156462133823
04,18133,"[-0.22344399 -0.01738709 -0.04430059 -0.03937041  0.00479374 -0.17221438
  0.00674944 -0.01664045 -0.09659949  0.00028573 -0.0256974  -0.0387124
  0.04817404]",[-0.09897832],-0.7123771669135002
04,18135,"[-0.22344399 -0.01738709 -0.04430059 -0.03937041  0.00479374 -0.17221438
  0.00674944 -0.01664045 -0.09659949  0.00028573 -0.0256974  -0.0387124
  0.04817404]",[-0.13389436],-1.1933046881808116
04,18137,"[-0.22344399 -0.01738709 -0.04430059 -0.03937041  0.00479374 -0.17221438
  0.00674944 -0.01664045 -0.09659949  0.00028573 -0.0256974  -0.0387124
  0.04817404]",[-0.2023943],-2.1368112792783087
04,18139,"[-0.22344399 -0.01738709 -0.04430059 -0.03937041  0.00479374 -0.17221438
  0.00674944 -0.01664045 -0.09659949  0.00028573 -0.0256974  -0.0387124
  0.04817404]",[-0.37240314],-4.478484250004625
04,18141,"[-0.22344399 -0.01738709 -0.04430059 -0.03937041  0.00479374 -0.17221438
  0.00674944 -0.01664045 -0.09659949  0.00028573 -0.0256974  -0.0387124
  0.04817404]",[0.01333438],0.8345990397681176
04,18143,"[-0.22344399 -0.01738709 -0.04430059 -0.03937041  0.00479374 -0.17221438
  0.00674944 -0.01664045 -0.09659949  0.00028573 -0.0256974  -0.0387124
  0.04817404]",[-0.26978279],-3.0650090313333025
04,18145,"[-0.22344399 -0.01738709 -0.04430059 -0.03937041  0.00479374 -0.17221438
  0.00674944 -0.01664045 -0.09659949  0.00028573 -0.0256974  -0.0387124
  0.04817404]",[-0.15631609],-1.502137874049855
04,18147,"[-0.22344399 -0.01738709 -0.04430059 -0.03937041  0.00479374 -0.17221438
  0.00674944 -0.01664045 -0.09659949  0.00028573 -0.0256974  -0.0387124
  0.04817404]",[-0.36062754],-4.316289174363358
04,18149,"[-0.22344399 -0.01738709 -0.04430059 -0.03937041  0.00479374 -0.17221438
  0.00674944 -0.01664045 -0.09659949  0.00028573 -0.0256974  -0.0387124
  0.04817404]",[-0.07463228],-0.3770388862392792
04,18151,"[-0.22344399 -0.01738709 -0.04430059 -0.03937041  0.00479374 -0.17221438
  0.00674944 -0.01664045 -0.09659949  0.00028573 -0.0256974  -0.0387124
  0.04817404]",[-0.01848652],0.39630336800753274
04,18153,"[-0.22344399 -0.01738709 -0.04430059 -0.03937041  0.00479374 -0.17221438
  0.00674944 -0.01664045 -0.09659949  0.00028573 -0.0256974  -0.0387124
  0.04817404]",[-0.1800824],-1.8294910446938304
04,18157,"[-0.22344399 -0.01738709 -0.04430059 -0.03937041  0.00479374 -0.17221438
  0.00674944 -0.01664045 -0.09659949  0.00028573 -0.0256974  -0.0387124
  0.04817404]",[0.03197376],1.0913345934271412
04,18159,"[-0.22344399 -0.01738709 -0.04430059 -0.03937041  0.00479374 -0.17221438
  0.00674944 -0.01664045 -0.09659949  0.00028573 -0.0256974  -0.0387124
  0.04817404]",[-0.42912017],-5.259695088010211
04,18163,"[-0.22344399 -0.01738709 -0.04430059 -0.03937041  0.00479374 -0.17221438
  0.00674944 -0.01664045 -0.09659949  0.00028573 -0.0256974  -0.0387124
  0.04817404]",[-0.00031414],0.6466065934965223
04,18165,"[-0.22344399 -0.01738709 -0.04430059 -0.03937041  0.00479374 -0.17221438
  0.00674944 -0.01664045 -0.09659949  0.00028573 -0.0256974  -0.0387124
  0.04817404]",[-0.32056812],-3.764517497505476
04,18167,"[-0.22344399 -0.01738709 -0.04430059 -0.03937041  0.00479374 -0.17221438
  0.00674944 -0.01664045 -0.09659949  0.00028573 -0.0256974  -0.0387124
  0.04817404]",[-0.0345287],0.17534106303007527
04,18169,"[-0.22344399 -0.01738709 -0.04430059 -0.03937041  0.00479374 -0.17221438
  0.00674944 -0.01664045 -0.09659949  0.00028573 -0.0256974  -0.0387124
  0.04817404]",[-0.10357309],-0.7756647026464496
04,18173,"[-0.22344399 -0.01738709 -0.04430059 -0.03937041  0.00479374 -0.17221438
  0.00674944 -0.01664045 -0.09659949  0.00028573 -0.0256974  -0.0387124
  0.04817404]",[-0.11890241],-0.9868081632086244
04,18175,"[-0.22344399 -0.01738709 -0.04430059 -0.03937041  0.00479374 -0.17221438
  0.00674944 -0.01664045 -0.09659949  0.00028573 -0.0256974  -0.0387124
  0.04817404]",[-0.29184139],-3.368840427095289
04,18177,"[-0.22344399 -0.01738709 -0.04430059 -0.03937041  0.00479374 -0.17221438
  0.00674944 -0.01664045 -0.09659949  0.00028573 -0.0256974  -0.0387124
  0.04817404]",[-0.10251703],-0.7611186614290862
04,18179,"[-0.22344399 -0.01738709 -0.04430059 -0.03937041  0.00479374 -0.17221438
  0.00674944 -0.01664045 -0.09659949  0.00028573 -0.0256974  -0.0387124
  0.04817404]",[-0.1036364],-0.7765367161689454
04,18181,"[-0.22344399 -0.01738709 -0.04430059 -0.03937041  0.00479374 -0.17221438
  0.00674944 -0.01664045 -0.09659949  0.00028573 -0.0256974  -0.0387124
  0.04817404]",[-0.08127161],-0.46848782712513093
04,18183,"[-0.22344399 -0.01738709 -0.04430059 -0.03937041  0.00479374 -0.17221438
  0.00674944 -0.01664045 -0.09659949  0.00028573 -0.0256974  -0.0387124
  0.04817404]",[-0.14165016],-1.3001318260941923
04,19005,"[-0.22344399 -0.01738709 -0.04430059 -0.03937041  0.00479374 -0.17221438
  0.00674944 -0.01664045 -0.09659949  0.00028573 -0.0256974  -0.0387124
  0.04817404]",[-0.12798259],-1.111877059451779
04,19007,"[-0.22344399 -0.01738709 -0.04430059 -0.03937041  0.00479374 -0.17221438
  0.00674944 -0.01664045 -0.09659949  0.00028573 -0.0256974  -0.0387124
  0.04817404]",[-0.14810299],-1.3890120428794583
04,19011,"[-0.22344399 -0.01738709 -0.04430059 -0.03937041  0.00479374 -0.17221438
  0.00674944 -0.01664045 -0.09659949  0.00028573 -0.0256974  -0.0387124
  0.04817404]",[-0.09606209],-0.6722094400497667
04,19013,"[-0.22344399 -0.01738709 -0.04430059 -0.03937041  0.00479374 -0.17221438
  0.00674944 -0.01664045 -0.09659949  0.00028573 -0.0256974  -0.0387124
  0.04817404]",[-0.01569194],0.4347953770383027
04,19015,"[-0.22344399 -0.01738709 -0.04430059 -0.03937041  0.00479374 -0.17221438
  0.00674944 -0.01664045 -0.09659949  0.00028573 -0.0256974  -0.0387124
  0.04817404]",[-0.13867971],-1.2592173227008931
04,19017,"[-0.22344399 -0.01738709 -0.04430059 -0.03937041  0.00479374 -0.17221438
  0.00674944 -0.01664045 -0.09659949  0.00028573 -0.0256974  -0.0387124
  0.04817404]",[-0.14033169],-1.281971422504773
04,19019,"[-0.22344399 -0.01738709 -0.04430059 -0.03937041  0.00479374 -0.17221438
  0.00674944 -0.01664045 -0.09659949  0.00028573 -0.0256974  -0.0387124
  0.04817404]",[-0.28440838],-3.266459388489115
04,19021,"[-0.22344399 -0.01738709 -0.04430059 -0.03937041  0.00479374 -0.17221438
  0.00674944 -0.01664045 -0.09659949  0.00028573 -0.0256974  -0.0387124
  0.04817404]",[-0.29785712],-3.451700091041948
04,19023,"[-0.22344399 -0.01738709 -0.04430059 -0.03937041  0.00479374 -0.17221438
  0.00674944 -0.01664045 -0.09659949  0.00028573 -0.0256974  -0.0387124
  0.04817404]",[-0.32446071],-3.818133361277432
04,19025,"[-0.22344399 -0.01738709 -0.04430059 -0.03937041  0.00479374 -0.17221438
  0.00674944 -0.01664045 -0.09659949  0.00028573 -0.0256974  -0.0387124
  0.04817404]",[-0.47554331],-5.899119459072749
04,19027,"[-0.22344399 -0.01738709 -0.04430059 -0.03937041  0.00479374 -0.17221438
  0.00674944 -0.01664045 -0.09659949  0.00028573 -0.0256974  -0.0387124
  0.04817404]",[0.06249862],1.5117789121456098
04,19029,"[-0.22344399 -0.01738709 -0.04430059 -0.03937041  0.00479374 -0.17221438
  0.00674944 -0.01664045 -0.09659949  0.00028573 -0.0256974  -0.0387124
  0.04817404]",[-0.15686134],-1.509648048492547
04,19031,"[-0.22344399 -0.01738709 -0.04430059 -0.03937041  0.00479374 -0.17221438
  0.00674944 -0.01664045 -0.09659949  0.00028573 -0.0256974  -0.0387124
  0.04817404]",[-0.22758576],-2.4837942867540472
04,19033,"[-0.22344399 -0.01738709 -0.04430059 -0.03937041  0.00479374 -0.17221438
  0.00674944 -0.01664045 -0.09659949  0.00028573 -0.0256974  -0.0387124
  0.04817404]",[-0.05317974],-0.08155524282390864
04,19035,"[-0.22344399 -0.01738709 -0.04430059 -0.03937041  0.00479374 -0.17221438
  0.00674944 -0.01664045 -0.09659949  0.00028573 -0.0256974  -0.0387124
  0.04817404]",[-0.20248535],-2.1380654207998875
04,19041,"[-0.22344399 -0.01738709 -0.04430059 -0.03937041  0.00479374 -0.17221438
  0.00674944 -0.01664045 -0.09659949  0.00028573 -0.0256974  -0.0387124
  0.04817404]",[-0.45947489],-5.677795890776931
04,19037,"[-0.22344399 -0.01738709 -0.04430059 -0.03937041  0.00479374 -0.17221438
  0.00674944 -0.01664045 -0.09659949  0.00028573 -0.0256974  -0.0387124
  0.04817404]",[-0.2292859],-2.507211623557927
04,19043,"[-0.22344399 -0.01738709 -0.04430059 -0.03937041  0.00479374 -0.17221438
  0.00674944 -0.01664045 -0.09659949  0.00028573 -0.0256974  -0.0387124
  0.04817404]",[-0.22768405],-2.485148084100625
04,19047,"[-0.22344399 -0.01738709 -0.04430059 -0.03937041  0.00479374 -0.17221438
  0.00674944 -0.01664045 -0.09659949  0.00028573 -0.0256974  -0.0387124
  0.04817404]",[-0.23663611],-2.608452211598374
04,19045,"[-0.22344399 -0.01738709 -0.04430059 -0.03937041  0.00479374 -0.17221438
  0.00674944 -0.01664045 -0.09659949  0.00028573 -0.0256974  -0.0387124
  0.04817404]",[0.02274055],0.9641579534156294
04,19049,"[-0.22344399 -0.01738709 -0.04430059 -0.03937041  0.00479374 -0.17221438
  0.00674944 -0.01664045 -0.09659949  0.00028573 -0.0256974  -0.0387124
  0.04817404]",[-0.13744816],-1.2422541956660185
04,19055,"[-0.22344399 -0.01738709 -0.04430059 -0.03937041  0.00479374 -0.17221438
  0.00674944 -0.01664045 -0.09659949  0.00028573 -0.0256974  -0.0387124
  0.04817404]",[-0.19317535],-2.0098310545631963
04,19057,"[-0.22344399 -0.01738709 -0.04430059 -0.03937041  0.00479374 -0.17221438
  0.00674944 -0.01664045 -0.09659949  0.00028573 -0.0256974  -0.0387124
  0.04817404]",[-0.12487255],-1.0690398218146122
04,19059,"[-0.22344399 -0.01738709 -0.04430059 -0.03937041  0.00479374 -0.17221438
  0.00674944 -0.01664045 -0.09659949  0.00028573 -0.0256974  -0.0387124
  0.04817404]",[-0.36653859],-4.397706991443414
04,19061,"[-0.22344399 -0.01738709 -0.04430059 -0.03937041  0.00479374 -0.17221438
  0.00674944 -0.01664045 -0.09659949  0.00028573 -0.0256974  -0.0387124
  0.04817404]",[-0.06268189],-0.21243627648429436
04,19063,"[-0.22344399 -0.01738709 -0.04430059 -0.03937041  0.00479374 -0.17221438
  0.00674944 -0.01664045 -0.09659949  0.00028573 -0.0256974  -0.0387124
  0.04817404]",[-0.40332265],-4.904364349522212
04,19065,"[-0.22344399 -0.01738709 -0.04430059 -0.03937041  0.00479374 -0.17221438
  0.00674944 -0.01664045 -0.09659949  0.00028573 -0.0256974  -0.0387124
  0.04817404]",[-0.30703582],-3.5781259063839435
04,19073,"[-0.22344399 -0.01738709 -0.04430059 -0.03937041  0.00479374 -0.17221438
  0.00674944 -0.01664045 -0.09659949  0.00028573 -0.0256974  -0.0387124
  0.04817404]",[-0.40226298],-4.889768682770644
04,19067,"[-0.22344399 -0.01738709 -0.04430059 -0.03937041  0.00479374 -0.17221438
  0.00674944 -0.01664045 -0.09659949  0.00028573 -0.0256974  -0.0387124
  0.04817404]",[-0.30923704],-3.608445077999785
04,19075,"[-0.22344399 -0.01738709 -0.04430059 -0.03937041  0.00479374 -0.17221438
  0.00674944 -0.01664045 -0.09659949  0.00028573 -0.0256974  -0.0387124
  0.04817404]",[-0.2911979],-3.3599770543915
04,19079,"[-0.22344399 -0.01738709 -0.04430059 -0.03937041  0.00479374 -0.17221438
  0.00674944 -0.01664045 -0.09659949  0.00028573 -0.0256974  -0.0387124
  0.04817404]",[-0.30861136],-3.5998271174704173
04,19081,"[-0.22344399 -0.01738709 -0.04430059 -0.03937041  0.00479374 -0.17221438
  0.00674944 -0.01664045 -0.09659949  0.00028573 -0.0256974  -0.0387124
  0.04817404]",[-0.3540846],-4.226167835786882
04,19083,"[-0.22344399 -0.01738709 -0.04430059 -0.03937041  0.00479374 -0.17221438
  0.00674944 -0.01664045 -0.09659949  0.00028573 -0.0256974  -0.0387124
  0.04817404]",[-0.23110349],-2.532246804612769
04,19085,"[-0.22344399 -0.01738709 -0.04430059 -0.03937041  0.00479374 -0.17221438
  0.00674944 -0.01664045 -0.09659949  0.00028573 -0.0256974  -0.0387124
  0.04817404]",[-0.31613764],-3.703492838901802
04,19087,"[-0.22344399 -0.01738709 -0.04430059 -0.03937041  0.00479374 -0.17221438
  0.00674944 -0.01664045 -0.09659949  0.00028573 -0.0256974  -0.0387124
  0.04817404]",[-0.22309989],-2.4220065541840348
04,19091,"[-0.22344399 -0.01738709 -0.04430059 -0.03937041  0.00479374 -0.17221438
  0.00674944 -0.01664045 -0.09659949  0.00028573 -0.0256974  -0.0387124
  0.04817404]",[-0.17509021],-1.760729338157875
04,19095,"[-0.22344399 -0.01738709 -0.04430059 -0.03937041  0.00479374 -0.17221438
  0.00674944 -0.01664045 -0.09659949  0.00028573 -0.0256974  -0.0387124
  0.04817404]",[-0.34572155],-4.11097655578523
04,19099,"[-0.22344399 -0.01738709 -0.04430059 -0.03937041  0.00479374 -0.17221438
  0.00674944 -0.01664045 -0.09659949  0.00028573 -0.0256974  -0.0387124
  0.04817404]",[-0.06490631],-0.24307502385407379
04,19097,"[-0.22344399 -0.01738709 -0.04430059 -0.03937041  0.00479374 -0.17221438
  0.00674944 -0.01664045 -0.09659949  0.00028573 -0.0256974  -0.0387124
  0.04817404]",[-0.35824851],-4.283520819379284
04,19101,"[-0.22344399 -0.01738709 -0.04430059 -0.03937041  0.00479374 -0.17221438
  0.00674944 -0.01664045 -0.09659949  0.00028573 -0.0256974  -0.0387124
  0.04817404]",[-0.23384929],-2.5700669554179516
04,19103,"[-0.22344399 -0.01738709 -0.04430059 -0.03937041  0.00479374 -0.17221438
  0.00674944 -0.01664045 -0.09659949  0.00028573 -0.0256974  -0.0387124
  0.04817404]",[-0.04383155],0.047205132771321275
04,19105,"[-0.22344399 -0.01738709 -0.04430059 -0.03937041  0.00479374 -0.17221438
  0.00674944 -0.01664045 -0.09659949  0.00028573 -0.0256974  -0.0387124
  0.04817404]",[-0.40770332],-4.964702937912424
04,19107,"[-0.22344399 -0.01738709 -0.04430059 -0.03937041  0.00479374 -0.17221438
  0.00674944 -0.01664045 -0.09659949  0.00028573 -0.0256974  -0.0387124
  0.04817404]",[-0.31145481],-3.638992333504888
04,19109,"[-0.22344399 -0.01738709 -0.04430059 -0.03937041  0.00479374 -0.17221438
  0.00674944 -0.01664045 -0.09659949  0.00028573 -0.0256974  -0.0387124
  0.04817404]",[-0.24689613],-2.749772022978896
04,19111,"[-0.22344399 -0.01738709 -0.04430059 -0.03937041  0.00479374 -0.17221438
  0.00674944 -0.01664045 -0.09659949  0.00028573 -0.0256974  -0.0387124
  0.04817404]",[-0.11419274],-0.9219379062270684
04,19113,"[-0.22344399 -0.01738709 -0.04430059 -0.03937041  0.00479374 -0.17221438
  0.00674944 -0.01664045 -0.09659949  0.00028573 -0.0256974  -0.0387124
  0.04817404]",[-0.01740559],0.41119182034312013
04,19117,"[-0.22344399 -0.01738709 -0.04430059 -0.03937041  0.00479374 -0.17221438
  0.00674944 -0.01664045 -0.09659949  0.00028573 -0.0256974  -0.0387124
  0.04817404]",[-0.20794991],-2.213333367204159
04,19123,"[-0.22344399 -0.01738709 -0.04430059 -0.03937041  0.00479374 -0.17221438
  0.00674944 -0.01664045 -0.09659949  0.00028573 -0.0256974  -0.0387124
  0.04817404]",[-0.23276625],-2.555149413309419
04,19125,"[-0.22344399 -0.01738709 -0.04430059 -0.03937041  0.00479374 -0.17221438
  0.00674944 -0.01664045 -0.09659949  0.00028573 -0.0256974  -0.0387124
  0.04817404]",[-0.18315122],-1.8717603632969442
04,19127,"[-0.22344399 -0.01738709 -0.04430059 -0.03937041  0.00479374 -0.17221438
  0.00674944 -0.01664045 -0.09659949  0.00028573 -0.0256974  -0.0387124
  0.04817404]",[-0.09522734],-0.6607116969072906
04,19129,"[-0.22344399 -0.01738709 -0.04430059 -0.03937041  0.00479374 -0.17221438
  0.00674944 -0.01664045 -0.09659949  0.00028573 -0.0256974  -0.0387124
  0.04817404]",[-0.3284909],-3.873644538808578
04,19133,"[-0.22344399 -0.01738709 -0.04430059 -0.03937041  0.00479374 -0.17221438
  0.00674944 -0.01664045 -0.09659949  0.00028573 -0.0256974  -0.0387124
  0.04817404]",[-0.52150883],-6.532240747125506
04,19137,"[-0.22344399 -0.01738709 -0.04430059 -0.03937041  0.00479374 -0.17221438
  0.00674944 -0.01664045 -0.09659949  0.00028573 -0.0256974  -0.0387124
  0.04817404]",[-0.43137674],-5.290776610873589
04,19139,"[-0.22344399 -0.01738709 -0.04430059 -0.03937041  0.00479374 -0.17221438
  0.00674944 -0.01664045 -0.09659949  0.00028573 -0.0256974  -0.0387124
  0.04817404]",[0.03841414],1.1800433039542906
04,19141,"[-0.22344399 -0.01738709 -0.04430059 -0.03937041  0.00479374 -0.17221438
  0.00674944 -0.01664045 -0.09659949  0.00028573 -0.0256974  -0.0387124
  0.04817404]",[-0.445789],-5.489288685988957
04,19147,"[-0.22344399 -0.01738709 -0.04430059 -0.03937041  0.00479374 -0.17221438
  0.00674944 -0.01664045 -0.09659949  0.00028573 -0.0256974  -0.0387124
  0.04817404]",[-0.43806796],-5.382940408539622
04,19145,"[-0.22344399 -0.01738709 -0.04430059 -0.03937041  0.00479374 -0.17221438
  0.00674944 -0.01664045 -0.09659949  0.00028573 -0.0256974  -0.0387124
  0.04817404]",[-0.46272606],-5.722576923958159
04,19149,"[-0.22344399 -0.01738709 -0.04430059 -0.03937041  0.00479374 -0.17221438
  0.00674944 -0.01664045 -0.09659949  0.00028573 -0.0256974  -0.0387124
  0.04817404]",[0.01384097],0.8415766822458473
04,19153,"[-0.22344399 -0.01738709 -0.04430059 -0.03937041  0.00479374 -0.17221438
  0.00674944 -0.01664045 -0.09659949  0.00028573 -0.0256974  -0.0387124
  0.04817404]",[0.01322634],0.8331108371402032
04,19155,"[-0.22344399 -0.01738709 -0.04430059 -0.03937041  0.00479374 -0.17221438
  0.00674944 -0.01664045 -0.09659949  0.00028573 -0.0256974  -0.0387124
  0.04817404]",[-0.01548782],0.43760682800351147
04,19157,"[-0.22344399 -0.01738709 -0.04430059 -0.03937041  0.00479374 -0.17221438
  0.00674944 -0.01664045 -0.09659949  0.00028573 -0.0256974  -0.0387124
  0.04817404]",[-0.14973188],-1.411448051596824
04,19161,"[-0.22344399 -0.01738709 -0.04430059 -0.03937041  0.00479374 -0.17221438
  0.00674944 -0.01664045 -0.09659949  0.00028573 -0.0256974  -0.0387124
  0.04817404]",[-0.30972217],-3.6151272135114274
04,19163,"[-0.22344399 -0.01738709 -0.04430059 -0.03937041  0.00479374 -0.17221438
  0.00674944 -0.01664045 -0.09659949  0.00028573 -0.0256974  -0.0387124
  0.04817404]",[0.0435093],1.2502231745845624
04,19165,"[-0.22344399 -0.01738709 -0.04430059 -0.03937041  0.00479374 -0.17221438
  0.00674944 -0.01664045 -0.09659949  0.00028573 -0.0256974  -0.0387124
  0.04817404]",[-0.29726418],-3.443532986880982
04,19167,"[-0.22344399 -0.01738709 -0.04430059 -0.03937041  0.00479374 -0.17221438
  0.00674944 -0.01664045 -0.09659949  0.00028573 -0.0256974  -0.0387124
  0.04817404]",[-0.12947203],-1.1323923422501727
04,19169,"[-0.22344399 -0.01738709 -0.04430059 -0.03937041  0.00479374 -0.17221438
  0.00674944 -0.01664045 -0.09659949  0.00028573 -0.0256974  -0.0387124
  0.04817404]",[-0.01177263],0.4887792644188803
04,19171,"[-0.22344399 -0.01738709 -0.04430059 -0.03937041  0.00479374 -0.17221438
  0.00674944 -0.01664045 -0.09659949  0.00028573 -0.0256974  -0.0387124
  0.04817404]",[-0.14465049],-1.3414578248354094
04,19175,"[-0.22344399 -0.01738709 -0.04430059 -0.03937041  0.00479374 -0.17221438
  0.00674944 -0.01664045 -0.09659949  0.00028573 -0.0256974  -0.0387124
  0.04817404]",[-0.27680033],-3.1616673833538576
04,19179,"[-0.22344399 -0.01738709 -0.04430059 -0.03937041  0.00479374 -0.17221438
  0.00674944 -0.01664045 -0.09659949  0.00028573 -0.0256974  -0.0387124
  0.04817404]",[-0.08070805],-0.46072549918693284
04,19183,"[-0.22344399 -0.01738709 -0.04430059 -0.03937041  0.00479374 -0.17221438
  0.00674944 -0.01664045 -0.09659949  0.00028573 -0.0256974  -0.0387124
  0.04817404]",[-0.35333553],-4.215850295078453
04,19181,"[-0.22344399 -0.01738709 -0.04430059 -0.03937041  0.00479374 -0.17221438
  0.00674944 -0.01664045 -0.09659949  0.00028573 -0.0256974  -0.0387124
  0.04817404]",[-0.04888647],-0.02242048574661476
04,19187,"[-0.22344399 -0.01738709 -0.04430059 -0.03937041  0.00479374 -0.17221438
  0.00674944 -0.01664045 -0.09659949  0.00028573 -0.0256974  -0.0387124
  0.04817404]",[-0.04896656],-0.02352367141484521
04,19191,"[-0.22344399 -0.01738709 -0.04430059 -0.03937041  0.00479374 -0.17221438
  0.00674944 -0.01664045 -0.09659949  0.00028573 -0.0256974  -0.0387124
  0.04817404]",[-0.22274142],-2.4170691625012615
04,19193,"[-0.22344399 -0.01738709 -0.04430059 -0.03937041  0.00479374 -0.17221438
  0.00674944 -0.01664045 -0.09659949  0.00028573 -0.0256974  -0.0387124
  0.04817404]",[-0.03396491],0.18310653121808143
04,19197,"[-0.22344399 -0.01738709 -0.04430059 -0.03937041  0.00479374 -0.17221438
  0.00674944 -0.01664045 -0.09659949  0.00028573 -0.0256974  -0.0387124
  0.04817404]",[-0.45994979],-5.6843370251133205
04,20001,"[-0.22344399 -0.01738709 -0.04430059 -0.03937041  0.00479374 -0.17221438
  0.00674944 -0.01664045 -0.09659949  0.00028573 -0.0256974  -0.0387124
  0.04817404]",[-0.37754637],-4.549326318825507
04,20005,"[-0.22344399 -0.01738709 -0.04430059 -0.03937041  0.00479374 -0.17221438
  0.00674944 -0.01664045 -0.09659949  0.00028573 -0.0256974  -0.0387124
  0.04817404]",[-0.33135178],-3.9130497993673528
04,20009,"[-0.22344399 -0.01738709 -0.04430059 -0.03937041  0.00479374 -0.17221438
  0.00674944 -0.01664045 -0.09659949  0.00028573 -0.0256974  -0.0387124
  0.04817404]",[0.0439298],1.2560151818586986
04,20011,"[-0.22344399 -0.01738709 -0.04430059 -0.03937041  0.00479374 -0.17221438
  0.00674944 -0.01664045 -0.09659949  0.00028573 -0.0256974  -0.0387124
  0.04817404]",[-0.27577137],-3.147494616040359
04,20015,"[-0.22344399 -0.01738709 -0.04430059 -0.03937041  0.00479374 -0.17221438
  0.00674944 -0.01664045 -0.09659949  0.00028573 -0.0256974  -0.0387124
  0.04817404]",[0.0326249],1.1003034137374526
04,20029,"[-0.22344399 -0.01738709 -0.04430059 -0.03937041  0.00479374 -0.17221438
  0.00674944 -0.01664045 -0.09659949  0.00028573 -0.0256974  -0.0387124
  0.04817404]",[-0.31729674],-3.7194580853679984
04,20021,"[-0.22344399 -0.01738709 -0.04430059 -0.03937041  0.00479374 -0.17221438
  0.00674944 -0.01664045 -0.09659949  0.00028573 -0.0256974  -0.0387124
  0.04817404]",[-0.17886875],-1.81277432496692
04,20035,"[-0.22344399 -0.01738709 -0.04430059 -0.03937041  0.00479374 -0.17221438
  0.00674944 -0.01664045 -0.09659949  0.00028573 -0.0256974  -0.0387124
  0.04817404]",[-0.1491595],-1.403564234031894
04,20037,"[-0.22344399 -0.01738709 -0.04430059 -0.03937041  0.00479374 -0.17221438
  0.00674944 -0.01664045 -0.09659949  0.00028573 -0.0256974  -0.0387124
  0.04817404]",[0.0034782],0.6988416794542256
04,20041,"[-0.22344399 -0.01738709 -0.04430059 -0.03937041  0.00479374 -0.17221438
  0.00674944 -0.01664045 -0.09659949  0.00028573 -0.0256974  -0.0387124
  0.04817404]",[-0.14440933],-1.338136141206361
04,20045,"[-0.22344399 -0.01738709 -0.04430059 -0.03937041  0.00479374 -0.17221438
  0.00674944 -0.01664045 -0.09659949  0.00028573 -0.0256974  -0.0387124
  0.04817404]",[-0.01430944],0.4538376766139393
04,20051,"[-0.22344399 -0.01738709 -0.04430059 -0.03937041  0.00479374 -0.17221438
  0.00674944 -0.01664045 -0.09659949  0.00028573 -0.0256974  -0.0387124
  0.04817404]",[-0.29676976],-3.4367229093321607
04,20055,"[-0.22344399 -0.01738709 -0.04430059 -0.03937041  0.00479374 -0.17221438
  0.00674944 -0.01664045 -0.09659949  0.00028573 -0.0256974  -0.0387124
  0.04817404]",[-0.0965658],-0.6791474522331626
04,20057,"[-0.22344399 -0.01738709 -0.04430059 -0.03937041  0.00479374 -0.17221438
  0.00674944 -0.01664045 -0.09659949  0.00028573 -0.0256974  -0.0387124
  0.04817404]",[-0.11412793],-0.9210452409602546
04,20059,"[-0.22344399 -0.01738709 -0.04430059 -0.03937041  0.00479374 -0.17221438
  0.00674944 -0.01664045 -0.09659949  0.00028573 -0.0256974  -0.0387124
  0.04817404]",[-0.12983103],-1.1373370758878387
04,20061,"[-0.22344399 -0.01738709 -0.04430059 -0.03937041  0.00479374 -0.17221438
  0.00674944 -0.01664045 -0.09659949  0.00028573 -0.0256974  -0.0387124
  0.04817404]",[-0.02957662],0.24355015597713417
04,20079,"[-0.22344399 -0.01738709 -0.04430059 -0.03937041  0.00479374 -0.17221438
  0.00674944 -0.01664045 -0.09659949  0.00028573 -0.0256974  -0.0387124
  0.04817404]",[-0.21203399],-2.2695867821764124
04,20087,"[-0.22344399 -0.01738709 -0.04430059 -0.03937041  0.00479374 -0.17221438
  0.00674944 -0.01664045 -0.09659949  0.00028573 -0.0256974  -0.0387124
  0.04817404]",[-0.2324122],-2.550272831504888
04,20091,"[-0.22344399 -0.01738709 -0.04430059 -0.03937041  0.00479374 -0.17221438
  0.00674944 -0.01664045 -0.09659949  0.00028573 -0.0256974  -0.0387124
  0.04817404]",[-0.01215443],0.48352038135637904
04,20099,"[-0.22344399 -0.01738709 -0.04430059 -0.03937041  0.00479374 -0.17221438
  0.00674944 -0.01664045 -0.09659949  0.00028573 -0.0256974  -0.0387124
  0.04817404]",[-0.15059118],-1.4232839038082379
04,20103,"[-0.22344399 -0.01738709 -0.04430059 -0.03937041  0.00479374 -0.17221438
  0.00674944 -0.01664045 -0.09659949  0.00028573 -0.0256974  -0.0387124
  0.04817404]",[-0.11324787],-0.9089235309385135
04,20111,"[-0.22344399 -0.01738709 -0.04430059 -0.03937041  0.00479374 -0.17221438
  0.00674944 -0.01664045 -0.09659949  0.00028573 -0.0256974  -0.0387124
  0.04817404]",[-0.16338098],-1.5994485017014972
04,20113,"[-0.22344399 -0.01738709 -0.04430059 -0.03937041  0.00479374 -0.17221438
  0.00674944 -0.01664045 -0.09659949  0.00028573 -0.0256974  -0.0387124
  0.04817404]",[-0.30071525],-3.491067418147929
04,20115,"[-0.22344399 -0.01738709 -0.04430059 -0.03937041  0.00479374 -0.17221438
  0.00674944 -0.01664045 -0.09659949  0.00028573 -0.0256974  -0.0387124
  0.04817404]",[-0.25501499],-2.8615997259941808
04,20117,"[-0.22344399 -0.01738709 -0.04430059 -0.03937041  0.00479374 -0.17221438
  0.00674944 -0.01664045 -0.09659949  0.00028573 -0.0256974  -0.0387124
  0.04817404]",[-0.30893008],-3.604217131520525
04,20121,"[-0.22344399 -0.01738709 -0.04430059 -0.03937041  0.00479374 -0.17221438
  0.00674944 -0.01664045 -0.09659949  0.00028573 -0.0256974  -0.0387124
  0.04817404]",[-0.07309502],-0.355864983012162
04,20125,"[-0.22344399 -0.01738709 -0.04430059 -0.03937041  0.00479374 -0.17221438
  0.00674944 -0.01664045 -0.09659949  0.00028573 -0.0256974  -0.0387124
  0.04817404]",[-0.11249484],-0.8985514098163437
04,20133,"[-0.22344399 -0.01738709 -0.04430059 -0.03937041  0.00479374 -0.17221438
  0.00674944 -0.01664045 -0.09659949  0.00028573 -0.0256974  -0.0387124
  0.04817404]",[0.05975093],1.4739327422343353
04,20149,"[-0.22344399 -0.01738709 -0.04430059 -0.03937041  0.00479374 -0.17221438
  0.00674944 -0.01664045 -0.09659949  0.00028573 -0.0256974  -0.0387124
  0.04817404]",[-0.23766996],-2.6226923203204886
04,20139,"[-0.22344399 -0.01738709 -0.04430059 -0.03937041  0.00479374 -0.17221438
  0.00674944 -0.01664045 -0.09659949  0.00028573 -0.0256974  -0.0387124
  0.04817404]",[-0.2064369],-2.192493433118115
04,20155,"[-0.22344399 -0.01738709 -0.04430059 -0.03937041  0.00479374 -0.17221438
  0.00674944 -0.01664045 -0.09659949  0.00028573 -0.0256974  -0.0387124
  0.04817404]",[-0.09181752],-0.6137454302113688
04,20161,"[-0.22344399 -0.01738709 -0.04430059 -0.03937041  0.00479374 -0.17221438
  0.00674944 -0.01664045 -0.09659949  0.00028573 -0.0256974  -0.0387124
  0.04817404]",[-0.07836068],-0.4283932293363813
04,20169,"[-0.22344399 -0.01738709 -0.04430059 -0.03937041  0.00479374 -0.17221438
  0.00674944 -0.01664045 -0.09659949  0.00028573 -0.0256974  -0.0387124
  0.04817404]",[-0.11551968],-0.9402149534884241
04,20173,"[-0.22344399 -0.01738709 -0.04430059 -0.03937041  0.00479374 -0.17221438
  0.00674944 -0.01664045 -0.09659949  0.00028573 -0.0256974  -0.0387124
  0.04817404]",[0.00557214],0.7276832501919606
04,20175,"[-0.22344399 -0.01738709 -0.04430059 -0.03937041  0.00479374 -0.17221438
  0.00674944 -0.01664045 -0.09659949  0.00028573 -0.0256974  -0.0387124
  0.04817404]",[-0.36879493],-4.428785407041115
04,20177,"[-0.22344399 -0.01738709 -0.04430059 -0.03937041  0.00479374 -0.17221438
  0.00674944 -0.01664045 -0.09659949  0.00028573 -0.0256974  -0.0387124
  0.04817404]",[-0.03654885],0.14751583026209505
04,20191,"[-0.22344399 -0.01738709 -0.04430059 -0.03937041  0.00479374 -0.17221438
  0.00674944 -0.01664045 -0.09659949  0.00028573 -0.0256974  -0.0387124
  0.04817404]",[-0.15630544],-1.5019911695146158
04,20205,"[-0.22344399 -0.01738709 -0.04430059 -0.03937041  0.00479374 -0.17221438
  0.00674944 -0.01664045 -0.09659949  0.00028573 -0.0256974  -0.0387124
  0.04817404]",[-0.70431195],-9.050140002232686
04,20209,"[-0.22344399 -0.01738709 -0.04430059 -0.03937041  0.00479374 -0.17221438
  0.00674944 -0.01664045 -0.09659949  0.00028573 -0.0256974  -0.0387124
  0.04817404]",[0.06485428],1.5442253609164287
04,21001,"[-0.22344399 -0.01738709 -0.04430059 -0.03937041  0.00479374 -0.17221438
  0.00674944 -0.01664045 -0.09659949  0.00028573 -0.0256974  -0.0387124
  0.04817404]",[-0.19637975],-2.0539679485493867
04,21003,"[-0.22344399 -0.01738709 -0.04430059 -0.03937041  0.00479374 -0.17221438
  0.00674944 -0.01664045 -0.09659949  0.00028573 -0.0256974  -0.0387124
  0.04817404]",[-0.20864107],-2.2228532006713255
04,21005,"[-0.22344399 -0.01738709 -0.04430059 -0.03937041  0.00479374 -0.17221438
  0.00674944 -0.01664045 -0.09659949  0.00028573 -0.0256974  -0.0387124
  0.04817404]",[-0.2718944],-3.094093888628547
04,21009,"[-0.22344399 -0.01738709 -0.04430059 -0.03937041  0.00479374 -0.17221438
  0.00674944 -0.01664045 -0.09659949  0.00028573 -0.0256974  -0.0387124
  0.04817404]",[-0.17019457],-1.6932976865622174
04,21013,"[-0.22344399 -0.01738709 -0.04430059 -0.03937041  0.00479374 -0.17221438
  0.00674944 -0.01664045 -0.09659949  0.00028573 -0.0256974  -0.0387124
  0.04817404]",[-0.10887098],-0.8486369880119351
04,21015,"[-0.22344399 -0.01738709 -0.04430059 -0.03937041  0.00479374 -0.17221438
  0.00674944 -0.01664045 -0.09659949  0.00028573 -0.0256974  -0.0387124
  0.04817404]",[-0.09300701],-0.6301292424175758
04,21017,"[-0.22344399 -0.01738709 -0.04430059 -0.03937041  0.00479374 -0.17221438
  0.00674944 -0.01664045 -0.09659949  0.00028573 -0.0256974  -0.0387124
  0.04817404]",[-0.17462637],-1.7543405118450535
04,21019,"[-0.22344399 -0.01738709 -0.04430059 -0.03937041  0.00479374 -0.17221438
  0.00674944 -0.01664045 -0.09659949  0.00028573 -0.0256974  -0.0387124
  0.04817404]",[-0.1157392],-0.9432385831921221
04,21021,"[-0.22344399 -0.01738709 -0.04430059 -0.03937041  0.00479374 -0.17221438
  0.00674944 -0.01664045 -0.09659949  0.00028573 -0.0256974  -0.0387124
  0.04817404]",[-0.1766459],-1.782157232792494
04,21025,"[-0.22344399 -0.01738709 -0.04430059 -0.03937041  0.00479374 -0.17221438
  0.00674944 -0.01664045 -0.09659949  0.00028573 -0.0256974  -0.0387124
  0.04817404]",[-0.20067649],-2.1131504463182753
04,21027,"[-0.22344399 -0.01738709 -0.04430059 -0.03937041  0.00479374 -0.17221438
  0.00674944 -0.01664045 -0.09659949  0.00028573 -0.0256974  -0.0387124
  0.04817404]",[-0.12397141],-1.056627739505167
04,21029,"[-0.22344399 -0.01738709 -0.04430059 -0.03937041  0.00479374 -0.17221438
  0.00674944 -0.01664045 -0.09659949  0.00028573 -0.0256974  -0.0387124
  0.04817404]",[-0.00865657],0.531699373927672
04,21031,"[-0.22344399 -0.01738709 -0.04430059 -0.03937041  0.00479374 -0.17221438
  0.00674944 -0.01664045 -0.09659949  0.00028573 -0.0256974  -0.0387124
  0.04817404]",[-0.33902648],-4.018759808637109
04,21035,"[-0.22344399 -0.01738709 -0.04430059 -0.03937041  0.00479374 -0.17221438
  0.00674944 -0.01664045 -0.09659949  0.00028573 -0.0256974  -0.0387124
  0.04817404]",[-0.13600704],-1.2224044196591684
04,21037,"[-0.22344399 -0.01738709 -0.04430059 -0.03937041  0.00479374 -0.17221438
  0.00674944 -0.01664045 -0.09659949  0.00028573 -0.0256974  -0.0387124
  0.04817404]",[-0.03564487],0.15996711334894154
04,21043,"[-0.22344399 -0.01738709 -0.04430059 -0.03937041  0.00479374 -0.17221438
  0.00674944 -0.01664045 -0.09659949  0.00028573 -0.0256974  -0.0387124
  0.04817404]",[-0.21469254],-2.3062052072354398
04,21045,"[-0.22344399 -0.01738709 -0.04430059 -0.03937041  0.00479374 -0.17221438
  0.00674944 -0.01664045 -0.09659949  0.00028573 -0.0256974  -0.0387124
  0.04817404]",[-0.34384572],-4.085139245027864
04,21047,"[-0.22344399 -0.01738709 -0.04430059 -0.03937041  0.00479374 -0.17221438
  0.00674944 -0.01664045 -0.09659949  0.00028573 -0.0256974  -0.0387124
  0.04817404]",[-0.09877189],-0.7095337645107977
04,21049,"[-0.22344399 -0.01738709 -0.04430059 -0.03937041  0.00479374 -0.17221438
  0.00674944 -0.01664045 -0.09659949  0.00028573 -0.0256974  -0.0387124
  0.04817404]",[-0.08531363],-0.5241619524991756
04,21051,"[-0.22344399 -0.01738709 -0.04430059 -0.03937041  0.00479374 -0.17221438
  0.00674944 -0.01664045 -0.09659949  0.00028573 -0.0256974  -0.0387124
  0.04817404]",[-0.17714897],-1.7890864093329963
04,21055,"[-0.22344399 -0.01738709 -0.04430059 -0.03937041  0.00479374 -0.17221438
  0.00674944 -0.01664045 -0.09659949  0.00028573 -0.0256974  -0.0387124
  0.04817404]",[-0.35141931],-4.189456537717374
04,21059,"[-0.22344399 -0.01738709 -0.04430059 -0.03937041  0.00479374 -0.17221438
  0.00674944 -0.01664045 -0.09659949  0.00028573 -0.0256974  -0.0387124
  0.04817404]",[-0.04360369],0.050343667340500615
04,21061,"[-0.22344399 -0.01738709 -0.04430059 -0.03937041  0.00479374 -0.17221438
  0.00674944 -0.01664045 -0.09659949  0.00028573 -0.0256974  -0.0387124
  0.04817404]",[-0.25544596],-2.8675359445610344
04,21065,"[-0.22344399 -0.01738709 -0.04430059 -0.03937041  0.00479374 -0.17221438
  0.00674944 -0.01664045 -0.09659949  0.00028573 -0.0256974  -0.0387124
  0.04817404]",[-0.257242],-2.8922742709948777
04,21067,"[-0.22344399 -0.01738709 -0.04430059 -0.03937041  0.00479374 -0.17221438
  0.00674944 -0.01664045 -0.09659949  0.00028573 -0.0256974  -0.0387124
  0.04817404]",[0.01118179],0.8049495580497797
04,21069,"[-0.22344399 -0.01738709 -0.04430059 -0.03937041  0.00479374 -0.17221438
  0.00674944 -0.01664045 -0.09659949  0.00028573 -0.0256974  -0.0387124
  0.04817404]",[-0.25250877],-2.827079542604471
04,21071,"[-0.22344399 -0.01738709 -0.04430059 -0.03937041  0.00479374 -0.17221438
  0.00674944 -0.01664045 -0.09659949  0.00028573 -0.0256974  -0.0387124
  0.04817404]",[-0.24407611],-2.7109295605447836
04,21073,"[-0.22344399 -0.01738709 -0.04430059 -0.03937041  0.00479374 -0.17221438
  0.00674944 -0.01664045 -0.09659949  0.00028573 -0.0256974  -0.0387124
  0.04817404]",[-0.10483832],-0.7930918117504719
04,21079,"[-0.22344399 -0.01738709 -0.04430059 -0.03937041  0.00479374 -0.17221438
  0.00674944 -0.01664045 -0.09659949  0.00028573 -0.0256974  -0.0387124
  0.04817404]",[-0.41594027],-5.078157365479788
04,21081,"[-0.22344399 -0.01738709 -0.04430059 -0.03937041  0.00479374 -0.17221438
  0.00674944 -0.01664045 -0.09659949  0.00028573 -0.0256974  -0.0387124
  0.04817404]",[-0.2541138],-2.8491870090054325
04,21083,"[-0.22344399 -0.01738709 -0.04430059 -0.03937041  0.00479374 -0.17221438
  0.00674944 -0.01664045 -0.09659949  0.00028573 -0.0256974  -0.0387124
  0.04817404]",[-0.02273089],0.3378420871131327
04,21085,"[-0.22344399 -0.01738709 -0.04430059 -0.03937041  0.00479374 -0.17221438
  0.00674944 -0.01664045 -0.09659949  0.00028573 -0.0256974  -0.0387124
  0.04817404]",[-0.07533523],-0.3867211821228711
04,21089,"[-0.22344399 -0.01738709 -0.04430059 -0.03937041  0.00479374 -0.17221438
  0.00674944 -0.01664045 -0.09659949  0.00028573 -0.0256974  -0.0387124
  0.04817404]",[-0.01411688],0.4564899788543643
04,21087,"[-0.22344399 -0.01738709 -0.04430059 -0.03937041  0.00479374 -0.17221438
  0.00674944 -0.01664045 -0.09659949  0.00028573 -0.0256974  -0.0387124
  0.04817404]",[-0.27480141],-3.1341346006894546
04,21093,"[-0.22344399 -0.01738709 -0.04430059 -0.03937041  0.00479374 -0.17221438
  0.00674944 -0.01664045 -0.09659949  0.00028573 -0.0256974  -0.0387124
  0.04817404]",[-0.01131539],0.49507722934805
04,21095,"[-0.22344399 -0.01738709 -0.04430059 -0.03937041  0.00479374 -0.17221438
  0.00674944 -0.01664045 -0.09659949  0.00028573 -0.0256974  -0.0387124
  0.04817404]",[-0.11910757],-0.9896340492613381
04,21097,"[-0.22344399 -0.01738709 -0.04430059 -0.03937041  0.00479374 -0.17221438
  0.00674944 -0.01664045 -0.09659949  0.00028573 -0.0256974  -0.0387124
  0.04817404]",[-0.31577184],-3.698454292171781
04,21099,"[-0.22344399 -0.01738709 -0.04430059 -0.03937041  0.00479374 -0.17221438
  0.00674944 -0.01664045 -0.09659949  0.00028573 -0.0256974  -0.0387124
  0.04817404]",[-0.08749481],-0.554205148412325
04,21101,"[-0.22344399 -0.01738709 -0.04430059 -0.03937041  0.00479374 -0.17221438
  0.00674944 -0.01664045 -0.09659949  0.00028573 -0.0256974  -0.0387124
  0.04817404]",[-0.08487108],-0.5180664330971945
04,21103,"[-0.22344399 -0.01738709 -0.04430059 -0.03937041  0.00479374 -0.17221438
  0.00674944 -0.01664045 -0.09659949  0.00028573 -0.0256974  -0.0387124
  0.04817404]",[-0.35542068],-4.244570712954362
04,21107,"[-0.22344399 -0.01738709 -0.04430059 -0.03937041  0.00479374 -0.17221438
  0.00674944 -0.01664045 -0.09659949  0.00028573 -0.0256974  -0.0387124
  0.04817404]",[-0.11236508],-0.8967640374505722
04,21111,"[-0.22344399 -0.01738709 -0.04430059 -0.03937041  0.00479374 -0.17221438
  0.00674944 -0.01664045 -0.09659949  0.00028573 -0.0256974  -0.0387124
  0.04817404]",[0.01208179],0.8173460130772594
04,21113,"[-0.22344399 -0.01738709 -0.04430059 -0.03937041  0.00479374 -0.17221438
  0.00674944 -0.01664045 -0.09659949  0.00028573 -0.0256974  -0.0387124
  0.04817404]",[-0.12182527],-1.0270671509857308
04,21115,"[-0.22344399 -0.01738709 -0.04430059 -0.03937041  0.00479374 -0.17221438
  0.00674944 -0.01664045 -0.09659949  0.00028573 -0.0256974  -0.0387124
  0.04817404]",[-0.10106792],-0.7411588799542332
04,21117,"[-0.22344399 -0.01738709 -0.04430059 -0.03937041  0.00479374 -0.17221438
  0.00674944 -0.01664045 -0.09659949  0.00028573 -0.0256974  -0.0387124
  0.04817404]",[0.07231769],1.647025089113052
04,21119,"[-0.22344399 -0.01738709 -0.04430059 -0.03937041  0.00479374 -0.17221438
  0.00674944 -0.01664045 -0.09659949  0.00028573 -0.0256974  -0.0387124
  0.04817404]",[-0.19956658],-2.0978627608380847
04,21121,"[-0.22344399 -0.01738709 -0.04430059 -0.03937041  0.00479374 -0.17221438
  0.00674944 -0.01664045 -0.09659949  0.00028573 -0.0256974  -0.0387124
  0.04817404]",[-0.1303609],-1.1446354799228378
04,21123,"[-0.22344399 -0.01738709 -0.04430059 -0.03937041  0.00479374 -0.17221438
  0.00674944 -0.01664045 -0.09659949  0.00028573 -0.0256974  -0.0387124
  0.04817404]",[-0.44132979],-5.427868352478592
04,21125,"[-0.22344399 -0.01738709 -0.04430059 -0.03937041  0.00479374 -0.17221438
  0.00674944 -0.01664045 -0.09659949  0.00028573 -0.0256974  -0.0387124
  0.04817404]",[-0.12129149],-1.0197150019322456
04,21127,"[-0.22344399 -0.01738709 -0.04430059 -0.03937041  0.00479374 -0.17221438
  0.00674944 -0.01664045 -0.09659949  0.00028573 -0.0256974  -0.0387124
  0.04817404]",[-0.27247208],-3.1020507661645604
04,21135,"[-0.22344399 -0.01738709 -0.04430059 -0.03937041  0.00479374 -0.17221438
  0.00674944 -0.01664045 -0.09659949  0.00028573 -0.0256974  -0.0387124
  0.04817404]",[-0.32923425],-3.8838833119217537
04,21133,"[-0.22344399 -0.01738709 -0.04430059 -0.03937041  0.00479374 -0.17221438
  0.00674944 -0.01664045 -0.09659949  0.00028573 -0.0256974  -0.0387124
  0.04817404]",[-0.136669],-1.231522127011621
04,21137,"[-0.22344399 -0.01738709 -0.04430059 -0.03937041  0.00479374 -0.17221438
  0.00674944 -0.01664045 -0.09659949  0.00028573 -0.0256974  -0.0387124
  0.04817404]",[-0.21208457],-2.270283396846774
04,21141,"[-0.22344399 -0.01738709 -0.04430059 -0.03937041  0.00479374 -0.17221438
  0.00674944 -0.01664045 -0.09659949  0.00028573 -0.0256974  -0.0387124
  0.04817404]",[-0.28988647],-3.3419136990192104
04,21145,"[-0.22344399 -0.01738709 -0.04430059 -0.03937041  0.00479374 -0.17221438
  0.00674944 -0.01664045 -0.09659949  0.00028573 -0.0256974  -0.0387124
  0.04817404]",[-0.11431752],-0.9236567265434504
04,21147,"[-0.22344399 -0.01738709 -0.04430059 -0.03937041  0.00479374 -0.17221438
  0.00674944 -0.01664045 -0.09659949  0.00028573 -0.0256974  -0.0387124
  0.04817404]",[-0.31549833],-3.6946870905362283
04,21151,"[-0.22344399 -0.01738709 -0.04430059 -0.03937041  0.00479374 -0.17221438
  0.00674944 -0.01664045 -0.09659949  0.00028573 -0.0256974  -0.0387124
  0.04817404]",[-0.09103791],-0.6030071888828464
04,21153,"[-0.22344399 -0.01738709 -0.04430059 -0.03937041  0.00479374 -0.17221438
  0.00674944 -0.01664045 -0.09659949  0.00028573 -0.0256974  -0.0387124
  0.04817404]",[-0.43435814],-5.331841924533117
04,21155,"[-0.22344399 -0.01738709 -0.04430059 -0.03937041  0.00479374 -0.17221438
  0.00674944 -0.01664045 -0.09659949  0.00028573 -0.0256974  -0.0387124
  0.04817404]",[-0.20201915],-2.1316441038439993
04,21157,"[-0.22344399 -0.01738709 -0.04430059 -0.03937041  0.00479374 -0.17221438
  0.00674944 -0.01664045 -0.09659949  0.00028573 -0.0256974  -0.0387124
  0.04817404]",[-0.31722456],-3.7184639010221634
04,21161,"[-0.22344399 -0.01738709 -0.04430059 -0.03937041  0.00479374 -0.17221438
  0.00674944 -0.01664045 -0.09659949  0.00028573 -0.0256974  -0.0387124
  0.04817404]",[-0.11752893],-0.9678900957847989
04,21163,"[-0.22344399 -0.01738709 -0.04430059 -0.03937041  0.00479374 -0.17221438
  0.00674944 -0.01664045 -0.09659949  0.00028573 -0.0256974  -0.0387124
  0.04817404]",[-0.15561612],-1.4924966358300311
04,21171,"[-0.22344399 -0.01738709 -0.04430059 -0.03937041  0.00479374 -0.17221438
  0.00674944 -0.01664045 -0.09659949  0.00028573 -0.0256974  -0.0387124
  0.04817404]",[-0.37887475],-4.567623160367129
04,21167,"[-0.22344399 -0.01738709 -0.04430059 -0.03937041  0.00479374 -0.17221438
  0.00674944 -0.01664045 -0.09659949  0.00028573 -0.0256974  -0.0387124
  0.04817404]",[-0.22360094],-2.4289080502528186
04,21173,"[-0.22344399 -0.01738709 -0.04430059 -0.03937041  0.00479374 -0.17221438
  0.00674944 -0.01664045 -0.09659949  0.00028573 -0.0256974  -0.0387124
  0.04817404]",[-0.26489701],-2.9977130518068296
04,21175,"[-0.22344399 -0.01738709 -0.04430059 -0.03937041  0.00479374 -0.17221438
  0.00674944 -0.01664045 -0.09659949  0.00028573 -0.0256974  -0.0387124
  0.04817404]",[-0.17332159],-1.7363686741690276
04,21177,"[-0.22344399 -0.01738709 -0.04430059 -0.03937041  0.00479374 -0.17221438
  0.00674944 -0.01664045 -0.09659949  0.00028573 -0.0256974  -0.0387124
  0.04817404]",[-0.09965052],-0.7216358690395872
04,21179,"[-0.22344399 -0.01738709 -0.04430059 -0.03937041  0.00479374 -0.17221438
  0.00674944 -0.01664045 -0.09659949  0.00028573 -0.0256974  -0.0387124
  0.04817404]",[-0.18969293],-1.9618647462827996
04,21183,"[-0.22344399 -0.01738709 -0.04430059 -0.03937041  0.00479374 -0.17221438
  0.00674944 -0.01664045 -0.09659949  0.00028573 -0.0256974  -0.0387124
  0.04817404]",[-0.1610859],-1.5678364219476617
04,21185,"[-0.22344399 -0.01738709 -0.04430059 -0.03937041  0.00479374 -0.17221438
  0.00674944 -0.01664045 -0.09659949  0.00028573 -0.0256974  -0.0387124
  0.04817404]",[-0.07269433],-0.35034592539023474
04,21193,"[-0.22344399 -0.01738709 -0.04430059 -0.03937041  0.00479374 -0.17221438
  0.00674944 -0.01664045 -0.09659949  0.00028573 -0.0256974  -0.0387124
  0.04817404]",[0.02596292],1.008542339779931
04,21195,"[-0.22344399 -0.01738709 -0.04430059 -0.03937041  0.00479374 -0.17221438
  0.00674944 -0.01664045 -0.09659949  0.00028573 -0.0256974  -0.0387124
  0.04817404]",[-0.0794359],-0.44320318195829067
04,21203,"[-0.22344399 -0.01738709 -0.04430059 -0.03937041  0.00479374 -0.17221438
  0.00674944 -0.01664045 -0.09659949  0.00028573 -0.0256974  -0.0387124
  0.04817404]",[-0.37861532],-4.564049833645692
04,21199,"[-0.22344399 -0.01738709 -0.04430059 -0.03937041  0.00479374 -0.17221438
  0.00674944 -0.01664045 -0.09659949  0.00028573 -0.0256974  -0.0387124
  0.04817404]",[-0.12509592],-1.0721165480046222
04,21205,"[-0.22344399 -0.01738709 -0.04430059 -0.03937041  0.00479374 -0.17221438
  0.00674944 -0.01664045 -0.09659949  0.00028573 -0.0256974  -0.0387124
  0.04817404]",[-0.33451841],-3.956666442458598
04,21207,"[-0.22344399 -0.01738709 -0.04430059 -0.03937041  0.00479374 -0.17221438
  0.00674944 -0.01664045 -0.09659949  0.00028573 -0.0256974  -0.0387124
  0.04817404]",[-0.33080768],-3.905555522171734
04,21209,"[-0.22344399 -0.01738709 -0.04430059 -0.03937041  0.00479374 -0.17221438
  0.00674944 -0.01664045 -0.09659949  0.00028573 -0.0256974  -0.0387124
  0.04817404]",[-0.12674338],-1.0948083320149888
04,21211,"[-0.22344399 -0.01738709 -0.04430059 -0.03937041  0.00479374 -0.17221438
  0.00674944 -0.01664045 -0.09659949  0.00028573 -0.0256974  -0.0387124
  0.04817404]",[-0.13203406],-1.1676812433394117
04,21213,"[-0.22344399 -0.01738709 -0.04430059 -0.03937041  0.00479374 -0.17221438
  0.00674944 -0.01664045 -0.09659949  0.00028573 -0.0256974  -0.0387124
  0.04817404]",[-0.24491999],-2.722552977208551
04,21215,"[-0.22344399 -0.01738709 -0.04430059 -0.03937041  0.00479374 -0.17221438
  0.00674944 -0.01664045 -0.09659949  0.00028573 -0.0256974  -0.0387124
  0.04817404]",[-0.26625262],-3.016385043624148
04,21217,"[-0.22344399 -0.01738709 -0.04430059 -0.03937041  0.00479374 -0.17221438
  0.00674944 -0.01664045 -0.09659949  0.00028573 -0.0256974  -0.0387124
  0.04817404]",[-0.30063229],-3.4899247106022826
04,21219,"[-0.22344399 -0.01738709 -0.04430059 -0.03937041  0.00479374 -0.17221438
  0.00674944 -0.01664045 -0.09659949  0.00028573 -0.0256974  -0.0387124
  0.04817404]",[-0.23215058],-2.54666929498654
04,21221,"[-0.22344399 -0.01738709 -0.04430059 -0.03937041  0.00479374 -0.17221438
  0.00674944 -0.01664045 -0.09659949  0.00028573 -0.0256974  -0.0387124
  0.04817404]",[-0.27868299],-3.187598865232177
04,21225,"[-0.22344399 -0.01738709 -0.04430059 -0.03937041  0.00479374 -0.17221438
  0.00674944 -0.01664045 -0.09659949  0.00028573 -0.0256974  -0.0387124
  0.04817404]",[-0.33047212],-3.900933458520201
04,21227,"[-0.22344399 -0.01738709 -0.04430059 -0.03937041  0.00479374 -0.17221438
  0.00674944 -0.01664045 -0.09659949  0.00028573 -0.0256974  -0.0387124
  0.04817404]",[-0.00730162],0.5503622820087791
04,21233,"[-0.22344399 -0.01738709 -0.04430059 -0.03937041  0.00479374 -0.17221438
  0.00674944 -0.01664045 -0.09659949  0.00028573 -0.0256974  -0.0387124
  0.04817404]",[-0.10482246],-0.7928733735451733
04,21231,"[-0.22344399 -0.01738709 -0.04430059 -0.03937041  0.00479374 -0.17221438
  0.00674944 -0.01664045 -0.09659949  0.00028573 -0.0256974  -0.0387124
  0.04817404]",[-0.33281061],-3.93314342190596
04,21235,"[-0.22344399 -0.01738709 -0.04430059 -0.03937041  0.00479374 -0.17221438
  0.00674944 -0.01664045 -0.09659949  0.00028573 -0.0256974  -0.0387124
  0.04817404]",[-0.03795019],0.1282140346758839
04,21239,"[-0.22344399 -0.01738709 -0.04430059 -0.03937041  0.00479374 -0.17221438
  0.00674944 -0.01664045 -0.09659949  0.00028573 -0.0256974  -0.0387124
  0.04817404]",[-0.20913088],-2.2295998491867213
04,22003,"[-0.22344399 -0.01738709 -0.04430059 -0.03937041  0.00479374 -0.17221438
  0.00674944 -0.01664045 -0.09659949  0.00028573 -0.0256974  -0.0387124
  0.04817404]",[-0.30528305],-3.553983544760438
04,22001,"[-0.22344399 -0.01738709 -0.04430059 -0.03937041  0.00479374 -0.17221438
  0.00674944 -0.01664045 -0.09659949  0.00028573 -0.0256974  -0.0387124
  0.04817404]",[-0.09698949],-0.6849832454558319
04,22005,"[-0.22344399 -0.01738709 -0.04430059 -0.03937041  0.00479374 -0.17221438
  0.00674944 -0.01664045 -0.09659949  0.00028573 -0.0256974  -0.0387124
  0.04817404]",[-0.08374429],-0.5025461476838768
04,22007,"[-0.22344399 -0.01738709 -0.04430059 -0.03937041  0.00479374 -0.17221438
  0.00674944 -0.01664045 -0.09659949  0.00028573 -0.0256974  -0.0387124
  0.04817404]",[-0.27439068],-3.1284772299837242
04,22009,"[-0.22344399 -0.01738709 -0.04430059 -0.03937041  0.00479374 -0.17221438
  0.00674944 -0.01664045 -0.09659949  0.00028573 -0.0256974  -0.0387124
  0.04817404]",[-0.13166692],-1.1626243531466276
04,22011,"[-0.22344399 -0.01738709 -0.04430059 -0.03937041  0.00479374 -0.17221438
  0.00674944 -0.01664045 -0.09659949  0.00028573 -0.0256974  -0.0387124
  0.04817404]",[-0.18436589],-1.8884910271379425
04,22013,"[-0.22344399 -0.01738709 -0.04430059 -0.03937041  0.00479374 -0.17221438
  0.00674944 -0.01664045 -0.09659949  0.00028573 -0.0256974  -0.0387124
  0.04817404]",[-0.36799741],-4.417800474175152
04,22015,"[-0.22344399 -0.01738709 -0.04430059 -0.03937041  0.00479374 -0.17221438
  0.00674944 -0.01664045 -0.09659949  0.00028573 -0.0256974  -0.0387124
  0.04817404]",[-0.04616515],0.015062536233083063
04,22017,"[-0.22344399 -0.01738709 -0.04430059 -0.03937041  0.00479374 -0.17221438
  0.00674944 -0.01664045 -0.09659949  0.00028573 -0.0256974  -0.0387124
  0.04817404]",[-0.01261475],0.47718013527992864
04,22019,"[-0.22344399 -0.01738709 -0.04430059 -0.03937041  0.00479374 -0.17221438
  0.00674944 -0.01664045 -0.09659949  0.00028573 -0.0256974  -0.0387124
  0.04817404]",[-0.02833609],0.2606369725967386
04,22027,"[-0.22344399 -0.01738709 -0.04430059 -0.03937041  0.00479374 -0.17221438
  0.00674944 -0.01664045 -0.09659949  0.00028573 -0.0256974  -0.0387124
  0.04817404]",[-0.30590421],-3.562539272175732
04,22029,"[-0.22344399 -0.01738709 -0.04430059 -0.03937041  0.00479374 -0.17221438
  0.00674944 -0.01664045 -0.09659949  0.00028573 -0.0256974  -0.0387124
  0.04817404]",[-0.13121418],-1.156388372304818
04,22031,"[-0.22344399 -0.01738709 -0.04430059 -0.03937041  0.00479374 -0.17221438
  0.00674944 -0.01664045 -0.09659949  0.00028573 -0.0256974  -0.0387124
  0.04817404]",[-0.20455862],-2.166622243816006
04,22033,"[-0.22344399 -0.01738709 -0.04430059 -0.03937041  0.00479374 -0.17221438
  0.00674944 -0.01664045 -0.09659949  0.00028573 -0.0256974  -0.0387124
  0.04817404]",[0.00160875],0.6730921074538306
04,22037,"[-0.22344399 -0.01738709 -0.04430059 -0.03937041  0.00479374 -0.17221438
  0.00674944 -0.01664045 -0.09659949  0.00028573 -0.0256974  -0.0387124
  0.04817404]",[-0.30968477],-3.614612116717598
04,22039,"[-0.22344399 -0.01738709 -0.04430059 -0.03937041  0.00479374 -0.17221438
  0.00674944 -0.01664045 -0.09659949  0.00028573 -0.0256974  -0.0387124
  0.04817404]",[-0.14663638],-1.368811101479312
04,22041,"[-0.22344399 -0.01738709 -0.04430059 -0.03937041  0.00479374 -0.17221438
  0.00674944 -0.01664045 -0.09659949  0.00028573 -0.0256974  -0.0387124
  0.04817404]",[0.11243288],2.1995649717039116
04,22043,"[-0.22344399 -0.01738709 -0.04430059 -0.03937041  0.00479374 -0.17221438
  0.00674944 -0.01664045 -0.09659949  0.00028573 -0.0256974  -0.0387124
  0.04817404]",[-0.1650193],-1.6220144027454488
04,22045,"[-0.22344399 -0.01738709 -0.04430059 -0.03937041  0.00479374 -0.17221438
  0.00674944 -0.01664045 -0.09659949  0.00028573 -0.0256974  -0.0387124
  0.04817404]",[-0.0573225],-0.13861695213249117
04,22047,"[-0.22344399 -0.01738709 -0.04430059 -0.03937041  0.00479374 -0.17221438
  0.00674944 -0.01664045 -0.09659949  0.00028573 -0.0256974  -0.0387124
  0.04817404]",[-0.14217118],-1.3073082620140737
04,22049,"[-0.22344399 -0.01738709 -0.04430059 -0.03937041  0.00479374 -0.17221438
  0.00674944 -0.01664045 -0.09659949  0.00028573 -0.0256974  -0.0387124
  0.04817404]",[-0.18517037],-1.899571828456272
04,22051,"[-0.22344399 -0.01738709 -0.04430059 -0.03937041  0.00479374 -0.17221438
  0.00674944 -0.01664045 -0.09659949  0.00028573 -0.0256974  -0.0387124
  0.04817404]",[-0.00840781],0.535125680805711
04,22053,"[-0.22344399 -0.01738709 -0.04430059 -0.03937041  0.00479374 -0.17221438
  0.00674944 -0.01664045 -0.09659949  0.00028573 -0.0256974  -0.0387124
  0.04817404]",[-0.10829055],-0.8406421970487391
04,22055,"[-0.22344399 -0.01738709 -0.04430059 -0.03937041  0.00479374 -0.17221438
  0.00674944 -0.01664045 -0.09659949  0.00028573 -0.0256974  -0.0387124
  0.04817404]",[-0.01792576],0.40402708120907616
04,22057,"[-0.22344399 -0.01738709 -0.04430059 -0.03937041  0.00479374 -0.17221438
  0.00674944 -0.01664045 -0.09659949  0.00028573 -0.0256974  -0.0387124
  0.04817404]",[0.01793044],0.8979043676894458
04,22061,"[-0.22344399 -0.01738709 -0.04430059 -0.03937041  0.00479374 -0.17221438
  0.00674944 -0.01664045 -0.09659949  0.00028573 -0.0256974  -0.0387124
  0.04817404]",[-0.12860468],-1.1204455502771984
04,22063,"[-0.22344399 -0.01738709 -0.04430059 -0.03937041  0.00479374 -0.17221438
  0.00674944 -0.01664045 -0.09659949  0.00028573 -0.0256974  -0.0387124
  0.04817404]",[0.04327592],1.2470086824851736
04,22065,"[-0.22344399 -0.01738709 -0.04430059 -0.03937041  0.00479374 -0.17221438
  0.00674944 -0.01664045 -0.09659949  0.00028573 -0.0256974  -0.0387124
  0.04817404]",[-0.1467325],-1.3701351501397934
04,22067,"[-0.22344399 -0.01738709 -0.04430059 -0.03937041  0.00479374 -0.17221438
  0.00674944 -0.01664045 -0.09659949  0.00028573 -0.0256974  -0.0387124
  0.04817404]",[-0.21430083],-2.3008098479405583
04,22069,"[-0.22344399 -0.01738709 -0.04430059 -0.03937041  0.00479374 -0.17221438
  0.00674944 -0.01664045 -0.09659949  0.00028573 -0.0256974  -0.0387124
  0.04817404]",[-0.09223367],-0.6194773848010315
04,22071,"[-0.22344399 -0.01738709 -0.04430059 -0.03937041  0.00479374 -0.17221438
  0.00674944 -0.01664045 -0.09659949  0.00028573 -0.0256974  -0.0387124
  0.04817404]",[0.01687961],0.8834303922194946
04,22073,"[-0.22344399 -0.01738709 -0.04430059 -0.03937041  0.00479374 -0.17221438
  0.00674944 -0.01664045 -0.09659949  0.00028573 -0.0256974  -0.0387124
  0.04817404]",[-0.01411644],0.4564960398888294
04,22075,"[-0.22344399 -0.01738709 -0.04430059 -0.03937041  0.00479374 -0.17221438
  0.00674944 -0.01664045 -0.09659949  0.00028573 -0.0256974  -0.0387124
  0.04817404]",[0.26724006],4.331852825750411
04,22077,"[-0.22344399 -0.01738709 -0.04430059 -0.03937041  0.00479374 -0.17221438
  0.00674944 -0.01664045 -0.09659949  0.00028573 -0.0256974  -0.0387124
  0.04817404]",[-0.06305152],-0.21752748130744573
04,22079,"[-0.22344399 -0.01738709 -0.04430059 -0.03937041  0.00479374 -0.17221438
  0.00674944 -0.01664045 -0.09659949  0.00028573 -0.0256974  -0.0387124
  0.04817404]",[-0.02816376],0.2630105889586829
04,22083,"[-0.22344399 -0.01738709 -0.04430059 -0.03937041  0.00479374 -0.17221438
  0.00674944 -0.01664045 -0.09659949  0.00028573 -0.0256974  -0.0387124
  0.04817404]",[-0.25825099],-2.9061718545577997
04,22085,"[-0.22344399 -0.01738709 -0.04430059 -0.03937041  0.00479374 -0.17221438
  0.00674944 -0.01664045 -0.09659949  0.00028573 -0.0256974  -0.0387124
  0.04817404]",[-0.20603074],-2.186898972376775
04,22087,"[-0.22344399 -0.01738709 -0.04430059 -0.03937041  0.00479374 -0.17221438
  0.00674944 -0.01664045 -0.09659949  0.00028573 -0.0256974  -0.0387124
  0.04817404]",[0.03126892],1.0816263721608028
04,22089,"[-0.22344399 -0.01738709 -0.04430059 -0.03937041  0.00479374 -0.17221438
  0.00674944 -0.01664045 -0.09659949  0.00028573 -0.0256974  -0.0387124
  0.04817404]",[-0.03281558],0.19893732072910636
04,22093,"[-0.22344399 -0.01738709 -0.04430059 -0.03937041  0.00479374 -0.17221438
  0.00674944 -0.01664045 -0.09659949  0.00028573 -0.0256974  -0.0387124
  0.04817404]",[-0.27332299],-3.1137710636230342
04,22095,"[-0.22344399 -0.01738709 -0.04430059 -0.03937041  0.00479374 -0.17221438
  0.00674944 -0.01664045 -0.09659949  0.00028573 -0.0256974  -0.0387124
  0.04817404]",[-0.04072464],0.08999922300789427
04,22097,"[-0.22344399 -0.01738709 -0.04430059 -0.03937041  0.00479374 -0.17221438
  0.00674944 -0.01664045 -0.09659949  0.00028573 -0.0256974  -0.0387124
  0.04817404]",[-0.04436147],0.0399061617110191
04,22099,"[-0.22344399 -0.01738709 -0.04430059 -0.03937041  0.00479374 -0.17221438
  0.00674944 -0.01664045 -0.09659949  0.00028573 -0.0256974  -0.0387124
  0.04817404]",[-0.1708093],-1.7017648698468226
04,22101,"[-0.22344399 -0.01738709 -0.04430059 -0.03937041  0.00479374 -0.17221438
  0.00674944 -0.01664045 -0.09659949  0.00028573 -0.0256974  -0.0387124
  0.04817404]",[-0.05048149],-0.044390028955420956
04,22103,"[-0.22344399 -0.01738709 -0.04430059 -0.03937041  0.00479374 -0.17221438
  0.00674944 -0.01664045 -0.09659949  0.00028573 -0.0256974  -0.0387124
  0.04817404]",[0.02990879],1.0628920789237153
04,22105,"[-0.22344399 -0.01738709 -0.04430059 -0.03937041  0.00479374 -0.17221438
  0.00674944 -0.01664045 -0.09659949  0.00028573 -0.0256974  -0.0387124
  0.04817404]",[-0.06638142],-0.26339291385313973
04,22111,"[-0.22344399 -0.01738709 -0.04430059 -0.03937041  0.00479374 -0.17221438
  0.00674944 -0.01664045 -0.09659949  0.00028573 -0.0256974  -0.0387124
  0.04817404]",[-0.19886641],-2.088218761877444
04,22109,"[-0.22344399 -0.01738709 -0.04430059 -0.03937041  0.00479374 -0.17221438
  0.00674944 -0.01664045 -0.09659949  0.00028573 -0.0256974  -0.0387124
  0.04817404]",[-0.08649642],-0.5404535877474332
04,22113,"[-0.22344399 -0.01738709 -0.04430059 -0.03937041  0.00479374 -0.17221438
  0.00674944 -0.01664045 -0.09659949  0.00028573 -0.0256974  -0.0387124
  0.04817404]",[-0.07435777],-0.373257825536979
04,22115,"[-0.22344399 -0.01738709 -0.04430059 -0.03937041  0.00479374 -0.17221438
  0.00674944 -0.01664045 -0.09659949  0.00028573 -0.0256974  -0.0387124
  0.04817404]",[-0.08472128],-0.5160030508411583
04,22117,"[-0.22344399 -0.01738709 -0.04430059 -0.03937041  0.00479374 -0.17221438
  0.00674944 -0.01664045 -0.09659949  0.00028573 -0.0256974  -0.0387124
  0.04817404]",[-0.06129907],-0.19338946240219734
04,22119,"[-0.22344399 -0.01738709 -0.04430059 -0.03937041  0.00479374 -0.17221438
  0.00674944 -0.01664045 -0.09659949  0.00028573 -0.0256974  -0.0387124
  0.04817404]",[-0.03678588],0.14425101106625082
04,22121,"[-0.22344399 -0.01738709 -0.04430059 -0.03937041  0.00479374 -0.17221438
  0.00674944 -0.01664045 -0.09659949  0.00028573 -0.0256974  -0.0387124
  0.04817404]",[-0.35161398],-4.192137907070732
04,22127,"[-0.22344399 -0.01738709 -0.04430059 -0.03937041  0.00479374 -0.17221438
  0.00674944 -0.01664045 -0.09659949  0.00028573 -0.0256974  -0.0387124
  0.04817404]",[-0.33159798],-3.9164409723202174
04,23001,"[-0.22344399 -0.01738709 -0.04430059 -0.03937041  0.00479374 -0.17221438
  0.00674944 -0.01664045 -0.09659949  0.00028573 -0.0256974  -0.0387124
  0.04817404]",[-0.04174482],0.07594743967302856
04,23003,"[-0.22344399 -0.01738709 -0.04430059 -0.03937041  0.00479374 -0.17221438
  0.00674944 -0.01664045 -0.09659949  0.00028573 -0.0256974  -0.0387124
  0.04817404]",[0.01626271],0.874933328210694
04,23005,"[-0.22344399 -0.01738709 -0.04430059 -0.03937041  0.00479374 -0.17221438
  0.00674944 -0.01664045 -0.09659949  0.00028573 -0.0256974  -0.0387124
  0.04817404]",[0.01327848],0.8338290171131184
04,23007,"[-0.22344399 -0.01738709 -0.04430059 -0.03937041  0.00479374 -0.17221438
  0.00674944 -0.01664045 -0.09659949  0.00028573 -0.0256974  -0.0387124
  0.04817404]",[0.04999107],1.3395020117858418
04,23009,"[-0.22344399 -0.01738709 -0.04430059 -0.03937041  0.00479374 -0.17221438
  0.00674944 -0.01664045 -0.09659949  0.00028573 -0.0256974  -0.0387124
  0.04817404]",[-0.05720358],-0.13697892625760763
04,23011,"[-0.22344399 -0.01738709 -0.04430059 -0.03937041  0.00479374 -0.17221438
  0.00674944 -0.01664045 -0.09659949  0.00028573 -0.0256974  -0.0387124
  0.04817404]",[-0.04795137],-0.0095405231831862
04,23013,"[-0.22344399 -0.01738709 -0.04430059 -0.03937041  0.00479374 -0.17221438
  0.00674944 -0.01664045 -0.09659949  0.00028573 -0.0256974  -0.0387124
  0.04817404]",[0.03361812],1.1139837836989073
04,23015,"[-0.22344399 -0.01738709 -0.04430059 -0.03937041  0.00479374 -0.17221438
  0.00674944 -0.01664045 -0.09659949  0.00028573 -0.0256974  -0.0387124
  0.04817404]",[-0.10739737],-0.8283396426628304
04,23017,"[-0.22344399 -0.01738709 -0.04430059 -0.03937041  0.00479374 -0.17221438
  0.00674944 -0.01664045 -0.09659949  0.00028573 -0.0256974  -0.0387124
  0.04817404]",[-0.02209065],0.34666064767309157
04,23019,"[-0.22344399 -0.01738709 -0.04430059 -0.03937041  0.00479374 -0.17221438
  0.00674944 -0.01664045 -0.09659949  0.00028573 -0.0256974  -0.0387124
  0.04817404]",[-0.05050339],-0.04469158548485377
04,23021,"[-0.22344399 -0.01738709 -0.04430059 -0.03937041  0.00479374 -0.17221438
  0.00674944 -0.01664045 -0.09659949  0.00028573 -0.0256974  -0.0387124
  0.04817404]",[-0.17026139],-1.6942180143458176
04,23025,"[-0.22344399 -0.01738709 -0.04430059 -0.03937041  0.00479374 -0.17221438
  0.00674944 -0.01664045 -0.09659949  0.00028573 -0.0256974  -0.0387124
  0.04817404]",[-0.09482249],-0.6551353710433556
04,23027,"[-0.22344399 -0.01738709 -0.04430059 -0.03937041  0.00479374 -0.17221438
  0.00674944 -0.01664045 -0.09659949  0.00028573 -0.0256974  -0.0387124
  0.04817404]",[-0.21004008],-2.242123025927632
04,23029,"[-0.22344399 -0.01738709 -0.04430059 -0.03937041  0.00479374 -0.17221438
  0.00674944 -0.01664045 -0.09659949  0.00028573 -0.0256974  -0.0387124
  0.04817404]",[-0.11286586],-0.9036618010512356
04,23031,"[-0.22344399 -0.01738709 -0.04430059 -0.03937041  0.00479374 -0.17221438
  0.00674944 -0.01664045 -0.09659949  0.00028573 -0.0256974  -0.0387124
  0.04817404]",[-0.02785138],0.2673132889432434
04,24001,"[-0.22344399 -0.01738709 -0.04430059 -0.03937041  0.00479374 -0.17221438
  0.00674944 -0.01664045 -0.09659949  0.00028573 -0.0256974  -0.0387124
  0.04817404]",[-0.08034058],-0.4556640714264675
04,24003,"[-0.22344399 -0.01738709 -0.04430059 -0.03937041  0.00479374 -0.17221438
  0.00674944 -0.01664045 -0.09659949  0.00028573 -0.0256974  -0.0387124
  0.04817404]",[0.01548031],0.8641567074174361
04,24005,"[-0.22344399 -0.01738709 -0.04430059 -0.03937041  0.00479374 -0.17221438
  0.00674944 -0.01664045 -0.09659949  0.00028573 -0.0256974  -0.0387124
  0.04817404]",[0.01287814],0.8283148260031643
04,24009,"[-0.22344399 -0.01738709 -0.04430059 -0.03937041  0.00479374 -0.17221438
  0.00674944 -0.01664045 -0.09659949  0.00028573 -0.0256974  -0.0387124
  0.04817404]",[-0.1217746],-1.0263692221537588
04,24011,"[-0.22344399 -0.01738709 -0.04430059 -0.03937041  0.00479374 -0.17221438
  0.00674944 -0.01664045 -0.09659949  0.00028573 -0.0256974  -0.0387124
  0.04817404]",[-0.05796213],-0.1474270726632529
04,24013,"[-0.22344399 -0.01738709 -0.04430059 -0.03937041  0.00479374 -0.17221438
  0.00674944 -0.01664045 -0.09659949  0.00028573 -0.0256974  -0.0387124
  0.04817404]",[-0.00924141],0.5236438204315473
04,24015,"[-0.22344399 -0.01738709 -0.04430059 -0.03937041  0.00479374 -0.17221438
  0.00674944 -0.01664045 -0.09659949  0.00028573 -0.0256974  -0.0387124
  0.04817404]",[0.09143516],1.9103459267157128
04,24017,"[-0.22344399 -0.01738709 -0.04430059 -0.03937041  0.00479374 -0.17221438
  0.00674944 -0.01664045 -0.09659949  0.00028573 -0.0256974  -0.0387124
  0.04817404]",[0.0036237],0.7008457713005264
04,24019,"[-0.22344399 -0.01738709 -0.04430059 -0.03937041  0.00479374 -0.17221438
  0.00674944 -0.01664045 -0.09659949  0.00028573 -0.0256974  -0.0387124
  0.04817404]",[0.19150937],3.2887511119013624
04,24021,"[-0.22344399 -0.01738709 -0.04430059 -0.03937041  0.00479374 -0.17221438
  0.00674944 -0.01664045 -0.09659949  0.00028573 -0.0256974  -0.0387124
  0.04817404]",[-0.00550781],0.5750698283602119
04,24023,"[-0.22344399 -0.01738709 -0.04430059 -0.03937041  0.00479374 -0.17221438
  0.00674944 -0.01664045 -0.09659949  0.00028573 -0.0256974  -0.0387124
  0.04817404]",[-0.18126153],-1.845732067298305
04,24025,"[-0.22344399 -0.01738709 -0.04430059 -0.03937041  0.00479374 -0.17221438
  0.00674944 -0.01664045 -0.09659949  0.00028573 -0.0256974  -0.0387124
  0.04817404]",[-0.05646266],-0.1267736824704496
04,24027,"[-0.22344399 -0.01738709 -0.04430059 -0.03937041  0.00479374 -0.17221438
  0.00674944 -0.01664045 -0.09659949  0.00028573 -0.0256974  -0.0387124
  0.04817404]",[-0.02685548],0.28103071929642665
04,24029,"[-0.22344399 -0.01738709 -0.04430059 -0.03937041  0.00479374 -0.17221438
  0.00674944 -0.01664045 -0.09659949  0.00028573 -0.0256974  -0.0387124
  0.04817404]",[-0.14226176],-1.3085559219086693
04,24031,"[-0.22344399 -0.01738709 -0.04430059 -0.03937041  0.00479374 -0.17221438
  0.00674944 -0.01664045 -0.09659949  0.00028573 -0.0256974  -0.0387124
  0.04817404]",[0.01308495],0.8311634179825723
04,24033,"[-0.22344399 -0.01738709 -0.04430059 -0.03937041  0.00479374 -0.17221438
  0.00674944 -0.01664045 -0.09659949  0.00028573 -0.0256974  -0.0387124
  0.04817404]",[-0.00614229],0.5663306547113637
04,24035,"[-0.22344399 -0.01738709 -0.04430059 -0.03937041  0.00479374 -0.17221438
  0.00674944 -0.01664045 -0.09659949  0.00028573 -0.0256974  -0.0387124
  0.04817404]",[-0.03244498],0.20404190366341135
04,24039,"[-0.22344399 -0.01738709 -0.04430059 -0.03937041  0.00479374 -0.17221438
  0.00674944 -0.01664045 -0.09659949  0.00028573 -0.0256974  -0.0387124
  0.04817404]",[-0.10168814],-0.7497017704212049
04,24037,"[-0.22344399 -0.01738709 -0.04430059 -0.03937041  0.00479374 -0.17221438
  0.00674944 -0.01664045 -0.09659949  0.00028573 -0.0256974  -0.0387124
  0.04817404]",[-0.0608199],-0.18678951406063798
04,24041,"[-0.22344399 -0.01738709 -0.04430059 -0.03937041  0.00479374 -0.17221438
  0.00674944 -0.01664045 -0.09659949  0.00028573 -0.0256974  -0.0387124
  0.04817404]",[-0.14040031],-1.2829166217119363
04,24043,"[-0.22344399 -0.01738709 -0.04430059 -0.03937041  0.00479374 -0.17221438
  0.00674944 -0.01664045 -0.09659949  0.00028573 -0.0256974  -0.0387124
  0.04817404]",[-0.04923313],-0.027195363436761443
04,24045,"[-0.22344399 -0.01738709 -0.04430059 -0.03937041  0.00479374 -0.17221438
  0.00674944 -0.01664045 -0.09659949  0.00028573 -0.0256974  -0.0387124
  0.04817404]",[-0.09075034],-0.5990462699194022
04,24047,"[-0.22344399 -0.01738709 -0.04430059 -0.03937041  0.00479374 -0.17221438
  0.00674944 -0.01664045 -0.09659949  0.00028573 -0.0256974  -0.0387124
  0.04817404]",[0.04060363],1.2102009813382164
04,24510,"[-0.22344399 -0.01738709 -0.04430059 -0.03937041  0.00479374 -0.17221438
  0.00674944 -0.01664045 -0.09659949  0.00028573 -0.0256974  -0.0387124
  0.04817404]",[-0.00056157],0.6431985508285187
04,25001,"[-0.22344399 -0.01738709 -0.04430059 -0.03937041  0.00479374 -0.17221438
  0.00674944 -0.01664045 -0.09659949  0.00028573 -0.0256974  -0.0387124
  0.04817404]",[-0.015862],0.4324529714648795
04,25003,"[-0.22344399 -0.01738709 -0.04430059 -0.03937041  0.00479374 -0.17221438
  0.00674944 -0.01664045 -0.09659949  0.00028573 -0.0256974  -0.0387124
  0.04817404]",[-0.04785093],-0.008157054965396893
04,25005,"[-0.22344399 -0.01738709 -0.04430059 -0.03937041  0.00479374 -0.17221438
  0.00674944 -0.01664045 -0.09659949  0.00028573 -0.0256974  -0.0387124
  0.04817404]",[0.00951109],0.7819376738776542
04,25007,"[-0.22344399 -0.01738709 -0.04430059 -0.03937041  0.00479374 -0.17221438
  0.00674944 -0.01664045 -0.09659949  0.00028573 -0.0256974  -0.0387124
  0.04817404]",[-0.46733621],-5.786076353757628
04,25009,"[-0.22344399 -0.01738709 -0.04430059 -0.03937041  0.00479374 -0.17221438
  0.00674944 -0.01664045 -0.09659949  0.00028573 -0.0256974  -0.0387124
  0.04817404]",[0.00781076],0.7585175583030717
04,25011,"[-0.22344399 -0.01738709 -0.04430059 -0.03937041  0.00479374 -0.17221438
  0.00674944 -0.01664045 -0.09659949  0.00028573 -0.0256974  -0.0387124
  0.04817404]",[0.00550585],0.7267701765807689
04,25013,"[-0.22344399 -0.01738709 -0.04430059 -0.03937041  0.00479374 -0.17221438
  0.00674944 -0.01664045 -0.09659949  0.00028573 -0.0256974  -0.0387124
  0.04817404]",[-0.01354062],0.46442724210496
04,25015,"[-0.22344399 -0.01738709 -0.04430059 -0.03937041  0.00479374 -0.17221438
  0.00674944 -0.01664045 -0.09659949  0.00028573 -0.0256974  -0.0387124
  0.04817404]",[0.01301882],0.8302525159394317
04,25017,"[-0.22344399 -0.01738709 -0.04430059 -0.03937041  0.00479374 -0.17221438
  0.00674944 -0.01664045 -0.09659949  0.00028573 -0.0256974  -0.0387124
  0.04817404]",[0.02002935],0.926814365836378
04,25019,"[-0.22344399 -0.01738709 -0.04430059 -0.03937041  0.00479374 -0.17221438
  0.00674944 -0.01664045 -0.09659949  0.00028573 -0.0256974  -0.0387124
  0.04817404]",[-0.31898066],-3.7426521398600934
04,25021,"[-0.22344399 -0.01738709 -0.04430059 -0.03937041  0.00479374 -0.17221438
  0.00674944 -0.01664045 -0.09659949  0.00028573 -0.0256974  -0.0387124
  0.04817404]",[-0.02411889],0.3187240071422606
04,25023,"[-0.22344399 -0.01738709 -0.04430059 -0.03937041  0.00479374 -0.17221438
  0.00674944 -0.01664045 -0.09659949  0.00028573 -0.0256974  -0.0387124
  0.04817404]",[0.01435324],0.848632660008046
04,25025,"[-0.22344399 -0.01738709 -0.04430059 -0.03937041  0.00479374 -0.17221438
  0.00674944 -0.01664045 -0.09659949  0.00028573 -0.0256974  -0.0387124
  0.04817404]",[-0.00512377],0.5803595665971153
04,25027,"[-0.22344399 -0.01738709 -0.04430059 -0.03937041  0.00479374 -0.17221438
  0.00674944 -0.01664045 -0.09659949  0.00028573 -0.0256974  -0.0387124
  0.04817404]",[-0.0093255],0.5224856133933932
04,26001,"[-0.22344399 -0.01738709 -0.04430059 -0.03937041  0.00479374 -0.17221438
  0.00674944 -0.01664045 -0.09659949  0.00028573 -0.0256974  -0.0387124
  0.04817404]",[-0.19303249],-2.007863280869997
04,26005,"[-0.22344399 -0.01738709 -0.04430059 -0.03937041  0.00479374 -0.17221438
  0.00674944 -0.01664045 -0.09659949  0.00028573 -0.0256974  -0.0387124
  0.04817404]",[-0.02134664],0.3569085322340377
04,26007,"[-0.22344399 -0.01738709 -0.04430059 -0.03937041  0.00479374 -0.17221438
  0.00674944 -0.01664045 -0.09659949  0.00028573 -0.0256974  -0.0387124
  0.04817404]",[-0.06917336],-0.3018487038985494
04,26009,"[-0.22344399 -0.01738709 -0.04430059 -0.03937041  0.00479374 -0.17221438
  0.00674944 -0.01664045 -0.09659949  0.00028573 -0.0256974  -0.0387124
  0.04817404]",[-0.19878859],-2.087146939662147
04,26011,"[-0.22344399 -0.01738709 -0.04430059 -0.03937041  0.00479374 -0.17221438
  0.00674944 -0.01664045 -0.09659949  0.00028573 -0.0256974  -0.0387124
  0.04817404]",[-0.16854024],-1.6705112373898372
04,26015,"[-0.22344399 -0.01738709 -0.04430059 -0.03937041  0.00479374 -0.17221438
  0.00674944 -0.01664045 -0.09659949  0.00028573 -0.0256974  -0.0387124
  0.04817404]",[-0.08434609],-0.5108352498347475
04,26017,"[-0.22344399 -0.01738709 -0.04430059 -0.03937041  0.00479374 -0.17221438
  0.00674944 -0.01664045 -0.09659949  0.00028573 -0.0256974  -0.0387124
  0.04817404]",[-0.06090862],-0.1880115290485569
04,26019,"[-0.22344399 -0.01738709 -0.04430059 -0.03937041  0.00479374 -0.17221438
  0.00674944 -0.01664045 -0.09659949  0.00028573 -0.0256974  -0.0387124
  0.04817404]",[-0.22110667],-2.394552279215223
04,26021,"[-0.22344399 -0.01738709 -0.04430059 -0.03937041  0.00479374 -0.17221438
  0.00674944 -0.01664045 -0.09659949  0.00028573 -0.0256974  -0.0387124
  0.04817404]",[-0.05029908],-0.04187746417820067
04,26023,"[-0.22344399 -0.01738709 -0.04430059 -0.03937041  0.00479374 -0.17221438
  0.00674944 -0.01664045 -0.09659949  0.00028573 -0.0256974  -0.0387124
  0.04817404]",[0.00167553],0.674011982888759
04,26025,"[-0.22344399 -0.01738709 -0.04430059 -0.03937041  0.00479374 -0.17221438
  0.00674944 -0.01664045 -0.09659949  0.00028573 -0.0256974  -0.0387124
  0.04817404]",[-0.00122757],0.6340251697373274
04,26027,"[-0.22344399 -0.01738709 -0.04430059 -0.03937041  0.00479374 -0.17221438
  0.00674944 -0.01664045 -0.09659949  0.00028573 -0.0256974  -0.0387124
  0.04817404]",[-0.0701469],-0.31525799486162986
04,26029,"[-0.22344399 -0.01738709 -0.04430059 -0.03937041  0.00479374 -0.17221438
  0.00674944 -0.01664045 -0.09659949  0.00028573 -0.0256974  -0.0387124
  0.04817404]",[-0.10826838],-0.8403367796601572
04,26031,"[-0.22344399 -0.01738709 -0.04430059 -0.03937041  0.00479374 -0.17221438
  0.00674944 -0.01664045 -0.09659949  0.00028573 -0.0256974  -0.0387124
  0.04817404]",[-0.2116669],-2.264530501332831
04,26033,"[-0.22344399 -0.01738709 -0.04430059 -0.03937041  0.00479374 -0.17221438
  0.00674944 -0.01664045 -0.09659949  0.00028573 -0.0256974  -0.0387124
  0.04817404]",[0.18738958],3.2320058652402626
04,26035,"[-0.22344399 -0.01738709 -0.04430059 -0.03937041  0.00479374 -0.17221438
  0.00674944 -0.01664045 -0.09659949  0.00028573 -0.0256974  -0.0387124
  0.04817404]",[-0.15528914],-1.487992867952528
04,26037,"[-0.22344399 -0.01738709 -0.04430059 -0.03937041  0.00479374 -0.17221438
  0.00674944 -0.01664045 -0.09659949  0.00028573 -0.0256974  -0.0387124
  0.04817404]",[-0.05982924],-0.17314436090902915
04,26039,"[-0.22344399 -0.01738709 -0.04430059 -0.03937041  0.00479374 -0.17221438
  0.00674944 -0.01664045 -0.09659949  0.00028573 -0.0256974  -0.0387124
  0.04817404]",[-0.25387556],-2.8459054204129344
04,26041,"[-0.22344399 -0.01738709 -0.04430059 -0.03937041  0.00479374 -0.17221438
  0.00674944 -0.01664045 -0.09659949  0.00028573 -0.0256974  -0.0387124
  0.04817404]",[-0.10777806],-0.8335832448738315
04,26043,"[-0.22344399 -0.01738709 -0.04430059 -0.03937041  0.00479374 -0.17221438
  0.00674944 -0.01664045 -0.09659949  0.00028573 -0.0256974  -0.0387124
  0.04817404]",[-0.20355844],-2.1528460321053466
04,26045,"[-0.22344399 -0.01738709 -0.04430059 -0.03937041  0.00479374 -0.17221438
  0.00674944 -0.01664045 -0.09659949  0.00028573 -0.0256974  -0.0387124
  0.04817404]",[-0.04164941],0.07726162857380027
04,26047,"[-0.22344399 -0.01738709 -0.04430059 -0.03937041  0.00479374 -0.17221438
  0.00674944 -0.01664045 -0.09659949  0.00028573 -0.0256974  -0.0387124
  0.04817404]",[-0.11817055],-0.9767276052926886
04,26049,"[-0.22344399 -0.01738709 -0.04430059 -0.03937041  0.00479374 -0.17221438
  0.00674944 -0.01664045 -0.09659949  0.00028573 -0.0256974  -0.0387124
  0.04817404]",[0.00952574],0.7821394883617102
04,26051,"[-0.22344399 -0.01738709 -0.04430059 -0.03937041  0.00479374 -0.17221438
  0.00674944 -0.01664045 -0.09659949  0.00028573 -0.0256974  -0.0387124
  0.04817404]",[-0.08885801],-0.5729816320796
04,26053,"[-0.22344399 -0.01738709 -0.04430059 -0.03937041  0.00479374 -0.17221438
  0.00674944 -0.01664045 -0.09659949  0.00028573 -0.0256974  -0.0387124
  0.04817404]",[-0.28581914],-3.2858909293462055
04,26055,"[-0.22344399 -0.01738709 -0.04430059 -0.03937041  0.00479374 -0.17221438
  0.00674944 -0.01664045 -0.09659949  0.00028573 -0.0256974  -0.0387124
  0.04817404]",[-0.03517899],0.16638403499043247
04,26057,"[-0.22344399 -0.01738709 -0.04430059 -0.03937041  0.00479374 -0.17221438
  0.00674944 -0.01664045 -0.09659949  0.00028573 -0.0256974  -0.0387124
  0.04817404]",[-0.19993048],-2.1028750143853645
04,26059,"[-0.22344399 -0.01738709 -0.04430059 -0.03937041  0.00479374 -0.17221438
  0.00674944 -0.01664045 -0.09659949  0.00028573 -0.0256974  -0.0387124
  0.04817404]",[-0.06967221],-0.3087196689649622
04,26061,"[-0.22344399 -0.01738709 -0.04430059 -0.03937041  0.00479374 -0.17221438
  0.00674944 -0.01664045 -0.09659949  0.00028573 -0.0256974  -0.0387124
  0.04817404]",[-0.08893188],-0.5739991601667691
04,26063,"[-0.22344399 -0.01738709 -0.04430059 -0.03937041  0.00479374 -0.17221438
  0.00674944 -0.01664045 -0.09659949  0.00028573 -0.0256974  -0.0387124
  0.04817404]",[-0.09499999],-0.6575803368478824
04,26065,"[-0.22344399 -0.01738709 -0.04430059 -0.03937041  0.00479374 -0.17221438
  0.00674944 -0.01664045 -0.09659949  0.00028573 -0.0256974  -0.0387124
  0.04817404]",[0.0126411],0.8250498641183068
04,26067,"[-0.22344399 -0.01738709 -0.04430059 -0.03937041  0.00479374 -0.17221438
  0.00674944 -0.01664045 -0.09659949  0.00028573 -0.0256974  -0.0387124
  0.04817404]",[-0.07856794],-0.431247984818734
04,26069,"[-0.22344399 -0.01738709 -0.04430059 -0.03937041  0.00479374 -0.17221438
  0.00674944 -0.01664045 -0.09659949  0.00028573 -0.0256974  -0.0387124
  0.04817404]",[-0.07229145],-0.34479675604889176
04,26071,"[-0.22344399 -0.01738709 -0.04430059 -0.03937041  0.00479374 -0.17221438
  0.00674944 -0.01664045 -0.09659949  0.00028573 -0.0256974  -0.0387124
  0.04817404]",[-0.14052936],-1.2846940612479916
04,26073,"[-0.22344399 -0.01738709 -0.04430059 -0.03937041  0.00479374 -0.17221438
  0.00674944 -0.01664045 -0.09659949  0.00028573 -0.0256974  -0.0387124
  0.04817404]",[-0.05371466],-0.08892319186796144
04,26075,"[-0.22344399 -0.01738709 -0.04430059 -0.03937041  0.00479374 -0.17221438
  0.00674944 -0.01664045 -0.09659949  0.00028573 -0.0256974  -0.0387124
  0.04817404]",[0.00385436],0.704022859490227
04,26077,"[-0.22344399 -0.01738709 -0.04430059 -0.03937041  0.00479374 -0.17221438
  0.00674944 -0.01664045 -0.09659949  0.00028573 -0.0256974  -0.0387124
  0.04817404]",[0.0058976],0.7321660343362788
04,26079,"[-0.22344399 -0.01738709 -0.04430059 -0.03937041  0.00479374 -0.17221438
  0.00674944 -0.01664045 -0.09659949  0.00028573 -0.0256974  -0.0387124
  0.04817404]",[-0.32779501],-3.8640594912008237
04,26081,"[-0.22344399 -0.01738709 -0.04430059 -0.03937041  0.00479374 -0.17221438
  0.00674944 -0.01664045 -0.09659949  0.00028573 -0.0256974  -0.0387124
  0.04817404]",[0.00644607],0.739720543854456
04,26085,"[-0.22344399 -0.01738709 -0.04430059 -0.03937041  0.00479374 -0.17221438
  0.00674944 -0.01664045 -0.09659949  0.00028573 -0.0256974  -0.0387124
  0.04817404]",[-0.33388251],-3.9479076963861535
04,26087,"[-0.22344399 -0.01738709 -0.04430059 -0.03937041  0.00479374 -0.17221438
  0.00674944 -0.01664045 -0.09659949  0.00028573 -0.0256974  -0.0387124
  0.04817404]",[-0.00088418],0.638754900332009
04,26089,"[-0.22344399 -0.01738709 -0.04430059 -0.03937041  0.00479374 -0.17221438
  0.00674944 -0.01664045 -0.09659949  0.00028573 -0.0256974  -0.0387124
  0.04817404]",[-0.13363449],-1.1897253888873034
04,26091,"[-0.22344399 -0.01738709 -0.04430059 -0.03937041  0.00479374 -0.17221438
  0.00674944 -0.01664045 -0.09659949  0.00028573 -0.0256974  -0.0387124
  0.04817404]",[-0.03943061],0.10782296558783255
04,26093,"[-0.22344399 -0.01738709 -0.04430059 -0.03937041  0.00479374 -0.17221438
  0.00674944 -0.01664045 -0.09659949  0.00028573 -0.0256974  -0.0387124
  0.04817404]",[-0.02107397],0.36066421630985135
04,26097,"[-0.22344399 -0.01738709 -0.04430059 -0.03937041  0.00479374 -0.17221438
  0.00674944 -0.01664045 -0.09659949  0.00028573 -0.0256974  -0.0387124
  0.04817404]",[-0.24912179],-2.7804277870813956
04,26101,"[-0.22344399 -0.01738709 -0.04430059 -0.03937041  0.00479374 -0.17221438
  0.00674944 -0.01664045 -0.09659949  0.00028573 -0.0256974  -0.0387124
  0.04817404]",[-0.16882291],-1.674404678819477
04,26099,"[-0.22344399 -0.01738709 -0.04430059 -0.03937041  0.00479374 -0.17221438
  0.00674944 -0.01664045 -0.09659949  0.00028573 -0.0256974  -0.0387124
  0.04817404]",[-0.00408878],0.594615275520704
04,26103,"[-0.22344399 -0.01738709 -0.04430059 -0.03937041  0.00479374 -0.17221438
  0.00674944 -0.01664045 -0.09659949  0.00028573 -0.0256974  -0.0387124
  0.04817404]",[0.03532553],1.1375013675569585
04,26105,"[-0.22344399 -0.01738709 -0.04430059 -0.03937041  0.00479374 -0.17221438
  0.00674944 -0.01664045 -0.09659949  0.00028573 -0.0256974  -0.0387124
  0.04817404]",[-0.16996998],-1.6902041975019981
04,26107,"[-0.22344399 -0.01738709 -0.04430059 -0.03937041  0.00479374 -0.17221438
  0.00674944 -0.01664045 -0.09659949  0.00028573 -0.0256974  -0.0387124
  0.04817404]",[-0.10691818],-0.8217393850725105
04,26109,"[-0.22344399 -0.01738709 -0.04430059 -0.03937041  0.00479374 -0.17221438
  0.00674944 -0.01664045 -0.09659949  0.00028573 -0.0256974  -0.0387124
  0.04817404]",[-0.07729635],-0.4137333371147588
04,26113,"[-0.22344399 -0.01738709 -0.04430059 -0.03937041  0.00479374 -0.17221438
  0.00674944 -0.01664045 -0.09659949  0.00028573 -0.0256974  -0.0387124
  0.04817404]",[-0.2586788],-2.912064467136282
04,26111,"[-0.22344399 -0.01738709 -0.04430059 -0.03937041  0.00479374 -0.17221438
  0.00674944 -0.01664045 -0.09659949  0.00028573 -0.0256974  -0.0387124
  0.04817404]",[-0.06417314],-0.23297649864987113
04,26115,"[-0.22344399 -0.01738709 -0.04430059 -0.03937041  0.00479374 -0.17221438
  0.00674944 -0.01664045 -0.09659949  0.00028573 -0.0256974  -0.0387124
  0.04817404]",[-0.04179128],0.07530745532695837
04,26117,"[-0.22344399 -0.01738709 -0.04430059 -0.03937041  0.00479374 -0.17221438
  0.00674944 -0.01664045 -0.09659949  0.00028573 -0.0256974  -0.0387124
  0.04817404]",[-0.10804234],-0.8372234467663471
04,26119,"[-0.22344399 -0.01738709 -0.04430059 -0.03937041  0.00479374 -0.17221438
  0.00674944 -0.01664045 -0.09659949  0.00028573 -0.0256974  -0.0387124
  0.04817404]",[-0.23945085],-2.647221998922491
04,26121,"[-0.22344399 -0.01738709 -0.04430059 -0.03937041  0.00479374 -0.17221438
  0.00674944 -0.01664045 -0.09659949  0.00028573 -0.0256974  -0.0387124
  0.04817404]",[-0.03348353],0.18973708810773354
04,26123,"[-0.22344399 -0.01738709 -0.04430059 -0.03937041  0.00479374 -0.17221438
  0.00674944 -0.01664045 -0.09659949  0.00028573 -0.0256974  -0.0387124
  0.04817404]",[-0.12471184],-1.0668263022148823
04,26125,"[-0.22344399 -0.01738709 -0.04430059 -0.03937041  0.00479374 -0.17221438
  0.00674944 -0.01664045 -0.09659949  0.00028573 -0.0256974  -0.0387124
  0.04817404]",[-0.00721494],0.5515561107515409
04,26127,"[-0.22344399 -0.01738709 -0.04430059 -0.03937041  0.00479374 -0.17221438
  0.00674944 -0.01664045 -0.09659949  0.00028573 -0.0256974  -0.0387124
  0.04817404]",[-0.20070137],-2.1134931242718946
04,26129,"[-0.22344399 -0.01738709 -0.04430059 -0.03937041  0.00479374 -0.17221438
  0.00674944 -0.01664045 -0.09659949  0.00028573 -0.0256974  -0.0387124
  0.04817404]",[-0.10311836],-0.7694013291239381
04,26131,"[-0.22344399 -0.01738709 -0.04430059 -0.03937041  0.00479374 -0.17221438
  0.00674944 -0.01664045 -0.09659949  0.00028573 -0.0256974  -0.0387124
  0.04817404]",[-0.31023885],-3.6222438454360097
04,26135,"[-0.22344399 -0.01738709 -0.04430059 -0.03937041  0.00479374 -0.17221438
  0.00674944 -0.01664045 -0.09659949  0.00028573 -0.0256974  -0.0387124
  0.04817404]",[-0.32804141],-3.867453367929849
04,26133,"[-0.22344399 -0.01738709 -0.04430059 -0.03937041  0.00479374 -0.17221438
  0.00674944 -0.01664045 -0.09659949  0.00028573 -0.0256974  -0.0387124
  0.04817404]",[-0.18251822],-1.8630415506468139
04,26137,"[-0.22344399 -0.01738709 -0.04430059 -0.03937041  0.00479374 -0.17221438
  0.00674944 -0.01664045 -0.09659949  0.00028573 -0.0256974  -0.0387124
  0.04817404]",[-0.15606163],-1.4986330061823427
04,26139,"[-0.22344399 -0.01738709 -0.04430059 -0.03937041  0.00479374 -0.17221438
  0.00674944 -0.01664045 -0.09659949  0.00028573 -0.0256974  -0.0387124
  0.04817404]",[0.00499355],0.7197138057847775
04,26141,"[-0.22344399 -0.01738709 -0.04430059 -0.03937041  0.00479374 -0.17221438
  0.00674944 -0.01664045 -0.09659949  0.00028573 -0.0256974  -0.0387124
  0.04817404]",[-0.22075568],-2.3897178948054316
04,26143,"[-0.22344399 -0.01738709 -0.04430059 -0.03937041  0.00479374 -0.17221438
  0.00674944 -0.01664045 -0.09659949  0.00028573 -0.0256974  -0.0387124
  0.04817404]",[-0.11059297],-0.8723553271099392
04,26145,"[-0.22344399 -0.01738709 -0.04430059 -0.03937041  0.00479374 -0.17221438
  0.00674944 -0.01664045 -0.09659949  0.00028573 -0.0256974  -0.0387124
  0.04817404]",[-0.00361491],0.6011423035308371
04,26147,"[-0.22344399 -0.01738709 -0.04430059 -0.03937041  0.00479374 -0.17221438
  0.00674944 -0.01664045 -0.09659949  0.00028573 -0.0256974  -0.0387124
  0.04817404]",[0.00021342],0.6538731321821108
04,26149,"[-0.22344399 -0.01738709 -0.04430059 -0.03937041  0.00479374 -0.17221438
  0.00674944 -0.01664045 -0.09659949  0.00028573 -0.0256974  -0.0387124
  0.04817404]",[0.06190599],1.5036161433749196
04,26151,"[-0.22344399 -0.01738709 -0.04430059 -0.03937041  0.00479374 -0.17221438
  0.00674944 -0.01664045 -0.09659949  0.00028573 -0.0256974  -0.0387124
  0.04817404]",[-0.10592478],-0.8080564242607545
04,26155,"[-0.22344399 -0.01738709 -0.04430059 -0.03937041  0.00479374 -0.17221438
  0.00674944 -0.01664045 -0.09659949  0.00028573 -0.0256974  -0.0387124
  0.04817404]",[0.00368497],0.7016897041568205
04,26157,"[-0.22344399 -0.01738709 -0.04430059 -0.03937041  0.00479374 -0.17221438
  0.00674944 -0.01664045 -0.09659949  0.00028573 -0.0256974  -0.0387124
  0.04817404]",[-0.06662767],-0.2667847263717042
04,26159,"[-0.22344399 -0.01738709 -0.04430059 -0.03937041  0.00479374 -0.17221438
  0.00674944 -0.01664045 -0.09659949  0.00028573 -0.0256974  -0.0387124
  0.04817404]",[0.05684057],1.4338459232589116
04,26161,"[-0.22344399 -0.01738709 -0.04430059 -0.03937041  0.00479374 -0.17221438
  0.00674944 -0.01664045 -0.09659949  0.00028573 -0.0256974  -0.0387124
  0.04817404]",[0.01202953],0.8166262274277558
04,26163,"[-0.22344399 -0.01738709 -0.04430059 -0.03937041  0.00479374 -0.17221438
  0.00674944 -0.01664045 -0.09659949  0.00028573 -0.0256974  -0.0387124
  0.04817404]",[0.0125272],0.8234810672203943
04,26165,"[-0.22344399 -0.01738709 -0.04430059 -0.03937041  0.00479374 -0.17221438
  0.00674944 -0.01664045 -0.09659949  0.00028573 -0.0256974  -0.0387124
  0.04817404]",[-0.24438401],-2.7151704486876795
04,27001,"[-0.22344399 -0.01738709 -0.04430059 -0.03937041  0.00479374 -0.17221438
  0.00674944 -0.01664045 -0.09659949  0.00028573 -0.0256974  -0.0387124
  0.04817404]",[-0.26243194],-2.9637595436567277
04,27003,"[-0.22344399 -0.01738709 -0.04430059 -0.03937041  0.00479374 -0.17221438
  0.00674944 -0.01664045 -0.09659949  0.00028573 -0.0256974  -0.0387124
  0.04817404]",[-0.00928575],0.5230332045934488
04,27005,"[-0.22344399 -0.01738709 -0.04430059 -0.03937041  0.00479374 -0.17221438
  0.00674944 -0.01664045 -0.09659949  0.00028573 -0.0256974  -0.0387124
  0.04817404]",[-0.13113297],-1.1552698382364488
04,27007,"[-0.22344399 -0.01738709 -0.04430059 -0.03937041  0.00479374 -0.17221438
  0.00674944 -0.01664045 -0.09659949  0.00028573 -0.0256974  -0.0387124
  0.04817404]",[-0.15984994],-1.550812474885648
04,27009,"[-0.22344399 -0.01738709 -0.04430059 -0.03937041  0.00479374 -0.17221438
  0.00674944 -0.01664045 -0.09659949  0.00028573 -0.0256974  -0.0387124
  0.04817404]",[-0.18577478],-1.90789679315405
04,27013,"[-0.22344399 -0.01738709 -0.04430059 -0.03937041  0.00479374 -0.17221438
  0.00674944 -0.01664045 -0.09659949  0.00028573 -0.0256974  -0.0387124
  0.04817404]",[-0.05410318],-0.09427450703400948
04,27015,"[-0.22344399 -0.01738709 -0.04430059 -0.03937041  0.00479374 -0.17221438
  0.00674944 -0.01664045 -0.09659949  0.00028573 -0.0256974  -0.0387124
  0.04817404]",[-0.22806691],-2.4904214825859405
04,27017,"[-0.22344399 -0.01738709 -0.04430059 -0.03937041  0.00479374 -0.17221438
  0.00674944 -0.01664045 -0.09659949  0.00028573 -0.0256974  -0.0387124
  0.04817404]",[-0.25203999],-2.820622673241549
04,27019,"[-0.22344399 -0.01738709 -0.04430059 -0.03937041  0.00479374 -0.17221438
  0.00674944 -0.01664045 -0.09659949  0.00028573 -0.0256974  -0.0387124
  0.04817404]",[-0.05845991],-0.15428334906369257
04,27021,"[-0.22344399 -0.01738709 -0.04430059 -0.03937041  0.00479374 -0.17221438
  0.00674944 -0.01664045 -0.09659949  0.00028573 -0.0256974  -0.0387124
  0.04817404]",[-0.07779476],-0.4205984018892755
04,27023,"[-0.22344399 -0.01738709 -0.04430059 -0.03937041  0.00479374 -0.17221438
  0.00674944 -0.01664045 -0.09659949  0.00028573 -0.0256974  -0.0387124
  0.04817404]",[-0.38339012],-4.629817114909893
04,27025,"[-0.22344399 -0.01738709 -0.04430059 -0.03937041  0.00479374 -0.17221438
  0.00674944 -0.01664045 -0.09659949  0.00028573 -0.0256974  -0.0387124
  0.04817404]",[-0.0438122],0.04747166577059041
04,27027,"[-0.22344399 -0.01738709 -0.04430059 -0.03937041  0.00479374 -0.17221438
  0.00674944 -0.01664045 -0.09659949  0.00028573 -0.0256974  -0.0387124
  0.04817404]",[-0.07283092],-0.35222724938367694
04,27033,"[-0.22344399 -0.01738709 -0.04430059 -0.03937041  0.00479374 -0.17221438
  0.00674944 -0.01664045 -0.09659949  0.00028573 -0.0256974  -0.0387124
  0.04817404]",[-0.10431433],-0.7858744210900764
04,27035,"[-0.22344399 -0.01738709 -0.04430059 -0.03937041  0.00479374 -0.17221438
  0.00674944 -0.01664045 -0.09659949  0.00028573 -0.0256974  -0.0387124
  0.04817404]",[-0.10949764],-0.8572684495443589
04,27037,"[-0.22344399 -0.01738709 -0.04430059 -0.03937041  0.00479374 -0.17221438
  0.00674944 -0.01664045 -0.09659949  0.00028573 -0.0256974  -0.0387124
  0.04817404]",[0.00737292],0.7524868510080865
04,27039,"[-0.22344399 -0.01738709 -0.04430059 -0.03937041  0.00479374 -0.17221438
  0.00674944 -0.01664045 -0.09659949  0.00028573 -0.0256974  -0.0387124
  0.04817404]",[-0.17807027],-1.8017762880028492
04,27041,"[-0.22344399 -0.01738709 -0.04430059 -0.03937041  0.00479374 -0.17221438
  0.00674944 -0.01664045 -0.09659949  0.00028573 -0.0256974  -0.0387124
  0.04817404]",[-0.10485007],-0.7932535860196791
04,27043,"[-0.22344399 -0.01738709 -0.04430059 -0.03937041  0.00479374 -0.17221438
  0.00674944 -0.01664045 -0.09659949  0.00028573 -0.0256974  -0.0387124
  0.04817404]",[-0.29707526],-3.4409308336103424
04,27045,"[-0.22344399 -0.01738709 -0.04430059 -0.03937041  0.00479374 -0.17221438
  0.00674944 -0.01664045 -0.09659949  0.00028573 -0.0256974  -0.0387124
  0.04817404]",[-0.11506417],-0.9339409613979047
04,27047,"[-0.22344399 -0.01738709 -0.04430059 -0.03937041  0.00479374 -0.17221438
  0.00674944 -0.01664045 -0.09659949  0.00028573 -0.0256974  -0.0387124
  0.04817404]",[-0.16426113],-1.6115714746273009
04,27049,"[-0.22344399 -0.01738709 -0.04430059 -0.03937041  0.00479374 -0.17221438
  0.00674944 -0.01664045 -0.09659949  0.00028573 -0.0256974  -0.0387124
  0.04817404]",[-0.09181691],-0.61373712856352
04,27053,"[-0.22344399 -0.01738709 -0.04430059 -0.03937041  0.00479374 -0.17221438
  0.00674944 -0.01664045 -0.09659949  0.00028573 -0.0256974  -0.0387124
  0.04817404]",[-0.00457225],0.5879560624002247
04,27055,"[-0.22344399 -0.01738709 -0.04430059 -0.03937041  0.00479374 -0.17221438
  0.00674944 -0.01664045 -0.09659949  0.00028573 -0.0256974  -0.0387124
  0.04817404]",[-0.27325424],-3.112824113148083
04,27059,"[-0.22344399 -0.01738709 -0.04430059 -0.03937041  0.00479374 -0.17221438
  0.00674944 -0.01664045 -0.09659949  0.00028573 -0.0256974  -0.0387124
  0.04817404]",[-0.10158744],-0.7483146894660611
04,27057,"[-0.22344399 -0.01738709 -0.04430059 -0.03937041  0.00479374 -0.17221438
  0.00674944 -0.01664045 -0.09659949  0.00028573 -0.0256974  -0.0387124
  0.04817404]",[-0.24996221],-2.7920035880370353
04,27061,"[-0.22344399 -0.01738709 -0.04430059 -0.03937041  0.00479374 -0.17221438
  0.00674944 -0.01664045 -0.09659949  0.00028573 -0.0256974  -0.0387124
  0.04817404]",[-0.17567026],-1.7687189792211675
04,27063,"[-0.22344399 -0.01738709 -0.04430059 -0.03937041  0.00479374 -0.17221438
  0.00674944 -0.01664045 -0.09659949  0.00028573 -0.0256974  -0.0387124
  0.04817404]",[-0.38364654],-4.633348974618064
04,27065,"[-0.22344399 -0.01738709 -0.04430059 -0.03937041  0.00479374 -0.17221438
  0.00674944 -0.01664045 -0.09659949  0.00028573 -0.0256974  -0.0387124
  0.04817404]",[-0.33741797],-3.9966045464875406
04,27071,"[-0.22344399 -0.01738709 -0.04430059 -0.03937041  0.00479374 -0.17221438
  0.00674944 -0.01664045 -0.09659949  0.00028573 -0.0256974  -0.0387124
  0.04817404]",[-0.54107636],-6.801760663815451
04,27067,"[-0.22344399 -0.01738709 -0.04430059 -0.03937041  0.00479374 -0.17221438
  0.00674944 -0.01664045 -0.09659949  0.00028573 -0.0256974  -0.0387124
  0.04817404]",[0.02319122],0.9703654448600372
04,27079,"[-0.22344399 -0.01738709 -0.04430059 -0.03937041  0.00479374 -0.17221438
  0.00674944 -0.01664045 -0.09659949  0.00028573 -0.0256974  -0.0387124
  0.04817404]",[-0.20412133],-2.160599079420424
04,27083,"[-0.22344399 -0.01738709 -0.04430059 -0.03937041  0.00479374 -0.17221438
  0.00674944 -0.01664045 -0.09659949  0.00028573 -0.0256974  -0.0387124
  0.04817404]",[-0.12807619],-1.1131662123098542
04,27085,"[-0.22344399 -0.01738709 -0.04430059 -0.03937041  0.00479374 -0.17221438
  0.00674944 -0.01664045 -0.09659949  0.00028573 -0.0256974  -0.0387124
  0.04817404]",[0.02798837],1.0364405979237894
04,27089,"[-0.22344399 -0.01738709 -0.04430059 -0.03937041  0.00479374 -0.17221438
  0.00674944 -0.01664045 -0.09659949  0.00028573 -0.0256974  -0.0387124
  0.04817404]",[-0.19881909],-2.0875669637038876
04,27091,"[-0.22344399 -0.01738709 -0.04430059 -0.03937041  0.00479374 -0.17221438
  0.00674944 -0.01664045 -0.09659949  0.00028573 -0.0256974  -0.0387124
  0.04817404]",[-0.09273584],-0.6263942986946648
04,27095,"[-0.22344399 -0.01738709 -0.04430059 -0.03937041  0.00479374 -0.17221438
  0.00674944 -0.01664045 -0.09659949  0.00028573 -0.0256974  -0.0387124
  0.04817404]",[-0.18779918],-1.9357806152975434
04,27093,"[-0.22344399 -0.01738709 -0.04430059 -0.03937041  0.00479374 -0.17221438
  0.00674944 -0.01664045 -0.09659949  0.00028573 -0.0256974  -0.0387124
  0.04817404]",[-0.00959169],0.5188191757762914
04,27097,"[-0.22344399 -0.01738709 -0.04430059 -0.03937041  0.00479374 -0.17221438
  0.00674944 -0.01664045 -0.09659949  0.00028573 -0.0256974  -0.0387124
  0.04817404]",[0.15318203],2.760836849546821
04,27099,"[-0.22344399 -0.01738709 -0.04430059 -0.03937041  0.00479374 -0.17221438
  0.00674944 -0.01664045 -0.09659949  0.00028573 -0.0256974  -0.0387124
  0.04817404]",[0.04783968],1.3098691133020128
04,27105,"[-0.22344399 -0.01738709 -0.04430059 -0.03937041  0.00479374 -0.17221438
  0.00674944 -0.01664045 -0.09659949  0.00028573 -0.0256974  -0.0387124
  0.04817404]",[0.02253202],0.961285767450162
04,27103,"[-0.22344399 -0.01738709 -0.04430059 -0.03937041  0.00479374 -0.17221438
  0.00674944 -0.01664045 -0.09659949  0.00028573 -0.0256974  -0.0387124
  0.04817404]",[-0.05491715],-0.10548609200724766
04,27109,"[-0.22344399 -0.01738709 -0.04430059 -0.03937041  0.00479374 -0.17221438
  0.00674944 -0.01664045 -0.09659949  0.00028573 -0.0256974  -0.0387124
  0.04817404]",[-0.0186171],0.394504670476675
04,27111,"[-0.22344399 -0.01738709 -0.04430059 -0.03937041  0.00479374 -0.17221438
  0.00674944 -0.01664045 -0.09659949  0.00028573 -0.0256974  -0.0387124
  0.04817404]",[-0.07675443],-0.40626897547071095
04,27113,"[-0.22344399 -0.01738709 -0.04430059 -0.03937041  0.00479374 -0.17221438
  0.00674944 -0.01664045 -0.09659949  0.00028573 -0.0256974  -0.0387124
  0.04817404]",[-0.13671732],-1.2321876466651405
04,27115,"[-0.22344399 -0.01738709 -0.04430059 -0.03937041  0.00479374 -0.17221438
  0.00674944 -0.01664045 -0.09659949  0.00028573 -0.0256974  -0.0387124
  0.04817404]",[-0.22227739],-2.4106776088690953
04,27117,"[-0.22344399 -0.01738709 -0.04430059 -0.03937041  0.00479374 -0.17221438
  0.00674944 -0.01664045 -0.09659949  0.00028573 -0.0256974  -0.0387124
  0.04817404]",[-0.09624417],-0.674717407368169
04,27121,"[-0.22344399 -0.01738709 -0.04430059 -0.03937041  0.00479374 -0.17221438
  0.00674944 -0.01664045 -0.09659949  0.00028573 -0.0256974  -0.0387124
  0.04817404]",[-0.30076372],-3.4917350579450455
04,27119,"[-0.22344399 -0.01738709 -0.04430059 -0.03937041  0.00479374 -0.17221438
  0.00674944 -0.01664045 -0.09659949  0.00028573 -0.0256974  -0.0387124
  0.04817404]",[0.03484462],1.1308773432163275
04,27123,"[-0.22344399 -0.01738709 -0.04430059 -0.03937041  0.00479374 -0.17221438
  0.00674944 -0.01664045 -0.09659949  0.00028573 -0.0256974  -0.0387124
  0.04817404]",[0.00729721],0.7514440047709858
04,27127,"[-0.22344399 -0.01738709 -0.04430059 -0.03937041  0.00479374 -0.17221438
  0.00674944 -0.01664045 -0.09659949  0.00028573 -0.0256974  -0.0387124
  0.04817404]",[-0.1293923],-1.1312940810645318
04,27129,"[-0.22344399 -0.01738709 -0.04430059 -0.03937041  0.00479374 -0.17221438
  0.00674944 -0.01664045 -0.09659949  0.00028573 -0.0256974  -0.0387124
  0.04817404]",[-0.22630018],-2.4660868472592647
04,27131,"[-0.22344399 -0.01738709 -0.04430059 -0.03937041  0.00479374 -0.17221438
  0.00674944 -0.01664045 -0.09659949  0.00028573 -0.0256974  -0.0387124
  0.04817404]",[-0.00377487],0.5989391242937615
04,27135,"[-0.22344399 -0.01738709 -0.04430059 -0.03937041  0.00479374 -0.17221438
  0.00674944 -0.01664045 -0.09659949  0.00028573 -0.0256974  -0.0387124
  0.04817404]",[-0.1804478],-1.8345239928325716
04,27137,"[-0.22344399 -0.01738709 -0.04430059 -0.03937041  0.00479374 -0.17221438
  0.00674944 -0.01664045 -0.09659949  0.00028573 -0.0256974  -0.0387124
  0.04817404]",[0.00869719],0.7707271848190238
04,27139,"[-0.22344399 -0.01738709 -0.04430059 -0.03937041  0.00479374 -0.17221438
  0.00674944 -0.01664045 -0.09659949  0.00028573 -0.0256974  -0.0387124
  0.04817404]",[0.01695705],0.8844970358457785
04,27141,"[-0.22344399 -0.01738709 -0.04430059 -0.03937041  0.00479374 -0.17221438
  0.00674944 -0.01664045 -0.09659949  0.00028573 -0.0256974  -0.0387124
  0.04817404]",[-0.13029501],-1.1437278818911978
04,27143,"[-0.22344399 -0.01738709 -0.04430059 -0.03937041  0.00479374 -0.17221438
  0.00674944 -0.01664045 -0.09659949  0.00028573 -0.0256974  -0.0387124
  0.04817404]",[-0.35759242],-4.274483912213263
04,27145,"[-0.22344399 -0.01738709 -0.04430059 -0.03937041  0.00479374 -0.17221438
  0.00674944 -0.01664045 -0.09659949  0.00028573 -0.0256974  -0.0387124
  0.04817404]",[-0.02315474],0.33200399761177257
04,27147,"[-0.22344399 -0.01738709 -0.04430059 -0.03937041  0.00479374 -0.17221438
  0.00674944 -0.01664045 -0.09659949  0.00028573 -0.0256974  -0.0387124
  0.04817404]",[-0.1905959],-1.9743021667105123
04,27151,"[-0.22344399 -0.01738709 -0.04430059 -0.03937041  0.00479374 -0.17221438
  0.00674944 -0.01664045 -0.09659949  0.00028573 -0.0256974  -0.0387124
  0.04817404]",[-0.21041887],-2.2473404345199826
04,27153,"[-0.22344399 -0.01738709 -0.04430059 -0.03937041  0.00479374 -0.17221438
  0.00674944 -0.01664045 -0.09659949  0.00028573 -0.0256974  -0.0387124
  0.04817404]",[-0.1111565],-0.880117376859857
04,27157,"[-0.22344399 -0.01738709 -0.04430059 -0.03937041  0.00479374 -0.17221438
  0.00674944 -0.01664045 -0.09659949  0.00028573 -0.0256974  -0.0387124
  0.04817404]",[-0.1308579],-1.1514810837856595
04,27161,"[-0.22344399 -0.01738709 -0.04430059 -0.03937041  0.00479374 -0.17221438
  0.00674944 -0.01664045 -0.09659949  0.00028573 -0.0256974  -0.0387124
  0.04817404]",[-0.23950607],-2.6479825397843255
04,27163,"[-0.22344399 -0.01738709 -0.04430059 -0.03937041  0.00479374 -0.17221438
  0.00674944 -0.01664045 -0.09659949  0.00028573 -0.0256974  -0.0387124
  0.04817404]",[0.05986917],1.4755612518656394
04,27169,"[-0.22344399 -0.01738709 -0.04430059 -0.03937041  0.00479374 -0.17221438
  0.00674944 -0.01664045 -0.09659949  0.00028573 -0.0256974  -0.0387124
  0.04817404]",[-0.09161492],-0.6109549277812087
04,27171,"[-0.22344399 -0.01738709 -0.04430059 -0.03937041  0.00479374 -0.17221438
  0.00674944 -0.01664045 -0.09659949  0.00028573 -0.0256974  -0.0387124
  0.04817404]",[-0.0702994],-0.3173585357748631
04,27173,"[-0.22344399 -0.01738709 -0.04430059 -0.03937041  0.00479374 -0.17221438
  0.00674944 -0.01664045 -0.09659949  0.00028573 -0.0256974  -0.0387124
  0.04817404]",[-0.32675416],-3.849723007908301
04,28001,"[-0.22344399 -0.01738709 -0.04430059 -0.03937041  0.00479374 -0.17221438
  0.00674944 -0.01664045 -0.09659949  0.00028573 -0.0256974  -0.0387124
  0.04817404]",[-0.05682702],-0.13179226118186183
04,28007,"[-0.22344399 -0.01738709 -0.04430059 -0.03937041  0.00479374 -0.17221438
  0.00674944 -0.01664045 -0.09659949  0.00028573 -0.0256974  -0.0387124
  0.04817404]",[0.04573959],1.2809428488055026
04,28003,"[-0.22344399 -0.01738709 -0.04430059 -0.03937041  0.00479374 -0.17221438
  0.00674944 -0.01664045 -0.09659949  0.00028573 -0.0256974  -0.0387124
  0.04817404]",[-0.21535098],-2.3152744655157727
04,28011,"[-0.22344399 -0.01738709 -0.04430059 -0.03937041  0.00479374 -0.17221438
  0.00674944 -0.01664045 -0.09659949  0.00028573 -0.0256974  -0.0387124
  0.04817404]",[-0.23406069],-2.572978845151512
04,28013,"[-0.22344399 -0.01738709 -0.04430059 -0.03937041  0.00479374 -0.17221438
  0.00674944 -0.01664045 -0.09659949  0.00028573 -0.0256974  -0.0387124
  0.04817404]",[-0.35508743],-4.2399806151947255
04,28017,"[-0.22344399 -0.01738709 -0.04430059 -0.03937041  0.00479374 -0.17221438
  0.00674944 -0.01664045 -0.09659949  0.00028573 -0.0256974  -0.0387124
  0.04817404]",[-0.20565392],-2.1817087091325877
04,28023,"[-0.22344399 -0.01738709 -0.04430059 -0.03937041  0.00479374 -0.17221438
  0.00674944 -0.01664045 -0.09659949  0.00028573 -0.0256974  -0.0387124
  0.04817404]",[-0.35205059],-4.198151729541008
04,28025,"[-0.22344399 -0.01738709 -0.04430059 -0.03937041  0.00479374 -0.17221438
  0.00674944 -0.01664045 -0.09659949  0.00028573 -0.0256974  -0.0387124
  0.04817404]",[-0.15490961],-1.4827652124346498
04,28027,"[-0.22344399 -0.01738709 -0.04430059 -0.03937041  0.00479374 -0.17221438
  0.00674944 -0.01664045 -0.09659949  0.00028573 -0.0256974  -0.0387124
  0.04817404]",[-0.13333761],-1.1856361642263864
04,28029,"[-0.22344399 -0.01738709 -0.04430059 -0.03937041  0.00479374 -0.17221438
  0.00674944 -0.01664045 -0.09659949  0.00028573 -0.0256974  -0.0387124
  0.04817404]",[-0.03470971],0.17284789447090357
04,28031,"[-0.22344399 -0.01738709 -0.04430059 -0.03937041  0.00479374 -0.17221438
  0.00674944 -0.01664045 -0.09659949  0.00028573 -0.0256974  -0.0387124
  0.04817404]",[-0.25818403],-2.9052496313112135
04,28033,"[-0.22344399 -0.01738709 -0.04430059 -0.03937041  0.00479374 -0.17221438
  0.00674944 -0.01664045 -0.09659949  0.00028573 -0.0256974  -0.0387124
  0.04817404]",[-0.03104267],0.22335704102287268
04,28035,"[-0.22344399 -0.01738709 -0.04430059 -0.03937041  0.00479374 -0.17221438
  0.00674944 -0.01664045 -0.09659949  0.00028573 -0.0256974  -0.0387124
  0.04817404]",[-0.05145253],-0.05776489623371838
04,28039,"[-0.22344399 -0.01738709 -0.04430059 -0.03937041  0.00479374 -0.17221438
  0.00674944 -0.01664045 -0.09659949  0.00028573 -0.0256974  -0.0387124
  0.04817404]",[-0.25863971],-2.911526079754143
04,28043,"[-0.22344399 -0.01738709 -0.04430059 -0.03937041  0.00479374 -0.17221438
  0.00674944 -0.01664045 -0.09659949  0.00028573 -0.0256974  -0.0387124
  0.04817404]",[-0.24611004],-2.73894455443312
04,28045,"[-0.22344399 -0.01738709 -0.04430059 -0.03937041  0.00479374 -0.17221438
  0.00674944 -0.01664045 -0.09659949  0.00028573 -0.0256974  -0.0387124
  0.04817404]",[-0.17542573],-1.7653507652196678
04,28047,"[-0.22344399 -0.01738709 -0.04430059 -0.03937041  0.00479374 -0.17221438
  0.00674944 -0.01664045 -0.09659949  0.00028573 -0.0256974  -0.0387124
  0.04817404]",[-0.01217042],0.4833001558795256
04,28049,"[-0.22344399 -0.01738709 -0.04430059 -0.03937041  0.00479374 -0.17221438
  0.00674944 -0.01664045 -0.09659949  0.00028573 -0.0256974  -0.0387124
  0.04817404]",[0.00844712],0.7672827393354357
04,28051,"[-0.22344399 -0.01738709 -0.04430059 -0.03937041  0.00479374 -0.17221438
  0.00674944 -0.01664045 -0.09659949  0.00028573 -0.0256974  -0.0387124
  0.04817404]",[-0.33712491],-3.9925679616971435
04,28057,"[-0.22344399 -0.01738709 -0.04430059 -0.03937041  0.00479374 -0.17221438
  0.00674944 -0.01664045 -0.09659949  0.00028573 -0.0256974  -0.0387124
  0.04817404]",[-0.21620014],-2.3269705896366064
04,28059,"[-0.22344399 -0.01738709 -0.04430059 -0.03937041  0.00479374 -0.17221438
  0.00674944 -0.01664045 -0.09659949  0.00028573 -0.0256974  -0.0387124
  0.04817404]",[-0.01657175],0.42267697077215866
04,28061,"[-0.22344399 -0.01738709 -0.04430059 -0.03937041  0.00479374 -0.17221438
  0.00674944 -0.01664045 -0.09659949  0.00028573 -0.0256974  -0.0387124
  0.04817404]",[-0.24306374],-2.696985364108139
04,28067,"[-0.22344399 -0.01738709 -0.04430059 -0.03937041  0.00479374 -0.17221438
  0.00674944 -0.01664045 -0.09659949  0.00028573 -0.0256974  -0.0387124
  0.04817404]",[-0.13941836],-1.269391396643278
04,28071,"[-0.22344399 -0.01738709 -0.04430059 -0.03937041  0.00479374 -0.17221438
  0.00674944 -0.01664045 -0.09659949  0.00028573 -0.0256974  -0.0387124
  0.04817404]",[-0.08259814],-0.486759286273824
04,28073,"[-0.22344399 -0.01738709 -0.04430059 -0.03937041  0.00479374 -0.17221438
  0.00674944 -0.01664045 -0.09659949  0.00028573 -0.0256974  -0.0387124
  0.04817404]",[-0.1559729],-1.4974108237360675
04,28075,"[-0.22344399 -0.01738709 -0.04430059 -0.03937041  0.00479374 -0.17221438
  0.00674944 -0.01664045 -0.09659949  0.00028573 -0.0256974  -0.0387124
  0.04817404]",[-0.06101629],-0.18949460314219818
04,28079,"[-0.22344399 -0.01738709 -0.04430059 -0.03937041  0.00479374 -0.17221438
  0.00674944 -0.01664045 -0.09659949  0.00028573 -0.0256974  -0.0387124
  0.04817404]",[-0.31030801],-3.6231964172304805
04,28081,"[-0.22344399 -0.01738709 -0.04430059 -0.03937041  0.00479374 -0.17221438
  0.00674944 -0.01664045 -0.09659949  0.00028573 -0.0256974  -0.0387124
  0.04817404]",[-0.08570643],-0.5295723209254442
04,28083,"[-0.22344399 -0.01738709 -0.04430059 -0.03937041  0.00479374 -0.17221438
  0.00674944 -0.01664045 -0.09659949  0.00028573 -0.0256974  -0.0387124
  0.04817404]",[-0.22069447],-2.388874705354637
04,28085,"[-0.22344399 -0.01738709 -0.04430059 -0.03937041  0.00479374 -0.17221438
  0.00674944 -0.01664045 -0.09659949  0.00028573 -0.0256974  -0.0387124
  0.04817404]",[-0.14667102],-1.3692882936366215
04,28087,"[-0.22344399 -0.01738709 -0.04430059 -0.03937041  0.00479374 -0.17221438
  0.00674944 -0.01664045 -0.09659949  0.00028573 -0.0256974  -0.0387124
  0.04817404]",[-0.08734344],-0.5521202526720503
04,28089,"[-0.22344399 -0.01738709 -0.04430059 -0.03937041  0.00479374 -0.17221438
  0.00674944 -0.01664045 -0.09659949  0.00028573 -0.0256974  -0.0387124
  0.04817404]",[0.17458886],3.0556908750057965
04,28091,"[-0.22344399 -0.01738709 -0.04430059 -0.03937041  0.00479374 -0.17221438
  0.00674944 -0.01664045 -0.09659949  0.00028573 -0.0256974  -0.0387124
  0.04817404]",[-0.19234647],-1.9984142279872554
04,28093,"[-0.22344399 -0.01738709 -0.04430059 -0.03937041  0.00479374 -0.17221438
  0.00674944 -0.01664045 -0.09659949  0.00028573 -0.0256974  -0.0387124
  0.04817404]",[-0.26098721],-2.9438600898123184
04,28095,"[-0.22344399 -0.01738709 -0.04430059 -0.03937041  0.00479374 -0.17221438
  0.00674944 -0.01664045 -0.09659949  0.00028573 -0.0256974  -0.0387124
  0.04817404]",[-0.20337596],-2.150332473023645
04,28099,"[-0.22344399 -0.01738709 -0.04430059 -0.03937041  0.00479374 -0.17221438
  0.00674944 -0.01664045 -0.09659949  0.00028573 -0.0256974  -0.0387124
  0.04817404]",[-0.30032241],-3.4856565853381083
04,28101,"[-0.22344399 -0.01738709 -0.04430059 -0.03937041  0.00479374 -0.17221438
  0.00674944 -0.01664045 -0.09659949  0.00028573 -0.0256974  -0.0387124
  0.04817404]",[0.00485762],0.7178415029887212
04,28105,"[-0.22344399 -0.01738709 -0.04430059 -0.03937041  0.00479374 -0.17221438
  0.00674944 -0.01664045 -0.09659949  0.00028573 -0.0256974  -0.0387124
  0.04817404]",[-0.14402632],-1.332860614438417
04,28107,"[-0.22344399 -0.01738709 -0.04430059 -0.03937041  0.00479374 -0.17221438
  0.00674944 -0.01664045 -0.09659949  0.00028573 -0.0256974  -0.0387124
  0.04817404]",[-0.149238],-1.4046454142645817
04,28109,"[-0.22344399 -0.01738709 -0.04430059 -0.03937041  0.00479374 -0.17221438
  0.00674944 -0.01664045 -0.09659949  0.00028573 -0.0256974  -0.0387124
  0.04817404]",[-0.02872674],0.2552562094608536
04,28113,"[-0.22344399 -0.01738709 -0.04430059 -0.03937041  0.00479374 -0.17221438
  0.00674944 -0.01664045 -0.09659949  0.00028573 -0.0256974  -0.0387124
  0.04817404]",[-0.20880568],-2.2251206046803955
04,28115,"[-0.22344399 -0.01738709 -0.04430059 -0.03937041  0.00479374 -0.17221438
  0.00674944 -0.01664045 -0.09659949  0.00028573 -0.0256974  -0.0387124
  0.04817404]",[-0.1352581],-1.2120886909903401
04,28117,"[-0.22344399 -0.01738709 -0.04430059 -0.03937041  0.00479374 -0.17221438
  0.00674944 -0.01664045 -0.09659949  0.00028573 -0.0256974  -0.0387124
  0.04817404]",[-0.35921021],-4.29676703939345
04,28121,"[-0.22344399 -0.01738709 -0.04430059 -0.03937041  0.00479374 -0.17221438
  0.00674944 -0.01664045 -0.09659949  0.00028573 -0.0256974  -0.0387124
  0.04817404]",[-0.06438704],-0.23592273439664332
04,28123,"[-0.22344399 -0.01738709 -0.04430059 -0.03937041  0.00479374 -0.17221438
  0.00674944 -0.01664045 -0.09659949  0.00028573 -0.0256974  -0.0387124
  0.04817404]",[-0.0609176],-0.18813526313629325
04,28127,"[-0.22344399 -0.01738709 -0.04430059 -0.03937041  0.00479374 -0.17221438
  0.00674944 -0.01664045 -0.09659949  0.00028573 -0.0256974  -0.0387124
  0.04817404]",[-0.18222786],-1.8590421425624626
04,28133,"[-0.22344399 -0.01738709 -0.04430059 -0.03937041  0.00479374 -0.17221438
  0.00674944 -0.01664045 -0.09659949  0.00028573 -0.0256974  -0.0387124
  0.04817404]",[-0.13562451],-1.2171355164392867
04,28135,"[-0.22344399 -0.01738709 -0.04430059 -0.03937041  0.00479374 -0.17221438
  0.00674944 -0.01664045 -0.09659949  0.00028573 -0.0256974  -0.0387124
  0.04817404]",[-0.6474762],-8.267294058487378
04,28137,"[-0.22344399 -0.01738709 -0.04430059 -0.03937041  0.00479374 -0.17221438
  0.00674944 -0.01664045 -0.09659949  0.00028573 -0.0256974  -0.0387124
  0.04817404]",[-0.17035936],-1.6955675233310208
04,28139,"[-0.22344399 -0.01738709 -0.04430059 -0.03937041  0.00479374 -0.17221438
  0.00674944 -0.01664045 -0.09659949  0.00028573 -0.0256974  -0.0387124
  0.04817404]",[-0.19058743],-1.974185529122413
04,28141,"[-0.22344399 -0.01738709 -0.04430059 -0.03937041  0.00479374 -0.17221438
  0.00674944 -0.01664045 -0.09659949  0.00028573 -0.0256974  -0.0387124
  0.04817404]",[-0.46044007],-5.691090089797295
04,28149,"[-0.22344399 -0.01738709 -0.04430059 -0.03937041  0.00479374 -0.17221438
  0.00674944 -0.01664045 -0.09659949  0.00028573 -0.0256974  -0.0387124
  0.04817404]",[-0.10819204],-0.83928528834806
04,28145,"[-0.22344399 -0.01738709 -0.04430059 -0.03937041  0.00479374 -0.17221438
  0.00674944 -0.01664045 -0.09659949  0.00028573 -0.0256974  -0.0387124
  0.04817404]",[-0.10776318],-0.8333783140017363
04,28151,"[-0.22344399 -0.01738709 -0.04430059 -0.03937041  0.00479374 -0.17221438
  0.00674944 -0.01664045 -0.09659949  0.00028573 -0.0256974  -0.0387124
  0.04817404]",[-0.00997574],0.5135293724018768
04,28153,"[-0.22344399 -0.01738709 -0.04430059 -0.03937041  0.00479374 -0.17221438
  0.00674944 -0.01664045 -0.09659949  0.00028573 -0.0256974  -0.0387124
  0.04817404]",[-0.45950922],-5.678268624397546
04,28159,"[-0.22344399 -0.01738709 -0.04430059 -0.03937041  0.00479374 -0.17221438
  0.00674944 -0.01664045 -0.09659949  0.00028573 -0.0256974  -0.0387124
  0.04817404]",[-0.13118093],-1.1559303528567428
04,29001,"[-0.22344399 -0.01738709 -0.04430059 -0.03937041  0.00479374 -0.17221438
  0.00674944 -0.01664045 -0.09659949  0.00028573 -0.0256974  -0.0387124
  0.04817404]",[-0.06865574],-0.29471897811314596
04,28163,"[-0.22344399 -0.01738709 -0.04430059 -0.03937041  0.00479374 -0.17221438
  0.00674944 -0.01664045 -0.09659949  0.00028573 -0.0256974  -0.0387124
  0.04817404]",[-0.01535401],0.43945001711505843
04,29003,"[-0.22344399 -0.01738709 -0.04430059 -0.03937041  0.00479374 -0.17221438
  0.00674944 -0.01664045 -0.09659949  0.00028573 -0.0256974  -0.0387124
  0.04817404]",[-0.32340815],-3.803635631003046
04,29007,"[-0.22344399 -0.01738709 -0.04430059 -0.03937041  0.00479374 -0.17221438
  0.00674944 -0.01664045 -0.09659949  0.00028573 -0.0256974  -0.0387124
  0.04817404]",[-0.08729981],-0.5515193642498977
04,29009,"[-0.22344399 -0.01738709 -0.04430059 -0.03937041  0.00479374 -0.17221438
  0.00674944 -0.01664045 -0.09659949  0.00028573 -0.0256974  -0.0387124
  0.04817404]",[-0.13179623],-1.1644054521338727
04,29013,"[-0.22344399 -0.01738709 -0.04430059 -0.03937041  0.00479374 -0.17221438
  0.00674944 -0.01664045 -0.09659949  0.00028573 -0.0256974  -0.0387124
  0.04817404]",[-0.26706198],-3.027532926339936
04,29015,"[-0.22344399 -0.01738709 -0.04430059 -0.03937041  0.00479374 -0.17221438
  0.00674944 -0.01664045 -0.09659949  0.00028573 -0.0256974  -0.0387124
  0.04817404]",[-0.11278856],-0.9025970619183002
04,29019,"[-0.22344399 -0.01738709 -0.04430059 -0.03937041  0.00479374 -0.17221438
  0.00674944 -0.01664045 -0.09659949  0.00028573 -0.0256974  -0.0387124
  0.04817404]",[-0.00469167],0.5863112865921372
04,29021,"[-0.22344399 -0.01738709 -0.04430059 -0.03937041  0.00479374 -0.17221438
  0.00674944 -0.01664045 -0.09659949  0.00028573 -0.0256974  -0.0387124
  0.04817404]",[-0.04969878],-0.03360907574808625
04,29023,"[-0.22344399 -0.01738709 -0.04430059 -0.03937041  0.00479374 -0.17221438
  0.00674944 -0.01664045 -0.09659949  0.00028573 -0.0256974  -0.0387124
  0.04817404]",[-0.13049586],-1.146494329864322
04,29027,"[-0.22344399 -0.01738709 -0.04430059 -0.03937041  0.00479374 -0.17221438
  0.00674944 -0.01664045 -0.09659949  0.00028573 -0.0256974  -0.0387124
  0.04817404]",[-0.12082171],-1.013244211000376
04,29029,"[-0.22344399 -0.01738709 -0.04430059 -0.03937041  0.00479374 -0.17221438
  0.00674944 -0.01664045 -0.09659949  0.00028573 -0.0256974  -0.0387124
  0.04817404]",[-0.07953565],-0.44457708932703194
04,29031,"[-0.22344399 -0.01738709 -0.04430059 -0.03937041  0.00479374 -0.17221438
  0.00674944 -0.01664045 -0.09659949  0.00028573 -0.0256974  -0.0387124
  0.04817404]",[-0.0691506],-0.3015351004512576
04,29037,"[-0.22344399 -0.01738709 -0.04430059 -0.03937041  0.00479374 -0.17221438
  0.00674944 -0.01664045 -0.09659949  0.00028573 -0.0256974  -0.0387124
  0.04817404]",[-0.13191902],-1.1660967768847026
04,29043,"[-0.22344399 -0.01738709 -0.04430059 -0.03937041  0.00479374 -0.17221438
  0.00674944 -0.01664045 -0.09659949  0.00028573 -0.0256974  -0.0387124
  0.04817404]",[-0.13042723],-1.1455490474160963
04,29049,"[-0.22344399 -0.01738709 -0.04430059 -0.03937041  0.00479374 -0.17221438
  0.00674944 -0.01664045 -0.09659949  0.00028573 -0.0256974  -0.0387124
  0.04817404]",[-0.25069244],-2.802061659726297
04,29047,"[-0.22344399 -0.01738709 -0.04430059 -0.03937041  0.00479374 -0.17221438
  0.00674944 -0.01664045 -0.09659949  0.00028573 -0.0256974  -0.0387124
  0.04817404]",[0.02307684],0.9687900011366322
04,29051,"[-0.22344399 -0.01738709 -0.04430059 -0.03937041  0.00479374 -0.17221438
  0.00674944 -0.01664045 -0.09659949  0.00028573 -0.0256974  -0.0387124
  0.04817404]",[0.02177241],0.9508229863901083
04,29053,"[-0.22344399 -0.01738709 -0.04430059 -0.03937041  0.00479374 -0.17221438
  0.00674944 -0.01664045 -0.09659949  0.00028573 -0.0256974  -0.0387124
  0.04817404]",[-0.35204095],-4.198018968842675
04,29065,"[-0.22344399 -0.01738709 -0.04430059 -0.03937041  0.00479374 -0.17221438
  0.00674944 -0.01664045 -0.09659949  0.00028573 -0.0256974  -0.0387124
  0.04817404]",[-0.49082991],-6.109674534275935
04,29055,"[-0.22344399 -0.01738709 -0.04430059 -0.03937041  0.00479374 -0.17221438
  0.00674944 -0.01664045 -0.09659949  0.00028573 -0.0256974  -0.0387124
  0.04817404]",[-0.18481923],-1.894735237547878
04,29069,"[-0.22344399 -0.01738709 -0.04430059 -0.03937041  0.00479374 -0.17221438
  0.00674944 -0.01664045 -0.09659949  0.00028573 -0.0256974  -0.0387124
  0.04817404]",[-0.21233055],-2.2736714832841467
04,29071,"[-0.22344399 -0.01738709 -0.04430059 -0.03937041  0.00479374 -0.17221438
  0.00674944 -0.01664045 -0.09659949  0.00028573 -0.0256974  -0.0387124
  0.04817404]",[0.13082113],2.4528416188651683
04,29073,"[-0.22344399 -0.01738709 -0.04430059 -0.03937041  0.00479374 -0.17221438
  0.00674944 -0.01664045 -0.09659949  0.00028573 -0.0256974  -0.0387124
  0.04817404]",[-0.22717197],-2.478094713061651
04,29077,"[-0.22344399 -0.01738709 -0.04430059 -0.03937041  0.00479374 -0.17221438
  0.00674944 -0.01664045 -0.09659949  0.00028573 -0.0256974  -0.0387124
  0.04817404]",[0.01211639],0.8178226651644229
04,29079,"[-0.22344399 -0.01738709 -0.04430059 -0.03937041  0.00479374 -0.17221438
  0.00674944 -0.01664045 -0.09659949  0.00028573 -0.0256974  -0.0387124
  0.04817404]",[-0.33788864],-4.003087343544127
04,29083,"[-0.22344399 -0.01738709 -0.04430059 -0.03937041  0.00479374 -0.17221438
  0.00674944 -0.01664045 -0.09659949  0.00028573 -0.0256974  -0.0387124
  0.04817404]",[-0.10781618],-0.834108310666427
04,29091,"[-0.22344399 -0.01738709 -0.04430059 -0.03937041  0.00479374 -0.17221438
  0.00674944 -0.01664045 -0.09659949  0.00028573 -0.0256974  -0.0387124
  0.04817404]",[-0.1936802],-2.016784803144056
04,29093,"[-0.22344399 -0.01738709 -0.04430059 -0.03937041  0.00479374 -0.17221438
  0.00674944 -0.01664045 -0.09659949  0.00028573 -0.0256974  -0.0387124
  0.04817404]",[-0.19193463],-1.9927415414886378
04,29095,"[-0.22344399 -0.01738709 -0.04430059 -0.03937041  0.00479374 -0.17221438
  0.00674944 -0.01664045 -0.09659949  0.00028573 -0.0256974  -0.0387124
  0.04817404]",[0.02405347],0.9822418982763864
04,29097,"[-0.22344399 -0.01738709 -0.04430059 -0.03937041  0.00479374 -0.17221438
  0.00674944 -0.01664045 -0.09659949  0.00028573 -0.0256974  -0.0387124
  0.04817404]",[0.03163242],1.0866331308280675
04,29099,"[-0.22344399 -0.01738709 -0.04430059 -0.03937041  0.00479374 -0.17221438
  0.00674944 -0.01664045 -0.09659949  0.00028573 -0.0256974  -0.0387124
  0.04817404]",[-0.01920174],0.38645203907617104
04,29101,"[-0.22344399 -0.01738709 -0.04430059 -0.03937041  0.00479374 -0.17221438
  0.00674944 -0.01664045 -0.09659949  0.00028573 -0.0256974  -0.0387124
  0.04817404]",[-0.17910237],-1.8159921996082933
04,29105,"[-0.22344399 -0.01738709 -0.04430059 -0.03937041  0.00479374 -0.17221438
  0.00674944 -0.01664045 -0.09659949  0.00028573 -0.0256974  -0.0387124
  0.04817404]",[-0.1826684],-1.8651100658587443
04,29107,"[-0.22344399 -0.01738709 -0.04430059 -0.03937041  0.00479374 -0.17221438
  0.00674944 -0.01664045 -0.09659949  0.00028573 -0.0256974  -0.0387124
  0.04817404]",[-0.17115997],-1.7065949729179883
04,29109,"[-0.22344399 -0.01738709 -0.04430059 -0.03937041  0.00479374 -0.17221438
  0.00674944 -0.01664045 -0.09659949  0.00028573 -0.0256974  -0.0387124
  0.04817404]",[0.19798301],3.377917994069183
04,29111,"[-0.22344399 -0.01738709 -0.04430059 -0.03937041  0.00479374 -0.17221438
  0.00674944 -0.01664045 -0.09659949  0.00028573 -0.0256974  -0.0387124
  0.04817404]",[-0.31539388],-3.6932483566386716
04,29113,"[-0.22344399 -0.01738709 -0.04430059 -0.03937041  0.00479374 -0.17221438
  0.00674944 -0.01664045 -0.09659949  0.00028573 -0.0256974  -0.0387124
  0.04817404]",[-0.22512249],-2.449865547966591
04,29115,"[-0.22344399 -0.01738709 -0.04430059 -0.03937041  0.00479374 -0.17221438
  0.00674944 -0.01664045 -0.09659949  0.00028573 -0.0256974  -0.0387124
  0.04817404]",[-0.20294372],-2.1443789293732274
04,29117,"[-0.22344399 -0.01738709 -0.04430059 -0.03937041  0.00479374 -0.17221438
  0.00674944 -0.01664045 -0.09659949  0.00028573 -0.0256974  -0.0387124
  0.04817404]",[-0.31542556],-3.6936847379094035
04,29119,"[-0.22344399 -0.01738709 -0.04430059 -0.03937041  0.00479374 -0.17221438
  0.00674944 -0.01664045 -0.09659949  0.00028573 -0.0256974  -0.0387124
  0.04817404]",[-0.44670495],-5.5019047889111885
04,29121,"[-0.22344399 -0.01738709 -0.04430059 -0.03937041  0.00479374 -0.17221438
  0.00674944 -0.01664045 -0.09659949  0.00028573 -0.0256974  -0.0387124
  0.04817404]",[-0.11256263],-0.8994851012196178
04,29127,"[-0.22344399 -0.01738709 -0.04430059 -0.03937041  0.00479374 -0.17221438
  0.00674944 -0.01664045 -0.09659949  0.00028573 -0.0256974  -0.0387124
  0.04817404]",[-0.0534853],-0.0857640333527975
04,29131,"[-0.22344399 -0.01738709 -0.04430059 -0.03937041  0.00479374 -0.17221438
  0.00674944 -0.01664045 -0.09659949  0.00028573 -0.0256974  -0.0387124
  0.04817404]",[-0.33890604],-4.017100871795887
04,29133,"[-0.22344399 -0.01738709 -0.04430059 -0.03937041  0.00479374 -0.17221438
  0.00674944 -0.01664045 -0.09659949  0.00028573 -0.0256974  -0.0387124
  0.04817404]",[-0.40707473],-4.956044837558001
04,29135,"[-0.22344399 -0.01738709 -0.04430059 -0.03937041  0.00479374 -0.17221438
  0.00674944 -0.01664045 -0.09659949  0.00028573 -0.0256974  -0.0387124
  0.04817404]",[-0.31174457],-3.6429833986019737
04,29139,"[-0.22344399 -0.01738709 -0.04430059 -0.03937041  0.00479374 -0.17221438
  0.00674944 -0.01664045 -0.09659949  0.00028573 -0.0256974  -0.0387124
  0.04817404]",[-0.40192383],-4.8850972659888185
04,29141,"[-0.22344399 -0.01738709 -0.04430059 -0.03937041  0.00479374 -0.17221438
  0.00674944 -0.01664045 -0.09659949  0.00028573 -0.0256974  -0.0387124
  0.04817404]",[-0.34418638],-4.089831421099488
04,29143,"[-0.22344399 -0.01738709 -0.04430059 -0.03937041  0.00479374 -0.17221438
  0.00674944 -0.01664045 -0.09659949  0.00028573 -0.0256974  -0.0387124
  0.04817404]",[-0.0601552],-0.1776340574322951
04,29145,"[-0.22344399 -0.01738709 -0.04430059 -0.03937041  0.00479374 -0.17221438
  0.00674944 -0.01664045 -0.09659949  0.00028573 -0.0256974  -0.0387124
  0.04817404]",[-0.05737936],-0.1394001297440188
04,29147,"[-0.22344399 -0.01738709 -0.04430059 -0.03937041  0.00479374 -0.17221438
  0.00674944 -0.01664045 -0.09659949  0.00028573 -0.0256974  -0.0387124
  0.04817404]",[-0.35338008],-4.216463878123139
04,29151,"[-0.22344399 -0.01738709 -0.04430059 -0.03937041  0.00479374 -0.17221438
  0.00674944 -0.01664045 -0.09659949  0.00028573 -0.0256974  -0.0387124
  0.04817404]",[-0.36610109],-4.391680967755937
04,29155,"[-0.22344399 -0.01738709 -0.04430059 -0.03937041  0.00479374 -0.17221438
  0.00674944 -0.01664045 -0.09659949  0.00028573 -0.0256974  -0.0387124
  0.04817404]",[-0.33841234],-4.010300723291325
04,29157,"[-0.22344399 -0.01738709 -0.04430059 -0.03937041  0.00479374 -0.17221438
  0.00674944 -0.01664045 -0.09659949  0.00028573 -0.0256974  -0.0387124
  0.04817404]",[-0.40534178],-4.932175515363672
04,29159,"[-0.22344399 -0.01738709 -0.04430059 -0.03937041  0.00479374 -0.17221438
  0.00674944 -0.01664045 -0.09659949  0.00028573 -0.0256974  -0.0387124
  0.04817404]",[-0.05294977],-0.0783877301840514
04,29161,"[-0.22344399 -0.01738709 -0.04430059 -0.03937041  0.00479374 -0.17221438
  0.00674944 -0.01664045 -0.09659949  0.00028573 -0.0256974  -0.0387124
  0.04817404]",[-0.10022602],-0.7295627101838813
04,29163,"[-0.22344399 -0.01738709 -0.04430059 -0.03937041  0.00479374 -0.17221438
  0.00674944 -0.01664045 -0.09659949  0.00028573 -0.0256974  -0.0387124
  0.04817404]",[-0.14551223],-1.3533273135631967
04,29165,"[-0.22344399 -0.01738709 -0.04430059 -0.03937041  0.00479374 -0.17221438
  0.00674944 -0.01664045 -0.09659949  0.00028573 -0.0256974  -0.0387124
  0.04817404]",[-0.03466031],0.17352824475233553
04,29167,"[-0.22344399 -0.01738709 -0.04430059 -0.03937041  0.00479374 -0.17221438
  0.00674944 -0.01664045 -0.09659949  0.00028573 -0.0256974  -0.0387124
  0.04817404]",[-0.47101818],-5.83679116556072
04,29169,"[-0.22344399 -0.01738709 -0.04430059 -0.03937041  0.00479374 -0.17221438
  0.00674944 -0.01664045 -0.09659949  0.00028573 -0.0256974  -0.0387124
  0.04817404]",[-0.1818536],-1.8538872120871845
04,29175,"[-0.22344399 -0.01738709 -0.04430059 -0.03937041  0.00479374 -0.17221438
  0.00674944 -0.01664045 -0.09659949  0.00028573 -0.0256974  -0.0387124
  0.04817404]",[-0.00294001],0.6104383473313394
04,29177,"[-0.22344399 -0.01738709 -0.04430059 -0.03937041  0.00479374 -0.17221438
  0.00674944 -0.01664045 -0.09659949  0.00028573 -0.0256974  -0.0387124
  0.04817404]",[-0.3186636],-3.7382849852480664
04,29181,"[-0.22344399 -0.01738709 -0.04430059 -0.03937041  0.00479374 -0.17221438
  0.00674944 -0.01664045 -0.09659949  0.00028573 -0.0256974  -0.0387124
  0.04817404]",[-0.30646041],-3.570200272981372
04,29183,"[-0.22344399 -0.01738709 -0.04430059 -0.03937041  0.00479374 -0.17221438
  0.00674944 -0.01664045 -0.09659949  0.00028573 -0.0256974  -0.0387124
  0.04817404]",[-0.0028355],0.6118777482441392
04,29186,"[-0.22344399 -0.01738709 -0.04430059 -0.03937041  0.00479374 -0.17221438
  0.00674944 -0.01664045 -0.09659949  0.00028573 -0.0256974  -0.0387124
  0.04817404]",[-0.39875199],-4.841408944451872
04,29187,"[-0.22344399 -0.01738709 -0.04430059 -0.03937041  0.00479374 -0.17221438
  0.00674944 -0.01664045 -0.09659949  0.00028573 -0.0256974  -0.0387124
  0.04817404]",[-0.00353771],0.6022056678364474
04,29189,"[-0.22344399 -0.01738709 -0.04430059 -0.03937041  0.00479374 -0.17221438
  0.00674944 -0.01664045 -0.09659949  0.00028573 -0.0256974  -0.0387124
  0.04817404]",[-0.00131446],0.6328284126377167
04,29195,"[-0.22344399 -0.01738709 -0.04430059 -0.03937041  0.00479374 -0.17221438
  0.00674944 -0.01664045 -0.09659949  0.00028573 -0.0256974  -0.0387124
  0.04817404]",[-0.10282515],-0.7653627187750511
04,29201,"[-0.22344399 -0.01738709 -0.04430059 -0.03937041  0.00479374 -0.17221438
  0.00674944 -0.01664045 -0.09659949  0.00028573 -0.0256974  -0.0387124
  0.04817404]",[-0.17806905],-1.8017594799649053
04,29207,"[-0.22344399 -0.01738709 -0.04430059 -0.03937041  0.00479374 -0.17221438
  0.00674944 -0.01664045 -0.09659949  0.00028573 -0.0256974  -0.0387124
  0.04817404]",[-0.0002228],0.6478646889994462
04,29209,"[-0.22344399 -0.01738709 -0.04430059 -0.03937041  0.00479374 -0.17221438
  0.00674944 -0.01664045 -0.09659949  0.00028573 -0.0256974  -0.0387124
  0.04817404]",[-0.15061638],-1.423631014408394
04,29213,"[-0.22344399 -0.01738709 -0.04430059 -0.03937041  0.00479374 -0.17221438
  0.00674944 -0.01664045 -0.09659949  0.00028573 -0.0256974  -0.0387124
  0.04817404]",[-0.10911353],-0.8519778467708297
04,29215,"[-0.22344399 -0.01738709 -0.04430059 -0.03937041  0.00479374 -0.17221438
  0.00674944 -0.01664045 -0.09659949  0.00028573 -0.0256974  -0.0387124
  0.04817404]",[-0.34057237],-4.040052605312693
04,29217,"[-0.22344399 -0.01738709 -0.04430059 -0.03937041  0.00479374 -0.17221438
  0.00674944 -0.01664045 -0.09659949  0.00028573 -0.0256974  -0.0387124
  0.04817404]",[-0.09951922],-0.7198273840896546
04,29221,"[-0.22344399 -0.01738709 -0.04430059 -0.03937041  0.00479374 -0.17221438
  0.00674944 -0.01664045 -0.09659949  0.00028573 -0.0256974  -0.0387124
  0.04817404]",[-0.28936344],-3.334709496424576
04,29219,"[-0.22344399 -0.01738709 -0.04430059 -0.03937041  0.00479374 -0.17221438
  0.00674944 -0.01664045 -0.09659949  0.00028573 -0.0256974  -0.0387124
  0.04817404]",[-0.23936262],-2.646006738273416
04,29223,"[-0.22344399 -0.01738709 -0.04430059 -0.03937041  0.00479374 -0.17221438
  0.00674944 -0.01664045 -0.09659949  0.00028573 -0.0256974  -0.0387124
  0.04817404]",[-0.29342773],-3.390690392964549
04,29225,"[-0.22344399 -0.01738709 -0.04430059 -0.03937041  0.00479374 -0.17221438
  0.00674944 -0.01664045 -0.09659949  0.00028573 -0.0256974  -0.0387124
  0.04817404]",[-0.05084703],-0.049424866879152665
04,29229,"[-0.22344399 -0.01738709 -0.04430059 -0.03937041  0.00479374 -0.17221438
  0.00674944 -0.01664045 -0.09659949  0.00028573 -0.0256974  -0.0387124
  0.04817404]",[-0.16813953],-1.664991892785197
04,29510,"[-0.22344399 -0.01738709 -0.04430059 -0.03937041  0.00479374 -0.17221438
  0.00674944 -0.01664045 -0.09659949  0.00028573 -0.0256974  -0.0387124
  0.04817404]",[0.00232894],0.6830118877695807
04,30003,"[-0.22344399 -0.01738709 -0.04430059 -0.03937041  0.00479374 -0.17221438
  0.00674944 -0.01664045 -0.09659949  0.00028573 -0.0256974  -0.0387124
  0.04817404]",[-0.19548561],-2.041652206344294
04,30005,"[-0.22344399 -0.01738709 -0.04430059 -0.03937041  0.00479374 -0.17221438
  0.00674944 -0.01664045 -0.09659949  0.00028573 -0.0256974  -0.0387124
  0.04817404]",[-0.24797617],-2.764648287691287
04,30009,"[-0.22344399 -0.01738709 -0.04430059 -0.03937041  0.00479374 -0.17221438
  0.00674944 -0.01664045 -0.09659949  0.00028573 -0.0256974  -0.0387124
  0.04817404]",[-0.36613896],-4.392202525335758
04,30013,"[-0.22344399 -0.01738709 -0.04430059 -0.03937041  0.00479374 -0.17221438
  0.00674944 -0.01664045 -0.09659949  0.00028573 -0.0256974  -0.0387124
  0.04817404]",[-0.0351446],0.1668577698907432
04,30017,"[-0.22344399 -0.01738709 -0.04430059 -0.03937041  0.00479374 -0.17221438
  0.00674944 -0.01664045 -0.09659949  0.00028573 -0.0256974  -0.0387124
  0.04817404]",[-0.16227466],-1.5842101520328378
04,30029,"[-0.22344399 -0.01738709 -0.04430059 -0.03937041  0.00479374 -0.17221438
  0.00674944 -0.01664045 -0.09659949  0.00028573 -0.0256974  -0.0387124
  0.04817404]",[-0.04574177],0.020894112972620938
04,30031,"[-0.22344399 -0.01738709 -0.04430059 -0.03937041  0.00479374 -0.17221438
  0.00674944 -0.01664045 -0.09659949  0.00028573 -0.0256974  -0.0387124
  0.04817404]",[-0.06344879],-0.22299934081684303
04,30035,"[-0.22344399 -0.01738709 -0.04430059 -0.03937041  0.00479374 -0.17221438
  0.00674944 -0.01664045 -0.09659949  0.00028573 -0.0256974  -0.0387124
  0.04817404]",[-0.22728252],-2.4796174839454306
04,30041,"[-0.22344399 -0.01738709 -0.04430059 -0.03937041  0.00479374 -0.17221438
  0.00674944 -0.01664045 -0.09659949  0.00028573 -0.0256974  -0.0387124
  0.04817404]",[-0.06712644],-0.27365477233064367
04,30047,"[-0.22344399 -0.01738709 -0.04430059 -0.03937041  0.00479374 -0.17221438
  0.00674944 -0.01664045 -0.09659949  0.00028573 -0.0256974  -0.0387124
  0.04817404]",[-0.1977238],-2.072480665796577
04,30049,"[-0.22344399 -0.01738709 -0.04430059 -0.03937041  0.00479374 -0.17221438
  0.00674944 -0.01664045 -0.09659949  0.00028573 -0.0256974  -0.0387124
  0.04817404]",[-0.03478158],0.17185789791048173
04,30053,"[-0.22344399 -0.01738709 -0.04430059 -0.03937041  0.00479374 -0.17221438
  0.00674944 -0.01664045 -0.09659949  0.00028573 -0.0256974  -0.0387124
  0.04817404]",[-0.31966597],-3.7520913893407246
04,30063,"[-0.22344399 -0.01738709 -0.04430059 -0.03937041  0.00479374 -0.17221438
  0.00674944 -0.01664045 -0.09659949  0.00028573 -0.0256974  -0.0387124
  0.04817404]",[-0.03972926],0.10370945185449738
04,30067,"[-0.22344399 -0.01738709 -0.04430059 -0.03937041  0.00479374 -0.17221438
  0.00674944 -0.01664045 -0.09659949  0.00028573 -0.0256974  -0.0387124
  0.04817404]",[-0.2471407],-2.753140612966897
04,30081,"[-0.22344399 -0.01738709 -0.04430059 -0.03937041  0.00479374 -0.17221438
  0.00674944 -0.01664045 -0.09659949  0.00028573 -0.0256974  -0.0387124
  0.04817404]",[-0.07333867],-0.3592208758891827
04,30087,"[-0.22344399 -0.01738709 -0.04430059 -0.03937041  0.00479374 -0.17221438
  0.00674944 -0.01664045 -0.09659949  0.00028573 -0.0256974  -0.0387124
  0.04817404]",[-0.44811919],-5.521384386211497
04,30083,"[-0.22344399 -0.01738709 -0.04430059 -0.03937041  0.00479374 -0.17221438
  0.00674944 -0.01664045 -0.09659949  0.00028573 -0.0256974  -0.0387124
  0.04817404]",[-0.14727471],-1.3776033666703
04,30093,"[-0.22344399 -0.01738709 -0.04430059 -0.03937041  0.00479374 -0.17221438
  0.00674944 -0.01664045 -0.09659949  0.00028573 -0.0256974  -0.0387124
  0.04817404]",[-0.17582368],-1.7708321508794767
04,30111,"[-0.22344399 -0.01738709 -0.04430059 -0.03937041  0.00479374 -0.17221438
  0.00674944 -0.01664045 -0.09659949  0.00028573 -0.0256974  -0.0387124
  0.04817404]",[-0.00124063],0.6338452207913818
04,31001,"[-0.22344399 -0.01738709 -0.04430059 -0.03937041  0.00479374 -0.17221438
  0.00674944 -0.01664045 -0.09659949  0.00028573 -0.0256974  -0.0387124
  0.04817404]",[-0.12226233],-1.0330871282490213
04,31019,"[-0.22344399 -0.01738709 -0.04430059 -0.03937041  0.00479374 -0.17221438
  0.00674944 -0.01664045 -0.09659949  0.00028573 -0.0256974  -0.0387124
  0.04817404]",[-0.09641321],-0.6770457062717369
04,31025,"[-0.22344399 -0.01738709 -0.04430059 -0.03937041  0.00479374 -0.17221438
  0.00674944 -0.01664045 -0.09659949  0.00028573 -0.0256974  -0.0387124
  0.04817404]",[-0.19773893],-2.0726889899964203
04,31041,"[-0.22344399 -0.01738709 -0.04430059 -0.03937041  0.00479374 -0.17221438
  0.00674944 -0.01664045 -0.09659949  0.00028573 -0.0256974  -0.0387124
  0.04817404]",[-0.35450292],-4.231929682543911
04,31043,"[-0.22344399 -0.01738709 -0.04430059 -0.03937041  0.00479374 -0.17221438
  0.00674944 -0.01664045 -0.09659949  0.00028573 -0.0256974  -0.0387124
  0.04817404]",[-0.2908028],-3.354535071001363
04,31053,"[-0.22344399 -0.01738709 -0.04430059 -0.03937041  0.00479374 -0.17221438
  0.00674944 -0.01664045 -0.09659949  0.00028573 -0.0256974  -0.0387124
  0.04817404]",[-0.03864002],0.11871242024297257
04,31047,"[-0.22344399 -0.01738709 -0.04430059 -0.03937041  0.00479374 -0.17221438
  0.00674944 -0.01664045 -0.09659949  0.00028573 -0.0256974  -0.0387124
  0.04817404]",[-0.13206801],-1.16814886765695
04,31055,"[-0.22344399 -0.01738709 -0.04430059 -0.03937041  0.00479374 -0.17221438
  0.00674944 -0.01664045 -0.09659949  0.00028573 -0.0256974  -0.0387124
  0.04817404]",[0.01513096],0.8593447532498213
04,31067,"[-0.22344399 -0.01738709 -0.04430059 -0.03937041  0.00479374 -0.17221438
  0.00674944 -0.01664045 -0.09659949  0.00028573 -0.0256974  -0.0387124
  0.04817404]",[-0.18471713],-1.8933290316253437
04,31079,"[-0.22344399 -0.01738709 -0.04430059 -0.03937041  0.00479374 -0.17221438
  0.00674944 -0.01664045 -0.09659949  0.00028573 -0.0256974  -0.0387124
  0.04817404]",[-0.05052718],-0.0450193624977017
04,31089,"[-0.22344399 -0.01738709 -0.04430059 -0.03937041  0.00479374 -0.17221438
  0.00674944 -0.01664045 -0.09659949  0.00028573 -0.0256974  -0.0387124
  0.04817404]",[-0.32345998],-3.804349429888567
04,31109,"[-0.22344399 -0.01738709 -0.04430059 -0.03937041  0.00479374 -0.17221438
  0.00674944 -0.01664045 -0.09659949  0.00028573 -0.0256974  -0.0387124
  0.04817404]",[0.00793365],0.7602103026908084
04,31111,"[-0.22344399 -0.01738709 -0.04430059 -0.03937041  0.00479374 -0.17221438
  0.00674944 -0.01664045 -0.09659949  0.00028573 -0.0256974  -0.0387124
  0.04817404]",[-0.21185515],-2.2671234196199137
04,31119,"[-0.22344399 -0.01738709 -0.04430059 -0.03937041  0.00479374 -0.17221438
  0.00674944 -0.01664045 -0.09659949  0.00028573 -0.0256974  -0.0387124
  0.04817404]",[-0.10964481],-0.8592955543583446
04,31131,"[-0.22344399 -0.01738709 -0.04430059 -0.03937041  0.00479374 -0.17221438
  0.00674944 -0.01664045 -0.09659949  0.00028573 -0.0256974  -0.0387124
  0.04817404]",[0.20814322],3.51786296378949
04,31151,"[-0.22344399 -0.01738709 -0.04430059 -0.03937041  0.00479374 -0.17221438
  0.00674944 -0.01664045 -0.09659949  0.00028573 -0.0256974  -0.0387124
  0.04817404]",[-0.26238102],-2.9630582482576355
04,31141,"[-0.22344399 -0.01738709 -0.04430059 -0.03937041  0.00479374 -0.17221438
  0.00674944 -0.01664045 -0.09659949  0.00028573 -0.0256974  -0.0387124
  0.04817404]",[-0.20589643],-2.1850490538272207
04,31155,"[-0.22344399 -0.01738709 -0.04430059 -0.03937041  0.00479374 -0.17221438
  0.00674944 -0.01664045 -0.09659949  0.00028573 -0.0256974  -0.0387124
  0.04817404]",[-0.20183735],-2.1291399182266577
04,31153,"[-0.22344399 -0.01738709 -0.04430059 -0.03937041  0.00479374 -0.17221438
  0.00674944 -0.01664045 -0.09659949  0.00028573 -0.0256974  -0.0387124
  0.04817404]",[-0.00394719],0.5965656081360455
04,31157,"[-0.22344399 -0.01738709 -0.04430059 -0.03937041  0.00479374 -0.17221438
  0.00674944 -0.01664045 -0.09659949  0.00028573 -0.0256974  -0.0387124
  0.04817404]",[-0.0965597],-0.6790634511517424
04,31159,"[-0.22344399 -0.01738709 -0.04430059 -0.03937041  0.00479374 -0.17221438
  0.00674944 -0.01664045 -0.09659949  0.00028573 -0.0256974  -0.0387124
  0.04817404]",[-0.41940501],-5.12588002026967
04,31185,"[-0.22344399 -0.01738709 -0.04430059 -0.03937041  0.00479374 -0.17221438
  0.00674944 -0.01664045 -0.09659949  0.00028573 -0.0256974  -0.0387124
  0.04817404]",[-0.25519736],-2.8641117548095223
04,31177,"[-0.22344399 -0.01738709 -0.04430059 -0.03937041  0.00479374 -0.17221438
  0.00674944 -0.01664045 -0.09659949  0.00028573 -0.0256974  -0.0387124
  0.04817404]",[-0.30107596],-3.4960358464971817
04,32001,"[-0.22344399 -0.01738709 -0.04430059 -0.03937041  0.00479374 -0.17221438
  0.00674944 -0.01664045 -0.09659949  0.00028573 -0.0256974  -0.0387124
  0.04817404]",[-0.17530926],-1.7637465957856553
04,32003,"[-0.22344399 -0.01738709 -0.04430059 -0.03937041  0.00479374 -0.17221438
  0.00674944 -0.01664045 -0.09659949  0.00028573 -0.0256974  -0.0387124
  0.04817404]",[0.01640699],0.8769205947088106
04,32005,"[-0.22344399 -0.01738709 -0.04430059 -0.03937041  0.00479374 -0.17221438
  0.00674944 -0.01664045 -0.09659949  0.00028573 -0.0256974  -0.0387124
  0.04817404]",[0.02344818],0.973904801204818
04,32007,"[-0.22344399 -0.01738709 -0.04430059 -0.03937041  0.00479374 -0.17221438
  0.00674944 -0.01664045 -0.09659949  0.00028573 -0.0256974  -0.0387124
  0.04817404]",[-0.12717841],-1.1008004144710206
04,32013,"[-0.22344399 -0.01738709 -0.04430059 -0.03937041  0.00479374 -0.17221438
  0.00674944 -0.01664045 -0.09659949  0.00028573 -0.0256974  -0.0387124
  0.04817404]",[-0.19819652],-2.0789918620224253
04,32019,"[-0.22344399 -0.01738709 -0.04430059 -0.03937041  0.00479374 -0.17221438
  0.00674944 -0.01664045 -0.09659949  0.00028573 -0.0256974  -0.0387124
  0.04817404]",[-0.22605984],-2.46277648673552
04,32023,"[-0.22344399 -0.01738709 -0.04430059 -0.03937041  0.00479374 -0.17221438
  0.00674944 -0.01664045 -0.09659949  0.00028573 -0.0256974  -0.0387124
  0.04817404]",[0.00308299],0.6933980647001399
04,32031,"[-0.22344399 -0.01738709 -0.04430059 -0.03937041  0.00479374 -0.17221438
  0.00674944 -0.01664045 -0.09659949  0.00028573 -0.0256974  -0.0387124
  0.04817404]",[0.02016125],0.9286311023805855
04,32510,"[-0.22344399 -0.01738709 -0.04430059 -0.03937041  0.00479374 -0.17221438
  0.00674944 -0.01664045 -0.09659949  0.00028573 -0.0256974  -0.0387124
  0.04817404]",[-0.03814664],0.12550810783349217
04,33001,"[-0.22344399 -0.01738709 -0.04430059 -0.03937041  0.00479374 -0.17221438
  0.00674944 -0.01664045 -0.09659949  0.00028573 -0.0256974  -0.0387124
  0.04817404]",[-0.04401073],0.04473715740219614
04,33003,"[-0.22344399 -0.01738709 -0.04430059 -0.03937041  0.00479374 -0.17221438
  0.00674944 -0.01664045 -0.09659949  0.00028573 -0.0256974  -0.0387124
  0.04817404]",[-0.17352608],-1.739185280853027
04,33005,"[-0.22344399 -0.01738709 -0.04430059 -0.03937041  0.00479374 -0.17221438
  0.00674944 -0.01664045 -0.09659949  0.00028573 -0.0256974  -0.0387124
  0.04817404]",[0.00599374],0.7334902366501387
04,33007,"[-0.22344399 -0.01738709 -0.04430059 -0.03937041  0.00479374 -0.17221438
  0.00674944 -0.01664045 -0.09659949  0.00028573 -0.0256974  -0.0387124
  0.04817404]",[-0.0927429],-0.6264915635628907
04,33009,"[-0.22344399 -0.01738709 -0.04430059 -0.03937041  0.00479374 -0.17221438
  0.00674944 -0.01664045 -0.09659949  0.00028573 -0.0256974  -0.0387124
  0.04817404]",[-0.09251702],-0.623380285372571
04,33011,"[-0.22344399 -0.01738709 -0.04430059 -0.03937041  0.00479374 -0.17221438
  0.00674944 -0.01664045 -0.09659949  0.00028573 -0.0256974  -0.0387124
  0.04817404]",[0.01404048],0.8443246993793256
04,33013,"[-0.22344399 -0.01738709 -0.04430059 -0.03937041  0.00479374 -0.17221438
  0.00674944 -0.01664045 -0.09659949  0.00028573 -0.0256974  -0.0387124
  0.04817404]",[-0.00958541],0.518905661450561
04,33015,"[-0.22344399 -0.01738709 -0.04430059 -0.03937041  0.00479374 -0.17221438
  0.00674944 -0.01664045 -0.09659949  0.00028573 -0.0256974  -0.0387124
  0.04817404]",[-0.02367309],0.3248644146053992
04,33017,"[-0.22344399 -0.01738709 -0.04430059 -0.03937041  0.00479374 -0.17221438
  0.00674944 -0.01664045 -0.09659949  0.00028573 -0.0256974  -0.0387124
  0.04817404]",[-0.03575956],0.15838737770841835
04,33019,"[-0.22344399 -0.01738709 -0.04430059 -0.03937041  0.00479374 -0.17221438
  0.00674944 -0.01664045 -0.09659949  0.00028573 -0.0256974  -0.0387124
  0.04817404]",[-0.1385335],-1.2572034563254335
04,34001,"[-0.22344399 -0.01738709 -0.04430059 -0.03937041  0.00479374 -0.17221438
  0.00674944 -0.01664045 -0.09659949  0.00028573 -0.0256974  -0.0387124
  0.04817404]",[-0.00610946],0.5667827994804762
04,34003,"[-0.22344399 -0.01738709 -0.04430059 -0.03937041  0.00479374 -0.17221438
  0.00674944 -0.01664045 -0.09659949  0.00028573 -0.0256974  -0.0387124
  0.04817404]",[-0.00897578],0.5273026385499174
04,34005,"[-0.22344399 -0.01738709 -0.04430059 -0.03937041  0.00479374 -0.17221438
  0.00674944 -0.01664045 -0.09659949  0.00028573 -0.0256974  -0.0387124
  0.04817404]",[0.00489496],0.7183558498211345
04,34007,"[-0.22344399 -0.01738709 -0.04430059 -0.03937041  0.00479374 -0.17221438
  0.00674944 -0.01664045 -0.09659949  0.00028573 -0.0256974  -0.0387124
  0.04817404]",[-0.01166373],0.4902792483857347
04,34009,"[-0.22344399 -0.01738709 -0.04430059 -0.03937041  0.00479374 -0.17221438
  0.00674944 -0.01664045 -0.09659949  0.00028573 -0.0256974  -0.0387124
  0.04817404]",[-0.02528454],0.30266859061396467
04,34011,"[-0.22344399 -0.01738709 -0.04430059 -0.03937041  0.00479374 -0.17221438
  0.00674944 -0.01664045 -0.09659949  0.00028573 -0.0256974  -0.0387124
  0.04817404]",[-0.02510501],0.30514127750372
04,34013,"[-0.22344399 -0.01738709 -0.04430059 -0.03937041  0.00479374 -0.17221438
  0.00674944 -0.01664045 -0.09659949  0.00028573 -0.0256974  -0.0387124
  0.04817404]",[0.00074381],0.6611786056378183
04,34015,"[-0.22344399 -0.01738709 -0.04430059 -0.03937041  0.00479374 -0.17221438
  0.00674944 -0.01664045 -0.09659949  0.00028573 -0.0256974  -0.0387124
  0.04817404]",[0.00690573],0.7460519140408991
04,34017,"[-0.22344399 -0.01738709 -0.04430059 -0.03937041  0.00479374 -0.17221438
  0.00674944 -0.01664045 -0.09659949  0.00028573 -0.0256974  -0.0387124
  0.04817404]",[0.01521585],0.8605140555203397
04,01001,"[-0.22344399 -0.01738709 -0.04430059 -0.03937041  0.00479374 -0.17221438
  0.00674944 -0.01664045 -0.09659949  0.00028573 -0.0256974  -0.0387124
  0.04817404]",[-0.13028534],-1.1435947658020034
04,01003,"[-0.22344399 -0.01738709 -0.04430059 -0.03937041  0.00479374 -0.17221438
  0.00674944 -0.01664045 -0.09659949  0.00028573 -0.0256974  -0.0387124
  0.04817404]",[-0.02012951],0.3736729873200667
04,01005,"[-0.22344399 -0.01738709 -0.04430059 -0.03937041  0.00479374 -0.17221438
  0.00674944 -0.01664045 -0.09659949  0.00028573 -0.0256974  -0.0387124
  0.04817404]",[-0.16709993],-1.6506725959233235
04,01007,"[-0.22344399 -0.01738709 -0.04430059 -0.03937041  0.00479374 -0.17221438
  0.00674944 -0.01664045 -0.09659949  0.00028573 -0.0256974  -0.0387124
  0.04817404]",[-0.22303384],-2.421096897120265
04,01009,"[-0.22344399 -0.01738709 -0.04430059 -0.03937041  0.00479374 -0.17221438
  0.00674944 -0.01664045 -0.09659949  0.00028573 -0.0256974  -0.0387124
  0.04817404]",[-0.13195474],-1.166588772941392
04,01013,"[-0.22344399 -0.01738709 -0.04430059 -0.03937041  0.00479374 -0.17221438
  0.00674944 -0.01664045 -0.09659949  0.00028573 -0.0256974  -0.0387124
  0.04817404]",[-0.19653863],-2.0561563261474176
04,01015,"[-0.22344399 -0.01738709 -0.04430059 -0.03937041  0.00479374 -0.17221438
  0.00674944 -0.01664045 -0.09659949  0.00028573 -0.0256974  -0.0387124
  0.04817404]",[0.03879724],1.1853200466326261
04,01017,"[-0.22344399 -0.01738709 -0.04430059 -0.03937041  0.00479374 -0.17221438
  0.00674944 -0.01664045 -0.09659949  0.00028573 -0.0256974  -0.0387124
  0.04817404]",[-0.09439689],-0.6492732225101837
04,01019,"[-0.22344399 -0.01738709 -0.04430059 -0.03937041  0.00479374 -0.17221438
  0.00674944 -0.01664045 -0.09659949  0.00028573 -0.0256974  -0.0387124
  0.04817404]",[-0.16952071],-1.68401607508146
04,01021,"[-0.22344399 -0.01738709 -0.04430059 -0.03937041  0.00479374 -0.17221438
  0.00674944 -0.01664045 -0.09659949  0.00028573 -0.0256974  -0.0387124
  0.04817404]",[-0.19145041],-1.986072089613356
04,01023,"[-0.22344399 -0.01738709 -0.04430059 -0.03937041  0.00479374 -0.17221438
  0.00674944 -0.01664045 -0.09659949  0.00028573 -0.0256974  -0.0387124
  0.04817404]",[-0.46126371],-5.702434679265897
04,01025,"[-0.22344399 -0.01738709 -0.04430059 -0.03937041  0.00479374 -0.17221438
  0.00674944 -0.01664045 -0.09659949  0.00028573 -0.0256974  -0.0387124
  0.04817404]",[0.00359886],0.7005035957480469
04,01027,"[-0.22344399 -0.01738709 -0.04430059 -0.03937041  0.00479374 -0.17221438
  0.00674944 -0.01664045 -0.09659949  0.00028573 -0.0256974  -0.0387124
  0.04817404]",[-0.31248633],-3.6532002882241277
04,01029,"[-0.22344399 -0.01738709 -0.04430059 -0.03937041  0.00479374 -0.17221438
  0.00674944 -0.01664045 -0.09659949  0.00028573 -0.0256974  -0.0387124
  0.04817404]",[-0.25449253],-2.8544034558646976
04,01031,"[-0.22344399 -0.01738709 -0.04430059 -0.03937041  0.00479374 -0.17221438
  0.00674944 -0.01664045 -0.09659949  0.00028573 -0.0256974  -0.0387124
  0.04817404]",[-0.09005049],-0.5894067417374044
04,01033,"[-0.22344399 -0.01738709 -0.04430059 -0.03937041  0.00479374 -0.17221438
  0.00674944 -0.01664045 -0.09659949  0.00028573 -0.0256974  -0.0387124
  0.04817404]",[-0.13663024],-1.2309882868863569
04,01035,"[-0.22344399 -0.01738709 -0.04430059 -0.03937041  0.00479374 -0.17221438
  0.00674944 -0.01664045 -0.09659949  0.00028573 -0.0256974  -0.0387124
  0.04817404]",[-0.33796161],-4.004092444229282
04,01039,"[-0.22344399 -0.01738709 -0.04430059 -0.03937041  0.00479374 -0.17221438
  0.00674944 -0.01664045 -0.09659949  0.00028573 -0.0256974  -0.0387124
  0.04817404]",[-0.07052114],-0.3204126909384227
04,01041,"[-0.22344399 -0.01738709 -0.04430059 -0.03937041  0.00479374 -0.17221438
  0.00674944 -0.01664045 -0.09659949  0.00028573 -0.0256974  -0.0387124
  0.04817404]",[-0.16604863],-1.6361922098716755
04,01043,"[-0.22344399 -0.01738709 -0.04430059 -0.03937041  0.00479374 -0.17221438
  0.00674944 -0.01664045 -0.09659949  0.00028573 -0.0256974  -0.0387124
  0.04817404]",[-0.09619807],-0.6740823816706397
04,01045,"[-0.22344399 -0.01738709 -0.04430059 -0.03937041  0.00479374 -0.17221438
  0.00674944 -0.01664045 -0.09659949  0.00028573 -0.0256974  -0.0387124
  0.04817404]",[-0.11257378],-0.8996386269901103
04,01047,"[-0.22344399 -0.01738709 -0.04430059 -0.03937041  0.00479374 -0.17221438
  0.00674944 -0.01664045 -0.09659949  0.00028573 -0.0256974  -0.0387124
  0.04817404]",[-0.09009737],-0.5900523998705987
04,01049,"[-0.22344399 -0.01738709 -0.04430059 -0.03937041  0.00479374 -0.17221438
  0.00674944 -0.01664045 -0.09659949  0.00028573 -0.0256974  -0.0387124
  0.04817404]",[0.02338708],0.9730631358842082
04,01051,"[-0.22344399 -0.01738709 -0.04430059 -0.03937041  0.00479374 -0.17221438
  0.00674944 -0.01664045 -0.09659949  0.00028573 -0.0256974  -0.0387124
  0.04817404]",[-0.04738792],-0.0017797412601363372
04,01053,"[-0.22344399 -0.01738709 -0.04430059 -0.03937041  0.00479374 -0.17221438
  0.00674944 -0.01664045 -0.09659949  0.00028573 -0.0256974  -0.0387124
  0.04817404]",[-0.10839283],-0.8420510442164003
04,01055,"[-0.22344399 -0.01738709 -0.04430059 -0.03937041  0.00479374 -0.17221438
  0.00674944 -0.01664045 -0.09659949  0.00028573 -0.0256974  -0.0387124
  0.04817404]",[-0.03607557],0.15403464471986428
04,01057,"[-0.22344399 -0.01738709 -0.04430059 -0.03937041  0.00479374 -0.17221438
  0.00674944 -0.01664045 -0.09659949  0.00028573 -0.0256974  -0.0387124
  0.04817404]",[-0.18759984],-1.9330349424413982
04,01059,"[-0.22344399 -0.01738709 -0.04430059 -0.03937041  0.00479374 -0.17221438
  0.00674944 -0.01664045 -0.09659949  0.00028573 -0.0256974  -0.0387124
  0.04817404]",[-0.12243707],-1.0354940015928573
04,01061,"[-0.22344399 -0.01738709 -0.04430059 -0.03937041  0.00479374 -0.17221438
  0.00674944 -0.01664045 -0.09659949  0.00028573 -0.0256974  -0.0387124
  0.04817404]",[-0.3760044],-4.528087465460858
04,01065,"[-0.22344399 -0.01738709 -0.04430059 -0.03937041  0.00479374 -0.17221438
  0.00674944 -0.01664045 -0.09659949  0.00028573 -0.0256974  -0.0387124
  0.04817404]",[-0.13393834],-1.193910509605098
04,01067,"[-0.22344399 -0.01738709 -0.04430059 -0.03937041  0.00479374 -0.17221438
  0.00674944 -0.01664045 -0.09659949  0.00028573 -0.0256974  -0.0387124
  0.04817404]",[-0.17505308],-1.7602180219589059
04,01069,"[-0.22344399 -0.01738709 -0.04430059 -0.03937041  0.00479374 -0.17221438
  0.00674944 -0.01664045 -0.09659949  0.00028573 -0.0256974  -0.0387124
  0.04817404]",[-0.05396979],-0.09243729019198942
04,01071,"[-0.22344399 -0.01738709 -0.04430059 -0.03937041  0.00479374 -0.17221438
  0.00674944 -0.01664045 -0.09659949  0.00028573 -0.0256974  -0.0387124
  0.04817404]",[-0.06209736],-0.2043850634897713
04,01073,"[-0.22344399 -0.01738709 -0.04430059 -0.03937041  0.00479374 -0.17221438
  0.00674944 -0.01664045 -0.09659949  0.00028573 -0.0256974  -0.0387124
  0.04817404]",[0.02774018],1.033022015157832
04,01077,"[-0.22344399 -0.01738709 -0.04430059 -0.03937041  0.00479374 -0.17221438
  0.00674944 -0.01664045 -0.09659949  0.00028573 -0.0256974  -0.0387124
  0.04817404]",[0.0049274],0.718802661314098
04,01079,"[-0.22344399 -0.01738709 -0.04430059 -0.03937041  0.00479374 -0.17221438
  0.00674944 -0.01664045 -0.09659949  0.00028573 -0.0256974  -0.0387124
  0.04817404]",[-0.12826896],-1.11582146022286
04,01081,"[-0.22344399 -0.01738709 -0.04430059 -0.03937041  0.00479374 -0.17221438
  0.00674944 -0.01664045 -0.09659949  0.00028573 -0.0256974  -0.0387124
  0.04817404]",[-0.02132741],0.3571733957678689
04,01083,"[-0.22344399 -0.01738709 -0.04430059 -0.03937041  0.00479374 -0.17221438
  0.00674944 -0.01664045 -0.09659949  0.00028573 -0.0256974  -0.0387124
  0.04817404]",[-0.05501982],-0.10690017762488806
04,01085,"[-0.22344399 -0.01738709 -0.04430059 -0.03937041  0.00479374 -0.17221438
  0.00674944 -0.01664045 -0.09659949  0.00028573 -0.0256974  -0.0387124
  0.04817404]",[-0.35445613],-4.231285180723293
04,01087,"[-0.22344399 -0.01738709 -0.04430059 -0.03937041  0.00479374 -0.17221438
  0.00674944 -0.01664045 -0.09659949  0.00028573 -0.0256974  -0.0387124
  0.04817404]",[-0.09310348],-0.6314580654141188
04,01089,"[-0.22344399 -0.01738709 -0.04430059 -0.03937041  0.00479374 -0.17221438
  0.00674944 -0.01664045 -0.09659949  0.00028573 -0.0256974  -0.0387124
  0.04817404]",[-0.02069238],0.365920099604025
04,01091,"[-0.22344399 -0.01738709 -0.04430059 -0.03937041  0.00479374 -0.17221438
  0.00674944 -0.01664045 -0.09659949  0.00028573 -0.0256974  -0.0387124
  0.04817404]",[-0.27735485],-3.169305172179784
04,01093,"[-0.22344399 -0.01738709 -0.04430059 -0.03937041  0.00479374 -0.17221438
  0.00674944 -0.01664045 -0.09659949  0.00028573 -0.0256974  -0.0387124
  0.04817404]",[-0.17931881],-1.8189734887042903
04,01095,"[-0.22344399 -0.01738709 -0.04430059 -0.03937041  0.00479374 -0.17221438
  0.00674944 -0.01664045 -0.09659949  0.00028573 -0.0256974  -0.0387124
  0.04817404]",[-0.12016917],-1.0042562897230922
04,01097,"[-0.22344399 -0.01738709 -0.04430059 -0.03937041  0.00479374 -0.17221438
  0.00674944 -0.01664045 -0.09659949  0.00028573 -0.0256974  -0.0387124
  0.04817404]",[-0.01510066],0.4429395267471984
04,01099,"[-0.22344399 -0.01738709 -0.04430059 -0.03937041  0.00479374 -0.17221438
  0.00674944 -0.01664045 -0.09659949  0.00028573 -0.0256974  -0.0387124
  0.04817404]",[-0.24037071],-2.659891968368762
04,01101,"[-0.22344399 -0.01738709 -0.04430059 -0.03937041  0.00479374 -0.17221438
  0.00674944 -0.01664045 -0.09659949  0.00028573 -0.0256974  -0.0387124
  0.04817404]",[-0.0211394],0.35976294753505517
04,01103,"[-0.22344399 -0.01738709 -0.04430059 -0.03937041  0.00479374 -0.17221438
  0.00674944 -0.01664045 -0.09659949  0.00028573 -0.0256974  -0.0387124
  0.04817404]",[-0.0774718],-0.41614993898378994
04,01107,"[-0.22344399 -0.01738709 -0.04430059 -0.03937041  0.00479374 -0.17221438
  0.00674944 -0.01664045 -0.09659949  0.00028573 -0.0256974  -0.0387124
  0.04817404]",[-0.35484535],-4.23664631828659
04,01109,"[-0.22344399 -0.01738709 -0.04430059 -0.03937041  0.00479374 -0.17221438
  0.00674944 -0.01664045 -0.09659949  0.00028573 -0.0256974  -0.0387124
  0.04817404]",[-0.11399443],-0.9192065107017104
04,01113,"[-0.22344399 -0.01738709 -0.04430059 -0.03937041  0.00479374 -0.17221438
  0.00674944 -0.01664045 -0.09659949  0.00028573 -0.0256974  -0.0387124
  0.04817404]",[-0.00830871],0.5364907172520734
04,01111,"[-0.22344399 -0.01738709 -0.04430059 -0.03937041  0.00479374 -0.17221438
  0.00674944 -0.01664045 -0.09659949  0.00028573 -0.0256974  -0.0387124
  0.04817404]",[-0.23021383],-2.5199927858651168
04,01115,"[-0.22344399 -0.01738709 -0.04430059 -0.03937041  0.00479374 -0.17221438
  0.00674944 -0.01664045 -0.09659949  0.00028573 -0.0256974  -0.0387124
  0.04817404]",[-0.01573527],0.43419860779070313
04,01117,"[-0.22344399 -0.01738709 -0.04430059 -0.03937041  0.00479374 -0.17221438
  0.00674944 -0.01664045 -0.09659949  0.00028573 -0.0256974  -0.0387124
  0.04817404]",[-0.00019312],0.6482735646723135
04,01119,"[-0.22344399 -0.01738709 -0.04430059 -0.03937041  0.00479374 -0.17221438
  0.00674944 -0.01664045 -0.09659949  0.00028573 -0.0256974  -0.0387124
  0.04817404]",[-0.33631263],-3.9813796670880195
04,01121,"[-0.22344399 -0.01738709 -0.04430059 -0.03937041  0.00479374 -0.17221438
  0.00674944 -0.01664045 -0.09659949  0.00028573 -0.0256974  -0.0387124
  0.04817404]",[-0.04375025],0.04832493420672897
04,01123,"[-0.22344399 -0.01738709 -0.04430059 -0.03937041  0.00479374 -0.17221438
  0.00674944 -0.01664045 -0.09659949  0.00028573 -0.0256974  -0.0387124
  0.04817404]",[-0.12773058],-1.108405894990366
04,01125,"[-0.22344399 -0.01738709 -0.04430059 -0.03937041  0.00479374 -0.17221438
  0.00674944 -0.01664045 -0.09659949  0.00028573 -0.0256974  -0.0387124
  0.04817404]",[-0.02496096],0.30712546077963987
04,01127,"[-0.22344399 -0.01738709 -0.04430059 -0.03937041  0.00479374 -0.17221438
  0.00674944 -0.01664045 -0.09659949  0.00028573 -0.0256974  -0.0387124
  0.04817404]",[-0.08013829],-0.4528776749937947
04,01129,"[-0.22344399 -0.01738709 -0.04430059 -0.03937041  0.00479374 -0.17221438
  0.00674944 -0.01664045 -0.09659949  0.00028573 -0.0256974  -0.0387124
  0.04817404]",[-0.35270883],-4.207218161196465
04,01131,"[-0.22344399 -0.01738709 -0.04430059 -0.03937041  0.00479374 -0.17221438
  0.00674944 -0.01664045 -0.09659949  0.00028573 -0.0256974  -0.0387124
  0.04817404]",[-0.46846304],-5.801597029272098
04,01133,"[-0.22344399 -0.01738709 -0.04430059 -0.03937041  0.00479374 -0.17221438
  0.00674944 -0.01664045 -0.09659949  0.00028573 -0.0256974  -0.0387124
  0.04817404]",[-0.19779316],-2.073435967522875
04,05001,"[-0.22344399 -0.01738709 -0.04430059 -0.03937041  0.00479374 -0.17221438
  0.00674944 -0.01664045 -0.09659949  0.00028573 -0.0256974  -0.0387124
  0.04817404]",[-0.10293587],-0.7668877210345314
04,05005,"[-0.22344399 -0.01738709 -0.04430059 -0.03937041  0.00479374 -0.17221438
  0.00674944 -0.01664045 -0.09659949  0.00028573 -0.0256974  -0.0387124
  0.04817404]",[-0.14931909],-1.4057624192717333
04,05003,"[-0.22344399 -0.01738709 -0.04430059 -0.03937041  0.00479374 -0.17221438
  0.00674944 -0.01664045 -0.09659949  0.00028573 -0.0256974  -0.0387124
  0.04817404]",[-0.18841888],-1.944316186667818
04,05007,"[-0.22344399 -0.01738709 -0.04430059 -0.03937041  0.00479374 -0.17221438
  0.00674944 -0.01664045 -0.09659949  0.00028573 -0.0256974  -0.0387124
  0.04817404]",[-0.02717644],0.276609829440573
04,05009,"[-0.22344399 -0.01738709 -0.04430059 -0.03937041  0.00479374 -0.17221438
  0.00674944 -0.01664045 -0.09659949  0.00028573 -0.0256974  -0.0387124
  0.04817404]",[-0.11109627],-0.8792877377412672
04,05011,"[-0.22344399 -0.01738709 -0.04430059 -0.03937041  0.00479374 -0.17221438
  0.00674944 -0.01664045 -0.09659949  0.00028573 -0.0256974  -0.0387124
  0.04817404]",[-0.28258543],-3.241350325338693
04,05015,"[-0.22344399 -0.01738709 -0.04430059 -0.03937041  0.00479374 -0.17221438
  0.00674944 -0.01664045 -0.09659949  0.00028573 -0.0256974  -0.0387124
  0.04817404]",[-0.00362915],0.6009461992677273
04,05017,"[-0.22344399 -0.01738709 -0.04430059 -0.03937041  0.00479374 -0.17221438
  0.00674944 -0.01664045 -0.09659949  0.00028573 -0.0256974  -0.0387124
  0.04817404]",[-0.67900979],-8.701632334785362
04,05019,"[-0.22344399 -0.01738709 -0.04430059 -0.03937041  0.00479374 -0.17221438
  0.00674944 -0.01664045 -0.09659949  0.00028573 -0.0256974  -0.0387124
  0.04817404]",[-0.34688943],-4.127062760790136
04,05021,"[-0.22344399 -0.01738709 -0.04430059 -0.03937041  0.00479374 -0.17221438
  0.00674944 -0.01664045 -0.09659949  0.00028573 -0.0256974  -0.0387124
  0.04817404]",[-0.24380982],-2.7072617041903544
04,05023,"[-0.22344399 -0.01738709 -0.04430059 -0.03937041  0.00479374 -0.17221438
  0.00674944 -0.01664045 -0.09659949  0.00028573 -0.0256974  -0.0387124
  0.04817404]",[-0.28535499],-3.279497862043595
04,05027,"[-0.22344399 -0.01738709 -0.04430059 -0.03937041  0.00479374 -0.17221438
  0.00674944 -0.01664045 -0.09659949  0.00028573 -0.0256974  -0.0387124
  0.04817404]",[-0.4497395],-5.543702215654373
04,05029,"[-0.22344399 -0.01738709 -0.04430059 -0.03937041  0.00479374 -0.17221438
  0.00674944 -0.01664045 -0.09659949  0.00028573 -0.0256974  -0.0387124
  0.04817404]",[-0.27833285],-3.1827760437089494
04,05031,"[-0.22344399 -0.01738709 -0.04430059 -0.03937041  0.00479374 -0.17221438
  0.00674944 -0.01664045 -0.09659949  0.00028573 -0.0256974  -0.0387124
  0.04817404]",[-0.08440428],-0.5116368012679039
04,05033,"[-0.22344399 -0.01738709 -0.04430059 -0.03937041  0.00479374 -0.17221438
  0.00674944 -0.01664045 -0.09659949  0.00028573 -0.0256974  -0.0387124
  0.04817404]",[-0.14178801],-1.3020305364867173
04,05037,"[-0.22344399 -0.01738709 -0.04430059 -0.03937041  0.00479374 -0.17221438
  0.00674944 -0.01664045 -0.09659949  0.00028573 -0.0256974  -0.0387124
  0.04817404]",[-0.33160222],-3.9164993709753992
04,05035,"[-0.22344399 -0.01738709 -0.04430059 -0.03937041  0.00479374 -0.17221438
  0.00674944 -0.01664045 -0.09659949  0.00028573 -0.0256974  -0.0387124
  0.04817404]",[-0.06315411],-0.2189405427031672
04,05041,"[-0.22344399 -0.01738709 -0.04430059 -0.03937041  0.00479374 -0.17221438
  0.00674944 -0.01664045 -0.09659949  0.00028573 -0.0256974  -0.0387124
  0.04817404]",[-0.40874568],-4.979060223397289
04,05043,"[-0.22344399 -0.01738709 -0.04430059 -0.03937041  0.00479374 -0.17221438
  0.00674944 -0.01664045 -0.09659949  0.00028573 -0.0256974  -0.0387124
  0.04817404]",[-0.16727757],-1.653119470597802
04,05045,"[-0.22344399 -0.01738709 -0.04430059 -0.03937041  0.00479374 -0.17221438
  0.00674944 -0.01664045 -0.09659949  0.00028573 -0.0256974  -0.0387124
  0.04817404]",[-0.05527788],-0.1104546031327518
04,05053,"[-0.22344399 -0.01738709 -0.04430059 -0.03937041  0.00479374 -0.17221438
  0.00674944 -0.01664045 -0.09659949  0.00028573 -0.0256974  -0.0387124
  0.04817404]",[-0.52674626],-6.604380239478599
04,05051,"[-0.22344399 -0.01738709 -0.04430059 -0.03937041  0.00479374 -0.17221438
  0.00674944 -0.01664045 -0.09659949  0.00028573 -0.0256974  -0.0387124
  0.04817404]",[-0.01577512],0.43364966886652706
04,05055,"[-0.22344399 -0.01738709 -0.04430059 -0.03937041  0.00479374 -0.17221438
  0.00674944 -0.01664045 -0.09659949  0.00028573 -0.0256974  -0.0387124
  0.04817404]",[-0.07938861],-0.4425517039648993
04,05057,"[-0.22344399 -0.01738709 -0.04430059 -0.03937041  0.00479374 -0.17221438
  0.00674944 -0.01664045 -0.09659949  0.00028573 -0.0256974  -0.0387124
  0.04817404]",[-0.30756353],-3.585394522928558
04,05059,"[-0.22344399 -0.01738709 -0.04430059 -0.03937041  0.00479374 -0.17221438
  0.00674944 -0.01664045 -0.09659949  0.00028573 -0.0256974  -0.0387124
  0.04817404]",[-0.11822184],-0.9774341082192821
04,05063,"[-0.22344399 -0.01738709 -0.04430059 -0.03937041  0.00479374 -0.17221438
  0.00674944 -0.01664045 -0.09659949  0.00028573 -0.0256974  -0.0387124
  0.04817404]",[-0.22820657],-2.4923451389102906
04,05065,"[-0.22344399 -0.01738709 -0.04430059 -0.03937041  0.00479374 -0.17221438
  0.00674944 -0.01664045 -0.09659949  0.00028573 -0.0256974  -0.0387124
  0.04817404]",[-0.42674455],-5.22697363792914
04,05067,"[-0.22344399 -0.01738709 -0.04430059 -0.03937041  0.00479374 -0.17221438
  0.00674944 -0.01664045 -0.09659949  0.00028573 -0.0256974  -0.0387124
  0.04817404]",[-0.20747926],-2.2068506675670942
04,05069,"[-0.22344399 -0.01738709 -0.04430059 -0.03937041  0.00479374 -0.17221438
  0.00674944 -0.01664045 -0.09659949  0.00028573 -0.0256974  -0.0387124
  0.04817404]",[-0.04397249],0.04526388222132429
04,05075,"[-0.22344399 -0.01738709 -0.04430059 -0.03937041  0.00479374 -0.17221438
  0.00674944 -0.01664045 -0.09659949  0.00028573 -0.0256974  -0.0387124
  0.04817404]",[-0.16171662],-1.5765238667481203
04,05071,"[-0.22344399 -0.01738709 -0.04430059 -0.03937041  0.00479374 -0.17221438
  0.00674944 -0.01664045 -0.09659949  0.00028573 -0.0256974  -0.0387124
  0.04817404]",[-0.2171373],-2.3398789383517857
04,05077,"[-0.22344399 -0.01738709 -0.04430059 -0.03937041  0.00479374 -0.17221438
  0.00674944 -0.01664045 -0.09659949  0.00028573 -0.0256974  -0.0387124
  0.04817404]",[-0.34395376],-4.0866274076454525
04,05079,"[-0.22344399 -0.01738709 -0.04430059 -0.03937041  0.00479374 -0.17221438
  0.00674944 -0.01664045 -0.09659949  0.00028573 -0.0256974  -0.0387124
  0.04817404]",[-0.35682515],-4.263915691395348
04,05083,"[-0.22344399 -0.01738709 -0.04430059 -0.03937041  0.00479374 -0.17221438
  0.00674944 -0.01664045 -0.09659949  0.00028573 -0.0256974  -0.0387124
  0.04817404]",[-0.17155165],-1.7119898374941782
04,05081,"[-0.22344399 -0.01738709 -0.04430059 -0.03937041  0.00479374 -0.17221438
  0.00674944 -0.01664045 -0.09659949  0.00028573 -0.0256974  -0.0387124
  0.04817404]",[-0.3883229],-4.69776034382716
04,05085,"[-0.22344399 -0.01738709 -0.04430059 -0.03937041  0.00479374 -0.17221438
  0.00674944 -0.01664045 -0.09659949  0.00028573 -0.0256974  -0.0387124
  0.04817404]",[-0.10249567],-0.7608245343351635
04,05087,"[-0.22344399 -0.01738709 -0.04430059 -0.03937041  0.00479374 -0.17221438
  0.00674944 -0.01664045 -0.09659949  0.00028573 -0.0256974  -0.0387124
  0.04817404]",[-0.41487227],-5.063446904644645
04,05089,"[-0.22344399 -0.01738709 -0.04430059 -0.03937041  0.00479374 -0.17221438
  0.00674944 -0.01664045 -0.09659949  0.00028573 -0.0256974  -0.0387124
  0.04817404]",[-0.42419878],-5.191908692259497
04,05091,"[-0.22344399 -0.01738709 -0.04430059 -0.03937041  0.00479374 -0.17221438
  0.00674944 -0.01664045 -0.09659949  0.00028573 -0.0256974  -0.0387124
  0.04817404]",[-0.11293492],-0.9046129335803546
04,05093,"[-0.22344399 -0.01738709 -0.04430059 -0.03937041  0.00479374 -0.17221438
  0.00674944 -0.01664045 -0.09659949  0.00028573 -0.0256974  -0.0387124
  0.04817404]",[-0.10556685],-0.803126352656906
04,05103,"[-0.22344399 -0.01738709 -0.04430059 -0.03937041  0.00479374 -0.17221438
  0.00674944 -0.01664045 -0.09659949  0.00028573 -0.0256974  -0.0387124
  0.04817404]",[-0.24918559],-2.781306557389192
04,05107,"[-0.22344399 -0.01738709 -0.04430059 -0.03937041  0.00479374 -0.17221438
  0.00674944 -0.01664045 -0.09659949  0.00028573 -0.0256974  -0.0387124
  0.04817404]",[-0.17457143],-1.7535838761558638
04,05111,"[-0.22344399 -0.01738709 -0.04430059 -0.03937041  0.00479374 -0.17221438
  0.00674944 -0.01664045 -0.09659949  0.00028573 -0.0256974  -0.0387124
  0.04817404]",[-0.4013028],-4.876543329358077
04,05113,"[-0.22344399 -0.01738709 -0.04430059 -0.03937041  0.00479374 -0.17221438
  0.00674944 -0.01664045 -0.09659949  0.00028573 -0.0256974  -0.0387124
  0.04817404]",[-0.25157092],-2.8141617810951916
04,05115,"[-0.22344399 -0.01738709 -0.04430059 -0.03937041  0.00479374 -0.17221438
  0.00674944 -0.01664045 -0.09659949  0.00028573 -0.0256974  -0.0387124
  0.04817404]",[-0.00326703],0.6059339161665763
04,05121,"[-0.22344399 -0.01738709 -0.04430059 -0.03937041  0.00479374 -0.17221438
  0.00674944 -0.01664045 -0.09659949  0.00028573 -0.0256974  -0.0387124
  0.04817404]",[-0.24384059],-2.7076854285031664
04,05119,"[-0.22344399 -0.01738709 -0.04430059 -0.03937041  0.00479374 -0.17221438
  0.00674944 -0.01664045 -0.09659949  0.00028573 -0.0256974  -0.0387124
  0.04817404]",[-0.00706627],0.553603830330827
04,05123,"[-0.22344399 -0.01738709 -0.04430059 -0.03937041  0.00479374 -0.17221438
  0.00674944 -0.01664045 -0.09659949  0.00028573 -0.0256974  -0.0387124
  0.04817404]",[-0.20996613],-2.2411044165987457
04,05125,"[-0.22344399 -0.01738709 -0.04430059 -0.03937041  0.00479374 -0.17221438
  0.00674944 -0.01664045 -0.09659949  0.00028573 -0.0256974  -0.0387124
  0.04817404]",[-0.07399437],-0.3682524404225268
04,05131,"[-0.22344399 -0.01738709 -0.04430059 -0.03937041  0.00479374 -0.17221438
  0.00674944 -0.01664045 -0.09659949  0.00028573 -0.0256974  -0.0387124
  0.04817404]",[-0.05632754],-0.1249125195000782
04,05135,"[-0.22344399 -0.01738709 -0.04430059 -0.03937041  0.00479374 -0.17221438
  0.00674944 -0.01664045 -0.09659949  0.00028573 -0.0256974  -0.0387124
  0.04817404]",[-0.41687853],-5.091080825587493
04,05133,"[-0.22344399 -0.01738709 -0.04430059 -0.03937041  0.00479374 -0.17221438
  0.00674944 -0.01664045 -0.09659949  0.00028573 -0.0256974  -0.0387124
  0.04817404]",[-0.27888764],-3.1904175814282207
04,05139,"[-0.22344399 -0.01738709 -0.04430059 -0.03937041  0.00479374 -0.17221438
  0.00674944 -0.01664045 -0.09659949  0.00028573 -0.0256974  -0.0387124
  0.04817404]",[-0.16849016],-1.66982140125546
04,05141,"[-0.22344399 -0.01738709 -0.04430059 -0.03937041  0.00479374 -0.17221438
  0.00674944 -0.01664045 -0.09659949  0.00028573 -0.0256974  -0.0387124
  0.04817404]",[-0.31143546],-3.638725855264751
04,05143,"[-0.22344399 -0.01738709 -0.04430059 -0.03937041  0.00479374 -0.17221438
  0.00674944 -0.01664045 -0.09659949  0.00028573 -0.0256974  -0.0387124
  0.04817404]",[0.02585012],1.0069886594916144
04,05145,"[-0.22344399 -0.01738709 -0.04430059 -0.03937041  0.00479374 -0.17221438
  0.00674944 -0.01664045 -0.09659949  0.00028573 -0.0256974  -0.0387124
  0.04817404]",[-0.09015085],-0.5907890426544125
04,05149,"[-0.22344399 -0.01738709 -0.04430059 -0.03937041  0.00479374 -0.17221438
  0.00674944 -0.01664045 -0.09659949  0.00028573 -0.0256974  -0.0387124
  0.04817404]",[-0.2992306],-3.4706181793985915
04,06001,"[-0.22344399 -0.01738709 -0.04430059 -0.03937041  0.00479374 -0.17221438
  0.00674944 -0.01664045 -0.09659949  0.00028573 -0.0256974  -0.0387124
  0.04817404]",[0.00481107],0.7172003464751829
04,06005,"[-0.22344399 -0.01738709 -0.04430059 -0.03937041  0.00479374 -0.17221438
  0.00674944 -0.01664045 -0.09659949  0.00028573 -0.0256974  -0.0387124
  0.04817404]",[-0.05448367],-0.09951540165673052
04,06007,"[-0.22344399 -0.01738709 -0.04430059 -0.03937041  0.00479374 -0.17221438
  0.00674944 -0.01664045 -0.09659949  0.00028573 -0.0256974  -0.0387124
  0.04817404]",[0.01420431],0.8465813254717044
04,06009,"[-0.22344399 -0.01738709 -0.04430059 -0.03937041  0.00479374 -0.17221438
  0.00674944 -0.01664045 -0.09659949  0.00028573 -0.0256974  -0.0387124
  0.04817404]",[-0.06997751],-0.3129248268863078
04,06011,"[-0.22344399 -0.01738709 -0.04430059 -0.03937041  0.00479374 -0.17221438
  0.00674944 -0.01664045 -0.09659949  0.00028573 -0.0256974  -0.0387124
  0.04817404]",[-0.36573952],-4.386700668106959
04,06013,"[-0.22344399 -0.01738709 -0.04430059 -0.03937041  0.00479374 -0.17221438
  0.00674944 -0.01664045 -0.09659949  0.00028573 -0.0256974  -0.0387124
  0.04817404]",[0.0080361],0.7616214203886644
04,06015,"[-0.22344399 -0.01738709 -0.04430059 -0.03937041  0.00479374 -0.17221438
  0.00674944 -0.01664045 -0.09659949  0.00028573 -0.0256974  -0.0387124
  0.04817404]",[-0.12848955],-1.1188597841462857
04,06017,"[-0.22344399 -0.01738709 -0.04430059 -0.03937041  0.00479374 -0.17221438
  0.00674944 -0.01664045 -0.09659949  0.00028573 -0.0256974  -0.0387124
  0.04817404]",[-0.02940394],0.24592862761329323
04,06019,"[-0.22344399 -0.01738709 -0.04430059 -0.03937041  0.00479374 -0.17221438
  0.00674944 -0.01664045 -0.09659949  0.00028573 -0.0256974  -0.0387124
  0.04817404]",[0.00178517],0.675522184682749
04,06021,"[-0.22344399 -0.01738709 -0.04430059 -0.03937041  0.00479374 -0.17221438
  0.00674944 -0.01664045 -0.09659949  0.00028573 -0.0256974  -0.0387124
  0.04817404]",[-0.17378851],-1.74280004404201
04,06023,"[-0.22344399 -0.01738709 -0.04430059 -0.03937041  0.00479374 -0.17221438
  0.00674944 -0.01664045 -0.09659949  0.00028573 -0.0256974  -0.0387124
  0.04817404]",[-0.05367586],-0.08838869849424888
04,06025,"[-0.22344399 -0.01738709 -0.04430059 -0.03937041  0.00479374 -0.17221438
  0.00674944 -0.01664045 -0.09659949  0.00028573 -0.0256974  -0.0387124
  0.04817404]",[-0.00204611],0.6227507104674718
04,06027,"[-0.22344399 -0.01738709 -0.04430059 -0.03937041  0.00479374 -0.17221438
  0.00674944 -0.01664045 -0.09659949  0.00028573 -0.0256974  -0.0387124
  0.04817404]",[0.08195619],1.779784140535213
04,06029,"[-0.22344399 -0.01738709 -0.04430059 -0.03937041  0.00479374 -0.17221438
  0.00674944 -0.01664045 -0.09659949  0.00028573 -0.0256974  -0.0387124
  0.04817404]",[-0.01240199],0.4801105391158756
04,06031,"[-0.22344399 -0.01738709 -0.04430059 -0.03937041  0.00479374 -0.17221438
  0.00674944 -0.01664045 -0.09659949  0.00028573 -0.0256974  -0.0387124
  0.04817404]",[0.07899051],1.7389354657019647
04,06033,"[-0.22344399 -0.01738709 -0.04430059 -0.03937041  0.00479374 -0.17221438
  0.00674944 -0.01664045 -0.09659949  0.00028573 -0.0256974  -0.0387124
  0.04817404]",[-0.01509094],0.44307348778271277
04,06035,"[-0.22344399 -0.01738709 -0.04430059 -0.03937041  0.00479374 -0.17221438
  0.00674944 -0.01664045 -0.09659949  0.00028573 -0.0256974  -0.0387124
  0.04817404]",[-0.13334865],-1.1857881563480133
04,06039,"[-0.22344399 -0.01738709 -0.04430059 -0.03937041  0.00479374 -0.17221438
  0.00674944 -0.01664045 -0.09659949  0.00028573 -0.0256974  -0.0387124
  0.04817404]",[-0.01659768],0.42231982704435367
04,06041,"[-0.22344399 -0.01738709 -0.04430059 -0.03937041  0.00479374 -0.17221438
  0.00674944 -0.01664045 -0.09659949  0.00028573 -0.0256974  -0.0387124
  0.04817404]",[-0.01955393],0.38160097234695534
04,06043,"[-0.22344399 -0.01738709 -0.04430059 -0.03937041  0.00479374 -0.17221438
  0.00674944 -0.01664045 -0.09659949  0.00028573 -0.0256974  -0.0387124
  0.04817404]",[-0.19169153],-1.9893931102891123
04,06045,"[-0.22344399 -0.01738709 -0.04430059 -0.03937041  0.00479374 -0.17221438
  0.00674944 -0.01664045 -0.09659949  0.00028573 -0.0256974  -0.0387124
  0.04817404]",[-0.02642428],0.28696991860213716
04,06047,"[-0.22344399 -0.01738709 -0.04430059 -0.03937041  0.00479374 -0.17221438
  0.00674944 -0.01664045 -0.09659949  0.00028573 -0.0256974  -0.0387124
  0.04817404]",[0.01394247],0.8429746577220192
04,06049,"[-0.22344399 -0.01738709 -0.04430059 -0.03937041  0.00479374 -0.17221438
  0.00674944 -0.01664045 -0.09659949  0.00028573 -0.0256974  -0.0387124
  0.04817404]",[-0.18917],-1.9546621058263016
04,06053,"[-0.22344399 -0.01738709 -0.04430059 -0.03937041  0.00479374 -0.17221438
  0.00674944 -0.01664045 -0.09659949  0.00028573 -0.0256974  -0.0387124
  0.04817404]",[-0.02196483],0.3483936372992737
04,06055,"[-0.22344399 -0.01738709 -0.04430059 -0.03937041  0.00479374 -0.17221438
  0.00674944 -0.01664045 -0.09659949  0.00028573 -0.0256974  -0.0387124
  0.04817404]",[-0.01373146],0.46179868929588
04,06057,"[-0.22344399 -0.01738709 -0.04430059 -0.03937041  0.00479374 -0.17221438
  0.00674944 -0.01664045 -0.09659949  0.00028573 -0.0256974  -0.0387124
  0.04817404]",[-0.1103338],-0.86878559647064
04,06059,"[-0.22344399 -0.01738709 -0.04430059 -0.03937041  0.00479374 -0.17221438
  0.00674944 -0.01664045 -0.09659949  0.00028573 -0.0256974  -0.0387124
  0.04817404]",[0.02495776],0.9946975221993921
04,06061,"[-0.22344399 -0.01738709 -0.04430059 -0.03937041  0.00479374 -0.17221438
  0.00674944 -0.01664045 -0.09659949  0.00028573 -0.0256974  -0.0387124
  0.04817404]",[0.00350268],0.6991787782002666
04,06063,"[-0.22344399 -0.01738709 -0.04430059 -0.03937041  0.00479374 -0.17221438
  0.00674944 -0.01664045 -0.09659949  0.00028573 -0.0256974  -0.0387124
  0.04817404]",[-0.31387601],-3.6723414844643467
04,06065,"[-0.22344399 -0.01738709 -0.04430059 -0.03937041  0.00479374 -0.17221438
  0.00674944 -0.01664045 -0.09659949  0.00028573 -0.0256974  -0.0387124
  0.04817404]",[0.00478974],0.716906545255809
04,06067,"[-0.22344399 -0.01738709 -0.04430059 -0.03937041  0.00479374 -0.17221438
  0.00674944 -0.01664045 -0.09659949  0.00028573 -0.0256974  -0.0387124
  0.04817404]",[0.01225019],0.8196655850342685
04,06069,"[-0.22344399 -0.01738709 -0.04430059 -0.03937041  0.00479374 -0.17221438
  0.00674944 -0.01664045 -0.09659949  0.00028573 -0.0256974  -0.0387124
  0.04817404]",[-0.05705034],-0.13486819128986993
04,06071,"[-0.22344399 -0.01738709 -0.04430059 -0.03937041  0.00479374 -0.17221438
  0.00674944 -0.01664045 -0.09659949  0.00028573 -0.0256974  -0.0387124
  0.04817404]",[0.0062415],0.7369029026489998
04,06073,"[-0.22344399 -0.01738709 -0.04430059 -0.03937041  0.00479374 -0.17221438
  0.00674944 -0.01664045 -0.09659949  0.00028573 -0.0256974  -0.0387124
  0.04817404]",[0.00499514],0.7197357775076275
04,06075,"[-0.22344399 -0.01738709 -0.04430059 -0.03937041  0.00479374 -0.17221438
  0.00674944 -0.01664045 -0.09659949  0.00028573 -0.0256974  -0.0387124
  0.04817404]",[0.01503513],0.8580248641921286
04,06077,"[-0.22344399 -0.01738709 -0.04430059 -0.03937041  0.00479374 -0.17221438
  0.00674944 -0.01664045 -0.09659949  0.00028573 -0.0256974  -0.0387124
  0.04817404]",[0.00555737],0.7274797410260926
04,06079,"[-0.22344399 -0.01738709 -0.04430059 -0.03937041  0.00479374 -0.17221438
  0.00674944 -0.01664045 -0.09659949  0.00028573 -0.0256974  -0.0387124
  0.04817404]",[-0.02191149],0.3491284115092387
04,06081,"[-0.22344399 -0.01738709 -0.04430059 -0.03937041  0.00479374 -0.17221438
  0.00674944 -0.01664045 -0.09659949  0.00028573 -0.0256974  -0.0387124
  0.04817404]",[-0.00393074],0.5967921435634703
04,06083,"[-0.22344399 -0.01738709 -0.04430059 -0.03937041  0.00479374 -0.17221438
  0.00674944 -0.01664045 -0.09659949  0.00028573 -0.0256974  -0.0387124
  0.04817404]",[0.0064808],0.7401989880864963
04,06085,"[-0.22344399 -0.01738709 -0.04430059 -0.03937041  0.00479374 -0.17221438
  0.00674944 -0.01664045 -0.09659949  0.00028573 -0.0256974  -0.0387124
  0.04817404]",[0.00028772],0.6548964450571169
04,06087,"[-0.22344399 -0.01738709 -0.04430059 -0.03937041  0.00479374 -0.17221438
  0.00674944 -0.01664045 -0.09659949  0.00028573 -0.0256974  -0.0387124
  0.04817404]",[-0.03085392],0.22595681499469736
04,06089,"[-0.22344399 -0.01738709 -0.04430059 -0.03937041  0.00479374 -0.17221438
  0.00674944 -0.01664045 -0.09659949  0.00028573 -0.0256974  -0.0387124
  0.04817404]",[-0.01214153],0.48369818943570403
04,06093,"[-0.22344399 -0.01738709 -0.04430059 -0.03937041  0.00479374 -0.17221438
  0.00674944 -0.01664045 -0.09659949  0.00028573 -0.0256974  -0.0387124
  0.04817404]",[-0.05473253],-0.10294308801201739
04,06095,"[-0.22344399 -0.01738709 -0.04430059 -0.03937041  0.00479374 -0.17221438
  0.00674944 -0.01664045 -0.09659949  0.00028573 -0.0256974  -0.0387124
  0.04817404]",[0.02925134],1.053836528156368
04,06097,"[-0.22344399 -0.01738709 -0.04430059 -0.03937041  0.00479374 -0.17221438
  0.00674944 -0.01664045 -0.09659949  0.00028573 -0.0256974  -0.0387124
  0.04817404]",[-0.00464404],0.5869672557672433
04,06099,"[-0.22344399 -0.01738709 -0.04430059 -0.03937041  0.00479374 -0.17221438
  0.00674944 -0.01664045 -0.09659949  0.00028573 -0.0256974  -0.0387124
  0.04817404]",[-0.02346259],0.3277638145203537
04,06101,"[-0.22344399 -0.01738709 -0.04430059 -0.03937041  0.00479374 -0.17221438
  0.00674944 -0.01664045 -0.09659949  0.00028573 -0.0256974  -0.0387124
  0.04817404]",[-0.05122621],-0.05464766846786425
04,06103,"[-0.22344399 -0.01738709 -0.04430059 -0.03937041  0.00479374 -0.17221438
  0.00674944 -0.01664045 -0.09659949  0.00028573 -0.0256974  -0.0387124
  0.04817404]",[-0.08010448],-0.45241210654304126
04,06105,"[-0.22344399 -0.01738709 -0.04430059 -0.03937041  0.00479374 -0.17221438
  0.00674944 -0.01664045 -0.09659949  0.00028573 -0.0256974  -0.0387124
  0.04817404]",[-0.32415386],-3.8139068954906956
04,06107,"[-0.22344399 -0.01738709 -0.04430059 -0.03937041  0.00479374 -0.17221438
  0.00674944 -0.01664045 -0.09659949  0.00028573 -0.0256974  -0.0387124
  0.04817404]",[-0.0111374],0.4975288544280969
04,06109,"[-0.22344399 -0.01738709 -0.04430059 -0.03937041  0.00479374 -0.17221438
  0.00674944 -0.01664045 -0.09659949  0.00028573 -0.0256974  -0.0387124
  0.04817404]",[-0.11829254],-0.9784078477079385
04,06111,"[-0.22344399 -0.01738709 -0.04430059 -0.03937041  0.00479374 -0.17221438
  0.00674944 -0.01664045 -0.09659949  0.00028573 -0.0256974  -0.0387124
  0.04817404]",[-0.00191832],0.6245108895473511
04,06113,"[-0.22344399 -0.01738709 -0.04430059 -0.03937041  0.00479374 -0.17221438
  0.00674944 -0.01664045 -0.09659949  0.00028573 -0.0256974  -0.0387124
  0.04817404]",[-0.029615],0.24302150932102848
04,06115,"[-0.22344399 -0.01738709 -0.04430059 -0.03937041  0.00479374 -0.17221438
  0.00674944 -0.01664045 -0.09659949  0.00028573 -0.0256974  -0.0387124
  0.04817404]",[-0.13013741],-1.14155712389794
04,08001,"[-0.22344399 -0.01738709 -0.04430059 -0.03937041  0.00479374 -0.17221438
  0.00674944 -0.01664045 -0.09659949  0.00028573 -0.0256974  -0.0387124
  0.04817404]",[0.00737325],0.7524914472072327
04,08003,"[-0.22344399 -0.01738709 -0.04430059 -0.03937041  0.00479374 -0.17221438
  0.00674944 -0.01664045 -0.09659949  0.00028573 -0.0256974  -0.0387124
  0.04817404]",[-0.28409483],-3.2621406425543316
04,08005,"[-0.22344399 -0.01738709 -0.04430059 -0.03937041  0.00479374 -0.17221438
  0.00674944 -0.01664045 -0.09659949  0.00028573 -0.0256974  -0.0387124
  0.04817404]",[-0.01178712],0.48857970872540135
04,08007,"[-0.22344399 -0.01738709 -0.04430059 -0.03937041  0.00479374 -0.17221438
  0.00674944 -0.01664045 -0.09659949  0.00028573 -0.0256974  -0.0387124
  0.04817404]",[-0.16202006],-1.5807034295693547
04,08013,"[-0.22344399 -0.01738709 -0.04430059 -0.03937041  0.00479374 -0.17221438
  0.00674944 -0.01664045 -0.09659949  0.00028573 -0.0256974  -0.0387124
  0.04817404]",[-0.02153017],0.3543805980643493
04,08014,"[-0.22344399 -0.01738709 -0.04430059 -0.03937041  0.00479374 -0.17221438
  0.00674944 -0.01664045 -0.09659949  0.00028573 -0.0256974  -0.0387124
  0.04817404]",[-0.01905287],0.3885025417408271
04,08015,"[-0.22344399 -0.01738709 -0.04430059 -0.03937041  0.00479374 -0.17221438
  0.00674944 -0.01664045 -0.09659949  0.00028573 -0.0256974  -0.0387124
  0.04817404]",[-0.32526163],-3.829165063093503
04,08029,"[-0.22344399 -0.01738709 -0.04430059 -0.03937041  0.00479374 -0.17221438
  0.00674944 -0.01664045 -0.09659949  0.00028573 -0.0256974  -0.0387124
  0.04817404]",[-0.21796442],-2.3512714890775115
04,08031,"[-0.22344399 -0.01738709 -0.04430059 -0.03937041  0.00479374 -0.17221438
  0.00674944 -0.01664045 -0.09659949  0.00028573 -0.0256974  -0.0387124
  0.04817404]",[0.01752478],0.8923168006019289
04,08035,"[-0.22344399 -0.01738709 -0.04430059 -0.03937041  0.00479374 -0.17221438
  0.00674944 -0.01664045 -0.09659949  0.00028573 -0.0256974  -0.0387124
  0.04817404]",[-0.03111761],0.2223248075240649
04,08039,"[-0.22344399 -0.01738709 -0.04430059 -0.03937041  0.00479374 -0.17221438
  0.00674944 -0.01664045 -0.09659949  0.00028573 -0.0256974  -0.0387124
  0.04817404]",[-0.15704263],-1.5121450839453268
04,08037,"[-0.22344399 -0.01738709 -0.04430059 -0.03937041  0.00479374 -0.17221438
  0.00674944 -0.01664045 -0.09659949  0.00028573 -0.0256974  -0.0387124
  0.04817404]",[-0.07660784],-0.4042499792141683
04,08041,"[-0.22344399 -0.01738709 -0.04430059 -0.03937041  0.00479374 -0.17221438
  0.00674944 -0.01664045 -0.09659949  0.00028573 -0.0256974  -0.0387124
  0.04817404]",[0.01270881],0.8259824545776925
04,08043,"[-0.22344399 -0.01738709 -0.04430059 -0.03937041  0.00479374 -0.17221438
  0.00674944 -0.01664045 -0.09659949  0.00028573 -0.0256974  -0.0387124
  0.04817404]",[-0.06342374],-0.2226543239601791
04,08045,"[-0.22344399 -0.01738709 -0.04430059 -0.03937041  0.00479374 -0.17221438
  0.00674944 -0.01664045 -0.09659949  0.00028573 -0.0256974  -0.0387124
  0.04817404]",[0.02608171],1.0101785981552514
04,08051,"[-0.22344399 -0.01738709 -0.04430059 -0.03937041  0.00479374 -0.17221438
  0.00674944 -0.01664045 -0.09659949  0.00028573 -0.0256974  -0.0387124
  0.04817404]",[-0.31700429],-3.7154299745205903
04,08059,"[-0.22344399 -0.01738709 -0.04430059 -0.03937041  0.00479374 -0.17221438
  0.00674944 -0.01664045 -0.09659949  0.00028573 -0.0256974  -0.0387124
  0.04817404]",[0.00836386],0.7661359428761356
04,08067,"[-0.22344399 -0.01738709 -0.04430059 -0.03937041  0.00479374 -0.17221438
  0.00674944 -0.01664045 -0.09659949  0.00028573 -0.0256974  -0.0387124
  0.04817404]",[-0.16360843],-1.6025813565799925
04,08069,"[-0.22344399 -0.01738709 -0.04430059 -0.03937041  0.00479374 -0.17221438
  0.00674944 -0.01664045 -0.09659949  0.00028573 -0.0256974  -0.0387124
  0.04817404]",[-0.01799494],0.40307417496159814
04,08071,"[-0.22344399 -0.01738709 -0.04430059 -0.03937041  0.00479374 -0.17221438
  0.00674944 -0.01664045 -0.09659949  0.00028573 -0.0256974  -0.0387124
  0.04817404]",[-0.2798728],-3.203987028763565
04,08075,"[-0.22344399 -0.01738709 -0.04430059 -0.03937041  0.00479374 -0.17221438
  0.00674944 -0.01664045 -0.09659949  0.00028573 -0.0256974  -0.0387124
  0.04817404]",[-0.17386872],-1.7439047918432178
04,08077,"[-0.22344399 -0.01738709 -0.04430059 -0.03937041  0.00479374 -0.17221438
  0.00674944 -0.01664045 -0.09659949  0.00028573 -0.0256974  -0.0387124
  0.04817404]",[-0.03171787],0.2140569352113963
04,08081,"[-0.22344399 -0.01738709 -0.04430059 -0.03937041  0.00479374 -0.17221438
  0.00674944 -0.01664045 -0.09659949  0.00028573 -0.0256974  -0.0387124
  0.04817404]",[-0.57563692],-7.277791959973615
04,08083,"[-0.22344399 -0.01738709 -0.04430059 -0.03937041  0.00479374 -0.17221438
  0.00674944 -0.01664045 -0.09659949  0.00028573 -0.0256974  -0.0387124
  0.04817404]",[-0.17218522],-1.720716629463821
04,08085,"[-0.22344399 -0.01738709 -0.04430059 -0.03937041  0.00479374 -0.17221438
  0.00674944 -0.01664045 -0.09659949  0.00028573 -0.0256974  -0.0387124
  0.04817404]",[-0.09335741],-0.6349557194501128
04,08087,"[-0.22344399 -0.01738709 -0.04430059 -0.03937041  0.00479374 -0.17221438
  0.00674944 -0.01664045 -0.09659949  0.00028573 -0.0256974  -0.0387124
  0.04817404]",[-0.14286028],-1.3167997548532326
04,08089,"[-0.22344399 -0.01738709 -0.04430059 -0.03937041  0.00479374 -0.17221438
  0.00674944 -0.01664045 -0.09659949  0.00028573 -0.0256974  -0.0387124
  0.04817404]",[-0.20077563],-2.1145160040727724
04,08093,"[-0.22344399 -0.01738709 -0.04430059 -0.03937041  0.00479374 -0.17221438
  0.00674944 -0.01664045 -0.09659949  0.00028573 -0.0256974  -0.0387124
  0.04817404]",[-0.15297964],-1.4561821465922522
04,08097,"[-0.22344399 -0.01738709 -0.04430059 -0.03937041  0.00479374 -0.17221438
  0.00674944 -0.01664045 -0.09659949  0.00028573 -0.0256974  -0.0387124
  0.04817404]",[-0.18444461],-1.8895753649033808
04,08099,"[-0.22344399 -0.01738709 -0.04430059 -0.03937041  0.00479374 -0.17221438
  0.00674944 -0.01664045 -0.09659949  0.00028573 -0.0256974  -0.0387124
  0.04817404]",[-0.26653485],-3.0202723540526657
04,08101,"[-0.22344399 -0.01738709 -0.04430059 -0.03937041  0.00479374 -0.17221438
  0.00674944 -0.01664045 -0.09659949  0.00028573 -0.0256974  -0.0387124
  0.04817404]",[-0.01587288],0.43230316339191355
04,08107,"[-0.22344399 -0.01738709 -0.04430059 -0.03937041  0.00479374 -0.17221438
  0.00674944 -0.01664045 -0.09659949  0.00028573 -0.0256974  -0.0387124
  0.04817404]",[-0.00636888],0.5632095769872704
04,08113,"[-0.22344399 -0.01738709 -0.04430059 -0.03937041  0.00479374 -0.17221438
  0.00674944 -0.01664045 -0.09659949  0.00028573 -0.0256974  -0.0387124
  0.04817404]",[-0.14553276],-1.3536101116969055
04,08119,"[-0.22344399 -0.01738709 -0.04430059 -0.03937041  0.00479374 -0.17221438
  0.00674944 -0.01664045 -0.09659949  0.00028573 -0.0256974  -0.0387124
  0.04817404]",[-0.0540096],-0.0929855288929114
04,08117,"[-0.22344399 -0.01738709 -0.04430059 -0.03937041  0.00479374 -0.17221438
  0.00674944 -0.01664045 -0.09659949  0.00028573 -0.0256974  -0.0387124
  0.04817404]",[-0.30683133],-3.57530932205003
04,08123,"[-0.22344399 -0.01738709 -0.04430059 -0.03937041  0.00479374 -0.17221438
  0.00674944 -0.01664045 -0.09659949  0.00028573 -0.0256974  -0.0387124
  0.04817404]",[0.00299528],0.6921899221504996
04,09001,"[-0.22344399 -0.01738709 -0.04430059 -0.03937041  0.00479374 -0.17221438
  0.00674944 -0.01664045 -0.09659949  0.00028573 -0.0256974  -0.0387124
  0.04817404]",[-0.00269907],0.6137570072424106
04,09003,"[-0.22344399 -0.01738709 -0.04430059 -0.03937041  0.00479374 -0.17221438
  0.00674944 -0.01664045 -0.09659949  0.00028573 -0.0256974  -0.0387124
  0.04817404]",[0.00891037],0.7736633785322017
04,09005,"[-0.22344399 -0.01738709 -0.04430059 -0.03937041  0.00479374 -0.17221438
  0.00674944 -0.01664045 -0.09659949  0.00028573 -0.0256974  -0.0387124
  0.04817404]",[-0.0274436],0.2729300669594306
04,09007,"[-0.22344399 -0.01738709 -0.04430059 -0.03937041  0.00479374 -0.17221438
  0.00674944 -0.01664045 -0.09659949  0.00028573 -0.0256974  -0.0387124
  0.04817404]",[0.09837531],2.0059384295917244
04,09009,"[-0.22344399 -0.01738709 -0.04430059 -0.03937041  0.00479374 -0.17221438
  0.00674944 -0.01664045 -0.09659949  0.00028573 -0.0256974  -0.0387124
  0.04817404]",[-0.00507377],0.5810482192918575
04,09011,"[-0.22344399 -0.01738709 -0.04430059 -0.03937041  0.00479374 -0.17221438
  0.00674944 -0.01664045 -0.09659949  0.00028573 -0.0256974  -0.0387124
  0.04817404]",[0.01740081],0.8906092479666616
04,09015,"[-0.22344399 -0.01738709 -0.04430059 -0.03937041  0.00479374 -0.17221438
  0.00674944 -0.01664045 -0.09659949  0.00028573 -0.0256974  -0.0387124
  0.04817404]",[0.03475478],1.1296400179943424
04,09013,"[-0.22344399 -0.01738709 -0.04430059 -0.03937041  0.00479374 -0.17221438
  0.00674944 -0.01664045 -0.09659949  0.00028573 -0.0256974  -0.0387124
  0.04817404]",[-0.05612871],-0.12217384178852546
04,10001,"[-0.22344399 -0.01738709 -0.04430059 -0.03937041  0.00479374 -0.17221438
  0.00674944 -0.01664045 -0.09659949  0.00028573 -0.0256974  -0.0387124
  0.04817404]",[-0.02692733],0.28004108380953846
04,10003,"[-0.22344399 -0.01738709 -0.04430059 -0.03937041  0.00479374 -0.17221438
  0.00674944 -0.01664045 -0.09659949  0.00028573 -0.0256974  -0.0387124
  0.04817404]",[0.02430488],0.98570481897864
04,10005,"[-0.22344399 -0.01738709 -0.04430059 -0.03937041  0.00479374 -0.17221438
  0.00674944 -0.01664045 -0.09659949  0.00028573 -0.0256974  -0.0387124
  0.04817404]",[-0.01226792],0.4819572977477872
04,11001,"[-0.22344399 -0.01738709 -0.04430059 -0.03937041  0.00479374 -0.17221438
  0.00674944 -0.01664045 -0.09659949  0.00028573 -0.0256974  -0.0387124
  0.04817404]",[0.0132667],0.8336667353124512
04,12001,"[-0.22344399 -0.01738709 -0.04430059 -0.03937041  0.00479374 -0.17221438
  0.00674944 -0.01664045 -0.09659949  0.00028573 -0.0256974  -0.0387124
  0.04817404]",[0.02744727],1.0289874939916992
04,12003,"[-0.22344399 -0.01738709 -0.04430059 -0.03937041  0.00479374 -0.17221438
  0.00674944 -0.01664045 -0.09659949  0.00028573 -0.0256974  -0.0387124
  0.04817404]",[-0.31727925],-3.719217215530746
04,12005,"[-0.22344399 -0.01738709 -0.04430059 -0.03937041  0.00479374 -0.17221438
  0.00674944 -0.01664045 -0.09659949  0.00028573 -0.0256974  -0.0387124
  0.04817404]",[-0.0131045],0.47043429338818327
04,12007,"[-0.22344399 -0.01738709 -0.04430059 -0.03937041  0.00479374 -0.17221438
  0.00674944 -0.01664045 -0.09659949  0.00028573 -0.0256974  -0.0387124
  0.04817404]",[-0.35700733],-4.266425076540876
04,12009,"[-0.22344399 -0.01738709 -0.04430059 -0.03937041  0.00479374 -0.17221438
  0.00674944 -0.01664045 -0.09659949  0.00028573 -0.0256974  -0.0387124
  0.04817404]",[0.02334014],0.9724166683448336
04,12011,"[-0.22344399 -0.01738709 -0.04430059 -0.03937041  0.00479374 -0.17221438
  0.00674944 -0.01664045 -0.09659949  0.00028573 -0.0256974  -0.0387124
  0.04817404]",[-0.00169824],0.6275422683123563
04,12015,"[-0.22344399 -0.01738709 -0.04430059 -0.03937041  0.00479374 -0.17221438
  0.00674944 -0.01664045 -0.09659949  0.00028573 -0.0256974  -0.0387124
  0.04817404]",[-0.06187799],-0.2013634532343491
04,12017,"[-0.22344399 -0.01738709 -0.04430059 -0.03937041  0.00479374 -0.17221438
  0.00674944 -0.01664045 -0.09659949  0.00028573 -0.0256974  -0.0387124
  0.04817404]",[-0.06717986],-0.2743905408968571
04,12019,"[-0.22344399 -0.01738709 -0.04430059 -0.03937041  0.00479374 -0.17221438
  0.00674944 -0.01664045 -0.09659949  0.00028573 -0.0256974  -0.0387124
  0.04817404]",[0.02604913],1.0097298407573978
04,12021,"[-0.22344399 -0.01738709 -0.04430059 -0.03937041  0.00479374 -0.17221438
  0.00674944 -0.01664045 -0.09659949  0.00028573 -0.0256974  -0.0387124
  0.04817404]",[-0.00425768],0.5922889945643216
04,12023,"[-0.22344399 -0.01738709 -0.04430059 -0.03937041  0.00479374 -0.17221438
  0.00674944 -0.01664045 -0.09659949  0.00028573 -0.0256974  -0.0387124
  0.04817404]",[-0.15544466],-1.490134859006
04,12027,"[-0.22344399 -0.01738709 -0.04430059 -0.03937041  0.00479374 -0.17221438
  0.00674944 -0.01664045 -0.09659949  0.00028573 -0.0256974  -0.0387124
  0.04817404]",[-0.05763751],-0.14295579461940386
04,12031,"[-0.22344399 -0.01738709 -0.04430059 -0.03937041  0.00479374 -0.17221438
  0.00674944 -0.01664045 -0.09659949  0.00028573 -0.0256974  -0.0387124
  0.04817404]",[0.01236235],0.821210482094428
04,12033,"[-0.22344399 -0.01738709 -0.04430059 -0.03937041  0.00479374 -0.17221438
  0.00674944 -0.01664045 -0.09659949  0.00028573 -0.0256974  -0.0387124
  0.04817404]",[0.01291106],0.8287683006963877
04,12035,"[-0.22344399 -0.01738709 -0.04430059 -0.03937041  0.00479374 -0.17221438
  0.00674944 -0.01664045 -0.09659949  0.00028573 -0.0256974  -0.0387124
  0.04817404]",[-0.06748974],-0.2786587632654372
04,12037,"[-0.22344399 -0.01738709 -0.04430059 -0.03937041  0.00479374 -0.17221438
  0.00674944 -0.01664045 -0.09659949  0.00028573 -0.0256974  -0.0387124
  0.04817404]",[-0.09968392],-0.7220959469651606
04,12041,"[-0.22344399 -0.01738709 -0.04430059 -0.03937041  0.00479374 -0.17221438
  0.00674944 -0.01664045 -0.09659949  0.00028573 -0.0256974  -0.0387124
  0.04817404]",[-0.29398724],-3.3983969037204305
04,12039,"[-0.22344399 -0.01738709 -0.04430059 -0.03937041  0.00479374 -0.17221438
  0.00674944 -0.01664045 -0.09659949  0.00028573 -0.0256974  -0.0387124
  0.04817404]",[-0.18616529],-1.9132756927668337
04,12049,"[-0.22344399 -0.01738709 -0.04430059 -0.03937041  0.00479374 -0.17221438
  0.00674944 -0.01664045 -0.09659949  0.00028573 -0.0256974  -0.0387124
  0.04817404]",[-0.17867219],-1.810066980998383
04,12051,"[-0.22344399 -0.01738709 -0.04430059 -0.03937041  0.00479374 -0.17221438
  0.00674944 -0.01664045 -0.09659949  0.00028573 -0.0256974  -0.0387124
  0.04817404]",[-0.13904593],-1.2642616141593714
04,12053,"[-0.22344399 -0.01738709 -0.04430059 -0.03937041  0.00479374 -0.17221438
  0.00674944 -0.01664045 -0.09659949  0.00028573 -0.0256974  -0.0387124
  0.04817404]",[-0.02166865],0.352473238063856
04,12055,"[-0.22344399 -0.01738709 -0.04430059 -0.03937041  0.00479374 -0.17221438
  0.00674944 -0.01664045 -0.09659949  0.00028573 -0.0256974  -0.0387124
  0.04817404]",[-0.02717281],0.2766598391987885
