src_state,tar_geoid,src_moran,tar_moran,moran_shift
10,34019,[-0.02692733  0.02430488 -0.01226792],[-0.04899203],-2.0436802244785177
10,34021,[-0.02692733  0.02430488 -0.01226792],[-0.02020148],-0.7073052604693134
10,34023,[-0.02692733  0.02430488 -0.01226792],[0.00018554],0.23900168019961426
10,34025,[-0.02692733  0.02430488 -0.01226792],[0.0013935],0.2950716109231939
10,34027,[-0.02692733  0.02430488 -0.01226792],[0.00704834],0.5575527729549346
10,34029,[-0.02692733  0.02430488 -0.01226792],[-0.00441663],0.02538180354749225
10,34031,[-0.02692733  0.02430488 -0.01226792],[-0.01818112],-0.6135261068693061
10,34033,[-0.02692733  0.02430488 -0.01226792],[0.06710218],3.3450799702089316
10,34035,[-0.02692733  0.02430488 -0.01226792],[-0.00585429],-0.041350109100323204
10,34037,[-0.02692733  0.02430488 -0.01226792],[0.00019775],0.23956842061091035
10,34039,[-0.02692733  0.02430488 -0.01226792],[-0.02090516],-0.7399681680292982
10,34041,[-0.02692733  0.02430488 -0.01226792],[-0.01082977],-0.272297557847053
10,35001,[-0.02692733  0.02430488 -0.01226792],[0.02046888],1.180496031636659
10,35005,[-0.02692733  0.02430488 -0.01226792],[-0.03137917],-1.2261416152643134
10,35006,[-0.02692733  0.02430488 -0.01226792],[0.15292752],7.328845777696939
10,35009,[-0.02692733  0.02430488 -0.01226792],[-0.14750632],-6.616430436177271
10,35013,[-0.02692733  0.02430488 -0.01226792],[-0.02540759],-0.9489581374772672
10,35015,[-0.02692733  0.02430488 -0.01226792],[-0.20082789],-9.091464802464934
10,35017,[-0.02692733  0.02430488 -0.01226792],[-0.06591256],-2.8290826890175
10,35025,[-0.02692733  0.02430488 -0.01226792],[0.0855762],4.202590495741407
10,35027,[-0.02692733  0.02430488 -0.01226792],[-0.51884455],-23.85288476418922
10,35029,[-0.02692733  0.02430488 -0.01226792],[-0.24148163],-10.978494531014631
10,35028,[-0.02692733  0.02430488 -0.01226792],[-0.44895581],-20.608850129291888
10,35031,[-0.02692733  0.02430488 -0.01226792],[0.00816934],0.6095865481275277
10,35035,[-0.02692733  0.02430488 -0.01226792],[-0.04690832],-1.9469600442893282
10,35039,[-0.02692733  0.02430488 -0.01226792],[-0.11627832],-5.166916530429017
10,35041,[-0.02692733  0.02430488 -0.01226792],[-0.32508994],-14.859352224110314
10,35043,[-0.02692733  0.02430488 -0.01226792],[-0.09265363],-4.070326342409333
10,35047,[-0.02692733  0.02430488 -0.01226792],[-0.25684164],-11.691462075581647
10,35045,[-0.02692733  0.02430488 -0.01226792],[-0.05521813],-2.3326775931519745
10,35049,[-0.02692733  0.02430488 -0.01226792],[0.01729221],1.0330438836518332
10,35051,[-0.02692733  0.02430488 -0.01226792],[-0.07554719],-3.2762943121784027
10,35053,[-0.02692733  0.02430488 -0.01226792],[-0.07309537],-3.1624879510336337
10,35057,[-0.02692733  0.02430488 -0.01226792],[-0.40421718],-18.532211466668
10,35055,[-0.02692733  0.02430488 -0.01226792],[-0.15186857],-6.818913482039643
10,35061,[-0.02692733  0.02430488 -0.01226792],[-0.12145996],-5.407433221148813
10,36001,[-0.02692733  0.02430488 -0.01226792],[-0.02666149],-1.0071606583044126
10,36003,[-0.02692733  0.02430488 -0.01226792],[-0.16494376],-7.425826376188514
10,36005,[-0.02692733  0.02430488 -0.01226792],[-0.0046375],0.01512965346110752
10,36007,[-0.02692733  0.02430488 -0.01226792],[-0.01319803],-0.38222543929194913
10,36009,[-0.02692733  0.02430488 -0.01226792],[-0.01873715],-0.6393352217827424
10,36011,[-0.02692733  0.02430488 -0.01226792],[-0.10379011],-4.5872494256283405
10,36015,[-0.02692733  0.02430488 -0.01226792],[-0.03479666],-1.3847717940025757
10,36013,[-0.02692733  0.02430488 -0.01226792],[-0.06761235],-2.9079817576614326
10,36017,[-0.02692733  0.02430488 -0.01226792],[-0.04774504],-1.9857983931940388
10,36019,[-0.02692733  0.02430488 -0.01226792],[-0.0705203],-3.0429604384857294
10,36021,[-0.02692733  0.02430488 -0.01226792],[-0.06293538],-2.6908902533927517
10,36023,[-0.02692733  0.02430488 -0.01226792],[-0.05523447],-2.3334364138746775
10,36025,[-0.02692733  0.02430488 -0.01226792],[-0.06890408],-2.967940385646536
10,36027,[-0.02692733  0.02430488 -0.01226792],[-0.0230643],-0.8401895108581028
10,36029,[-0.02692733  0.02430488 -0.01226792],[0.01094109],0.7382432788097237
10,36033,[-0.02692733  0.02430488 -0.01226792],[-0.1006778],-4.442784919105896
10,36031,[-0.02692733  0.02430488 -0.01226792],[-0.05110787],-2.14189142118566
10,36035,[-0.02692733  0.02430488 -0.01226792],[-0.08645956],-3.78281503472513
10,36037,[-0.02692733  0.02430488 -0.01226792],[-0.05941227],-2.5273578261263365
10,36039,[-0.02692733  0.02430488 -0.01226792],[-0.06063665],-2.584189840076141
10,36041,[-0.02692733  0.02430488 -0.01226792],[-0.37236004],-17.053494582787675
10,36043,[-0.02692733  0.02430488 -0.01226792],[-0.07679769],-3.3343388456867933
10,36045,[-0.02692733  0.02430488 -0.01226792],[-0.00211864],0.13204783571422807
10,36047,[-0.02692733  0.02430488 -0.01226792],[0.00894581],0.6456282760929406
10,36049,[-0.02692733  0.02430488 -0.01226792],[-0.19643788],-8.88769288612558
10,36051,[-0.02692733  0.02430488 -0.01226792],[-0.06205662],-2.6501008010456593
10,36055,[-0.02692733  0.02430488 -0.01226792],[0.01081274],0.7322857984977964
10,36057,[-0.02692733  0.02430488 -0.01226792],[-0.05574504],-2.357135305215299
10,36059,[-0.02692733  0.02430488 -0.01226792],[0.00599637],0.5087234027686354
10,36061,[-0.02692733  0.02430488 -0.01226792],[0.01487785],0.9209761168120336
10,36063,[-0.02692733  0.02430488 -0.01226792],[-0.03692832],-1.4837174719542792
10,36067,[-0.02692733  0.02430488 -0.01226792],[0.00864976],0.6318862811263892
10,36069,[-0.02692733  0.02430488 -0.01226792],[-0.08952649],-3.9251735294590366
10,36071,[-0.02692733  0.02430488 -0.01226792],[-0.01699582],-0.5585080802490265
10,36073,[-0.02692733  0.02430488 -0.01226792],[-0.16828543],-7.580937071831377
10,36075,[-0.02692733  0.02430488 -0.01226792],[-0.05308748],-2.2337793300212305
10,36077,[-0.02692733  0.02430488 -0.01226792],[0.05579189],2.8200887844828
10,36079,[-0.02692733  0.02430488 -0.01226792],[0.01542109],0.9461918827468986
10,36081,[-0.02692733  0.02430488 -0.01226792],[-0.00071091],0.19739065619878604
10,36083,[-0.02692733  0.02430488 -0.01226792],[0.00448442],0.43854295966494267
10,36085,[-0.02692733  0.02430488 -0.01226792],[-0.01274503],-0.36119861679888055
10,36087,[-0.02692733  0.02430488 -0.01226792],[0.02120967],1.214881450690241
10,36089,[-0.02692733  0.02430488 -0.01226792],[-0.0432701],-1.7780846587896515
10,36091,[-0.02692733  0.02430488 -0.01226792],[0.01239206],0.8055930449938625
10,36093,[-0.02692733  0.02430488 -0.01226792],[0.01215869],0.7947606943480242
10,36095,[-0.02692733  0.02430488 -0.01226792],[-0.14394695],-6.451214645343407
10,36097,[-0.02692733  0.02430488 -0.01226792],[-0.31047848],-14.181130002625014
10,36099,[-0.02692733  0.02430488 -0.01226792],[-0.16315396],-7.34274903334
10,36101,[-0.02692733  0.02430488 -0.01226792],[-0.05888485],-2.5028763066545516
10,36103,[-0.02692733  0.02430488 -0.01226792],[0.01429867],0.8940924499918131
10,36105,[-0.02692733  0.02430488 -0.01226792],[-0.05442393],-2.2958134477620806
10,36107,[-0.02692733  0.02430488 -0.01226792],[-0.04836432],-2.0145434355758676
10,36109,[-0.02692733  0.02430488 -0.01226792],[-0.04991596],-2.0865664024761554
10,36111,[-0.02692733  0.02430488 -0.01226792],[-0.00514307],-0.008337484139012552
10,36113,[-0.02692733  0.02430488 -0.01226792],[0.11427311],5.534618962523413
10,36115,[-0.02692733  0.02430488 -0.01226792],[-0.07438491],-3.2223447607054445
10,36117,[-0.02692733  0.02430488 -0.01226792],[-0.01761556],-0.5872742765442428
10,36119,[-0.02692733  0.02430488 -0.01226792],[-0.00479155],0.007979238271023592
10,36121,[-0.02692733  0.02430488 -0.01226792],[-0.04488699],-1.853136018482917
10,36123,[-0.02692733  0.02430488 -0.01226792],[-0.30725541],-14.031524522454113
10,37001,[-0.02692733  0.02430488 -0.01226792],[-0.04774845],-1.9859566237791668
10,37003,[-0.02692733  0.02430488 -0.01226792],[-0.12913278],-5.763583613351811
10,37007,[-0.02692733  0.02430488 -0.01226792],[-0.23534212],-10.693516237792853
10,37009,[-0.02692733  0.02430488 -0.01226792],[-0.18240872],-8.236499785414857
10,37011,[-0.02692733  0.02430488 -0.01226792],[-0.29427368],-13.428949742109928
10,37013,[-0.02692733  0.02430488 -0.01226792],[-0.1638171],-7.373530074117156
10,37015,[-0.02692733  0.02430488 -0.01226792],[-0.15117336],-6.786644150696105
10,37017,[-0.02692733  0.02430488 -0.01226792],[-0.2052943],-9.298782765998967
10,37019,[-0.02692733  0.02430488 -0.01226792],[-0.05845668],-2.48300208179666
10,37021,[-0.02692733  0.02430488 -0.01226792],[0.00387623],0.4103127814237777
10,37023,[-0.02692733  0.02430488 -0.01226792],[-0.06909652],-2.976872843398335
10,37025,[-0.02692733  0.02430488 -0.01226792],[0.02756449],1.5098537724362748
10,37027,[-0.02692733  0.02430488 -0.01226792],[-0.09464016],-4.162535033608901
10,37031,[-0.02692733  0.02430488 -0.01226792],[-0.02628418],-0.9896470481810914
10,37033,[-0.02692733  0.02430488 -0.01226792],[-0.25960426],-11.81969483387708
10,37035,[-0.02692733  0.02430488 -0.01226792],[0.00636201],0.5256956374810434
10,37037,[-0.02692733  0.02430488 -0.01226792],[-0.03411463],-1.3531137578448065
10,37039,[-0.02692733  0.02430488 -0.01226792],[-0.14043355],-6.288132828162651
10,37047,[-0.02692733  0.02430488 -0.01226792],[-0.12621571],-5.6281816592244045
10,37045,[-0.02692733  0.02430488 -0.01226792],[0.04662044],2.394376424386151
10,37049,[-0.02692733  0.02430488 -0.01226792],[-0.09043212],-3.967210111193482
10,37051,[-0.02692733  0.02430488 -0.01226792],[0.03183924],1.7082752463460236
10,37053,[-0.02692733  0.02430488 -0.01226792],[-0.19816371],-8.967801303968331
10,37055,[-0.02692733  0.02430488 -0.01226792],[0.09185214],4.493901884192111
10,37059,[-0.02692733  0.02430488 -0.01226792],[-0.18885643],-8.535784116566326
10,37057,[-0.02692733  0.02430488 -0.01226792],[-0.00670562],-0.08086659480069416
10,37061,[-0.02692733  0.02430488 -0.01226792],[-0.01157914],-0.3070810222266059
10,37063,[-0.02692733  0.02430488 -0.01226792],[-0.01639375],-0.5305613801169412
10,37065,[-0.02692733  0.02430488 -0.01226792],[0.20290975],9.648876980739018
10,37069,[-0.02692733  0.02430488 -0.01226792],[-0.0842143],-3.6785965290144493
10,37067,[-0.02692733  0.02430488 -0.01226792],[0.02086265],1.19877333669344
10,37071,[-0.02692733  0.02430488 -0.01226792],[-0.00978735],-0.22391152388463034
10,37077,[-0.02692733  0.02430488 -0.01226792],[0.03234147],1.7315872938601684
10,37079,[-0.02692733  0.02430488 -0.01226792],[-0.36871334],-16.884224936800052
10,37081,[-0.02692733  0.02430488 -0.01226792],[0.02196941],1.2501462013195244
10,37083,[-0.02692733  0.02430488 -0.01226792],[-0.1205313],-5.364327491842468
10,37085,[-0.02692733  0.02430488 -0.01226792],[-0.054874],-2.3167040203115907
10,37087,[-0.02692733  0.02430488 -0.01226792],[-0.04788262],-1.9921846258099891
10,37089,[-0.02692733  0.02430488 -0.01226792],[-0.06295296],-2.691706575332307
10,37091,[-0.02692733  0.02430488 -0.01226792],[-0.1532683],-6.883885161613634
10,37093,[-0.02692733  0.02430488 -0.01226792],[-0.12085522],-5.379363108719406
10,37097,[-0.02692733  0.02430488 -0.01226792],[-0.03592662],-1.4372213346953204
10,37099,[-0.02692733  0.02430488 -0.01226792],[-0.16399767],-7.38191177643511
10,37101,[-0.02692733  0.02430488 -0.01226792],[-0.03741184],-1.5061607869489995
10,37105,[-0.02692733  0.02430488 -0.01226792],[-0.04821605],-2.007661239881878
10,37107,[-0.02692733  0.02430488 -0.01226792],[-0.1171001],-5.205061064992457
10,37109,[-0.02692733  0.02430488 -0.01226792],[-0.01740626],-0.5775594788989795
10,37111,[-0.02692733  0.02430488 -0.01226792],[-0.16125404],-7.254560386246528
10,37113,[-0.02692733  0.02430488 -0.01226792],[-0.07314954],-3.1650022286882407
10,37115,[-0.02692733  0.02430488 -0.01226792],[-0.20090595],-9.095088165637598
10,37117,[-0.02692733  0.02430488 -0.01226792],[-0.1790597],-8.081047804617452
10,37119,[-0.02692733  0.02430488 -0.01226792],[0.00993911],0.6917341718277882
10,37123,[-0.02692733  0.02430488 -0.01226792],[-0.17085148],-7.700045978316674
10,37121,[-0.02692733  0.02430488 -0.01226792],[-0.21276405],-9.645506971611521
10,37125,[-0.02692733  0.02430488 -0.01226792],[-0.02293713],-0.8342863490635049
10,37127,[-0.02692733  0.02430488 -0.01226792],[0.0027057],0.3559800923993811
10,37129,[-0.02692733  0.02430488 -0.01226792],[-0.01020056],-0.24309167053011313
10,37131,[-0.02692733  0.02430488 -0.01226792],[-0.22206719],-10.077332234411214
10,37133,[-0.02692733  0.02430488 -0.01226792],[-0.01183124],-0.31878309282577527
10,37137,[-0.02692733  0.02430488 -0.01226792],[-0.30760835],-14.047907224052954
10,37135,[-0.02692733  0.02430488 -0.01226792],[-0.0473494],-1.9674337569386506
10,37139,[-0.02692733  0.02430488 -0.01226792],[-0.07635853],-3.3139546442808197
10,37141,[-0.02692733  0.02430488 -0.01226792],[-0.11982278],-5.3314401963646905
10,37145,[-0.02692733  0.02430488 -0.01226792],[-0.06798852],-2.925442802345259
10,37147,[-0.02692733  0.02430488 -0.01226792],[-0.01893494],-0.6485163236366351
10,37149,[-0.02692733  0.02430488 -0.01226792],[-0.16889861],-7.609399286803141
10,37151,[-0.02692733  0.02430488 -0.01226792],[-0.00727638],-0.10735931075634354
10,37155,[-0.02692733  0.02430488 -0.01226792],[-0.05173277],-2.170897482486951
10,37153,[-0.02692733  0.02430488 -0.01226792],[-0.12054692],-5.365052571531155
10,37157,[-0.02692733  0.02430488 -0.01226792],[-0.0824323],-3.5958813701323766
10,37159,[-0.02692733  0.02430488 -0.01226792],[-0.03605347],-1.4431093551335663
10,37161,[-0.02692733  0.02430488 -0.01226792],[0.04677083],2.4013570412721004
10,37163,[-0.02692733  0.02430488 -0.01226792],[-0.06936164],-2.989178884030523
10,37165,[-0.02692733  0.02430488 -0.01226792],[-0.20516024],-9.292560091290786
10,37167,[-0.02692733  0.02430488 -0.01226792],[-0.11493715],-5.104663078109464
10,37169,[-0.02692733  0.02430488 -0.01226792],[-0.24358771],-11.07625294095374
10,37171,[-0.02692733  0.02430488 -0.01226792],[-0.05078676],-2.126986534447039
10,37175,[-0.02692733  0.02430488 -0.01226792],[-0.14069499],-6.300268002576847
10,37173,[-0.02692733  0.02430488 -0.01226792],[-0.25941378],-11.810853338998102
10,37179,[-0.02692733  0.02430488 -0.01226792],[-0.02400803],-0.883994736033321
10,37181,[-0.02692733  0.02430488 -0.01226792],[-0.06017641],-2.562827102447097
10,37183,[-0.02692733  0.02430488 -0.01226792],[0.03280854],1.7532674865776536
10,37185,[-0.02692733  0.02430488 -0.01226792],[-0.25992355],-11.834515503784383
10,37189,[-0.02692733  0.02430488 -0.01226792],[-0.04382497],-1.8038401838599616
10,37191,[-0.02692733  0.02430488 -0.01226792],[-0.03658854],-1.4679457979522819
10,37193,[-0.02692733  0.02430488 -0.01226792],[0.01242885],0.8073005656118506
10,37195,[-0.02692733  0.02430488 -0.01226792],[-0.03944088],-1.600343256880659
10,37199,[-0.02692733  0.02430488 -0.01226792],[-0.2901688],-13.238413150149452
10,37197,[-0.02692733  0.02430488 -0.01226792],[-0.07078766],-3.0553704555478416
10,38003,[-0.02692733  0.02430488 -0.01226792],[-0.09781569],-4.309933953562614
10,38005,[-0.02692733  0.02430488 -0.01226792],[-0.4226931],-19.389810432503133
10,38015,[-0.02692733  0.02430488 -0.01226792],[-0.01610943],-0.5173642614507292
10,38017,[-0.02692733  0.02430488 -0.01226792],[-0.02650527],-0.9999094854850601
10,38035,[-0.02692733  0.02430488 -0.01226792],[0.01243499],0.8075859761160225
10,38053,[-0.02692733  0.02430488 -0.01226792],[-0.16388482],-7.376673512783888
10,38059,[-0.02692733  0.02430488 -0.01226792],[-0.4176643],-19.156388320790636
10,38067,[-0.02692733  0.02430488 -0.01226792],[-0.20192667],-9.14246686896167
10,38077,[-0.02692733  0.02430488 -0.01226792],[0.18746017],8.93175188105234
10,38079,[-0.02692733  0.02430488 -0.01226792],[-0.37685517],-17.26214566262471
10,38089,[-0.02692733  0.02430488 -0.01226792],[-0.134295],-6.003198812603809
10,38097,[-0.02692733  0.02430488 -0.01226792],[-0.43448344],-19.937084184960028
10,38093,[-0.02692733  0.02430488 -0.01226792],[-0.2950364],-13.464353364946687
10,38099,[-0.02692733  0.02430488 -0.01226792],[-0.12457577],-5.552060046120254
10,38101,[-0.02692733  0.02430488 -0.01226792],[-0.1413643],-6.331335757804732
10,39001,[-0.02692733  0.02430488 -0.01226792],[-0.24049888],-10.932877971752118
10,38105,[-0.02692733  0.02430488 -0.01226792],[-0.2156107],-9.777640074097729
10,39003,[-0.02692733  0.02430488 -0.01226792],[0.07026005],3.4916590733442043
10,39005,[-0.02692733  0.02430488 -0.01226792],[-0.12818285],-5.719490536837662
10,39007,[-0.02692733  0.02430488 -0.01226792],[-0.09849776],-4.341594059504182
10,39011,[-0.02692733  0.02430488 -0.01226792],[-0.07585947],-3.2907895032158314
10,39009,[-0.02692733  0.02430488 -0.01226792],[0.00891421],0.6441612778333649
10,39013,[-0.02692733  0.02430488 -0.01226792],[-0.06604067],-2.8350291186414136
10,39015,[-0.02692733  0.02430488 -0.01226792],[-0.0378284],-1.5254965042296815
10,39017,[-0.02692733  0.02430488 -0.01226792],[0.0164039],0.9918110779430557
10,39019,[-0.02692733  0.02430488 -0.01226792],[-0.18178598],-8.207593832476348
10,39021,[-0.02692733  0.02430488 -0.01226792],[-0.04131566],-1.6873649462667752
10,39023,[-0.02692733  0.02430488 -0.01226792],[-0.03369291],-1.3335388394462877
10,39025,[-0.02692733  0.02430488 -0.01226792],[-0.05719022],-2.424216718264989
10,39029,[-0.02692733  0.02430488 -0.01226792],[-0.0150912],-0.47010110402815847
10,39027,[-0.02692733  0.02430488 -0.01226792],[0.08802835],4.316412403456687
10,39031,[-0.02692733  0.02430488 -0.01226792],[-0.0847512],-3.7035182957306465
10,39033,[-0.02692733  0.02430488 -0.01226792],[-0.14747499],-6.614976209985159
10,39035,[-0.02692733  0.02430488 -0.01226792],[-0.00336362],0.07425987452486815
10,39037,[-0.02692733  0.02430488 -0.01226792],[-0.13162115],-5.879086550193701
10,39039,[-0.02692733  0.02430488 -0.01226792],[-0.10192327],-4.50059634217628
10,39041,[-0.02692733  0.02430488 -0.01226792],[-0.02932252],-1.1306781082595636
10,39043,[-0.02692733  0.02430488 -0.01226792],[-0.02103136],-0.74582593730824
10,39045,[-0.02692733  0.02430488 -0.01226792],[0.14535308],6.977261659830247
10,39047,[-0.02692733  0.02430488 -0.01226792],[-0.05656687],-2.3952825728057925
10,39049,[-0.02692733  0.02430488 -0.01226792],[0.0129537],0.8316626344524803
10,39051,[-0.02692733  0.02430488 -0.01226792],[-0.12604368],-5.620196261077891
10,39053,[-0.02692733  0.02430488 -0.01226792],[-0.21999353],-9.98107856475376
10,39055,[-0.02692733  0.02430488 -0.01226792],[-0.06984127],-3.0114417222833363
10,39057,[-0.02692733  0.02430488 -0.01226792],[-4.96279684e-05],0.22808566398507255
10,39059,[-0.02692733  0.02430488 -0.01226792],[-0.16930499],-7.628262119450304
10,39061,[-0.02692733  0.02430488 -0.01226792],[0.00341811],0.3890482380708393
10,39065,[-0.02692733  0.02430488 -0.01226792],[-0.21091695],-9.559769730591904
10,39063,[-0.02692733  0.02430488 -0.01226792],[-0.09306291],-4.089323909625816
10,39067,[-0.02692733  0.02430488 -0.01226792],[-0.28748659],-13.11391246411737
10,39069,[-0.02692733  0.02430488 -0.01226792],[-0.26547122],-12.092022491887933
10,39071,[-0.02692733  0.02430488 -0.01226792],[-0.14471557],-6.4868919838226775
10,39075,[-0.02692733  0.02430488 -0.01226792],[-0.22959314],-10.426664849928876
10,39073,[-0.02692733  0.02430488 -0.01226792],[-0.2156888],-9.7812653019626
10,39077,[-0.02692733  0.02430488 -0.01226792],[-0.13639419],-6.10063726174082
10,39079,[-0.02692733  0.02430488 -0.01226792],[-0.18751215],-8.473386262758101
10,39081,[-0.02692733  0.02430488 -0.01226792],[-0.05165286],-2.1671882374955485
10,39083,[-0.02692733  0.02430488 -0.01226792],[-0.08474532],-3.703244949448558
10,39085,[-0.02692733  0.02430488 -0.01226792],[-0.0256901],-0.9620714281671646
10,39087,[-0.02692733  0.02430488 -0.01226792],[-0.07163407],-3.094658723652199
10,39089,[-0.02692733  0.02430488 -0.01226792],[-0.07319468],-3.167097667107167
10,39091,[-0.02692733  0.02430488 -0.01226792],[-0.19445732],-8.795760934698544
10,39093,[-0.02692733  0.02430488 -0.01226792],[-1.02361675e-05],0.2299141182598188
10,39095,[-0.02692733  0.02430488 -0.01226792],[0.0057577],0.49764537251031205
10,39097,[-0.02692733  0.02430488 -0.01226792],[-0.04696261],-1.949480435884366
10,39099,[-0.02692733  0.02430488 -0.01226792],[-0.01161347],-0.3086747124924654
10,39101,[-0.02692733  0.02430488 -0.01226792],[0.02147207],1.2270608779846972
10,39103,[-0.02692733  0.02430488 -0.01226792],[0.03189827],1.7110152983383264
10,39105,[-0.02692733  0.02430488 -0.01226792],[-0.19402396],-8.775645832356256
10,39107,[-0.02692733  0.02430488 -0.01226792],[-0.08649644],-3.784527114349435
10,39109,[-0.02692733  0.02430488 -0.01226792],[-0.08329454],-3.6359041793386333
10,39111,[-0.02692733  0.02430488 -0.01226792],[-0.16669967],-7.50733059327837
10,39113,[-0.02692733  0.02430488 -0.01226792],[0.01147342],0.7629524474899454
10,39115,[-0.02692733  0.02430488 -0.01226792],[-0.30069722],-13.727111965535467
10,39117,[-0.02692733  0.02430488 -0.01226792],[-0.21569628],-9.781612603570766
10,39119,[-0.02692733  0.02430488 -0.01226792],[-0.02934631],-1.1317823143354517
10,39125,[-0.02692733  0.02430488 -0.01226792],[-0.34003967],-15.553275926483906
10,39123,[-0.02692733  0.02430488 -0.01226792],[0.10755344],5.222711028214714
10,39127,[-0.02692733  0.02430488 -0.01226792],[-0.19251358],-8.70553840626586
10,39129,[-0.02692733  0.02430488 -0.01226792],[-0.05550765],-2.346116584146936
10,39131,[-0.02692733  0.02430488 -0.01226792],[-0.1150833],-5.1114471243413035
10,39133,[-0.02692733  0.02430488 -0.01226792],[-0.03207698],-1.2585321412584654
10,39135,[-0.02692733  0.02430488 -0.01226792],[-0.13452329],-6.013795507641248
10,39137,[-0.02692733  0.02430488 -0.01226792],[-0.19697776],-8.912752801434719
10,39139,[-0.02692733  0.02430488 -0.01226792],[0.00918926],0.6569283863172537
10,39141,[-0.02692733  0.02430488 -0.01226792],[-0.04088574],-1.6674091909875053
10,39143,[-0.02692733  0.02430488 -0.01226792],[0.0272244],1.4940675209638574
10,39145,[-0.02692733  0.02430488 -0.01226792],[-0.06014707],-2.561465093889503
10,39147,[-0.02692733  0.02430488 -0.01226792],[-0.17643685],-7.959302447385988
10,39149,[-0.02692733  0.02430488 -0.01226792],[-0.14241953],-6.380316231749924
10,39151,[-0.02692733  0.02430488 -0.01226792],[-0.00474333],0.01021759659613091
10,39153,[-0.02692733  0.02430488 -0.01226792],[0.0144519],0.90120513406376
10,39155,[-0.02692733  0.02430488 -0.01226792],[-0.03758898],-1.514383132204506
10,39157,[-0.02692733  0.02430488 -0.01226792],[-0.01848633],-0.6276931749894664
10,39159,[-0.02692733  0.02430488 -0.01226792],[-0.15323318],-6.88225505264529
10,39161,[-0.02692733  0.02430488 -0.01226792],[-0.15540857],-6.983230315529425
10,39165,[-0.02692733  0.02430488 -0.01226792],[-0.03437859],-1.3653659716933864
10,39167,[-0.02692733  0.02430488 -0.01226792],[0.00308791],0.37372130925076263
10,39169,[-0.02692733  0.02430488 -0.01226792],[-0.06579524],-2.8236367264768543
10,39171,[-0.02692733  0.02430488 -0.01226792],[-0.10802183],-4.783674007250058
10,39173,[-0.02692733  0.02430488 -0.01226792],[-0.01443019],-0.43941891887919593
10,39175,[-0.02692733  0.02430488 -0.01226792],[-0.31292835],-14.294846305127097
10,40001,[-0.02692733  0.02430488 -0.01226792],[-0.35615166],-16.301148158066017
10,40005,[-0.02692733  0.02430488 -0.01226792],[-0.32030206],-14.637112498348513
10,40009,[-0.02692733  0.02430488 -0.01226792],[-0.36013107],-16.485860974845394
10,40011,[-0.02692733  0.02430488 -0.01226792],[-0.14748759],-6.61556123320262
10,40013,[-0.02692733  0.02430488 -0.01226792],[-0.12448003],-5.547616049839134
10,40015,[-0.02692733  0.02430488 -0.01226792],[-0.10590774],-4.68554407768611
10,40017,[-0.02692733  0.02430488 -0.01226792],[-0.01778922],-0.5953351681939668
10,40019,[-0.02692733  0.02430488 -0.01226792],[-0.10799067],-4.7822276854679275
10,40021,[-0.02692733  0.02430488 -0.01226792],[-0.18875885],-8.531254597935893
10,40023,[-0.02692733  0.02430488 -0.01226792],[-0.34224162],-15.655483860549536
10,40027,[-0.02692733  0.02430488 -0.01226792],[0.0940065],4.593901241535073
10,40031,[-0.02692733  0.02430488 -0.01226792],[-0.03363291],-1.3307537990814873
10,40035,[-0.02692733  0.02430488 -0.01226792],[-0.10463996],-4.626697362247914
10,40037,[-0.02692733  0.02430488 -0.01226792],[-0.04416395],-1.8195743852219175
10,40039,[-0.02692733  0.02430488 -0.01226792],[-0.269248],-12.267329640782023
10,40041,[-0.02692733  0.02430488 -0.01226792],[-0.15183712],-6.817453973802542
10,40047,[-0.02692733  0.02430488 -0.01226792],[-0.12777188],-5.700414641211508
10,40049,[-0.02692733  0.02430488 -0.01226792],[-0.05672252],-2.402507348015555
10,40051,[-0.02692733  0.02430488 -0.01226792],[-0.1803907],-8.142829025611993
10,40061,[-0.02692733  0.02430488 -0.01226792],[-0.37833819],-17.330982911137234
10,40063,[-0.02692733  0.02430488 -0.01226792],[-0.2513662],-11.43730783110641
10,40065,[-0.02692733  0.02430488 -0.01226792],[-0.12391002],-5.5211582174216645
10,40071,[-0.02692733  0.02430488 -0.01226792],[-0.07296196],-3.156295424567824
10,40073,[-0.02692733  0.02430488 -0.01226792],[-0.35127606],-16.074836586178012
10,40079,[-0.02692733  0.02430488 -0.01226792],[-0.0588355],-2.5005856675234543
10,40081,[-0.02692733  0.02430488 -0.01226792],[-0.09810761],-4.323484115366917
10,40083,[-0.02692733  0.02430488 -0.01226792],[-0.10334135],-4.566419547773883
10,40087,[-0.02692733  0.02430488 -0.01226792],[-0.25856199],-11.771315918941822
10,40091,[-0.02692733  0.02430488 -0.01226792],[-0.36144888],-16.547029610215443
10,40089,[-0.02692733  0.02430488 -0.01226792],[-0.13816081],-6.182638601805589
10,40095,[-0.02692733  0.02430488 -0.01226792],[-0.18836391],-8.512922629840675
10,40097,[-0.02692733  0.02430488 -0.01226792],[0.26517404],12.539006732988836
10,40103,[-0.02692733  0.02430488 -0.01226792],[-0.30981299],-14.150240143104059
10,40101,[-0.02692733  0.02430488 -0.01226792],[-0.01844184],-0.6256281520253251
10,40105,[-0.02692733  0.02430488 -0.01226792],[-0.17946039],-8.099646757548486
10,40107,[-0.02692733  0.02430488 -0.01226792],[-0.46098458],-21.167191283185467
10,40109,[-0.02692733  0.02430488 -0.01226792],[0.00946513],0.6697335828206498
10,40111,[-0.02692733  0.02430488 -0.01226792],[-0.08577326],-3.750959161887957
10,40113,[-0.02692733  0.02430488 -0.01226792],[-0.12004434],-5.341724084755001
10,40115,[-0.02692733  0.02430488 -0.01226792],[-0.07218802],-3.120371337398461
10,40117,[-0.02692733  0.02430488 -0.01226792],[0.20170616],9.5930099622684
10,40119,[-0.02692733  0.02430488 -0.01226792],[0.00727339],0.5679989633105078
10,40121,[-0.02692733  0.02430488 -0.01226792],[-0.10417537],-4.605132346221474
10,40123,[-0.02692733  0.02430488 -0.01226792],[-0.11871062],-5.27981663316617
10,40125,[-0.02692733  0.02430488 -0.01226792],[-0.04515181],-1.8654279428629994
10,40131,[-0.02692733  0.02430488 -0.01226792],[-0.05176869],-2.172564679241561
10,40133,[-0.02692733  0.02430488 -0.01226792],[-0.0289227],-1.1121193906305984
10,40135,[-0.02692733  0.02430488 -0.01226792],[-0.07111024],-3.070344098768731
10,40137,[-0.02692733  0.02430488 -0.01226792],[-0.1457911],-6.536814871203692
10,40139,[-0.02692733  0.02430488 -0.01226792],[-0.41151526],-18.870967220600356
10,40141,[-0.02692733  0.02430488 -0.01226792],[-0.16094941],-7.240420201381289
10,40143,[-0.02692733  0.02430488 -0.01226792],[-0.00401255],0.04413818576243033
10,40145,[-0.02692733  0.02430488 -0.01226792],[-0.08161997],-3.5581751613570876
10,40147,[-0.02692733  0.02430488 -0.01226792],[-0.05936667],-2.5252409824655926
10,40149,[-0.02692733  0.02430488 -0.01226792],[-0.34327418],-15.703412275730098
10,40153,[-0.02692733  0.02430488 -0.01226792],[-0.27488536],-12.528999553192662
10,41001,[-0.02692733  0.02430488 -0.01226792],[-0.13956364],-6.247754289221673
10,41003,[-0.02692733  0.02430488 -0.01226792],[-0.01675314],-0.5472435069949938
10,41005,[-0.02692733  0.02430488 -0.01226792],[-0.01091116],-0.2760752326818509
10,41007,[-0.02692733  0.02430488 -0.01226792],[-0.03100721],-1.2088763802077498
10,41009,[-0.02692733  0.02430488 -0.01226792],[-0.08690037],-3.803276431457633
10,41011,[-0.02692733  0.02430488 -0.01226792],[-0.15718203],-7.065549318839286
10,41013,[-0.02692733  0.02430488 -0.01226792],[-0.45044349],-20.677903995610652
10,41015,[-0.02692733  0.02430488 -0.01226792],[-0.25788145],-11.739727143378273
10,41017,[-0.02692733  0.02430488 -0.01226792],[-0.03742769],-1.5068967184509379
10,41019,[-0.02692733  0.02430488 -0.01226792],[-0.01849107],-0.6279132934665987
10,41027,[-0.02692733  0.02430488 -0.01226792],[-0.42247784],-19.379818667287783
10,41029,[-0.02692733  0.02430488 -0.01226792],[-0.03485325],-1.38739853089939
10,41031,[-0.02692733  0.02430488 -0.01226792],[-0.3395407],-15.530114765763164
10,41033,[-0.02692733  0.02430488 -0.01226792],[0.04178468],2.16991396337491
10,41035,[-0.02692733  0.02430488 -0.01226792],[-0.01555584],-0.49166805717657946
10,41039,[-0.02692733  0.02430488 -0.01226792],[-0.01489516],-0.46100125511938833
10,41041,[-0.02692733  0.02430488 -0.01226792],[-0.06711115],-2.8847174789512944
10,41043,[-0.02692733  0.02430488 -0.01226792],[-0.0564538],-2.390033983741612
10,41045,[-0.02692733  0.02430488 -0.01226792],[-0.14686321],-6.586579025425838
10,41047,[-0.02692733  0.02430488 -0.01226792],[-0.00610746],-0.05310141999815466
10,41051,[-0.02692733  0.02430488 -0.01226792],[0.02430189],1.3584134138493449
10,41053,[-0.02692733  0.02430488 -0.01226792],[-0.11230691],-4.982575057687642
10,41057,[-0.02692733  0.02430488 -0.01226792],[-0.13132381],-5.865284681478795
10,41059,[-0.02692733  0.02430488 -0.01226792],[-0.09226609],-4.052337889568489
10,41061,[-0.02692733  0.02430488 -0.01226792],[-0.16260304],-7.317177073396992
10,41065,[-0.02692733  0.02430488 -0.01226792],[-0.02157581],-0.771097724579068
10,41067,[-0.02692733  0.02430488 -0.01226792],[-0.01435402],-0.43588306830494833
10,42001,[-0.02692733  0.02430488 -0.01226792],[-0.04732801],-1.9664408619784268
10,41071,[-0.02692733  0.02430488 -0.01226792],[-0.04523763],-1.8694113943445174
10,42003,[-0.02692733  0.02430488 -0.01226792],[0.00163699],0.30637346865852383
10,42005,[-0.02692733  0.02430488 -0.01226792],[-0.017659],-0.5892909750141185
10,42007,[-0.02692733  0.02430488 -0.01226792],[-0.0441908],-1.8208206708692727
10,42009,[-0.02692733  0.02430488 -0.01226792],[-0.14479687],-6.490665565928761
10,42011,[-0.02692733  0.02430488 -0.01226792],[0.03014203],1.6294957084487895
10,42013,[-0.02692733  0.02430488 -0.01226792],[0.04254592],2.205248505601997
10,42015,[-0.02692733  0.02430488 -0.01226792],[-0.15208072],-6.828761048799607
10,42017,[-0.02692733  0.02430488 -0.01226792],[-0.016031],-0.5137237464626665
10,42019,[-0.02692733  0.02430488 -0.01226792],[-0.01263501],-0.3560917877985281
10,42021,[-0.02692733  0.02430488 -0.01226792],[-0.00531659],-0.016391378451527546
10,42025,[-0.02692733  0.02430488 -0.01226792],[-0.09950544],-4.388367364083634
10,42027,[-0.02692733  0.02430488 -0.01226792],[-0.00838901],-0.15900471387239612
10,42029,[-0.02692733  0.02430488 -0.01226792],[-0.00747068],-0.1163782697856466
10,42031,[-0.02692733  0.02430488 -0.01226792],[-0.14709554],-6.59736309002981
10,42035,[-0.02692733  0.02430488 -0.01226792],[-0.13613045],-6.088395364592092
10,42033,[-0.02692733  0.02430488 -0.01226792],[0.12634956],6.095173070637157
10,42037,[-0.02692733  0.02430488 -0.01226792],[-0.10652159],-4.714037251988046
10,42039,[-0.02692733  0.02430488 -0.01226792],[-0.11047174],-4.897391746189544
10,42041,[-0.02692733  0.02430488 -0.01226792],[0.0185538],1.0916033313538172
10,42043,[-0.02692733  0.02430488 -0.01226792],[-0.00637766],-0.06564321346111895
10,42045,[-0.02692733  0.02430488 -0.01226792],[0.00323676],0.3806302745116056
10,42047,[-0.02692733  0.02430488 -0.01226792],[-0.02555266],-0.9556918900185667
10,42049,[-0.02692733  0.02430488 -0.01226792],[-0.01313266],-0.3791911380512832
10,42051,[-0.02692733  0.02430488 -0.01226792],[-0.02819895],-1.0785251542848158
10,42055,[-0.02692733  0.02430488 -0.01226792],[-0.06556364],-2.8128864679361705
10,42059,[-0.02692733  0.02430488 -0.01226792],[-0.13696676],-6.127214537323224
10,42061,[-0.02692733  0.02430488 -0.01226792],[-0.04426447],-1.824240107919514
10,42063,[-0.02692733  0.02430488 -0.01226792],[-0.03297537],-1.300232766913912
10,42065,[-0.02692733  0.02430488 -0.01226792],[-0.01352059],-0.39719782898210204
10,42067,[-0.02692733  0.02430488 -0.01226792],[-0.15317019],-6.87933110811001
10,42069,[-0.02692733  0.02430488 -0.01226792],[-0.02609368],-0.9808046259367804
10,42071,[-0.02692733  0.02430488 -0.01226792],[-0.00907219],-0.19071556024512445
10,42073,[-0.02692733  0.02430488 -0.01226792],[-0.0391088],-1.58492900951565
10,42075,[-0.02692733  0.02430488 -0.01226792],[-0.02242056],-0.8103088721517708
10,42077,[-0.02692733  0.02430488 -0.01226792],[0.00297457],0.3684602154766542
10,42081,[-0.02692733  0.02430488 -0.01226792],[-0.05718532],-2.4239888668575946
10,42079,[-0.02692733  0.02430488 -0.01226792],[0.00353817],0.3946208762981155
10,42083,[-0.02692733  0.02430488 -0.01226792],[-0.00314633],0.0843457395091451
10,42085,[-0.02692733  0.02430488 -0.01226792],[-0.08414514],-3.675386364903787
10,42087,[-0.02692733  0.02430488 -0.01226792],[-0.143046],-6.409395470325427
10,42089,[-0.02692733  0.02430488 -0.01226792],[-0.0179972],-0.6049890619169275
10,42091,[-0.02692733  0.02430488 -0.01226792],[-0.00201431],0.13689062537769597
10,42093,[-0.02692733  0.02430488 -0.01226792],[-0.45285153],-20.789678232003386
10,42095,[-0.02692733  0.02430488 -0.01226792],[-0.02739851],-1.041371076773124
10,42099,[-0.02692733  0.02430488 -0.01226792],[-0.21032353],-9.532225152899198
10,42097,[-0.02692733  0.02430488 -0.01226792],[-0.06851491],-2.9498760449133923
10,42101,[-0.02692733  0.02430488 -0.01226792],[-0.00514869],-0.00859813362277771
10,42103,[-0.02692733  0.02430488 -0.01226792],[-0.03634298],-1.4565475031541009
10,42105,[-0.02692733  0.02430488 -0.01226792],[-0.33836861],-15.475710103543571
10,42107,[-0.02692733  0.02430488 -0.01226792],[-0.05537334],-2.339881945240151
10,42109,[-0.02692733  0.02430488 -0.01226792],[-0.02928338],-1.12886112532843
10,42111,[-0.02692733  0.02430488 -0.01226792],[0.03516746],1.8627616348155491
10,42115,[-0.02692733  0.02430488 -0.01226792],[-0.13092296],-5.84667848872229
10,42117,[-0.02692733  0.02430488 -0.01226792],[-0.1336204],-5.971886071776937
10,42119,[-0.02692733  0.02430488 -0.01226792],[-0.20595755],-9.329568880569761
10,42121,[-0.02692733  0.02430488 -0.01226792],[-0.11138547],-4.939804453524968
10,42123,[-0.02692733  0.02430488 -0.01226792],[-0.15980639],-7.18736426494136
10,42125,[-0.02692733  0.02430488 -0.01226792],[0.04521849],2.3293019336983503
10,42127,[-0.02692733  0.02430488 -0.01226792],[-0.1176054],-5.228515526701172
10,42129,[-0.02692733  0.02430488 -0.01226792],[-0.01236707],-0.343654674735089
10,42131,[-0.02692733  0.02430488 -0.01226792],[-0.19370912],-8.761031655870982
10,42133,[-0.02692733  0.02430488 -0.01226792],[-0.01212176],-0.33226798726480133
10,44001,[-0.02692733  0.02430488 -0.01226792],[-0.14221103],-6.370638198358008
10,44003,[-0.02692733  0.02430488 -0.01226792],[-0.03379345],-1.3382056390677213
10,44005,[-0.02692733  0.02430488 -0.01226792],[0.0812075],3.9998080469446133
10,44007,[-0.02692733  0.02430488 -0.01226792],[0.03231804],1.730500034512373
10,44009,[-0.02692733  0.02430488 -0.01226792],[0.11662364],5.6437238008511015
10,45001,[-0.02692733  0.02430488 -0.01226792],[-0.19369059],-8.760171591741114
10,45003,[-0.02692733  0.02430488 -0.01226792],[-0.03554],-1.4192753716639452
10,45007,[-0.02692733  0.02430488 -0.01226792],[-0.01908774],-0.6556085988365371
10,45009,[-0.02692733  0.02430488 -0.01226792],[-0.35811449],-16.39225693834119
10,45011,[-0.02692733  0.02430488 -0.01226792],[-0.14435056],-6.469949067525276
10,45013,[-0.02692733  0.02430488 -0.01226792],[-0.00329901],0.0772587258060245
10,45015,[-0.02692733  0.02430488 -0.01226792],[-0.04444334],-1.832542800971539
10,45019,[-0.02692733  0.02430488 -0.01226792],[0.03884719],2.033564244981145
10,45021,[-0.02692733  0.02430488 -0.01226792],[-0.13016374],-5.811437993579222
10,45023,[-0.02692733  0.02430488 -0.01226792],[-0.1446571],-6.484177811472691
10,45027,[-0.02692733  0.02430488 -0.01226792],[0.08429843],4.143280508017838
10,45025,[-0.02692733  0.02430488 -0.01226792],[-0.13840611],-6.194024726809394
10,45029,[-0.02692733  0.02430488 -0.01226792],[-0.1671252],-7.527082559831416
10,45031,[-0.02692733  0.02430488 -0.01226792],[-0.07348227],-3.180446770205813
10,45033,[-0.02692733  0.02430488 -0.01226792],[-0.29816816],-13.60972039401523
10,45035,[-0.02692733  0.02430488 -0.01226792],[-0.08644652],-3.7822097653101525
10,45037,[-0.02692733  0.02430488 -0.01226792],[-0.35005525],-16.01817007930937
10,45039,[-0.02692733  0.02430488 -0.01226792],[-0.17031387],-7.6750916693978555
10,45043,[-0.02692733  0.02430488 -0.01226792],[-0.11714965],-5.2073610246921564
10,45041,[-0.02692733  0.02430488 -0.01226792],[-0.03667569],-1.4719910847172455
10,45045,[-0.02692733  0.02430488 -0.01226792],[-0.01172971],-0.3140702712331222
10,45049,[-0.02692733  0.02430488 -0.01226792],[-0.21863728],-9.91812549234078
10,45047,[-0.02692733  0.02430488 -0.01226792],[-0.02707506],-1.026357484707193
10,45053,[-0.02692733  0.02430488 -0.01226792],[-0.26427092],-12.036308086689196
10,45051,[-0.02692733  0.02430488 -0.01226792],[-0.02455681],-0.9094675742149798
10,45055,[-0.02692733  0.02430488 -0.01226792],[-0.07506981],-3.254135893621249
10,45057,[-0.02692733  0.02430488 -0.01226792],[-0.0829788],-3.6212484678932495
10,45059,[-0.02692733  0.02430488 -0.01226792],[-0.07246718],-3.1333292917314135
10,45061,[-0.02692733  0.02430488 -0.01226792],[-0.16753849],-7.546266511342596
10,45063,[-0.02692733  0.02430488 -0.01226792],[-0.02908625],-1.1197110735816325
10,45067,[-0.02692733  0.02430488 -0.01226792],[-0.15585983],-7.004176268264341
10,45069,[-0.02692733  0.02430488 -0.01226792],[-0.03293552],-1.2983830328921233
10,45073,[-0.02692733  0.02430488 -0.01226792],[-0.08773621],-3.8420738291279433
10,45071,[-0.02692733  0.02430488 -0.01226792],[-0.21040577],-9.536042152112438
10,45075,[-0.02692733  0.02430488 -0.01226792],[-0.06644993],-2.854025724886057
10,45077,[-0.02692733  0.02430488 -0.01226792],[0.09759258],4.760356465783603
10,45079,[-0.02692733  0.02430488 -0.01226792],[-0.00762296],-0.12344682277180766
10,45081,[-0.02692733  0.02430488 -0.01226792],[-0.30873177],-14.100053042947343
10,45083,[-0.02692733  0.02430488 -0.01226792],[-0.02970392],-1.1483812803199214
10,45085,[-0.02692733  0.02430488 -0.01226792],[-0.06856302],-2.9521091161186006
10,45087,[-0.02692733  0.02430488 -0.01226792],[-0.17053924],-7.685552369647148
10,45089,[-0.02692733  0.02430488 -0.01226792],[-0.12868803],-5.7429396279283855
10,45091,[-0.02692733  0.02430488 -0.01226792],[-0.0194366],-0.6718020780105862
10,46005,[-0.02692733  0.02430488 -0.01226792],[-0.18981764],-8.580400598068364
10,46011,[-0.02692733  0.02430488 -0.01226792],[-0.2491849],-11.336058076006784
10,46013,[-0.02692733  0.02430488 -0.01226792],[-0.17202995],-7.754747035432525
10,46029,[-0.02692733  0.02430488 -0.01226792],[-0.16217645],-7.297375937139595
10,46035,[-0.02692733  0.02430488 -0.01226792],[-0.44947228],-20.63282331365124
10,46065,[-0.02692733  0.02430488 -0.01226792],[-0.30636551],-13.990217756924142
10,46081,[-0.02692733  0.02430488 -0.01226792],[-0.33772467],-15.445819939751244
10,46083,[-0.02692733  0.02430488 -0.01226792],[-0.12738272],-5.682350730967511
10,46093,[-0.02692733  0.02430488 -0.01226792],[-0.25806156],-11.748087121221172
10,46099,[-0.02692733  0.02430488 -0.01226792],[-0.03945475],-1.6009867904848534
10,46103,[-0.02692733  0.02430488 -0.01226792],[-0.02332851],-0.8524533219254977
10,46109,[-0.02692733  0.02430488 -0.01226792],[-0.44075076],-20.227995166238752
10,46135,[-0.02692733  0.02430488 -0.01226792],[-0.30357695],-13.860780846464092
10,47001,[-0.02692733  0.02430488 -0.01226792],[-0.01722914],-0.5693378015916764
10,47005,[-0.02692733  0.02430488 -0.01226792],[-0.19303135],-8.72957181767381
10,47003,[-0.02692733  0.02430488 -0.01226792],[-0.09476273],-4.168224559659426
10,47009,[-0.02692733  0.02430488 -0.01226792],[-0.0604266],-2.574439968240256
10,47011,[-0.02692733  0.02430488 -0.01226792],[0.02470514],1.3771310396194378
10,47013,[-0.02692733  0.02430488 -0.01226792],[-0.14979651],-6.7227344040078565
10,47017,[-0.02692733  0.02430488 -0.01226792],[-0.13787862],-6.169540478289165
10,47019,[-0.02692733  0.02430488 -0.01226792],[-0.02642236],-0.9960607012143066
10,47021,[-0.02692733  0.02430488 -0.01226792],[-0.21448518],-9.725396668926946
10,47025,[-0.02692733  0.02430488 -0.01226792],[0.05733425],2.8916804111788483
10,47029,[-0.02692733  0.02430488 -0.01226792],[-0.11766674],-5.231363065893479
10,47031,[-0.02692733  0.02430488 -0.01226792],[-0.14636435],-6.563423674764925
10,47035,[-0.02692733  0.02430488 -0.01226792],[-0.04556246],-1.8844893093391426
10,47033,[-0.02692733  0.02430488 -0.01226792],[-0.27983894],-12.758930773504241
10,47037,[-0.02692733  0.02430488 -0.01226792],[0.01288869],0.8286451924782301
10,47039,[-0.02692733  0.02430488 -0.01226792],[-0.36759643],-16.832381206486193
10,47043,[-0.02692733  0.02430488 -0.01226792],[-0.11574425],-5.142126557433336
10,47041,[-0.02692733  0.02430488 -0.01226792],[-0.34940433],-15.987956300901255
10,47045,[-0.02692733  0.02430488 -0.01226792],[-0.21827919],-9.901504005831839
10,47047,[-0.02692733  0.02430488 -0.01226792],[-0.04303012],-1.766945255230449
10,47051,[-0.02692733  0.02430488 -0.01226792],[-0.11122555],-4.932381206272929
10,47049,[-0.02692733  0.02430488 -0.01226792],[-0.47569244],-21.849887646377727
10,47053,[-0.02692733  0.02430488 -0.01226792],[-0.05580402],-2.35987295009438
10,47055,[-0.02692733  0.02430488 -0.01226792],[-0.18106205],-8.173991197280506
10,47057,[-0.02692733  0.02430488 -0.01226792],[-0.24754061],-11.25973478869343
10,47059,[-0.02692733  0.02430488 -0.01226792],[-0.16629451],-7.488524467517255
10,47061,[-0.02692733  0.02430488 -0.01226792],[-0.48600079],-22.328371999340842
10,47063,[-0.02692733  0.02430488 -0.01226792],[-0.10217305],-4.512190099070793
10,47065,[-0.02692733  0.02430488 -0.01226792],[0.00503867],0.46426988477275893
10,47069,[-0.02692733  0.02430488 -0.01226792],[-0.1741585],-7.853548068035837
10,47071,[-0.02692733  0.02430488 -0.01226792],[-0.24395775],-11.093429062537929
10,47073,[-0.02692733  0.02430488 -0.01226792],[-0.16077572],-7.232358021229311
10,47075,[-0.02692733  0.02430488 -0.01226792],[-0.27576807],-12.569972470755557
10,47079,[-0.02692733  0.02430488 -0.01226792],[-0.01089413],-0.27528512837029634
10,47077,[-0.02692733  0.02430488 -0.01226792],[-0.24986171],-11.367473996865707
10,47081,[-0.02692733  0.02430488 -0.01226792],[-0.18450667],-8.333880415409261
10,47085,[-0.02692733  0.02430488 -0.01226792],[-0.24614991],-11.195182838977672
10,47087,[-0.02692733  0.02430488 -0.01226792],[-0.34390843],-15.732852518620012
10,47089,[-0.02692733  0.02430488 -0.01226792],[-0.20153309],-9.124198181594318
10,47091,[-0.02692733  0.02430488 -0.01226792],[-0.30532233],-13.941796653123967
10,47093,[-0.02692733  0.02430488 -0.01226792],[-0.00040536],0.21157341055209078
10,47097,[-0.02692733  0.02430488 -0.01226792],[-0.20407856],-9.242351597884088
10,47099,[-0.02692733  0.02430488 -0.01226792],[-0.11610235],-5.158748435121755
10,47103,[-0.02692733  0.02430488 -0.01226792],[-0.14193528],-6.357839016528895
10,47105,[-0.02692733  0.02430488 -0.01226792],[-0.19132474],-8.650355781507821
10,47107,[-0.02692733  0.02430488 -0.01226792],[-0.0950946],-4.183629003085791
10,47109,[-0.02692733  0.02430488 -0.01226792],[-0.18591552],-8.3992753645444
10,47111,[-0.02692733  0.02430488 -0.01226792],[-0.39027472],-17.88504259779394
10,47113,[-0.02692733  0.02430488 -0.01226792],[-0.02646264],-0.9979307257482452
10,47117,[-0.02692733  0.02430488 -0.01226792],[0.01622655],0.9835791939276235
10,47115,[-0.02692733  0.02430488 -0.01226792],[-0.17500288],-7.892741759349584
10,47119,[-0.02692733  0.02430488 -0.01226792],[-0.09349093],-4.109191121800993
10,47123,[-0.02692733  0.02430488 -0.01226792],[-0.15971776],-7.183250738471055
10,47125,[-0.02692733  0.02430488 -0.01226792],[-0.03642866],-1.460524348704831
10,47129,[-0.02692733  0.02430488 -0.01226792],[-0.31403183],-14.346066492047928
10,47131,[-0.02692733  0.02430488 -0.01226792],[-0.06852399],-2.9502974631828667
10,47133,[-0.02692733  0.02430488 -0.01226792],[-0.13878747],-6.211726436094235
10,47139,[-0.02692733  0.02430488 -0.01226792],[-0.28708802],-13.095412430111232
10,47141,[-0.02692733  0.02430488 -0.01226792],[-0.09807347],-4.321899524477092
10,47145,[-0.02692733  0.02430488 -0.01226792],[-0.12295119],-5.476652092166977
10,47143,[-0.02692733  0.02430488 -0.01226792],[-0.20301406],-9.192940494821185
10,47147,[-0.02692733  0.02430488 -0.01226792],[0.00666701],0.5398528485898266
10,47149,[-0.02692733  0.02430488 -0.01226792],[0.01028135],0.7076199653033388
10,47151,[-0.02692733  0.02430488 -0.01226792],[-0.20595723],-9.329553950160703
10,47155,[-0.02692733  0.02430488 -0.01226792],[-0.04740996],-1.9702448640466428
10,47157,[-0.02692733  0.02430488 -0.01226792],[0.01365991],0.8644431076931927
10,47159,[-0.02692733  0.02430488 -0.01226792],[-0.18193622],-8.214567737601227
10,47163,[-0.02692733  0.02430488 -0.01226792],[-0.00640286],-0.06681295076133824
10,47165,[-0.02692733  0.02430488 -0.01226792],[-0.04165104],-1.7029326361878205
10,47167,[-0.02692733  0.02430488 -0.01226792],[-0.06128621],-2.6143407428995955
10,47171,[-0.02692733  0.02430488 -0.01226792],[-0.53771124],-24.728622175230903
10,47173,[-0.02692733  0.02430488 -0.01226792],[-0.25698983],-11.698340449709264
10,47177,[-0.02692733  0.02430488 -0.01226792],[-0.15844436],-7.124143113684397
10,47179,[-0.02692733  0.02430488 -0.01226792],[-0.00816954],-0.14881741449436087
10,47181,[-0.02692733  0.02430488 -0.01226792],[-0.29801087],-13.602419501003483
10,47183,[-0.02692733  0.02430488 -0.01226792],[-0.10923096],-4.8397980275994
10,47185,[-0.02692733  0.02430488 -0.01226792],[-0.27250665],-12.41858704064987
10,47187,[-0.02692733  0.02430488 -0.01226792],[-0.01306408],-0.3760076420659732
10,47189,[-0.02692733  0.02430488 -0.01226792],[-0.08340269],-3.6409239504944386
10,48001,[-0.02692733  0.02430488 -0.01226792],[0.01251114],0.8111206713516063
10,48003,[-0.02692733  0.02430488 -0.01226792],[-0.6174938],-28.431899670060705
10,48005,[-0.02692733  0.02430488 -0.01226792],[-0.09825658],-4.33039914515732
10,48007,[-0.02692733  0.02430488 -0.01226792],[-0.17821606],-8.041888663520911
10,48013,[-0.02692733  0.02430488 -0.01226792],[-0.0032806],0.07811339133062441
10,48015,[-0.02692733  0.02430488 -0.01226792],[-0.15283143],-6.863607054543076
10,48019,[-0.02692733  0.02430488 -0.01226792],[-0.26291605],-11.97341869808707
10,48021,[-0.02692733  0.02430488 -0.01226792],[-0.24551504],-11.165714086472192
10,48025,[-0.02692733  0.02430488 -0.01226792],[-0.07501931],-3.251791727639324
10,48027,[-0.02692733  0.02430488 -0.01226792],[0.03095807],1.6673741882484723
10,48029,[-0.02692733  0.02430488 -0.01226792],[0.01313278],0.8399752350691141
10,48035,[-0.02692733  0.02430488 -0.01226792],[-0.1577009],-7.089633430321346
10,48037,[-0.02692733  0.02430488 -0.01226792],[-0.09246847],-4.061731742210825
10,48039,[-0.02692733  0.02430488 -0.01226792],[0.06290683],3.1503438723052355
10,48041,[-0.02692733  0.02430488 -0.01226792],[-0.00366031],0.060488086137439
10,48049,[-0.02692733  0.02430488 -0.01226792],[-0.03138189],-1.2262678083709035
10,48051,[-0.02692733  0.02430488 -0.01226792],[-0.38757244],-17.759610526263263
10,48053,[-0.02692733  0.02430488 -0.01226792],[-0.13897751],-6.220547696484151
10,48055,[-0.02692733  0.02430488 -0.01226792],[-0.11615275],-5.1610880718463905
10,48057,[-0.02692733  0.02430488 -0.01226792],[-0.2254252],-10.233201258231306
10,48061,[-0.02692733  0.02430488 -0.01226792],[0.01677415],1.0089969017791036
10,48071,[-0.02692733  0.02430488 -0.01226792],[-0.04037008],-1.6434740018943264
10,48067,[-0.02692733  0.02430488 -0.01226792],[-0.10964302],-4.858924718079846
10,48073,[-0.02692733  0.02430488 -0.01226792],[-0.16526975],-7.440958156013495
10,48085,[-0.02692733  0.02430488 -0.01226792],[-0.00396361],0.04640981670173826
10,48089,[-0.02692733  0.02430488 -0.01226792],[-0.23483228],-10.669850690427348
10,48091,[-0.02692733  0.02430488 -0.01226792],[-0.03266686],-1.2859126729513612
10,48093,[-0.02692733  0.02430488 -0.01226792],[-0.47859511],-21.984621296571156
10,48097,[-0.02692733  0.02430488 -0.01226792],[-0.02783546],-1.0616528910729137
10,48099,[-0.02692733  0.02430488 -0.01226792],[-0.11612362],-5.159735635881057
10,48113,[-0.02692733  0.02430488 -0.01226792],[0.00218595],0.3318546340135063
10,48115,[-0.02692733  0.02430488 -0.01226792],[-0.42722292],-19.600071806445893
10,48117,[-0.02692733  0.02430488 -0.01226792],[-0.38638678],-17.704575501048083
10,48121,[-0.02692733  0.02430488 -0.01226792],[0.03822844],2.0048438068780325
10,48123,[-0.02692733  0.02430488 -0.01226792],[-0.27755225],-12.65278908267692
10,48133,[-0.02692733  0.02430488 -0.01226792],[-0.27394656],-12.485423321862733
10,48139,[-0.02692733  0.02430488 -0.01226792],[-0.06388391],-2.7349183925984866
10,48135,[-0.02692733  0.02430488 -0.01226792],[-0.07606994],-3.300558992850528
10,48141,[-0.02692733  0.02430488 -0.01226792],[0.01552204],0.9508776890049657
10,48143,[-0.02692733  0.02430488 -0.01226792],[-0.07905481],-3.4391079314836146
10,48145,[-0.02692733  0.02430488 -0.01226792],[0.15812067],7.569896745506008
10,48147,[-0.02692733  0.02430488 -0.01226792],[-0.11161896],-4.950642142261256
10,48149,[-0.02692733  0.02430488 -0.01226792],[-0.13695849],-6.126830604115552
10,48157,[-0.02692733  0.02430488 -0.01226792],[0.01698596],1.0188289566038657
10,48161,[-0.02692733  0.02430488 -0.01226792],[0.01757021],1.0459478244629892
10,48167,[-0.02692733  0.02430488 -0.01226792],[0.02895981],1.5746202485752483
10,48171,[-0.02692733  0.02430488 -0.01226792],[-0.23436415],-10.64812179043479
10,48179,[-0.02692733  0.02430488 -0.01226792],[-0.20320979],-9.202025608183732
10,48177,[-0.02692733  0.02430488 -0.01226792],[-0.11152155],-4.946121075456666
10,48181,[-0.02692733  0.02430488 -0.01226792],[-0.02906346],-1.118652886146756
10,48183,[-0.02692733  0.02430488 -0.01226792],[-0.02295023],-0.834894563903404
10,48185,[-0.02692733  0.02430488 -0.01226792],[-0.2923624],-13.340233655112579
10,48187,[-0.02692733  0.02430488 -0.01226792],[-0.08636667],-3.778503719237842
10,48189,[-0.02692733  0.02430488 -0.01226792],[-0.20935225],-9.487140884697657
10,48199,[-0.02692733  0.02430488 -0.01226792],[-0.01353473],-0.39785427869269274
10,48201,[-0.02692733  0.02430488 -0.01226792],[0.00456059],0.442078562390355
10,48203,[-0.02692733  0.02430488 -0.01226792],[0.02609712],1.4417428491490816
10,48209,[-0.02692733  0.02430488 -0.01226792],[0.07911425],3.9026457446493032
10,48213,[-0.02692733  0.02430488 -0.01226792],[-0.09631515],-4.2402832531367345
10,48215,[-0.02692733  0.02430488 -0.01226792],[-0.00315309],0.08403206643087562
10,48217,[-0.02692733  0.02430488 -0.01226792],[-0.1272518],-5.6762736677219126
10,48219,[-0.02692733  0.02430488 -0.01226792],[-0.2276433],-10.336159019279425
10,48221,[-0.02692733  0.02430488 -0.01226792],[-0.07102693],-3.066477064602595
10,48223,[-0.02692733  0.02430488 -0.01226792],[-0.14055834],-6.293925291798556
10,48225,[-0.02692733  0.02430488 -0.01226792],[-0.18733482],-8.465155074953197
10,48227,[-0.02692733  0.02430488 -0.01226792],[-0.09795885],-4.316579143633155
10,48231,[-0.02692733  0.02430488 -0.01226792],[-0.01783631],-0.5975208501800782
10,48233,[-0.02692733  0.02430488 -0.01226792],[-0.12036987],-5.356834602047821
10,48241,[-0.02692733  0.02430488 -0.01226792],[0.31660016],14.926059559395606
10,48245,[-0.02692733  0.02430488 -0.01226792],[-0.0237198],-0.870615627898512
10,48249,[-0.02692733  0.02430488 -0.01226792],[-0.04017177],-1.6342688994321364
10,48251,[-0.02692733  0.02430488 -0.01226792],[-0.04204958],-1.7214313524922478
10,48253,[-0.02692733  0.02430488 -0.01226792],[-0.29698887],-13.55498118462271
10,48255,[-0.02692733  0.02430488 -0.01226792],[-0.44477197],-20.414648414917195
10,48257,[-0.02692733  0.02430488 -0.01226792],[-0.00717934],-0.10285518818231763
10,48259,[-0.02692733  0.02430488 -0.01226792],[-0.24911255],-11.332700149415382
10,48265,[-0.02692733  0.02430488 -0.01226792],[-0.15366484],-6.9022912053545715
10,48273,[-0.02692733  0.02430488 -0.01226792],[-0.24037087],-10.92693642301941
10,48279,[-0.02692733  0.02430488 -0.01226792],[-0.21857587],-9.915275043548203
10,48277,[-0.02692733  0.02430488 -0.01226792],[-0.12100261],-5.386204292825527
10,48281,[-0.02692733  0.02430488 -0.01226792],[-0.30715315],-14.026777732457935
10,48285,[-0.02692733  0.02430488 -0.01226792],[-0.20333557],-9.20786407551112
10,48287,[-0.02692733  0.02430488 -0.01226792],[-0.51570353],-23.707087593029453
10,48291,[-0.02692733  0.02430488 -0.01226792],[-0.03602658],-1.441861195164028
10,48293,[-0.02692733  0.02430488 -0.01226792],[-0.11179382],-4.95875883815955
10,48297,[-0.02692733  0.02430488 -0.01226792],[-0.41227393],-18.906182819100003
10,48299,[-0.02692733  0.02430488 -0.01226792],[-0.15357119],-6.897944268114065
10,48303,[-0.02692733  0.02430488 -0.01226792],[-0.02486808],-0.923915568776246
10,48309,[-0.02692733  0.02430488 -0.01226792],[-0.03355507],-1.3271407054206226
10,48313,[-0.02692733  0.02430488 -0.01226792],[-0.05958241],-2.5352551405207984
10,48315,[-0.02692733  0.02430488 -0.01226792],[-0.48012507],-22.055637852279517
10,48321,[-0.02692733  0.02430488 -0.01226792],[-0.09176085],-4.028885896386027
10,48323,[-0.02692733  0.02430488 -0.01226792],[-0.16221126],-7.298991426902028
10,48325,[-0.02692733  0.02430488 -0.01226792],[-0.18242725],-8.237359734084976
10,48329,[-0.02692733  0.02430488 -0.01226792],[-0.00970115],-0.21991012142530578
10,48331,[-0.02692733  0.02430488 -0.01226792],[-0.09646286],-4.247139916029305
10,48337,[-0.02692733  0.02430488 -0.01226792],[0.02722182],1.4939478839141795
10,48339,[-0.02692733  0.02430488 -0.01226792],[-0.01675971],-0.5475481386793315
10,48341,[-0.02692733  0.02430488 -0.01226792],[-0.3721083],-17.041809615440133
10,48347,[-0.02692733  0.02430488 -0.01226792],[-0.10383109],-4.589151845314453
10,48349,[-0.02692733  0.02430488 -0.01226792],[0.12016072],5.807904691434139
10,48351,[-0.02692733  0.02430488 -0.01226792],[-0.53251159],-24.487269347434445
10,48353,[-0.02692733  0.02430488 -0.01226792],[-0.15278188],-6.86130687278923
10,48355,[-0.02692733  0.02430488 -0.01226792],[0.02776452],1.5191387022329643
10,48361,[-0.02692733  0.02430488 -0.01226792],[-0.04986681],-2.0842847865033733
10,48363,[-0.02692733  0.02430488 -0.01226792],[-0.14588346],-6.541102068952289
10,48365,[-0.02692733  0.02430488 -0.01226792],[-0.33789883],-15.453904246273167
10,48367,[-0.02692733  0.02430488 -0.01226792],[-0.03894621],-1.5773818731993379
10,48371,[-0.02692733  0.02430488 -0.01226792],[-0.22780958],-10.343877095915696
10,48373,[-0.02692733  0.02430488 -0.01226792],[-0.13365967],-5.973708681415704
10,48375,[-0.02692733  0.02430488 -0.01226792],[-0.03839067],-1.5515954085738852
10,48381,[-0.02692733  0.02430488 -0.01226792],[0.03873496],2.028354888409755
10,48387,[-0.02692733  0.02430488 -0.01226792],[-0.46057803],-21.148320399811002
10,48389,[-0.02692733  0.02430488 -0.01226792],[-0.34513281],-15.789684543046507
10,48395,[-0.02692733  0.02430488 -0.01226792],[-0.22866402],-10.38353800521719
10,48397,[-0.02692733  0.02430488 -0.01226792],[-0.12246669],-5.454162652057496
10,48399,[-0.02692733  0.02430488 -0.01226792],[-0.60000605],-27.620168450374894
10,48401,[-0.02692733  0.02430488 -0.01226792],[-0.09545292],-4.2002613435293075
10,48407,[-0.02692733  0.02430488 -0.01226792],[-0.29829298],-13.61551418557956
10,48409,[-0.02692733  0.02430488 -0.01226792],[-0.09451365],-4.156662990342537
10,48415,[-0.02692733  0.02430488 -0.01226792],[-0.45900016],-21.075079943221134
10,48419,[-0.02692733  0.02430488 -0.01226792],[-0.30056666],-13.721052017607658
10,48423,[-0.02692733  0.02430488 -0.01226792],[0.00718361],0.5638319409047838
10,48427,[-0.02692733  0.02430488 -0.01226792],[-0.0697013],-3.0049449649977333
10,48439,[-0.02692733  0.02430488 -0.01226792],[0.00316448],0.3772755290861018
10,48441,[-0.02692733  0.02430488 -0.01226792],[-0.00821745],-0.1510409883009676
10,48449,[-0.02692733  0.02430488 -0.01226792],[-0.05303331],-2.2312648923599867
10,48451,[-0.02692733  0.02430488 -0.01226792],[-0.08288511],-3.616899634710201
10,48453,[-0.02692733  0.02430488 -0.01226792],[0.03288491],1.756812446494032
10,48455,[-0.02692733  0.02430488 -0.01226792],[-0.23098558],-10.491298238429712
10,48457,[-0.02692733  0.02430488 -0.01226792],[-0.16109646],-7.247245741276363
10,48459,[-0.02692733  0.02430488 -0.01226792],[-0.2821466],-12.86604568622623
10,48463,[-0.02692733  0.02430488 -0.01226792],[0.01922049],1.1225489888752698
10,48465,[-0.02692733  0.02430488 -0.01226792],[-0.21873744],-9.92277468060465
10,48469,[-0.02692733  0.02430488 -0.01226792],[-0.00853026],-0.1655611501818474
10,48467,[-0.02692733  0.02430488 -0.01226792],[-0.06864677],-2.955996796791027
10,48471,[-0.02692733  0.02430488 -0.01226792],[-0.11059902],-4.903299800208337
10,48473,[-0.02692733  0.02430488 -0.01226792],[-0.1581436],-7.110182490828572
10,48477,[-0.02692733  0.02430488 -0.01226792],[-0.11744511],-5.221075464353314
10,48479,[-0.02692733  0.02430488 -0.01226792],[-0.01440914],-0.4384416953171372
10,48481,[-0.02692733  0.02430488 -0.01226792],[-0.1103761],-4.892952302724183
10,48485,[-0.02692733  0.02430488 -0.01226792],[-0.01502674],-0.46710883792464664
10,48487,[-0.02692733  0.02430488 -0.01226792],[-0.33902444],-15.506151523461634
10,48489,[-0.02692733  0.02430488 -0.01226792],[-0.25650525],-11.675847904700303
10,48491,[-0.02692733  0.02430488 -0.01226792],[-0.014651],-0.44966817548317595
10,48493,[-0.02692733  0.02430488 -0.01226792],[-0.06895474],-2.9702919495280606
10,48497,[-0.02692733  0.02430488 -0.01226792],[-0.06206903],-2.650676930904498
10,48499,[-0.02692733  0.02430488 -0.01226792],[-0.17458877],-7.873519864499322
10,48503,[-0.02692733  0.02430488 -0.01226792],[-0.20436921],-9.255842508647548
10,48507,[-0.02692733  0.02430488 -0.01226792],[-0.25932692],-11.806821466157876
10,49003,[-0.02692733  0.02430488 -0.01226792],[-0.07733755],-3.3593975169019696
10,49005,[-0.02692733  0.02430488 -0.01226792],[-0.008251],-0.15259868423214798
10,49007,[-0.02692733  0.02430488 -0.01226792],[-0.05855833],-2.487720363359515
10,49011,[-0.02692733  0.02430488 -0.01226792],[-0.0006265],0.20130895111237504
10,49021,[-0.02692733  0.02430488 -0.01226792],[-0.14740132],-6.611556608217887
10,49035,[-0.02692733  0.02430488 -0.01226792],[-0.00087741],0.18966251124761102
10,49037,[-0.02692733  0.02430488 -0.01226792],[-0.38771201],-17.766089083820983
10,49039,[-0.02692733  0.02430488 -0.01226792],[-0.32082684],-14.661471258436343
10,49041,[-0.02692733  0.02430488 -0.01226792],[-0.32209325],-14.720254646906179
10,49043,[-0.02692733  0.02430488 -0.01226792],[-0.06910887],-2.977446054886416
10,49047,[-0.02692733  0.02430488 -0.01226792],[-0.19053333],-8.61362094359353
10,49045,[-0.02692733  0.02430488 -0.01226792],[-0.1364545],-6.103436632797796
10,49049,[-0.02692733  0.02430488 -0.01226792],[0.0070463],0.5574582400112502
10,49051,[-0.02692733  0.02430488 -0.01226792],[-0.2241977],-10.176223954010522
10,49053,[-0.02692733  0.02430488 -0.01226792],[-0.05849179],-2.4846317545975642
10,49057,[-0.02692733  0.02430488 -0.01226792],[-0.00320905],0.08143422337207695
10,50001,[-0.02692733  0.02430488 -0.01226792],[-0.19231141],-8.696154163457289
10,50003,[-0.02692733  0.02430488 -0.01226792],[-0.06422322],-2.7506682950082513
10,50005,[-0.02692733  0.02430488 -0.01226792],[-0.11325714],-5.0266819155724844
10,50007,[-0.02692733  0.02430488 -0.01226792],[0.05526243],2.7955124701954603
10,50015,[-0.02692733  0.02430488 -0.01226792],[-0.1659756],-7.473721582419102
10,50011,[-0.02692733  0.02430488 -0.01226792],[-0.07577995],-3.2870984690647886
10,50017,[-0.02692733  0.02430488 -0.01226792],[-0.13525429],-6.047726686809384
10,50019,[-0.02692733  0.02430488 -0.01226792],[-0.23336467],-10.60172836253813
10,50021,[-0.02692733  0.02430488 -0.01226792],[-0.04561739],-1.8870388654199164
10,50023,[-0.02692733  0.02430488 -0.01226792],[-0.03219387],-1.263957683624479
10,50025,[-0.02692733  0.02430488 -0.01226792],[0.00566563],0.49337149977709915
10,50027,[-0.02692733  0.02430488 -0.01226792],[-0.04275853],-1.7543387770526362
10,51001,[-0.02692733  0.02430488 -0.01226792],[-0.10637809],-4.707376086290306
10,51003,[-0.02692733  0.02430488 -0.01226792],[-0.07145899],-3.0865320683311723
10,51005,[-0.02692733  0.02430488 -0.01226792],[-0.06150479],-2.624486592639328
10,51009,[-0.02692733  0.02430488 -0.01226792],[-0.07697966],-3.342785557141595
10,51013,[-0.02692733  0.02430488 -0.01226792],[-0.03149133],-1.231347862676835
10,51015,[-0.02692733  0.02430488 -0.01226792],[-0.07268297],-3.143345529925396
10,51023,[-0.02692733  0.02430488 -0.01226792],[0.01090655],0.7366401008260399
10,51027,[-0.02692733  0.02430488 -0.01226792],[-0.20619311],-9.340502599482512
10,51025,[-0.02692733  0.02430488 -0.01226792],[-0.20790079],-9.419768308831095
10,51029,[-0.02692733  0.02430488 -0.01226792],[-0.38639749],-17.705072516859865
10,51033,[-0.02692733  0.02430488 -0.01226792],[-0.15131309],-6.793129976320981
10,51031,[-0.02692733  0.02430488 -0.01226792],[-0.14099399],-6.314146937711556
10,51035,[-0.02692733  0.02430488 -0.01226792],[-0.25931896],-11.806452352278662
10,51041,[-0.02692733  0.02430488 -0.01226792],[-0.03216805],-1.2627593484813835
10,51047,[-0.02692733  0.02430488 -0.01226792],[-0.13858483],-6.202320775515003
10,51051,[-0.02692733  0.02430488 -0.01226792],[-0.42730128],-19.603708902049995
10,51059,[-0.02692733  0.02430488 -0.01226792],[-0.00658472],-0.07525455505645863
10,51061,[-0.02692733  0.02430488 -0.01226792],[-0.07531934],-3.2657182433890695
10,51065,[-0.02692733  0.02430488 -0.01226792],[-0.41176982],-18.88278343648825
10,51067,[-0.02692733  0.02430488 -0.01226792],[-0.17010163],-7.665239717677968
10,51069,[-0.02692733  0.02430488 -0.01226792],[-0.03200388],-1.2551391420832767
10,51071,[-0.02692733  0.02430488 -0.01226792],[-0.3006705],-13.72587174403271
10,51075,[-0.02692733  0.02430488 -0.01226792],[-0.24912509],-11.333282189707845
10,51073,[-0.02692733  0.02430488 -0.01226792],[-0.10401198],-4.597548326450466
10,51077,[-0.02692733  0.02430488 -0.01226792],[-0.3821106],-17.506087690800513
10,51083,[-0.02692733  0.02430488 -0.01226792],[-0.20895994],-9.468931187310005
10,51085,[-0.02692733  0.02430488 -0.01226792],[0.03882519],2.032542852289228
10,51087,[-0.02692733  0.02430488 -0.01226792],[0.00028151],0.24345592297811203
10,51089,[-0.02692733  0.02430488 -0.01226792],[-0.04041831],-1.6457124440581605
10,51093,[-0.02692733  0.02430488 -0.01226792],[-0.22250402],-10.097608368526004
10,51095,[-0.02692733  0.02430488 -0.01226792],[-0.09366948],-4.1174788571036505
10,51099,[-0.02692733  0.02430488 -0.01226792],[-0.2636819],-12.008967512960508
10,51105,[-0.02692733  0.02430488 -0.01226792],[-0.21199173],-9.609658206332663
10,51101,[-0.02692733  0.02430488 -0.01226792],[-0.30622103],-13.9835118238751
10,51107,[-0.02692733  0.02430488 -0.01226792],[-0.023289],-0.8506194555542423
10,51109,[-0.02692733  0.02430488 -0.01226792],[-0.16029108],-7.209862271966474
10,51117,[-0.02692733  0.02430488 -0.01226792],[-0.11108778],-4.925986662697237
10,51119,[-0.02692733  0.02430488 -0.01226792],[-0.51225356],-23.546950084928778
10,51121,[-0.02692733  0.02430488 -0.01226792],[-0.07215952],-3.119048502067266
10,51135,[-0.02692733  0.02430488 -0.01226792],[-0.37299835],-17.083123204303313
10,51137,[-0.02692733  0.02430488 -0.01226792],[0.13980655],6.719808018642135
10,51139,[-0.02692733  0.02430488 -0.01226792],[-0.18453523],-8.335206163314009
10,51141,[-0.02692733  0.02430488 -0.01226792],[-0.16004961],-7.198653944633295
10,51143,[-0.02692733  0.02430488 -0.01226792],[0.04149653],2.1565390580720174
10,51145,[-0.02692733  0.02430488 -0.01226792],[-0.20573545],-9.319259369435658
10,51147,[-0.02692733  0.02430488 -0.01226792],[-0.17108547],-7.710907004695136
10,51149,[-0.02692733  0.02430488 -0.01226792],[-0.25364346],-11.543011664006858
10,51153,[-0.02692733  0.02430488 -0.01226792],[-0.01963252],-0.6808958954914162
10,51161,[-0.02692733  0.02430488 -0.01226792],[-0.13629062],-6.095830128889047
10,51163,[-0.02692733  0.02430488 -0.01226792],[-0.46110771],-21.17290669829871
10,51167,[-0.02692733  0.02430488 -0.01226792],[-0.14935554],-6.702265884650967
10,51165,[-0.02692733  0.02430488 -0.01226792],[-0.00573556],-0.03583904018547135
10,51169,[-0.02692733  0.02430488 -0.01226792],[-0.22120409],-10.037269193834723
10,51171,[-0.02692733  0.02430488 -0.01226792],[-0.09961821],-4.393601916437629
10,51173,[-0.02692733  0.02430488 -0.01226792],[-0.19629406],-8.881017420495532
10,51175,[-0.02692733  0.02430488 -0.01226792],[0.05004394],2.553285335706922
10,51177,[-0.02692733  0.02430488 -0.01226792],[-0.04745518],-1.9723440656270104
10,51179,[-0.02692733  0.02430488 -0.01226792],[-0.07959835],-3.464337562891669
10,51183,[-0.02692733  0.02430488 -0.01226792],[-0.35231113],-16.122881719612508
10,51185,[-0.02692733  0.02430488 -0.01226792],[-0.23426845],-10.64367944625856
10,51187,[-0.02692733  0.02430488 -0.01226792],[-0.06138493],-2.618922844311845
10,51191,[-0.02692733  0.02430488 -0.01226792],[-0.04266585],-1.7500367864951547
10,51193,[-0.02692733  0.02430488 -0.01226792],[-0.24570592],-11.174573824739094
10,51195,[-0.02692733  0.02430488 -0.01226792],[0.05456208],2.763004306113029
10,51197,[-0.02692733  0.02430488 -0.01226792],[-0.15091637],-6.774715249693031
10,51199,[-0.02692733  0.02430488 -0.01226792],[-0.09230021],-4.053921233029691
10,51510,[-0.02692733  0.02430488 -0.01226792],[-0.03771983],-1.5204570452176764
10,51520,[-0.02692733  0.02430488 -0.01226792],[-0.26525163],-12.081829723996098
10,51540,[-0.02692733  0.02430488 -0.01226792],[-0.06719634],-2.888671816086567
10,51550,[-0.02692733  0.02430488 -0.01226792],[-0.01220214],-0.33599924124811165
10,51570,[-0.02692733  0.02430488 -0.01226792],[-0.3290881],-15.044935226292857
10,51590,[-0.02692733  0.02430488 -0.01226792],[-0.10281492],-4.5419842611961005
10,51630,[-0.02692733  0.02430488 -0.01226792],[-0.15592123],-7.007026614735531
10,51600,[-0.02692733  0.02430488 -0.01226792],[-0.26509287],-12.074460516946298
10,51650,[-0.02692733  0.02430488 -0.01226792],[-0.02524282],-0.9413099276760201
10,51660,[-0.02692733  0.02430488 -0.01226792],[-0.08631657],-3.7761779067479715
10,51670,[-0.02692733  0.02430488 -0.01226792],[-0.10629962],-4.7037338710537755
10,51680,[-0.02692733  0.02430488 -0.01226792],[-0.06829815],-2.9398147851733585
10,51683,[-0.02692733  0.02430488 -0.01226792],[-0.09633322],-4.241122068847169
10,51690,[-0.02692733  0.02430488 -0.01226792],[-0.21276878],-9.645726697705754
10,51700,[-0.02692733  0.02430488 -0.01226792],[-0.00249832],0.11442439893556519
10,51710,[-0.02692733  0.02430488 -0.01226792],[-0.02064718],-0.7279936803511309
10,51730,[-0.02692733  0.02430488 -0.01226792],[-0.0874881],-3.830557052784563
10,51735,[-0.02692733  0.02430488 -0.01226792],[-0.19895781],-9.004661078110113
10,51740,[-0.02692733  0.02430488 -0.01226792],[-0.08243668],-3.596084523874561
10,51760,[-0.02692733  0.02430488 -0.01226792],[-0.01087301],-0.2743046943802719
10,51770,[-0.02692733  0.02430488 -0.01226792],[-0.03619478],-1.4496683215149786
10,51775,[-0.02692733  0.02430488 -0.01226792],[-0.15211749],-6.830468017598707
10,51790,[-0.02692733  0.02430488 -0.01226792],[-0.21560717],-9.777476631039416
10,51800,[-0.02692733  0.02430488 -0.01226792],[0.00894607],0.6456400150271632
10,51810,[-0.02692733  0.02430488 -0.01226792],[-0.00792498],-0.13746544455341714
10,51820,[-0.02692733  0.02430488 -0.01226792],[-0.31785587],-14.523567438732368
10,51840,[-0.02692733  0.02430488 -0.01226792],[-0.25328528],-11.52638588108161
10,53001,[-0.02692733  0.02430488 -0.01226792],[-0.33963567],-15.534523044786628
10,53003,[-0.02692733  0.02430488 -0.01226792],[-0.00762946],-0.12374826532252471
10,53005,[-0.02692733  0.02430488 -0.01226792],[-0.03135486],-1.2250134127043373
10,53007,[-0.02692733  0.02430488 -0.01226792],[-0.08403375],-3.67021607724536
10,53009,[-0.02692733  0.02430488 -0.01226792],[-0.07919766],-3.4457384743577206
10,53011,[-0.02692733  0.02430488 -0.01226792],[0.03967334],2.071911898875697
10,53015,[-0.02692733  0.02430488 -0.01226792],[-0.05055301],-2.1161363592532707
10,53021,[-0.02692733  0.02430488 -0.01226792],[-0.13856003],-6.201169673241067
10,53017,[-0.02692733  0.02430488 -0.01226792],[-0.0421519],-1.7261807980399755
10,53025,[-0.02692733  0.02430488 -0.01226792],[-0.16004271],-7.19833378715391
10,53027,[-0.02692733  0.02430488 -0.01226792],[-0.12560732],-5.599941614004515
10,53029,[-0.02692733  0.02430488 -0.01226792],[-0.03279136],-1.291691738382865
10,53031,[-0.02692733  0.02430488 -0.01226792],[-0.17942843],-8.098163343677776
10,53033,[-0.02692733  0.02430488 -0.01226792],[0.00377853],0.4057778838109655
10,53035,[-0.02692733  0.02430488 -0.01226792],[-0.00561575],-0.030277692723677262
10,53037,[-0.02692733  0.02430488 -0.01226792],[-0.15932767],-7.165143815868137
10,53041,[-0.02692733  0.02430488 -0.01226792],[0.00045033],0.2512925063669515
10,53043,[-0.02692733  0.02430488 -0.01226792],[-0.20831916],-9.439187713881397
10,53045,[-0.02692733  0.02430488 -0.01226792],[-0.09842556],-4.338242734893974
10,53047,[-0.02692733  0.02430488 -0.01226792],[-0.10103291],-4.459268229404114
10,53049,[-0.02692733  0.02430488 -0.01226792],[-0.0919027],-4.035470192311789
10,53051,[-0.02692733  0.02430488 -0.01226792],[-0.27568739],-12.566227892866753
10,53053,[-0.02692733  0.02430488 -0.01226792],[-0.00327538],0.07835563344330235
10,53055,[-0.02692733  0.02430488 -0.01226792],[-0.26643757],-12.136877845864731
10,53057,[-0.02692733  0.02430488 -0.01226792],[-0.03900972],-1.5803299247538813
10,53059,[-0.02692733  0.02430488 -0.01226792],[-0.30457611],-13.907159228526206
10,53061,[-0.02692733  0.02430488 -0.01226792],[-0.00815174],-0.14799106875044082
10,53063,[-0.02692733  0.02430488 -0.01226792],[-0.01710251],-0.5634600415017071
10,53065,[-0.02692733  0.02430488 -0.01226792],[-0.1472774],-6.605804782871584
10,53067,[-0.02692733  0.02430488 -0.01226792],[-0.05019216],-2.0993865691190647
10,53071,[-0.02692733  0.02430488 -0.01226792],[-0.15735569],-7.0736101181500315
10,53073,[-0.02692733  0.02430488 -0.01226792],[-0.04745232],-1.9722111071816808
10,53075,[-0.02692733  0.02430488 -0.01226792],[-0.00521618],-0.011730851392948336
10,53077,[-0.02692733  0.02430488 -0.01226792],[-0.04848146],-2.019980946890584
10,54001,[-0.02692733  0.02430488 -0.01226792],[-0.50258395],-23.09811436154714
10,54003,[-0.02692733  0.02430488 -0.01226792],[-0.07262012],-3.140428227978568
10,54005,[-0.02692733  0.02430488 -0.01226792],[-0.23188012],-10.532820046503943
10,54009,[-0.02692733  0.02430488 -0.01226792],[-0.2118117],-9.601301384883666
10,54011,[-0.02692733  0.02430488 -0.01226792],[-0.05153817],-2.1618646840155518
10,54019,[-0.02692733  0.02430488 -0.01226792],[-0.05431393],-2.2907075602295595
10,54025,[-0.02692733  0.02430488 -0.01226792],[-0.23080125],-10.482741897365456
10,54027,[-0.02692733  0.02430488 -0.01226792],[-0.38084732],-17.44744951285843
10,54029,[-0.02692733  0.02430488 -0.01226792],[-0.03427777],-1.360686298154268
10,54035,[-0.02692733  0.02430488 -0.01226792],[-0.21626925],-9.808208221873603
10,54033,[-0.02692733  0.02430488 -0.01226792],[-0.0735852],-3.185224621926743
10,54037,[-0.02692733  0.02430488 -0.01226792],[-0.10102231],-4.458776334653166
10,54039,[-0.02692733  0.02430488 -0.01226792],[-0.032862],-1.2949702145565047
10,54041,[-0.02692733  0.02430488 -0.01226792],[-0.11216984],-4.976212431583101
10,54043,[-0.02692733  0.02430488 -0.01226792],[-0.14819162],-6.648240295960813
10,54045,[-0.02692733  0.02430488 -0.01226792],[-0.17801991],-8.032783597977275
10,54047,[-0.02692733  0.02430488 -0.01226792],[-0.15642411],-7.030368760143676
10,54049,[-0.02692733  0.02430488 -0.01226792],[0.06614831],3.300803859913237
10,54051,[-0.02692733  0.02430488 -0.01226792],[-0.15388657],-6.912583477869096
10,54053,[-0.02692733  0.02430488 -0.01226792],[-0.33966233],-15.535760701290519
10,54057,[-0.02692733  0.02430488 -0.01226792],[-0.03716628],-1.4947629299552272
10,54055,[-0.02692733  0.02430488 -0.01226792],[-0.119795],-5.330150867267563
10,54059,[-0.02692733  0.02430488 -0.01226792],[-0.28604017],-13.046774011909417
10,54061,[-0.02692733  0.02430488 -0.01226792],[-0.03203684],-1.256669026248162
10,54065,[-0.02692733  0.02430488 -0.01226792],[-0.30843207],-14.086141690279145
10,54067,[-0.02692733  0.02430488 -0.01226792],[-0.26750394],-12.186375323794262
10,54069,[-0.02692733  0.02430488 -0.01226792],[-0.05761582],-2.443971614542266
10,54077,[-0.02692733  0.02430488 -0.01226792],[-0.04799198],-1.9972608487665948
10,54075,[-0.02692733  0.02430488 -0.01226792],[-0.34894168],-15.966481286404676
10,54079,[-0.02692733  0.02430488 -0.01226792],[-0.00487231],0.004230489495184295
10,54081,[-0.02692733  0.02430488 -0.01226792],[0.05625995],2.8418146849464367
10,54083,[-0.02692733  0.02430488 -0.01226792],[-0.22174276],-10.062272748160222
10,54089,[-0.02692733  0.02430488 -0.01226792],[-0.35805597],-16.38954045170818
10,54087,[-0.02692733  0.02430488 -0.01226792],[-0.04551718],-1.8823874119156692
10,54091,[-0.02692733  0.02430488 -0.01226792],[-0.32241227],-14.735062656916952
10,54097,[-0.02692733  0.02430488 -0.01226792],[0.00819787],0.6109109387424518
10,54103,[-0.02692733  0.02430488 -0.01226792],[-0.29491235],-13.45859505894989
10,54099,[-0.02692733  0.02430488 -0.01226792],[0.08805036],4.31743402171558
10,54107,[-0.02692733  0.02430488 -0.01226792],[-0.01837147],-0.6223617055350085
10,54109,[-0.02692733  0.02430488 -0.01226792],[-0.21529423],-9.762950724540355
10,55001,[-0.02692733  0.02430488 -0.01226792],[-0.22501994],-10.214390264220157
10,55003,[-0.02692733  0.02430488 -0.01226792],[-0.24299231],-11.048615863169074
10,55005,[-0.02692733  0.02430488 -0.01226792],[-0.01371423],-0.40618574909805666
10,55007,[-0.02692733  0.02430488 -0.01226792],[-0.22791897],-10.348954613055396
10,55009,[-0.02692733  0.02430488 -0.01226792],[0.00727219],0.5679435292886504
10,55011,[-0.02692733  0.02430488 -0.01226792],[-0.31595246],-14.435216623950275
10,55013,[-0.02692733  0.02430488 -0.01226792],[-0.25972658],-11.825372609523912
10,55015,[-0.02692733  0.02430488 -0.01226792],[-0.1199801],-5.338742274443628
10,55017,[-0.02692733  0.02430488 -0.01226792],[-0.01647683],-0.5344178432871479
10,55019,[-0.02692733  0.02430488 -0.01226792],[-0.21445839],-9.724153398113529
10,55021,[-0.02692733  0.02430488 -0.01226792],[-0.15586713],-7.004515334739879
10,55023,[-0.02692733  0.02430488 -0.01226792],[-0.3680859],-16.855101335081528
10,55025,[-0.02692733  0.02430488 -0.01226792],[0.00975399],0.6831414514054573
10,55027,[-0.02692733  0.02430488 -0.01226792],[-0.11285332],-5.007937894995186
10,55029,[-0.02692733  0.02430488 -0.01226792],[-0.24618311],-11.196723938813172
10,55031,[-0.02692733  0.02430488 -0.01226792],[-0.11175675],-4.957038079127331
10,55033,[-0.02692733  0.02430488 -0.01226792],[-0.07092273],-3.061640273062243
10,55035,[-0.02692733  0.02430488 -0.01226792],[-0.04521572],-1.868394509315411
10,55039,[-0.02692733  0.02430488 -0.01226792],[-0.01035152],-0.25009845711939693
10,55041,[-0.02692733  0.02430488 -0.01226792],[-0.2746522],-12.518177201928504
10,55043,[-0.02692733  0.02430488 -0.01226792],[-0.13398273],-5.988704229719848
10,55045,[-0.02692733  0.02430488 -0.01226792],[-0.06721239],-2.8894168248345826
10,55047,[-0.02692733  0.02430488 -0.01226792],[-0.15437885],-6.935433554818629
10,55049,[-0.02692733  0.02430488 -0.01226792],[-0.09923452],-4.375792363180134
10,55053,[-0.02692733  0.02430488 -0.01226792],[-0.2625858],-11.958089330659844
10,55055,[-0.02692733  0.02430488 -0.01226792],[-0.08347951],-3.644490026237072
10,55057,[-0.02692733  0.02430488 -0.01226792],[-0.05911892],-2.513741151364038
10,55059,[-0.02692733  0.02430488 -0.01226792],[0.00462219],0.4449380768599246
10,55061,[-0.02692733  0.02430488 -0.01226792],[-0.48294003],-22.18629995804514
10,55065,[-0.02692733  0.02430488 -0.01226792],[-0.22801387],-10.353359896910067
10,55063,[-0.02692733  0.02430488 -0.01226792],[0.0072808],0.5683428726559238
10,55067,[-0.02692733  0.02430488 -0.01226792],[-0.2706506],-12.33243457714421
10,55069,[-0.02692733  0.02430488 -0.01226792],[-0.13710957],-6.133843240419523
10,55071,[-0.02692733  0.02430488 -0.01226792],[0.07915667],3.904614420887928
10,55073,[-0.02692733  0.02430488 -0.01226792],[-0.01197959],-0.3256690116475631
10,55075,[-0.02692733  0.02430488 -0.01226792],[-0.07090049],-3.060607994988789
10,55077,[-0.02692733  0.02430488 -0.01226792],[-0.33455121],-15.298517153220084
10,55079,[-0.02692733  0.02430488 -0.01226792],[0.00770093],0.5878444715567747
10,55081,[-0.02692733  0.02430488 -0.01226792],[0.0281783],1.5383448522907415
10,55083,[-0.02692733  0.02430488 -0.01226792],[-0.10970817],-4.861948738947242
10,55085,[-0.02692733  0.02430488 -0.01226792],[-0.07135497],-3.0817035536864714
10,55087,[-0.02692733  0.02430488 -0.01226792],[-0.01452664],-0.4438958610063136
10,55089,[-0.02692733  0.02430488 -0.01226792],[-0.09781788],-4.310035907848438
10,55093,[-0.02692733  0.02430488 -0.01226792],[-0.06918647],-2.9810481166342644
10,55095,[-0.02692733  0.02430488 -0.01226792],[-0.16002694],-7.19760162486337
10,55097,[-0.02692733  0.02430488 -0.01226792],[0.02639653],1.4556404197901134
10,55099,[-0.02692733  0.02430488 -0.01226792],[-0.2113082],-9.577930665632609
10,55101,[-0.02692733  0.02430488 -0.01226792],[-0.04309004],-1.769726629557706
10,55103,[-0.02692733  0.02430488 -0.01226792],[-0.2797616],-12.755340874145332
10,55105,[-0.02692733  0.02430488 -0.01226792],[-0.01295893],-0.37112687120051074
10,55107,[-0.02692733  0.02430488 -0.01226792],[0.00047443],0.2524111023527409
10,55109,[-0.02692733  0.02430488 -0.01226792],[-0.19411648],-8.779940377360717
10,55111,[-0.02692733  0.02430488 -0.01226792],[0.00727158],0.5679150034522229
10,55113,[-0.02692733  0.02430488 -0.01226792],[-0.25766304],-11.729588947940158
10,55115,[-0.02692733  0.02430488 -0.01226792],[0.09258272],4.527813369872699
10,55119,[-0.02692733  0.02430488 -0.01226792],[-0.28707134],-13.09463815453674
10,55117,[-0.02692733  0.02430488 -0.01226792],[-0.04696114],-1.949411885372087
10,55121,[-0.02692733  0.02430488 -0.01226792],[-0.18278323],-8.253883378315637
10,55123,[-0.02692733  0.02430488 -0.01226792],[-0.26439857],-12.042232924578652
10,55125,[-0.02692733  0.02430488 -0.01226792],[-0.20842249],-9.443984039944981
10,55127,[-0.02692733  0.02430488 -0.01226792],[-0.01590498],-0.5078744305535843
10,55129,[-0.02692733  0.02430488 -0.01226792],[-0.28693589],-13.0883506051454
10,55131,[-0.02692733  0.02430488 -0.01226792],[0.07820198],3.860300576844871
10,55133,[-0.02692733  0.02430488 -0.01226792],[-0.00525438],-0.013504181389544708
10,55135,[-0.02692733  0.02430488 -0.01226792],[-0.12897819],-5.756407843607956
10,55137,[-0.02692733  0.02430488 -0.01226792],[-0.22735744],-10.322890284156262
10,55139,[-0.02692733  0.02430488 -0.01226792],[-0.03249694],-1.2780254932702784
10,55141,[-0.02692733  0.02430488 -0.01226792],[-0.12004573],-5.341788981152598
10,56001,[-0.02692733  0.02430488 -0.01226792],[-0.15789345],-7.0985711764011175
10,56005,[-0.02692733  0.02430488 -0.01226792],[-0.24713997],-11.241138570576398
10,56007,[-0.02692733  0.02430488 -0.01226792],[-0.41995354],-19.26264826772593
10,56009,[-0.02692733  0.02430488 -0.01226792],[-0.2386593],-10.84749031140082
10,56015,[-0.02692733  0.02430488 -0.01226792],[-0.31354299],-14.323376037791386
10,56013,[-0.02692733  0.02430488 -0.01226792],[-0.26983851],-12.294739655832222
10,56021,[-0.02692733  0.02430488 -0.01226792],[0.00632519],0.5239866125837882
10,56023,[-0.02692733  0.02430488 -0.01226792],[-0.29508019],-13.466385611905764
10,56025,[-0.02692733  0.02430488 -0.01226792],[-0.08822911],-3.8649525027865494
10,56029,[-0.02692733  0.02430488 -0.01226792],[-0.30853612],-14.09097124144236
10,56033,[-0.02692733  0.02430488 -0.01226792],[-0.30683081],-14.011815690876292
10,56037,[-0.02692733  0.02430488 -0.01226792],[-0.14963244],-6.715118720506723
10,56039,[-0.02692733  0.02430488 -0.01226792],[-0.47447558],-21.793404611652402
10,12057,[-0.02692733  0.02430488 -0.01226792],[0.00973218],0.6821290070779528
10,12059,[-0.02692733  0.02430488 -0.01226792],[-0.33397412],-15.271730137230092
10,12061,[-0.02692733  0.02430488 -0.01226792],[-0.00565006],-0.031870413691135635
10,12063,[-0.02692733  0.02430488 -0.01226792],[-0.04738635],-1.969148844162615
10,12069,[-0.02692733  0.02430488 -0.01226792],[-0.02160327],-0.7723722975231078
10,12071,[-0.02692733  0.02430488 -0.01226792],[-0.00890598],-0.18300087077283886
10,12073,[-0.02692733  0.02430488 -0.01226792],[0.0043554],0.43255437005274
10,12075,[-0.02692733  0.02430488 -0.01226792],[-0.11448338],-5.0836004619086825
10,12079,[-0.02692733  0.02430488 -0.01226792],[-0.30405387],-13.882918075304547
10,12081,[-0.02692733  0.02430488 -0.01226792],[-0.02831871],-1.0840841087193687
10,12083,[-0.02692733  0.02430488 -0.01226792],[-0.01850735],-0.6286689848941921
10,12085,[-0.02692733  0.02430488 -0.01226792],[-0.0382208],-1.5437103255178048
10,12086,[-0.02692733  0.02430488 -0.01226792],[0.004972],0.46117499552777336
10,12087,[-0.02692733  0.02430488 -0.01226792],[-0.05132112],-2.151789531927219
10,12089,[-0.02692733  0.02430488 -0.01226792],[-0.09694137],-4.269350545760397
10,12091,[-0.02692733  0.02430488 -0.01226792],[-0.00089051],0.18905450375864627
10,12093,[-0.02692733  0.02430488 -0.01226792],[-0.0728574],-3.151442174628825
10,12095,[-0.02692733  0.02430488 -0.01226792],[-0.00391681],0.048582016264400826
10,12097,[-0.02692733  0.02430488 -0.01226792],[-0.04717209],-1.9592037268580667
10,12099,[-0.02692733  0.02430488 -0.01226792],[-0.00682722],-0.08651076960692564
10,12101,[-0.02692733  0.02430488 -0.01226792],[-0.00885271],-0.1805279366366093
10,12103,[-0.02692733  0.02430488 -0.01226792],[-0.00083656],0.19155876611256523
10,12105,[-0.02692733  0.02430488 -0.01226792],[-0.00429465],0.03104389969997359
10,12107,[-0.02692733  0.02430488 -0.01226792],[0.02004105],1.1606372723585885
10,12109,[-0.02692733  0.02430488 -0.01226792],[0.00937911],0.6657406441379398
10,12111,[-0.02692733  0.02430488 -0.01226792],[0.05860045],2.9504538052899547
10,12113,[-0.02692733  0.02430488 -0.01226792],[-0.06292971],-2.6906273028843715
10,12115,[-0.02692733  0.02430488 -0.01226792],[-0.02256822],-0.8171627832233146
10,12117,[-0.02692733  0.02430488 -0.01226792],[-0.01520143],-0.47521765979194286
10,12119,[-0.02692733  0.02430488 -0.01226792],[-0.04652932],-1.9293682619587071
10,12121,[-0.02692733  0.02430488 -0.01226792],[-0.19202286],-8.682760471325768
10,12123,[-0.02692733  0.02430488 -0.01226792],[-0.31962464],-14.605668683325145
10,12127,[-0.02692733  0.02430488 -0.01226792],[-0.01378668],-0.40954867356770325
10,12129,[-0.02692733  0.02430488 -0.01226792],[-0.29223988],-13.334546597834624
10,12131,[-0.02692733  0.02430488 -0.01226792],[-0.05505634],-2.3251679310295326
10,12133,[-0.02692733  0.02430488 -0.01226792],[-0.10102556],-4.458926993475051
10,13001,[-0.02692733  0.02430488 -0.01226792],[-0.31261463],-14.280284132976467
10,13009,[-0.02692733  0.02430488 -0.01226792],[-0.18621104],-8.412992640914025
10,13011,[-0.02692733  0.02430488 -0.01226792],[-0.31350226],-14.321485279782037
10,13013,[-0.02692733  0.02430488 -0.01226792],[-0.09122587],-4.004053763547077
10,13015,[-0.02692733  0.02430488 -0.01226792],[-0.03983283],-1.6185362885600783
10,13017,[-0.02692733  0.02430488 -0.01226792],[-0.31560029],-14.418870059823801
10,13019,[-0.02692733  0.02430488 -0.01226792],[-0.21488504],-9.743957157151607
10,13021,[-0.02692733  0.02430488 -0.01226792],[-0.03220525],-1.2644859157451886
10,13031,[-0.02692733  0.02430488 -0.01226792],[-0.03930197],-1.5938952747799133
10,13027,[-0.02692733  0.02430488 -0.01226792],[-0.26153428],-11.909280813597807
10,13033,[-0.02692733  0.02430488 -0.01226792],[-0.21298252],-9.65564772042626
10,13039,[-0.02692733  0.02430488 -0.01226792],[-0.13099912],-5.850213644382205
10,13045,[-0.02692733  0.02430488 -0.01226792],[0.01749003],1.0422264409720345
10,13047,[-0.02692733  0.02430488 -0.01226792],[-0.10836614],-4.799655707094369
10,13053,[-0.02692733  0.02430488 -0.01226792],[-0.38954941],-17.85137565434949
10,13051,[-0.02692733  0.02430488 -0.01226792],[0.02104331],1.2071591716434071
10,13055,[-0.02692733  0.02430488 -0.01226792],[-0.20831393],-9.43894494599756
10,13057,[-0.02692733  0.02430488 -0.01226792],[-0.07941156],-3.4556672329097076
10,13059,[-0.02692733  0.02430488 -0.01226792],[-0.03219261],-1.2638991686188812
10,13063,[-0.02692733  0.02430488 -0.01226792],[-0.03235376],-1.2713794196369608
10,13067,[-0.02692733  0.02430488 -0.01226792],[0.01487926],0.9210418181497493
10,13069,[-0.02692733  0.02430488 -0.01226792],[-0.12929474],-5.771101184410589
10,13071,[-0.02692733  0.02430488 -0.01226792],[-0.10498954],-4.642923735526105
10,13073,[-0.02692733  0.02430488 -0.01226792],[-0.07194912],-3.1092823073257594
10,13075,[-0.02692733  0.02430488 -0.01226792],[-0.42267944],-19.389176721910445
10,13077,[-0.02692733  0.02430488 -0.01226792],[-0.02249982],-0.8139877533396248
10,13081,[-0.02692733  0.02430488 -0.01226792],[-0.07509499],-3.2553043205198895
10,13083,[-0.02692733  0.02430488 -0.01226792],[0.11191474],5.425150236264191
10,13087,[-0.02692733  0.02430488 -0.01226792],[-0.15751688],-7.08109180954264
10,13089,[-0.02692733  0.02430488 -0.01226792],[-0.00498964],-0.0012156765596668382
10,13091,[-0.02692733  0.02430488 -0.01226792],[-0.17238512],-7.771233038008738
10,13095,[-0.02692733  0.02430488 -0.01226792],[0.02284205],1.2906518184215228
10,13097,[-0.02692733  0.02430488 -0.01226792],[-0.07777608],-3.3797531812110337
10,13099,[-0.02692733  0.02430488 -0.01226792],[-0.28848298],-13.160162337399457
10,13103,[-0.02692733  0.02430488 -0.01226792],[-0.05575662],-2.3576730390898177
10,13105,[-0.02692733  0.02430488 -0.01226792],[-0.24011473],-10.91504691265421
10,13107,[-0.02692733  0.02430488 -0.01226792],[-0.20121664],-9.109509219476891
10,13111,[-0.02692733  0.02430488 -0.01226792],[-0.21391083],-9.698737108061424
10,13113,[-0.02692733  0.02430488 -0.01226792],[-0.03588928],-1.435487957935752
10,13115,[-0.02692733  0.02430488 -0.01226792],[-0.06989909],-3.0141259979476787
10,13119,[-0.02692733  0.02430488 -0.01226792],[-0.4087503],-18.74262569490819
10,13117,[-0.02692733  0.02430488 -0.01226792],[-0.00066818],0.1993743881198888
10,13121,[-0.02692733  0.02430488 -0.01226792],[0.01948265],1.1347178481494091
10,13123,[-0.02692733  0.02430488 -0.01226792],[-0.32652694],-14.92605367924831
10,13127,[-0.02692733  0.02430488 -0.01226792],[-0.04838122],-2.0153281224427437
10,13129,[-0.02692733  0.02430488 -0.01226792],[-0.13735824],-6.145385965033848
10,13131,[-0.02692733  0.02430488 -0.01226792],[-0.22729484],-10.319984732682139
10,13133,[-0.02692733  0.02430488 -0.01226792],[-0.2471319],-11.240763809133483
10,13137,[-0.02692733  0.02430488 -0.01226792],[-0.1746412],-7.875953548908891
10,13135,[-0.02692733  0.02430488 -0.01226792],[0.0154824],0.9490375745393673
10,13139,[-0.02692733  0.02430488 -0.01226792],[-0.0505799],-2.117384546988284
10,13143,[-0.02692733  0.02430488 -0.01226792],[-0.19821826],-8.970332935066251
10,13145,[-0.02692733  0.02430488 -0.01226792],[-0.25157402],-11.446954306625404
10,13147,[-0.02692733  0.02430488 -0.01226792],[-0.29655558],-13.534869009704936
10,13151,[-0.02692733  0.02430488 -0.01226792],[-0.0235641],-0.863388676073182
10,13157,[-0.02692733  0.02430488 -0.01226792],[-0.12796453],-5.709356757908948
10,13153,[-0.02692733  0.02430488 -0.01226792],[-0.06312437],-2.699662707759407
10,13163,[-0.02692733  0.02430488 -0.01226792],[-0.40898637],-18.75358359753979
10,13169,[-0.02692733  0.02430488 -0.01226792],[-0.29838264],-13.619676243149463
10,13175,[-0.02692733  0.02430488 -0.01226792],[-0.0976802],-4.303645319651719
10,13177,[-0.02692733  0.02430488 -0.01226792],[-0.3039904],-13.879972103685532
10,13179,[-0.02692733  0.02430488 -0.01226792],[-0.08099157],-3.5290066605901953
10,13185,[-0.02692733  0.02430488 -0.01226792],[0.0367521],1.9363163089712463
10,13187,[-0.02692733  0.02430488 -0.01226792],[-0.27549153],-12.557136407562489
10,13189,[-0.02692733  0.02430488 -0.01226792],[-0.19375173],-8.76300966063162
10,13193,[-0.02692733  0.02430488 -0.01226792],[-0.3427574],-15.679424816692238
10,13195,[-0.02692733  0.02430488 -0.01226792],[-0.15199151],-6.824620195948029
10,13199,[-0.02692733  0.02430488 -0.01226792],[-0.43903403],-20.14830951099267
10,13205,[-0.02692733  0.02430488 -0.01226792],[-0.33745566],-15.43333340270524
10,13207,[-0.02692733  0.02430488 -0.01226792],[-0.1935379],-8.753084480143475
10,13211,[-0.02692733  0.02430488 -0.01226792],[-0.28631485],-13.059523678191939
10,13213,[-0.02692733  0.02430488 -0.01226792],[-0.15680421],-7.048011655836822
10,13215,[-0.02692733  0.02430488 -0.01226792],[-0.02493061],-0.9268182627549232
10,13217,[-0.02692733  0.02430488 -0.01226792],[-0.09054364],-3.9723863780600284
10,13219,[-0.02692733  0.02430488 -0.01226792],[-0.14411695],-6.459105648070806
10,13221,[-0.02692733  0.02430488 -0.01226792],[-0.27740955],-12.646165354575503
10,13223,[-0.02692733  0.02430488 -0.01226792],[-0.0390351],-1.581507982487636
10,13225,[-0.02692733  0.02430488 -0.01226792],[-0.25832477],-11.760304835156196
10,13229,[-0.02692733  0.02430488 -0.01226792],[-0.28561244],-13.026919874046534
10,13227,[-0.02692733  0.02430488 -0.01226792],[-0.27972468],-12.753626985774208
10,13231,[-0.02692733  0.02430488 -0.01226792],[-0.40280767],-18.466785997272673
10,13233,[-0.02692733  0.02430488 -0.01226792],[-0.23948686],-10.88590306483851
10,13237,[-0.02692733  0.02430488 -0.01226792],[-0.14448204],-6.476052041900506
10,13241,[-0.02692733  0.02430488 -0.01226792],[-0.28746809],-13.113053863799436
10,13245,[-0.02692733  0.02430488 -0.01226792],[-0.01696799],-0.557215894710662
10,13247,[-0.02692733  0.02430488 -0.01226792],[-0.0513318],-2.1522854757084153
10,13251,[-0.02692733  0.02430488 -0.01226792],[-0.19875761],-8.99536839017073
10,13255,[-0.02692733  0.02430488 -0.01226792],[-0.02751246],-1.0466600878226155
10,13257,[-0.02692733  0.02430488 -0.01226792],[-0.31140345],-14.224064702164354
10,13267,[-0.02692733  0.02430488 -0.01226792],[-0.286447],-13.065657798198886
10,13261,[-0.02692733  0.02430488 -0.01226792],[-0.16222151],-7.2994672393629845
10,13273,[-0.02692733  0.02430488 -0.01226792],[-0.23566494],-10.70850046736591
10,13277,[-0.02692733  0.02430488 -0.01226792],[-0.13032814],-5.819068899895
10,13275,[-0.02692733  0.02430488 -0.01226792],[-0.16802444],-7.568822523469818
10,13279,[-0.02692733  0.02430488 -0.01226792],[-0.1430375],-6.409000960974113
10,13285,[-0.02692733  0.02430488 -0.01226792],[-0.04904883],-2.0463164844973174
10,13291,[-0.02692733  0.02430488 -0.01226792],[-0.21418897],-9.711647666609327
10,13293,[-0.02692733  0.02430488 -0.01226792],[-0.23362569],-10.613844520374451
10,13295,[-0.02692733  0.02430488 -0.01226792],[-0.11717745],-5.208651686822516
10,13297,[-0.02692733  0.02430488 -0.01226792],[-0.03378812],-1.337958340073919
10,13299,[-0.02692733  0.02430488 -0.01226792],[-0.04885263],-2.037209334810673
10,13303,[-0.02692733  0.02430488 -0.01226792],[-0.26369421],-12.009538899323902
10,13305,[-0.02692733  0.02430488 -0.01226792],[-0.12328144],-5.4919811383367865
10,13311,[-0.02692733  0.02430488 -0.01226792],[-0.18786027],-8.489545207342164
10,13313,[-0.02692733  0.02430488 -0.01226792],[-0.04617583],-1.9129601523658586
10,13315,[-0.02692733  0.02430488 -0.01226792],[-0.24984775],-11.366825776722276
10,13317,[-0.02692733  0.02430488 -0.01226792],[-0.33170969],-15.166621782950825
10,13321,[-0.02692733  0.02430488 -0.01226792],[-0.37074165],-16.9783735078721
10,16001,[-0.02692733  0.02430488 -0.01226792],[0.01144233],0.7615095166465908
10,16005,[-0.02692733  0.02430488 -0.01226792],[0.0179954],1.0656842079162814
10,16011,[-0.02692733  0.02430488 -0.01226792],[-0.17223431],-7.764232591133676
10,16013,[-0.02692733  0.02430488 -0.01226792],[-0.44793419],-20.561429733584394
10,16017,[-0.02692733  0.02430488 -0.01226792],[-0.1449724],-6.498813037796877
10,16019,[-0.02692733  0.02430488 -0.01226792],[-0.02835207],-1.0856323658092488
10,16027,[-0.02692733  0.02430488 -0.01226792],[-0.01967263],-0.6827578583507347
10,16031,[-0.02692733  0.02430488 -0.01226792],[-0.27146732],-12.370344342300664
10,16039,[-0.02692733  0.02430488 -0.01226792],[-0.16045132],-7.217300299922688
10,16049,[-0.02692733  0.02430488 -0.01226792],[-0.1487259],-6.673040065912641
10,16051,[-0.02692733  0.02430488 -0.01226792],[-0.13306096],-5.945918612650299
10,16053,[-0.02692733  0.02430488 -0.01226792],[-0.24702616],-11.23585591487826
10,16055,[-0.02692733  0.02430488 -0.01226792],[-0.00521737],-0.011786184189611701
10,16057,[-0.02692733  0.02430488 -0.01226792],[-0.13403151],-5.990968417594885
10,16065,[-0.02692733  0.02430488 -0.01226792],[-0.27595096],-12.578461661324845
10,16067,[-0.02692733  0.02430488 -0.01226792],[-0.22562966],-10.242691713930117
10,16069,[-0.02692733  0.02430488 -0.01226792],[-0.0107618],-0.26914262093789143
10,16075,[-0.02692733  0.02430488 -0.01226792],[-0.39315424],-18.018701677874024
10,16083,[-0.02692733  0.02430488 -0.01226792],[-0.09737183],-4.2893315965982035
10,17003,[-0.02692733  0.02430488 -0.01226792],[-0.30835953],-14.08277483577014
10,17001,[-0.02692733  0.02430488 -0.01226792],[-0.03174437],-1.2430931582489566
10,17005,[-0.02692733  0.02430488 -0.01226792],[-0.26370217],-12.009908310048042
10,17007,[-0.02692733  0.02430488 -0.01226792],[-0.16524847],-7.439970153365583
10,17011,[-0.02692733  0.02430488 -0.01226792],[-0.21986523],-9.975123344110687
10,17015,[-0.02692733  0.02430488 -0.01226792],[-0.20877915],-9.460539492993977
10,17017,[-0.02692733  0.02430488 -0.01226792],[-0.11719772],-5.209592324930294
10,17019,[-0.02692733  0.02430488 -0.01226792],[-0.01026147],-0.24591859139799477
10,17021,[-0.02692733  0.02430488 -0.01226792],[-0.18546479],-8.37835371962344
10,17023,[-0.02692733  0.02430488 -0.01226792],[-0.64514238],-29.71526733734858
10,17027,[-0.02692733  0.02430488 -0.01226792],[-0.18719189],-8.458520577523682
10,17025,[-0.02692733  0.02430488 -0.01226792],[0.03255242],1.7413790711567059
10,17029,[-0.02692733  0.02430488 -0.01226792],[0.29895249],14.106905301450116
10,17031,[-0.02692733  0.02430488 -0.01226792],[0.00867744],0.6331708671046566
10,17033,[-0.02692733  0.02430488 -0.01226792],[-0.31182994],-14.243860996030778
10,17037,[-0.02692733  0.02430488 -0.01226792],[0.01331241],0.8483130143768253
10,17039,[-0.02692733  0.02430488 -0.01226792],[-0.28890478],-13.179740923333046
10,17041,[-0.02692733  0.02430488 -0.01226792],[-0.2849641],-12.996826116695074
10,17043,[-0.02692733  0.02430488 -0.01226792],[0.00777801],0.5914220285287245
10,17045,[-0.02692733  0.02430488 -0.01226792],[-0.11473249],-5.095163319299563
10,17049,[-0.02692733  0.02430488 -0.01226792],[-0.19383591],-8.766917148659319
10,17051,[-0.02692733  0.02430488 -0.01226792],[-0.28801376],-13.138382211892326
10,17053,[-0.02692733  0.02430488 -0.01226792],[-0.28697779],-13.090295512647444
10,17055,[-0.02692733  0.02430488 -0.01226792],[-0.06051596],-2.578587970218296
10,17057,[-0.02692733  0.02430488 -0.01226792],[-0.18413751],-8.316745386838967
10,17063,[-0.02692733  0.02430488 -0.01226792],[-0.01980994],-0.6891311058741751
10,17061,[-0.02692733  0.02430488 -0.01226792],[-0.16734534],-7.537301013777296
10,17067,[-0.02692733  0.02430488 -0.01226792],[-0.22620901],-10.269583285064503
10,17073,[-0.02692733  0.02430488 -0.01226792],[-0.06695085],-2.8772771478281136
10,17075,[-0.02692733  0.02430488 -0.01226792],[-0.18550928],-8.380418624425365
10,17077,[-0.02692733  0.02430488 -0.01226792],[-0.08710947],-3.812982234351039
10,17081,[-0.02692733  0.02430488 -0.01226792],[-0.07082197],-3.0569634313622824
10,17083,[-0.02692733  0.02430488 -0.01226792],[-0.13929016],-6.235060006188653
10,17085,[-0.02692733  0.02430488 -0.01226792],[-0.215725],-9.782945904459659
10,17087,[-0.02692733  0.02430488 -0.01226792],[-0.36092345],-16.522640640155807
10,17089,[-0.02692733  0.02430488 -0.01226792],[-0.02085158],-0.7374811142756179
10,17091,[-0.02692733  0.02430488 -0.01226792],[-0.04738298],-1.9689926318403113
10,17093,[-0.02692733  0.02430488 -0.01226792],[0.06285449],3.1479141002148574
10,17095,[-0.02692733  0.02430488 -0.01226792],[-0.01292798],-0.369690497938979
10,17099,[-0.02692733  0.02430488 -0.01226792],[-0.07273186],-3.145614863579033
10,17097,[-0.02692733  0.02430488 -0.01226792],[-0.00033324],0.21492120166231918
10,17101,[-0.02692733  0.02430488 -0.01226792],[-0.15927328],-7.162619077327334
10,17103,[-0.02692733  0.02430488 -0.01226792],[-0.07769138],-3.375821282943048
10,17105,[-0.02692733  0.02430488 -0.01226792],[-0.10623278],-4.700631284638085
10,17107,[-0.02692733  0.02430488 -0.01226792],[-0.16725954],-7.533318311979864
10,17109,[-0.02692733  0.02430488 -0.01226792],[-0.04969891],-2.0764916052782527
10,17111,[-0.02692733  0.02430488 -0.01226792],[-0.01000479],-0.23400452390342627
10,17113,[-0.02692733  0.02430488 -0.01226792],[0.00760555],0.583416866974838
10,17115,[-0.02692733  0.02430488 -0.01226792],[-0.05182176],-2.1750279279809703
10,17117,[-0.02692733  0.02430488 -0.01226792],[-0.11552992],-5.132177910473404
10,17119,[-0.02692733  0.02430488 -0.01226792],[-0.01127115],-0.2927852623232441
10,17121,[-0.02692733  0.02430488 -0.01226792],[-0.09002885],-3.94849129238963
10,17123,[-0.02692733  0.02430488 -0.01226792],[-0.30746799],-14.041392032734395
10,17125,[-0.02692733  0.02430488 -0.01226792],[-0.33920531],-15.514547341740265
10,17127,[-0.02692733  0.02430488 -0.01226792],[-0.48128132],-22.10930739614597
10,17131,[-0.02692733  0.02430488 -0.01226792],[-0.38893454],-17.82283510864004
10,17133,[-0.02692733  0.02430488 -0.01226792],[-0.08424807],-3.6801640224297683
10,17135,[-0.02692733  0.02430488 -0.01226792],[-0.09702221],-4.273102902120038
10,17137,[-0.02692733  0.02430488 -0.01226792],[-0.14619854],-6.55572703819174
10,17139,[-0.02692733  0.02430488 -0.01226792],[-0.18382113],-8.302059672183109
10,17141,[-0.02692733  0.02430488 -0.01226792],[-0.10095626],-4.455710368877218
10,17143,[-0.02692733  0.02430488 -0.01226792],[0.00885271],0.6413064990839064
10,17145,[-0.02692733  0.02430488 -0.01226792],[-0.30388386],-13.875026821119546
10,17147,[-0.02692733  0.02430488 -0.01226792],[-0.39621909],-18.160962902969235
10,17157,[-0.02692733  0.02430488 -0.01226792],[0.086776],4.258281833207974
10,17149,[-0.02692733  0.02430488 -0.01226792],[-0.26746864],-12.18473711716205
10,17159,[-0.02692733  0.02430488 -0.01226792],[-0.31390417],-14.34014101203932
10,17161,[-0.02692733  0.02430488 -0.01226792],[-0.05186311],-2.1769471548538175
10,17163,[-0.02692733  0.02430488 -0.01226792],[0.00575032],0.4973025242818189
10,17165,[-0.02692733  0.02430488 -0.01226792],[0.18504703],8.819740773157983
10,17167,[-0.02692733  0.02430488 -0.01226792],[-0.01226764],-0.3390391371988998
10,17173,[-0.02692733  0.02430488 -0.01226792],[-0.21063997],-9.546913223937205
10,17177,[-0.02692733  0.02430488 -0.01226792],[-0.05523496],-2.333459113654401
10,17179,[-0.02692733  0.02430488 -0.01226792],[-0.03837438],-1.5508392525481907
10,17181,[-0.02692733  0.02430488 -0.01226792],[-0.36089251],-16.52120490119799
10,17183,[-0.02692733  0.02430488 -0.01226792],[-0.02476369],-0.9190702102223086
10,17185,[-0.02692733  0.02430488 -0.01226792],[-0.26863362],-12.238812055890364
10,17187,[-0.02692733  0.02430488 -0.01226792],[-0.11525691],-5.119505532691377
10,17189,[-0.02692733  0.02430488 -0.01226792],[-0.23875318],-10.85184761171224
10,17191,[-0.02692733  0.02430488 -0.01226792],[-0.37950347],-17.38507190932266
10,17193,[-0.02692733  0.02430488 -0.01226792],[-0.15400298],-6.91798678710507
10,17195,[-0.02692733  0.02430488 -0.01226792],[-0.11324926],-5.026315986115169
10,17197,[-0.02692733  0.02430488 -0.01226792],[-0.00319033],0.08230327892758064
10,17199,[-0.02692733  0.02430488 -0.01226792],[-0.07701188],-3.3442808722333726
10,17201,[-0.02692733  0.02430488 -0.01226792],[-0.01796961],-0.6037082934987654
10,17203,[-0.02692733  0.02430488 -0.01226792],[-0.02227372],-0.8034928892961247
10,18001,[-0.02692733  0.02430488 -0.01226792],[0.08504577],4.177969820765144
10,18003,[-0.02692733  0.02430488 -0.01226792],[0.03542775],1.8748434985732025
10,18005,[-0.02692733  0.02430488 -0.01226792],[-0.12767335],-5.695840846507948
10,18009,[-0.02692733  0.02430488 -0.01226792],[-0.39684706],-18.190111528916038
10,18011,[-0.02692733  0.02430488 -0.01226792],[-0.17916646],-8.08600327925994
10,18013,[-0.02692733  0.02430488 -0.01226792],[-0.33285373],-15.219724957498112
10,18017,[-0.02692733  0.02430488 -0.01226792],[-0.145683],-6.531797138934805
10,18015,[-0.02692733  0.02430488 -0.01226792],[-0.14049971],-6.291203885627536
10,18019,[-0.02692733  0.02430488 -0.01226792],[-0.01912515],-0.6573454977115585
10,18021,[-0.02692733  0.02430488 -0.01226792],[-0.13462002],-6.018285578725397
10,18027,[-0.02692733  0.02430488 -0.01226792],[-0.15240533],-6.8438286393706536
10,18023,[-0.02692733  0.02430488 -0.01226792],[-0.15792022],-7.099813889178181
10,18029,[-0.02692733  0.02430488 -0.01226792],[-0.12700612],-5.664870291848803
10,18031,[-0.02692733  0.02430488 -0.01226792],[-0.17727494],-7.9982042088445695
10,18033,[-0.02692733  0.02430488 -0.01226792],[-0.14457017],-6.480143062445339
10,18035,[-0.02692733  0.02430488 -0.01226792],[0.08094839],3.9877812159324453
10,18037,[-0.02692733  0.02430488 -0.01226792],[-0.05189014],-2.1782021370561964
10,18039,[-0.02692733  0.02430488 -0.01226792],[-0.02962352],-1.1446494917581986
10,18041,[-0.02692733  0.02430488 -0.01226792],[-0.14390905],-6.449455532502492
10,18045,[-0.02692733  0.02430488 -0.01226792],[-0.33859783],-15.486349750587111
10,18043,[-0.02692733  0.02430488 -0.01226792],[-0.09830247],-4.332528925457349
10,18047,[-0.02692733  0.02430488 -0.01226792],[-0.33465614],-15.303387924684708
10,18049,[-0.02692733  0.02430488 -0.01226792],[-0.16013952],-7.202827324185541
10,18051,[-0.02692733  0.02430488 -0.01226792],[-0.25606452],-11.655390348432116
10,18053,[-0.02692733  0.02430488 -0.01226792],[-0.03178152],-1.2448175846247653
10,18055,[-0.02692733  0.02430488 -0.01226792],[-0.22222325],-10.084575830090388
10,18057,[-0.02692733  0.02430488 -0.01226792],[-0.01014384],-0.24045888054248135
10,18059,[-0.02692733  0.02430488 -0.01226792],[-0.13877311],-6.211060218907235
10,18061,[-0.02692733  0.02430488 -0.01226792],[-0.15039025],-6.750294485804626
10,18063,[-0.02692733  0.02430488 -0.01226792],[-0.0435216],-1.7897585191230674
10,18065,[-0.02692733  0.02430488 -0.01226792],[-0.05678409],-2.405365157918771
10,18067,[-0.02692733  0.02430488 -0.01226792],[-0.02523106],-0.9407641712799616
10,18069,[-0.02692733  0.02430488 -0.01226792],[-0.08035937],-3.499661935529562
10,18073,[-0.02692733  0.02430488 -0.01226792],[-0.1931679],-8.735909795464762
10,18071,[-0.02692733  0.02430488 -0.01226792],[-0.08054374],-3.508219739980509
10,18075,[-0.02692733  0.02430488 -0.01226792],[0.0462174],2.3756681512948825
10,18077,[-0.02692733  0.02430488 -0.01226792],[-0.13603646],-6.08403264372078
10,18079,[-0.02692733  0.02430488 -0.01226792],[-0.23384733],-10.624132167555999
10,18081,[-0.02692733  0.02430488 -0.01226792],[0.03113036],1.6753710576835092
10,18083,[-0.02692733  0.02430488 -0.01226792],[-0.00241263],0.11840192194113365
10,18085,[-0.02692733  0.02430488 -0.01226792],[-0.03351785],-1.3254128790797206
10,18087,[-0.02692733  0.02430488 -0.01226792],[-0.13343257],-5.9631677012976665
10,18089,[-0.02692733  0.02430488 -0.01226792],[0.02000404],1.158919218740633
10,18091,[-0.02692733  0.02430488 -0.01226792],[-0.02902484],-1.1168602856024996
10,18093,[-0.02692733  0.02430488 -0.01226792],[-0.0910515],-3.995959973399777
10,18095,[-0.02692733  0.02430488 -0.01226792],[-0.00931476],-0.20197526519459932
10,18097,[-0.02692733  0.02430488 -0.01226792],[0.0033522],0.38598878984727075
10,18099,[-0.02692733  0.02430488 -0.01226792],[-0.1569191],-7.053344903138003
10,18103,[-0.02692733  0.02430488 -0.01226792],[-0.16542764],-7.448286846360761
10,18105,[-0.02692733  0.02430488 -0.01226792],[-0.01613264],-0.5184415950037652
10,18107,[-0.02692733  0.02430488 -0.01226792],[-0.19719209],-8.922701069392527
10,18109,[-0.02692733  0.02430488 -0.01226792],[-0.01535888],-0.4825256420469701
10,18111,[-0.02692733  0.02430488 -0.01226792],[-0.34922689],-15.979720047904541
10,18113,[-0.02692733  0.02430488 -0.01226792],[-0.04939475],-2.062373059437387
10,18117,[-0.02692733  0.02430488 -0.01226792],[-0.19577503],-8.856925602043441
10,18119,[-0.02692733  0.02430488 -0.01226792],[-0.30999448],-14.158664158103877
10,18121,[-0.02692733  0.02430488 -0.01226792],[-0.4164209],-19.09867293916346
10,18125,[-0.02692733  0.02430488 -0.01226792],[-0.44547671],-20.4473603899301
10,18123,[-0.02692733  0.02430488 -0.01226792],[-0.00840744],-0.1598599765347424
10,18127,[-0.02692733  0.02430488 -0.01226792],[-0.04457027],-1.8384345112716627
10,18129,[-0.02692733  0.02430488 -0.01226792],[-0.1271995],-5.673846178283697
10,18131,[-0.02692733  0.02430488 -0.01226792],[-0.51685621],-23.76059193416358
10,18133,[-0.02692733  0.02430488 -0.01226792],[-0.09897832],-4.363900289169922
10,18135,[-0.02692733  0.02430488 -0.01226792],[-0.13389436],-5.984602257600087
10,18137,[-0.02692733  0.02430488 -0.01226792],[-0.2023943],-9.164172820309917
10,18139,[-0.02692733  0.02430488 -0.01226792],[-0.37240314],-17.055494953580833
10,18141,[-0.02692733  0.02430488 -0.01226792],[0.01333438],0.8493330410348835
10,18143,[-0.02692733  0.02430488 -0.01226792],[-0.26978279],-12.292153352353202
10,18145,[-0.02692733  0.02430488 -0.01226792],[-0.15631609],-7.025354824505721
10,18147,[-0.02692733  0.02430488 -0.01226792],[-0.36062754],-16.50890556799362
10,18149,[-0.02692733  0.02430488 -0.01226792],[-0.07463228],-3.2338268632479825
10,18151,[-0.02692733  0.02430488 -0.01226792],[-0.01848652],-0.6277017023812107
10,18153,[-0.02692733  0.02430488 -0.01226792],[-0.1800824],-8.12851882442923
10,18157,[-0.02692733  0.02430488 -0.01226792],[0.03197376],1.7145191632279484
10,18159,[-0.02692733  0.02430488 -0.01226792],[-0.42912017],-19.68813685267252
10,18163,[-0.02692733  0.02430488 -0.01226792],[-0.00031414],0.2158077919089802
10,18165,[-0.02692733  0.02430488 -0.01226792],[-0.32056812],-14.6494622979327
10,18167,[-0.02692733  0.02430488 -0.01226792],[-0.0345287],-1.372333745234885
10,18169,[-0.02692733  0.02430488 -0.01226792],[-0.10357309],-4.5771761554983845
10,18173,[-0.02692733  0.02430488 -0.01226792],[-0.11890241],-5.288719178140397
10,18175,[-0.02692733  0.02430488 -0.01226792],[-0.29184139],-13.31605013389887
10,18177,[-0.02692733  0.02430488 -0.01226792],[-0.10251703],-4.528156715787959
10,18179,[-0.02692733  0.02430488 -0.01226792],[-0.1036364],-4.5801147979547
10,18181,[-0.02692733  0.02430488 -0.01226792],[-0.08127161],-3.542005272572522
10,18183,[-0.02692733  0.02430488 -0.01226792],[-0.14165016],-6.344604430571478
10,19005,[-0.02692733  0.02430488 -0.01226792],[-0.12798259],-5.710195174765684
10,19007,[-0.02692733  0.02430488 -0.01226792],[-0.14810299],-6.644126366681088
10,19011,[-0.02692733  0.02430488 -0.01226792],[-0.09606209],-4.228537035630448
10,19013,[-0.02692733  0.02430488 -0.01226792],[-0.01569194],-0.4979855350872081
10,19015,[-0.02692733  0.02430488 -0.01226792],[-0.13867971],-6.206724577049838
10,19017,[-0.02692733  0.02430488 -0.01226792],[-0.14033169],-6.283404768370198
10,19019,[-0.02692733  0.02430488 -0.01226792],[-0.28440838],-12.97103109576667
10,19021,[-0.02692733  0.02430488 -0.01226792],[-0.29785712],-13.595283104613328
10,19023,[-0.02692733  0.02430488 -0.01226792],[-0.32446071],-14.830145107943887
10,19025,[-0.02692733  0.02430488 -0.01226792],[-0.47554331],-21.842965368438136
10,19027,[-0.02692733  0.02430488 -0.01226792],[0.06249862],3.131395729506955
10,19029,[-0.02692733  0.02430488 -0.01226792],[-0.15686134],-7.050663741056078
10,19031,[-0.02692733  0.02430488 -0.01226792],[-0.22758576],-10.333488399809008
10,19033,[-0.02692733  0.02430488 -0.01226792],[-0.05317974],-2.238061594376982
10,19035,[-0.02692733  0.02430488 -0.01226792],[-0.20248535],-9.168399215229792
10,19041,[-0.02692733  0.02430488 -0.01226792],[-0.45947489],-21.09711588606333
10,19037,[-0.02692733  0.02430488 -0.01226792],[-0.2292859],-10.4124036670273
10,19043,[-0.02692733  0.02430488 -0.01226792],[-0.22768405],-10.338050629931901
10,19047,[-0.02692733  0.02430488 -0.01226792],[-0.23663611],-10.753579443139683
10,19045,[-0.02692733  0.02430488 -0.01226792],[0.02274055],1.2859401743153396
10,19049,[-0.02692733  0.02430488 -0.01226792],[-0.13744816],-6.149559677641073
10,19055,[-0.02692733  0.02430488 -0.01226792],[-0.19317535],-8.736255741234917
10,19057,[-0.02692733  0.02430488 -0.01226792],[-0.12487255],-5.565835801906924
10,19059,[-0.02692733  0.02430488 -0.01226792],[-0.36653859],-16.783279586056086
10,19061,[-0.02692733  0.02430488 -0.01226792],[-0.06268189],-2.679124206731954
10,19063,[-0.02692733  0.02430488 -0.01226792],[-0.40332265],-18.490689832394484
10,19065,[-0.02692733  0.02430488 -0.01226792],[-0.30703582],-14.021331851512288
10,19073,[-0.02692733  0.02430488 -0.01226792],[-0.40226298],-18.441503157087396
10,19067,[-0.02692733  0.02430488 -0.01226792],[-0.30923704],-14.123505960803184
10,19075,[-0.02692733  0.02430488 -0.01226792],[-0.2911979],-13.286181006114068
10,19079,[-0.02692733  0.02430488 -0.01226792],[-0.30861136],-14.094463859912402
10,19081,[-0.02692733  0.02430488 -0.01226792],[-0.3540846],-16.20520111281175
10,19083,[-0.02692733  0.02430488 -0.01226792],[-0.23110349],-10.496770989381131
10,19085,[-0.02692733  0.02430488 -0.01226792],[-0.31613764],-14.443812215647679
10,19087,[-0.02692733  0.02430488 -0.01226792],[-0.22309989],-10.125266795985684
10,19091,[-0.02692733  0.02430488 -0.01226792],[-0.17509021],-7.896795273151121
10,19095,[-0.02692733  0.02430488 -0.01226792],[-0.34572155],-15.817012194546662
10,19099,[-0.02692733  0.02430488 -0.01226792],[-0.06490631],-2.7823752705130094
10,19097,[-0.02692733  0.02430488 -0.01226792],[-0.35824851],-16.398477831845433
10,19101,[-0.02692733  0.02430488 -0.01226792],[-0.23384929],-10.624223027673228
10,19103,[-0.02692733  0.02430488 -0.01226792],[-0.04383155],-1.8041454948510287
10,19105,[-0.02692733  0.02430488 -0.01226792],[-0.40770332],-18.694027891981136
10,19107,[-0.02692733  0.02430488 -0.01226792],[-0.31145481],-14.226448701523864
10,19109,[-0.02692733  0.02430488 -0.01226792],[-0.24689613],-11.229820220292645
10,19111,[-0.02692733  0.02430488 -0.01226792],[-0.11419274],-5.070109619457766
10,19113,[-0.02692733  0.02430488 -0.01226792],[-0.01740559],-0.5775283541320194
10,19117,[-0.02692733  0.02430488 -0.01226792],[-0.20794991],-9.42204847317961
10,19123,[-0.02692733  0.02430488 -0.01226792],[-0.23276625],-10.573951648327482
10,19125,[-0.02692733  0.02430488 -0.01226792],[-0.18315122],-8.27096433822255
10,19127,[-0.02692733  0.02430488 -0.01226792],[-0.09522734],-4.189790209717032
10,19129,[-0.02692733  0.02430488 -0.01226792],[-0.3284909],-15.017215031614564
10,19133,[-0.02692733  0.02430488 -0.01226792],[-0.52150883],-23.976552806100727
10,19137,[-0.02692733  0.02430488 -0.01226792],[-0.43137674],-19.792880047975093
10,19139,[-0.02692733  0.02430488 -0.01226792],[0.03841414],2.0134631317273968
10,19141,[-0.02692733  0.02430488 -0.01226792],[-0.445789],-20.46185592618816
10,19147,[-0.02692733  0.02430488 -0.01226792],[-0.43806796],-20.103467489304563
10,19145,[-0.02692733  0.02430488 -0.01226792],[-0.46272606],-21.24802575379954
10,19149,[-0.02692733  0.02430488 -0.01226792],[0.01384097],0.8728473511930103
10,19153,[-0.02692733  0.02430488 -0.01226792],[0.01322634],0.8443178717592142
10,19155,[-0.02692733  0.02430488 -0.01226792],[-0.01548782],-0.4885110843395119
10,19157,[-0.02692733  0.02430488 -0.01226792],[-0.14973188],-6.719734606767102
10,19161,[-0.02692733  0.02430488 -0.01226792],[-0.30972217],-14.146024427096188
10,19163,[-0.02692733  0.02430488 -0.01226792],[0.0435093],2.2499658258858286
10,19165,[-0.02692733  0.02430488 -0.01226792],[-0.29726418],-13.56776036739261
10,19167,[-0.02692733  0.02430488 -0.01226792],[-0.12947203],-5.779330663470181
10,19169,[-0.02692733  0.02430488 -0.01226792],[-0.01177263],-0.3160625037109595
10,19171,[-0.02692733  0.02430488 -0.01226792],[-0.14465049],-6.483871003070259
10,19175,[-0.02692733  0.02430488 -0.01226792],[-0.27680033],-12.617887219635579
10,19179,[-0.02692733  0.02430488 -0.01226792],[-0.08070805],-3.515846611209398
10,19183,[-0.02692733  0.02430488 -0.01226792],[-0.35333553],-16.17043151074896
10,19181,[-0.02692733  0.02430488 -0.01226792],[-0.04888647],-2.0387803867944787
10,19187,[-0.02692733  0.02430488 -0.01226792],[-0.04896656],-2.0424980679521996
10,19191,[-0.02692733  0.02430488 -0.01226792],[-0.22274142],-10.108628030131538
10,19193,[-0.02692733  0.02430488 -0.01226792],[-0.03396491],-1.3461645013851695
10,19197,[-0.02692733  0.02430488 -0.01226792],[-0.45994979],-21.119159185367177
10,20001,[-0.02692733  0.02430488 -0.01226792],[-0.37754637],-17.294229222900913
10,20005,[-0.02692733  0.02430488 -0.01226792],[-0.33135178],-15.15000881140454
10,20009,[-0.02692733  0.02430488 -0.01226792],[0.0439298],2.2694846040285688
10,20011,[-0.02692733  0.02430488 -0.01226792],[-0.27577137],-12.570125694525599
10,20015,[-0.02692733  0.02430488 -0.01226792],[0.0326249],1.7447436442331405
10,20029,[-0.02692733  0.02430488 -0.01226792],[-0.31729674],-14.49761430687767
10,20021,[-0.02692733  0.02430488 -0.01226792],[-0.17886875],-8.072184305465322
10,20035,[-0.02692733  0.02430488 -0.01226792],[-0.1491595],-6.693166531368638
10,20037,[-0.02692733  0.02430488 -0.01226792],[0.0034782],0.3918374489551904
10,20041,[-0.02692733  0.02430488 -0.01226792],[-0.14440933],-6.472677093472583
10,20045,[-0.02692733  0.02430488 -0.01226792],[-0.01430944],-0.43381392701548493
10,20051,[-0.02692733  0.02430488 -0.01226792],[-0.29676976],-13.544810742760083
10,20055,[-0.02692733  0.02430488 -0.01226792],[-0.0965658],-4.251917793656089
10,20057,[-0.02692733  0.02430488 -0.01226792],[-0.11412793],-5.067101381644172
10,20059,[-0.02692733  0.02430488 -0.01226792],[-0.12983103],-5.79599417134931
10,20061,[-0.02692733  0.02430488 -0.01226792],[-0.02957662],-1.1424724744287793
10,20079,[-0.02692733  0.02430488 -0.01226792],[-0.21203399],-9.611619700328776
10,20087,[-0.02692733  0.02430488 -0.01226792],[-0.2324122],-10.557517808756423
10,20091,[-0.02692733  0.02430488 -0.01226792],[-0.01215443],-0.33378467961946306
10,20099,[-0.02692733  0.02430488 -0.01226792],[-0.15059118],-6.759620843525894
10,20103,[-0.02692733  0.02430488 -0.01226792],[-0.11324787],-5.026251818198092
10,20111,[-0.02692733  0.02430488 -0.01226792],[-0.16338098],-7.353286828414749
10,20113,[-0.02692733  0.02430488 -0.01226792],[-0.30071525],-13.727949050542911
10,20115,[-0.02692733  0.02430488 -0.01226792],[-0.25501499],-11.606674050417201
10,20117,[-0.02692733  0.02430488 -0.01226792],[-0.30893008],-14.10925799020816
10,20121,[-0.02692733  0.02430488 -0.01226792],[-0.07309502],-3.1624718562625023
10,20125,[-0.02692733  0.02430488 -0.01226792],[-0.11249484],-4.991298282839583
10,20133,[-0.02692733  0.02430488 -0.01226792],[0.05975093],3.0038560081137757
10,20149,[-0.02692733  0.02430488 -0.01226792],[-0.23766996],-10.801567905467177
10,20139,[-0.02692733  0.02430488 -0.01226792],[-0.2064369],-9.35181892568729
10,20155,[-0.02692733  0.02430488 -0.01226792],[-0.09181752],-4.031516213079629
10,20161,[-0.02692733  0.02430488 -0.01226792],[-0.07836068],-3.4068884604000615
10,20169,[-0.02692733  0.02430488 -0.01226792],[-0.11551968],-5.131702365066321
10,20173,[-0.02692733  0.02430488 -0.01226792],[0.00557214],0.48903211634309335
10,20175,[-0.02692733  0.02430488 -0.01226792],[-0.36879493],-16.88801231002696
10,20177,[-0.02692733  0.02430488 -0.01226792],[-0.03654885],-1.4661034039149656
10,20191,[-0.02692733  0.02430488 -0.01226792],[-0.15630544],-7.024860437475398
10,20205,[-0.02692733  0.02430488 -0.01226792],[-0.70431195],-32.461748804673796
10,20209,[-0.02692733  0.02430488 -0.01226792],[0.06485428],3.2407386576323054
10,21001,[-0.02692733  0.02430488 -0.01226792],[-0.19637975],-8.884994891731678
10,21003,[-0.02692733  0.02430488 -0.01226792],[-0.20864107],-9.454129841279958
10,21005,[-0.02692733  0.02430488 -0.01226792],[-0.2718944],-12.390167883411225
10,21009,[-0.02692733  0.02430488 -0.01226792],[-0.17019457],-7.669553941260624
10,21013,[-0.02692733  0.02430488 -0.01226792],[-0.10887098],-4.823089149250627
10,21015,[-0.02692733  0.02430488 -0.01226792],[-0.09300701],-4.0867288501585355
10,21017,[-0.02692733  0.02430488 -0.01226792],[-0.17462637],-7.875265244356215
10,21019,[-0.02692733  0.02430488 -0.01226792],[-0.1157392],-5.1418918476720865
10,21021,[-0.02692733  0.02430488 -0.01226792],[-0.1766459],-7.969006218621921
10,21025,[-0.02692733  0.02430488 -0.01226792],[-0.20067649],-9.084436983084439
10,21027,[-0.02692733  0.02430488 -0.01226792],[-0.12397141],-5.524007698208001
10,21029,[-0.02692733  0.02430488 -0.01226792],[-0.00865657],-0.17142385674221342
10,21031,[-0.02692733  0.02430488 -0.01226792],[-0.33902648],-15.506246316080507
10,21035,[-0.02692733  0.02430488 -0.01226792],[-0.13600704],-6.082666913919783
10,21037,[-0.02692733  0.02430488 -0.01226792],[-0.03564487],-1.4241431955343833
10,21043,[-0.02692733  0.02430488 -0.01226792],[-0.21469254],-9.73502198227261
10,21045,[-0.02692733  0.02430488 -0.01226792],[-0.34384572],-15.72994173475459
10,21047,[-0.02692733  0.02430488 -0.01226792],[-0.09877189],-4.35431816365763
10,21049,[-0.02692733  0.02430488 -0.01226792],[-0.08531363],-3.729624322417227
10,21051,[-0.02692733  0.02430488 -0.01226792],[-0.17714897],-7.9923572009678665
10,21055,[-0.02692733  0.02430488 -0.01226792],[-0.35141931],-16.081485853414467
10,21059,[-0.02692733  0.02430488 -0.01226792],[-0.04360369],-1.7935687885297704
10,21061,[-0.02692733  0.02430488 -0.01226792],[-0.25544596],-11.626678813486237
10,21065,[-0.02692733  0.02430488 -0.01226792],[-0.257242],-11.710045750444527
10,21067,[-0.02692733  0.02430488 -0.01226792],[0.01118179],0.749415753587457
10,21069,[-0.02692733  0.02430488 -0.01226792],[-0.25250877],-11.490342739156734
10,21071,[-0.02692733  0.02430488 -0.01226792],[-0.24407611],-11.098923042356658
10,21073,[-0.02692733  0.02430488 -0.01226792],[-0.10483832],-4.635904651539761
10,21079,[-0.02692733  0.02430488 -0.01226792],[-0.41594027],-19.07636370341693
10,21081,[-0.02692733  0.02430488 -0.01226792],[-0.2541138],-11.564843807880408
10,21083,[-0.02692733  0.02430488 -0.01226792],[-0.02273089],-0.8247133285256824
10,21085,[-0.02692733  0.02430488 -0.01226792],[-0.07533523],-3.266455721659141
10,21089,[-0.02692733  0.02430488 -0.01226792],[-0.01411688],-0.4248757996016052
10,21087,[-0.02692733  0.02430488 -0.01226792],[-0.27480141],-12.525103103345101
10,21093,[-0.02692733  0.02430488 -0.01226792],[-0.01131539],-0.29483867328654917
10,21095,[-0.02692733  0.02430488 -0.01226792],[-0.11910757],-5.2982422744192785
10,21097,[-0.02692733  0.02430488 -0.01226792],[-0.31577184],-14.426832562285663
10,21099,[-0.02692733  0.02430488 -0.01226792],[-0.08749481],-3.8308684072349695
10,21101,[-0.02692733  0.02430488 -0.01226792],[-0.08487108],-3.7090827234100363
10,21103,[-0.02692733  0.02430488 -0.01226792],[-0.35542068],-16.267217898982604
10,21107,[-0.02692733  0.02430488 -0.01226792],[-0.11236508],-4.985274926339024
10,21111,[-0.02692733  0.02430488 -0.01226792],[0.01208179],0.7911911941188076
10,21113,[-0.02692733  0.02430488 -0.01226792],[-0.12182527],-5.424389976445775
10,21115,[-0.02692733  0.02430488 -0.01226792],[-0.10106792],-4.46089323907844
10,21117,[-0.02692733  0.02430488 -0.01226792],[0.07231769],3.5871686589832756
10,21119,[-0.02692733  0.02430488 -0.01226792],[-0.19956658],-9.032918238877002
10,21121,[-0.02692733  0.02430488 -0.01226792],[-0.1303609],-5.8205894320961935
10,21123,[-0.02692733  0.02430488 -0.01226792],[-0.44132979],-20.254872439030734
10,21125,[-0.02692733  0.02430488 -0.01226792],[-0.12129149],-5.399613597643879
10,21127,[-0.02692733  0.02430488 -0.01226792],[-0.27247208],-12.416982167299976
10,21135,[-0.02692733  0.02430488 -0.01226792],[-0.32923425],-15.051719190775817
10,21133,[-0.02692733  0.02430488 -0.01226792],[-0.136669],-6.11339313689565
10,21137,[-0.02692733  0.02430488 -0.01226792],[-0.21208457],-9.613967257325552
10,21141,[-0.02692733  0.02430488 -0.01226792],[-0.28988647],-13.225308391606214
10,21145,[-0.02692733  0.02430488 -0.01226792],[-0.11431752],-5.075901958941266
10,21147,[-0.02692733  0.02430488 -0.01226792],[-0.31549833],-14.414137279033575
10,21151,[-0.02692733  0.02430488 -0.01226792],[-0.09103791],-3.995328870727597
10,21153,[-0.02692733  0.02430488 -0.01226792],[-0.43435814],-19.931268124637494
10,21155,[-0.02692733  0.02430488 -0.01226792],[-0.20201915],-9.146759694574168
10,21157,[-0.02692733  0.02430488 -0.01226792],[-0.31722456],-14.494263954787128
10,21161,[-0.02692733  0.02430488 -0.01226792],[-0.11752893],-5.224966226277934
10,21163,[-0.02692733  0.02430488 -0.01226792],[-0.15561612],-6.992864328391468
10,21171,[-0.02692733  0.02430488 -0.01226792],[-0.37887475],-17.355888674255286
10,21167,[-0.02692733  0.02430488 -0.01226792],[-0.22360094],-10.148524496510529
10,21173,[-0.02692733  0.02430488 -0.01226792],[-0.26489701],-12.065369228627894
10,21175,[-0.02692733  0.02430488 -0.01226792],[-0.17332159],-7.814701039959908
10,21177,[-0.02692733  0.02430488 -0.01226792],[-0.09965052],-4.395101657561808
10,21179,[-0.02692733  0.02430488 -0.01226792],[-0.18969293],-8.574611653902354
10,21183,[-0.02692733  0.02430488 -0.01226792],[-0.1610859],-7.246755682623374
10,21185,[-0.02692733  0.02430488 -0.01226792],[-0.07269433],-3.1438729049524037
10,21193,[-0.02692733  0.02430488 -0.01226792],[0.02596292],1.4355133618897014
10,21195,[-0.02692733  0.02430488 -0.01226792],[-0.0794359],-3.456797268495377
10,21203,[-0.02692733  0.02430488 -0.01226792],[-0.37861532],-17.343846739878114
10,21199,[-0.02692733  0.02430488 -0.01226792],[-0.12509592],-5.57620421704634
10,21205,[-0.02692733  0.02430488 -0.01226792],[-0.33451841],-15.29699474210782
10,21207,[-0.02692733  0.02430488 -0.01226792],[-0.33080768],-15.124753467790821
10,21209,[-0.02692733  0.02430488 -0.01226792],[-0.12674338],-5.652674407223608
10,21211,[-0.02692733  0.02430488 -0.01226792],[-0.13203406],-5.898252515370767
10,21213,[-0.02692733  0.02430488 -0.01226792],[-0.24491999],-11.138093381823216
10,21215,[-0.02692733  0.02430488 -0.01226792],[-0.26625262],-12.128292917863014
10,21217,[-0.02692733  0.02430488 -0.01226792],[-0.30063229],-13.724098182612357
10,21219,[-0.02692733  0.02430488 -0.01226792],[-0.23215058],-10.545374068857306
10,21221,[-0.02692733  0.02430488 -0.01226792],[-0.27868299],-12.705275031449208
10,21225,[-0.02692733  0.02430488 -0.01226792],[-0.33047212],-15.10917734181136
10,21227,[-0.02692733  0.02430488 -0.01226792],[-0.00730162],-0.10853077924900476
10,21233,[-0.02692733  0.02430488 -0.01226792],[-0.10482246],-4.635168525588027
10,21231,[-0.02692733  0.02430488 -0.01226792],[-0.33281061],-15.217723325881478
10,21235,[-0.02692733  0.02430488 -0.01226792],[-0.03795019],-1.5311495007122033
10,21239,[-0.02692733  0.02430488 -0.01226792],[-0.20913088],-9.47686571320593
10,22003,[-0.02692733  0.02430488 -0.01226792],[-0.30528305],-13.939973286498871
10,22001,[-0.02692733  0.02430488 -0.01226792],[-0.09698949],-4.2715841282805
10,22005,[-0.02692733  0.02430488 -0.01226792],[-0.08374429],-3.656780128928277
10,22007,[-0.02692733  0.02430488 -0.01226792],[-0.27439068],-12.506038043781126
10,22009,[-0.02692733  0.02430488 -0.01226792],[-0.13166692],-5.881211045446185
10,22011,[-0.02692733  0.02430488 -0.01226792],[-0.18436589],-8.327345848161501
10,22013,[-0.02692733  0.02430488 -0.01226792],[-0.36799741],-16.85099362939079
10,22015,[-0.02692733  0.02430488 -0.01226792],[-0.04616515],-1.912464455975785
10,22017,[-0.02692733  0.02430488 -0.01226792],[-0.01261475],-0.35515099541972545
10,22019,[-0.02692733  0.02430488 -0.01226792],[-0.02833609],-1.084890747234993
10,22027,[-0.02692733  0.02430488 -0.01226792],[-0.30590421],-13.968805664872184
10,22029,[-0.02692733  0.02430488 -0.01226792],[-0.13121418],-5.860196098331532
10,22031,[-0.02692733  0.02430488 -0.01226792],[-0.20455862],-9.264634296874478
10,22033,[-0.02692733  0.02430488 -0.01226792],[0.00160875],0.30506266443609314
10,22037,[-0.02692733  0.02430488 -0.01226792],[-0.30968477],-14.144288576368638
10,22039,[-0.02692733  0.02430488 -0.01226792],[-0.14663638],-6.576050192946871
10,22041,[-0.02692733  0.02430488 -0.01226792],[0.11243288],5.449200744382349
10,22043,[-0.02692733  0.02430488 -0.01226792],[-0.1650193],-7.4293327992191625
10,22045,[-0.02692733  0.02430488 -0.01226792],[-0.0573225],-2.4303567334755134
10,22047,[-0.02692733  0.02430488 -0.01226792],[-0.14217118],-6.368788664800818
10,22049,[-0.02692733  0.02430488 -0.01226792],[-0.18517037],-8.364687600742174
10,22051,[-0.02692733  0.02430488 -0.01226792],[-0.00840781],-0.15987737196826896
10,22053,[-0.02692733  0.02430488 -0.01226792],[-0.10829055],-4.796147098986805
10,22055,[-0.02692733  0.02430488 -0.01226792],[-0.01792576],-0.6016731707714056
10,22057,[-0.02692733  0.02430488 -0.01226792],[0.01793044],1.0626688661584924
10,22061,[-0.02692733  0.02430488 -0.01226792],[-0.12860468],-5.739070565200065
10,22063,[-0.02692733  0.02430488 -0.01226792],[0.04327592],2.2391331464432915
10,22065,[-0.02692733  0.02430488 -0.01226792],[-0.1467325],-6.580512171468468
10,22067,[-0.02692733  0.02430488 -0.01226792],[-0.21430083],-9.716839888208707
10,22069,[-0.02692733  0.02430488 -0.01226792],[-0.09223367],-4.050832616644846
10,22071,[-0.02692733  0.02430488 -0.01226792],[0.01687961],1.0138922844537384
10,22073,[-0.02692733  0.02430488 -0.01226792],[-0.01411644],-0.42485537421513037
10,22075,[-0.02692733  0.02430488 -0.01226792],[0.26724006],12.634905386957948
10,22077,[-0.02692733  0.02430488 -0.01226792],[-0.06305152],-2.6962813152642733
10,22079,[-0.02692733  0.02430488 -0.01226792],[-0.02816376],-1.0768917774526774
10,22083,[-0.02692733  0.02430488 -0.01226792],[-0.25825099],-11.756879919920827
10,22085,[-0.02692733  0.02430488 -0.01226792],[-0.20603074],-9.332965869592888
10,22087,[-0.02692733  0.02430488 -0.01226792],[0.03126892],1.681802937558749
10,22089,[-0.02692733  0.02430488 -0.01226792],[-0.03281558],-1.2928155234462237
10,22093,[-0.02692733  0.02430488 -0.01226792],[-0.27332299],-12.45647899025467
10,22095,[-0.02692733  0.02430488 -0.01226792],[-0.04072464],-1.6599315265989563
10,22097,[-0.02692733  0.02430488 -0.01226792],[-0.04436147],-1.8287426664451483
10,22099,[-0.02692733  0.02430488 -0.01226792],[-0.1708093],-7.698087930291356
10,22101,[-0.02692733  0.02430488 -0.01226792],[-0.05048149],-2.112816661179851
10,22103,[-0.02692733  0.02430488 -0.01226792],[0.02990879],1.6186692956193445
10,22105,[-0.02692733  0.02430488 -0.01226792],[-0.06638142],-2.8508455552433585
10,22111,[-0.02692733  0.02430488 -0.01226792],[-0.19886641],-9.000418439202697
10,22109,[-0.02692733  0.02430488 -0.01226792],[-0.08649642],-3.784526327705299
10,22113,[-0.02692733  0.02430488 -0.01226792],[-0.07435777],-3.2210848756261807
10,22115,[-0.02692733  0.02430488 -0.01226792],[-0.08472128],-3.702129227225893
10,22117,[-0.02692733  0.02430488 -0.01226792],[-0.06129907],-2.6149373849966677
10,22119,[-0.02692733  0.02430488 -0.01226792],[-0.03678588],-1.477105683184262
10,22121,[-0.02692733  0.02430488 -0.01226792],[-0.35161398],-16.09052193556178
10,22127,[-0.02692733  0.02430488 -0.01226792],[-0.33159798],-15.161436896587754
10,23001,[-0.02692733  0.02430488 -0.01226792],[-0.04174482],-1.7072853416826907
10,23003,[-0.02692733  0.02430488 -0.01226792],[0.01626271],0.9852575988598445
10,23005,[-0.02692733  0.02430488 -0.01226792],[0.01327848],0.8467381027593521
10,23007,[-0.02692733  0.02430488 -0.01226792],[0.04999107],2.5508310930886284
10,23009,[-0.02692733  0.02430488 -0.01226792],[-0.05720358],-2.4248366672651875
10,23011,[-0.02692733  0.02430488 -0.01226792],[-0.04795137],-1.9953755497727832
10,23013,[-0.02692733  0.02430488 -0.01226792],[0.03361812],1.7908458146120723
10,23015,[-0.02692733  0.02430488 -0.01226792],[-0.10739737],-4.75468809897487
10,23017,[-0.02692733  0.02430488 -0.01226792],[-0.02209065],-0.7949952154499659
10,23019,[-0.02692733  0.02430488 -0.01226792],[-0.05050339],-2.1138328917743423
10,23021,[-0.02692733  0.02430488 -0.01226792],[-0.17026139],-7.672655400388086
10,23025,[-0.02692733  0.02430488 -0.01226792],[-0.09482249],-4.17099826726285
10,23027,[-0.02692733  0.02430488 -0.01226792],[-0.21004008],-9.519068199646108
10,23029,[-0.02692733  0.02430488 -0.01226792],[-0.11286586],-5.008520048630845
10,23031,[-0.02692733  0.02430488 -0.01226792],[-0.02785138],-1.0623918912407888
10,24001,[-0.02692733  0.02430488 -0.01226792],[-0.08034058],-3.498789849906079
10,24003,[-0.02692733  0.02430488 -0.01226792],[0.01548031],0.9489409196092289
10,24005,[-0.02692733  0.02430488 -0.01226792],[0.01287814],0.8281555513539908
10,24009,[-0.02692733  0.02430488 -0.01226792],[-0.1217746],-5.422037990789349
10,24011,[-0.02692733  0.02430488 -0.01226792],[-0.05796213],-2.460046404070131
10,24013,[-0.02692733  0.02430488 -0.01226792],[-0.00924141],-0.19857067373775614
10,24015,[-0.02692733  0.02430488 -0.01226792],[0.09143516],4.474546862473746
10,24017,[-0.02692733  0.02430488 -0.01226792],[0.0036237],0.3985911393899891
10,24019,[-0.02692733  0.02430488 -0.01226792],[0.19150937],9.119704184803457
10,24021,[-0.02692733  0.02430488 -0.01226792],[-0.00550781],-0.025267569646597078
10,24023,[-0.02692733  0.02430488 -0.01226792],[-0.18126153],-8.18325026761017
10,24025,[-0.02692733  0.02430488 -0.01226792],[-0.05646266],-2.390445500274843
10,24027,[-0.02692733  0.02430488 -0.01226792],[-0.02685548],-1.01616482917409
10,24029,[-0.02692733  0.02430488 -0.01226792],[-0.14226176],-6.372993216958228
10,24031,[-0.02692733  0.02430488 -0.01226792],[0.01308495],0.8377551654831955
10,24033,[-0.02692733  0.02430488 -0.01226792],[-0.00614229],-0.054718152756954616
10,24035,[-0.02692733  0.02430488 -0.01226792],[-0.03244498],-1.2756133313407634
10,24039,[-0.02692733  0.02430488 -0.01226792],[-0.10168814],-4.489682357570598
10,24037,[-0.02692733  0.02430488 -0.01226792],[-0.0608199],-2.5926958854033075
10,24041,[-0.02692733  0.02430488 -0.01226792],[-0.14040031],-6.286590042965363
10,24043,[-0.02692733  0.02430488 -0.01226792],[-0.04923313],-2.054871488528564
10,24045,[-0.02692733  0.02430488 -0.01226792],[-0.09075034],-3.9819807696583753
10,24047,[-0.02692733  0.02430488 -0.01226792],[0.04060363],2.11509301344141
10,24510,[-0.02692733  0.02430488 -0.01226792],[-0.00056157],0.20432285661982824
10,25001,[-0.02692733  0.02430488 -0.01226792],[-0.015862],-0.5058793260553458
10,25003,[-0.02692733  0.02430488 -0.01226792],[-0.04785093],-1.9907133302809081
10,25005,[-0.02692733  0.02430488 -0.01226792],[0.00951109],0.671866841691602
10,25007,[-0.02692733  0.02430488 -0.01226792],[-0.46733621],-21.46201569265561
10,25009,[-0.02692733  0.02430488 -0.01226792],[0.00781076],0.5929422101534315
10,25011,[-0.02692733  0.02430488 -0.01226792],[0.00550585],0.48595510341798465
10,25013,[-0.02692733  0.02430488 -0.01226792],[-0.01354062],-0.39812761488493426
10,25015,[-0.02692733  0.02430488 -0.01226792],[0.01301882],0.8346854706350516
10,25017,[-0.02692733  0.02430488 -0.01226792],[0.02002935],1.1600941305321704
10,25019,[-0.02692733  0.02430488 -0.01226792],[-0.31898066],-14.575777123744874
10,25021,[-0.02692733  0.02430488 -0.01226792],[-0.02411889],-0.8891403127825794
10,25023,[-0.02692733  0.02430488 -0.01226792],[0.01435324],0.8966256473867077
10,25025,[-0.02692733  0.02430488 -0.01226792],[-0.00512377],-0.007441413325914093
10,25027,[-0.02692733  0.02430488 -0.01226792],[-0.0093255],-0.20247377419172813
10,26001,[-0.02692733  0.02430488 -0.01226792],[-0.19303249],-8.729624441180412
10,26005,[-0.02692733  0.02430488 -0.01226792],[-0.02134664],-0.7604603511602201
10,26007,[-0.02692733  0.02430488 -0.01226792],[-0.06917336],-2.980439666347453
10,26009,[-0.02692733  0.02430488 -0.01226792],[-0.19878859],-8.996806451330674
10,26011,[-0.02692733  0.02430488 -0.01226792],[-0.16854024],-7.592764734167849
10,26015,[-0.02692733  0.02430488 -0.01226792],[-0.08434609],-3.6847139933430935
10,26017,[-0.02692733  0.02430488 -0.01226792],[-0.06090862],-2.5968140154931647
10,26019,[-0.02692733  0.02430488 -0.01226792],[-0.22110667],-10.032747246747732
10,26021,[-0.02692733  0.02430488 -0.01226792],[-0.05029908],-2.104349442108007
10,26023,[-0.02692733  0.02430488 -0.01226792],[0.00167553],0.3081625991708955
10,26025,[-0.02692733  0.02430488 -0.01226792],[-0.00122757],0.17340901589705882
10,26027,[-0.02692733  0.02430488 -0.01226792],[-0.0701469],-3.0256283139046753
10,26029,[-0.02692733  0.02430488 -0.01226792],[-0.10826838],-4.795117857487871
10,26031,[-0.02692733  0.02430488 -0.01226792],[-0.2116669],-9.594580283880878
10,26033,[-0.02692733  0.02430488 -0.01226792],[0.18738958],8.92847550918025
10,26035,[-0.02692733  0.02430488 -0.01226792],[-0.15528914],-6.9776868533216545
10,26037,[-0.02692733  0.02430488 -0.01226792],[-0.05982924],-2.5467123939323515
10,26039,[-0.02692733  0.02430488 -0.01226792],[-0.25387556],-11.553785016573508
10,26041,[-0.02692733  0.02430488 -0.01226792],[-0.10777806],-4.77235877916934
10,26043,[-0.02692733  0.02430488 -0.01226792],[-0.20355844],-9.218209144539378
10,26045,[-0.02692733  0.02430488 -0.01226792],[-0.04164941],-1.7028565900638248
10,26047,[-0.02692733  0.02430488 -0.01226792],[-0.11817055],-5.2547481963712945
10,26049,[-0.02692733  0.02430488 -0.01226792],[0.00952574],0.6725469465246656
10,26051,[-0.02692733  0.02430488 -0.01226792],[-0.08885801],-3.8941442288381065
10,26053,[-0.02692733  0.02430488 -0.01226792],[-0.28581914],-13.036514427711845
10,26055,[-0.02692733  0.02430488 -0.01226792],[-0.03517899],-1.402518486870963
10,26057,[-0.02692733  0.02430488 -0.01226792],[-0.19993048],-9.04980928551318
10,26059,[-0.02692733  0.02430488 -0.01226792],[-0.06967221],-3.003594478903835
10,26061,[-0.02692733  0.02430488 -0.01226792],[-0.08893188],-3.8975732481827725
10,26063,[-0.02692733  0.02430488 -0.01226792],[-0.09499999],-4.179237681138977
10,26065,[-0.02692733  0.02430488 -0.01226792],[0.0126411],0.817152791229775
10,26067,[-0.02692733  0.02430488 -0.01226792],[-0.07856794],-3.4165088452294508
10,26069,[-0.02692733  0.02430488 -0.01226792],[-0.07229145],-3.125172478636672
10,26071,[-0.02692733  0.02430488 -0.01226792],[-0.14052936],-6.292579926320882
10,26073,[-0.02692733  0.02430488 -0.01226792],[-0.05371466],-2.2628912183658993
10,26075,[-0.02692733  0.02430488 -0.01226792],[0.00385436],0.4092977695062183
10,26077,[-0.02692733  0.02430488 -0.01226792],[0.0058976],0.5041388772695613
10,26079,[-0.02692733  0.02430488 -0.01226792],[-0.32779501],-14.984913895084786
10,26081,[-0.02692733  0.02430488 -0.01226792],[0.00644607],0.5295972008322688
10,26085,[-0.02692733  0.02430488 -0.01226792],[-0.33388251],-15.267478200897651
10,26087,[-0.02692733  0.02430488 -0.01226792],[-0.00088418],0.18934797415161098
10,26089,[-0.02692733  0.02430488 -0.01226792],[-0.13363449],-5.972540195950334
10,26091,[-0.02692733  0.02430488 -0.01226792],[-0.03943061],-1.5998663953542787
10,26093,[-0.02692733  0.02430488 -0.01226792],[-0.02107397],-0.7478038815149951
10,26097,[-0.02692733  0.02430488 -0.01226792],[-0.24912179],-11.333128629621617
10,26101,[-0.02692733  0.02430488 -0.01226792],[-0.16882291],-7.605885439284406
10,26099,[-0.02692733  0.02430488 -0.01226792],[-0.00408878],0.04059962090923405
10,26103,[-0.02692733  0.02430488 -0.01226792],[0.03532553],1.8700989094464593
10,26105,[-0.02692733  0.02430488 -0.01226792],[-0.16996998],-7.6591290360774
10,26107,[-0.02692733  0.02430488 -0.01226792],[-0.10691818],-4.732445557228477
10,26109,[-0.02692733  0.02430488 -0.01226792],[-0.07729635],-3.357485348434357
10,26113,[-0.02692733  0.02430488 -0.01226792],[-0.2586788],-11.77673773296504
10,26111,[-0.02692733  0.02430488 -0.01226792],[-0.06417314],-2.7483437398707946
10,26115,[-0.02692733  0.02430488 -0.01226792],[-0.04179128],-1.7094420572865456
10,26117,[-0.02692733  0.02430488 -0.01226792],[-0.10804234],-4.784626079566574
10,26119,[-0.02692733  0.02430488 -0.01226792],[-0.23945085],-10.884231709548223
10,26121,[-0.02692733  0.02430488 -0.01226792],[-0.03348353],-1.3238198524980989
10,26123,[-0.02692733  0.02430488 -0.01226792],[-0.12471184],-5.558376350297692
10,26125,[-0.02692733  0.02430488 -0.01226792],[-0.00721494],-0.10450763541173018
10,26127,[-0.02692733  0.02430488 -0.01226792],[-0.20070137],-9.085591790845294
10,26129,[-0.02692733  0.02430488 -0.01226792],[-0.10311836],-4.556068896404128
10,26131,[-0.02692733  0.02430488 -0.01226792],[-0.31023885],-14.170007124818229
10,26135,[-0.02692733  0.02430488 -0.01226792],[-0.32804141],-14.99635109185998
10,26133,[-0.02692733  0.02430488 -0.01226792],[-0.18251822],-8.241582370671173
10,26137,[-0.02692733  0.02430488 -0.01226792],[-0.15606163],-7.0135435930815
10,26139,[-0.02692733  0.02430488 -0.01226792],[0.00499355],0.462175482719838
10,26141,[-0.02692733  0.02430488 -0.01226792],[-0.22075568],-10.016455610310603
10,26143,[-0.02692733  0.02430488 -0.01226792],[-0.11059297],-4.903018779317822
10,26145,[-0.02692733  0.02430488 -0.01226792],[-0.00361491],0.06259538259104828
10,26147,[-0.02692733  0.02430488 -0.01226792],[0.00021342],0.2402956680038514
10,26149,[-0.02692733  0.02430488 -0.01226792],[0.06190599],3.103887602337113
10,26151,[-0.02692733  0.02430488 -0.01226792],[-0.10592478],-4.686334655812129
10,26155,[-0.02692733  0.02430488 -0.01226792],[0.00368497],0.4014351513895822
10,26157,[-0.02692733  0.02430488 -0.01226792],[-0.06662767],-2.8622757957313594
10,26159,[-0.02692733  0.02430488 -0.01226792],[0.05684057],2.86876541015762
10,26161,[-0.02692733  0.02430488 -0.01226792],[0.01202953],0.7887655520679547
10,26163,[-0.02692733  0.02430488 -0.01226792],[0.0125272],0.8118660232489908
10,26165,[-0.02692733  0.02430488 -0.01226792],[-0.24438401],-11.113214625718266
10,27001,[-0.02692733  0.02430488 -0.01226792],[-0.26243194],-11.950947584907087
10,27003,[-0.02692733  0.02430488 -0.01226792],[-0.00928575],-0.20062841892179775
10,27005,[-0.02692733  0.02430488 -0.01226792],[-0.13113297],-5.856426693824206
10,27007,[-0.02692733  0.02430488 -0.01226792],[-0.15984994],-7.189385822730243
10,27009,[-0.02692733  0.02430488 -0.01226792],[-0.18577478],-8.392742320166937
10,27013,[-0.02692733  0.02430488 -0.01226792],[-0.05410318],-2.2809248858932847
10,27015,[-0.02692733  0.02430488 -0.01226792],[-0.22806691],-10.35582172209761
10,27017,[-0.02692733  0.02430488 -0.01226792],[-0.25203999],-11.468583408647204
10,27019,[-0.02692733  0.02430488 -0.01226792],[-0.05845991],-2.4831517165484276
10,27021,[-0.02692733  0.02430488 -0.01226792],[-0.07779476],-3.3806202772987746
10,27023,[-0.02692733  0.02430488 -0.01226792],[-0.38339012],-17.56547922604217
10,27025,[-0.02692733  0.02430488 -0.01226792],[-0.0438122],-1.8032472918215394
10,27027,[-0.02692733  0.02430488 -0.01226792],[-0.07283092],-3.150212873793014
10,27033,[-0.02692733  0.02430488 -0.01226792],[-0.10431433],-4.611582401859791
10,27035,[-0.02692733  0.02430488 -0.01226792],[-0.10949764],-4.852176747854187
10,27037,[-0.02692733  0.02430488 -0.01226792],[0.00737292],0.572619024742348
10,27039,[-0.02692733  0.02430488 -0.01226792],[-0.17807027],-8.035121464666428
10,27041,[-0.02692733  0.02430488 -0.01226792],[-0.10485007],-4.63644982282847
10,27043,[-0.02692733  0.02430488 -0.01226792],[-0.29707526],-13.558991239527417
10,27045,[-0.02692733  0.02430488 -0.01226792],[-0.11506417],-5.110559321922886
10,27047,[-0.02692733  0.02430488 -0.01226792],[-0.16426113],-7.394140647785079
10,27049,[-0.02692733  0.02430488 -0.01226792],[-0.09181691],-4.031488236936832
10,27053,[-0.02692733  0.02430488 -0.01226792],[-0.00457225],0.018158401941109858
10,27055,[-0.02692733  0.02430488 -0.01226792],[-0.27325424],-12.453287813973649
10,27059,[-0.02692733  0.02430488 -0.01226792],[-0.10158744],-4.485007963332461
10,27057,[-0.02692733  0.02430488 -0.01226792],[-0.24996221],-11.372138506506024
10,27061,[-0.02692733  0.02430488 -0.01226792],[-0.17567026],-7.9237199685068935
10,27063,[-0.02692733  0.02430488 -0.01226792],[-0.38364654],-17.577381418634868
10,27065,[-0.02692733  0.02430488 -0.01226792],[-0.33741797],-15.431584178047167
10,27071,[-0.02692733  0.02430488 -0.01226792],[-0.54107636],-24.884821599617613
10,27067,[-0.02692733  0.02430488 -0.01226792],[0.02319122],1.306859113569334
10,27079,[-0.02692733  0.02430488 -0.01226792],[-0.20412133],-9.244336530661442
10,27083,[-0.02692733  0.02430488 -0.01226792],[-0.12807619],-5.714539556158506
10,27085,[-0.02692733  0.02430488 -0.01226792],[0.02798837],1.5295291124759371
10,27089,[-0.02692733  0.02430488 -0.01226792],[-0.19881909],-8.998221911584317
10,27091,[-0.02692733  0.02430488 -0.01226792],[-0.09273584],-4.074142274477138
10,27095,[-0.02692733  0.02430488 -0.01226792],[-0.18779918],-8.486709422145694
10,27093,[-0.02692733  0.02430488 -0.01226792],[-0.00959169],-0.21482948768365842
10,27097,[-0.02692733  0.02430488 -0.01226792],[0.15318203],7.340659222049486
10,27099,[-0.02692733  0.02430488 -0.01226792],[0.04783968],2.4509696903215814
10,27105,[-0.02692733  0.02430488 -0.01226792],[0.02253202],1.2762610496196598
10,27103,[-0.02692733  0.02430488 -0.01226792],[-0.05491715],-2.318707372924734
10,27109,[-0.02692733  0.02430488 -0.01226792],[-0.0186171],-0.6337632241281672
10,27111,[-0.02692733  0.02430488 -0.01226792],[-0.07675443],-3.3323308187503327
10,27113,[-0.02692733  0.02430488 -0.01226792],[-0.13671732],-6.115635905223081
10,27115,[-0.02692733  0.02430488 -0.01226792],[-0.22227739],-10.087088810405286
10,27117,[-0.02692733  0.02430488 -0.01226792],[-0.09624417],-4.236988761493385
10,27121,[-0.02692733  0.02430488 -0.01226792],[-0.30076372],-13.730198963649439
10,27119,[-0.02692733  0.02430488 -0.01226792],[0.03484462],1.8477762749266036
10,27123,[-0.02692733  0.02430488 -0.01226792],[0.00729721],0.569104684484204
10,27127,[-0.02692733  0.02430488 -0.01226792],[-0.1293923],-5.775629577575308
10,27129,[-0.02692733  0.02430488 -0.01226792],[-0.22630018],-10.273815204210997
10,27131,[-0.02692733  0.02430488 -0.01226792],[-0.00377487],0.0551707774927091
10,27135,[-0.02692733  0.02430488 -0.01226792],[-0.1804478],-8.145479610815443
10,27137,[-0.02692733  0.02430488 -0.01226792],[0.00869719],0.6340880478381962
10,27139,[-0.02692733  0.02430488 -0.01226792],[0.01695705],1.0174868207368282
10,27141,[-0.02692733  0.02430488 -0.01226792],[-0.13029501],-5.817530871603448
10,27143,[-0.02692733  0.02430488 -0.01226792],[-0.35759242],-16.368023901502884
10,27145,[-0.02692733  0.02430488 -0.01226792],[-0.02315474],-0.8443874014957479
10,27147,[-0.02692733  0.02430488 -0.01226792],[-0.1905959],-8.616525145807058
10,27151,[-0.02692733  0.02430488 -0.01226792],[-0.21041887],-9.536650608640805
10,27153,[-0.02692733  0.02430488 -0.01226792],[-0.1111565],-4.929176503200196
10,27157,[-0.02692733  0.02430488 -0.01226792],[-0.1308579],-5.8436587786503935
10,27161,[-0.02692733  0.02430488 -0.01226792],[-0.23950607],-10.886794694649593
10,27163,[-0.02692733  0.02430488 -0.01226792],[0.05986917],3.0093440050537446
10,27169,[-0.02692733  0.02430488 -0.01226792],[-0.09161492],-4.0221123578593
10,27171,[-0.02692733  0.02430488 -0.01226792],[-0.0702994],-3.0327070329263575
10,27173,[-0.02692733  0.02430488 -0.01226792],[-0.32675416],-14.936600655220014
10,28001,[-0.02692733  0.02430488 -0.01226792],[-0.05682702],-2.407357862401415
10,28007,[-0.02692733  0.02430488 -0.01226792],[0.04573959],2.3534896091540736
10,28003,[-0.02692733  0.02430488 -0.01226792],[-0.21535098],-9.765584934270873
10,28011,[-0.02692733  0.02430488 -0.01226792],[-0.23406069],-10.634035952104329
10,28013,[-0.02692733  0.02430488 -0.01226792],[-0.35508743],-16.25174949647836
10,28017,[-0.02692733  0.02430488 -0.01226792],[-0.20565392],-9.315474939079369
10,28023,[-0.02692733  0.02430488 -0.01226792],[-0.35205059],-16.110788219948425
10,28025,[-0.02692733  0.02430488 -0.01226792],[-0.15490961],-6.960069912694563
10,28027,[-0.02692733  0.02430488 -0.01226792],[-0.13333761],-5.958759711024379
10,28029,[-0.02692733  0.02430488 -0.01226792],[-0.03470971],-1.380735600010902
10,28031,[-0.02692733  0.02430488 -0.01226792],[-0.25818403],-11.753772073176819
10,28033,[-0.02692733  0.02430488 -0.01226792],[-0.03104267],-1.2105222734273227
10,28035,[-0.02692733  0.02430488 -0.01226792],[-0.05145253],-2.157889302621347
10,28039,[-0.02692733  0.02430488 -0.01226792],[-0.25863971],-11.774923394106429
10,28043,[-0.02692733  0.02430488 -0.01226792],[-0.24611004],-11.19333218663008
10,28045,[-0.02692733  0.02430488 -0.01226792],[-0.17542573],-7.912369253854632
10,28047,[-0.02692733  0.02430488 -0.01226792],[-0.01217042],-0.33452682858796945
10,28049,[-0.02692733  0.02430488 -0.01226792],[0.00844712],0.6224804368603688
10,28051,[-0.02692733  0.02430488 -0.01226792],[-0.33712491],-15.417981086882218
10,28057,[-0.02692733  0.02430488 -0.01226792],[-0.21620014],-9.805000294272913
10,28059,[-0.02692733  0.02430488 -0.01226792],[-0.01657175],-0.5388239650402726
10,28061,[-0.02692733  0.02430488 -0.01226792],[-0.24306374],-11.051931789800566
10,28067,[-0.02692733  0.02430488 -0.01226792],[-0.13941836],-6.24101070320441
10,28071,[-0.02692733  0.02430488 -0.01226792],[-0.08259814],-3.6035791865176936
10,28073,[-0.02692733  0.02430488 -0.01226792],[-0.1559729],-7.009424898665261
10,28075,[-0.02692733  0.02430488 -0.01226792],[-0.06101629],-2.6018119018619013
10,28079,[-0.02692733  0.02430488 -0.01226792],[-0.31030801],-14.1732172446681
10,28081,[-0.02692733  0.02430488 -0.01226792],[-0.08570643],-3.7478569965118167
10,28083,[-0.02692733  0.02430488 -0.01226792],[-0.22069447],-10.013614103550788
10,28085,[-0.02692733  0.02430488 -0.01226792],[-0.14667102],-6.577658306923449
10,28087,[-0.02692733  0.02430488 -0.01226792],[-0.08734344],-3.8238424116726217
10,28089,[-0.02692733  0.02430488 -0.01226792],[0.17458886],8.334302709537297
10,28091,[-0.02692733  0.02430488 -0.01226792],[-0.19234647],-8.69778160015001
10,28093,[-0.02692733  0.02430488 -0.01226792],[-0.26098721],-11.883887409329418
10,28095,[-0.02692733  0.02430488 -0.01226792],[-0.20337596],-9.209738574710592
10,28099,[-0.02692733  0.02430488 -0.01226792],[-0.30032241],-13.709714811498712
10,28101,[-0.02692733  0.02430488 -0.01226792],[0.00485762],0.455865914868388
10,28105,[-0.02692733  0.02430488 -0.01226792],[-0.14402632],-6.454898829099642
10,28107,[-0.02692733  0.02430488 -0.01226792],[-0.149238],-6.6968100552965835
10,28109,[-0.02692733  0.02430488 -0.01226792],[-0.02872674],-1.103023652964749
10,28113,[-0.02692733  0.02430488 -0.01226792],[-0.20880568],-9.461770880684487
10,28115,[-0.02692733  0.02430488 -0.01226792],[-0.1352581],-6.047903418340854
10,28117,[-0.02692733  0.02430488 -0.01226792],[-0.35921021],-16.443116938367446
10,28121,[-0.02692733  0.02430488 -0.01226792],[-0.06438704],-2.7582724086682684
10,28123,[-0.02692733  0.02430488 -0.01226792],[-0.0609176],-2.5972309932511184
10,28127,[-0.02692733  0.02430488 -0.01226792],[-0.18222786],-8.228104563167491
10,28133,[-0.02692733  0.02430488 -0.01226792],[-0.13562451],-6.064910970576329
10,28135,[-0.02692733  0.02430488 -0.01226792],[-0.6474762],-29.8235966800829
10,28137,[-0.02692733  0.02430488 -0.01226792],[-0.17035936],-7.677203178945173
10,28139,[-0.02692733  0.02430488 -0.01226792],[-0.19058743],-8.616132082902013
10,28141,[-0.02692733  0.02430488 -0.01226792],[-0.46044007],-21.14191667946403
10,28149,[-0.02692733  0.02430488 -0.01226792],[-0.10819204],-4.791574383754424
10,28145,[-0.02692733  0.02430488 -0.01226792],[-0.10776318],-4.771668172262666
10,28151,[-0.02692733  0.02430488 -0.01226792],[-0.00997574],-0.2326558635145337
10,28153,[-0.02692733  0.02430488 -0.01226792],[-0.45950922],-21.09870897499169
10,28159,[-0.02692733  0.02430488 -0.01226792],[-0.13118093],-5.858652595437127
10,29001,[-0.02692733  0.02430488 -0.01226792],[-0.06865574],-2.9564128429618393
10,28163,[-0.02692733  0.02430488 -0.01226792],[-0.01535401],-0.48229962816540617
10,29003,[-0.02692733  0.02430488 -0.01226792],[-0.32340815],-14.781288473722684
10,29007,[-0.02692733  0.02430488 -0.01226792],[-0.08729981],-3.8218174473993702
10,29009,[-0.02692733  0.02430488 -0.01226792],[-0.13179623],-5.887213260971282
10,29013,[-0.02692733  0.02430488 -0.01226792],[-0.26706198],-12.165860731436453
10,29015,[-0.02692733  0.02430488 -0.01226792],[-0.11278856],-5.004931930396176
10,29019,[-0.02692733  0.02430488 -0.01226792],[-0.00469167],0.012615588789620063
10,29021,[-0.02692733  0.02430488 -0.01226792],[-0.04969878],-2.076485381908002
10,29023,[-0.02692733  0.02430488 -0.01226792],[-0.13049586],-5.8268536644928774
10,29027,[-0.02692733  0.02430488 -0.01226792],[-0.12082171],-5.377807352135313
10,29029,[-0.02692733  0.02430488 -0.01226792],[-0.07953565],-3.461427268398672
10,29031,[-0.02692733  0.02430488 -0.01226792],[-0.0691506],-2.9793828382354057
10,29037,[-0.02692733  0.02430488 -0.01226792],[-0.13191902],-5.892912941758318
10,29043,[-0.02692733  0.02430488 -0.01226792],[-0.13042723],-5.823668109379448
10,29049,[-0.02692733  0.02430488 -0.01226792],[-0.25069244],-11.40603371080301
10,29047,[-0.02692733  0.02430488 -0.01226792],[0.02307684],1.3015499461152753
10,29051,[-0.02692733  0.02430488 -0.01226792],[0.02177241],1.2410019947529332
10,29053,[-0.02692733  0.02430488 -0.01226792],[-0.35204095],-16.110340822959053
10,29065,[-0.02692733  0.02430488 -0.01226792],[-0.49082991],-22.552525561511573
10,29055,[-0.02692733  0.02430488 -0.01226792],[-0.18481923],-8.34838852851385
10,29069,[-0.02692733  0.02430488 -0.01226792],[-0.21233055],-9.62538494110416
10,29071,[-0.02692733  0.02430488 -0.01226792],[0.13082113],6.302730522694793
10,29073,[-0.02692733  0.02430488 -0.01226792],[-0.22717197],-10.31428111826659
10,29077,[-0.02692733  0.02430488 -0.01226792],[0.01211639],0.7927974880856955
10,29079,[-0.02692733  0.02430488 -0.01226792],[-0.33788864],-15.453430883602415
10,29083,[-0.02692733  0.02430488 -0.01226792],[-0.10781618],-4.774128224929842
10,29091,[-0.02692733  0.02430488 -0.01226792],[-0.1936802],-8.759689530141964
10,29093,[-0.02692733  0.02430488 -0.01226792],[-0.19193463],-8.678664927121254
10,29095,[-0.02692733  0.02430488 -0.01226792],[0.02405347],1.3468821743813346
10,29097,[-0.02692733  0.02430488 -0.01226792],[0.03163242],1.6986754667209558
10,29099,[-0.02692733  0.02430488 -0.01226792],[-0.01920174],-0.6609001938059437
10,29101,[-0.02692733  0.02430488 -0.01226792],[-0.17910237],-8.083028383907106
10,29105,[-0.02692733  0.02430488 -0.01226792],[-0.1826684],-8.248553164662892
10,29107,[-0.02692733  0.02430488 -0.01226792],[-0.17115997],-7.714365138828997
10,29109,[-0.02692733  0.02430488 -0.01226792],[0.19798301],9.420192169078835
10,29111,[-0.02692733  0.02430488 -0.01226792],[-0.31539388],-14.409288816933355
10,29113,[-0.02692733  0.02430488 -0.01226792],[-0.22512249],-10.219150227615659
10,29115,[-0.02692733  0.02430488 -0.01226792],[-0.20294372],-9.189675426966541
10,29117,[-0.02692733  0.02430488 -0.01226792],[-0.31542556],-14.410759400239957
10,29119,[-0.02692733  0.02430488 -0.01226792],[-0.44670495],-20.50437156926489
10,29121,[-0.02692733  0.02430488 -0.01226792],[-0.11256263],-4.994444776704615
10,29127,[-0.02692733  0.02430488 -0.01226792],[-0.0534853],-2.2522450103663716
10,29131,[-0.02692733  0.02430488 -0.01226792],[-0.33890604],-15.500655780947511
10,29133,[-0.02692733  0.02430488 -0.01226792],[-0.40707473],-18.66485052186453
10,29135,[-0.02692733  0.02430488 -0.01226792],[-0.31174457],-14.239898393572958
10,29139,[-0.02692733  0.02430488 -0.01226792],[-0.40192383],-18.425760713498992
10,29141,[-0.02692733  0.02430488 -0.01226792],[-0.34418638],-15.745754136123228
10,29143,[-0.02692733  0.02430488 -0.01226792],[-0.0601552],-2.561842449234108
10,29145,[-0.02692733  0.02430488 -0.01226792],[-0.05737936],-2.4329960033041322
10,29147,[-0.02692733  0.02430488 -0.01226792],[-0.35338008],-16.17249925527249
10,29151,[-0.02692733  0.02430488 -0.01226792],[-0.36610109],-16.76297218417073
10,29155,[-0.02692733  0.02430488 -0.01226792],[-0.33841234],-15.47773961670322
10,29157,[-0.02692733  0.02430488 -0.01226792],[-0.40534178],-18.584412086227694
10,29159,[-0.02692733  0.02430488 -0.01226792],[-0.05294977],-2.227387233390286
10,29161,[-0.02692733  0.02430488 -0.01226792],[-0.10022602],-4.421814720295537
10,29163,[-0.02692733  0.02430488 -0.01226792],[-0.14551223],-6.523870593226158
10,29165,[-0.02692733  0.02430488 -0.01226792],[-0.03466031],-1.3784428532006692
10,29167,[-0.02692733  0.02430488 -0.01226792],[-0.47101818],-21.632922100966873
10,29169,[-0.02692733  0.02430488 -0.01226792],[-0.1818536],-8.210732702338257
10,29175,[-0.02692733  0.02430488 -0.01226792],[-0.00294001],0.09392259057944906
10,29177,[-0.02692733  0.02430488 -0.01226792],[-0.3186636],-14.561060028625219
10,29181,[-0.02692733  0.02430488 -0.01226792],[-0.30646041],-13.99462285880845
10,29183,[-0.02692733  0.02430488 -0.01226792],[-0.0028355],0.09877330048805946
10,29186,[-0.02692733  0.02430488 -0.01226792],[-0.39875199],-18.278533229977658
10,29187,[-0.02692733  0.02430488 -0.01226792],[-0.00353771],0.06617886772560574
10,29189,[-0.02692733  0.02430488 -0.01226792],[-0.00131446],0.1693760036419883
10,29195,[-0.02692733  0.02430488 -0.01226792],[-0.10282515],-4.542458979207217
10,29201,[-0.02692733  0.02430488 -0.01226792],[-0.17806905],-8.035064822409588
10,29207,[-0.02692733  0.02430488 -0.01226792],[-0.0002228],0.22004751155049482
10,29209,[-0.02692733  0.02430488 -0.01226792],[-0.15061638],-6.760790589086418
10,29213,[-0.02692733  0.02430488 -0.01226792],[-0.10911353],-4.83434767808782
10,29215,[-0.02692733  0.02430488 -0.01226792],[-0.34057237],-15.578001988108934
10,29217,[-0.02692733  0.02430488 -0.01226792],[-0.09951922],-4.389007152696483
10,29221,[-0.02692733  0.02430488 -0.01226792],[-0.28936344],-13.201030585055808
10,29219,[-0.02692733  0.02430488 -0.01226792],[-0.23936262],-10.880136341246319
10,29223,[-0.02692733  0.02430488 -0.01226792],[-0.29342773],-13.38968343856217
10,29225,[-0.02692733  0.02430488 -0.01226792],[-0.05084703],-2.1297838160480445
10,29229,[-0.02692733  0.02430488 -0.01226792],[-0.16813953],-7.574164815740197
10,29510,[-0.02692733  0.02430488 -0.01226792],[0.00232894],0.33849183364180957
10,30003,[-0.02692733  0.02430488 -0.01226792],[-0.19548561],-8.843491449421132
10,30005,[-0.02692733  0.02430488 -0.01226792],[-0.24797617],-11.27995249685425
10,30009,[-0.02692733  0.02430488 -0.01226792],[-0.36613896],-16.764729807427642
10,30013,[-0.02692733  0.02430488 -0.01226792],[-0.0351446],-1.4009220236795357
10,30017,[-0.02692733  0.02430488 -0.01226792],[-0.16227466],-7.30193434345289
10,30029,[-0.02692733  0.02430488 -0.01226792],[-0.04574177],-1.8928123306910536
10,30031,[-0.02692733  0.02430488 -0.01226792],[-0.06344879],-2.7147212112687367
10,30035,[-0.02692733  0.02430488 -0.01226792],[-0.22728252],-10.319412780855385
10,30041,[-0.02692733  0.02430488 -0.01226792],[-0.06712644],-2.8854275109409997
10,30047,[-0.02692733  0.02430488 -0.01226792],[-0.1977238],-8.94738183354039
10,30049,[-0.02692733  0.02430488 -0.01226792],[-0.03478158],-1.3840718394716562
10,30053,[-0.02692733  0.02430488 -0.01226792],[-0.31966597],-14.607586927794866
10,30063,[-0.02692733  0.02430488 -0.01226792],[-0.03972926],-1.613728733253372
10,30067,[-0.02692733  0.02430488 -0.01226792],[-0.2471407],-11.241172202000827
10,30081,[-0.02692733  0.02430488 -0.01226792],[-0.07333867],-3.173781049334456
10,30087,[-0.02692733  0.02430488 -0.01226792],[-0.44811919],-20.570016849047683
10,30083,[-0.02692733  0.02430488 -0.01226792],[-0.14727471],-6.6056796919292635
10,30093,[-0.02692733  0.02430488 -0.01226792],[-0.17582368],-7.930841252514985
10,30111,[-0.02692733  0.02430488 -0.01226792],[-0.00124063],0.17280259684634167
10,31001,[-0.02692733  0.02430488 -0.01226792],[-0.12226233],-5.444677002180566
10,31019,[-0.02692733  0.02430488 -0.01226792],[-0.09641321],-4.244835013681579
10,31025,[-0.02692733  0.02430488 -0.01226792],[-0.19773893],-8.9480838757938
10,31041,[-0.02692733  0.02430488 -0.01226792],[-0.35450292],-16.22461825150305
10,31043,[-0.02692733  0.02430488 -0.01226792],[-0.2908028],-13.267841791154362
10,31053,[-0.02692733  0.02430488 -0.01226792],[-0.03864002],-1.5631694715679043
10,31047,[-0.02692733  0.02430488 -0.01226792],[-0.13206801],-5.899828386200372
10,31055,[-0.02692733  0.02430488 -0.01226792],[0.01513096],0.9327248719792279
10,31067,[-0.02692733  0.02430488 -0.01226792],[-0.18471713],-8.343649684081193
10,31079,[-0.02692733  0.02430488 -0.01226792],[-0.05052718],-2.1149374841015374
10,31089,[-0.02692733  0.02430488 -0.01226792],[-0.32345998],-14.783693940674915
10,31109,[-0.02692733  0.02430488 -0.01226792],[0.00793365],0.5986466750466545
10,31111,[-0.02692733  0.02430488 -0.01226792],[-0.21185515],-9.603318290308083
10,31119,[-0.02692733  0.02430488 -0.01226792],[-0.10964481],-4.859007990852266
10,31131,[-0.02692733  0.02430488 -0.01226792],[0.20814322],9.891799797812428
10,31151,[-0.02692733  0.02430488 -0.01226792],[-0.26238102],-11.948584254085917
10,31141,[-0.02692733  0.02430488 -0.01226792],[-0.20589643],-9.326731735545417
10,31155,[-0.02692733  0.02430488 -0.01226792],[-0.20183735],-9.13832071285683
10,31153,[-0.02692733  0.02430488 -0.01226792],[-0.00394719],0.04717214539368887
10,31157,[-0.02692733  0.02430488 -0.01226792],[-0.0965597],-4.251634714164923
10,31159,[-0.02692733  0.02430488 -0.01226792],[-0.41940501],-19.237186690533292
10,31185,[-0.02692733  0.02430488 -0.01226792],[-0.25519736],-11.615139463324013
10,31177,[-0.02692733  0.02430488 -0.01226792],[-0.30107596],-13.744692408428564
10,32001,[-0.02692733  0.02430488 -0.01226792],[-0.17530926],-7.906963282176094
10,32003,[-0.02692733  0.02430488 -0.01226792],[0.01640699],0.9919545887031487
10,32005,[-0.02692733  0.02430488 -0.01226792],[0.02344818],1.318786569456754
10,32007,[-0.02692733  0.02430488 -0.01226792],[-0.12717841],-5.672867428837126
10,32013,[-0.02692733  0.02430488 -0.01226792],[-0.19819652],-8.969324242891927
10,32019,[-0.02692733  0.02430488 -0.01226792],[-0.22605984],-10.262659452918351
10,32023,[-0.02692733  0.02430488 -0.01226792],[0.00308299],0.3734927363796368
10,32031,[-0.02692733  0.02430488 -0.01226792],[0.02016125],1.166216442862222
10,32510,[-0.02692733  0.02430488 -0.01226792],[-0.03814664],-1.5402683403833783
10,33001,[-0.02692733  0.02430488 -0.01226792],[-0.04401073],-1.8124624498222022
10,33003,[-0.02692733  0.02430488 -0.01226792],[-0.17352608],-7.824192865225017
10,33005,[-0.02692733  0.02430488 -0.01226792],[0.00599374],0.5086013735954461
10,33007,[-0.02692733  0.02430488 -0.01226792],[-0.0927429],-4.0744700522740445
10,33009,[-0.02692733  0.02430488 -0.01226792],[-0.09251702],-4.06398519860192
10,33011,[-0.02692733  0.02430488 -0.01226792],[0.01404048],0.8821080330640995
10,33013,[-0.02692733  0.02430488 -0.01226792],[-0.00958541],-0.21453803523743478
10,33015,[-0.02692733  0.02430488 -0.01226792],[-0.02367309],-0.8684474432286649
10,33017,[-0.02692733  0.02430488 -0.01226792],[-0.03575956],-1.4294668265369272
10,33019,[-0.02692733  0.02430488 -0.01226792],[-0.1385335],-6.19993794693505
10,34001,[-0.02692733  0.02430488 -0.01226792],[-0.00610946],-0.05319444724019637
10,34003,[-0.02692733  0.02430488 -0.01226792],[-0.00897578],-0.1862406375798244
10,34005,[-0.02692733  0.02430488 -0.01226792],[0.00489496],0.4575992382630474
10,34007,[-0.02692733  0.02430488 -0.01226792],[-0.01166373],-0.3110076319055604
10,34009,[-0.02692733  0.02430488 -0.01226792],[-0.02528454],-0.9432462726636163
10,34011,[-0.02692733  0.02430488 -0.01226792],[-0.02510501],-0.9349134401008681
10,34013,[-0.02692733  0.02430488 -0.01226792],[0.00074381],0.26491475234899164
10,34015,[-0.02692733  0.02430488 -0.01226792],[0.00690573],0.5509336053220522
10,34017,[-0.02692733  0.02430488 -0.01226792],[0.01521585],0.9366653628176917
10,01001,[-0.02692733  0.02430488 -0.01226792],[-0.13028534],-5.81708227696445
10,01003,[-0.02692733  0.02430488 -0.01226792],[-0.02012951],-0.7039649663962351
10,01005,[-0.02692733  0.02430488 -0.01226792],[-0.16709993],-7.5259094932969735
10,01007,[-0.02692733  0.02430488 -0.01226792],[-0.22303384],-10.122201296656465
10,01009,[-0.02692733  0.02430488 -0.01226792],[-0.13195474],-5.894570944143866
10,01013,[-0.02692733  0.02430488 -0.01226792],[-0.19653863],-8.892369616038266
10,01015,[-0.02692733  0.02430488 -0.01226792],[0.03879724],2.0312454936582376
10,01017,[-0.02692733  0.02430488 -0.01226792],[-0.09439689],-4.151243116545117
10,01019,[-0.02692733  0.02430488 -0.01226792],[-0.16952071],-7.638275369476194
10,01021,[-0.02692733  0.02430488 -0.01226792],[-0.19145041],-8.656189204055677
10,01023,[-0.02692733  0.02430488 -0.01226792],[-0.46126371],-21.180147385068786
10,01025,[-0.02692733  0.02430488 -0.01226792],[0.00359886],0.39743802469613476
10,01027,[-0.02692733  0.02430488 -0.01226792],[-0.31248633],-14.27432880645144
10,01029,[-0.02692733  0.02430488 -0.01226792],[-0.25449253],-11.582422975882155
10,01031,[-0.02692733  0.02430488 -0.01226792],[-0.09005049],-3.949496036287048
10,01033,[-0.02692733  0.02430488 -0.01226792],[-0.13663024],-6.1115941220678796
10,01035,[-0.02692733  0.02430488 -0.01226792],[-0.33796161],-15.456818023216735
10,01039,[-0.02692733  0.02430488 -0.01226792],[-0.07052114],-3.0429993848226027
10,01041,[-0.02692733  0.02430488 -0.01226792],[-0.16604863],-7.4771113082488565
10,01043,[-0.02692733  0.02430488 -0.01226792],[-0.09619807],-4.234848756289945
10,01045,[-0.02692733  0.02430488 -0.01226792],[-0.11257378],-4.994962150960483
10,01047,[-0.02692733  0.02430488 -0.01226792],[-0.09009737],-3.951671872272985
10,01049,[-0.02692733  0.02430488 -0.01226792],[0.02338708],1.315950198940304
10,01051,[-0.02692733  0.02430488 -0.01226792],[-0.04738792],-1.9692220984042703
10,01053,[-0.02692733  0.02430488 -0.01226792],[-0.10839283],-4.800894844284951
10,01055,[-0.02692733  0.02430488 -0.01226792],[-0.03607557],-1.444135321498519
10,01057,[-0.02692733  0.02430488 -0.01226792],[-0.18759984],-8.477456640373308
10,01059,[-0.02692733  0.02430488 -0.01226792],[-0.12243707],-5.45278804634755
10,01061,[-0.02692733  0.02430488 -0.01226792],[-0.3760044],-17.222655337163243
10,01065,[-0.02692733  0.02430488 -0.01226792],[-0.13393834],-5.986643845846629
10,01067,[-0.02692733  0.02430488 -0.01226792],[-0.17505308],-7.895072162841328
10,01069,[-0.02692733  0.02430488 -0.01226792],[-0.05396979],-2.274733555972201
10,01071,[-0.02692733  0.02430488 -0.01226792],[-0.06209736],-2.6519920170122036
10,01073,[-0.02692733  0.02430488 -0.01226792],[0.02774018],1.5180086575778093
10,01077,[-0.02692733  0.02430488 -0.01226792],[0.0049274],0.459104970902874
10,01079,[-0.02692733  0.02430488 -0.01226792],[-0.12826896],-5.723487610343342
10,01081,[-0.02692733  0.02430488 -0.01226792],[-0.02132741],-0.7595677741467142
10,01083,[-0.02692733  0.02430488 -0.01226792],[-0.05501982],-2.323472771540308
10,01085,[-0.02692733  0.02430488 -0.01226792],[-0.35445613],-16.222446312233323
10,01087,[-0.02692733  0.02430488 -0.01226792],[-0.09310348],-4.091206917956605
10,01089,[-0.02692733  0.02430488 -0.01226792],[-0.02069238],-0.7300918146774398
10,01091,[-0.02692733  0.02430488 -0.01226792],[-0.27735485],-12.643626190347867
10,01093,[-0.02692733  0.02430488 -0.01226792],[-0.17931881],-8.093075180758342
10,01095,[-0.02692733  0.02430488 -0.01226792],[-0.12016917],-5.347518501815823
10,01097,[-0.02692733  0.02430488 -0.01226792],[-0.01510066],-0.4705401532350418
10,01099,[-0.02692733  0.02430488 -0.01226792],[-0.24037071],-10.926928880147674
10,01101,[-0.02692733  0.02430488 -0.01226792],[-0.0211394],-0.7508411127251112
10,01103,[-0.02692733  0.02430488 -0.01226792],[-0.0774718],-3.3656291772502462
10,01107,[-0.02692733  0.02430488 -0.01226792],[-0.35484535],-16.240513080753793
10,01109,[-0.02692733  0.02430488 -0.01226792],[-0.11399443],-5.060904951584229
10,01113,[-0.02692733  0.02430488 -0.01226792],[-0.00830871],-0.15527726663479027
10,01111,[-0.02692733  0.02430488 -0.01226792],[-0.23021383],-10.455475552070398
10,01115,[-0.02692733  0.02430488 -0.01226792],[-0.01573527],-0.49999661794587763
10,01117,[-0.02692733  0.02430488 -0.01226792],[-0.00019312],0.2214254023522377
10,01119,[-0.02692733  0.02430488 -0.01226792],[-0.33631263],-15.380277087226302
10,01121,[-0.02692733  0.02430488 -0.01226792],[-0.04375025],-1.8003718193794447
10,01123,[-0.02692733  0.02430488 -0.01226792],[-0.12773058],-5.698497522153638
10,01125,[-0.02692733  0.02430488 -0.01226792],[-0.02496096],-0.9282268405639243
10,01127,[-0.02692733  0.02430488 -0.01226792],[-0.08013829],-3.489399831694272
10,01129,[-0.02692733  0.02430488 -0.01226792],[-0.35270883],-16.141341646360612
10,01131,[-0.02692733  0.02430488 -0.01226792],[-0.46846304],-21.514319601758963
10,01133,[-0.02692733  0.02430488 -0.01226792],[-0.19779316],-8.950601153125547
10,04001,[-0.02692733  0.02430488 -0.01226792],[-0.22344399],-10.141239271435733
10,04003,[-0.02692733  0.02430488 -0.01226792],[-0.01738709],-0.5766695200132027
10,04005,[-0.02692733  0.02430488 -0.01226792],[-0.04430059],-1.8259170321952292
10,04007,[-0.02692733  0.02430488 -0.01226792],[-0.03937041],-1.5970722435512108
10,04009,[-0.02692733  0.02430488 -0.01226792],[0.00479374],0.4529008633461592
10,04012,[-0.02692733  0.02430488 -0.01226792],[-0.17221438],-7.76330793047049
10,04013,[-0.02692733  0.02430488 -0.01226792],[0.00674944],0.5436788758075698
10,04015,[-0.02692733  0.02430488 -0.01226792],[-0.01664045],-0.5420124615088242
10,04017,[-0.02692733  0.02430488 -0.01226792],[-0.09659949],-4.253481663473547
10,04021,[-0.02692733  0.02430488 -0.01226792],[0.00028573],0.243652221829834
10,04023,[-0.02692733  0.02430488 -0.01226792],[-0.0256974],-0.962410452643789
10,04025,[-0.02692733  0.02430488 -0.01226792],[-0.0387124],-1.5665293303564587
10,04027,[-0.02692733  0.02430488 -0.01226792],[0.04817404],2.466489986083721
10,05001,[-0.02692733  0.02430488 -0.01226792],[-0.10293587],-4.547598161421799
10,05005,[-0.02692733  0.02430488 -0.01226792],[-0.14931909],-6.700574306943207
10,05003,[-0.02692733  0.02430488 -0.01226792],[-0.18841888],-8.515473875643856
10,05007,[-0.02692733  0.02430488 -0.01226792],[-0.02717644],-1.031063009408638
10,05009,[-0.02692733  0.02430488 -0.01226792],[-0.11109627],-4.926380660389949
10,05011,[-0.02692733  0.02430488 -0.01226792],[-0.28258543],-12.886414794403647
10,05015,[-0.02692733  0.02430488 -0.01226792],[-0.00362915],0.061934520920245775
10,05017,[-0.02692733  0.02430488 -0.01226792],[-0.67900979],-31.287295196453403
10,05019,[-0.02692733  0.02430488 -0.01226792],[-0.34688943],-15.871221910071617
10,05021,[-0.02692733  0.02430488 -0.01226792],[-0.24380982],-11.086562547790079
10,05023,[-0.02692733  0.02430488 -0.01226792],[-0.28535499],-13.014970106991035
10,05027,[-0.02692733  0.02430488 -0.01226792],[-0.4497395],-20.64522683082174
10,05029,[-0.02692733  0.02430488 -0.01226792],[-0.27833285],-12.689022361368103
10,05031,[-0.02692733  0.02430488 -0.01226792],[-0.08440428],-3.6874151820421543
10,05033,[-0.02692733  0.02430488 -0.01226792],[-0.14178801],-6.3510029907173715
10,05037,[-0.02692733  0.02430488 -0.01226792],[-0.33160222],-15.161633697168345
10,05035,[-0.02692733  0.02430488 -0.01226792],[-0.06315411],-2.7010432623026204
10,05041,[-0.02692733  0.02430488 -0.01226792],[-0.40874568],-18.74241123420559
10,05043,[-0.02692733  0.02430488 -0.01226792],[-0.16727757],-7.534155339970459
10,05045,[-0.02692733  0.02430488 -0.01226792],[-0.05527788],-2.3354510097622607
10,05053,[-0.02692733  0.02430488 -0.01226792],[-0.52674626],-24.21965932857654
10,05051,[-0.02692733  0.02430488 -0.01226792],[-0.01577512],-0.5018465149794593
10,05055,[-0.02692733  0.02430488 -0.01226792],[-0.07938861],-3.454601819868324
10,05057,[-0.02692733  0.02430488 -0.01226792],[-0.30756353],-14.045826729889344
10,05059,[-0.02692733  0.02430488 -0.01226792],[-0.11822184],-5.257129076302671
10,05063,[-0.02692733  0.02430488 -0.01226792],[-0.22820657],-10.362304348800366
10,05065,[-0.02692733  0.02430488 -0.01226792],[-0.42674455],-19.57786718372836
10,05067,[-0.02692733  0.02430488 -0.01226792],[-0.20747926],-9.400202095923333
10,05069,[-0.02692733  0.02430488 -0.01226792],[-0.04397249],-1.8106874132243123
10,05075,[-0.02692733  0.02430488 -0.01226792],[-0.16171662],-7.27603194207226
10,05071,[-0.02692733  0.02430488 -0.01226792],[-0.2171373],-9.848500791222527
10,05077,[-0.02692733  0.02430488 -0.01226792],[-0.34395376],-15.734956769197444
10,05079,[-0.02692733  0.02430488 -0.01226792],[-0.35682515],-16.332409519865365
10,05083,[-0.02692733  0.02430488 -0.01226792],[-0.17155165],-7.7325455657153706
10,05081,[-0.02692733  0.02430488 -0.01226792],[-0.3883229],-17.79444454821285
10,05085,[-0.02692733  0.02430488 -0.01226792],[-0.10249567],-4.527165522023807
10,05087,[-0.02692733  0.02430488 -0.01226792],[-0.41487227],-19.026790177723903
10,05089,[-0.02692733  0.02430488 -0.01226792],[-0.42419878],-19.459700050518908
10,05091,[-0.02692733  0.02430488 -0.01226792],[-0.11293492],-5.011725318227642
10,05093,[-0.02692733  0.02430488 -0.01226792],[-0.10556685],-4.6697205582620365
10,05103,[-0.02692733  0.02430488 -0.01226792],[-0.24918559],-11.336090042110325
10,05107,[-0.02692733  0.02430488 -0.01226792],[-0.17457143],-7.872715419493576
10,05111,[-0.02692733  0.02430488 -0.01226792],[-0.4013028],-18.39693436998108
10,05113,[-0.02692733  0.02430488 -0.01226792],[-0.25157092],-11.446810521556394
10,05115,[-0.02692733  0.02430488 -0.01226792],[-0.00326703],0.07874288026436373
10,05121,[-0.02692733  0.02430488 -0.01226792],[-0.24384059],-11.087990477774282
10,05119,[-0.02692733  0.02430488 -0.01226792],[-0.00706627],-0.0976069216738328
10,05123,[-0.02692733  0.02430488 -0.01226792],[-0.20996613],-9.515635536570317
10,05125,[-0.02692733  0.02430488 -0.01226792],[-0.07399437],-3.20421697526904
10,05131,[-0.02692733  0.02430488 -0.01226792],[-0.05632754],-2.3841734730851707
10,05135,[-0.02692733  0.02430488 -0.01226792],[-0.41687853],-19.119915125012216
10,05133,[-0.02692733  0.02430488 -0.01226792],[-0.27888764],-12.714773965665609
10,05139,[-0.02692733  0.02430488 -0.01226792],[-0.16849016],-7.590440020502195
10,05141,[-0.02692733  0.02430488 -0.01226792],[-0.31143546],-14.225550683029942
10,05143,[-0.02692733  0.02430488 -0.01226792],[0.02585012],1.4302775361358537
10,05145,[-0.02692733  0.02430488 -0.01226792],[-0.09015085],-3.9541543220330047
10,05149,[-0.02692733  0.02430488 -0.01226792],[-0.2992306],-13.659036127018352
10,06001,[-0.02692733  0.02430488 -0.01226792],[0.00481107],0.4537052491181205
10,06005,[-0.02692733  0.02430488 -0.01226792],[-0.05448367],-2.2985864416491215
10,06007,[-0.02692733  0.02430488 -0.01226792],[0.01420431],0.8897127514222662
10,06009,[-0.02692733  0.02430488 -0.01226792],[-0.06997751],-3.017765653185409
10,06011,[-0.02692733  0.02430488 -0.01226792],[-0.36573952],-16.746188820591957
10,06013,[-0.02692733  0.02430488 -0.01226792],[0.0080361],0.6034020719192962
10,06015,[-0.02692733  0.02430488 -0.01226792],[-0.12848955],-5.733726611743071
10,06017,[-0.02692733  0.02430488 -0.01226792],[-0.02940394],-1.1344571426124168
10,06019,[-0.02692733  0.02430488 -0.01226792],[0.00178517],0.31325190454854707
10,06021,[-0.02692733  0.02430488 -0.01226792],[-0.17378851],-7.836374438449099
10,06023,[-0.02692733  0.02430488 -0.01226792],[-0.05367586],-2.2610900021231566
10,06025,[-0.02692733  0.02430488 -0.01226792],[-0.00204611],0.13541464559466895
10,06027,[-0.02692733  0.02430488 -0.01226792],[0.08195619],4.0345600983416094
10,06029,[-0.02692733  0.02430488 -0.01226792],[-0.01240199],-0.3452756793789645
10,06031,[-0.02692733  0.02430488 -0.01226792],[0.07899051],3.8969020838126127
10,06033,[-0.02692733  0.02430488 -0.01226792],[-0.01509094],-0.4700887111687217
10,06035,[-0.02692733  0.02430488 -0.01226792],[-0.13334865],-5.959271916959396
10,06039,[-0.02692733  0.02430488 -0.01226792],[-0.01659768],-0.5400275217449103
10,06041,[-0.02692733  0.02430488 -0.01226792],[-0.01955393],-0.6772480488347186
10,06043,[-0.02692733  0.02430488 -0.01226792],[-0.19169153],-8.667380879533535
10,06045,[-0.02692733  0.02430488 -0.01226792],[-0.02642428],-0.9961500211624809
10,06047,[-0.02692733  0.02430488 -0.01226792],[0.01394247],0.8775584594283601
10,06049,[-0.02692733  0.02430488 -0.01226792],[-0.18917],-8.550339111680232
10,06053,[-0.02692733  0.02430488 -0.01226792],[-0.02196483],-0.7891551260930059
10,06055,[-0.02692733  0.02430488 -0.01226792],[-0.01373146],-0.40698570788941163
10,06057,[-0.02692733  0.02430488 -0.01226792],[-0.1103338],-4.890988963559655
10,06059,[-0.02692733  0.02430488 -0.01226792],[0.02495776],1.388857011165152
10,06061,[-0.02692733  0.02430488 -0.01226792],[0.00350268],0.39297345506235665
10,06063,[-0.02692733  0.02430488 -0.01226792],[-0.31387601],-14.338833691393111
10,06065,[-0.02692733  0.02430488 -0.01226792],[0.00478974],0.45271515353508596
10,06067,[-0.02692733  0.02430488 -0.01226792],[0.01225019],0.7990080369285798
10,06069,[-0.02692733  0.02430488 -0.01226792],[-0.05705034],-2.417723594783845
10,06071,[-0.02692733  0.02430488 -0.01226792],[0.0062415],0.5201018892809998
10,06073,[-0.02692733  0.02430488 -0.01226792],[0.00499514],0.4622495263395068
10,06075,[-0.02692733  0.02430488 -0.01226792],[0.01503513],0.928276911113368
10,06077,[-0.02692733  0.02430488 -0.01226792],[0.00555737],0.48834630051611216
10,06079,[-0.02692733  0.02430488 -0.01226792],[-0.02191149],-0.7866789733344698
10,06081,[-0.02692733  0.02430488 -0.01226792],[-0.00393074],0.04793555858364076
10,06083,[-0.02692733  0.02430488 -0.01226792],[0.0064808],0.5312095342387836
10,06085,[-0.02692733  0.02430488 -0.01226792],[0.00028772],0.2437441817975137
10,06087,[-0.02692733  0.02430488 -0.01226792],[-0.03085392],-1.2017611636814993
10,06089,[-0.02692733  0.02430488 -0.01226792],[-0.01214153],-0.33318547518340724
10,06093,[-0.02692733  0.02430488 -0.01226792],[-0.05473253],-2.310137575193186
10,06095,[-0.02692733  0.02430488 -0.01226792],[0.02925134],1.5881525372621081
10,06097,[-0.02692733  0.02430488 -0.01226792],[-0.00464404],0.014826172476996946
10,06099,[-0.02692733  0.02430488 -0.01226792],[-0.02346259],-0.8586766088687383
10,06101,[-0.02692733  0.02430488 -0.01226792],[-0.05122621],-2.1473843991738337
10,06103,[-0.02692733  0.02430488 -0.01226792],[-0.08010448],-3.487830889034083
10,06105,[-0.02692733  0.02430488 -0.01226792],[-0.32415386],-14.815902127209458
10,06107,[-0.02692733  0.02430488 -0.01226792],[-0.0111374],-0.2865768179811708
10,06109,[-0.02692733  0.02430488 -0.01226792],[-0.11829254],-5.260410530235365
10,06111,[-0.02692733  0.02430488 -0.01226792],[-0.00191832],0.14134636206627557
10,06113,[-0.02692733  0.02430488 -0.01226792],[-0.029615],-1.1442539875222635
10,06115,[-0.02692733  0.02430488 -0.01226792],[-0.13013741],-5.810215524493788
10,08001,[-0.02692733  0.02430488 -0.01226792],[0.00737325],0.5726345137062232
10,08003,[-0.02692733  0.02430488 -0.01226792],[-0.28409483],-12.95647713549588
10,08005,[-0.02692733  0.02430488 -0.01226792],[-0.01178712],-0.3167349965314589
10,08007,[-0.02692733  0.02430488 -0.01226792],[-0.16202006],-7.290116862131945
10,08013,[-0.02692733  0.02430488 -0.01226792],[-0.02153017],-0.768979364324781
10,08014,[-0.02692733  0.02430488 -0.01226792],[-0.01905287],-0.6539901012079529
10,08015,[-0.02692733  0.02430488 -0.01226792],[-0.32526163],-14.86732139762955
10,08029,[-0.02692733  0.02430488 -0.01226792],[-0.21796442],-9.886893123892467
10,08031,[-0.02692733  0.02430488 -0.01226792],[0.01752478],1.0438390413366336
10,08035,[-0.02692733  0.02430488 -0.01226792],[-0.03111761],-1.2140008492821395
10,08039,[-0.02692733  0.02430488 -0.01226792],[-0.15704263],-7.059078627072366
10,08037,[-0.02692733  0.02430488 -0.01226792],[-0.07660784],-3.3255269011899293
10,08041,[-0.02692733  0.02430488 -0.01226792],[0.01270881],0.8202955749683365
10,08043,[-0.02692733  0.02430488 -0.01226792],[-0.06342374],-2.713558521520262
10,08045,[-0.02692733  0.02430488 -0.01226792],[0.02608171],1.4410274717138885
10,08051,[-0.02692733  0.02430488 -0.01226792],[-0.31700429],-14.484039772481623
10,08059,[-0.02692733  0.02430488 -0.01226792],[0.00836386],0.618615789492968
10,08067,[-0.02692733  0.02430488 -0.01226792],[-0.16360843],-7.363844394459219
10,08069,[-0.02692733  0.02430488 -0.01226792],[-0.01799494],-0.6048844177113756
10,08071,[-0.02692733  0.02430488 -0.01226792],[-0.2798728],-12.760502332278834
10,08075,[-0.02692733  0.02430488 -0.01226792],[-0.17386872],-7.840097383917718
10,08077,[-0.02692733  0.02430488 -0.01226792],[-0.03171787],-1.2418631701918705
10,08081,[-0.02692733  0.02430488 -0.01226792],[-0.57563692],-26.489023531511375
10,08083,[-0.02692733  0.02430488 -0.01226792],[-0.17218522],-7.761954423178987
10,08085,[-0.02692733  0.02430488 -0.01226792],[-0.09335741],-4.102993839125277
10,08087,[-0.02692733  0.02430488 -0.01226792],[-0.14286028],-6.4007745263860105
10,08089,[-0.02692733  0.02430488 -0.01226792],[-0.20077563],-9.089038845200555
10,08093,[-0.02692733  0.02430488 -0.01226792],[-0.15297964],-6.870486295137906
10,08097,[-0.02692733  0.02430488 -0.01226792],[-0.18444461],-8.3310000128187
10,08099,[-0.02692733  0.02430488 -0.01226792],[-0.26653485],-12.14139296180892
10,08101,[-0.02692733  0.02430488 -0.01226792],[-0.01587288],-0.506384171854361
10,08107,[-0.02692733  0.02430488 -0.01226792],[-0.00636888],-0.06523603037338266
10,08113,[-0.02692733  0.02430488 -0.01226792],[-0.14553276],-6.52482360895452
10,08119,[-0.02692733  0.02430488 -0.01226792],[-0.0540096],-2.276581093288037
10,08117,[-0.02692733  0.02430488 -0.01226792],[-0.30683133],-14.011840101565863
10,08123,[-0.02692733  0.02430488 -0.01226792],[0.00299528],0.36942135572089074
10,09001,[-0.02692733  0.02430488 -0.01226792],[-0.00269907],0.10510631039704234
10,09003,[-0.02692733  0.02430488 -0.01226792],[0.00891037],0.6439828754789594
10,09005,[-0.02692733  0.02430488 -0.01226792],[-0.0274436],-1.0434636270335715
10,09007,[-0.02692733  0.02430488 -0.01226792],[0.09837531],4.796688870837221
10,09009,[-0.02692733  0.02430488 -0.01226792],[-0.00507377],-0.005120687793317609
10,09011,[-0.02692733  0.02430488 -0.01226792],[0.01740081],1.038084673381389
10,09015,[-0.02692733  0.02430488 -0.01226792],[0.03475478],1.8436065501049197
10,09013,[-0.02692733  0.02430488 -0.01226792],[-0.05612871],-2.3749442646042063
10,11001,[-0.02692733  0.02430488 -0.01226792],[0.0132667],0.8461912211147155
10,12001,[-0.02692733  0.02430488 -0.01226792],[0.02744727],1.5044125207246013
10,12003,[-0.02692733  0.02430488 -0.01226792],[-0.31727925],-14.496802587435328
10,12005,[-0.02692733  0.02430488 -0.01226792],[-0.0131045],-0.3778841490638763
10,12007,[-0.02692733  0.02430488 -0.01226792],[-0.35700733],-16.340866023735614
10,12009,[-0.02692733  0.02430488 -0.01226792],[0.02334014],1.3137716352955593
10,12011,[-0.02692733  0.02430488 -0.01226792],[-0.00169824],0.15156195862551353
10,12015,[-0.02692733  0.02430488 -0.01226792],[-0.06187799],-2.641809339847281
10,12017,[-0.02692733  0.02430488 -0.01226792],[-0.06717986],-2.8879070146309296
10,12019,[-0.02692733  0.02430488 -0.01226792],[0.02604913],1.4395151814707925
10,12021,[-0.02692733  0.02430488 -0.01226792],[-0.00425768],0.03276016910328269
10,12023,[-0.02692733  0.02430488 -0.01226792],[-0.15544466],-6.9849052572665435
10,12027,[-0.02692733  0.02430488 -0.01226792],[-0.05763751],-2.4449784181333545
10,12031,[-0.02692733  0.02430488 -0.01226792],[0.01236235],0.8042142636378032
10,12033,[-0.02692733  0.02430488 -0.01226792],[0.01291106],0.8296837386492487
10,12035,[-0.02692733  0.02430488 -0.01226792],[-0.06748974],-2.902290712981622
10,12037,[-0.02692733  0.02430488 -0.01226792],[-0.09968392],-4.396652097423605
10,12041,[-0.02692733  0.02430488 -0.01226792],[-0.29398724],-13.415653998780625
10,12039,[-0.02692733  0.02430488 -0.01226792],[-0.18616529],-8.410868945915977
10,12049,[-0.02692733  0.02430488 -0.01226792],[-0.17867219],-8.063060690149104
10,12051,[-0.02692733  0.02430488 -0.01226792],[-0.13904593],-6.223723589862721
10,12053,[-0.02692733  0.02430488 -0.01226792],[-0.02166865],-0.775407073221869
10,12055,[-0.02692733  0.02430488 -0.01226792],[-0.02717281],-1.0308944789960575
