src_state,tar_geoid,src_moran,tar_moran,moran_shift
16,34019,"[ 0.01144233  0.0179954  -0.17223431 -0.44793419 -0.1449724  -0.02835207
 -0.01967263 -0.27146732 -0.16045132 -0.1487259  -0.13306096 -0.24702616
 -0.00521737 -0.13403151 -0.27595096 -0.22562966 -0.0107618  -0.39315424
 -0.09737183]",[-0.04899203],0.7883250675863637
16,34021,"[ 0.01144233  0.0179954  -0.17223431 -0.44793419 -0.1449724  -0.02835207
 -0.01967263 -0.27146732 -0.16045132 -0.1487259  -0.13306096 -0.24702616
 -0.00521737 -0.13403151 -0.27595096 -0.22562966 -0.0107618  -0.39315424
 -0.09737183]",[-0.02020148],1.008820949820771
16,34023,"[ 0.01144233  0.0179954  -0.17223431 -0.44793419 -0.1449724  -0.02835207
 -0.01967263 -0.27146732 -0.16045132 -0.1487259  -0.13306096 -0.24702616
 -0.00521737 -0.13403151 -0.27595096 -0.22562966 -0.0107618  -0.39315424
 -0.09737183]",[0.00018554],1.1649573556700359
16,34025,"[ 0.01144233  0.0179954  -0.17223431 -0.44793419 -0.1449724  -0.02835207
 -0.01967263 -0.27146732 -0.16045132 -0.1487259  -0.13306096 -0.24702616
 -0.00521737 -0.13403151 -0.27595096 -0.22562966 -0.0107618  -0.39315424
 -0.09737183]",[0.0013935],1.1742086430517058
16,34027,"[ 0.01144233  0.0179954  -0.17223431 -0.44793419 -0.1449724  -0.02835207
 -0.01967263 -0.27146732 -0.16045132 -0.1487259  -0.13306096 -0.24702616
 -0.00521737 -0.13403151 -0.27595096 -0.22562966 -0.0107618  -0.39315424
 -0.09737183]",[0.00704834],1.2175168588974064
16,34029,"[ 0.01144233  0.0179954  -0.17223431 -0.44793419 -0.1449724  -0.02835207
 -0.01967263 -0.27146732 -0.16045132 -0.1487259  -0.13306096 -0.24702616
 -0.00521737 -0.13403151 -0.27595096 -0.22562966 -0.0107618  -0.39315424
 -0.09737183]",[-0.00441663],1.1297110330182667
16,34031,"[ 0.01144233  0.0179954  -0.17223431 -0.44793419 -0.1449724  -0.02835207
 -0.01967263 -0.27146732 -0.16045132 -0.1487259  -0.13306096 -0.24702616
 -0.00521737 -0.13403151 -0.27595096 -0.22562966 -0.0107618  -0.39315424
 -0.09737183]",[-0.01818112],1.024294090043478
16,34033,"[ 0.01144233  0.0179954  -0.17223431 -0.44793419 -0.1449724  -0.02835207
 -0.01967263 -0.27146732 -0.16045132 -0.1487259  -0.13306096 -0.24702616
 -0.00521737 -0.13403151 -0.27595096 -0.22562966 -0.0107618  -0.39315424
 -0.09737183]",[0.06710218],1.6774463585993262
16,34035,"[ 0.01144233  0.0179954  -0.17223431 -0.44793419 -0.1449724  -0.02835207
 -0.01967263 -0.27146732 -0.16045132 -0.1487259  -0.13306096 -0.24702616
 -0.00521737 -0.13403151 -0.27595096 -0.22562966 -0.0107618  -0.39315424
 -0.09737183]",[-0.00585429],1.1187005663837182
16,34037,"[ 0.01144233  0.0179954  -0.17223431 -0.44793419 -0.1449724  -0.02835207
 -0.01967263 -0.27146732 -0.16045132 -0.1487259  -0.13306096 -0.24702616
 -0.00521737 -0.13403151 -0.27595096 -0.22562966 -0.0107618  -0.39315424
 -0.09737183]",[0.00019775],1.165050865298959
16,34039,"[ 0.01144233  0.0179954  -0.17223431 -0.44793419 -0.1449724  -0.02835207
 -0.01967263 -0.27146732 -0.16045132 -0.1487259  -0.13306096 -0.24702616
 -0.00521737 -0.13403151 -0.27595096 -0.22562966 -0.0107618  -0.39315424
 -0.09737183]",[-0.02090516],1.0034317163999553
16,34041,"[ 0.01144233  0.0179954  -0.17223431 -0.44793419 -0.1449724  -0.02835207
 -0.01967263 -0.27146732 -0.16045132 -0.1487259  -0.13306096 -0.24702616
 -0.00521737 -0.13403151 -0.27595096 -0.22562966 -0.0107618  -0.39315424
 -0.09737183]",[-0.01082977],1.0805952719621406
16,35001,"[ 0.01144233  0.0179954  -0.17223431 -0.44793419 -0.1449724  -0.02835207
 -0.01967263 -0.27146732 -0.16045132 -0.1487259  -0.13306096 -0.24702616
 -0.00521737 -0.13403151 -0.27595096 -0.22562966 -0.0107618  -0.39315424
 -0.09737183]",[0.02046888],1.320299705855962
16,35005,"[ 0.01144233  0.0179954  -0.17223431 -0.44793419 -0.1449724  -0.02835207
 -0.01967263 -0.27146732 -0.16045132 -0.1487259  -0.13306096 -0.24702616
 -0.00521737 -0.13403151 -0.27595096 -0.22562966 -0.0107618  -0.39315424
 -0.09737183]",[-0.03137917],0.9232152756149352
16,35006,"[ 0.01144233  0.0179954  -0.17223431 -0.44793419 -0.1449724  -0.02835207
 -0.01967263 -0.27146732 -0.16045132 -0.1487259  -0.13306096 -0.24702616
 -0.00521737 -0.13403151 -0.27595096 -0.22562966 -0.0107618  -0.39315424
 -0.09737183]",[0.15292752],2.334749869959693
16,35009,"[ 0.01144233  0.0179954  -0.17223431 -0.44793419 -0.1449724  -0.02835207
 -0.01967263 -0.27146732 -0.16045132 -0.1487259  -0.13306096 -0.24702616
 -0.00521737 -0.13403151 -0.27595096 -0.22562966 -0.0107618  -0.39315424
 -0.09737183]",[-0.14750632],0.033841768122857205
16,35013,"[ 0.01144233  0.0179954  -0.17223431 -0.44793419 -0.1449724  -0.02835207
 -0.01967263 -0.27146732 -0.16045132 -0.1487259  -0.13306096 -0.24702616
 -0.00521737 -0.13403151 -0.27595096 -0.22562966 -0.0107618  -0.39315424
 -0.09737183]",[-0.02540759],0.9689493076953469
16,35015,"[ 0.01144233  0.0179954  -0.17223431 -0.44793419 -0.1449724  -0.02835207
 -0.01967263 -0.27146732 -0.16045132 -0.1487259  -0.13306096 -0.24702616
 -0.00521737 -0.13403151 -0.27595096 -0.22562966 -0.0107618  -0.39315424
 -0.09737183]",[-0.20082789],-0.3745278144064638
16,35017,"[ 0.01144233  0.0179954  -0.17223431 -0.44793419 -0.1449724  -0.02835207
 -0.01967263 -0.27146732 -0.16045132 -0.1487259  -0.13306096 -0.24702616
 -0.00521737 -0.13403151 -0.27595096 -0.22562966 -0.0107618  -0.39315424
 -0.09737183]",[-0.06591256],0.6587371794624675
16,35025,"[ 0.01144233  0.0179954  -0.17223431 -0.44793419 -0.1449724  -0.02835207
 -0.01967263 -0.27146732 -0.16045132 -0.1487259  -0.13306096 -0.24702616
 -0.00521737 -0.13403151 -0.27595096 -0.22562966 -0.0107618  -0.39315424
 -0.09737183]",[0.0855762],1.8189317537501972
16,35027,"[ 0.01144233  0.0179954  -0.17223431 -0.44793419 -0.1449724  -0.02835207
 -0.01967263 -0.27146732 -0.16045132 -0.1487259  -0.13306096 -0.24702616
 -0.00521737 -0.13403151 -0.27595096 -0.22562966 -0.0107618  -0.39315424
 -0.09737183]",[-0.51884455],-2.8100959783956307
16,35029,"[ 0.01144233  0.0179954  -0.17223431 -0.44793419 -0.1449724  -0.02835207
 -0.01967263 -0.27146732 -0.16045132 -0.1487259  -0.13306096 -0.24702616
 -0.00521737 -0.13403151 -0.27595096 -0.22562966 -0.0107618  -0.39315424
 -0.09737183]",[-0.24148163],-0.6858792659113977
16,35028,"[ 0.01144233  0.0179954  -0.17223431 -0.44793419 -0.1449724  -0.02835207
 -0.01967263 -0.27146732 -0.16045132 -0.1487259  -0.13306096 -0.24702616
 -0.00521737 -0.13403151 -0.27595096 -0.22562966 -0.0107618  -0.39315424
 -0.09737183]",[-0.44895581],-2.2748447965905414
16,35031,"[ 0.01144233  0.0179954  -0.17223431 -0.44793419 -0.1449724  -0.02835207
 -0.01967263 -0.27146732 -0.16045132 -0.1487259  -0.13306096 -0.24702616
 -0.00521737 -0.13403151 -0.27595096 -0.22562966 -0.0107618  -0.39315424
 -0.09737183]",[0.00816934],1.2261021986947394
16,35035,"[ 0.01144233  0.0179954  -0.17223431 -0.44793419 -0.1449724  -0.02835207
 -0.01967263 -0.27146732 -0.16045132 -0.1487259  -0.13306096 -0.24702616
 -0.00521737 -0.13403151 -0.27595096 -0.22562966 -0.0107618  -0.39315424
 -0.09737183]",[-0.04690832],0.8042834640207789
16,35039,"[ 0.01144233  0.0179954  -0.17223431 -0.44793419 -0.1449724  -0.02835207
 -0.01967263 -0.27146732 -0.16045132 -0.1487259  -0.13306096 -0.24702616
 -0.00521737 -0.13403151 -0.27595096 -0.22562966 -0.0107618  -0.39315424
 -0.09737183]",[-0.11627832],0.2730050688929856
16,35041,"[ 0.01144233  0.0179954  -0.17223431 -0.44793419 -0.1449724  -0.02835207
 -0.01967263 -0.27146732 -0.16045132 -0.1487259  -0.13306096 -0.24702616
 -0.00521737 -0.13403151 -0.27595096 -0.22562966 -0.0107618  -0.39315424
 -0.09737183]",[-0.32508994],-1.326203399415163
16,35043,"[ 0.01144233  0.0179954  -0.17223431 -0.44793419 -0.1449724  -0.02835207
 -0.01967263 -0.27146732 -0.16045132 -0.1487259  -0.13306096 -0.24702616
 -0.00521737 -0.13403151 -0.27595096 -0.22562966 -0.0107618  -0.39315424
 -0.09737183]",[-0.09265363],0.4539375373011032
16,35047,"[ 0.01144233  0.0179954  -0.17223431 -0.44793419 -0.1449724  -0.02835207
 -0.01967263 -0.27146732 -0.16045132 -0.1487259  -0.13306096 -0.24702616
 -0.00521737 -0.13403151 -0.27595096 -0.22562966 -0.0107618  -0.39315424
 -0.09737183]",[-0.25684164],-0.8035157167411671
16,35045,"[ 0.01144233  0.0179954  -0.17223431 -0.44793419 -0.1449724  -0.02835207
 -0.01967263 -0.27146732 -0.16045132 -0.1487259  -0.13306096 -0.24702616
 -0.00521737 -0.13403151 -0.27595096 -0.22562966 -0.0107618  -0.39315424
 -0.09737183]",[-0.05521813],0.740641796434752
16,35049,"[ 0.01144233  0.0179954  -0.17223431 -0.44793419 -0.1449724  -0.02835207
 -0.01967263 -0.27146732 -0.16045132 -0.1487259  -0.13306096 -0.24702616
 -0.00521737 -0.13403151 -0.27595096 -0.22562966 -0.0107618  -0.39315424
 -0.09737183]",[0.01729221],1.295970762009444
16,35051,"[ 0.01144233  0.0179954  -0.17223431 -0.44793419 -0.1449724  -0.02835207
 -0.01967263 -0.27146732 -0.16045132 -0.1487259  -0.13306096 -0.24702616
 -0.00521737 -0.13403151 -0.27595096 -0.22562966 -0.0107618  -0.39315424
 -0.09737183]",[-0.07554719],0.5849492651045737
16,35053,"[ 0.01144233  0.0179954  -0.17223431 -0.44793419 -0.1449724  -0.02835207
 -0.01967263 -0.27146732 -0.16045132 -0.1487259  -0.13306096 -0.24702616
 -0.00521737 -0.13403151 -0.27595096 -0.22562966 -0.0107618  -0.39315424
 -0.09737183]",[-0.07309537],0.6037268048522658
16,35057,"[ 0.01144233  0.0179954  -0.17223431 -0.44793419 -0.1449724  -0.02835207
 -0.01967263 -0.27146732 -0.16045132 -0.1487259  -0.13306096 -0.24702616
 -0.00521737 -0.13403151 -0.27595096 -0.22562966 -0.0107618  -0.39315424
 -0.09737183]",[-0.40421718],-1.9322087203925589
16,35055,"[ 0.01144233  0.0179954  -0.17223431 -0.44793419 -0.1449724  -0.02835207
 -0.01967263 -0.27146732 -0.16045132 -0.1487259  -0.13306096 -0.24702616
 -0.00521737 -0.13403151 -0.27595096 -0.22562966 -0.0107618  -0.39315424
 -0.09737183]",[-0.15186857],0.000432972659500845
16,35061,"[ 0.01144233  0.0179954  -0.17223431 -0.44793419 -0.1449724  -0.02835207
 -0.01967263 -0.27146732 -0.16045132 -0.1487259  -0.13306096 -0.24702616
 -0.00521737 -0.13403151 -0.27595096 -0.22562966 -0.0107618  -0.39315424
 -0.09737183]",[-0.12145996],0.23332089241510584
16,36001,"[ 0.01144233  0.0179954  -0.17223431 -0.44793419 -0.1449724  -0.02835207
 -0.01967263 -0.27146732 -0.16045132 -0.1487259  -0.13306096 -0.24702616
 -0.00521737 -0.13403151 -0.27595096 -0.22562966 -0.0107618  -0.39315424
 -0.09737183]",[-0.02666149],0.9593461525003806
16,36003,"[ 0.01144233  0.0179954  -0.17223431 -0.44793419 -0.1449724  -0.02835207
 -0.01967263 -0.27146732 -0.16045132 -0.1487259  -0.13306096 -0.24702616
 -0.00521737 -0.13403151 -0.27595096 -0.22562966 -0.0107618  -0.39315424
 -0.09737183]",[-0.16494376],-0.09970493596557493
16,36005,"[ 0.01144233  0.0179954  -0.17223431 -0.44793419 -0.1449724  -0.02835207
 -0.01967263 -0.27146732 -0.16045132 -0.1487259  -0.13306096 -0.24702616
 -0.00521737 -0.13403151 -0.27595096 -0.22562966 -0.0107618  -0.39315424
 -0.09737183]",[-0.0046375],1.1280194741826275
16,36007,"[ 0.01144233  0.0179954  -0.17223431 -0.44793419 -0.1449724  -0.02835207
 -0.01967263 -0.27146732 -0.16045132 -0.1487259  -0.13306096 -0.24702616
 -0.00521737 -0.13403151 -0.27595096 -0.22562966 -0.0107618  -0.39315424
 -0.09737183]",[-0.01319803],1.0624576639897239
16,36009,"[ 0.01144233  0.0179954  -0.17223431 -0.44793419 -0.1449724  -0.02835207
 -0.01967263 -0.27146732 -0.16045132 -0.1487259  -0.13306096 -0.24702616
 -0.00521737 -0.13403151 -0.27595096 -0.22562966 -0.0107618  -0.39315424
 -0.09737183]",[-0.01873715],1.0200357017050325
16,36011,"[ 0.01144233  0.0179954  -0.17223431 -0.44793419 -0.1449724  -0.02835207
 -0.01967263 -0.27146732 -0.16045132 -0.1487259  -0.13306096 -0.24702616
 -0.00521737 -0.13403151 -0.27595096 -0.22562966 -0.0107618  -0.39315424
 -0.09737183]",[-0.10379011],0.3686475443340396
16,36015,"[ 0.01144233  0.0179954  -0.17223431 -0.44793419 -0.1449724  -0.02835207
 -0.01967263 -0.27146732 -0.16045132 -0.1487259  -0.13306096 -0.24702616
 -0.00521737 -0.13403151 -0.27595096 -0.22562966 -0.0107618  -0.39315424
 -0.09737183]",[-0.03479666],0.8970420067705677
16,36013,"[ 0.01144233  0.0179954  -0.17223431 -0.44793419 -0.1449724  -0.02835207
 -0.01967263 -0.27146732 -0.16045132 -0.1487259  -0.13306096 -0.24702616
 -0.00521737 -0.13403151 -0.27595096 -0.22562966 -0.0107618  -0.39315424
 -0.09737183]",[-0.06761235],0.6457191865962099
16,36017,"[ 0.01144233  0.0179954  -0.17223431 -0.44793419 -0.1449724  -0.02835207
 -0.01967263 -0.27146732 -0.16045132 -0.1487259  -0.13306096 -0.24702616
 -0.00521737 -0.13403151 -0.27595096 -0.22562966 -0.0107618  -0.39315424
 -0.09737183]",[-0.04774504],0.7978753104434474
16,36019,"[ 0.01144233  0.0179954  -0.17223431 -0.44793419 -0.1449724  -0.02835207
 -0.01967263 -0.27146732 -0.16045132 -0.1487259  -0.13306096 -0.24702616
 -0.00521737 -0.13403151 -0.27595096 -0.22562966 -0.0107618  -0.39315424
 -0.09737183]",[-0.0705203],0.6234483089512851
16,36021,"[ 0.01144233  0.0179954  -0.17223431 -0.44793419 -0.1449724  -0.02835207
 -0.01967263 -0.27146732 -0.16045132 -0.1487259  -0.13306096 -0.24702616
 -0.00521737 -0.13403151 -0.27595096 -0.22562966 -0.0107618  -0.39315424
 -0.09737183]",[-0.06293538],0.6815383122521644
16,36023,"[ 0.01144233  0.0179954  -0.17223431 -0.44793419 -0.1449724  -0.02835207
 -0.01967263 -0.27146732 -0.16045132 -0.1487259  -0.13306096 -0.24702616
 -0.00521737 -0.13403151 -0.27595096 -0.22562966 -0.0107618  -0.39315424
 -0.09737183]",[-0.05523447],0.7405165944149475
16,36025,"[ 0.01144233  0.0179954  -0.17223431 -0.44793419 -0.1449724  -0.02835207
 -0.01967263 -0.27146732 -0.16045132 -0.1487259  -0.13306096 -0.24702616
 -0.00521737 -0.13403151 -0.27595096 -0.22562966 -0.0107618  -0.39315424
 -0.09737183]",[-0.06890408],0.6358262815873662
16,36027,"[ 0.01144233  0.0179954  -0.17223431 -0.44793419 -0.1449724  -0.02835207
 -0.01967263 -0.27146732 -0.16045132 -0.1487259  -0.13306096 -0.24702616
 -0.00521737 -0.13403151 -0.27595096 -0.22562966 -0.0107618  -0.39315424
 -0.09737183]",[-0.0230643],0.9868956438148645
16,36029,"[ 0.01144233  0.0179954  -0.17223431 -0.44793419 -0.1449724  -0.02835207
 -0.01967263 -0.27146732 -0.16045132 -0.1487259  -0.13306096 -0.24702616
 -0.00521737 -0.13403151 -0.27595096 -0.22562966 -0.0107618  -0.39315424
 -0.09737183]",[0.01094109],1.2473299828879265
16,36033,"[ 0.01144233  0.0179954  -0.17223431 -0.44793419 -0.1449724  -0.02835207
 -0.01967263 -0.27146732 -0.16045132 -0.1487259  -0.13306096 -0.24702616
 -0.00521737 -0.13403151 -0.27595096 -0.22562966 -0.0107618  -0.39315424
 -0.09737183]",[-0.1006778],0.3924835407236018
16,36031,"[ 0.01144233  0.0179954  -0.17223431 -0.44793419 -0.1449724  -0.02835207
 -0.01967263 -0.27146732 -0.16045132 -0.1487259  -0.13306096 -0.24702616
 -0.00521737 -0.13403151 -0.27595096 -0.22562966 -0.0107618  -0.39315424
 -0.09737183]",[-0.05110787],0.7721206601060923
16,36035,"[ 0.01144233  0.0179954  -0.17223431 -0.44793419 -0.1449724  -0.02835207
 -0.01967263 -0.27146732 -0.16045132 -0.1487259  -0.13306096 -0.24702616
 -0.00521737 -0.13403151 -0.27595096 -0.22562966 -0.0107618  -0.39315424
 -0.09737183]",[-0.08645956],0.5013756150468937
16,36037,"[ 0.01144233  0.0179954  -0.17223431 -0.44793419 -0.1449724  -0.02835207
 -0.01967263 -0.27146732 -0.16045132 -0.1487259  -0.13306096 -0.24702616
 -0.00521737 -0.13403151 -0.27595096 -0.22562966 -0.0107618  -0.39315424
 -0.09737183]",[-0.05941227],0.7085204301420907
16,36039,"[ 0.01144233  0.0179954  -0.17223431 -0.44793419 -0.1449724  -0.02835207
 -0.01967263 -0.27146732 -0.16045132 -0.1487259  -0.13306096 -0.24702616
 -0.00521737 -0.13403151 -0.27595096 -0.22562966 -0.0107618  -0.39315424
 -0.09737183]",[-0.06063665],0.6991434024421509
16,36041,"[ 0.01144233  0.0179954  -0.17223431 -0.44793419 -0.1449724  -0.02835207
 -0.01967263 -0.27146732 -0.16045132 -0.1487259  -0.13306096 -0.24702616
 -0.00521737 -0.13403151 -0.27595096 -0.22562966 -0.0107618  -0.39315424
 -0.09737183]",[-0.37236004],-1.6882270590570803
16,36043,"[ 0.01144233  0.0179954  -0.17223431 -0.44793419 -0.1449724  -0.02835207
 -0.01967263 -0.27146732 -0.16045132 -0.1487259  -0.13306096 -0.24702616
 -0.00521737 -0.13403151 -0.27595096 -0.22562966 -0.0107618  -0.39315424
 -0.09737183]",[-0.07679769],0.5753721771094344
16,36045,"[ 0.01144233  0.0179954  -0.17223431 -0.44793419 -0.1449724  -0.02835207
 -0.01967263 -0.27146732 -0.16045132 -0.1487259  -0.13306096 -0.24702616
 -0.00521737 -0.13403151 -0.27595096 -0.22562966 -0.0107618  -0.39315424
 -0.09737183]",[-0.00211864],1.147310450472548
16,36047,"[ 0.01144233  0.0179954  -0.17223431 -0.44793419 -0.1449724  -0.02835207
 -0.01967263 -0.27146732 -0.16045132 -0.1487259  -0.13306096 -0.24702616
 -0.00521737 -0.13403151 -0.27595096 -0.22562966 -0.0107618  -0.39315424
 -0.09737183]",[0.00894581],1.2320489223456708
16,36049,"[ 0.01144233  0.0179954  -0.17223431 -0.44793419 -0.1449724  -0.02835207
 -0.01967263 -0.27146732 -0.16045132 -0.1487259  -0.13306096 -0.24702616
 -0.00521737 -0.13403151 -0.27595096 -0.22562966 -0.0107618  -0.39315424
 -0.09737183]",[-0.19643788],-0.34090636108841726
16,36051,"[ 0.01144233  0.0179954  -0.17223431 -0.44793419 -0.1449724  -0.02835207
 -0.01967263 -0.27146732 -0.16045132 -0.1487259  -0.13306096 -0.24702616
 -0.00521737 -0.13403151 -0.27595096 -0.22562966 -0.0107618  -0.39315424
 -0.09737183]",[-0.06205662],0.6882683891567394
16,36055,"[ 0.01144233  0.0179954  -0.17223431 -0.44793419 -0.1449724  -0.02835207
 -0.01967263 -0.27146732 -0.16045132 -0.1487259  -0.13306096 -0.24702616
 -0.00521737 -0.13403151 -0.27595096 -0.22562966 -0.0107618  -0.39315424
 -0.09737183]",[0.01081274],1.2463470253253783
16,36057,"[ 0.01144233  0.0179954  -0.17223431 -0.44793419 -0.1449724  -0.02835207
 -0.01967263 -0.27146732 -0.16045132 -0.1487259  -0.13306096 -0.24702616
 -0.00521737 -0.13403151 -0.27595096 -0.22562966 -0.0107618  -0.39315424
 -0.09737183]",[-0.05574504],0.7366063835124246
16,36059,"[ 0.01144233  0.0179954  -0.17223431 -0.44793419 -0.1449724  -0.02835207
 -0.01967263 -0.27146732 -0.16045132 -0.1487259  -0.13306096 -0.24702616
 -0.00521737 -0.13403151 -0.27595096 -0.22562966 -0.0107618  -0.39315424
 -0.09737183]",[0.00599637],1.2094602315673957
16,36061,"[ 0.01144233  0.0179954  -0.17223431 -0.44793419 -0.1449724  -0.02835207
 -0.01967263 -0.27146732 -0.16045132 -0.1487259  -0.13306096 -0.24702616
 -0.00521737 -0.13403151 -0.27595096 -0.22562966 -0.0107618  -0.39315424
 -0.09737183]",[0.01487785],1.277480082533342
16,36063,"[ 0.01144233  0.0179954  -0.17223431 -0.44793419 -0.1449724  -0.02835207
 -0.01967263 -0.27146732 -0.16045132 -0.1487259  -0.13306096 -0.24702616
 -0.00521737 -0.13403151 -0.27595096 -0.22562966 -0.0107618  -0.39315424
 -0.09737183]",[-0.03692832],0.8807164131753467
16,36067,"[ 0.01144233  0.0179954  -0.17223431 -0.44793419 -0.1449724  -0.02835207
 -0.01967263 -0.27146732 -0.16045132 -0.1487259  -0.13306096 -0.24702616
 -0.00521737 -0.13403151 -0.27595096 -0.22562966 -0.0107618  -0.39315424
 -0.09737183]",[0.00864976],1.2297815547389626
16,36069,"[ 0.01144233  0.0179954  -0.17223431 -0.44793419 -0.1449724  -0.02835207
 -0.01967263 -0.27146732 -0.16045132 -0.1487259  -0.13306096 -0.24702616
 -0.00521737 -0.13403151 -0.27595096 -0.22562966 -0.0107618  -0.39315424
 -0.09737183]",[-0.08952649],0.4778871011677165
16,36071,"[ 0.01144233  0.0179954  -0.17223431 -0.44793419 -0.1449724  -0.02835207
 -0.01967263 -0.27146732 -0.16045132 -0.1487259  -0.13306096 -0.24702616
 -0.00521737 -0.13403151 -0.27595096 -0.22562966 -0.0107618  -0.39315424
 -0.09737183]",[-0.01699582],1.0333718179605291
16,36073,"[ 0.01144233  0.0179954  -0.17223431 -0.44793419 -0.1449724  -0.02835207
 -0.01967263 -0.27146732 -0.16045132 -0.1487259  -0.13306096 -0.24702616
 -0.00521737 -0.13403151 -0.27595096 -0.22562966 -0.0107618  -0.39315424
 -0.09737183]",[-0.16828543],-0.12529750586613633
16,36075,"[ 0.01144233  0.0179954  -0.17223431 -0.44793419 -0.1449724  -0.02835207
 -0.01967263 -0.27146732 -0.16045132 -0.1487259  -0.13306096 -0.24702616
 -0.00521737 -0.13403151 -0.27595096 -0.22562966 -0.0107618  -0.39315424
 -0.09737183]",[-0.05308748],0.7569595667969286
16,36077,"[ 0.01144233  0.0179954  -0.17223431 -0.44793419 -0.1449724  -0.02835207
 -0.01967263 -0.27146732 -0.16045132 -0.1487259  -0.13306096 -0.24702616
 -0.00521737 -0.13403151 -0.27595096 -0.22562966 -0.0107618  -0.39315424
 -0.09737183]",[0.05579189],1.590825164862885
16,36079,"[ 0.01144233  0.0179954  -0.17223431 -0.44793419 -0.1449724  -0.02835207
 -0.01967263 -0.27146732 -0.16045132 -0.1487259  -0.13306096 -0.24702616
 -0.00521737 -0.13403151 -0.27595096 -0.22562966 -0.0107618  -0.39315424
 -0.09737183]",[0.01542109],1.281640570948468
16,36081,"[ 0.01144233  0.0179954  -0.17223431 -0.44793419 -0.1449724  -0.02835207
 -0.01967263 -0.27146732 -0.16045132 -0.1487259  -0.13306096 -0.24702616
 -0.00521737 -0.13403151 -0.27595096 -0.22562966 -0.0107618  -0.39315424
 -0.09737183]",[-0.00071091],1.158091723123154
16,36083,"[ 0.01144233  0.0179954  -0.17223431 -0.44793419 -0.1449724  -0.02835207
 -0.01967263 -0.27146732 -0.16045132 -0.1487259  -0.13306096 -0.24702616
 -0.00521737 -0.13403151 -0.27595096 -0.22562966 -0.0107618  -0.39315424
 -0.09737183]",[0.00448442],1.1978807728567014
16,36085,"[ 0.01144233  0.0179954  -0.17223431 -0.44793419 -0.1449724  -0.02835207
 -0.01967263 -0.27146732 -0.16045132 -0.1487259  -0.13306096 -0.24702616
 -0.00521737 -0.13403151 -0.27595096 -0.22562966 -0.0107618  -0.39315424
 -0.09737183]",[-0.01274503],1.0659269955030037
16,36087,"[ 0.01144233  0.0179954  -0.17223431 -0.44793419 -0.1449724  -0.02835207
 -0.01967263 -0.27146732 -0.16045132 -0.1487259  -0.13306096 -0.24702616
 -0.00521737 -0.13403151 -0.27595096 -0.22562966 -0.0107618  -0.39315424
 -0.09737183]",[0.02120967],1.325973145956541
16,36089,"[ 0.01144233  0.0179954  -0.17223431 -0.44793419 -0.1449724  -0.02835207
 -0.01967263 -0.27146732 -0.16045132 -0.1487259  -0.13306096 -0.24702616
 -0.00521737 -0.13403151 -0.27595096 -0.22562966 -0.0107618  -0.39315424
 -0.09737183]",[-0.0432701],0.832147146083271
16,36091,"[ 0.01144233  0.0179954  -0.17223431 -0.44793419 -0.1449724  -0.02835207
 -0.01967263 -0.27146732 -0.16045132 -0.1487259  -0.13306096 -0.24702616
 -0.00521737 -0.13403151 -0.27595096 -0.22562966 -0.0107618  -0.39315424
 -0.09737183]",[0.01239206],1.258442392588046
16,36093,"[ 0.01144233  0.0179954  -0.17223431 -0.44793419 -0.1449724  -0.02835207
 -0.01967263 -0.27146732 -0.16045132 -0.1487259  -0.13306096 -0.24702616
 -0.00521737 -0.13403151 -0.27595096 -0.22562966 -0.0107618  -0.39315424
 -0.09737183]",[0.01215869],1.2566551032593376
16,36095,"[ 0.01144233  0.0179954  -0.17223431 -0.44793419 -0.1449724  -0.02835207
 -0.01967263 -0.27146732 -0.16045132 -0.1487259  -0.13306096 -0.24702616
 -0.00521737 -0.13403151 -0.27595096 -0.22562966 -0.0107618  -0.39315424
 -0.09737183]",[-0.14394695],0.061101633460110834
16,36097,"[ 0.01144233  0.0179954  -0.17223431 -0.44793419 -0.1449724  -0.02835207
 -0.01967263 -0.27146732 -0.16045132 -0.1487259  -0.13306096 -0.24702616
 -0.00521737 -0.13403151 -0.27595096 -0.22562966 -0.0107618  -0.39315424
 -0.09737183]",[-0.31047848],-1.2142997712382806
16,36099,"[ 0.01144233  0.0179954  -0.17223431 -0.44793419 -0.1449724  -0.02835207
 -0.01967263 -0.27146732 -0.16045132 -0.1487259  -0.13306096 -0.24702616
 -0.00521737 -0.13403151 -0.27595096 -0.22562966 -0.0107618  -0.39315424
 -0.09737183]",[-0.16315396],-0.0859975465738149
16,36101,"[ 0.01144233  0.0179954  -0.17223431 -0.44793419 -0.1449724  -0.02835207
 -0.01967263 -0.27146732 -0.16045132 -0.1487259  -0.13306096 -0.24702616
 -0.00521737 -0.13403151 -0.27595096 -0.22562966 -0.0107618  -0.39315424
 -0.09737183]",[-0.05888485],0.7125597711801595
16,36103,"[ 0.01144233  0.0179954  -0.17223431 -0.44793419 -0.1449724  -0.02835207
 -0.01967263 -0.27146732 -0.16045132 -0.1487259  -0.13306096 -0.24702616
 -0.00521737 -0.13403151 -0.27595096 -0.22562966 -0.0107618  -0.39315424
 -0.09737183]",[0.01429867],1.273044397944163
16,36105,"[ 0.01144233  0.0179954  -0.17223431 -0.44793419 -0.1449724  -0.02835207
 -0.01967263 -0.27146732 -0.16045132 -0.1487259  -0.13306096 -0.24702616
 -0.00521737 -0.13403151 -0.27595096 -0.22562966 -0.0107618  -0.39315424
 -0.09737183]",[-0.05442393],0.7467242152763746
16,36107,"[ 0.01144233  0.0179954  -0.17223431 -0.44793419 -0.1449724  -0.02835207
 -0.01967263 -0.27146732 -0.16045132 -0.1487259  -0.13306096 -0.24702616
 -0.00521737 -0.13403151 -0.27595096 -0.22562966 -0.0107618  -0.39315424
 -0.09737183]",[-0.04836432],0.7931325072253805
16,36109,"[ 0.01144233  0.0179954  -0.17223431 -0.44793419 -0.1449724  -0.02835207
 -0.01967263 -0.27146732 -0.16045132 -0.1487259  -0.13306096 -0.24702616
 -0.00521737 -0.13403151 -0.27595096 -0.22562966 -0.0107618  -0.39315424
 -0.09737183]",[-0.04991596],0.7812490403425714
16,36111,"[ 0.01144233  0.0179954  -0.17223431 -0.44793419 -0.1449724  -0.02835207
 -0.01967263 -0.27146732 -0.16045132 -0.1487259  -0.13306096 -0.24702616
 -0.00521737 -0.13403151 -0.27595096 -0.22562966 -0.0107618  -0.39315424
 -0.09737183]",[-0.00514307],1.1241475016090534
16,36113,"[ 0.01144233  0.0179954  -0.17223431 -0.44793419 -0.1449724  -0.02835207
 -0.01967263 -0.27146732 -0.16045132 -0.1487259  -0.13306096 -0.24702616
 -0.00521737 -0.13403151 -0.27595096 -0.22562966 -0.0107618  -0.39315424
 -0.09737183]",[0.11427311],2.038710483413993
16,36115,"[ 0.01144233  0.0179954  -0.17223431 -0.44793419 -0.1449724  -0.02835207
 -0.01967263 -0.27146732 -0.16045132 -0.1487259  -0.13306096 -0.24702616
 -0.00521737 -0.13403151 -0.27595096 -0.22562966 -0.0107618  -0.39315424
 -0.09737183]",[-0.07438491],0.5938506994089794
16,36117,"[ 0.01144233  0.0179954  -0.17223431 -0.44793419 -0.1449724  -0.02835207
 -0.01967263 -0.27146732 -0.16045132 -0.1487259  -0.13306096 -0.24702616
 -0.00521737 -0.13403151 -0.27595096 -0.22562966 -0.0107618  -0.39315424
 -0.09737183]",[-0.01761556],1.028625524441521
16,36119,"[ 0.01144233  0.0179954  -0.17223431 -0.44793419 -0.1449724  -0.02835207
 -0.01967263 -0.27146732 -0.16045132 -0.1487259  -0.13306096 -0.24702616
 -0.00521737 -0.13403151 -0.27595096 -0.22562966 -0.0107618  -0.39315424
 -0.09737183]",[-0.00479155],1.1268396877094136
16,36121,"[ 0.01144233  0.0179954  -0.17223431 -0.44793419 -0.1449724  -0.02835207
 -0.01967263 -0.27146732 -0.16045132 -0.1487259  -0.13306096 -0.24702616
 -0.00521737 -0.13403151 -0.27595096 -0.22562966 -0.0107618  -0.39315424
 -0.09737183]",[-0.04488699],0.8197640079565196
16,36123,"[ 0.01144233  0.0179954  -0.17223431 -0.44793419 -0.1449724  -0.02835207
 -0.01967263 -0.27146732 -0.16045132 -0.1487259  -0.13306096 -0.24702616
 -0.00521737 -0.13403151 -0.27595096 -0.22562966 -0.0107618  -0.39315424
 -0.09737183]",[-0.30725541],-1.1896155372277744
16,37001,"[ 0.01144233  0.0179954  -0.17223431 -0.44793419 -0.1449724  -0.02835207
 -0.01967263 -0.27146732 -0.16045132 -0.1487259  -0.13306096 -0.24702616
 -0.00521737 -0.13403151 -0.27595096 -0.22562966 -0.0107618  -0.39315424
 -0.09737183]",[-0.04774845],0.7978492031057585
16,37003,"[ 0.01144233  0.0179954  -0.17223431 -0.44793419 -0.1449724  -0.02835207
 -0.01967263 -0.27146732 -0.16045132 -0.1487259  -0.13306096 -0.24702616
 -0.00521737 -0.13403151 -0.27595096 -0.22562966 -0.0107618  -0.39315424
 -0.09737183]",[-0.12913278],0.1745576732199958
16,37007,"[ 0.01144233  0.0179954  -0.17223431 -0.44793419 -0.1449724  -0.02835207
 -0.01967263 -0.27146732 -0.16045132 -0.1487259  -0.13306096 -0.24702616
 -0.00521737 -0.13403151 -0.27595096 -0.22562966 -0.0107618  -0.39315424
 -0.09737183]",[-0.23534212],-0.6388591242042543
16,37009,"[ 0.01144233  0.0179954  -0.17223431 -0.44793419 -0.1449724  -0.02835207
 -0.01967263 -0.27146732 -0.16045132 -0.1487259  -0.13306096 -0.24702616
 -0.00521737 -0.13403151 -0.27595096 -0.22562966 -0.0107618  -0.39315424
 -0.09737183]",[-0.18240872],-0.2334624167515634
16,37011,"[ 0.01144233  0.0179954  -0.17223431 -0.44793419 -0.1449724  -0.02835207
 -0.01967263 -0.27146732 -0.16045132 -0.1487259  -0.13306096 -0.24702616
 -0.00521737 -0.13403151 -0.27595096 -0.22562966 -0.0107618  -0.39315424
 -0.09737183]",[-0.29427368],-1.0901933979461527
16,37013,"[ 0.01144233  0.0179954  -0.17223431 -0.44793419 -0.1449724  -0.02835207
 -0.01967263 -0.27146732 -0.16045132 -0.1487259  -0.13306096 -0.24702616
 -0.00521737 -0.13403151 -0.27595096 -0.22562966 -0.0107618  -0.39315424
 -0.09737183]",[-0.1638171],-0.0910762804060401
16,37015,"[ 0.01144233  0.0179954  -0.17223431 -0.44793419 -0.1449724  -0.02835207
 -0.01967263 -0.27146732 -0.16045132 -0.1487259  -0.13306096 -0.24702616
 -0.00521737 -0.13403151 -0.27595096 -0.22562966 -0.0107618  -0.39315424
 -0.09737183]",[-0.15117336],0.0057572677677851375
16,37017,"[ 0.01144233  0.0179954  -0.17223431 -0.44793419 -0.1449724  -0.02835207
 -0.01967263 -0.27146732 -0.16045132 -0.1487259  -0.13306096 -0.24702616
 -0.00521737 -0.13403151 -0.27595096 -0.22562966 -0.0107618  -0.39315424
 -0.09737183]",[-0.2052943],-0.4087343496256934
16,37019,"[ 0.01144233  0.0179954  -0.17223431 -0.44793419 -0.1449724  -0.02835207
 -0.01967263 -0.27146732 -0.16045132 -0.1487259  -0.13306096 -0.24702616
 -0.00521737 -0.13403151 -0.27595096 -0.22562966 -0.0107618  -0.39315424
 -0.09737183]",[-0.05845668],0.715838929247158
16,37021,"[ 0.01144233  0.0179954  -0.17223431 -0.44793419 -0.1449724  -0.02835207
 -0.01967263 -0.27146732 -0.16045132 -0.1487259  -0.13306096 -0.24702616
 -0.00521737 -0.13403151 -0.27595096 -0.22562966 -0.0107618  -0.39315424
 -0.09737183]",[0.00387623],1.1932229199153037
16,37023,"[ 0.01144233  0.0179954  -0.17223431 -0.44793419 -0.1449724  -0.02835207
 -0.01967263 -0.27146732 -0.16045132 -0.1487259  -0.13306096 -0.24702616
 -0.00521737 -0.13403151 -0.27595096 -0.22562966 -0.0107618  -0.39315424
 -0.09737183]",[-0.06909652],0.6343524660748429
16,37025,"[ 0.01144233  0.0179954  -0.17223431 -0.44793419 -0.1449724  -0.02835207
 -0.01967263 -0.27146732 -0.16045132 -0.1487259  -0.13306096 -0.24702616
 -0.00521737 -0.13403151 -0.27595096 -0.22562966 -0.0107618  -0.39315424
 -0.09737183]",[0.02756449],1.3746422575979313
16,37027,"[ 0.01144233  0.0179954  -0.17223431 -0.44793419 -0.1449724  -0.02835207
 -0.01967263 -0.27146732 -0.16045132 -0.1487259  -0.13306096 -0.24702616
 -0.00521737 -0.13403151 -0.27595096 -0.22562966 -0.0107618  -0.39315424
 -0.09737183]",[-0.09464016],0.4387235163389531
16,37031,"[ 0.01144233  0.0179954  -0.17223431 -0.44793419 -0.1449724  -0.02835207
 -0.01967263 -0.27146732 -0.16045132 -0.1487259  -0.13306096 -0.24702616
 -0.00521737 -0.13403151 -0.27595096 -0.22562966 -0.0107618  -0.39315424
 -0.09737183]",[-0.02628418],0.9622358197114945
16,37033,"[ 0.01144233  0.0179954  -0.17223431 -0.44793419 -0.1449724  -0.02835207
 -0.01967263 -0.27146732 -0.16045132 -0.1487259  -0.13306096 -0.24702616
 -0.00521737 -0.13403151 -0.27595096 -0.22562966 -0.0107618  -0.39315424
 -0.09737183]",[-0.25960426],-0.8246735473898921
16,37035,"[ 0.01144233  0.0179954  -0.17223431 -0.44793419 -0.1449724  -0.02835207
 -0.01967263 -0.27146732 -0.16045132 -0.1487259  -0.13306096 -0.24702616
 -0.00521737 -0.13403151 -0.27595096 -0.22562966 -0.0107618  -0.39315424
 -0.09737183]",[0.00636201],1.2122605742610173
16,37037,"[ 0.01144233  0.0179954  -0.17223431 -0.44793419 -0.1449724  -0.02835207
 -0.01967263 -0.27146732 -0.16045132 -0.1487259  -0.13306096 -0.24702616
 -0.00521737 -0.13403151 -0.27595096 -0.22562966 -0.0107618  -0.39315424
 -0.09737183]",[-0.03411463],0.9022654409117418
16,37039,"[ 0.01144233  0.0179954  -0.17223431 -0.44793419 -0.1449724  -0.02835207
 -0.01967263 -0.27146732 -0.16045132 -0.1487259  -0.13306096 -0.24702616
 -0.00521737 -0.13403151 -0.27595096 -0.22562966 -0.0107618  -0.39315424
 -0.09737183]",[-0.14043355],0.08800940270459173
16,37047,"[ 0.01144233  0.0179954  -0.17223431 -0.44793419 -0.1449724  -0.02835207
 -0.01967263 -0.27146732 -0.16045132 -0.1487259  -0.13306096 -0.24702616
 -0.00521737 -0.13403151 -0.27595096 -0.22562966 -0.0107618  -0.39315424
 -0.09737183]",[-0.12621571],0.19689838906371135
16,37045,"[ 0.01144233  0.0179954  -0.17223431 -0.44793419 -0.1449724  -0.02835207
 -0.01967263 -0.27146732 -0.16045132 -0.1487259  -0.13306096 -0.24702616
 -0.00521737 -0.13403151 -0.27595096 -0.22562966 -0.0107618  -0.39315424
 -0.09737183]",[0.04662044],1.5205845325960299
16,37049,"[ 0.01144233  0.0179954  -0.17223431 -0.44793419 -0.1449724  -0.02835207
 -0.01967263 -0.27146732 -0.16045132 -0.1487259  -0.13306096 -0.24702616
 -0.00521737 -0.13403151 -0.27595096 -0.22562966 -0.0107618  -0.39315424
 -0.09737183]",[-0.09043212],0.4709512535012442
16,37051,"[ 0.01144233  0.0179954  -0.17223431 -0.44793419 -0.1449724  -0.02835207
 -0.01967263 -0.27146732 -0.16045132 -0.1487259  -0.13306096 -0.24702616
 -0.00521737 -0.13403151 -0.27595096 -0.22562966 -0.0107618  -0.39315424
 -0.09737183]",[0.03183924],1.4073809118845437
16,37053,"[ 0.01144233  0.0179954  -0.17223431 -0.44793419 -0.1449724  -0.02835207
 -0.01967263 -0.27146732 -0.16045132 -0.1487259  -0.13306096 -0.24702616
 -0.00521737 -0.13403151 -0.27595096 -0.22562966 -0.0107618  -0.39315424
 -0.09737183]",[-0.19816371],-0.3541238911547156
16,37055,"[ 0.01144233  0.0179954  -0.17223431 -0.44793419 -0.1449724  -0.02835207
 -0.01967263 -0.27146732 -0.16045132 -0.1487259  -0.13306096 -0.24702616
 -0.00521737 -0.13403151 -0.27595096 -0.22562966 -0.0107618  -0.39315424
 -0.09737183]",[0.09185214],1.866996827798476
16,37059,"[ 0.01144233  0.0179954  -0.17223431 -0.44793419 -0.1449724  -0.02835207
 -0.01967263 -0.27146732 -0.16045132 -0.1487259  -0.13306096 -0.24702616
 -0.00521737 -0.13403151 -0.27595096 -0.22562966 -0.0107618  -0.39315424
 -0.09737183]",[-0.18885643],-0.28284299062747675
16,37057,"[ 0.01144233  0.0179954  -0.17223431 -0.44793419 -0.1449724  -0.02835207
 -0.01967263 -0.27146732 -0.16045132 -0.1487259  -0.13306096 -0.24702616
 -0.00521737 -0.13403151 -0.27595096 -0.22562966 -0.0107618  -0.39315424
 -0.09737183]",[-0.00670562],1.1121805232730881
16,37061,"[ 0.01144233  0.0179954  -0.17223431 -0.44793419 -0.1449724  -0.02835207
 -0.01967263 -0.27146732 -0.16045132 -0.1487259  -0.13306096 -0.24702616
 -0.00521737 -0.13403151 -0.27595096 -0.22562966 -0.0107618  -0.39315424
 -0.09737183]",[-0.01157914],1.0748561561659802
16,37063,"[ 0.01144233  0.0179954  -0.17223431 -0.44793419 -0.1449724  -0.02835207
 -0.01967263 -0.27146732 -0.16045132 -0.1487259  -0.13306096 -0.24702616
 -0.00521737 -0.13403151 -0.27595096 -0.22562966 -0.0107618  -0.39315424
 -0.09737183]",[-0.01639375],1.0379828982838823
16,37065,"[ 0.01144233  0.0179954  -0.17223431 -0.44793419 -0.1449724  -0.02835207
 -0.01967263 -0.27146732 -0.16045132 -0.1487259  -0.13306096 -0.24702616
 -0.00521737 -0.13403151 -0.27595096 -0.22562966 -0.0107618  -0.39315424
 -0.09737183]",[0.20290975],2.71754462495227
16,37069,"[ 0.01144233  0.0179954  -0.17223431 -0.44793419 -0.1449724  -0.02835207
 -0.01967263 -0.27146732 -0.16045132 -0.1487259  -0.13306096 -0.24702616
 -0.00521737 -0.13403151 -0.27595096 -0.22562966 -0.0107618  -0.39315424
 -0.09737183]",[-0.0842143],0.5185712016006012
16,37067,"[ 0.01144233  0.0179954  -0.17223431 -0.44793419 -0.1449724  -0.02835207
 -0.01967263 -0.27146732 -0.16045132 -0.1487259  -0.13306096 -0.24702616
 -0.00521737 -0.13403151 -0.27595096 -0.22562966 -0.0107618  -0.39315424
 -0.09737183]",[0.02086265],1.3233153793098196
16,37071,"[ 0.01144233  0.0179954  -0.17223431 -0.44793419 -0.1449724  -0.02835207
 -0.01967263 -0.27146732 -0.16045132 -0.1487259  -0.13306096 -0.24702616
 -0.00521737 -0.13403151 -0.27595096 -0.22562966 -0.0107618  -0.39315424
 -0.09737183]",[-0.00978735],1.0885787508013138
16,37077,"[ 0.01144233  0.0179954  -0.17223431 -0.44793419 -0.1449724  -0.02835207
 -0.01967263 -0.27146732 -0.16045132 -0.1487259  -0.13306096 -0.24702616
 -0.00521737 -0.13403151 -0.27595096 -0.22562966 -0.0107618  -0.39315424
 -0.09737183]",[0.03234147],1.4112272952887202
16,37079,"[ 0.01144233  0.0179954  -0.17223431 -0.44793419 -0.1449724  -0.02835207
 -0.01967263 -0.27146732 -0.16045132 -0.1487259  -0.13306096 -0.24702616
 -0.00521737 -0.13403151 -0.27595096 -0.22562966 -0.0107618  -0.39315424
 -0.09737183]",[-0.36871334],-1.6602983257803252
16,37081,"[ 0.01144233  0.0179954  -0.17223431 -0.44793419 -0.1449724  -0.02835207
 -0.01967263 -0.27146732 -0.16045132 -0.1487259  -0.13306096 -0.24702616
 -0.00521737 -0.13403151 -0.27595096 -0.22562966 -0.0107618  -0.39315424
 -0.09737183]",[0.02196941],1.3317916718277922
16,37083,"[ 0.01144233  0.0179954  -0.17223431 -0.44793419 -0.1449724  -0.02835207
 -0.01967263 -0.27146732 -0.16045132 -0.1487259  -0.13306096 -0.24702616
 -0.00521737 -0.13403151 -0.27595096 -0.22562966 -0.0107618  -0.39315424
 -0.09737183]",[-0.1205313],0.24043314464126653
16,37085,"[ 0.01144233  0.0179954  -0.17223431 -0.44793419 -0.1449724  -0.02835207
 -0.01967263 -0.27146732 -0.16045132 -0.1487259  -0.13306096 -0.24702616
 -0.00521737 -0.13403151 -0.27595096 -0.22562966 -0.0107618  -0.39315424
 -0.09737183]",[-0.054874],0.7432773643933955
16,37087,"[ 0.01144233  0.0179954  -0.17223431 -0.44793419 -0.1449724  -0.02835207
 -0.01967263 -0.27146732 -0.16045132 -0.1487259  -0.13306096 -0.24702616
 -0.00521737 -0.13403151 -0.27595096 -0.22562966 -0.0107618  -0.39315424
 -0.09737183]",[-0.04788262],0.7968216106715033
16,37089,"[ 0.01144233  0.0179954  -0.17223431 -0.44793419 -0.1449724  -0.02835207
 -0.01967263 -0.27146732 -0.16045132 -0.1487259  -0.13306096 -0.24702616
 -0.00521737 -0.13403151 -0.27595096 -0.22562966 -0.0107618  -0.39315424
 -0.09737183]",[-0.06295296],0.681403622789179
16,37091,"[ 0.01144233  0.0179954  -0.17223431 -0.44793419 -0.1449724  -0.02835207
 -0.01967263 -0.27146732 -0.16045132 -0.1487259  -0.13306096 -0.24702616
 -0.00521737 -0.13403151 -0.27595096 -0.22562966 -0.0107618  -0.39315424
 -0.09737183]",[-0.1532683],-0.010287063403536053
16,37093,"[ 0.01144233  0.0179954  -0.17223431 -0.44793419 -0.1449724  -0.02835207
 -0.01967263 -0.27146732 -0.16045132 -0.1487259  -0.13306096 -0.24702616
 -0.00521737 -0.13403151 -0.27595096 -0.22562966 -0.0107618  -0.39315424
 -0.09737183]",[-0.12085522],0.2379523352146422
16,37097,"[ 0.01144233  0.0179954  -0.17223431 -0.44793419 -0.1449724  -0.02835207
 -0.01967263 -0.27146732 -0.16045132 -0.1487259  -0.13306096 -0.24702616
 -0.00521737 -0.13403151 -0.27595096 -0.22562966 -0.0107618  -0.39315424
 -0.09737183]",[-0.03592662],0.8883880675249979
16,37099,"[ 0.01144233  0.0179954  -0.17223431 -0.44793419 -0.1449724  -0.02835207
 -0.01967263 -0.27146732 -0.16045132 -0.1487259  -0.13306096 -0.24702616
 -0.00521737 -0.13403151 -0.27595096 -0.22562966 -0.0107618  -0.39315424
 -0.09737183]",[-0.16399767],-0.09245922373930866
16,37101,"[ 0.01144233  0.0179954  -0.17223431 -0.44793419 -0.1449724  -0.02835207
 -0.01967263 -0.27146732 -0.16045132 -0.1487259  -0.13306096 -0.24702616
 -0.00521737 -0.13403151 -0.27595096 -0.22562966 -0.0107618  -0.39315424
 -0.09737183]",[-0.03741184],0.8770133667450399
16,37105,"[ 0.01144233  0.0179954  -0.17223431 -0.44793419 -0.1449724  -0.02835207
 -0.01967263 -0.27146732 -0.16045132 -0.1487259  -0.13306096 -0.24702616
 -0.00521737 -0.13403151 -0.27595096 -0.22562966 -0.0107618  -0.39315424
 -0.09737183]",[-0.04821605],0.7942680386833356
16,37107,"[ 0.01144233  0.0179954  -0.17223431 -0.44793419 -0.1449724  -0.02835207
 -0.01967263 -0.27146732 -0.16045132 -0.1487259  -0.13306096 -0.24702616
 -0.00521737 -0.13403151 -0.27595096 -0.22562966 -0.0107618  -0.39315424
 -0.09737183]",[-0.1171001],0.26671139157374424
16,37109,"[ 0.01144233  0.0179954  -0.17223431 -0.44793419 -0.1449724  -0.02835207
 -0.01967263 -0.27146732 -0.16045132 -0.1487259  -0.13306096 -0.24702616
 -0.00521737 -0.13403151 -0.27595096 -0.22562966 -0.0107618  -0.39315424
 -0.09737183]",[-0.01740626],1.0302284225316607
16,37111,"[ 0.01144233  0.0179954  -0.17223431 -0.44793419 -0.1449724  -0.02835207
 -0.01967263 -0.27146732 -0.16045132 -0.1487259  -0.13306096 -0.24702616
 -0.00521737 -0.13403151 -0.27595096 -0.22562966 -0.0107618  -0.39315424
 -0.09737183]",[-0.16125404],-0.0714468148797722
16,37113,"[ 0.01144233  0.0179954  -0.17223431 -0.44793419 -0.1449724  -0.02835207
 -0.01967263 -0.27146732 -0.16045132 -0.1487259  -0.13306096 -0.24702616
 -0.00521737 -0.13403151 -0.27595096 -0.22562966 -0.0107618  -0.39315424
 -0.09737183]",[-0.07314954],0.6033119603029697
16,37115,"[ 0.01144233  0.0179954  -0.17223431 -0.44793419 -0.1449724  -0.02835207
 -0.01967263 -0.27146732 -0.16045132 -0.1487259  -0.13306096 -0.24702616
 -0.00521737 -0.13403151 -0.27595096 -0.22562966 -0.0107618  -0.39315424
 -0.09737183]",[-0.20090595],-0.37512565309764645
16,37117,"[ 0.01144233  0.0179954  -0.17223431 -0.44793419 -0.1449724  -0.02835207
 -0.01967263 -0.27146732 -0.16045132 -0.1487259  -0.13306096 -0.24702616
 -0.00521737 -0.13403151 -0.27595096 -0.22562966 -0.0107618  -0.39315424
 -0.09737183]",[-0.1790597],-0.2078135363294261
16,37119,"[ 0.01144233  0.0179954  -0.17223431 -0.44793419 -0.1449724  -0.02835207
 -0.01967263 -0.27146732 -0.16045132 -0.1487259  -0.13306096 -0.24702616
 -0.00521737 -0.13403151 -0.27595096 -0.22562966 -0.0107618  -0.39315424
 -0.09737183]",[0.00993911],1.2396561885920871
16,37123,"[ 0.01144233  0.0179954  -0.17223431 -0.44793419 -0.1449724  -0.02835207
 -0.01967263 -0.27146732 -0.16045132 -0.1487259  -0.13306096 -0.24702616
 -0.00521737 -0.13403151 -0.27595096 -0.22562966 -0.0107618  -0.39315424
 -0.09737183]",[-0.17085148],-0.14494994184013912
16,37121,"[ 0.01144233  0.0179954  -0.17223431 -0.44793419 -0.1449724  -0.02835207
 -0.01967263 -0.27146732 -0.16045132 -0.1487259  -0.13306096 -0.24702616
 -0.00521737 -0.13403151 -0.27595096 -0.22562966 -0.0107618  -0.39315424
 -0.09737183]",[-0.21276405],-0.46594229026175993
16,37125,"[ 0.01144233  0.0179954  -0.17223431 -0.44793419 -0.1449724  -0.02835207
 -0.01967263 -0.27146732 -0.16045132 -0.1487259  -0.13306096 -0.24702616
 -0.00521737 -0.13403151 -0.27595096 -0.22562966 -0.0107618  -0.39315424
 -0.09737183]",[-0.02293713],0.9878696390653945
16,37127,"[ 0.01144233  0.0179954  -0.17223431 -0.44793419 -0.1449724  -0.02835207
 -0.01967263 -0.27146732 -0.16045132 -0.1487259  -0.13306096 -0.24702616
 -0.00521737 -0.13403151 -0.27595096 -0.22562966 -0.0107618  -0.39315424
 -0.09737183]",[0.0027057],1.184258269631329
16,37129,"[ 0.01144233  0.0179954  -0.17223431 -0.44793419 -0.1449724  -0.02835207
 -0.01967263 -0.27146732 -0.16045132 -0.1487259  -0.13306096 -0.24702616
 -0.00521737 -0.13403151 -0.27595096 -0.22562966 -0.0107618  -0.39315424
 -0.09737183]",[-0.01020056],1.0854141125299612
16,37131,"[ 0.01144233  0.0179954  -0.17223431 -0.44793419 -0.1449724  -0.02835207
 -0.01967263 -0.27146732 -0.16045132 -0.1487259  -0.13306096 -0.24702616
 -0.00521737 -0.13403151 -0.27595096 -0.22562966 -0.0107618  -0.39315424
 -0.09737183]",[-0.22206719],-0.5371915240894203
16,37133,"[ 0.01144233  0.0179954  -0.17223431 -0.44793419 -0.1449724  -0.02835207
 -0.01967263 -0.27146732 -0.16045132 -0.1487259  -0.13306096 -0.24702616
 -0.00521737 -0.13403151 -0.27595096 -0.22562966 -0.0107618  -0.39315424
 -0.09737183]",[-0.01183124],1.0729253669412313
16,37137,"[ 0.01144233  0.0179954  -0.17223431 -0.44793419 -0.1449724  -0.02835207
 -0.01967263 -0.27146732 -0.16045132 -0.1487259  -0.13306096 -0.24702616
 -0.00521737 -0.13403151 -0.27595096 -0.22562966 -0.0107618  -0.39315424
 -0.09737183]",[-0.30760835],-1.192318609598707
16,37135,"[ 0.01144233  0.0179954  -0.17223431 -0.44793419 -0.1449724  -0.02835207
 -0.01967263 -0.27146732 -0.16045132 -0.1487259  -0.13306096 -0.24702616
 -0.00521737 -0.13403151 -0.27595096 -0.22562966 -0.0107618  -0.39315424
 -0.09737183]",[-0.0473494],0.8009053931538399
16,37139,"[ 0.01144233  0.0179954  -0.17223431 -0.44793419 -0.1449724  -0.02835207
 -0.01967263 -0.27146732 -0.16045132 -0.1487259  -0.13306096 -0.24702616
 -0.00521737 -0.13403151 -0.27595096 -0.22562966 -0.0107618  -0.39315424
 -0.09737183]",[-0.07635853],0.5787354790222223
16,37141,"[ 0.01144233  0.0179954  -0.17223431 -0.44793419 -0.1449724  -0.02835207
 -0.01967263 -0.27146732 -0.16045132 -0.1487259  -0.13306096 -0.24702616
 -0.00521737 -0.13403151 -0.27595096 -0.22562966 -0.0107618  -0.39315424
 -0.09737183]",[-0.11982278],0.24585940106328252
16,37145,"[ 0.01144233  0.0179954  -0.17223431 -0.44793419 -0.1449724  -0.02835207
 -0.01967263 -0.27146732 -0.16045132 -0.1487259  -0.13306096 -0.24702616
 -0.00521737 -0.13403151 -0.27595096 -0.22562966 -0.0107618  -0.39315424
 -0.09737183]",[-0.06798852],0.6428381924471245
16,37147,"[ 0.01144233  0.0179954  -0.17223431 -0.44793419 -0.1449724  -0.02835207
 -0.01967263 -0.27146732 -0.16045132 -0.1487259  -0.13306096 -0.24702616
 -0.00521737 -0.13403151 -0.27595096 -0.22562966 -0.0107618  -0.39315424
 -0.09737183]",[-0.01893494],1.0185208610295646
16,37149,"[ 0.01144233  0.0179954  -0.17223431 -0.44793419 -0.1449724  -0.02835207
 -0.01967263 -0.27146732 -0.16045132 -0.1487259  -0.13306096 -0.24702616
 -0.00521737 -0.13403151 -0.27595096 -0.22562966 -0.0107618  -0.39315424
 -0.09737183]",[-0.16889861],-0.12999364382858122
16,37151,"[ 0.01144233  0.0179954  -0.17223431 -0.44793419 -0.1449724  -0.02835207
 -0.01967263 -0.27146732 -0.16045132 -0.1487259  -0.13306096 -0.24702616
 -0.00521737 -0.13403151 -0.27595096 -0.22562966 -0.0107618  -0.39315424
 -0.09737183]",[-0.00727638],1.1078093438251422
16,37155,"[ 0.01144233  0.0179954  -0.17223431 -0.44793419 -0.1449724  -0.02835207
 -0.01967263 -0.27146732 -0.16045132 -0.1487259  -0.13306096 -0.24702616
 -0.00521737 -0.13403151 -0.27595096 -0.22562966 -0.0107618  -0.39315424
 -0.09737183]",[-0.05173277],0.767334789935653
16,37153,"[ 0.01144233  0.0179954  -0.17223431 -0.44793419 -0.1449724  -0.02835207
 -0.01967263 -0.27146732 -0.16045132 -0.1487259  -0.13306096 -0.24702616
 -0.00521737 -0.13403151 -0.27595096 -0.22562966 -0.0107618  -0.39315424
 -0.09737183]",[-0.12054692],0.24031350974091822
16,37157,"[ 0.01144233  0.0179954  -0.17223431 -0.44793419 -0.1449724  -0.02835207
 -0.01967263 -0.27146732 -0.16045132 -0.1487259  -0.13306096 -0.24702616
 -0.00521737 -0.13403151 -0.27595096 -0.22562966 -0.0107618  -0.39315424
 -0.09737183]",[-0.0824323],0.5322188322604466
16,37159,"[ 0.01144233  0.0179954  -0.17223431 -0.44793419 -0.1449724  -0.02835207
 -0.01967263 -0.27146732 -0.16045132 -0.1487259  -0.13306096 -0.24702616
 -0.00521737 -0.13403151 -0.27595096 -0.22562966 -0.0107618  -0.39315424
 -0.09737183]",[-0.03605347],0.8874165705304341
16,37161,"[ 0.01144233  0.0179954  -0.17223431 -0.44793419 -0.1449724  -0.02835207
 -0.01967263 -0.27146732 -0.16045132 -0.1487259  -0.13306096 -0.24702616
 -0.00521737 -0.13403151 -0.27595096 -0.22562966 -0.0107618  -0.39315424
 -0.09737183]",[0.04677083],1.5217363031097413
16,37163,"[ 0.01144233  0.0179954  -0.17223431 -0.44793419 -0.1449724  -0.02835207
 -0.01967263 -0.27146732 -0.16045132 -0.1487259  -0.13306096 -0.24702616
 -0.00521737 -0.13403151 -0.27595096 -0.22562966 -0.0107618  -0.39315424
 -0.09737183]",[-0.06936164],0.6323220245003717
16,37165,"[ 0.01144233  0.0179954  -0.17223431 -0.44793419 -0.1449724  -0.02835207
 -0.01967263 -0.27146732 -0.16045132 -0.1487259  -0.13306096 -0.24702616
 -0.00521737 -0.13403151 -0.27595096 -0.22562966 -0.0107618  -0.39315424
 -0.09737183]",[-0.20516024],-0.40770763617580813
16,37167,"[ 0.01144233  0.0179954  -0.17223431 -0.44793419 -0.1449724  -0.02835207
 -0.01967263 -0.27146732 -0.16045132 -0.1487259  -0.13306096 -0.24702616
 -0.00521737 -0.13403151 -0.27595096 -0.22562966 -0.0107618  -0.39315424
 -0.09737183]",[-0.11493715],0.2832766096364283
16,37169,"[ 0.01144233  0.0179954  -0.17223431 -0.44793419 -0.1449724  -0.02835207
 -0.01967263 -0.27146732 -0.16045132 -0.1487259  -0.13306096 -0.24702616
 -0.00521737 -0.13403151 -0.27595096 -0.22562966 -0.0107618  -0.39315424
 -0.09737183]",[-0.24358771],-0.7020089656033834
16,37171,"[ 0.01144233  0.0179954  -0.17223431 -0.44793419 -0.1449724  -0.02835207
 -0.01967263 -0.27146732 -0.16045132 -0.1487259  -0.13306096 -0.24702616
 -0.00521737 -0.13403151 -0.27595096 -0.22562966 -0.0107618  -0.39315424
 -0.09737183]",[-0.05078676],0.7745798996455525
16,37175,"[ 0.01144233  0.0179954  -0.17223431 -0.44793419 -0.1449724  -0.02835207
 -0.01967263 -0.27146732 -0.16045132 -0.1487259  -0.13306096 -0.24702616
 -0.00521737 -0.13403151 -0.27595096 -0.22562966 -0.0107618  -0.39315424
 -0.09737183]",[-0.14069499],0.08600715329062544
16,37173,"[ 0.01144233  0.0179954  -0.17223431 -0.44793419 -0.1449724  -0.02835207
 -0.01967263 -0.27146732 -0.16045132 -0.1487259  -0.13306096 -0.24702616
 -0.00521737 -0.13403151 -0.27595096 -0.22562966 -0.0107618  -0.39315424
 -0.09737183]",[-0.25941378],-0.8232147403438798
16,37179,"[ 0.01144233  0.0179954  -0.17223431 -0.44793419 -0.1449724  -0.02835207
 -0.01967263 -0.27146732 -0.16045132 -0.1487259  -0.13306096 -0.24702616
 -0.00521737 -0.13403151 -0.27595096 -0.22562966 -0.0107618  -0.39315424
 -0.09737183]",[-0.02400803],0.9796679779040115
16,37181,"[ 0.01144233  0.0179954  -0.17223431 -0.44793419 -0.1449724  -0.02835207
 -0.01967263 -0.27146732 -0.16045132 -0.1487259  -0.13306096 -0.24702616
 -0.00521737 -0.13403151 -0.27595096 -0.22562966 -0.0107618  -0.39315424
 -0.09737183]",[-0.06017641],0.7026681584480003
16,37183,"[ 0.01144233  0.0179954  -0.17223431 -0.44793419 -0.1449724  -0.02835207
 -0.01967263 -0.27146732 -0.16045132 -0.1487259  -0.13306096 -0.24702616
 -0.00521737 -0.13403151 -0.27595096 -0.22562966 -0.0107618  -0.39315424
 -0.09737183]",[0.03280854],1.414804429961995
16,37185,"[ 0.01144233  0.0179954  -0.17223431 -0.44793419 -0.1449724  -0.02835207
 -0.01967263 -0.27146732 -0.16045132 -0.1487259  -0.13306096 -0.24702616
 -0.00521737 -0.13403151 -0.27595096 -0.22562966 -0.0107618  -0.39315424
 -0.09737183]",[-0.25992355],-0.8271188915294679
16,37189,"[ 0.01144233  0.0179954  -0.17223431 -0.44793419 -0.1449724  -0.02835207
 -0.01967263 -0.27146732 -0.16045132 -0.1487259  -0.13306096 -0.24702616
 -0.00521737 -0.13403151 -0.27595096 -0.22562966 -0.0107618  -0.39315424
 -0.09737183]",[-0.04382497],0.8278975998288641
16,37191,"[ 0.01144233  0.0179954  -0.17223431 -0.44793419 -0.1449724  -0.02835207
 -0.01967263 -0.27146732 -0.16045132 -0.1487259  -0.13306096 -0.24702616
 -0.00521737 -0.13403151 -0.27595096 -0.22562966 -0.0107618  -0.39315424
 -0.09737183]",[-0.03658854],0.883318668730143
16,37193,"[ 0.01144233  0.0179954  -0.17223431 -0.44793419 -0.1449724  -0.02835207
 -0.01967263 -0.27146732 -0.16045132 -0.1487259  -0.13306096 -0.24702616
 -0.00521737 -0.13403151 -0.27595096 -0.22562966 -0.0107618  -0.39315424
 -0.09737183]",[0.01242885],1.258724125840491
16,37195,"[ 0.01144233  0.0179954  -0.17223431 -0.44793419 -0.1449724  -0.02835207
 -0.01967263 -0.27146732 -0.16045132 -0.1487259  -0.13306096 -0.24702616
 -0.00521737 -0.13403151 -0.27595096 -0.22562966 -0.0107618  -0.39315424
 -0.09737183]",[-0.03944088],0.8614736811344273
16,37199,"[ 0.01144233  0.0179954  -0.17223431 -0.44793419 -0.1449724  -0.02835207
 -0.01967263 -0.27146732 -0.16045132 -0.1487259  -0.13306096 -0.24702616
 -0.00521737 -0.13403151 -0.27595096 -0.22562966 -0.0107618  -0.39315424
 -0.09737183]",[-0.2901688],-1.058755713857682
16,37197,"[ 0.01144233  0.0179954  -0.17223431 -0.44793419 -0.1449724  -0.02835207
 -0.01967263 -0.27146732 -0.16045132 -0.1487259  -0.13306096 -0.24702616
 -0.00521737 -0.13403151 -0.27595096 -0.22562966 -0.0107618  -0.39315424
 -0.09737183]",[-0.07078766],0.6214007117316804
16,38003,"[ 0.01144233  0.0179954  -0.17223431 -0.44793419 -0.1449724  -0.02835207
 -0.01967263 -0.27146732 -0.16045132 -0.1487259  -0.13306096 -0.24702616
 -0.00521737 -0.13403151 -0.27595096 -0.22562966 -0.0107618  -0.39315424
 -0.09737183]",[-0.09781569],0.41440335487911234
16,38005,"[ 0.01144233  0.0179954  -0.17223431 -0.44793419 -0.1449724  -0.02835207
 -0.01967263 -0.27146732 -0.16045132 -0.1487259  -0.13306096 -0.24702616
 -0.00521737 -0.13403151 -0.27595096 -0.22562966 -0.0107618  -0.39315424
 -0.09737183]",[-0.4226931],-2.0737087077971643
16,38015,"[ 0.01144233  0.0179954  -0.17223431 -0.44793419 -0.1449724  -0.02835207
 -0.01967263 -0.27146732 -0.16045132 -0.1487259  -0.13306096 -0.24702616
 -0.00521737 -0.13403151 -0.27595096 -0.22562966 -0.0107618  -0.39315424
 -0.09737183]",[-0.01610943],1.0401603637420265
16,38017,"[ 0.01144233  0.0179954  -0.17223431 -0.44793419 -0.1449724  -0.02835207
 -0.01967263 -0.27146732 -0.16045132 -0.1487259  -0.13306096 -0.24702616
 -0.00521737 -0.13403151 -0.27595096 -0.22562966 -0.0107618  -0.39315424
 -0.09737183]",[-0.02650527],0.9605425635310397
16,38035,"[ 0.01144233  0.0179954  -0.17223431 -0.44793419 -0.1449724  -0.02835207
 -0.01967263 -0.27146732 -0.16045132 -0.1487259  -0.13306096 -0.24702616
 -0.00521737 -0.13403151 -0.27595096 -0.22562966 -0.0107618  -0.39315424
 -0.09737183]",[0.01243499],1.2587712172950687
16,38053,"[ 0.01144233  0.0179954  -0.17223431 -0.44793419 -0.1449724  -0.02835207
 -0.01967263 -0.27146732 -0.16045132 -0.1487259  -0.13306096 -0.24702616
 -0.00521737 -0.13403151 -0.27595096 -0.22562966 -0.0107618  -0.39315424
 -0.09737183]",[-0.16388482],-0.0915949337037579
16,38059,"[ 0.01144233  0.0179954  -0.17223431 -0.44793419 -0.1449724  -0.02835207
 -0.01967263 -0.27146732 -0.16045132 -0.1487259  -0.13306096 -0.24702616
 -0.00521737 -0.13403151 -0.27595096 -0.22562966 -0.0107618  -0.39315424
 -0.09737183]",[-0.4176643],-2.0351951050724795
16,38067,"[ 0.01144233  0.0179954  -0.17223431 -0.44793419 -0.1449724  -0.02835207
 -0.01967263 -0.27146732 -0.16045132 -0.1487259  -0.13306096 -0.24702616
 -0.00521737 -0.13403151 -0.27595096 -0.22562966 -0.0107618  -0.39315424
 -0.09737183]",[-0.20192667],-0.38294292689423287
16,38077,"[ 0.01144233  0.0179954  -0.17223431 -0.44793419 -0.1449724  -0.02835207
 -0.01967263 -0.27146732 -0.16045132 -0.1487259  -0.13306096 -0.24702616
 -0.00521737 -0.13403151 -0.27595096 -0.22562966 -0.0107618  -0.39315424
 -0.09737183]",[0.18746017],2.5992221961531903
16,38079,"[ 0.01144233  0.0179954  -0.17223431 -0.44793419 -0.1449724  -0.02835207
 -0.01967263 -0.27146732 -0.16045132 -0.1487259  -0.13306096 -0.24702616
 -0.00521737 -0.13403151 -0.27595096 -0.22562966 -0.0107618  -0.39315424
 -0.09737183]",[-0.37685517],-1.7226535524940765
16,38089,"[ 0.01144233  0.0179954  -0.17223431 -0.44793419 -0.1449724  -0.02835207
 -0.01967263 -0.27146732 -0.16045132 -0.1487259  -0.13306096 -0.24702616
 -0.00521737 -0.13403151 -0.27595096 -0.22562966 -0.0107618  -0.39315424
 -0.09737183]",[-0.134295],0.13502223879571024
16,38097,"[ 0.01144233  0.0179954  -0.17223431 -0.44793419 -0.1449724  -0.02835207
 -0.01967263 -0.27146732 -0.16045132 -0.1487259  -0.13306096 -0.24702616
 -0.00521737 -0.13403151 -0.27595096 -0.22562966 -0.0107618  -0.39315424
 -0.09737183]",[-0.43448344],-2.164006425220496
16,38093,"[ 0.01144233  0.0179954  -0.17223431 -0.44793419 -0.1449724  -0.02835207
 -0.01967263 -0.27146732 -0.16045132 -0.1487259  -0.13306096 -0.24702616
 -0.00521737 -0.13403151 -0.27595096 -0.22562966 -0.0107618  -0.39315424
 -0.09737183]",[-0.2950364],-1.096034837109504
16,38099,"[ 0.01144233  0.0179954  -0.17223431 -0.44793419 -0.1449724  -0.02835207
 -0.01967263 -0.27146732 -0.16045132 -0.1487259  -0.13306096 -0.24702616
 -0.00521737 -0.13403151 -0.27595096 -0.22562966 -0.0107618  -0.39315424
 -0.09737183]",[-0.12457577],0.2094581142086297
16,38101,"[ 0.01144233  0.0179954  -0.17223431 -0.44793419 -0.1449724  -0.02835207
 -0.01967263 -0.27146732 -0.16045132 -0.1487259  -0.13306096 -0.24702616
 -0.00521737 -0.13403151 -0.27595096 -0.22562966 -0.0107618  -0.39315424
 -0.09737183]",[-0.1413643],0.08088111285848222
16,39001,"[ 0.01144233  0.0179954  -0.17223431 -0.44793419 -0.1449724  -0.02835207
 -0.01967263 -0.27146732 -0.16045132 -0.1487259  -0.13306096 -0.24702616
 -0.00521737 -0.13403151 -0.27595096 -0.22562966 -0.0107618  -0.39315424
 -0.09737183]",[-0.24049888],-0.6783527379907381
16,38105,"[ 0.01144233  0.0179954  -0.17223431 -0.44793419 -0.1449724  -0.02835207
 -0.01967263 -0.27146732 -0.16045132 -0.1487259  -0.13306096 -0.24702616
 -0.00521737 -0.13403151 -0.27595096 -0.22562966 -0.0107618  -0.39315424
 -0.09737183]",[-0.2156107],-0.4877436602288085
16,39003,"[ 0.01144233  0.0179954  -0.17223431 -0.44793419 -0.1449724  -0.02835207
 -0.01967263 -0.27146732 -0.16045132 -0.1487259  -0.13306096 -0.24702616
 -0.00521737 -0.13403151 -0.27595096 -0.22562966 -0.0107618  -0.39315424
 -0.09737183]",[0.07026005],1.7016312539568226
16,39005,"[ 0.01144233  0.0179954  -0.17223431 -0.44793419 -0.1449724  -0.02835207
 -0.01967263 -0.27146732 -0.16045132 -0.1487259  -0.13306096 -0.24702616
 -0.00521737 -0.13403151 -0.27595096 -0.22562966 -0.0107618  -0.39315424
 -0.09737183]",[-0.12818285],0.18183283331222683
16,39007,"[ 0.01144233  0.0179954  -0.17223431 -0.44793419 -0.1449724  -0.02835207
 -0.01967263 -0.27146732 -0.16045132 -0.1487259  -0.13306096 -0.24702616
 -0.00521737 -0.13403151 -0.27595096 -0.22562966 -0.0107618  -0.39315424
 -0.09737183]",[-0.09849776],0.4091795792328838
16,39011,"[ 0.01144233  0.0179954  -0.17223431 -0.44793419 -0.1449724  -0.02835207
 -0.01967263 -0.27146732 -0.16045132 -0.1487259  -0.13306096 -0.24702616
 -0.00521737 -0.13403151 -0.27595096 -0.22562966 -0.0107618  -0.39315424
 -0.09737183]",[-0.07585947],0.5825576235204142
16,39009,"[ 0.01144233  0.0179954  -0.17223431 -0.44793419 -0.1449724  -0.02835207
 -0.01967263 -0.27146732 -0.16045132 -0.1487259  -0.13306096 -0.24702616
 -0.00521737 -0.13403151 -0.27595096 -0.22562966 -0.0107618  -0.39315424
 -0.09737183]",[0.00891421],1.2318068742048474
16,39013,"[ 0.01144233  0.0179954  -0.17223431 -0.44793419 -0.1449724  -0.02835207
 -0.01967263 -0.27146732 -0.16045132 -0.1487259  -0.13306096 -0.24702616
 -0.00521737 -0.13403151 -0.27595096 -0.22562966 -0.0107618  -0.39315424
 -0.09737183]",[-0.06604067],0.6577560452139358
16,39015,"[ 0.01144233  0.0179954  -0.17223431 -0.44793419 -0.1449724  -0.02835207
 -0.01967263 -0.27146732 -0.16045132 -0.1487259  -0.13306096 -0.24702616
 -0.00521737 -0.13403151 -0.27595096 -0.22562966 -0.0107618  -0.39315424
 -0.09737183]",[-0.0378284],0.8738230600158204
16,39017,"[ 0.01144233  0.0179954  -0.17223431 -0.44793419 -0.1449724  -0.02835207
 -0.01967263 -0.27146732 -0.16045132 -0.1487259  -0.13306096 -0.24702616
 -0.00521737 -0.13403151 -0.27595096 -0.22562966 -0.0107618  -0.39315424
 -0.09737183]",[0.0164039],1.28916753378637
16,39019,"[ 0.01144233  0.0179954  -0.17223431 -0.44793419 -0.1449724  -0.02835207
 -0.01967263 -0.27146732 -0.16045132 -0.1487259  -0.13306096 -0.24702616
 -0.00521737 -0.13403151 -0.27595096 -0.22562966 -0.0107618  -0.39315424
 -0.09737183]",[-0.18178598],-0.22869306401250783
16,39021,"[ 0.01144233  0.0179954  -0.17223431 -0.44793419 -0.1449724  -0.02835207
 -0.01967263 -0.27146732 -0.16045132 -0.1487259  -0.13306096 -0.24702616
 -0.00521737 -0.13403151 -0.27595096 -0.22562966 -0.0107618  -0.39315424
 -0.09737183]",[-0.04131566],0.8471154922342435
16,39023,"[ 0.01144233  0.0179954  -0.17223431 -0.44793419 -0.1449724  -0.02835207
 -0.01967263 -0.27146732 -0.16045132 -0.1487259  -0.13306096 -0.24702616
 -0.00521737 -0.13403151 -0.27595096 -0.22562966 -0.0107618  -0.39315424
 -0.09737183]",[-0.03369291],0.9054952147538071
16,39025,"[ 0.01144233  0.0179954  -0.17223431 -0.44793419 -0.1449724  -0.02835207
 -0.01967263 -0.27146732 -0.16045132 -0.1487259  -0.13306096 -0.24702616
 -0.00521737 -0.13403151 -0.27595096 -0.22562966 -0.0107618  -0.39315424
 -0.09737183]",[-0.05719022],0.7255382508772936
16,39029,"[ 0.01144233  0.0179954  -0.17223431 -0.44793419 -0.1449724  -0.02835207
 -0.01967263 -0.27146732 -0.16045132 -0.1487259  -0.13306096 -0.24702616
 -0.00521737 -0.13403151 -0.27595096 -0.22562966 -0.0107618  -0.39315424
 -0.09737183]",[-0.0150912],1.0479585729824994
16,39027,"[ 0.01144233  0.0179954  -0.17223431 -0.44793419 -0.1449724  -0.02835207
 -0.01967263 -0.27146732 -0.16045132 -0.1487259  -0.13306096 -0.24702616
 -0.00521737 -0.13403151 -0.27595096 -0.22562966 -0.0107618  -0.39315424
 -0.09737183]",[0.08802835],1.8377118586123768
16,39031,"[ 0.01144233  0.0179954  -0.17223431 -0.44793419 -0.1449724  -0.02835207
 -0.01967263 -0.27146732 -0.16045132 -0.1487259  -0.13306096 -0.24702616
 -0.00521737 -0.13403151 -0.27595096 -0.22562966 -0.0107618  -0.39315424
 -0.09737183]",[-0.0847512],0.5144592217394683
16,39033,"[ 0.01144233  0.0179954  -0.17223431 -0.44793419 -0.1449724  -0.02835207
 -0.01967263 -0.27146732 -0.16045132 -0.1487259  -0.13306096 -0.24702616
 -0.00521737 -0.13403151 -0.27595096 -0.22562966 -0.0107618  -0.39315424
 -0.09737183]",[-0.14747499],0.0340817089297668
16,39035,"[ 0.01144233  0.0179954  -0.17223431 -0.44793419 -0.1449724  -0.02835207
 -0.01967263 -0.27146732 -0.16045132 -0.1487259  -0.13306096 -0.24702616
 -0.00521737 -0.13403151 -0.27595096 -0.22562966 -0.0107618  -0.39315424
 -0.09737183]",[-0.00336362],1.1377756957606304
16,39037,"[ 0.01144233  0.0179954  -0.17223431 -0.44793419 -0.1449724  -0.02835207
 -0.01967263 -0.27146732 -0.16045132 -0.1487259  -0.13306096 -0.24702616
 -0.00521737 -0.13403151 -0.27595096 -0.22562966 -0.0107618  -0.39315424
 -0.09737183]",[-0.13162115],0.1555002060827692
16,39039,"[ 0.01144233  0.0179954  -0.17223431 -0.44793419 -0.1449724  -0.02835207
 -0.01967263 -0.27146732 -0.16045132 -0.1487259  -0.13306096 -0.24702616
 -0.00521737 -0.13403151 -0.27595096 -0.22562966 -0.0107618  -0.39315424
 -0.09737183]",[-0.10192327],0.382944914906422
16,39041,"[ 0.01144233  0.0179954  -0.17223431 -0.44793419 -0.1449724  -0.02835207
 -0.01967263 -0.27146732 -0.16045132 -0.1487259  -0.13306096 -0.24702616
 -0.00521737 -0.13403151 -0.27595096 -0.22562966 -0.0107618  -0.39315424
 -0.09737183]",[-0.02932252],0.9389663266036888
16,39043,"[ 0.01144233  0.0179954  -0.17223431 -0.44793419 -0.1449724  -0.02835207
 -0.01967263 -0.27146732 -0.16045132 -0.1487259  -0.13306096 -0.24702616
 -0.00521737 -0.13403151 -0.27595096 -0.22562966 -0.0107618  -0.39315424
 -0.09737183]",[-0.02103136],1.0024652107111545
16,39045,"[ 0.01144233  0.0179954  -0.17223431 -0.44793419 -0.1449724  -0.02835207
 -0.01967263 -0.27146732 -0.16045132 -0.1487259  -0.13306096 -0.24702616
 -0.00521737 -0.13403151 -0.27595096 -0.22562966 -0.0107618  -0.39315424
 -0.09737183]",[0.14535308],2.2767400655736183
16,39047,"[ 0.01144233  0.0179954  -0.17223431 -0.44793419 -0.1449724  -0.02835207
 -0.01967263 -0.27146732 -0.16045132 -0.1487259  -0.13306096 -0.24702616
 -0.00521737 -0.13403151 -0.27595096 -0.22562966 -0.0107618  -0.39315424
 -0.09737183]",[-0.05656687],0.7303122552559631
16,39049,"[ 0.01144233  0.0179954  -0.17223431 -0.44793419 -0.1449724  -0.02835207
 -0.01967263 -0.27146732 -0.16045132 -0.1487259  -0.13306096 -0.24702616
 -0.00521737 -0.13403151 -0.27595096 -0.22562966 -0.0107618  -0.39315424
 -0.09737183]",[0.0129537],1.2627437580595462
16,39051,"[ 0.01144233  0.0179954  -0.17223431 -0.44793419 -0.1449724  -0.02835207
 -0.01967263 -0.27146732 -0.16045132 -0.1487259  -0.13306096 -0.24702616
 -0.00521737 -0.13403151 -0.27595096 -0.22562966 -0.0107618  -0.39315424
 -0.09737183]",[-0.12604368],0.1982159439840954
16,39053,"[ 0.01144233  0.0179954  -0.17223431 -0.44793419 -0.1449724  -0.02835207
 -0.01967263 -0.27146732 -0.16045132 -0.1487259  -0.13306096 -0.24702616
 -0.00521737 -0.13403151 -0.27595096 -0.22562966 -0.0107618  -0.39315424
 -0.09737183]",[-0.21999353],-0.5213100998028206
16,39055,"[ 0.01144233  0.0179954  -0.17223431 -0.44793419 -0.1449724  -0.02835207
 -0.01967263 -0.27146732 -0.16045132 -0.1487259  -0.13306096 -0.24702616
 -0.00521737 -0.13403151 -0.27595096 -0.22562966 -0.0107618  -0.39315424
 -0.09737183]",[-0.06984127],0.6286487559239619
16,39057,"[ 0.01144233  0.0179954  -0.17223431 -0.44793419 -0.1449724  -0.02835207
 -0.01967263 -0.27146732 -0.16045132 -0.1487259  -0.13306096 -0.24702616
 -0.00521737 -0.13403151 -0.27595096 -0.22562966 -0.0107618  -0.39315424
 -0.09737183]",[-4.96279684e-05],1.163156261897305
16,39059,"[ 0.01144233  0.0179954  -0.17223431 -0.44793419 -0.1449724  -0.02835207
 -0.01967263 -0.27146732 -0.16045132 -0.1487259  -0.13306096 -0.24702616
 -0.00521737 -0.13403151 -0.27595096 -0.22562966 -0.0107618  -0.39315424
 -0.09737183]",[-0.16930499],-0.13310592671174631
16,39061,"[ 0.01144233  0.0179954  -0.17223431 -0.44793419 -0.1449724  -0.02835207
 -0.01967263 -0.27146732 -0.16045132 -0.1487259  -0.13306096 -0.24702616
 -0.00521737 -0.13403151 -0.27595096 -0.22562966 -0.0107618  -0.39315424
 -0.09737183]",[0.00341811],1.1897143655251112
16,39065,"[ 0.01144233  0.0179954  -0.17223431 -0.44793419 -0.1449724  -0.02835207
 -0.01967263 -0.27146732 -0.16045132 -0.1487259  -0.13306096 -0.24702616
 -0.00521737 -0.13403151 -0.27595096 -0.22562966 -0.0107618  -0.39315424
 -0.09737183]",[-0.21091695],-0.4517960295878476
16,39063,"[ 0.01144233  0.0179954  -0.17223431 -0.44793419 -0.1449724  -0.02835207
 -0.01967263 -0.27146732 -0.16045132 -0.1487259  -0.13306096 -0.24702616
 -0.00521737 -0.13403151 -0.27595096 -0.22562966 -0.0107618  -0.39315424
 -0.09737183]",[-0.09306291],0.4508030238175979
16,39067,"[ 0.01144233  0.0179954  -0.17223431 -0.44793419 -0.1449724  -0.02835207
 -0.01967263 -0.27146732 -0.16045132 -0.1487259  -0.13306096 -0.24702616
 -0.00521737 -0.13403151 -0.27595096 -0.22562966 -0.0107618  -0.39315424
 -0.09737183]",[-0.28748659],-1.0382136584130968
16,39069,"[ 0.01144233  0.0179954  -0.17223431 -0.44793419 -0.1449724  -0.02835207
 -0.01967263 -0.27146732 -0.16045132 -0.1487259  -0.13306096 -0.24702616
 -0.00521737 -0.13403151 -0.27595096 -0.22562966 -0.0107618  -0.39315424
 -0.09737183]",[-0.26547122],-0.8696063909608223
16,39071,"[ 0.01144233  0.0179954  -0.17223431 -0.44793419 -0.1449724  -0.02835207
 -0.01967263 -0.27146732 -0.16045132 -0.1487259  -0.13306096 -0.24702616
 -0.00521737 -0.13403151 -0.27595096 -0.22562966 -0.0107618  -0.39315424
 -0.09737183]",[-0.14471557],0.05521503244196418
16,39075,"[ 0.01144233  0.0179954  -0.17223431 -0.44793419 -0.1449724  -0.02835207
 -0.01967263 -0.27146732 -0.16045132 -0.1487259  -0.13306096 -0.24702616
 -0.00521737 -0.13403151 -0.27595096 -0.22562966 -0.0107618  -0.39315424
 -0.09737183]",[-0.22959314],-0.5948298406744124
16,39073,"[ 0.01144233  0.0179954  -0.17223431 -0.44793419 -0.1449724  -0.02835207
 -0.01967263 -0.27146732 -0.16045132 -0.1487259  -0.13306096 -0.24702616
 -0.00521737 -0.13403151 -0.27595096 -0.22562966 -0.0107618  -0.39315424
 -0.09737183]",[-0.2156888],-0.4883418065858512
16,39077,"[ 0.01144233  0.0179954  -0.17223431 -0.44793419 -0.1449724  -0.02835207
 -0.01967263 -0.27146732 -0.16045132 -0.1487259  -0.13306096 -0.24702616
 -0.00521737 -0.13403151 -0.27595096 -0.22562966 -0.0107618  -0.39315424
 -0.09737183]",[-0.13639419],0.11894533120267807
16,39079,"[ 0.01144233  0.0179954  -0.17223431 -0.44793419 -0.1449724  -0.02835207
 -0.01967263 -0.27146732 -0.16045132 -0.1487259  -0.13306096 -0.24702616
 -0.00521737 -0.13403151 -0.27595096 -0.22562966 -0.0107618  -0.39315424
 -0.09737183]",[-0.18751215],-0.2725476242853076
16,39081,"[ 0.01144233  0.0179954  -0.17223431 -0.44793419 -0.1449724  -0.02835207
 -0.01967263 -0.27146732 -0.16045132 -0.1487259  -0.13306096 -0.24702616
 -0.00521737 -0.13403151 -0.27595096 -0.22562966 -0.0107618  -0.39315424
 -0.09737183]",[-0.05165286],0.7679467987421853
16,39083,"[ 0.01144233  0.0179954  -0.17223431 -0.44793419 -0.1449724  -0.02835207
 -0.01967263 -0.27146732 -0.16045132 -0.1487259  -0.13306096 -0.24702616
 -0.00521737 -0.13403151 -0.27595096 -0.22562966 -0.0107618  -0.39315424
 -0.09737183]",[-0.08474532],0.5145043226514487
16,39085,"[ 0.01144233  0.0179954  -0.17223431 -0.44793419 -0.1449724  -0.02835207
 -0.01967263 -0.27146732 -0.16045132 -0.1487259  -0.13306096 -0.24702616
 -0.00521737 -0.13403151 -0.27595096 -0.22562966 -0.0107618  -0.39315424
 -0.09737183]",[-0.0256901],0.9667856734777537
16,39087,"[ 0.01144233  0.0179954  -0.17223431 -0.44793419 -0.1449724  -0.02835207
 -0.01967263 -0.27146732 -0.16045132 -0.1487259  -0.13306096 -0.24702616
 -0.00521737 -0.13403151 -0.27595096 -0.22562966 -0.0107618  -0.39315424
 -0.09737183]",[-0.07163407],0.6149183235020005
16,39089,"[ 0.01144233  0.0179954  -0.17223431 -0.44793419 -0.1449724  -0.02835207
 -0.01967263 -0.27146732 -0.16045132 -0.1487259  -0.13306096 -0.24702616
 -0.00521737 -0.13403151 -0.27595096 -0.22562966 -0.0107618  -0.39315424
 -0.09737183]",[-0.07319468],0.602966222351203
16,39091,"[ 0.01144233  0.0179954  -0.17223431 -0.44793419 -0.1449724  -0.02835207
 -0.01967263 -0.27146732 -0.16045132 -0.1487259  -0.13306096 -0.24702616
 -0.00521737 -0.13403151 -0.27595096 -0.22562966 -0.0107618  -0.39315424
 -0.09737183]",[-0.19445732],-0.3257380009489681
16,39093,"[ 0.01144233  0.0179954  -0.17223431 -0.44793419 -0.1449724  -0.02835207
 -0.01967263 -0.27146732 -0.16045132 -0.1487259  -0.13306096 -0.24702616
 -0.00521737 -0.13403151 -0.27595096 -0.22562966 -0.0107618  -0.39315424
 -0.09737183]",[-1.02361675e-05],1.1634579486613446
16,39095,"[ 0.01144233  0.0179954  -0.17223431 -0.44793419 -0.1449724  -0.02835207
 -0.01967263 -0.27146732 -0.16045132 -0.1487259  -0.13306096 -0.24702616
 -0.00521737 -0.13403151 -0.27595096 -0.22562966 -0.0107618  -0.39315424
 -0.09737183]",[0.0057577],1.2076324062032477
16,39097,"[ 0.01144233  0.0179954  -0.17223431 -0.44793419 -0.1449724  -0.02835207
 -0.01967263 -0.27146732 -0.16045132 -0.1487259  -0.13306096 -0.24702616
 -0.00521737 -0.13403151 -0.27595096 -0.22562966 -0.0107618  -0.39315424
 -0.09737183]",[-0.04696261],0.8038676106987017
16,39099,"[ 0.01144233  0.0179954  -0.17223431 -0.44793419 -0.1449724  -0.02835207
 -0.01967263 -0.27146732 -0.16045132 -0.1487259  -0.13306096 -0.24702616
 -0.00521737 -0.13403151 -0.27595096 -0.22562966 -0.0107618  -0.39315424
 -0.09737183]",[-0.01161347],1.0745932044116875
16,39101,"[ 0.01144233  0.0179954  -0.17223431 -0.44793419 -0.1449724  -0.02835207
 -0.01967263 -0.27146732 -0.16045132 -0.1487259  -0.13306096 -0.24702616
 -0.00521737 -0.13403151 -0.27595096 -0.22562966 -0.0107618  -0.39315424
 -0.09737183]",[0.02147207],1.3279826968975015
16,39103,"[ 0.01144233  0.0179954  -0.17223431 -0.44793419 -0.1449724  -0.02835207
 -0.01967263 -0.27146732 -0.16045132 -0.1487259  -0.13306096 -0.24702616
 -0.00521737 -0.13403151 -0.27595096 -0.22562966 -0.0107618  -0.39315424
 -0.09737183]",[0.03189827],1.407833008188113
16,39105,"[ 0.01144233  0.0179954  -0.17223431 -0.44793419 -0.1449724  -0.02835207
 -0.01967263 -0.27146732 -0.16045132 -0.1487259  -0.13306096 -0.24702616
 -0.00521737 -0.13403151 -0.27595096 -0.22562966 -0.0107618  -0.39315424
 -0.09737183]",[-0.19402396],-0.32241909917615125
16,39107,"[ 0.01144233  0.0179954  -0.17223431 -0.44793419 -0.1449724  -0.02835207
 -0.01967263 -0.27146732 -0.16045132 -0.1487259  -0.13306096 -0.24702616
 -0.00521737 -0.13403151 -0.27595096 -0.22562966 -0.0107618  -0.39315424
 -0.09737183]",[-0.08649644],0.50109312957883
16,39109,"[ 0.01144233  0.0179954  -0.17223431 -0.44793419 -0.1449724  -0.02835207
 -0.01967263 -0.27146732 -0.16045132 -0.1487259  -0.13306096 -0.24702616
 -0.00521737 -0.13403151 -0.27595096 -0.22562966 -0.0107618  -0.39315424
 -0.09737183]",[-0.08329454],0.5256152480396244
16,39111,"[ 0.01144233  0.0179954  -0.17223431 -0.44793419 -0.1449724  -0.02835207
 -0.01967263 -0.27146732 -0.16045132 -0.1487259  -0.13306096 -0.24702616
 -0.00521737 -0.13403151 -0.27595096 -0.22562966 -0.0107618  -0.39315424
 -0.09737183]",[-0.16669967],-0.11315276665460358
16,39113,"[ 0.01144233  0.0179954  -0.17223431 -0.44793419 -0.1449724  -0.02835207
 -0.01967263 -0.27146732 -0.16045132 -0.1487259  -0.13306096 -0.24702616
 -0.00521737 -0.13403151 -0.27595096 -0.22562966 -0.0107618  -0.39315424
 -0.09737183]",[0.01147342],1.2514068850255413
16,39115,"[ 0.01144233  0.0179954  -0.17223431 -0.44793419 -0.1449724  -0.02835207
 -0.01967263 -0.27146732 -0.16045132 -0.1487259  -0.13306096 -0.24702616
 -0.00521737 -0.13403151 -0.27595096 -0.22562966 -0.0107618  -0.39315424
 -0.09737183]",[-0.30069722],-1.1393888290742187
16,39117,"[ 0.01144233  0.0179954  -0.17223431 -0.44793419 -0.1449724  -0.02835207
 -0.01967263 -0.27146732 -0.16045132 -0.1487259  -0.13306096 -0.24702616
 -0.00521737 -0.13403151 -0.27595096 -0.22562966 -0.0107618  -0.39315424
 -0.09737183]",[-0.21569628],-0.48839910979532203
16,39119,"[ 0.01144233  0.0179954  -0.17223431 -0.44793419 -0.1449724  -0.02835207
 -0.01967263 -0.27146732 -0.16045132 -0.1487259  -0.13306096 -0.24702616
 -0.00521737 -0.13403151 -0.27595096 -0.22562966 -0.0107618  -0.39315424
 -0.09737183]",[-0.02934631],0.9387841375479008
16,39125,"[ 0.01144233  0.0179954  -0.17223431 -0.44793419 -0.1449724  -0.02835207
 -0.01967263 -0.27146732 -0.16045132 -0.1487259  -0.13306096 -0.24702616
 -0.00521737 -0.13403151 -0.27595096 -0.22562966 -0.0107618  -0.39315424
 -0.09737183]",[-0.34003967],-1.4406977015975388
16,39123,"[ 0.01144233  0.0179954  -0.17223431 -0.44793419 -0.1449724  -0.02835207
 -0.01967263 -0.27146732 -0.16045132 -0.1487259  -0.13306096 -0.24702616
 -0.00521737 -0.13403151 -0.27595096 -0.22562966 -0.0107618  -0.39315424
 -0.09737183]",[0.10755344],1.9872470715696249
16,39127,"[ 0.01144233  0.0179954  -0.17223431 -0.44793419 -0.1449724  -0.02835207
 -0.01967263 -0.27146732 -0.16045132 -0.1487259  -0.13306096 -0.24702616
 -0.00521737 -0.13403151 -0.27595096 -0.22562966 -0.0107618  -0.39315424
 -0.09737183]",[-0.19251358],-0.3108516879455421
16,39129,"[ 0.01144233  0.0179954  -0.17223431 -0.44793419 -0.1449724  -0.02835207
 -0.01967263 -0.27146732 -0.16045132 -0.1487259  -0.13306096 -0.24702616
 -0.00521737 -0.13403151 -0.27595096 -0.22562966 -0.0107618  -0.39315424
 -0.09737183]",[-0.05550765],0.7384244231259283
16,39131,"[ 0.01144233  0.0179954  -0.17223431 -0.44793419 -0.1449724  -0.02835207
 -0.01967263 -0.27146732 -0.16045132 -0.1487259  -0.13306096 -0.24702616
 -0.00521737 -0.13403151 -0.27595096 -0.22562966 -0.0107618  -0.39315424
 -0.09737183]",[-0.1150833],0.28215727240002814
16,39133,"[ 0.01144233  0.0179954  -0.17223431 -0.44793419 -0.1449724  -0.02835207
 -0.01967263 -0.27146732 -0.16045132 -0.1487259  -0.13306096 -0.24702616
 -0.00521737 -0.13403151 -0.27595096 -0.22562966 -0.0107618  -0.39315424
 -0.09737183]",[-0.03207698],0.9178709839322395
16,39135,"[ 0.01144233  0.0179954  -0.17223431 -0.44793419 -0.1449724  -0.02835207
 -0.01967263 -0.27146732 -0.16045132 -0.1487259  -0.13306096 -0.24702616
 -0.00521737 -0.13403151 -0.27595096 -0.22562966 -0.0107618  -0.39315424
 -0.09737183]",[-0.13452329],0.13327383158667416
16,39137,"[ 0.01144233  0.0179954  -0.17223431 -0.44793419 -0.1449724  -0.02835207
 -0.01967263 -0.27146732 -0.16045132 -0.1487259  -0.13306096 -0.24702616
 -0.00521737 -0.13403151 -0.27595096 -0.22562966 -0.0107618  -0.39315424
 -0.09737183]",[-0.19697776],-0.34504113484849347
16,39139,"[ 0.01144233  0.0179954  -0.17223431 -0.44793419 -0.1449724  -0.02835207
 -0.01967263 -0.27146732 -0.16045132 -0.1487259  -0.13306096 -0.24702616
 -0.00521737 -0.13403151 -0.27595096 -0.22562966 -0.0107618  -0.39315424
 -0.09737183]",[0.00918926],1.233913389909311
16,39141,"[ 0.01144233  0.0179954  -0.17223431 -0.44793419 -0.1449724  -0.02835207
 -0.01967263 -0.27146732 -0.16045132 -0.1487259  -0.13306096 -0.24702616
 -0.00521737 -0.13403151 -0.27595096 -0.22562966 -0.0107618  -0.39315424
 -0.09737183]",[-0.04088574],0.8504081024555216
16,39143,"[ 0.01144233  0.0179954  -0.17223431 -0.44793419 -0.1449724  -0.02835207
 -0.01967263 -0.27146732 -0.16045132 -0.1487259  -0.13306096 -0.24702616
 -0.00521737 -0.13403151 -0.27595096 -0.22562966 -0.0107618  -0.39315424
 -0.09737183]",[0.0272244],1.3720375968258212
16,39145,"[ 0.01144233  0.0179954  -0.17223431 -0.44793419 -0.1449724  -0.02835207
 -0.01967263 -0.27146732 -0.16045132 -0.1487259  -0.13306096 -0.24702616
 -0.00521737 -0.13403151 -0.27595096 -0.22562966 -0.0107618  -0.39315424
 -0.09737183]",[-0.06014707],0.7028928837583402
16,39147,"[ 0.01144233  0.0179954  -0.17223431 -0.44793419 -0.1449724  -0.02835207
 -0.01967263 -0.27146732 -0.16045132 -0.1487259  -0.13306096 -0.24702616
 -0.00521737 -0.13403151 -0.27595096 -0.22562966 -0.0107618  -0.39315424
 -0.09737183]",[-0.17643685],-0.18772609779334354
16,39149,"[ 0.01144233  0.0179954  -0.17223431 -0.44793419 -0.1449724  -0.02835207
 -0.01967263 -0.27146732 -0.16045132 -0.1487259  -0.13306096 -0.24702616
 -0.00521737 -0.13403151 -0.27595096 -0.22562966 -0.0107618  -0.39315424
 -0.09737183]",[-0.14241953],0.07279955408518429
16,39151,"[ 0.01144233  0.0179954  -0.17223431 -0.44793419 -0.1449724  -0.02835207
 -0.01967263 -0.27146732 -0.16045132 -0.1487259  -0.13306096 -0.24702616
 -0.00521737 -0.13403151 -0.27595096 -0.22562966 -0.0107618  -0.39315424
 -0.09737183]",[-0.00474333],1.1272090068054332
16,39153,"[ 0.01144233  0.0179954  -0.17223431 -0.44793419 -0.1449724  -0.02835207
 -0.01967263 -0.27146732 -0.16045132 -0.1487259  -0.13306096 -0.24702616
 -0.00521737 -0.13403151 -0.27595096 -0.22562966 -0.0107618  -0.39315424
 -0.09737183]",[0.0144519],1.274217958951916
16,39155,"[ 0.01144233  0.0179954  -0.17223431 -0.44793419 -0.1449724  -0.02835207
 -0.01967263 -0.27146732 -0.16045132 -0.1487259  -0.13306096 -0.24702616
 -0.00521737 -0.13403151 -0.27595096 -0.22562966 -0.0107618  -0.39315424
 -0.09737183]",[-0.03758898],0.8756567166131715
16,39157,"[ 0.01144233  0.0179954  -0.17223431 -0.44793419 -0.1449724  -0.02835207
 -0.01967263 -0.27146732 -0.16045132 -0.1487259  -0.13306096 -0.24702616
 -0.00521737 -0.13403151 -0.27595096 -0.22562966 -0.0107618  -0.39315424
 -0.09737183]",[-0.01848633],1.0219565872707097
16,39159,"[ 0.01144233  0.0179954  -0.17223431 -0.44793419 -0.1449724  -0.02835207
 -0.01967263 -0.27146732 -0.16045132 -0.1487259  -0.13306096 -0.24702616
 -0.00521737 -0.13403151 -0.27595096 -0.22562966 -0.0107618  -0.39315424
 -0.09737183]",[-0.15323318],-0.01001810272648548
16,39161,"[ 0.01144233  0.0179954  -0.17223431 -0.44793419 -0.1449724  -0.02835207
 -0.01967263 -0.27146732 -0.16045132 -0.1487259  -0.13306096 -0.24702616
 -0.00521737 -0.13403151 -0.27595096 -0.22562966 -0.0107618  -0.39315424
 -0.09737183]",[-0.15540857],-0.026678568743218854
16,39165,"[ 0.01144233  0.0179954  -0.17223431 -0.44793419 -0.1449724  -0.02835207
 -0.01967263 -0.27146732 -0.16045132 -0.1487259  -0.13306096 -0.24702616
 -0.00521737 -0.13403151 -0.27595096 -0.22562966 -0.0107618  -0.39315424
 -0.09737183]",[-0.03437859],0.9002438805154274
16,39167,"[ 0.01144233  0.0179954  -0.17223431 -0.44793419 -0.1449724  -0.02835207
 -0.01967263 -0.27146732 -0.16045132 -0.1487259  -0.13306096 -0.24702616
 -0.00521737 -0.13403151 -0.27595096 -0.22562966 -0.0107618  -0.39315424
 -0.09737183]",[0.00308791],1.1871854909329176
16,39169,"[ 0.01144233  0.0179954  -0.17223431 -0.44793419 -0.1449724  -0.02835207
 -0.01967263 -0.27146732 -0.16045132 -0.1487259  -0.13306096 -0.24702616
 -0.00521737 -0.13403151 -0.27595096 -0.22562966 -0.0107618  -0.39315424
 -0.09737183]",[-0.06579524],0.6596357388843026
16,39171,"[ 0.01144233  0.0179954  -0.17223431 -0.44793419 -0.1449724  -0.02835207
 -0.01967263 -0.27146732 -0.16045132 -0.1487259  -0.13306096 -0.24702616
 -0.00521737 -0.13403151 -0.27595096 -0.22562966 -0.0107618  -0.39315424
 -0.09737183]",[-0.10802183],0.3362383683290733
16,39173,"[ 0.01144233  0.0179954  -0.17223431 -0.44793419 -0.1449724  -0.02835207
 -0.01967263 -0.27146732 -0.16045132 -0.1487259  -0.13306096 -0.24702616
 -0.00521737 -0.13403151 -0.27595096 -0.22562966 -0.0107618  -0.39315424
 -0.09737183]",[-0.01443019],1.0530209960789363
16,39175,"[ 0.01144233  0.0179954  -0.17223431 -0.44793419 -0.1449724  -0.02835207
 -0.01967263 -0.27146732 -0.16045132 -0.1487259  -0.13306096 -0.24702616
 -0.00521737 -0.13403151 -0.27595096 -0.22562966 -0.0107618  -0.39315424
 -0.09737183]",[-0.31292835],-1.233062451713383
16,40001,"[ 0.01144233  0.0179954  -0.17223431 -0.44793419 -0.1449724  -0.02835207
 -0.01967263 -0.27146732 -0.16045132 -0.1487259  -0.13306096 -0.24702616
 -0.00521737 -0.13403151 -0.27595096 -0.22562966 -0.0107618  -0.39315424
 -0.09737183]",[-0.35615166],-1.5640932694152676
16,40005,"[ 0.01144233  0.0179954  -0.17223431 -0.44793419 -0.1449724  -0.02835207
 -0.01967263 -0.27146732 -0.16045132 -0.1487259  -0.13306096 -0.24702616
 -0.00521737 -0.13403151 -0.27595096 -0.22562966 -0.0107618  -0.39315424
 -0.09737183]",[-0.32030206],-1.2895348402763644
16,40009,"[ 0.01144233  0.0179954  -0.17223431 -0.44793419 -0.1449724  -0.02835207
 -0.01967263 -0.27146732 -0.16045132 -0.1487259  -0.13306096 -0.24702616
 -0.00521737 -0.13403151 -0.27595096 -0.22562966 -0.0107618  -0.39315424
 -0.09737183]",[-0.36013107],-1.5945700566887908
16,40011,"[ 0.01144233  0.0179954  -0.17223431 -0.44793419 -0.1449724  -0.02835207
 -0.01967263 -0.27146732 -0.16045132 -0.1487259  -0.13306096 -0.24702616
 -0.00521737 -0.13403151 -0.27595096 -0.22562966 -0.0107618  -0.39315424
 -0.09737183]",[-0.14748759],0.03398518271973161
16,40013,"[ 0.01144233  0.0179954  -0.17223431 -0.44793419 -0.1449724  -0.02835207
 -0.01967263 -0.27146732 -0.16045132 -0.1487259  -0.13306096 -0.24702616
 -0.00521737 -0.13403151 -0.27595096 -0.22562966 -0.0107618  -0.39315424
 -0.09737183]",[-0.12448003],0.21019135368635258
16,40015,"[ 0.01144233  0.0179954  -0.17223431 -0.44793419 -0.1449724  -0.02835207
 -0.01967263 -0.27146732 -0.16045132 -0.1487259  -0.13306096 -0.24702616
 -0.00521737 -0.13403151 -0.27595096 -0.22562966 -0.0107618  -0.39315424
 -0.09737183]",[-0.10590774],0.3524293670947863
16,40017,"[ 0.01144233  0.0179954  -0.17223431 -0.44793419 -0.1449724  -0.02835207
 -0.01967263 -0.27146732 -0.16045132 -0.1487259  -0.13306096 -0.24702616
 -0.00521737 -0.13403151 -0.27595096 -0.22562966 -0.0107618  -0.39315424
 -0.09737183]",[-0.01778922],1.0272955134313104
16,40019,"[ 0.01144233  0.0179954  -0.17223431 -0.44793419 -0.1449724  -0.02835207
 -0.01967263 -0.27146732 -0.16045132 -0.1487259  -0.13306096 -0.24702616
 -0.00521737 -0.13403151 -0.27595096 -0.22562966 -0.0107618  -0.39315424
 -0.09737183]",[-0.10799067],0.3364770049437468
16,40021,"[ 0.01144233  0.0179954  -0.17223431 -0.44793419 -0.1449724  -0.02835207
 -0.01967263 -0.27146732 -0.16045132 -0.1487259  -0.13306096 -0.24702616
 -0.00521737 -0.13403151 -0.27595096 -0.22562966 -0.0107618  -0.39315424
 -0.09737183]",[-0.18875885],-0.28209564034524903
16,40023,"[ 0.01144233  0.0179954  -0.17223431 -0.44793419 -0.1449724  -0.02835207
 -0.01967263 -0.27146732 -0.16045132 -0.1487259  -0.13306096 -0.24702616
 -0.00521737 -0.13403151 -0.27595096 -0.22562966 -0.0107618  -0.39315424
 -0.09737183]",[-0.34224162],-1.457561552836974
16,40027,"[ 0.01144233  0.0179954  -0.17223431 -0.44793419 -0.1449724  -0.02835207
 -0.01967263 -0.27146732 -0.16045132 -0.1487259  -0.13306096 -0.24702616
 -0.00521737 -0.13403151 -0.27595096 -0.22562966 -0.0107618  -0.39315424
 -0.09737183]",[0.0940065],1.8834962737728755
16,40031,"[ 0.01144233  0.0179954  -0.17223431 -0.44793419 -0.1449724  -0.02835207
 -0.01967263 -0.27146732 -0.16045132 -0.1487259  -0.13306096 -0.24702616
 -0.00521737 -0.13403151 -0.27595096 -0.22562966 -0.0107618  -0.39315424
 -0.09737183]",[-0.03363291],0.905954733937295
16,40035,"[ 0.01144233  0.0179954  -0.17223431 -0.44793419 -0.1449724  -0.02835207
 -0.01967263 -0.27146732 -0.16045132 -0.1487259  -0.13306096 -0.24702616
 -0.00521737 -0.13403151 -0.27595096 -0.22562966 -0.0107618  -0.39315424
 -0.09737183]",[-0.10463996],0.3621388115146481
16,40037,"[ 0.01144233  0.0179954  -0.17223431 -0.44793419 -0.1449724  -0.02835207
 -0.01967263 -0.27146732 -0.16045132 -0.1487259  -0.13306096 -0.24702616
 -0.00521737 -0.13403151 -0.27595096 -0.22562966 -0.0107618  -0.39315424
 -0.09737183]",[-0.04416395],0.8253015270918008
16,40039,"[ 0.01144233  0.0179954  -0.17223431 -0.44793419 -0.1449724  -0.02835207
 -0.01967263 -0.27146732 -0.16045132 -0.1487259  -0.13306096 -0.24702616
 -0.00521737 -0.13403151 -0.27595096 -0.22562966 -0.0107618  -0.39315424
 -0.09737183]",[-0.269248],-0.8985312851697315
16,40041,"[ 0.01144233  0.0179954  -0.17223431 -0.44793419 -0.1449724  -0.02835207
 -0.01967263 -0.27146732 -0.16045132 -0.1487259  -0.13306096 -0.24702616
 -0.00521737 -0.13403151 -0.27595096 -0.22562966 -0.0107618  -0.39315424
 -0.09737183]",[-0.15183712],0.0006737849801705072
16,40047,"[ 0.01144233  0.0179954  -0.17223431 -0.44793419 -0.1449724  -0.02835207
 -0.01967263 -0.27146732 -0.16045132 -0.1487259  -0.13306096 -0.24702616
 -0.00521737 -0.13403151 -0.27595096 -0.22562966 -0.0107618  -0.39315424
 -0.09737183]",[-0.12777188],0.18498027063242437
16,40049,"[ 0.01144233  0.0179954  -0.17223431 -0.44793419 -0.1449724  -0.02835207
 -0.01967263 -0.27146732 -0.16045132 -0.1487259  -0.13306096 -0.24702616
 -0.00521737 -0.13403151 -0.27595096 -0.22562966 -0.0107618  -0.39315424
 -0.09737183]",[-0.05672252],0.7291201997126276
16,40051,"[ 0.01144233  0.0179954  -0.17223431 -0.44793419 -0.1449724  -0.02835207
 -0.01967263 -0.27146732 -0.16045132 -0.1487259  -0.13306096 -0.24702616
 -0.00521737 -0.13403151 -0.27595096 -0.22562966 -0.0107618  -0.39315424
 -0.09737183]",[-0.1803907],-0.21800716101979153
16,40061,"[ 0.01144233  0.0179954  -0.17223431 -0.44793419 -0.1449724  -0.02835207
 -0.01967263 -0.27146732 -0.16045132 -0.1487259  -0.13306096 -0.24702616
 -0.00521737 -0.13403151 -0.27595096 -0.22562966 -0.0107618  -0.39315424
 -0.09737183]",[-0.37833819],-1.7340113901146064
16,40063,"[ 0.01144233  0.0179954  -0.17223431 -0.44793419 -0.1449724  -0.02835207
 -0.01967263 -0.27146732 -0.16045132 -0.1487259  -0.13306096 -0.24702616
 -0.00521737 -0.13403151 -0.27595096 -0.22562966 -0.0107618  -0.39315424
 -0.09737183]",[-0.2513662],-0.7615814049885257
16,40065,"[ 0.01144233  0.0179954  -0.17223431 -0.44793419 -0.1449724  -0.02835207
 -0.01967263 -0.27146732 -0.16045132 -0.1487259  -0.13306096 -0.24702616
 -0.00521737 -0.13403151 -0.27595096 -0.22562966 -0.0107618  -0.39315424
 -0.09737183]",[-0.12391002],0.21455677750677352
16,40071,"[ 0.01144233  0.0179954  -0.17223431 -0.44793419 -0.1449724  -0.02835207
 -0.01967263 -0.27146732 -0.16045132 -0.1487259  -0.13306096 -0.24702616
 -0.00521737 -0.13403151 -0.27595096 -0.22562966 -0.0107618  -0.39315424
 -0.09737183]",[-0.07296196],0.6047485439772208
16,40073,"[ 0.01144233  0.0179954  -0.17223431 -0.44793419 -0.1449724  -0.02835207
 -0.01967263 -0.27146732 -0.16045132 -0.1487259  -0.13306096 -0.24702616
 -0.00521737 -0.13403151 -0.27595096 -0.22562966 -0.0107618  -0.39315424
 -0.09737183]",[-0.35127606],-1.5267528739071117
16,40079,"[ 0.01144233  0.0179954  -0.17223431 -0.44793419 -0.1449724  -0.02835207
 -0.01967263 -0.27146732 -0.16045132 -0.1487259  -0.13306096 -0.24702616
 -0.00521737 -0.13403151 -0.27595096 -0.22562966 -0.0107618  -0.39315424
 -0.09737183]",[-0.0588355],0.7129377163749546
16,40081,"[ 0.01144233  0.0179954  -0.17223431 -0.44793419 -0.1449724  -0.02835207
 -0.01967263 -0.27146732 -0.16045132 -0.1487259  -0.13306096 -0.24702616
 -0.00521737 -0.13403151 -0.27595096 -0.22562966 -0.0107618  -0.39315424
 -0.09737183]",[-0.09810761],0.4121676388847814
16,40083,"[ 0.01144233  0.0179954  -0.17223431 -0.44793419 -0.1449724  -0.02835207
 -0.01967263 -0.27146732 -0.16045132 -0.1487259  -0.13306096 -0.24702616
 -0.00521737 -0.13403151 -0.27595096 -0.22562966 -0.0107618  -0.39315424
 -0.09737183]",[-0.10334135],0.37208438086424106
16,40087,"[ 0.01144233  0.0179954  -0.17223431 -0.44793419 -0.1449724  -0.02835207
 -0.01967263 -0.27146732 -0.16045132 -0.1487259  -0.13306096 -0.24702616
 -0.00521737 -0.13403151 -0.27595096 -0.22562966 -0.0107618  -0.39315424
 -0.09737183]",[-0.25856199],-0.8166912431583084
16,40091,"[ 0.01144233  0.0179954  -0.17223431 -0.44793419 -0.1449724  -0.02835207
 -0.01967263 -0.27146732 -0.16045132 -0.1487259  -0.13306096 -0.24702616
 -0.00521737 -0.13403151 -0.27595096 -0.22562966 -0.0107618  -0.39315424
 -0.09737183]",[-0.36144888],-1.6046626074954375
16,40089,"[ 0.01144233  0.0179954  -0.17223431 -0.44793419 -0.1449724  -0.02835207
 -0.01967263 -0.27146732 -0.16045132 -0.1487259  -0.13306096 -0.24702616
 -0.00521737 -0.13403151 -0.27595096 -0.22562966 -0.0107618  -0.39315424
 -0.09737183]",[-0.13816081],0.10541547744985046
16,40095,"[ 0.01144233  0.0179954  -0.17223431 -0.44793419 -0.1449724  -0.02835207
 -0.01967263 -0.27146732 -0.16045132 -0.1487259  -0.13306096 -0.24702616
 -0.00521737 -0.13403151 -0.27595096 -0.22562966 -0.0107618  -0.39315424
 -0.09737183]",[-0.18836391],-0.27907094773493457
16,40097,"[ 0.01144233  0.0179954  -0.17223431 -0.44793419 -0.1449724  -0.02835207
 -0.01967263 -0.27146732 -0.16045132 -0.1487259  -0.13306096 -0.24702616
 -0.00521737 -0.13403151 -0.27595096 -0.22562966 -0.0107618  -0.39315424
 -0.09737183]",[0.26517404],3.194403086579244
16,40103,"[ 0.01144233  0.0179954  -0.17223431 -0.44793419 -0.1449724  -0.02835207
 -0.01967263 -0.27146732 -0.16045132 -0.1487259  -0.13306096 -0.24702616
 -0.00521737 -0.13403151 -0.27595096 -0.22562966 -0.0107618  -0.39315424
 -0.09737183]",[-0.30981299],-1.2092030828008256
16,40101,"[ 0.01144233  0.0179954  -0.17223431 -0.44793419 -0.1449724  -0.02835207
 -0.01967263 -0.27146732 -0.16045132 -0.1487259  -0.13306096 -0.24702616
 -0.00521737 -0.13403151 -0.27595096 -0.22562966 -0.0107618  -0.39315424
 -0.09737183]",[-0.01844184],1.0222973068086951
16,40105,"[ 0.01144233  0.0179954  -0.17223431 -0.44793419 -0.1449724  -0.02835207
 -0.01967263 -0.27146732 -0.16045132 -0.1487259  -0.13306096 -0.24702616
 -0.00521737 -0.13403151 -0.27595096 -0.22562966 -0.0107618  -0.39315424
 -0.09737183]",[-0.17946039],-0.2108822802415849
16,40107,"[ 0.01144233  0.0179954  -0.17223431 -0.44793419 -0.1449724  -0.02835207
 -0.01967263 -0.27146732 -0.16045132 -0.1487259  -0.13306096 -0.24702616
 -0.00521737 -0.13403151 -0.27595096 -0.22562966 -0.0107618  -0.39315424
 -0.09737183]",[-0.46098458],-2.366968585670066
16,40109,"[ 0.01144233  0.0179954  -0.17223431 -0.44793419 -0.1449724  -0.02835207
 -0.01967263 -0.27146732 -0.16045132 -0.1487259  -0.13306096 -0.24702616
 -0.00521737 -0.13403151 -0.27595096 -0.22562966 -0.0107618  -0.39315424
 -0.09737183]",[0.00946513],1.236026189966363
16,40111,"[ 0.01144233  0.0179954  -0.17223431 -0.44793419 -0.1449724  -0.02835207
 -0.01967263 -0.27146732 -0.16045132 -0.1487259  -0.13306096 -0.24702616
 -0.00521737 -0.13403151 -0.27595096 -0.22562966 -0.0107618  -0.39315424
 -0.09737183]",[-0.08577326],0.5066316913538808
16,40113,"[ 0.01144233  0.0179954  -0.17223431 -0.44793419 -0.1449724  -0.02835207
 -0.01967263 -0.27146732 -0.16045132 -0.1487259  -0.13306096 -0.24702616
 -0.00521737 -0.13403151 -0.27595096 -0.22562966 -0.0107618  -0.39315424
 -0.09737183]",[-0.12004434],0.24416260554967986
16,40115,"[ 0.01144233  0.0179954  -0.17223431 -0.44793419 -0.1449724  -0.02835207
 -0.01967263 -0.27146732 -0.16045132 -0.1487259  -0.13306096 -0.24702616
 -0.00521737 -0.13403151 -0.27595096 -0.22562966 -0.0107618  -0.39315424
 -0.09737183]",[-0.07218802],0.6106758574238231
16,40117,"[ 0.01144233  0.0179954  -0.17223431 -0.44793419 -0.1449724  -0.02835207
 -0.01967263 -0.27146732 -0.16045132 -0.1487259  -0.13306096 -0.24702616
 -0.00521737 -0.13403151 -0.27595096 -0.22562966 -0.0107618  -0.39315424
 -0.09737183]",[0.20170616],2.7083268171833113
16,40119,"[ 0.01144233  0.0179954  -0.17223431 -0.44793419 -0.1449724  -0.02835207
 -0.01967263 -0.27146732 -0.16045132 -0.1487259  -0.13306096 -0.24702616
 -0.00521737 -0.13403151 -0.27595096 -0.22562966 -0.0107618  -0.39315424
 -0.09737183]",[0.00727339],1.2192404335081806
16,40121,"[ 0.01144233  0.0179954  -0.17223431 -0.44793419 -0.1449724  -0.02835207
 -0.01967263 -0.27146732 -0.16045132 -0.1487259  -0.13306096 -0.24702616
 -0.00521737 -0.13403151 -0.27595096 -0.22562966 -0.0107618  -0.39315424
 -0.09737183]",[-0.10417537],0.3656969425498808
16,40123,"[ 0.01144233  0.0179954  -0.17223431 -0.44793419 -0.1449724  -0.02835207
 -0.01967263 -0.27146732 -0.16045132 -0.1487259  -0.13306096 -0.24702616
 -0.00521737 -0.13403151 -0.27595096 -0.22562966 -0.0107618  -0.39315424
 -0.09737183]",[-0.11871062],0.25437705772260255
16,40125,"[ 0.01144233  0.0179954  -0.17223431 -0.44793419 -0.1449724  -0.02835207
 -0.01967263 -0.27146732 -0.16045132 -0.1487259  -0.13306096 -0.24702616
 -0.00521737 -0.13403151 -0.27595096 -0.22562966 -0.0107618  -0.39315424
 -0.09737183]",[-0.04515181],0.8177358955004064
16,40131,"[ 0.01144233  0.0179954  -0.17223431 -0.44793419 -0.1449724  -0.02835207
 -0.01967263 -0.27146732 -0.16045132 -0.1487259  -0.13306096 -0.24702616
 -0.00521737 -0.13403151 -0.27595096 -0.22562966 -0.0107618  -0.39315424
 -0.09737183]",[-0.05176869],0.7670597099400183
16,40133,"[ 0.01144233  0.0179954  -0.17223431 -0.44793419 -0.1449724  -0.02835207
 -0.01967263 -0.27146732 -0.16045132 -0.1487259  -0.13306096 -0.24702616
 -0.00521737 -0.13403151 -0.27595096 -0.22562966 -0.0107618  -0.39315424
 -0.09737183]",[-0.0289227],0.9420284318712564
16,40135,"[ 0.01144233  0.0179954  -0.17223431 -0.44793419 -0.1449724  -0.02835207
 -0.01967263 -0.27146732 -0.16045132 -0.1487259  -0.13306096 -0.24702616
 -0.00521737 -0.13403151 -0.27595096 -0.22562966 -0.0107618  -0.39315424
 -0.09737183]",[-0.07111024],0.6189301276806682
16,40137,"[ 0.01144233  0.0179954  -0.17223431 -0.44793419 -0.1449724  -0.02835207
 -0.01967263 -0.27146732 -0.16045132 -0.1487259  -0.13306096 -0.24702616
 -0.00521737 -0.13403151 -0.27595096 -0.22562966 -0.0107618  -0.39315424
 -0.09737183]",[-0.1457911],0.04697797967367392
16,40139,"[ 0.01144233  0.0179954  -0.17223431 -0.44793419 -0.1449724  -0.02835207
 -0.01967263 -0.27146732 -0.16045132 -0.1487259  -0.13306096 -0.24702616
 -0.00521737 -0.13403151 -0.27595096 -0.22562966 -0.0107618  -0.39315424
 -0.09737183]",[-0.41151526],-1.9881019021992647
16,40141,"[ 0.01144233  0.0179954  -0.17223431 -0.44793419 -0.1449724  -0.02835207
 -0.01967263 -0.27146732 -0.16045132 -0.1487259  -0.13306096 -0.24702616
 -0.00521737 -0.13403151 -0.27595096 -0.22562966 -0.0107618  -0.39315424
 -0.09737183]",[-0.16094941],-0.06911374772363159
16,40143,"[ 0.01144233  0.0179954  -0.17223431 -0.44793419 -0.1449724  -0.02835207
 -0.01967263 -0.27146732 -0.16045132 -0.1487259  -0.13306096 -0.24702616
 -0.00521737 -0.13403151 -0.27595096 -0.22562966 -0.0107618  -0.39315424
 -0.09737183]",[-0.00401255],1.132805752057002
16,40145,"[ 0.01144233  0.0179954  -0.17223431 -0.44793419 -0.1449724  -0.02835207
 -0.01967263 -0.27146732 -0.16045132 -0.1487259  -0.13306096 -0.24702616
 -0.00521737 -0.13403151 -0.27595096 -0.22562966 -0.0107618  -0.39315424
 -0.09737183]",[-0.08161997],0.5384401877882988
16,40147,"[ 0.01144233  0.0179954  -0.17223431 -0.44793419 -0.1449724  -0.02835207
 -0.01967263 -0.27146732 -0.16045132 -0.1487259  -0.13306096 -0.24702616
 -0.00521737 -0.13403151 -0.27595096 -0.22562966 -0.0107618  -0.39315424
 -0.09737183]",[-0.05936667],0.708869699862864
16,40149,"[ 0.01144233  0.0179954  -0.17223431 -0.44793419 -0.1449724  -0.02835207
 -0.01967263 -0.27146732 -0.16045132 -0.1487259  -0.13306096 -0.24702616
 -0.00521737 -0.13403151 -0.27595096 -0.22562966 -0.0107618  -0.39315424
 -0.09737183]",[-0.34327418],-1.465469526627227
16,40153,"[ 0.01144233  0.0179954  -0.17223431 -0.44793419 -0.1449724  -0.02835207
 -0.01967263 -0.27146732 -0.16045132 -0.1487259  -0.13306096 -0.24702616
 -0.00521737 -0.13403151 -0.27595096 -0.22562966 -0.0107618  -0.39315424
 -0.09737183]",[-0.27488536],-0.941705648462268
16,41001,"[ 0.01144233  0.0179954  -0.17223431 -0.44793419 -0.1449724  -0.02835207
 -0.01967263 -0.27146732 -0.16045132 -0.1487259  -0.13306096 -0.24702616
 -0.00521737 -0.13403151 -0.27595096 -0.22562966 -0.0107618  -0.39315424
 -0.09737183]",[-0.13956364],0.09467168073800901
16,41003,"[ 0.01144233  0.0179954  -0.17223431 -0.44793419 -0.1449724  -0.02835207
 -0.01967263 -0.27146732 -0.16045132 -0.1487259  -0.13306096 -0.24702616
 -0.00521737 -0.13403151 -0.27595096 -0.22562966 -0.0107618  -0.39315424
 -0.09737183]",[-0.01675314],1.0352304220832753
16,41005,"[ 0.01144233  0.0179954  -0.17223431 -0.44793419 -0.1449724  -0.02835207
 -0.01967263 -0.27146732 -0.16045132 -0.1487259  -0.13306096 -0.24702616
 -0.00521737 -0.13403151 -0.27595096 -0.22562966 -0.0107618  -0.39315424
 -0.09737183]",[-0.01091116],1.079971972538007
16,41007,"[ 0.01144233  0.0179954  -0.17223431 -0.44793419 -0.1449724  -0.02835207
 -0.01967263 -0.27146732 -0.16045132 -0.1487259  -0.13306096 -0.24702616
 -0.00521737 -0.13403151 -0.27595096 -0.22562966 -0.0107618  -0.39315424
 -0.09737183]",[-0.03100721],0.9260639620527298
16,41009,"[ 0.01144233  0.0179954  -0.17223431 -0.44793419 -0.1449724  -0.02835207
 -0.01967263 -0.27146732 -0.16045132 -0.1487259  -0.13306096 -0.24702616
 -0.00521737 -0.13403151 -0.27595096 -0.22562966 -0.0107618  -0.39315424
 -0.09737183]",[-0.08690037],0.4979995762510558
16,41011,"[ 0.01144233  0.0179954  -0.17223431 -0.44793419 -0.1449724  -0.02835207
 -0.01967263 -0.27146732 -0.16045132 -0.1487259  -0.13306096 -0.24702616
 -0.00521737 -0.13403151 -0.27595096 -0.22562966 -0.0107618  -0.39315424
 -0.09737183]",[-0.15718203],-0.04026083550838707
16,41013,"[ 0.01144233  0.0179954  -0.17223431 -0.44793419 -0.1449724  -0.02835207
 -0.01967263 -0.27146732 -0.16045132 -0.1487259  -0.13306096 -0.24702616
 -0.00521737 -0.13403151 -0.27595096 -0.22562966 -0.0107618  -0.39315424
 -0.09737183]",[-0.45044349],-2.286238375178675
16,41015,"[ 0.01144233  0.0179954  -0.17223431 -0.44793419 -0.1449724  -0.02835207
 -0.01967263 -0.27146732 -0.16045132 -0.1487259  -0.13306096 -0.24702616
 -0.00521737 -0.13403151 -0.27595096 -0.22562966 -0.0107618  -0.39315424
 -0.09737183]",[-0.25788145],-0.8114792367049002
16,41017,"[ 0.01144233  0.0179954  -0.17223431 -0.44793419 -0.1449724  -0.02835207
 -0.01967263 -0.27146732 -0.16045132 -0.1487259  -0.13306096 -0.24702616
 -0.00521737 -0.13403151 -0.27595096 -0.22562966 -0.0107618  -0.39315424
 -0.09737183]",[-0.03742769],0.8768919413441201
16,41019,"[ 0.01144233  0.0179954  -0.17223431 -0.44793419 -0.1449724  -0.02835207
 -0.01967263 -0.27146732 -0.16045132 -0.1487259  -0.13306096 -0.24702616
 -0.00521737 -0.13403151 -0.27595096 -0.22562966 -0.0107618  -0.39315424
 -0.09737183]",[-0.01849107],1.0219202687080917
16,41027,"[ 0.01144233  0.0179954  -0.17223431 -0.44793419 -0.1449724  -0.02835207
 -0.01967263 -0.27146732 -0.16045132 -0.1487259  -0.13306096 -0.24702616
 -0.00521737 -0.13403151 -0.27595096 -0.22562966 -0.0107618  -0.39315424
 -0.09737183]",[-0.42247784],-2.0720601112987476
16,41029,"[ 0.01144233  0.0179954  -0.17223431 -0.44793419 -0.1449724  -0.02835207
 -0.01967263 -0.27146732 -0.16045132 -0.1487259  -0.13306096 -0.24702616
 -0.00521737 -0.13403151 -0.27595096 -0.22562966 -0.0107618  -0.39315424
 -0.09737183]",[-0.03485325],0.8966086069501138
16,41031,"[ 0.01144233  0.0179954  -0.17223431 -0.44793419 -0.1449724  -0.02835207
 -0.01967263 -0.27146732 -0.16045132 -0.1487259  -0.13306096 -0.24702616
 -0.00521737 -0.13403151 -0.27595096 -0.22562966 -0.0107618  -0.39315424
 -0.09737183]",[-0.3395407],-1.436876213838316
16,41033,"[ 0.01144233  0.0179954  -0.17223431 -0.44793419 -0.1449724  -0.02835207
 -0.01967263 -0.27146732 -0.16045132 -0.1487259  -0.13306096 -0.24702616
 -0.00521737 -0.13403151 -0.27595096 -0.22562966 -0.0107618  -0.39315424
 -0.09737183]",[0.04178468],1.4835492320987071
16,41035,"[ 0.01144233  0.0179954  -0.17223431 -0.44793419 -0.1449724  -0.02835207
 -0.01967263 -0.27146732 -0.16045132 -0.1487259  -0.13306096 -0.24702616
 -0.00521737 -0.13403151 -0.27595096 -0.22562966 -0.0107618  -0.39315424
 -0.09737183]",[-0.01555584],1.0444001223308181
16,41039,"[ 0.01144233  0.0179954  -0.17223431 -0.44793419 -0.1449724  -0.02835207
 -0.01967263 -0.27146732 -0.16045132 -0.1487259  -0.13306096 -0.24702616
 -0.00521737 -0.13403151 -0.27595096 -0.22562966 -0.0107618  -0.39315424
 -0.09737183]",[-0.01489516],1.0494600072860272
16,41041,"[ 0.01144233  0.0179954  -0.17223431 -0.44793419 -0.1449724  -0.02835207
 -0.01967263 -0.27146732 -0.16045132 -0.1487259  -0.13306096 -0.24702616
 -0.00521737 -0.13403151 -0.27595096 -0.22562966 -0.0107618  -0.39315424
 -0.09737183]",[-0.06711115],0.6495576883617247
16,41043,"[ 0.01144233  0.0179954  -0.17223431 -0.44793419 -0.1449724  -0.02835207
 -0.01967263 -0.27146732 -0.16045132 -0.1487259  -0.13306096 -0.24702616
 -0.00521737 -0.13403151 -0.27595096 -0.22562966 -0.0107618  -0.39315424
 -0.09737183]",[-0.0564538],0.7311782489383952
16,41045,"[ 0.01144233  0.0179954  -0.17223431 -0.44793419 -0.1449724  -0.02835207
 -0.01967263 -0.27146732 -0.16045132 -0.1487259  -0.13306096 -0.24702616
 -0.00521737 -0.13403151 -0.27595096 -0.22562966 -0.0107618  -0.39315424
 -0.09737183]",[-0.14686321],0.03876711716548826
16,41047,"[ 0.01144233  0.0179954  -0.17223431 -0.44793419 -0.1449724  -0.02835207
 -0.01967263 -0.27146732 -0.16045132 -0.1487259  -0.13306096 -0.24702616
 -0.00521737 -0.13403151 -0.27595096 -0.22562966 -0.0107618  -0.39315424
 -0.09737183]",[-0.00610746],1.1167616527302815
16,41051,"[ 0.01144233  0.0179954  -0.17223431 -0.44793419 -0.1449724  -0.02835207
 -0.01967263 -0.27146732 -0.16045132 -0.1487259  -0.13306096 -0.24702616
 -0.00521737 -0.13403151 -0.27595096 -0.22562966 -0.0107618  -0.39315424
 -0.09737183]",[0.02430189],1.3496552768688534
16,41053,"[ 0.01144233  0.0179954  -0.17223431 -0.44793419 -0.1449724  -0.02835207
 -0.01967263 -0.27146732 -0.16045132 -0.1487259  -0.13306096 -0.24702616
 -0.00521737 -0.13403151 -0.27595096 -0.22562966 -0.0107618  -0.39315424
 -0.09737183]",[-0.11230691],0.3034205860638231
16,41057,"[ 0.01144233  0.0179954  -0.17223431 -0.44793419 -0.1449724  -0.02835207
 -0.01967263 -0.27146732 -0.16045132 -0.1487259  -0.13306096 -0.24702616
 -0.00521737 -0.13403151 -0.27595096 -0.22562966 -0.0107618  -0.39315424
 -0.09737183]",[-0.13132381],0.15777745258972767
16,41059,"[ 0.01144233  0.0179954  -0.17223431 -0.44793419 -0.1449724  -0.02835207
 -0.01967263 -0.27146732 -0.16045132 -0.1487259  -0.13306096 -0.24702616
 -0.00521737 -0.13403151 -0.27595096 -0.22562966 -0.0107618  -0.39315424
 -0.09737183]",[-0.09226609],0.45690555143336037
16,41061,"[ 0.01144233  0.0179954  -0.17223431 -0.44793419 -0.1449724  -0.02835207
 -0.01967263 -0.27146732 -0.16045132 -0.1487259  -0.13306096 -0.24702616
 -0.00521737 -0.13403151 -0.27595096 -0.22562966 -0.0107618  -0.39315424
 -0.09737183]",[-0.16260304],-0.0817782877430594
16,41065,"[ 0.01144233  0.0179954  -0.17223431 -0.44793419 -0.1449724  -0.02835207
 -0.01967263 -0.27146732 -0.16045132 -0.1487259  -0.13306096 -0.24702616
 -0.00521737 -0.13403151 -0.27595096 -0.22562966 -0.0107618  -0.39315424
 -0.09737183]",[-0.02157581],0.9982954790265649
16,41067,"[ 0.01144233  0.0179954  -0.17223431 -0.44793419 -0.1449724  -0.02835207
 -0.01967263 -0.27146732 -0.16045132 -0.1487259  -0.13306096 -0.24702616
 -0.00521737 -0.13403151 -0.27595096 -0.22562966 -0.0107618  -0.39315424
 -0.09737183]",[-0.01435402],1.0536043955834276
16,42001,"[ 0.01144233  0.0179954  -0.17223431 -0.44793419 -0.1449724  -0.02835207
 -0.01967263 -0.27146732 -0.16045132 -0.1487259  -0.13306096 -0.24702616
 -0.00521737 -0.13403151 -0.27595096 -0.22562966 -0.0107618  -0.39315424
 -0.09737183]",[-0.04732801],0.8010692163742059
16,41071,"[ 0.01144233  0.0179954  -0.17223431 -0.44793419 -0.1449724  -0.02835207
 -0.01967263 -0.27146732 -0.16045132 -0.1487259  -0.13306096 -0.24702616
 -0.00521737 -0.13403151 -0.27595096 -0.22562966 -0.0107618  -0.39315424
 -0.09737183]",[-0.04523763],0.8170786438514229
16,42003,"[ 0.01144233  0.0179954  -0.17223431 -0.44793419 -0.1449724  -0.02835207
 -0.01967263 -0.27146732 -0.16045132 -0.1487259  -0.13306096 -0.24702616
 -0.00521737 -0.13403151 -0.27595096 -0.22562966 -0.0107618  -0.39315424
 -0.09737183]",[0.00163699],1.176073398946835
16,42005,"[ 0.01144233  0.0179954  -0.17223431 -0.44793419 -0.1449724  -0.02835207
 -0.01967263 -0.27146732 -0.16045132 -0.1487259  -0.13306096 -0.24702616
 -0.00521737 -0.13403151 -0.27595096 -0.22562966 -0.0107618  -0.39315424
 -0.09737183]",[-0.017659],1.0282927782286002
16,42007,"[ 0.01144233  0.0179954  -0.17223431 -0.44793419 -0.1449724  -0.02835207
 -0.01967263 -0.27146732 -0.16045132 -0.1487259  -0.13306096 -0.24702616
 -0.00521737 -0.13403151 -0.27595096 -0.22562966 -0.0107618  -0.39315424
 -0.09737183]",[-0.0441908],0.8250958955432232
16,42009,"[ 0.01144233  0.0179954  -0.17223431 -0.44793419 -0.1449724  -0.02835207
 -0.01967263 -0.27146732 -0.16045132 -0.1487259  -0.13306096 -0.24702616
 -0.00521737 -0.13403151 -0.27595096 -0.22562966 -0.0107618  -0.39315424
 -0.09737183]",[-0.14479687],0.05459240829973344
16,42011,"[ 0.01144233  0.0179954  -0.17223431 -0.44793419 -0.1449724  -0.02835207
 -0.01967263 -0.27146732 -0.16045132 -0.1487259  -0.13306096 -0.24702616
 -0.00521737 -0.13403151 -0.27595096 -0.22562966 -0.0107618  -0.39315424
 -0.09737183]",[0.03014203],1.3943826410560056
16,42013,"[ 0.01144233  0.0179954  -0.17223431 -0.44793419 -0.1449724  -0.02835207
 -0.01967263 -0.27146732 -0.16045132 -0.1487259  -0.13306096 -0.24702616
 -0.00521737 -0.13403151 -0.27595096 -0.22562966 -0.0107618  -0.39315424
 -0.09737183]",[0.04254592],1.4893792732709368
16,42015,"[ 0.01144233  0.0179954  -0.17223431 -0.44793419 -0.1449724  -0.02835207
 -0.01967263 -0.27146732 -0.16045132 -0.1487259  -0.13306096 -0.24702616
 -0.00521737 -0.13403151 -0.27595096 -0.22562966 -0.0107618  -0.39315424
 -0.09737183]",[-0.15208072],-0.0011918317397721114
16,42017,"[ 0.01144233  0.0179954  -0.17223431 -0.44793419 -0.1449724  -0.02835207
 -0.01967263 -0.27146732 -0.16045132 -0.1487259  -0.13306096 -0.24702616
 -0.00521737 -0.13403151 -0.27595096 -0.22562966 -0.0107618  -0.39315424
 -0.09737183]",[-0.016031],1.0407610324059113
16,42019,"[ 0.01144233  0.0179954  -0.17223431 -0.44793419 -0.1449724  -0.02835207
 -0.01967263 -0.27146732 -0.16045132 -0.1487259  -0.13306096 -0.24702616
 -0.00521737 -0.13403151 -0.27595096 -0.22562966 -0.0107618  -0.39315424
 -0.09737183]",[-0.01263501],1.066769599409975
16,42021,"[ 0.01144233  0.0179954  -0.17223431 -0.44793419 -0.1449724  -0.02835207
 -0.01967263 -0.27146732 -0.16045132 -0.1487259  -0.13306096 -0.24702616
 -0.00521737 -0.13403151 -0.27595096 -0.22562966 -0.0107618  -0.39315424
 -0.09737183]",[-0.00531659],1.1228186451281348
16,42025,"[ 0.01144233  0.0179954  -0.17223431 -0.44793419 -0.1449724  -0.02835207
 -0.01967263 -0.27146732 -0.16045132 -0.1487259  -0.13306096 -0.24702616
 -0.00521737 -0.13403151 -0.27595096 -0.22562966 -0.0107618  -0.39315424
 -0.09737183]",[-0.09950544],0.4014621935170332
16,42027,"[ 0.01144233  0.0179954  -0.17223431 -0.44793419 -0.1449724  -0.02835207
 -0.01967263 -0.27146732 -0.16045132 -0.1487259  -0.13306096 -0.24702616
 -0.00521737 -0.13403151 -0.27595096 -0.22562966 -0.0107618  -0.39315424
 -0.09737183]",[-0.00838901],1.0992880836772703
16,42029,"[ 0.01144233  0.0179954  -0.17223431 -0.44793419 -0.1449724  -0.02835207
 -0.01967263 -0.27146732 -0.16045132 -0.1487259  -0.13306096 -0.24702616
 -0.00521737 -0.13403151 -0.27595096 -0.22562966 -0.0107618  -0.39315424
 -0.09737183]",[-0.00747068],1.1063212559893478
16,42031,"[ 0.01144233  0.0179954  -0.17223431 -0.44793419 -0.1449724  -0.02835207
 -0.01967263 -0.27146732 -0.16045132 -0.1487259  -0.13306096 -0.24702616
 -0.00521737 -0.13403151 -0.27595096 -0.22562966 -0.0107618  -0.39315424
 -0.09737183]",[-0.14709554],0.036987794817371314
16,42035,"[ 0.01144233  0.0179954  -0.17223431 -0.44793419 -0.1449724  -0.02835207
 -0.01967263 -0.27146732 -0.16045132 -0.1487259  -0.13306096 -0.24702616
 -0.00521737 -0.13403151 -0.27595096 -0.22562966 -0.0107618  -0.39315424
 -0.09737183]",[-0.13613045],0.12096518938973484
16,42033,"[ 0.01144233  0.0179954  -0.17223431 -0.44793419 -0.1449724  -0.02835207
 -0.01967263 -0.27146732 -0.16045132 -0.1487259  -0.13306096 -0.24702616
 -0.00521737 -0.13403151 -0.27595096 -0.22562966 -0.0107618  -0.39315424
 -0.09737183]",[0.12634956],2.1311994000260297
16,42037,"[ 0.01144233  0.0179954  -0.17223431 -0.44793419 -0.1449724  -0.02835207
 -0.01967263 -0.27146732 -0.16045132 -0.1487259  -0.13306096 -0.24702616
 -0.00521737 -0.13403151 -0.27595096 -0.22562966 -0.0107618  -0.39315424
 -0.09737183]",[-0.10652159],0.34772812098155786
16,42039,"[ 0.01144233  0.0179954  -0.17223431 -0.44793419 -0.1449724  -0.02835207
 -0.01967263 -0.27146732 -0.16045132 -0.1487259  -0.13306096 -0.24702616
 -0.00521737 -0.13403151 -0.27595096 -0.22562966 -0.0107618  -0.39315424
 -0.09737183]",[-0.11047174],0.31747545084823425
16,42041,"[ 0.01144233  0.0179954  -0.17223431 -0.44793419 -0.1449724  -0.02835207
 -0.01967263 -0.27146732 -0.16045132 -0.1487259  -0.13306096 -0.24702616
 -0.00521737 -0.13403151 -0.27595096 -0.22562966 -0.0107618  -0.39315424
 -0.09737183]",[0.0185538],1.3056328085397617
16,42043,"[ 0.01144233  0.0179954  -0.17223431 -0.44793419 -0.1449724  -0.02835207
 -0.01967263 -0.27146732 -0.16045132 -0.1487259  -0.13306096 -0.24702616
 -0.00521737 -0.13403151 -0.27595096 -0.22562966 -0.0107618  -0.39315424
 -0.09737183]",[-0.00637766],1.1146923129948816
16,42045,"[ 0.01144233  0.0179954  -0.17223431 -0.44793419 -0.1449724  -0.02835207
 -0.01967263 -0.27146732 -0.16045132 -0.1487259  -0.13306096 -0.24702616
 -0.00521737 -0.13403151 -0.27595096 -0.22562966 -0.0107618  -0.39315424
 -0.09737183]",[0.00323676],1.1883254392494784
16,42047,"[ 0.01144233  0.0179954  -0.17223431 -0.44793419 -0.1449724  -0.02835207
 -0.01967263 -0.27146732 -0.16045132 -0.1487259  -0.13306096 -0.24702616
 -0.00521737 -0.13403151 -0.27595096 -0.22562966 -0.0107618  -0.39315424
 -0.09737183]",[-0.02555266],0.9678382686925749
16,42049,"[ 0.01144233  0.0179954  -0.17223431 -0.44793419 -0.1449724  -0.02835207
 -0.01967263 -0.27146732 -0.16045132 -0.1487259  -0.13306096 -0.24702616
 -0.00521737 -0.13403151 -0.27595096 -0.22562966 -0.0107618  -0.39315424
 -0.09737183]",[-0.01313266],1.0629583101010656
16,42051,"[ 0.01144233  0.0179954  -0.17223431 -0.44793419 -0.1449724  -0.02835207
 -0.01967263 -0.27146732 -0.16045132 -0.1487259  -0.13306096 -0.24702616
 -0.00521737 -0.13403151 -0.27595096 -0.22562966 -0.0107618  -0.39315424
 -0.09737183]",[-0.02819895],0.9475713303694682
16,42055,"[ 0.01144233  0.0179954  -0.17223431 -0.44793419 -0.1449724  -0.02835207
 -0.01967263 -0.27146732 -0.16045132 -0.1487259  -0.13306096 -0.24702616
 -0.00521737 -0.13403151 -0.27595096 -0.22562966 -0.0107618  -0.39315424
 -0.09737183]",[-0.06556364],0.661409483383425
16,42059,"[ 0.01144233  0.0179954  -0.17223431 -0.44793419 -0.1449724  -0.02835207
 -0.01967263 -0.27146732 -0.16045132 -0.1487259  -0.13306096 -0.24702616
 -0.00521737 -0.13403151 -0.27595096 -0.22562966 -0.0107618  -0.39315424
 -0.09737183]",[-0.13696676],0.11456019979513654
16,42061,"[ 0.01144233  0.0179954  -0.17223431 -0.44793419 -0.1449724  -0.02835207
 -0.01967263 -0.27146732 -0.16045132 -0.1487259  -0.13306096 -0.24702616
 -0.00521737 -0.13403151 -0.27595096 -0.22562966 -0.0107618  -0.39315424
 -0.09737183]",[-0.04426447],0.8245317037486717
16,42063,"[ 0.01144233  0.0179954  -0.17223431 -0.44793419 -0.1449724  -0.02835207
 -0.01967263 -0.27146732 -0.16045132 -0.1487259  -0.13306096 -0.24702616
 -0.00521737 -0.13403151 -0.27595096 -0.22562966 -0.0107618  -0.39315424
 -0.09737183]",[-0.03297537],0.9109905675137521
16,42065,"[ 0.01144233  0.0179954  -0.17223431 -0.44793419 -0.1449724  -0.02835207
 -0.01967263 -0.27146732 -0.16045132 -0.1487259  -0.13306096 -0.24702616
 -0.00521737 -0.13403151 -0.27595096 -0.22562966 -0.0107618  -0.39315424
 -0.09737183]",[-0.01352059],1.0599872867656674
16,42067,"[ 0.01144233  0.0179954  -0.17223431 -0.44793419 -0.1449724  -0.02835207
 -0.01967263 -0.27146732 -0.16045132 -0.1487259  -0.13306096 -0.24702616
 -0.00521737 -0.13403151 -0.27595096 -0.22562966 -0.0107618  -0.39315424
 -0.09737183]",[-0.15317019],-0.009535664977145517
16,42069,"[ 0.01144233  0.0179954  -0.17223431 -0.44793419 -0.1449724  -0.02835207
 -0.01967263 -0.27146732 -0.16045132 -0.1487259  -0.13306096 -0.24702616
 -0.00521737 -0.13403151 -0.27595096 -0.22562966 -0.0107618  -0.39315424
 -0.09737183]",[-0.02609368],0.9636947797686324
16,42071,"[ 0.01144233  0.0179954  -0.17223431 -0.44793419 -0.1449724  -0.02835207
 -0.01967263 -0.27146732 -0.16045132 -0.1487259  -0.13306096 -0.24702616
 -0.00521737 -0.13403151 -0.27595096 -0.22562966 -0.0107618  -0.39315424
 -0.09737183]",[-0.00907219],1.0940559360872122
16,42073,"[ 0.01144233  0.0179954  -0.17223431 -0.44793419 -0.1449724  -0.02835207
 -0.01967263 -0.27146732 -0.16045132 -0.1487259  -0.13306096 -0.24702616
 -0.00521737 -0.13403151 -0.27595096 -0.22562966 -0.0107618  -0.39315424
 -0.09737183]",[-0.0391088],0.8640169628953565
16,42075,"[ 0.01144233  0.0179954  -0.17223431 -0.44793419 -0.1449724  -0.02835207
 -0.01967263 -0.27146732 -0.16045132 -0.1487259  -0.13306096 -0.24702616
 -0.00521737 -0.13403151 -0.27595096 -0.22562966 -0.0107618  -0.39315424
 -0.09737183]",[-0.02242056],0.9918258153391156
16,42077,"[ 0.01144233  0.0179954  -0.17223431 -0.44793419 -0.1449724  -0.02835207
 -0.01967263 -0.27146732 -0.16045132 -0.1487259  -0.13306096 -0.24702616
 -0.00521737 -0.13403151 -0.27595096 -0.22562966 -0.0107618  -0.39315424
 -0.09737183]",[0.00297457],1.1863174340293672
16,42081,"[ 0.01144233  0.0179954  -0.17223431 -0.44793419 -0.1449724  -0.02835207
 -0.01967263 -0.27146732 -0.16045132 -0.1487259  -0.13306096 -0.24702616
 -0.00521737 -0.13403151 -0.27595096 -0.22562966 -0.0107618  -0.39315424
 -0.09737183]",[-0.05718532],0.725575845338762
16,42079,"[ 0.01144233  0.0179954  -0.17223431 -0.44793419 -0.1449724  -0.02835207
 -0.01967263 -0.27146732 -0.16045132 -0.1487259  -0.13306096 -0.24702616
 -0.00521737 -0.13403151 -0.27595096 -0.22562966 -0.0107618  -0.39315424
 -0.09737183]",[0.00353817],1.190633825867746
16,42083,"[ 0.01144233  0.0179954  -0.17223431 -0.44793419 -0.1449724  -0.02835207
 -0.01967263 -0.27146732 -0.16045132 -0.1487259  -0.13306096 -0.24702616
 -0.00521737 -0.13403151 -0.27595096 -0.22562966 -0.0107618  -0.39315424
 -0.09737183]",[-0.00314633],1.1394398182993626
16,42085,"[ 0.01144233  0.0179954  -0.17223431 -0.44793419 -0.1449724  -0.02835207
 -0.01967263 -0.27146732 -0.16045132 -0.1487259  -0.13306096 -0.24702616
 -0.00521737 -0.13403151 -0.27595096 -0.22562966 -0.0107618  -0.39315424
 -0.09737183]",[-0.08414514],0.5191008642976441
16,42087,"[ 0.01144233  0.0179954  -0.17223431 -0.44793419 -0.1449724  -0.02835207
 -0.01967263 -0.27146732 -0.16045132 -0.1487259  -0.13306096 -0.24702616
 -0.00521737 -0.13403151 -0.27595096 -0.22562966 -0.0107618  -0.39315424
 -0.09737183]",[-0.143046],0.0680016099923269
16,42089,"[ 0.01144233  0.0179954  -0.17223431 -0.44793419 -0.1449724  -0.02835207
 -0.01967263 -0.27146732 -0.16045132 -0.1487259  -0.13306096 -0.24702616
 -0.00521737 -0.13403151 -0.27595096 -0.22562966 -0.0107618  -0.39315424
 -0.09737183]",[-0.0179972],1.025702664215507
16,42091,"[ 0.01144233  0.0179954  -0.17223431 -0.44793419 -0.1449724  -0.02835207
 -0.01967263 -0.27146732 -0.16045132 -0.1487259  -0.13306096 -0.24702616
 -0.00521737 -0.13403151 -0.27595096 -0.22562966 -0.0107618  -0.39315424
 -0.09737183]",[-0.00201431],1.1481094890718035
16,42093,"[ 0.01144233  0.0179954  -0.17223431 -0.44793419 -0.1449724  -0.02835207
 -0.01967263 -0.27146732 -0.16045132 -0.1487259  -0.13306096 -0.24702616
 -0.00521737 -0.13403151 -0.27595096 -0.22562966 -0.0107618  -0.39315424
 -0.09737183]",[-0.45285153],-2.304680623445998
16,42095,"[ 0.01144233  0.0179954  -0.17223431 -0.44793419 -0.1449724  -0.02835207
 -0.01967263 -0.27146732 -0.16045132 -0.1487259  -0.13306096 -0.24702616
 -0.00521737 -0.13403151 -0.27595096 -0.22562966 -0.0107618  -0.39315424
 -0.09737183]",[-0.02739851],0.9537015867123202
16,42099,"[ 0.01144233  0.0179954  -0.17223431 -0.44793419 -0.1449724  -0.02835207
 -0.01967263 -0.27146732 -0.16045132 -0.1487259  -0.13306096 -0.24702616
 -0.00521737 -0.13403151 -0.27595096 -0.22562966 -0.0107618  -0.39315424
 -0.09737183]",[-0.21032353],-0.4472512976655234
16,42097,"[ 0.01144233  0.0179954  -0.17223431 -0.44793419 -0.1449724  -0.02835207
 -0.01967263 -0.27146732 -0.16045132 -0.1487259  -0.13306096 -0.24702616
 -0.00521737 -0.13403151 -0.27595096 -0.22562966 -0.0107618  -0.39315424
 -0.09737183]",[-0.06851491],0.6388068168818826
16,42101,"[ 0.01144233  0.0179954  -0.17223431 -0.44793419 -0.1449724  -0.02835207
 -0.01967263 -0.27146732 -0.16045132 -0.1487259  -0.13306096 -0.24702616
 -0.00521737 -0.13403151 -0.27595096 -0.22562966 -0.0107618  -0.39315424
 -0.09737183]",[-0.00514869],1.124104495611916
16,42103,"[ 0.01144233  0.0179954  -0.17223431 -0.44793419 -0.1449724  -0.02835207
 -0.01967263 -0.27146732 -0.16045132 -0.1487259  -0.13306096 -0.24702616
 -0.00521737 -0.13403151 -0.27595096 -0.22562966 -0.0107618  -0.39315424
 -0.09737183]",[-0.03634298],0.8851993363086144
16,42105,"[ 0.01144233  0.0179954  -0.17223431 -0.44793419 -0.1449724  -0.02835207
 -0.01967263 -0.27146732 -0.16045132 -0.1487259  -0.13306096 -0.24702616
 -0.00521737 -0.13403151 -0.27595096 -0.22562966 -0.0107618  -0.39315424
 -0.09737183]",[-0.33836861],-1.4278996882995665
16,42107,"[ 0.01144233  0.0179954  -0.17223431 -0.44793419 -0.1449724  -0.02835207
 -0.01967263 -0.27146732 -0.16045132 -0.1487259  -0.13306096 -0.24702616
 -0.00521737 -0.13403151 -0.27595096 -0.22562966 -0.0107618  -0.39315424
 -0.09737183]",[-0.05537334],0.7394531106149848
16,42109,"[ 0.01144233  0.0179954  -0.17223431 -0.44793419 -0.1449724  -0.02835207
 -0.01967263 -0.27146732 -0.16045132 -0.1487259  -0.13306096 -0.24702616
 -0.00521737 -0.13403151 -0.27595096 -0.22562966 -0.0107618  -0.39315424
 -0.09737183]",[-0.02928338],0.9392661206474228
16,42111,"[ 0.01144233  0.0179954  -0.17223431 -0.44793419 -0.1449724  -0.02835207
 -0.01967263 -0.27146732 -0.16045132 -0.1487259  -0.13306096 -0.24702616
 -0.00521737 -0.13403151 -0.27595096 -0.22562966 -0.0107618  -0.39315424
 -0.09737183]",[0.03516746],1.4328704738983387
16,42115,"[ 0.01144233  0.0179954  -0.17223431 -0.44793419 -0.1449724  -0.02835207
 -0.01967263 -0.27146732 -0.16045132 -0.1487259  -0.13306096 -0.24702616
 -0.00521737 -0.13403151 -0.27595096 -0.22562966 -0.0107618  -0.39315424
 -0.09737183]",[-0.13092296],0.1608473910406554
16,42117,"[ 0.01144233  0.0179954  -0.17223431 -0.44793419 -0.1449724  -0.02835207
 -0.01967263 -0.27146732 -0.16045132 -0.1487259  -0.13306096 -0.24702616
 -0.00521737 -0.13403151 -0.27595096 -0.22562966 -0.0107618  -0.39315424
 -0.09737183]",[-0.1336204],0.14018870075417525
16,42119,"[ 0.01144233  0.0179954  -0.17223431 -0.44793419 -0.1449724  -0.02835207
 -0.01967263 -0.27146732 -0.16045132 -0.1487259  -0.13306096 -0.24702616
 -0.00521737 -0.13403151 -0.27595096 -0.22562966 -0.0107618  -0.39315424
 -0.09737183]",[-0.20595755],-0.4138139206111387
16,42121,"[ 0.01144233  0.0179954  -0.17223431 -0.44793419 -0.1449724  -0.02835207
 -0.01967263 -0.27146732 -0.16045132 -0.1487259  -0.13306096 -0.24702616
 -0.00521737 -0.13403151 -0.27595096 -0.22562966 -0.0107618  -0.39315424
 -0.09737183]",[-0.11138547],0.3104775441426056
16,42123,"[ 0.01144233  0.0179954  -0.17223431 -0.44793419 -0.1449724  -0.02835207
 -0.01967263 -0.27146732 -0.16045132 -0.1487259  -0.13306096 -0.24702616
 -0.00521737 -0.13403151 -0.27595096 -0.22562966 -0.0107618  -0.39315424
 -0.09737183]",[-0.15980639],-0.06035975589636924
16,42125,"[ 0.01144233  0.0179954  -0.17223431 -0.44793419 -0.1449724  -0.02835207
 -0.01967263 -0.27146732 -0.16045132 -0.1487259  -0.13306096 -0.24702616
 -0.00521737 -0.13403151 -0.27595096 -0.22562966 -0.0107618  -0.39315424
 -0.09737183]",[0.04521849],1.509847533159798
16,42127,"[ 0.01144233  0.0179954  -0.17223431 -0.44793419 -0.1449724  -0.02835207
 -0.01967263 -0.27146732 -0.16045132 -0.1487259  -0.13306096 -0.24702616
 -0.00521737 -0.13403151 -0.27595096 -0.22562966 -0.0107618  -0.39315424
 -0.09737183]",[-0.1176054],0.26284151046546533
16,42129,"[ 0.01144233  0.0179954  -0.17223431 -0.44793419 -0.1449724  -0.02835207
 -0.01967263 -0.27146732 -0.16045132 -0.1487259  -0.13306096 -0.24702616
 -0.00521737 -0.13403151 -0.27595096 -0.22562966 -0.0107618  -0.39315424
 -0.09737183]",[-0.01236707],1.0688216673484112
16,42131,"[ 0.01144233  0.0179954  -0.17223431 -0.44793419 -0.1449724  -0.02835207
 -0.01967263 -0.27146732 -0.16045132 -0.1487259  -0.13306096 -0.24702616
 -0.00521737 -0.13403151 -0.27595096 -0.22562966 -0.0107618  -0.39315424
 -0.09737183]",[-0.19370912],-0.3200078255261402
16,42133,"[ 0.01144233  0.0179954  -0.17223431 -0.44793419 -0.1449724  -0.02835207
 -0.01967263 -0.27146732 -0.16045132 -0.1487259  -0.13306096 -0.24702616
 -0.00521737 -0.13403151 -0.27595096 -0.22562966 -0.0107618  -0.39315424
 -0.09737183]",[-0.01212176],1.0707004197697798
16,44001,"[ 0.01144233  0.0179954  -0.17223431 -0.44793419 -0.1449724  -0.02835207
 -0.01967263 -0.27146732 -0.16045132 -0.1487259  -0.13306096 -0.24702616
 -0.00521737 -0.13403151 -0.27595096 -0.22562966 -0.0107618  -0.39315424
 -0.09737183]",[-0.14221103],0.074396386238222
16,44003,"[ 0.01144233  0.0179954  -0.17223431 -0.44793419 -0.1449724  -0.02835207
 -0.01967263 -0.27146732 -0.16045132 -0.1487259  -0.13306096 -0.24702616
 -0.00521737 -0.13403151 -0.27595096 -0.22562966 -0.0107618  -0.39315424
 -0.09737183]",[-0.03379345],0.9047252137230695
16,44005,"[ 0.01144233  0.0179954  -0.17223431 -0.44793419 -0.1449724  -0.02835207
 -0.01967263 -0.27146732 -0.16045132 -0.1487259  -0.13306096 -0.24702616
 -0.00521737 -0.13403151 -0.27595096 -0.22562966 -0.0107618  -0.39315424
 -0.09737183]",[0.0812075],1.785473558143957
16,44007,"[ 0.01144233  0.0179954  -0.17223431 -0.44793419 -0.1449724  -0.02835207
 -0.01967263 -0.27146732 -0.16045132 -0.1487259  -0.13306096 -0.24702616
 -0.00521737 -0.13403151 -0.27595096 -0.22562966 -0.0107618  -0.39315424
 -0.09737183]",[0.03231804],1.4110479023671478
16,44009,"[ 0.01144233  0.0179954  -0.17223431 -0.44793419 -0.1449724  -0.02835207
 -0.01967263 -0.27146732 -0.16045132 -0.1487259  -0.13306096 -0.24702616
 -0.00521737 -0.13403151 -0.27595096 -0.22562966 -0.0107618  -0.39315424
 -0.09737183]",[0.11662364],2.056712292959222
16,45001,"[ 0.01144233  0.0179954  -0.17223431 -0.44793419 -0.1449724  -0.02835207
 -0.01967263 -0.27146732 -0.16045132 -0.1487259  -0.13306096 -0.24702616
 -0.00521737 -0.13403151 -0.27595096 -0.22562966 -0.0107618  -0.39315424
 -0.09737183]",[-0.19369059],-0.319865918797714
16,45003,"[ 0.01144233  0.0179954  -0.17223431 -0.44793419 -0.1449724  -0.02835207
 -0.01967263 -0.27146732 -0.16045132 -0.1487259  -0.13306096 -0.24702616
 -0.00521737 -0.13403151 -0.27595096 -0.22562966 -0.0107618  -0.39315424
 -0.09737183]",[-0.03554],0.8913490710290427
16,45007,"[ 0.01144233  0.0179954  -0.17223431 -0.44793419 -0.1449724  -0.02835207
 -0.01967263 -0.27146732 -0.16045132 -0.1487259  -0.13306096 -0.24702616
 -0.00521737 -0.13403151 -0.27595096 -0.22562966 -0.0107618  -0.39315424
 -0.09737183]",[-0.01908774],1.0173506673942694
16,45009,"[ 0.01144233  0.0179954  -0.17223431 -0.44793419 -0.1449724  -0.02835207
 -0.01967263 -0.27146732 -0.16045132 -0.1487259  -0.13306096 -0.24702616
 -0.00521737 -0.13403151 -0.27595096 -0.22562966 -0.0107618  -0.39315424
 -0.09737183]",[-0.35811449],-1.5791258100023842
16,45011,"[ 0.01144233  0.0179954  -0.17223431 -0.44793419 -0.1449724  -0.02835207
 -0.01967263 -0.27146732 -0.16045132 -0.1487259  -0.13306096 -0.24702616
 -0.00521737 -0.13403151 -0.27595096 -0.22562966 -0.0107618  -0.39315424
 -0.09737183]",[-0.14435056],0.05801053772845318
16,45013,"[ 0.01144233  0.0179954  -0.17223431 -0.44793419 -0.1449724  -0.02835207
 -0.01967263 -0.27146732 -0.16045132 -0.1487259  -0.13306096 -0.24702616
 -0.00521737 -0.13403151 -0.27595096 -0.22562966 -0.0107618  -0.39315424
 -0.09737183]",[-0.00329901],1.1382704927874654
16,45015,"[ 0.01144233  0.0179954  -0.17223431 -0.44793419 -0.1449724  -0.02835207
 -0.01967263 -0.27146732 -0.16045132 -0.1487259  -0.13306096 -0.24702616
 -0.00521737 -0.13403151 -0.27595096 -0.22562966 -0.0107618  -0.39315424
 -0.09737183]",[-0.04444334],0.8231617965903278
16,45019,"[ 0.01144233  0.0179954  -0.17223431 -0.44793419 -0.1449724  -0.02835207
 -0.01967263 -0.27146732 -0.16045132 -0.1487259  -0.13306096 -0.24702616
 -0.00521737 -0.13403151 -0.27595096 -0.22562966 -0.0107618  -0.39315424
 -0.09737183]",[0.03884719],1.4610521393969322
16,45021,"[ 0.01144233  0.0179954  -0.17223431 -0.44793419 -0.1449724  -0.02835207
 -0.01967263 -0.27146732 -0.16045132 -0.1487259  -0.13306096 -0.24702616
 -0.00521737 -0.13403151 -0.27595096 -0.22562966 -0.0107618  -0.39315424
 -0.09737183]",[-0.13016374],0.1666619148653433
16,45023,"[ 0.01144233  0.0179954  -0.17223431 -0.44793419 -0.1449724  -0.02835207
 -0.01967263 -0.27146732 -0.16045132 -0.1487259  -0.13306096 -0.24702616
 -0.00521737 -0.13403151 -0.27595096 -0.22562966 -0.0107618  -0.39315424
 -0.09737183]",[-0.1446571],0.05566285872048946
16,45027,"[ 0.01144233  0.0179954  -0.17223431 -0.44793419 -0.1449724  -0.02835207
 -0.01967263 -0.27146732 -0.16045132 -0.1487259  -0.13306096 -0.24702616
 -0.00521737 -0.13403151 -0.27595096 -0.22562966 -0.0107618  -0.39315424
 -0.09737183]",[0.08429843],1.809145871478663
16,45025,"[ 0.01144233  0.0179954  -0.17223431 -0.44793419 -0.1449724  -0.02835207
 -0.01967263 -0.27146732 -0.16045132 -0.1487259  -0.13306096 -0.24702616
 -0.00521737 -0.13403151 -0.27595096 -0.22562966 -0.0107618  -0.39315424
 -0.09737183]",[-0.13840611],0.1035368178329318
16,45029,"[ 0.01144233  0.0179954  -0.17223431 -0.44793419 -0.1449724  -0.02835207
 -0.01967263 -0.27146732 -0.16045132 -0.1487259  -0.13306096 -0.24702616
 -0.00521737 -0.13403151 -0.27595096 -0.22562966 -0.0107618  -0.39315424
 -0.09737183]",[-0.1671252],-0.11641175264900777
16,45031,"[ 0.01144233  0.0179954  -0.17223431 -0.44793419 -0.1449724  -0.02835207
 -0.01967263 -0.27146732 -0.16045132 -0.1487259  -0.13306096 -0.24702616
 -0.00521737 -0.13403151 -0.27595096 -0.22562966 -0.0107618  -0.39315424
 -0.09737183]",[-0.07348227],0.6007636801425824
16,45033,"[ 0.01144233  0.0179954  -0.17223431 -0.44793419 -0.1449724  -0.02835207
 -0.01967263 -0.27146732 -0.16045132 -0.1487259  -0.13306096 -0.24702616
 -0.00521737 -0.13403151 -0.27595096 -0.22562966 -0.0107618  -0.39315424
 -0.09737183]",[-0.29816816],-1.1200197456759609
16,45035,"[ 0.01144233  0.0179954  -0.17223431 -0.44793419 -0.1449724  -0.02835207
 -0.01967263 -0.27146732 -0.16045132 -0.1487259  -0.13306096 -0.24702616
 -0.00521737 -0.13403151 -0.27595096 -0.22562966 -0.0107618  -0.39315424
 -0.09737183]",[-0.08644652],0.5014754817888181
16,45037,"[ 0.01144233  0.0179954  -0.17223431 -0.44793419 -0.1449724  -0.02835207
 -0.01967263 -0.27146732 -0.16045132 -0.1487259  -0.13306096 -0.24702616
 -0.00521737 -0.13403151 -0.27595096 -0.22562966 -0.0107618  -0.39315424
 -0.09737183]",[-0.35005525],-1.5174031541341089
16,45039,"[ 0.01144233  0.0179954  -0.17223431 -0.44793419 -0.1449724  -0.02835207
 -0.01967263 -0.27146732 -0.16045132 -0.1487259  -0.13306096 -0.24702616
 -0.00521737 -0.13403151 -0.27595096 -0.22562966 -0.0107618  -0.39315424
 -0.09737183]",[-0.17031387],-0.14083259266135947
16,45043,"[ 0.01144233  0.0179954  -0.17223431 -0.44793419 -0.1449724  -0.02835207
 -0.01967263 -0.27146732 -0.16045132 -0.1487259  -0.13306096 -0.24702616
 -0.00521737 -0.13403151 -0.27595096 -0.22562966 -0.0107618  -0.39315424
 -0.09737183]",[-0.11714965],0.26633190852688504
16,45041,"[ 0.01144233  0.0179954  -0.17223431 -0.44793419 -0.1449724  -0.02835207
 -0.01967263 -0.27146732 -0.16045132 -0.1487259  -0.13306096 -0.24702616
 -0.00521737 -0.13403151 -0.27595096 -0.22562966 -0.0107618  -0.39315424
 -0.09737183]",[-0.03667569],0.8826512145364069
16,45045,"[ 0.01144233  0.0179954  -0.17223431 -0.44793419 -0.1449724  -0.02835207
 -0.01967263 -0.27146732 -0.16045132 -0.1487259  -0.13306096 -0.24702616
 -0.00521737 -0.13403151 -0.27595096 -0.22562966 -0.0107618  -0.39315424
 -0.09737183]",[-0.01172971],1.0737029613910463
16,45049,"[ 0.01144233  0.0179954  -0.17223431 -0.44793419 -0.1449724  -0.02835207
 -0.01967263 -0.27146732 -0.16045132 -0.1487259  -0.13306096 -0.24702616
 -0.00521737 -0.13403151 -0.27595096 -0.22562966 -0.0107618  -0.39315424
 -0.09737183]",[-0.21863728],-0.510923124878191
16,45047,"[ 0.01144233  0.0179954  -0.17223431 -0.44793419 -0.1449724  -0.02835207
 -0.01967263 -0.27146732 -0.16045132 -0.1487259  -0.13306096 -0.24702616
 -0.00521737 -0.13403151 -0.27595096 -0.22562966 -0.0107618  -0.39315424
 -0.09737183]",[-0.02707506],0.9561787621437974
16,45053,"[ 0.01144233  0.0179954  -0.17223431 -0.44793419 -0.1449724  -0.02835207
 -0.01967263 -0.27146732 -0.16045132 -0.1487259  -0.13306096 -0.24702616
 -0.00521737 -0.13403151 -0.27595096 -0.22562966 -0.0107618  -0.39315424
 -0.09737183]",[-0.26427092],-0.8604137636980326
16,45051,"[ 0.01144233  0.0179954  -0.17223431 -0.44793419 -0.1449724  -0.02835207
 -0.01967263 -0.27146732 -0.16045132 -0.1487259  -0.13306096 -0.24702616
 -0.00521737 -0.13403151 -0.27595096 -0.22562966 -0.0107618  -0.39315424
 -0.09737183]",[-0.02455681],0.975465073719823
16,45055,"[ 0.01144233  0.0179954  -0.17223431 -0.44793419 -0.1449724  -0.02835207
 -0.01967263 -0.27146732 -0.16045132 -0.1487259  -0.13306096 -0.24702616
 -0.00521737 -0.13403151 -0.27595096 -0.22562966 -0.0107618  -0.39315424
 -0.09737183]",[-0.07506981],0.5886053048989897
16,45057,"[ 0.01144233  0.0179954  -0.17223431 -0.44793419 -0.1449724  -0.02835207
 -0.01967263 -0.27146732 -0.16045132 -0.1487259  -0.13306096 -0.24702616
 -0.00521737 -0.13403151 -0.27595096 -0.22562966 -0.0107618  -0.39315424
 -0.09737183]",[-0.0829788],0.5280333747719811
16,45059,"[ 0.01144233  0.0179954  -0.17223431 -0.44793419 -0.1449724  -0.02835207
 -0.01967263 -0.27146732 -0.16045132 -0.1487259  -0.13306096 -0.24702616
 -0.00521737 -0.13403151 -0.27595096 -0.22562966 -0.0107618  -0.39315424
 -0.09737183]",[-0.07246718],0.6085378530092345
16,45061,"[ 0.01144233  0.0179954  -0.17223431 -0.44793419 -0.1449724  -0.02835207
 -0.01967263 -0.27146732 -0.16045132 -0.1487259  -0.13306096 -0.24702616
 -0.00521737 -0.13403151 -0.27595096 -0.22562966 -0.0107618  -0.39315424
 -0.09737183]",[-0.16753849],-0.11957701870615506
16,45063,"[ 0.01144233  0.0179954  -0.17223431 -0.44793419 -0.1449724  -0.02835207
 -0.01967263 -0.27146732 -0.16045132 -0.1487259  -0.13306096 -0.24702616
 -0.00521737 -0.13403151 -0.27595096 -0.22562966 -0.0107618  -0.39315424
 -0.09737183]",[-0.02908625],0.9407758381943213
16,45067,"[ 0.01144233  0.0179954  -0.17223431 -0.44793419 -0.1449724  -0.02835207
 -0.01967263 -0.27146732 -0.16045132 -0.1487259  -0.13306096 -0.24702616
 -0.00521737 -0.13403151 -0.27595096 -0.22562966 -0.0107618  -0.39315424
 -0.09737183]",[-0.15585983],-0.030134557108692003
16,45069,"[ 0.01144233  0.0179954  -0.17223431 -0.44793419 -0.1449724  -0.02835207
 -0.01967263 -0.27146732 -0.16045132 -0.1487259  -0.13306096 -0.24702616
 -0.00521737 -0.13403151 -0.27595096 -0.22562966 -0.0107618  -0.39315424
 -0.09737183]",[-0.03293552],0.9112957653407225
16,45073,"[ 0.01144233  0.0179954  -0.17223431 -0.44793419 -0.1449724  -0.02835207
 -0.01967263 -0.27146732 -0.16045132 -0.1487259  -0.13306096 -0.24702616
 -0.00521737 -0.13403151 -0.27595096 -0.22562966 -0.0107618  -0.39315424
 -0.09737183]",[-0.08773621],0.4915981794439428
16,45071,"[ 0.01144233  0.0179954  -0.17223431 -0.44793419 -0.1449724  -0.02835207
 -0.01967263 -0.27146732 -0.16045132 -0.1487259  -0.13306096 -0.24702616
 -0.00521737 -0.13403151 -0.27595096 -0.22562966 -0.0107618  -0.39315424
 -0.09737183]",[-0.21040577],-0.44788108543593075
16,45075,"[ 0.01144233  0.0179954  -0.17223431 -0.44793419 -0.1449724  -0.02835207
 -0.01967263 -0.27146732 -0.16045132 -0.1487259  -0.13306096 -0.24702616
 -0.00521737 -0.13403151 -0.27595096 -0.22562966 -0.0107618  -0.39315424
 -0.09737183]",[-0.06644993],0.654621690286479
16,45077,"[ 0.01144233  0.0179954  -0.17223431 -0.44793419 -0.1449724  -0.02835207
 -0.01967263 -0.27146732 -0.16045132 -0.1487259  -0.13306096 -0.24702616
 -0.00521737 -0.13403151 -0.27595096 -0.22562966 -0.0107618  -0.39315424
 -0.09737183]",[0.09759258],1.9109606400710106
16,45079,"[ 0.01144233  0.0179954  -0.17223431 -0.44793419 -0.1449724  -0.02835207
 -0.01967263 -0.27146732 -0.16045132 -0.1487259  -0.13306096 -0.24702616
 -0.00521737 -0.13403151 -0.27595096 -0.22562966 -0.0107618  -0.39315424
 -0.09737183]",[-0.00762296],1.1051549764130466
16,45081,"[ 0.01144233  0.0179954  -0.17223431 -0.44793419 -0.1449724  -0.02835207
 -0.01967263 -0.27146732 -0.16045132 -0.1487259  -0.13306096 -0.24702616
 -0.00521737 -0.13403151 -0.27595096 -0.22562966 -0.0107618  -0.39315424
 -0.09737183]",[-0.30873177],-1.2009224361081916
16,45083,"[ 0.01144233  0.0179954  -0.17223431 -0.44793419 -0.1449724  -0.02835207
 -0.01967263 -0.27146732 -0.16045132 -0.1487259  -0.13306096 -0.24702616
 -0.00521737 -0.13403151 -0.27595096 -0.22562966 -0.0107618  -0.39315424
 -0.09737183]",[-0.02970392],0.9360453825221824
16,45085,"[ 0.01144233  0.0179954  -0.17223431 -0.44793419 -0.1449724  -0.02835207
 -0.01967263 -0.27146732 -0.16045132 -0.1487259  -0.13306096 -0.24702616
 -0.00521737 -0.13403151 -0.27595096 -0.22562966 -0.0107618  -0.39315424
 -0.09737183]",[-0.06856302],0.6384383701369604
16,45087,"[ 0.01144233  0.0179954  -0.17223431 -0.44793419 -0.1449724  -0.02835207
 -0.01967263 -0.27146732 -0.16045132 -0.1487259  -0.13306096 -0.24702616
 -0.00521737 -0.13403151 -0.27595096 -0.22562966 -0.0107618  -0.39315424
 -0.09737183]",[-0.17053924],-0.14255856133959466
16,45089,"[ 0.01144233  0.0179954  -0.17223431 -0.44793419 -0.1449724  -0.02835207
 -0.01967263 -0.27146732 -0.16045132 -0.1487259  -0.13306096 -0.24702616
 -0.00521737 -0.13403151 -0.27595096 -0.22562966 -0.0107618  -0.39315424
 -0.09737183]",[-0.12868803],0.1779638383318565
16,45091,"[ 0.01144233  0.0179954  -0.17223431 -0.44793419 -0.1449724  -0.02835207
 -0.01967263 -0.27146732 -0.16045132 -0.1487259  -0.13306096 -0.24702616
 -0.00521737 -0.13403151 -0.27595096 -0.22562966 -0.0107618  -0.39315424
 -0.09737183]",[-0.0194366],1.0146788158757296
16,46005,"[ 0.01144233  0.0179954  -0.17223431 -0.44793419 -0.1449724  -0.02835207
 -0.01967263 -0.27146732 -0.16045132 -0.1487259  -0.13306096 -0.24702616
 -0.00521737 -0.13403151 -0.27595096 -0.22562966 -0.0107618  -0.39315424
 -0.09737183]",[-0.18981764],-0.29020451019790716
16,46011,"[ 0.01144233  0.0179954  -0.17223431 -0.44793419 -0.1449724  -0.02835207
 -0.01967263 -0.27146732 -0.16045132 -0.1487259  -0.13306096 -0.24702616
 -0.00521737 -0.13403151 -0.27595096 -0.22562966 -0.0107618  -0.39315424
 -0.09737183]",[-0.2491849],-0.7448756489859342
16,46013,"[ 0.01144233  0.0179954  -0.17223431 -0.44793419 -0.1449724  -0.02835207
 -0.01967263 -0.27146732 -0.16045132 -0.1487259  -0.13306096 -0.24702616
 -0.00521737 -0.13403151 -0.27595096 -0.22562966 -0.0107618  -0.39315424
 -0.09737183]",[-0.17202995],-0.15397537120895155
16,46029,"[ 0.01144233  0.0179954  -0.17223431 -0.44793419 -0.1449724  -0.02835207
 -0.01967263 -0.27146732 -0.16045132 -0.1487259  -0.13306096 -0.24702616
 -0.00521737 -0.13403151 -0.27595096 -0.22562966 -0.0107618  -0.39315424
 -0.09737183]",[-0.16217645],-0.07851118896771277
16,46035,"[ 0.01144233  0.0179954  -0.17223431 -0.44793419 -0.1449724  -0.02835207
 -0.01967263 -0.27146732 -0.16045132 -0.1487259  -0.13306096 -0.24702616
 -0.00521737 -0.13403151 -0.27595096 -0.22562966 -0.0107618  -0.39315424
 -0.09737183]",[-0.44947228],-2.2788002646123493
16,46065,"[ 0.01144233  0.0179954  -0.17223431 -0.44793419 -0.1449724  -0.02835207
 -0.01967263 -0.27146732 -0.16045132 -0.1487259  -0.13306096 -0.24702616
 -0.00521737 -0.13403151 -0.27595096 -0.22562966 -0.0107618  -0.39315424
 -0.09737183]",[-0.30636551],-1.1828001059655362
16,46081,"[ 0.01144233  0.0179954  -0.17223431 -0.44793419 -0.1449724  -0.02835207
 -0.01967263 -0.27146732 -0.16045132 -0.1487259  -0.13306096 -0.24702616
 -0.00521737 -0.13403151 -0.27595096 -0.22562966 -0.0107618  -0.39315424
 -0.09737183]",[-0.33772467],-1.4229679451787975
16,46083,"[ 0.01144233  0.0179954  -0.17223431 -0.44793419 -0.1449724  -0.02835207
 -0.01967263 -0.27146732 -0.16045132 -0.1487259  -0.13306096 -0.24702616
 -0.00521737 -0.13403151 -0.27595096 -0.22562966 -0.0107618  -0.39315424
 -0.09737183]",[-0.12738272],0.1879607348981601
16,46093,"[ 0.01144233  0.0179954  -0.17223431 -0.44793419 -0.1449724  -0.02835207
 -0.01967263 -0.27146732 -0.16045132 -0.1487259  -0.13306096 -0.24702616
 -0.00521737 -0.13403151 -0.27595096 -0.22562966 -0.0107618  -0.39315424
 -0.09737183]",[-0.25806156],-0.8128585955971079
16,46099,"[ 0.01144233  0.0179954  -0.17223431 -0.44793419 -0.1449724  -0.02835207
 -0.01967263 -0.27146732 -0.16045132 -0.1487259  -0.13306096 -0.24702616
 -0.00521737 -0.13403151 -0.27595096 -0.22562966 -0.0107618  -0.39315424
 -0.09737183]",[-0.03945475],0.8613675009727018
16,46103,"[ 0.01144233  0.0179954  -0.17223431 -0.44793419 -0.1449724  -0.02835207
 -0.01967263 -0.27146732 -0.16045132 -0.1487259  -0.13306096 -0.24702616
 -0.00521737 -0.13403151 -0.27595096 -0.22562966 -0.0107618  -0.39315424
 -0.09737183]",[-0.02332851],0.9848721699293999
16,46109,"[ 0.01144233  0.0179954  -0.17223431 -0.44793419 -0.1449724  -0.02835207
 -0.01967263 -0.27146732 -0.16045132 -0.1487259  -0.13306096 -0.24702616
 -0.00521737 -0.13403151 -0.27595096 -0.22562966 -0.0107618  -0.39315424
 -0.09737183]",[-0.44075076],-2.2120054338791824
16,46135,"[ 0.01144233  0.0179954  -0.17223431 -0.44793419 -0.1449724  -0.02835207
 -0.01967263 -0.27146732 -0.16045132 -0.1487259  -0.13306096 -0.24702616
 -0.00521737 -0.13403151 -0.27595096 -0.22562966 -0.0107618  -0.39315424
 -0.09737183]",[-0.30357695],-1.1614435956041311
16,47001,"[ 0.01144233  0.0179954  -0.17223431 -0.44793419 -0.1449724  -0.02835207
 -0.01967263 -0.27146732 -0.16045132 -0.1487259  -0.13306096 -0.24702616
 -0.00521737 -0.13403151 -0.27595096 -0.22562966 -0.0107618  -0.39315424
 -0.09737183]",[-0.01722914],1.0315849624550681
16,47005,"[ 0.01144233  0.0179954  -0.17223431 -0.44793419 -0.1449724  -0.02835207
 -0.01967263 -0.27146732 -0.16045132 -0.1487259  -0.13306096 -0.24702616
 -0.00521737 -0.13403151 -0.27595096 -0.22562966 -0.0107618  -0.39315424
 -0.09737183]",[-0.19303135],-0.31481709316055734
16,47003,"[ 0.01144233  0.0179954  -0.17223431 -0.44793419 -0.1449724  -0.02835207
 -0.01967263 -0.27146732 -0.16045132 -0.1487259  -0.13306096 -0.24702616
 -0.00521737 -0.13403151 -0.27595096 -0.22562966 -0.0107618  -0.39315424
 -0.09737183]",[-0.09476273],0.43778477002912813
16,47009,"[ 0.01144233  0.0179954  -0.17223431 -0.44793419 -0.1449724  -0.02835207
 -0.01967263 -0.27146732 -0.16045132 -0.1487259  -0.13306096 -0.24702616
 -0.00521737 -0.13403151 -0.27595096 -0.22562966 -0.0107618  -0.39315424
 -0.09737183]",[-0.0604266],0.7007520876166144
16,47011,"[ 0.01144233  0.0179954  -0.17223431 -0.44793419 -0.1449724  -0.02835207
 -0.01967263 -0.27146732 -0.16045132 -0.1487259  -0.13306096 -0.24702616
 -0.00521737 -0.13403151 -0.27595096 -0.22562966 -0.0107618  -0.39315424
 -0.09737183]",[0.02470514],1.3527436012678145
16,47013,"[ 0.01144233  0.0179954  -0.17223431 -0.44793419 -0.1449724  -0.02835207
 -0.01967263 -0.27146732 -0.16045132 -0.1487259  -0.13306096 -0.24702616
 -0.00521737 -0.13403151 -0.27595096 -0.22562966 -0.0107618  -0.39315424
 -0.09737183]",[-0.14979651],0.016302089662028417
16,47017,"[ 0.01144233  0.0179954  -0.17223431 -0.44793419 -0.1449724  -0.02835207
 -0.01967263 -0.27146732 -0.16045132 -0.1487259  -0.13306096 -0.24702616
 -0.00521737 -0.13403151 -0.27595096 -0.22562966 -0.0107618  -0.39315424
 -0.09737183]",[-0.13787862],0.10757660915176787
16,47019,"[ 0.01144233  0.0179954  -0.17223431 -0.44793419 -0.1449724  -0.02835207
 -0.01967263 -0.27146732 -0.16045132 -0.1487259  -0.13306096 -0.24702616
 -0.00521737 -0.13403151 -0.27595096 -0.22562966 -0.0107618  -0.39315424
 -0.09737183]",[-0.02642236],0.9611775956935427
16,47021,"[ 0.01144233  0.0179954  -0.17223431 -0.44793419 -0.1449724  -0.02835207
 -0.01967263 -0.27146732 -0.16045132 -0.1487259  -0.13306096 -0.24702616
 -0.00521737 -0.13403151 -0.27595096 -0.22562966 -0.0107618  -0.39315424
 -0.09737183]",[-0.21448518],-0.4791237324208955
16,47025,"[ 0.01144233  0.0179954  -0.17223431 -0.44793419 -0.1449724  -0.02835207
 -0.01967263 -0.27146732 -0.16045132 -0.1487259  -0.13306096 -0.24702616
 -0.00521737 -0.13403151 -0.27595096 -0.22562966 -0.0107618  -0.39315424
 -0.09737183]",[0.05733425],1.6026374625443558
16,47029,"[ 0.01144233  0.0179954  -0.17223431 -0.44793419 -0.1449724  -0.02835207
 -0.01967263 -0.27146732 -0.16045132 -0.1487259  -0.13306096 -0.24702616
 -0.00521737 -0.13403151 -0.27595096 -0.22562966 -0.0107618  -0.39315424
 -0.09737183]",[-0.11766674],0.2623716792554275
16,47031,"[ 0.01144233  0.0179954  -0.17223431 -0.44793419 -0.1449724  -0.02835207
 -0.01967263 -0.27146732 -0.16045132 -0.1487259  -0.13306096 -0.24702616
 -0.00521737 -0.13403151 -0.27595096 -0.22562966 -0.0107618  -0.39315424
 -0.09737183]",[-0.14636435],0.042587646290867746
16,47035,"[ 0.01144233  0.0179954  -0.17223431 -0.44793419 -0.1449724  -0.02835207
 -0.01967263 -0.27146732 -0.16045132 -0.1487259  -0.13306096 -0.24702616
 -0.00521737 -0.13403151 -0.27595096 -0.22562966 -0.0107618  -0.39315424
 -0.09737183]",[-0.04556246],0.8145908554248714
16,47033,"[ 0.01144233  0.0179954  -0.17223431 -0.44793419 -0.1449724  -0.02835207
 -0.01967263 -0.27146732 -0.16045132 -0.1487259  -0.13306096 -0.24702616
 -0.00521737 -0.13403151 -0.27595096 -0.22562966 -0.0107618  -0.39315424
 -0.09737183]",[-0.27983894],-0.9796432697446482
16,47037,"[ 0.01144233  0.0179954  -0.17223431 -0.44793419 -0.1449724  -0.02835207
 -0.01967263 -0.27146732 -0.16045132 -0.1487259  -0.13306096 -0.24702616
 -0.00521737 -0.13403151 -0.27595096 -0.22562966 -0.0107618  -0.39315424
 -0.09737183]",[0.01288869],1.2622458936516354
16,47039,"[ 0.01144233  0.0179954  -0.17223431 -0.44793419 -0.1449724  -0.02835207
 -0.01967263 -0.27146732 -0.16045132 -0.1487259  -0.13306096 -0.24702616
 -0.00521737 -0.13403151 -0.27595096 -0.22562966 -0.0107618  -0.39315424
 -0.09737183]",[-0.36759643],-1.651744342533301
16,47043,"[ 0.01144233  0.0179954  -0.17223431 -0.44793419 -0.1449724  -0.02835207
 -0.01967263 -0.27146732 -0.16045132 -0.1487259  -0.13306096 -0.24702616
 -0.00521737 -0.13403151 -0.27595096 -0.22562966 -0.0107618  -0.39315424
 -0.09737183]",[-0.11574425],0.277095303380656
16,47041,"[ 0.01144233  0.0179954  -0.17223431 -0.44793419 -0.1449724  -0.02835207
 -0.01967263 -0.27146732 -0.16045132 -0.1487259  -0.13306096 -0.24702616
 -0.00521737 -0.13403151 -0.27595096 -0.22562966 -0.0107618  -0.39315424
 -0.09737183]",[-0.34940433],-1.5124180160514957
16,47045,"[ 0.01144233  0.0179954  -0.17223431 -0.44793419 -0.1449724  -0.02835207
 -0.01967263 -0.27146732 -0.16045132 -0.1487259  -0.13306096 -0.24702616
 -0.00521737 -0.13403151 -0.27595096 -0.22562966 -0.0107618  -0.39315424
 -0.09737183]",[-0.21827919],-0.5081806540668243
16,47047,"[ 0.01144233  0.0179954  -0.17223431 -0.44793419 -0.1449724  -0.02835207
 -0.01967263 -0.27146732 -0.16045132 -0.1487259  -0.13306096 -0.24702616
 -0.00521737 -0.13403151 -0.27595096 -0.22562966 -0.0107618  -0.39315424
 -0.09737183]",[-0.04303012],0.8339850977671178
16,47051,"[ 0.01144233  0.0179954  -0.17223431 -0.44793419 -0.1449724  -0.02835207
 -0.01967263 -0.27146732 -0.16045132 -0.1487259  -0.13306096 -0.24702616
 -0.00521737 -0.13403151 -0.27595096 -0.22562966 -0.0107618  -0.39315424
 -0.09737183]",[-0.11122555],0.3117023466837817
16,47049,"[ 0.01144233  0.0179954  -0.17223431 -0.44793419 -0.1449724  -0.02835207
 -0.01967263 -0.27146732 -0.16045132 -0.1487259  -0.13306096 -0.24702616
 -0.00521737 -0.13403151 -0.27595096 -0.22562966 -0.0107618  -0.39315424
 -0.09737183]",[-0.47569244],-2.4796104271848867
16,47053,"[ 0.01144233  0.0179954  -0.17223431 -0.44793419 -0.1449724  -0.02835207
 -0.01967263 -0.27146732 -0.16045132 -0.1487259  -0.13306096 -0.24702616
 -0.00521737 -0.13403151 -0.27595096 -0.22562966 -0.0107618  -0.39315424
 -0.09737183]",[-0.05580402],0.7361546843717534
16,47055,"[ 0.01144233  0.0179954  -0.17223431 -0.44793419 -0.1449724  -0.02835207
 -0.01967263 -0.27146732 -0.16045132 -0.1487259  -0.13306096 -0.24702616
 -0.00521737 -0.13403151 -0.27595096 -0.22562966 -0.0107618  -0.39315424
 -0.09737183]",[-0.18106205],-0.223148779741662
16,47057,"[ 0.01144233  0.0179954  -0.17223431 -0.44793419 -0.1449724  -0.02835207
 -0.01967263 -0.27146732 -0.16045132 -0.1487259  -0.13306096 -0.24702616
 -0.00521737 -0.13403151 -0.27595096 -0.22562966 -0.0107618  -0.39315424
 -0.09737183]",[-0.24754061],-0.7322826484999776
16,47059,"[ 0.01144233  0.0179954  -0.17223431 -0.44793419 -0.1449724  -0.02835207
 -0.01967263 -0.27146732 -0.16045132 -0.1487259  -0.13306096 -0.24702616
 -0.00521737 -0.13403151 -0.27595096 -0.22562966 -0.0107618  -0.39315424
 -0.09737183]",[-0.16629451],-0.11004984015359515
16,47061,"[ 0.01144233  0.0179954  -0.17223431 -0.44793419 -0.1449724  -0.02835207
 -0.01967263 -0.27146732 -0.16045132 -0.1487259  -0.13306096 -0.24702616
 -0.00521737 -0.13403151 -0.27595096 -0.22562966 -0.0107618  -0.39315424
 -0.09737183]",[-0.48600079],-2.558558201861422
16,47063,"[ 0.01144233  0.0179954  -0.17223431 -0.44793419 -0.1449724  -0.02835207
 -0.01967263 -0.27146732 -0.16045132 -0.1487259  -0.13306096 -0.24702616
 -0.00521737 -0.13403151 -0.27595096 -0.22562966 -0.0107618  -0.39315424
 -0.09737183]",[-0.10217305],0.3810319969577068
16,47065,"[ 0.01144233  0.0179954  -0.17223431 -0.44793419 -0.1449724  -0.02835207
 -0.01967263 -0.27146732 -0.16045132 -0.1487259  -0.13306096 -0.24702616
 -0.00521737 -0.13403151 -0.27595096 -0.22562966 -0.0107618  -0.39315424
 -0.09737183]",[0.00503867],1.2021256002454217
16,47069,"[ 0.01144233  0.0179954  -0.17223431 -0.44793419 -0.1449724  -0.02835207
 -0.01967263 -0.27146732 -0.16045132 -0.1487259  -0.13306096 -0.24702616
 -0.00521737 -0.13403151 -0.27595096 -0.22562966 -0.0107618  -0.39315424
 -0.09737183]",[-0.1741585],-0.17027709896968468
16,47071,"[ 0.01144233  0.0179954  -0.17223431 -0.44793419 -0.1449724  -0.02835207
 -0.01967263 -0.27146732 -0.16045132 -0.1487259  -0.13306096 -0.24702616
 -0.00521737 -0.13403151 -0.27595096 -0.22562966 -0.0107618  -0.39315424
 -0.09737183]",[-0.24395775],-0.7048429487174559
16,47073,"[ 0.01144233  0.0179954  -0.17223431 -0.44793419 -0.1449724  -0.02835207
 -0.01967263 -0.27146732 -0.16045132 -0.1487259  -0.13306096 -0.24702616
 -0.00521737 -0.13403151 -0.27595096 -0.22562966 -0.0107618  -0.39315424
 -0.09737183]",[-0.16077572],-0.06778352411632169
16,47075,"[ 0.01144233  0.0179954  -0.17223431 -0.44793419 -0.1449724  -0.02835207
 -0.01967263 -0.27146732 -0.16045132 -0.1487259  -0.13306096 -0.24702616
 -0.00521737 -0.13403151 -0.27595096 -0.22562966 -0.0107618  -0.39315424
 -0.09737183]",[-0.27576807],-0.9484659963055443
16,47079,"[ 0.01144233  0.0179954  -0.17223431 -0.44793419 -0.1449724  -0.02835207
 -0.01967263 -0.27146732 -0.16045132 -0.1487259  -0.13306096 -0.24702616
 -0.00521737 -0.13403151 -0.27595096 -0.22562966 -0.0107618  -0.39315424
 -0.09737183]",[-0.01089413],1.0801023362098248
16,47077,"[ 0.01144233  0.0179954  -0.17223431 -0.44793419 -0.1449724  -0.02835207
 -0.01967263 -0.27146732 -0.16045132 -0.1487259  -0.13306096 -0.24702616
 -0.00521737 -0.13403151 -0.27595096 -0.22562966 -0.0107618  -0.39315424
 -0.09737183]",[-0.24986171],-0.7500591351874514
16,47081,"[ 0.01144233  0.0179954  -0.17223431 -0.44793419 -0.1449724  -0.02835207
 -0.01967263 -0.27146732 -0.16045132 -0.1487259  -0.13306096 -0.24702616
 -0.00521737 -0.13403151 -0.27595096 -0.22562966 -0.0107618  -0.39315424
 -0.09737183]",[-0.18450667],-0.2495297844450895
16,47085,"[ 0.01144233  0.0179954  -0.17223431 -0.44793419 -0.1449724  -0.02835207
 -0.01967263 -0.27146732 -0.16045132 -0.1487259  -0.13306096 -0.24702616
 -0.00521737 -0.13403151 -0.27595096 -0.22562966 -0.0107618  -0.39315424
 -0.09737183]",[-0.24614991],-0.7216318659832011
16,47087,"[ 0.01144233  0.0179954  -0.17223431 -0.44793419 -0.1449724  -0.02835207
 -0.01967263 -0.27146732 -0.16045132 -0.1487259  -0.13306096 -0.24702616
 -0.00521737 -0.13403151 -0.27595096 -0.22562966 -0.0107618  -0.39315424
 -0.09737183]",[-0.34390843],-1.4703270348146988
16,47089,"[ 0.01144233  0.0179954  -0.17223431 -0.44793419 -0.1449724  -0.02835207
 -0.01967263 -0.27146732 -0.16045132 -0.1487259  -0.13306096 -0.24702616
 -0.00521737 -0.13403151 -0.27595096 -0.22562966 -0.0107618  -0.39315424
 -0.09737183]",[-0.20153309],-0.3799286753205247
16,47091,"[ 0.01144233  0.0179954  -0.17223431 -0.44793419 -0.1449724  -0.02835207
 -0.01967263 -0.27146732 -0.16045132 -0.1487259  -0.13306096 -0.24702616
 -0.00521737 -0.13403151 -0.27595096 -0.22562966 -0.0107618  -0.39315424
 -0.09737183]",[-0.30532233],-1.1748108407602431
16,47093,"[ 0.01144233  0.0179954  -0.17223431 -0.44793419 -0.1449724  -0.02835207
 -0.01967263 -0.27146732 -0.16045132 -0.1487259  -0.13306096 -0.24702616
 -0.00521737 -0.13403151 -0.27595096 -0.22562966 -0.0107618  -0.39315424
 -0.09737183]",[-0.00040536],1.1604318140541183
16,47097,"[ 0.01144233  0.0179954  -0.17223431 -0.44793419 -0.1449724  -0.02835207
 -0.01967263 -0.27146732 -0.16045132 -0.1487259  -0.13306096 -0.24702616
 -0.00521737 -0.13403151 -0.27595096 -0.22562966 -0.0107618  -0.39315424
 -0.09737183]",[-0.20407856],-0.39942345969276666
16,47099,"[ 0.01144233  0.0179954  -0.17223431 -0.44793419 -0.1449724  -0.02835207
 -0.01967263 -0.27146732 -0.16045132 -0.1487259  -0.13306096 -0.24702616
 -0.00521737 -0.13403151 -0.27595096 -0.22562966 -0.0107618  -0.39315424
 -0.09737183]",[-0.11610235],0.27435276802642805
16,47103,"[ 0.01144233  0.0179954  -0.17223431 -0.44793419 -0.1449724  -0.02835207
 -0.01967263 -0.27146732 -0.16045132 -0.1487259  -0.13306096 -0.24702616
 -0.00521737 -0.13403151 -0.27595096 -0.22562966 -0.0107618  -0.39315424
 -0.09737183]",[-0.14193528],0.07650819390096227
16,47105,"[ 0.01144233  0.0179954  -0.17223431 -0.44793419 -0.1449724  -0.02835207
 -0.01967263 -0.27146732 -0.16045132 -0.1487259  -0.13306096 -0.24702616
 -0.00521737 -0.13403151 -0.27595096 -0.22562966 -0.0107618  -0.39315424
 -0.09737183]",[-0.19132474],-0.3017468020731437
16,47107,"[ 0.01144233  0.0179954  -0.17223431 -0.44793419 -0.1449724  -0.02835207
 -0.01967263 -0.27146732 -0.16045132 -0.1487259  -0.13306096 -0.24702616
 -0.00521737 -0.13403151 -0.27595096 -0.22562966 -0.0107618  -0.39315424
 -0.09737183]",[-0.0950946],0.43524310587415443
16,47109,"[ 0.01144233  0.0179954  -0.17223431 -0.44793419 -0.1449724  -0.02835207
 -0.01967263 -0.27146732 -0.16045132 -0.1487259  -0.13306096 -0.24702616
 -0.00521737 -0.13403151 -0.27595096 -0.22562966 -0.0107618  -0.39315424
 -0.09737183]",[-0.18591552],-0.26031965808951
16,47111,"[ 0.01144233  0.0179954  -0.17223431 -0.44793419 -0.1449724  -0.02835207
 -0.01967263 -0.27146732 -0.16045132 -0.1487259  -0.13306096 -0.24702616
 -0.00521737 -0.13403151 -0.27595096 -0.22562966 -0.0107618  -0.39315424
 -0.09737183]",[-0.39027472],-1.8254287562805955
16,47113,"[ 0.01144233  0.0179954  -0.17223431 -0.44793419 -0.1449724  -0.02835207
 -0.01967263 -0.27146732 -0.16045132 -0.1487259  -0.13306096 -0.24702616
 -0.00521737 -0.13403151 -0.27595096 -0.22562966 -0.0107618  -0.39315424
 -0.09737183]",[-0.02646264],0.9608690500229671
16,47117,"[ 0.01144233  0.0179954  -0.17223431 -0.44793419 -0.1449724  -0.02835207
 -0.01967263 -0.27146732 -0.16045132 -0.1487259  -0.13306096 -0.24702616
 -0.00521737 -0.13403151 -0.27595096 -0.22562966 -0.0107618  -0.39315424
 -0.09737183]",[0.01622655],1.2878093098018466
16,47115,"[ 0.01144233  0.0179954  -0.17223431 -0.44793419 -0.1449724  -0.02835207
 -0.01967263 -0.27146732 -0.16045132 -0.1487259  -0.13306096 -0.24702616
 -0.00521737 -0.13403151 -0.27595096 -0.22562966 -0.0107618  -0.39315424
 -0.09737183]",[-0.17500288],-0.17674388245260844
16,47119,"[ 0.01144233  0.0179954  -0.17223431 -0.44793419 -0.1449724  -0.02835207
 -0.01967263 -0.27146732 -0.16045132 -0.1487259  -0.13306096 -0.24702616
 -0.00521737 -0.13403151 -0.27595096 -0.22562966 -0.0107618  -0.39315424
 -0.09737183]",[-0.09349093],0.44752502281183093
16,47123,"[ 0.01144233  0.0179954  -0.17223431 -0.44793419 -0.1449724  -0.02835207
 -0.01967263 -0.27146732 -0.16045132 -0.1487259  -0.13306096 -0.24702616
 -0.00521737 -0.13403151 -0.27595096 -0.22562966 -0.0107618  -0.39315424
 -0.09737183]",[-0.15971776],-0.05968104245695895
16,47125,"[ 0.01144233  0.0179954  -0.17223431 -0.44793419 -0.1449724  -0.02835207
 -0.01967263 -0.27146732 -0.16045132 -0.1487259  -0.13306096 -0.24702616
 -0.00521737 -0.13403151 -0.27595096 -0.22562966 -0.0107618  -0.39315424
 -0.09737183]",[-0.03642866],0.8845431746086169
16,47129,"[ 0.01144233  0.0179954  -0.17223431 -0.44793419 -0.1449724  -0.02835207
 -0.01967263 -0.27146732 -0.16045132 -0.1487259  -0.13306096 -0.24702616
 -0.00521737 -0.13403151 -0.27595096 -0.22562966 -0.0107618  -0.39315424
 -0.09737183]",[-0.31403183],-1.24151355309397
16,47131,"[ 0.01144233  0.0179954  -0.17223431 -0.44793419 -0.1449724  -0.02835207
 -0.01967263 -0.27146732 -0.16045132 -0.1487259  -0.13306096 -0.24702616
 -0.00521737 -0.13403151 -0.27595096 -0.22562966 -0.0107618  -0.39315424
 -0.09737183]",[-0.06852399],0.6387372847553312
16,47133,"[ 0.01144233  0.0179954  -0.17223431 -0.44793419 -0.1449724  -0.02835207
 -0.01967263 -0.27146732 -0.16045132 -0.1487259  -0.13306096 -0.24702616
 -0.00521737 -0.13403151 -0.27595096 -0.22562966 -0.0107618  -0.39315424
 -0.09737183]",[-0.13878747],0.10061611510283247
16,47139,"[ 0.01144233  0.0179954  -0.17223431 -0.44793419 -0.1449724  -0.02835207
 -0.01967263 -0.27146732 -0.16045132 -0.1487259  -0.13306096 -0.24702616
 -0.00521737 -0.13403151 -0.27595096 -0.22562966 -0.0107618  -0.39315424
 -0.09737183]",[-0.28708802],-1.035161235680399
16,47141,"[ 0.01144233  0.0179954  -0.17223431 -0.44793419 -0.1449724  -0.02835207
 -0.01967263 -0.27146732 -0.16045132 -0.1487259  -0.13306096 -0.24702616
 -0.00521737 -0.13403151 -0.27595096 -0.22562966 -0.0107618  -0.39315424
 -0.09737183]",[-0.09807347],0.4124290892827926
16,47145,"[ 0.01144233  0.0179954  -0.17223431 -0.44793419 -0.1449724  -0.02835207
 -0.01967263 -0.27146732 -0.16045132 -0.1487259  -0.13306096 -0.24702616
 -0.00521737 -0.13403151 -0.27595096 -0.22562966 -0.0107618  -0.39315424
 -0.09737183]",[-0.12295119],0.22190008879077625
16,47143,"[ 0.01144233  0.0179954  -0.17223431 -0.44793419 -0.1449724  -0.02835207
 -0.01967263 -0.27146732 -0.16045132 -0.1487259  -0.13306096 -0.24702616
 -0.00521737 -0.13403151 -0.27595096 -0.22562966 -0.0107618  -0.39315424
 -0.09737183]",[-0.20301406],-0.39127084904422205
16,47147,"[ 0.01144233  0.0179954  -0.17223431 -0.44793419 -0.1449724  -0.02835207
 -0.01967263 -0.27146732 -0.16045132 -0.1487259  -0.13306096 -0.24702616
 -0.00521737 -0.13403151 -0.27595096 -0.22562966 -0.0107618  -0.39315424
 -0.09737183]",[0.00666701],1.2145964506710667
16,47149,"[ 0.01144233  0.0179954  -0.17223431 -0.44793419 -0.1449724  -0.02835207
 -0.01967263 -0.27146732 -0.16045132 -0.1487259  -0.13306096 -0.24702616
 -0.00521737 -0.13403151 -0.27595096 -0.22562966 -0.0107618  -0.39315424
 -0.09737183]",[0.01028135],1.242277273348776
16,47151,"[ 0.01144233  0.0179954  -0.17223431 -0.44793419 -0.1449724  -0.02835207
 -0.01967263 -0.27146732 -0.16045132 -0.1487259  -0.13306096 -0.24702616
 -0.00521737 -0.13403151 -0.27595096 -0.22562966 -0.0107618  -0.39315424
 -0.09737183]",[-0.20595723],-0.41381145716053086
16,47155,"[ 0.01144233  0.0179954  -0.17223431 -0.44793419 -0.1449724  -0.02835207
 -0.01967263 -0.27146732 -0.16045132 -0.1487259  -0.13306096 -0.24702616
 -0.00521737 -0.13403151 -0.27595096 -0.22562966 -0.0107618  -0.39315424
 -0.09737183]",[-0.04740996],0.8004415730745019
16,47157,"[ 0.01144233  0.0179954  -0.17223431 -0.44793419 -0.1449724  -0.02835207
 -0.01967263 -0.27146732 -0.16045132 -0.1487259  -0.13306096 -0.24702616
 -0.00521737 -0.13403151 -0.27595096 -0.22562966 -0.0107618  -0.39315424
 -0.09737183]",[0.01365991],1.2681523892909994
16,47159,"[ 0.01144233  0.0179954  -0.17223431 -0.44793419 -0.1449724  -0.02835207
 -0.01967263 -0.27146732 -0.16045132 -0.1487259  -0.13306096 -0.24702616
 -0.00521737 -0.13403151 -0.27595096 -0.22562966 -0.0107618  -0.39315424
 -0.09737183]",[-0.18193622],-0.22984372711571038
16,47163,"[ 0.01144233  0.0179954  -0.17223431 -0.44793419 -0.1449724  -0.02835207
 -0.01967263 -0.27146732 -0.16045132 -0.1487259  -0.13306096 -0.24702616
 -0.00521737 -0.13403151 -0.27595096 -0.22562966 -0.0107618  -0.39315424
 -0.09737183]",[-0.00640286],1.1144993115806523
16,47165,"[ 0.01144233  0.0179954  -0.17223431 -0.44793419 -0.1449724  -0.02835207
 -0.01967263 -0.27146732 -0.16045132 -0.1487259  -0.13306096 -0.24702616
 -0.00521737 -0.13403151 -0.27595096 -0.22562966 -0.0107618  -0.39315424
 -0.09737183]",[-0.04165104],0.8445468931389758
16,47167,"[ 0.01144233  0.0179954  -0.17223431 -0.44793419 -0.1449724  -0.02835207
 -0.01967263 -0.27146732 -0.16045132 -0.1487259  -0.13306096 -0.24702616
 -0.00521737 -0.13403151 -0.27595096 -0.22562966 -0.0107618  -0.39315424
 -0.09737183]",[-0.06128621],0.694168638549331
16,47171,"[ 0.01144233  0.0179954  -0.17223431 -0.44793419 -0.1449724  -0.02835207
 -0.01967263 -0.27146732 -0.16045132 -0.1487259  -0.13306096 -0.24702616
 -0.00521737 -0.13403151 -0.27595096 -0.22562966 -0.0107618  -0.39315424
 -0.09737183]",[-0.53771124],-2.954588728000884
16,47173,"[ 0.01144233  0.0179954  -0.17223431 -0.44793419 -0.1449724  -0.02835207
 -0.01967263 -0.27146732 -0.16045132 -0.1487259  -0.13306096 -0.24702616
 -0.00521737 -0.13403151 -0.27595096 -0.22562966 -0.0107618  -0.39315424
 -0.09737183]",[-0.25698983],-0.8046506176577906
16,47177,"[ 0.01144233  0.0179954  -0.17223431 -0.44793419 -0.1449724  -0.02835207
 -0.01967263 -0.27146732 -0.16045132 -0.1487259  -0.13306096 -0.24702616
 -0.00521737 -0.13403151 -0.27595096 -0.22562966 -0.0107618  -0.39315424
 -0.09737183]",[-0.15844436],-0.04992854916344881
16,47179,"[ 0.01144233  0.0179954  -0.17223431 -0.44793419 -0.1449724  -0.02835207
 -0.01967263 -0.27146732 -0.16045132 -0.1487259  -0.13306096 -0.24702616
 -0.00521737 -0.13403151 -0.27595096 -0.22562966 -0.0107618  -0.39315424
 -0.09737183]",[-0.00816954],1.1009689424365565
16,47181,"[ 0.01144233  0.0179954  -0.17223431 -0.44793419 -0.1449724  -0.02835207
 -0.01967263 -0.27146732 -0.16045132 -0.1487259  -0.13306096 -0.24702616
 -0.00521737 -0.13403151 -0.27595096 -0.22562966 -0.0107618  -0.39315424
 -0.09737183]",[-0.29801087],-1.1188151310362981
16,47183,"[ 0.01144233  0.0179954  -0.17223431 -0.44793419 -0.1449724  -0.02835207
 -0.01967263 -0.27146732 -0.16045132 -0.1487259  -0.13306096 -0.24702616
 -0.00521737 -0.13403151 -0.27595096 -0.22562966 -0.0107618  -0.39315424
 -0.09737183]",[-0.10923096],0.32697815640146877
16,47185,"[ 0.01144233  0.0179954  -0.17223431 -0.44793419 -0.1449724  -0.02835207
 -0.01967263 -0.27146732 -0.16045132 -0.1487259  -0.13306096 -0.24702616
 -0.00521737 -0.13403151 -0.27595096 -0.22562966 -0.0107618  -0.39315424
 -0.09737183]",[-0.27250665],-0.9234880785297973
16,47187,"[ 0.01144233  0.0179954  -0.17223431 -0.44793419 -0.1449724  -0.02835207
 -0.01967263 -0.27146732 -0.16045132 -0.1487259  -0.13306096 -0.24702616
 -0.00521737 -0.13403151 -0.27595096 -0.22562966 -0.0107618  -0.39315424
 -0.09737183]",[-0.01306408],1.0634835726768956
16,47189,"[ 0.01144233  0.0179954  -0.17223431 -0.44793419 -0.1449724  -0.02835207
 -0.01967263 -0.27146732 -0.16045132 -0.1487259  -0.13306096 -0.24702616
 -0.00521737 -0.13403151 -0.27595096 -0.22562966 -0.0107618  -0.39315424
 -0.09737183]",[-0.08340269],0.5247870082869929
16,48001,"[ 0.01144233  0.0179954  -0.17223431 -0.44793419 -0.1449724  -0.02835207
 -0.01967263 -0.27146732 -0.16045132 -0.1487259  -0.13306096 -0.24702616
 -0.00521737 -0.13403151 -0.27595096 -0.22562966 -0.0107618  -0.39315424
 -0.09737183]",[0.01251114],1.2593544261738565
16,48003,"[ 0.01144233  0.0179954  -0.17223431 -0.44793419 -0.1449724  -0.02835207
 -0.01967263 -0.27146732 -0.16045132 -0.1487259  -0.13306096 -0.24702616
 -0.00521737 -0.13403151 -0.27595096 -0.22562966 -0.0107618  -0.39315424
 -0.09737183]",[-0.6174938],-3.5656129243324304
16,48005,"[ 0.01144233  0.0179954  -0.17223431 -0.44793419 -0.1449724  -0.02835207
 -0.01967263 -0.27146732 -0.16045132 -0.1487259  -0.13306096 -0.24702616
 -0.00521737 -0.13403151 -0.27595096 -0.22562966 -0.0107618  -0.39315424
 -0.09737183]",[-0.09825658],0.41102668994801156
16,48007,"[ 0.01144233  0.0179954  -0.17223431 -0.44793419 -0.1449724  -0.02835207
 -0.01967263 -0.27146732 -0.16045132 -0.1487259  -0.13306096 -0.24702616
 -0.00521737 -0.13403151 -0.27595096 -0.22562966 -0.0107618  -0.39315424
 -0.09737183]",[-0.17821606],-0.20135245347755976
16,48013,"[ 0.01144233  0.0179954  -0.17223431 -0.44793419 -0.1449724  -0.02835207
 -0.01967263 -0.27146732 -0.16045132 -0.1487259  -0.13306096 -0.24702616
 -0.00521737 -0.13403151 -0.27595096 -0.22562966 -0.0107618  -0.39315424
 -0.09737183]",[-0.0032806],1.1384115087702076
16,48015,"[ 0.01144233  0.0179954  -0.17223431 -0.44793419 -0.1449724  -0.02835207
 -0.01967263 -0.27146732 -0.16045132 -0.1487259  -0.13306096 -0.24702616
 -0.00521737 -0.13403151 -0.27595096 -0.22562966 -0.0107618  -0.39315424
 -0.09737183]",[-0.15283143],-0.0069412665807995965
16,48019,"[ 0.01144233  0.0179954  -0.17223431 -0.44793419 -0.1449724  -0.02835207
 -0.01967263 -0.27146732 -0.16045132 -0.1487259  -0.13306096 -0.24702616
 -0.00521737 -0.13403151 -0.27595096 -0.22562966 -0.0107618  -0.39315424
 -0.09737183]",[-0.26291605],-0.8500372963168964
16,48021,"[ 0.01144233  0.0179954  -0.17223431 -0.44793419 -0.1449724  -0.02835207
 -0.01967263 -0.27146732 -0.16045132 -0.1487259  -0.13306096 -0.24702616
 -0.00521737 -0.13403151 -0.27595096 -0.22562966 -0.0107618  -0.39315424
 -0.09737183]",[-0.24551504],-0.7167696538368813
16,48025,"[ 0.01144233  0.0179954  -0.17223431 -0.44793419 -0.1449724  -0.02835207
 -0.01967263 -0.27146732 -0.16045132 -0.1487259  -0.13306096 -0.24702616
 -0.00521737 -0.13403151 -0.27595096 -0.22562966 -0.0107618  -0.39315424
 -0.09737183]",[-0.07501931],0.5889920817843766
16,48027,"[ 0.01144233  0.0179954  -0.17223431 -0.44793419 -0.1449724  -0.02835207
 -0.01967263 -0.27146732 -0.16045132 -0.1487259  -0.13306096 -0.24702616
 -0.00521737 -0.13403151 -0.27595096 -0.22562966 -0.0107618  -0.39315424
 -0.09737183]",[0.03095807],1.4006324205311258
16,48029,"[ 0.01144233  0.0179954  -0.17223431 -0.44793419 -0.1449724  -0.02835207
 -0.01967263 -0.27146732 -0.16045132 -0.1487259  -0.13306096 -0.24702616
 -0.00521737 -0.13403151 -0.27595096 -0.22562966 -0.0107618  -0.39315424
 -0.09737183]",[0.01313278],1.2641152999216656
16,48035,"[ 0.01144233  0.0179954  -0.17223431 -0.44793419 -0.1449724  -0.02835207
 -0.01967263 -0.27146732 -0.16045132 -0.1487259  -0.13306096 -0.24702616
 -0.00521737 -0.13403151 -0.27595096 -0.22562966 -0.0107618  -0.39315424
 -0.09737183]",[-0.1577009],-0.04423460600849937
16,48037,"[ 0.01144233  0.0179954  -0.17223431 -0.44793419 -0.1449724  -0.02835207
 -0.01967263 -0.27146732 -0.16045132 -0.1487259  -0.13306096 -0.24702616
 -0.00521737 -0.13403151 -0.27595096 -0.22562966 -0.0107618  -0.39315424
 -0.09737183]",[-0.09246847],0.45535560783090173
16,48039,"[ 0.01144233  0.0179954  -0.17223431 -0.44793419 -0.1449724  -0.02835207
 -0.01967263 -0.27146732 -0.16045132 -0.1487259  -0.13306096 -0.24702616
 -0.00521737 -0.13403151 -0.27595096 -0.22562966 -0.0107618  -0.39315424
 -0.09737183]",[0.06290683],1.645315774843594
16,48041,"[ 0.01144233  0.0179954  -0.17223431 -0.44793419 -0.1449724  -0.02835207
 -0.01967263 -0.27146732 -0.16045132 -0.1487259  -0.13306096 -0.24702616
 -0.00521737 -0.13403151 -0.27595096 -0.22562966 -0.0107618  -0.39315424
 -0.09737183]",[-0.00366031],1.1355034123729486
16,48049,"[ 0.01144233  0.0179954  -0.17223431 -0.44793419 -0.1449724  -0.02835207
 -0.01967263 -0.27146732 -0.16045132 -0.1487259  -0.13306096 -0.24702616
 -0.00521737 -0.13403151 -0.27595096 -0.22562966 -0.0107618  -0.39315424
 -0.09737183]",[-0.03138189],0.9231944543176804
16,48051,"[ 0.01144233  0.0179954  -0.17223431 -0.44793419 -0.1449724  -0.02835207
 -0.01967263 -0.27146732 -0.16045132 -0.1487259  -0.13306096 -0.24702616
 -0.00521737 -0.13403151 -0.27595096 -0.22562966 -0.0107618  -0.39315424
 -0.09737183]",[-0.38757244],-1.8047330264012564
16,48053,"[ 0.01144233  0.0179954  -0.17223431 -0.44793419 -0.1449724  -0.02835207
 -0.01967263 -0.27146732 -0.16045132 -0.1487259  -0.13306096 -0.24702616
 -0.00521737 -0.13403151 -0.27595096 -0.22562966 -0.0107618  -0.39315424
 -0.09737183]",[-0.13897751],0.09916064665686675
16,48055,"[ 0.01144233  0.0179954  -0.17223431 -0.44793419 -0.1449724  -0.02835207
 -0.01967263 -0.27146732 -0.16045132 -0.1487259  -0.13306096 -0.24702616
 -0.00521737 -0.13403151 -0.27595096 -0.22562966 -0.0107618  -0.39315424
 -0.09737183]",[-0.11615275],0.27396673844820335
16,48057,"[ 0.01144233  0.0179954  -0.17223431 -0.44793419 -0.1449724  -0.02835207
 -0.01967263 -0.27146732 -0.16045132 -0.1487259  -0.13306096 -0.24702616
 -0.00521737 -0.13403151 -0.27595096 -0.22562966 -0.0107618  -0.39315424
 -0.09737183]",[-0.2254252],-0.5629092147419894
16,48061,"[ 0.01144233  0.0179954  -0.17223431 -0.44793419 -0.1449724  -0.02835207
 -0.01967263 -0.27146732 -0.16045132 -0.1487259  -0.13306096 -0.24702616
 -0.00521737 -0.13403151 -0.27595096 -0.22562966 -0.0107618  -0.39315424
 -0.09737183]",[0.01677415],1.292003117728534
16,48071,"[ 0.01144233  0.0179954  -0.17223431 -0.44793419 -0.1449724  -0.02835207
 -0.01967263 -0.27146732 -0.16045132 -0.1487259  -0.13306096 -0.24702616
 -0.00521737 -0.13403151 -0.27595096 -0.22562966 -0.0107618  -0.39315424
 -0.09737183]",[-0.04037008],0.8543573014286261
16,48067,"[ 0.01144233  0.0179954  -0.17223431 -0.44793419 -0.1449724  -0.02835207
 -0.01967263 -0.27146732 -0.16045132 -0.1487259  -0.13306096 -0.24702616
 -0.00521737 -0.13403151 -0.27595096 -0.22562966 -0.0107618  -0.39315424
 -0.09737183]",[-0.10964302],0.3238223381578688
16,48073,"[ 0.01144233  0.0179954  -0.17223431 -0.44793419 -0.1449724  -0.02835207
 -0.01967263 -0.27146732 -0.16045132 -0.1487259  -0.13306096 -0.24702616
 -0.00521737 -0.13403151 -0.27595096 -0.22562966 -0.0107618  -0.39315424
 -0.09737183]",[-0.16526975],-0.102201611847826
16,48085,"[ 0.01144233  0.0179954  -0.17223431 -0.44793419 -0.1449724  -0.02835207
 -0.01967263 -0.27146732 -0.16045132 -0.1487259  -0.13306096 -0.24702616
 -0.00521737 -0.13403151 -0.27595096 -0.22562966 -0.0107618  -0.39315424
 -0.09737183]",[-0.00396361],1.133180560985307
16,48089,"[ 0.01144233  0.0179954  -0.17223431 -0.44793419 -0.1449724  -0.02835207
 -0.01967263 -0.27146732 -0.16045132 -0.1487259  -0.13306096 -0.24702616
 -0.00521737 -0.13403151 -0.27595096 -0.22562966 -0.0107618  -0.39315424
 -0.09737183]",[-0.23483228],-0.6349544149082477
16,48091,"[ 0.01144233  0.0179954  -0.17223431 -0.44793419 -0.1449724  -0.02835207
 -0.01967263 -0.27146732 -0.16045132 -0.1487259  -0.13306096 -0.24702616
 -0.00521737 -0.13403151 -0.27595096 -0.22562966 -0.0107618  -0.39315424
 -0.09737183]",[-0.03266686],0.9133533188649743
16,48093,"[ 0.01144233  0.0179954  -0.17223431 -0.44793419 -0.1449724  -0.02835207
 -0.01967263 -0.27146732 -0.16045132 -0.1487259  -0.13306096 -0.24702616
 -0.00521737 -0.13403151 -0.27595096 -0.22562966 -0.0107618  -0.39315424
 -0.09737183]",[-0.47859511],-2.501840875873431
16,48097,"[ 0.01144233  0.0179954  -0.17223431 -0.44793419 -0.1449724  -0.02835207
 -0.01967263 -0.27146732 -0.16045132 -0.1487259  -0.13306096 -0.24702616
 -0.00521737 -0.13403151 -0.27595096 -0.22562966 -0.0107618  -0.39315424
 -0.09737183]",[-0.02783546],0.9503551782133685
16,48099,"[ 0.01144233  0.0179954  -0.17223431 -0.44793419 -0.1449724  -0.02835207
 -0.01967263 -0.27146732 -0.16045132 -0.1487259  -0.13306096 -0.24702616
 -0.00521737 -0.13403151 -0.27595096 -0.22562966 -0.0107618  -0.39315424
 -0.09737183]",[-0.11612362],0.27418988432370467
16,48113,"[ 0.01144233  0.0179954  -0.17223431 -0.44793419 -0.1449724  -0.02835207
 -0.01967263 -0.27146732 -0.16045132 -0.1487259  -0.13306096 -0.24702616
 -0.00521737 -0.13403151 -0.27595096 -0.22562966 -0.0107618  -0.39315424
 -0.09737183]",[0.00218595],1.1802776770773171
16,48115,"[ 0.01144233  0.0179954  -0.17223431 -0.44793419 -0.1449724  -0.02835207
 -0.01967263 -0.27146732 -0.16045132 -0.1487259  -0.13306096 -0.24702616
 -0.00521737 -0.13403151 -0.27595096 -0.22562966 -0.0107618  -0.39315424
 -0.09737183]",[-0.42722292],-2.108400892547648
16,48117,"[ 0.01144233  0.0179954  -0.17223431 -0.44793419 -0.1449724  -0.02835207
 -0.01967263 -0.27146732 -0.16045132 -0.1487259  -0.13306096 -0.24702616
 -0.00521737 -0.13403151 -0.27595096 -0.22562966 -0.0107618  -0.39315424
 -0.09737183]",[-0.38638678],-1.7956524937921987
16,48121,"[ 0.01144233  0.0179954  -0.17223431 -0.44793419 -0.1449724  -0.02835207
 -0.01967263 -0.27146732 -0.16045132 -0.1487259  -0.13306096 -0.24702616
 -0.00521737 -0.13403151 -0.27595096 -0.22562966 -0.0107618  -0.39315424
 -0.09737183]",[0.03822844],1.456313395774629
16,48123,"[ 0.01144233  0.0179954  -0.17223431 -0.44793419 -0.1449724  -0.02835207
 -0.01967263 -0.27146732 -0.16045132 -0.1487259  -0.13306096 -0.24702616
 -0.00521737 -0.13403151 -0.27595096 -0.22562966 -0.0107618  -0.39315424
 -0.09737183]",[-0.27755225],-0.962130366262373
16,48133,"[ 0.01144233  0.0179954  -0.17223431 -0.44793419 -0.1449724  -0.02835207
 -0.01967263 -0.27146732 -0.16045132 -0.1487259  -0.13306096 -0.24702616
 -0.00521737 -0.13403151 -0.27595096 -0.22562966 -0.0107618  -0.39315424
 -0.09737183]",[-0.27394656],-0.9345157655100182
16,48139,"[ 0.01144233  0.0179954  -0.17223431 -0.44793419 -0.1449724  -0.02835207
 -0.01967263 -0.27146732 -0.16045132 -0.1487259  -0.13306096 -0.24702616
 -0.00521737 -0.13403151 -0.27595096 -0.22562966 -0.0107618  -0.39315424
 -0.09737183]",[-0.06388391],0.6742738665249091
16,48135,"[ 0.01144233  0.0179954  -0.17223431 -0.44793419 -0.1449724  -0.02835207
 -0.01967263 -0.27146732 -0.16045132 -0.1487259  -0.13306096 -0.24702616
 -0.00521737 -0.13403151 -0.27595096 -0.22562966 -0.0107618  -0.39315424
 -0.09737183]",[-0.07606994],0.5809457014970325
16,48141,"[ 0.01144233  0.0179954  -0.17223431 -0.44793419 -0.1449724  -0.02835207
 -0.01967263 -0.27146732 -0.16045132 -0.1487259  -0.13306096 -0.24702616
 -0.00521737 -0.13403151 -0.27595096 -0.22562966 -0.0107618  -0.39315424
 -0.09737183]",[0.01552204],1.2824137079891023
16,48143,"[ 0.01144233  0.0179954  -0.17223431 -0.44793419 -0.1449724  -0.02835207
 -0.01967263 -0.27146732 -0.16045132 -0.1487259  -0.13306096 -0.24702616
 -0.00521737 -0.13403151 -0.27595096 -0.22562966 -0.0107618  -0.39315424
 -0.09737183]",[-0.07905481],0.5580857473080577
16,48145,"[ 0.01144233  0.0179954  -0.17223431 -0.44793419 -0.1449724  -0.02835207
 -0.01967263 -0.27146732 -0.16045132 -0.1487259  -0.13306096 -0.24702616
 -0.00521737 -0.13403151 -0.27595096 -0.22562966 -0.0107618  -0.39315424
 -0.09737183]",[0.15812067],2.3745221997637946
16,48147,"[ 0.01144233  0.0179954  -0.17223431 -0.44793419 -0.1449724  -0.02835207
 -0.01967263 -0.27146732 -0.16045132 -0.1487259  -0.13306096 -0.24702616
 -0.00521737 -0.13403151 -0.27595096 -0.22562966 -0.0107618  -0.39315424
 -0.09737183]",[-0.11161896],0.30868937405288727
16,48149,"[ 0.01144233  0.0179954  -0.17223431 -0.44793419 -0.1449724  -0.02835207
 -0.01967263 -0.27146732 -0.16045132 -0.1487259  -0.13306096 -0.24702616
 -0.00521737 -0.13403151 -0.27595096 -0.22562966 -0.0107618  -0.39315424
 -0.09737183]",[-0.13695849],0.11462354705441966
16,48157,"[ 0.01144233  0.0179954  -0.17223431 -0.44793419 -0.1449724  -0.02835207
 -0.01967263 -0.27146732 -0.16045132 -0.1487259  -0.13306096 -0.24702616
 -0.00521737 -0.13403151 -0.27595096 -0.22562966 -0.0107618  -0.39315424
 -0.09737183]",[0.01698596],1.2936253627279908
16,48161,"[ 0.01144233  0.0179954  -0.17223431 -0.44793419 -0.1449724  -0.02835207
 -0.01967263 -0.27146732 -0.16045132 -0.1487259  -0.13306096 -0.24702616
 -0.00521737 -0.13403151 -0.27595096 -0.22562966 -0.0107618  -0.39315424
 -0.09737183]",[0.01757021],1.2980998544349116
16,48167,"[ 0.01144233  0.0179954  -0.17223431 -0.44793419 -0.1449724  -0.02835207
 -0.01967263 -0.27146732 -0.16045132 -0.1487259  -0.13306096 -0.24702616
 -0.00521737 -0.13403151 -0.27595096 -0.22562966 -0.0107618  -0.39315424
 -0.09737183]",[0.02895981],1.3853284360134814
16,48171,"[ 0.01144233  0.0179954  -0.17223431 -0.44793419 -0.1449724  -0.02835207
 -0.01967263 -0.27146732 -0.16045132 -0.1487259  -0.13306096 -0.24702616
 -0.00521737 -0.13403151 -0.27595096 -0.22562966 -0.0107618  -0.39315424
 -0.09737183]",[-0.23436415],-0.6313692437527894
16,48179,"[ 0.01144233  0.0179954  -0.17223431 -0.44793419 -0.1449724  -0.02835207
 -0.01967263 -0.27146732 -0.16045132 -0.1487259  -0.13306096 -0.24702616
 -0.00521737 -0.13403151 -0.27595096 -0.22562966 -0.0107618  -0.39315424
 -0.09737183]",[-0.20320979],-0.3927698520486366
16,48177,"[ 0.01144233  0.0179954  -0.17223431 -0.44793419 -0.1449724  -0.02835207
 -0.01967263 -0.27146732 -0.16045132 -0.1487259  -0.13306096 -0.24702616
 -0.00521737 -0.13403151 -0.27595096 -0.22562966 -0.0107618  -0.39315424
 -0.09737183]",[-0.11152155],0.3094353298217145
16,48181,"[ 0.01144233  0.0179954  -0.17223431 -0.44793419 -0.1449724  -0.02835207
 -0.01967263 -0.27146732 -0.16045132 -0.1487259  -0.13306096 -0.24702616
 -0.00521737 -0.13403151 -0.27595096 -0.22562966 -0.0107618  -0.39315424
 -0.09737183]",[-0.02906346],0.9409504343805014
16,48183,"[ 0.01144233  0.0179954  -0.17223431 -0.44793419 -0.1449724  -0.02835207
 -0.01967263 -0.27146732 -0.16045132 -0.1487259  -0.13306096 -0.24702616
 -0.00521737 -0.13403151 -0.27595096 -0.22562966 -0.0107618  -0.39315424
 -0.09737183]",[-0.02295023],0.9877692863415534
16,48185,"[ 0.01144233  0.0179954  -0.17223431 -0.44793419 -0.1449724  -0.02835207
 -0.01967263 -0.27146732 -0.16045132 -0.1487259  -0.13306096 -0.24702616
 -0.00521737 -0.13403151 -0.27595096 -0.22562966 -0.0107618  -0.39315424
 -0.09737183]",[-0.2923624],-1.0755556410308484
16,48187,"[ 0.01144233  0.0179954  -0.17223431 -0.44793419 -0.1449724  -0.02835207
 -0.01967263 -0.27146732 -0.16045132 -0.1487259  -0.13306096 -0.24702616
 -0.00521737 -0.13403151 -0.27595096 -0.22562966 -0.0107618  -0.39315424
 -0.09737183]",[-0.08636667],0.502086962788031
16,48189,"[ 0.01144233  0.0179954  -0.17223431 -0.44793419 -0.1449724  -0.02835207
 -0.01967263 -0.27146732 -0.16045132 -0.1487259  -0.13306096 -0.24702616
 -0.00521737 -0.13403151 -0.27595096 -0.22562966 -0.0107618  -0.39315424
 -0.09737183]",[-0.20935225],-0.4398125953853129
16,48199,"[ 0.01144233  0.0179954  -0.17223431 -0.44793419 -0.1449724  -0.02835207
 -0.01967263 -0.27146732 -0.16045132 -0.1487259  -0.13306096 -0.24702616
 -0.00521737 -0.13403151 -0.27595096 -0.22562966 -0.0107618  -0.39315424
 -0.09737183]",[-0.01353473],1.0598789755042493
16,48201,"[ 0.01144233  0.0179954  -0.17223431 -0.44793419 -0.1449724  -0.02835207
 -0.01967263 -0.27146732 -0.16045132 -0.1487259  -0.13306096 -0.24702616
 -0.00521737 -0.13403151 -0.27595096 -0.22562966 -0.0107618  -0.39315424
 -0.09737183]",[0.00456059],1.1984641314672453
16,48203,"[ 0.01144233  0.0179954  -0.17223431 -0.44793419 -0.1449724  -0.02835207
 -0.01967263 -0.27146732 -0.16045132 -0.1487259  -0.13306096 -0.24702616
 -0.00521737 -0.13403151 -0.27595096 -0.22562966 -0.0107618  -0.39315424
 -0.09737183]",[0.02609712],1.363404260385716
16,48209,"[ 0.01144233  0.0179954  -0.17223431 -0.44793419 -0.1449724  -0.02835207
 -0.01967263 -0.27146732 -0.16045132 -0.1487259  -0.13306096 -0.24702616
 -0.00521737 -0.13403151 -0.27595096 -0.22562966 -0.0107618  -0.39315424
 -0.09737183]",[0.07911425],1.769442213542695
16,48213,"[ 0.01144233  0.0179954  -0.17223431 -0.44793419 -0.1449724  -0.02835207
 -0.01967263 -0.27146732 -0.16045132 -0.1487259  -0.13306096 -0.24702616
 -0.00521737 -0.13403151 -0.27595096 -0.22562966 -0.0107618  -0.39315424
 -0.09737183]",[-0.09631515],0.4258954084211621
16,48215,"[ 0.01144233  0.0179954  -0.17223431 -0.44793419 -0.1449724  -0.02835207
 -0.01967263 -0.27146732 -0.16045132 -0.1487259  -0.13306096 -0.24702616
 -0.00521737 -0.13403151 -0.27595096 -0.22562966 -0.0107618  -0.39315424
 -0.09737183]",[-0.00315309],1.1393880636466724
16,48217,"[ 0.01144233  0.0179954  -0.17223431 -0.44793419 -0.1449724  -0.02835207
 -0.01967263 -0.27146732 -0.16045132 -0.1487259  -0.13306096 -0.24702616
 -0.00521737 -0.13403151 -0.27595096 -0.22562966 -0.0107618  -0.39315424
 -0.09737183]",[-0.1272518],0.1889634231090441
16,48219,"[ 0.01144233  0.0179954  -0.17223431 -0.44793419 -0.1449724  -0.02835207
 -0.01967263 -0.27146732 -0.16045132 -0.1487259  -0.13306096 -0.24702616
 -0.00521737 -0.13403151 -0.27595096 -0.22562966 -0.0107618  -0.39315424
 -0.09737183]",[-0.2276433],-0.579896784074385
16,48221,"[ 0.01144233  0.0179954  -0.17223431 -0.44793419 -0.1449724  -0.02835207
 -0.01967263 -0.27146732 -0.16045132 -0.1487259  -0.13306096 -0.24702616
 -0.00521737 -0.13403151 -0.27595096 -0.22562966 -0.0107618  -0.39315424
 -0.09737183]",[-0.07102693],0.6195681709941516
16,48223,"[ 0.01144233  0.0179954  -0.17223431 -0.44793419 -0.1449724  -0.02835207
 -0.01967263 -0.27146732 -0.16045132 -0.1487259  -0.13306096 -0.24702616
 -0.00521737 -0.13403151 -0.27595096 -0.22562966 -0.0107618  -0.39315424
 -0.09737183]",[-0.14055834],0.08705367215432928
16,48225,"[ 0.01144233  0.0179954  -0.17223431 -0.44793419 -0.1449724  -0.02835207
 -0.01967263 -0.27146732 -0.16045132 -0.1487259  -0.13306096 -0.24702616
 -0.00521737 -0.13403151 -0.27595096 -0.22562966 -0.0107618  -0.39315424
 -0.09737183]",[-0.18733482],-0.27118951517240225
16,48227,"[ 0.01144233  0.0179954  -0.17223431 -0.44793419 -0.1449724  -0.02835207
 -0.01967263 -0.27146732 -0.16045132 -0.1487259  -0.13306096 -0.24702616
 -0.00521737 -0.13403151 -0.27595096 -0.22562966 -0.0107618  -0.39315424
 -0.09737183]",[-0.09795885],0.41330692828726445
16,48231,"[ 0.01144233  0.0179954  -0.17223431 -0.44793419 -0.1449724  -0.02835207
 -0.01967263 -0.27146732 -0.16045132 -0.1487259  -0.13306096 -0.24702616
 -0.00521737 -0.13403151 -0.27595096 -0.22562966 -0.0107618  -0.39315424
 -0.09737183]",[-0.01783631],1.0269348856952403
16,48233,"[ 0.01144233  0.0179954  -0.17223431 -0.44793419 -0.1449724  -0.02835207
 -0.01967263 -0.27146732 -0.16045132 -0.1487259  -0.13306096 -0.24702616
 -0.00521737 -0.13403151 -0.27595096 -0.22562966 -0.0107618  -0.39315424
 -0.09737183]",[-0.12036987],0.24166943788998144
16,48241,"[ 0.01144233  0.0179954  -0.17223431 -0.44793419 -0.1449724  -0.02835207
 -0.01967263 -0.27146732 -0.16045132 -0.1487259  -0.13306096 -0.24702616
 -0.00521737 -0.13403151 -0.27595096 -0.22562966 -0.0107618  -0.39315424
 -0.09737183]",[0.31660016],3.588256109176778
16,48245,"[ 0.01144233  0.0179954  -0.17223431 -0.44793419 -0.1449724  -0.02835207
 -0.01967263 -0.27146732 -0.16045132 -0.1487259  -0.13306096 -0.24702616
 -0.00521737 -0.13403151 -0.27595096 -0.22562966 -0.0107618  -0.39315424
 -0.09737183]",[-0.0237198],0.9818754708091794
16,48249,"[ 0.01144233  0.0179954  -0.17223431 -0.44793419 -0.1449724  -0.02835207
 -0.01967263 -0.27146732 -0.16045132 -0.1487259  -0.13306096 -0.24702616
 -0.00521737 -0.13403151 -0.27595096 -0.22562966 -0.0107618  -0.39315424
 -0.09737183]",[-0.04017177],0.8558761020969426
16,48251,"[ 0.01144233  0.0179954  -0.17223431 -0.44793419 -0.1449724  -0.02835207
 -0.01967263 -0.27146732 -0.16045132 -0.1487259  -0.13306096 -0.24702616
 -0.00521737 -0.13403151 -0.27595096 -0.22562966 -0.0107618  -0.39315424
 -0.09737183]",[-0.04204958],0.8414946878211571
16,48253,"[ 0.01144233  0.0179954  -0.17223431 -0.44793419 -0.1449724  -0.02835207
 -0.01967263 -0.27146732 -0.16045132 -0.1487259  -0.13306096 -0.24702616
 -0.00521737 -0.13403151 -0.27595096 -0.22562966 -0.0107618  -0.39315424
 -0.09737183]",[-0.29698887],-1.1109880213524164
16,48255,"[ 0.01144233  0.0179954  -0.17223431 -0.44793419 -0.1449724  -0.02835207
 -0.01967263 -0.27146732 -0.16045132 -0.1487259  -0.13306096 -0.24702616
 -0.00521737 -0.13403151 -0.27595096 -0.22562966 -0.0107618  -0.39315424
 -0.09737183]",[-0.44477197],-2.2428023837231095
16,48257,"[ 0.01144233  0.0179954  -0.17223431 -0.44793419 -0.1449724  -0.02835207
 -0.01967263 -0.27146732 -0.16045132 -0.1487259  -0.13306096 -0.24702616
 -0.00521737 -0.13403151 -0.27595096 -0.22562966 -0.0107618  -0.39315424
 -0.09737183]",[-0.00717934],1.1085525038718347
16,48259,"[ 0.01144233  0.0179954  -0.17223431 -0.44793419 -0.1449724  -0.02835207
 -0.01967263 -0.27146732 -0.16045132 -0.1487259  -0.13306096 -0.24702616
 -0.00521737 -0.13403151 -0.27595096 -0.22562966 -0.0107618  -0.39315424
 -0.09737183]",[-0.24911255],-0.7443216061415308
16,48265,"[ 0.01144233  0.0179954  -0.17223431 -0.44793419 -0.1449724  -0.02835207
 -0.01967263 -0.27146732 -0.16045132 -0.1487259  -0.13306096 -0.24702616
 -0.00521737 -0.13403151 -0.27595096 -0.22562966 -0.0107618  -0.39315424
 -0.09737183]",[-0.15366484],-0.013323978163542815
16,48273,"[ 0.01144233  0.0179954  -0.17223431 -0.44793419 -0.1449724  -0.02835207
 -0.01967263 -0.27146732 -0.16045132 -0.1487259  -0.13306096 -0.24702616
 -0.00521737 -0.13403151 -0.27595096 -0.22562966 -0.0107618  -0.39315424
 -0.09737183]",[-0.24037087],-0.6773724090673892
16,48279,"[ 0.01144233  0.0179954  -0.17223431 -0.44793419 -0.1449724  -0.02835207
 -0.01967263 -0.27146732 -0.16045132 -0.1487259  -0.13306096 -0.24702616
 -0.00521737 -0.13403151 -0.27595096 -0.22562966 -0.0107618  -0.39315424
 -0.09737183]",[-0.21857587],-0.5104528135971432
16,48277,"[ 0.01144233  0.0179954  -0.17223431 -0.44793419 -0.1449724  -0.02835207
 -0.01967263 -0.27146732 -0.16045132 -0.1487259  -0.13306096 -0.24702616
 -0.00521737 -0.13403151 -0.27595096 -0.22562966 -0.0107618  -0.39315424
 -0.09737183]",[-0.12100261],0.2368235704849576
16,48281,"[ 0.01144233  0.0179954  -0.17223431 -0.44793419 -0.1449724  -0.02835207
 -0.01967263 -0.27146732 -0.16045132 -0.1487259  -0.13306096 -0.24702616
 -0.00521737 -0.13403151 -0.27595096 -0.22562966 -0.0107618  -0.39315424
 -0.09737183]",[-0.30715315],-1.1888323381435526
16,48285,"[ 0.01144233  0.0179954  -0.17223431 -0.44793419 -0.1449724  -0.02835207
 -0.01967263 -0.27146732 -0.16045132 -0.1487259  -0.13306096 -0.24702616
 -0.00521737 -0.13403151 -0.27595096 -0.22562966 -0.0107618  -0.39315424
 -0.09737183]",[-0.20333557],-0.3937331730019019
16,48287,"[ 0.01144233  0.0179954  -0.17223431 -0.44793419 -0.1449724  -0.02835207
 -0.01967263 -0.27146732 -0.16045132 -0.1487259  -0.13306096 -0.24702616
 -0.00521737 -0.13403151 -0.27595096 -0.22562966 -0.0107618  -0.39315424
 -0.09737183]",[-0.51570353],-2.7860400983111155
16,48291,"[ 0.01144233  0.0179954  -0.17223431 -0.44793419 -0.1449724  -0.02835207
 -0.01967263 -0.27146732 -0.16045132 -0.1487259  -0.13306096 -0.24702616
 -0.00521737 -0.13403151 -0.27595096 -0.22562966 -0.0107618  -0.39315424
 -0.09737183]",[-0.03602658],0.8876225113337751
16,48293,"[ 0.01144233  0.0179954  -0.17223431 -0.44793419 -0.1449724  -0.02835207
 -0.01967263 -0.27146732 -0.16045132 -0.1487259  -0.13306096 -0.24702616
 -0.00521737 -0.13403151 -0.27595096 -0.22562966 -0.0107618  -0.39315424
 -0.09737183]",[-0.11179382],0.3073501555916602
16,48297,"[ 0.01144233  0.0179954  -0.17223431 -0.44793419 -0.1449724  -0.02835207
 -0.01967263 -0.27146732 -0.16045132 -0.1487259  -0.13306096 -0.24702616
 -0.00521737 -0.13403151 -0.27595096 -0.22562966 -0.0107618  -0.39315424
 -0.09737183]",[-0.41227393],-1.993912318189323
16,48299,"[ 0.01144233  0.0179954  -0.17223431 -0.44793419 -0.1449724  -0.02835207
 -0.01967263 -0.27146732 -0.16045132 -0.1487259  -0.13306096 -0.24702616
 -0.00521737 -0.13403151 -0.27595096 -0.22562966 -0.0107618  -0.39315424
 -0.09737183]",[-0.15357119],-0.012606752992706367
16,48303,"[ 0.01144233  0.0179954  -0.17223431 -0.44793419 -0.1449724  -0.02835207
 -0.01967263 -0.27146732 -0.16045132 -0.1487259  -0.13306096 -0.24702616
 -0.00521737 -0.13403151 -0.27595096 -0.22562966 -0.0107618  -0.39315424
 -0.09737183]",[-0.02486808],0.9730812193427947
16,48309,"[ 0.01144233  0.0179954  -0.17223431 -0.44793419 -0.1449724  -0.02835207
 -0.01967263 -0.27146732 -0.16045132 -0.1487259  -0.13306096 -0.24702616
 -0.00521737 -0.13403151 -0.27595096 -0.22562966 -0.0107618  -0.39315424
 -0.09737183]",[-0.03355507],0.906550878205037
16,48313,"[ 0.01144233  0.0179954  -0.17223431 -0.44793419 -0.1449724  -0.02835207
 -0.01967263 -0.27146732 -0.16045132 -0.1487259  -0.13306096 -0.24702616
 -0.00521737 -0.13403151 -0.27595096 -0.22562966 -0.0107618  -0.39315424
 -0.09737183]",[-0.05958241],0.7072174086461885
16,48315,"[ 0.01144233  0.0179954  -0.17223431 -0.44793419 -0.1449724  -0.02835207
 -0.01967263 -0.27146732 -0.16045132 -0.1487259  -0.13306096 -0.24702616
 -0.00521737 -0.13403151 -0.27595096 -0.22562966 -0.0107618  -0.39315424
 -0.09737183]",[-0.48012507],-2.5135582894181945
16,48321,"[ 0.01144233  0.0179954  -0.17223431 -0.44793419 -0.1449724  -0.02835207
 -0.01967263 -0.27146732 -0.16045132 -0.1487259  -0.13306096 -0.24702616
 -0.00521737 -0.13403151 -0.27595096 -0.22562966 -0.0107618  -0.39315424
 -0.09737183]",[-0.09176085],0.4607750252458664
16,48323,"[ 0.01144233  0.0179954  -0.17223431 -0.44793419 -0.1449724  -0.02835207
 -0.01967263 -0.27146732 -0.16045132 -0.1487259  -0.13306096 -0.24702616
 -0.00521737 -0.13403151 -0.27595096 -0.22562966 -0.0107618  -0.39315424
 -0.09737183]",[-0.16221126],-0.07877773754128053
16,48325,"[ 0.01144233  0.0179954  -0.17223431 -0.44793419 -0.1449724  -0.02835207
 -0.01967263 -0.27146732 -0.16045132 -0.1487259  -0.13306096 -0.24702616
 -0.00521737 -0.13403151 -0.27595096 -0.22562966 -0.0107618  -0.39315424
 -0.09737183]",[-0.18242725],-0.23360430442964839
16,48329,"[ 0.01144233  0.0179954  -0.17223431 -0.44793419 -0.1449724  -0.02835207
 -0.01967263 -0.27146732 -0.16045132 -0.1487259  -0.13306096 -0.24702616
 -0.00521737 -0.13403151 -0.27595096 -0.22562966 -0.0107618  -0.39315424
 -0.09737183]",[-0.00970115],1.0892389642812168
16,48331,"[ 0.01144233  0.0179954  -0.17223431 -0.44793419 -0.1449724  -0.02835207
 -0.01967263 -0.27146732 -0.16045132 -0.1487259  -0.13306096 -0.24702616
 -0.00521737 -0.13403151 -0.27595096 -0.22562966 -0.0107618  -0.39315424
 -0.09737183]",[-0.09646286],0.42476408976105673
16,48337,"[ 0.01144233  0.0179954  -0.17223431 -0.44793419 -0.1449724  -0.02835207
 -0.01967263 -0.27146732 -0.16045132 -0.1487259  -0.13306096 -0.24702616
 -0.00521737 -0.13403151 -0.27595096 -0.22562966 -0.0107618  -0.39315424
 -0.09737183]",[0.02722182],1.3720178572485866
16,48339,"[ 0.01144233  0.0179954  -0.17223431 -0.44793419 -0.1449724  -0.02835207
 -0.01967263 -0.27146732 -0.16045132 -0.1487259  -0.13306096 -0.24702616
 -0.00521737 -0.13403151 -0.27595096 -0.22562966 -0.0107618  -0.39315424
 -0.09737183]",[-0.01675971],1.0351801592200793
16,48341,"[ 0.01144233  0.0179954  -0.17223431 -0.44793419 -0.1449724  -0.02835207
 -0.01967263 -0.27146732 -0.16045132 -0.1487259  -0.13306096 -0.24702616
 -0.00521737 -0.13403151 -0.27595096 -0.22562966 -0.0107618  -0.39315424
 -0.09737183]",[-0.3721083],-1.6862990917922294
16,48347,"[ 0.01144233  0.0179954  -0.17223431 -0.44793419 -0.1449724  -0.02835207
 -0.01967263 -0.27146732 -0.16045132 -0.1487259  -0.13306096 -0.24702616
 -0.00521737 -0.13403151 -0.27595096 -0.22562966 -0.0107618  -0.39315424
 -0.09737183]",[-0.10383109],0.3683336536084822
16,48349,"[ 0.01144233  0.0179954  -0.17223431 -0.44793419 -0.1449724  -0.02835207
 -0.01967263 -0.27146732 -0.16045132 -0.1487259  -0.13306096 -0.24702616
 -0.00521737 -0.13403151 -0.27595096 -0.22562966 -0.0107618  -0.39315424
 -0.09737183]",[0.12016072],2.0838014043913393
16,48351,"[ 0.01144233  0.0179954  -0.17223431 -0.44793419 -0.1449724  -0.02835207
 -0.01967263 -0.27146732 -0.16045132 -0.1487259  -0.13306096 -0.24702616
 -0.00521737 -0.13403151 -0.27595096 -0.22562966 -0.0107618  -0.39315424
 -0.09737183]",[-0.53251159],-2.9147665926511666
16,48353,"[ 0.01144233  0.0179954  -0.17223431 -0.44793419 -0.1449724  -0.02835207
 -0.01967263 -0.27146732 -0.16045132 -0.1487259  -0.13306096 -0.24702616
 -0.00521737 -0.13403151 -0.27595096 -0.22562966 -0.0107618  -0.39315424
 -0.09737183]",[-0.15278188],-0.006561746896000863
16,48355,"[ 0.01144233  0.0179954  -0.17223431 -0.44793419 -0.1449724  -0.02835207
 -0.01967263 -0.27146732 -0.16045132 -0.1487259  -0.13306096 -0.24702616
 -0.00521737 -0.13403151 -0.27595096 -0.22562966 -0.0107618  -0.39315424
 -0.09737183]",[0.02776452],1.3761742294188217
16,48361,"[ 0.01144233  0.0179954  -0.17223431 -0.44793419 -0.1449724  -0.02835207
 -0.01967263 -0.27146732 -0.16045132 -0.1487259  -0.13306096 -0.24702616
 -0.00521737 -0.13403151 -0.27595096 -0.22562966 -0.0107618  -0.39315424
 -0.09737183]",[-0.04986681],0.7816254967566676
16,48363,"[ 0.01144233  0.0179954  -0.17223431 -0.44793419 -0.1449724  -0.02835207
 -0.01967263 -0.27146732 -0.16045132 -0.1487259  -0.13306096 -0.24702616
 -0.00521737 -0.13403151 -0.27595096 -0.22562966 -0.0107618  -0.39315424
 -0.09737183]",[-0.14588346],0.04627061125137568
16,48365,"[ 0.01144233  0.0179954  -0.17223431 -0.44793419 -0.1449724  -0.02835207
 -0.01967263 -0.27146732 -0.16045132 -0.1487259  -0.13306096 -0.24702616
 -0.00521737 -0.13403151 -0.27595096 -0.22562966 -0.0107618  -0.39315424
 -0.09737183]",[-0.33789883],-1.4243018195380246
16,48367,"[ 0.01144233  0.0179954  -0.17223431 -0.44793419 -0.1449724  -0.02835207
 -0.01967263 -0.27146732 -0.16045132 -0.1487259  -0.13306096 -0.24702616
 -0.00521737 -0.13403151 -0.27595096 -0.22562966 -0.0107618  -0.39315424
 -0.09737183]",[-0.03894621],0.8652622065771268
16,48371,"[ 0.01144233  0.0179954  -0.17223431 -0.44793419 -0.1449724  -0.02835207
 -0.01967263 -0.27146732 -0.16045132 -0.1487259  -0.13306096 -0.24702616
 -0.00521737 -0.13403151 -0.27595096 -0.22562966 -0.0107618  -0.39315424
 -0.09737183]",[-0.22780958],-0.5811702321431533
16,48373,"[ 0.01144233  0.0179954  -0.17223431 -0.44793419 -0.1449724  -0.02835207
 -0.01967263 -0.27146732 -0.16045132 -0.1487259  -0.13306096 -0.24702616
 -0.00521737 -0.13403151 -0.27595096 -0.22562966 -0.0107618  -0.39315424
 -0.09737183]",[-0.13365967],0.13988797832888883
16,48375,"[ 0.01144233  0.0179954  -0.17223431 -0.44793419 -0.1449724  -0.02835207
 -0.01967263 -0.27146732 -0.16045132 -0.1487259  -0.13306096 -0.24702616
 -0.00521737 -0.13403151 -0.27595096 -0.22562966 -0.0107618  -0.39315424
 -0.09737183]",[-0.03839067],0.8695168577195261
16,48381,"[ 0.01144233  0.0179954  -0.17223431 -0.44793419 -0.1449724  -0.02835207
 -0.01967263 -0.27146732 -0.16045132 -0.1487259  -0.13306096 -0.24702616
 -0.00521737 -0.13403151 -0.27595096 -0.22562966 -0.0107618  -0.39315424
 -0.09737183]",[0.03873496],1.460192618900053
16,48387,"[ 0.01144233  0.0179954  -0.17223431 -0.44793419 -0.1449724  -0.02835207
 -0.01967263 -0.27146732 -0.16045132 -0.1487259  -0.13306096 -0.24702616
 -0.00521737 -0.13403151 -0.27595096 -0.22562966 -0.0107618  -0.39315424
 -0.09737183]",[-0.46057803],-2.3638549744529627
16,48389,"[ 0.01144233  0.0179954  -0.17223431 -0.44793419 -0.1449724  -0.02835207
 -0.01967263 -0.27146732 -0.16045132 -0.1487259  -0.13306096 -0.24702616
 -0.00521737 -0.13403151 -0.27595096 -0.22562966 -0.0107618  -0.39315424
 -0.09737183]",[-0.34513281],-1.4797040642432455
16,48395,"[ 0.01144233  0.0179954  -0.17223431 -0.44793419 -0.1449724  -0.02835207
 -0.01967263 -0.27146732 -0.16045132 -0.1487259  -0.13306096 -0.24702616
 -0.00521737 -0.13403151 -0.27595096 -0.22562966 -0.0107618  -0.39315424
 -0.09737183]",[-0.22866402],-0.5877141045009651
16,48397,"[ 0.01144233  0.0179954  -0.17223431 -0.44793419 -0.1449724  -0.02835207
 -0.01967263 -0.27146732 -0.16045132 -0.1487259  -0.13306096 -0.24702616
 -0.00521737 -0.13403151 -0.27595096 -0.22562966 -0.0107618  -0.39315424
 -0.09737183]",[-0.12246669],0.2256107456583824
16,48399,"[ 0.01144233  0.0179954  -0.17223431 -0.44793419 -0.1449724  -0.02835207
 -0.01967263 -0.27146732 -0.16045132 -0.1487259  -0.13306096 -0.24702616
 -0.00521737 -0.13403151 -0.27595096 -0.22562966 -0.0107618  -0.39315424
 -0.09737183]",[-0.60000605],-3.4316809095595153
16,48401,"[ 0.01144233  0.0179954  -0.17223431 -0.44793419 -0.1449724  -0.02835207
 -0.01967263 -0.27146732 -0.16045132 -0.1487259  -0.13306096 -0.24702616
 -0.00521737 -0.13403151 -0.27595096 -0.22562966 -0.0107618  -0.39315424
 -0.09737183]",[-0.09545292],0.4324988442122075
16,48407,"[ 0.01144233  0.0179954  -0.17223431 -0.44793419 -0.1449724  -0.02835207
 -0.01967263 -0.27146732 -0.16045132 -0.1487259  -0.13306096 -0.24702616
 -0.00521737 -0.13403151 -0.27595096 -0.22562966 -0.0107618  -0.39315424
 -0.09737183]",[-0.29829298],-1.1209756953284644
16,48409,"[ 0.01144233  0.0179954  -0.17223431 -0.44793419 -0.1449724  -0.02835207
 -0.01967263 -0.27146732 -0.16045132 -0.1487259  -0.13306096 -0.24702616
 -0.00521737 -0.13403151 -0.27595096 -0.22562966 -0.0107618  -0.39315424
 -0.09737183]",[-0.09451365],0.43969237717173243
16,48415,"[ 0.01144233  0.0179954  -0.17223431 -0.44793419 -0.1449724  -0.02835207
 -0.01967263 -0.27146732 -0.16045132 -0.1487259  -0.13306096 -0.24702616
 -0.00521737 -0.13403151 -0.27595096 -0.22562966 -0.0107618  -0.39315424
 -0.09737183]",[-0.45900016],-2.351770627225606
16,48419,"[ 0.01144233  0.0179954  -0.17223431 -0.44793419 -0.1449724  -0.02835207
 -0.01967263 -0.27146732 -0.16045132 -0.1487259  -0.13306096 -0.24702616
 -0.00521737 -0.13403151 -0.27595096 -0.22562966 -0.0107618  -0.39315424
 -0.09737183]",[-0.30056666],-1.138388964814095
16,48423,"[ 0.01144233  0.0179954  -0.17223431 -0.44793419 -0.1449724  -0.02835207
 -0.01967263 -0.27146732 -0.16045132 -0.1487259  -0.13306096 -0.24702616
 -0.00521737 -0.13403151 -0.27595096 -0.22562966 -0.0107618  -0.39315424
 -0.09737183]",[0.00718361],1.2185528934790828
16,48427,"[ 0.01144233  0.0179954  -0.17223431 -0.44793419 -0.1449724  -0.02835207
 -0.01967263 -0.27146732 -0.16045132 -0.1487259  -0.13306096 -0.24702616
 -0.00521737 -0.13403151 -0.27595096 -0.22562966 -0.0107618  -0.39315424
 -0.09737183]",[-0.0697013],0.6297206917712589
16,48439,"[ 0.01144233  0.0179954  -0.17223431 -0.44793419 -0.1449724  -0.02835207
 -0.01967263 -0.27146732 -0.16045132 -0.1487259  -0.13306096 -0.24702616
 -0.00521737 -0.13403151 -0.27595096 -0.22562966 -0.0107618  -0.39315424
 -0.09737183]",[0.00316448],1.1877719212831965
16,48441,"[ 0.01144233  0.0179954  -0.17223431 -0.44793419 -0.1449724  -0.02835207
 -0.01967263 -0.27146732 -0.16045132 -0.1487259  -0.13306096 -0.24702616
 -0.00521737 -0.13403151 -0.27595096 -0.22562966 -0.0107618  -0.39315424
 -0.09737183]",[-0.00821745],1.1006020627198563
16,48449,"[ 0.01144233  0.0179954  -0.17223431 -0.44793419 -0.1449724  -0.02835207
 -0.01967263 -0.27146732 -0.16045132 -0.1487259  -0.13306096 -0.24702616
 -0.00521737 -0.13403151 -0.27595096 -0.22562966 -0.0107618  -0.39315424
 -0.09737183]",[-0.05303331],0.7573744377466026
16,48451,"[ 0.01144233  0.0179954  -0.17223431 -0.44793419 -0.1449724  -0.02835207
 -0.01967263 -0.27146732 -0.16045132 -0.1487259  -0.13306096 -0.24702616
 -0.00521737 -0.13403151 -0.27595096 -0.22562966 -0.0107618  -0.39315424
 -0.09737183]",[-0.08288511],0.5287509127648434
16,48453,"[ 0.01144233  0.0179954  -0.17223431 -0.44793419 -0.1449724  -0.02835207
 -0.01967263 -0.27146732 -0.16045132 -0.1487259  -0.13306096 -0.24702616
 -0.00521737 -0.13403151 -0.27595096 -0.22562966 -0.0107618  -0.39315424
 -0.09737183]",[0.03288491],1.4153893324671292
16,48455,"[ 0.01144233  0.0179954  -0.17223431 -0.44793419 -0.1449724  -0.02835207
 -0.01967263 -0.27146732 -0.16045132 -0.1487259  -0.13306096 -0.24702616
 -0.00521737 -0.13403151 -0.27595096 -0.22562966 -0.0107618  -0.39315424
 -0.09737183]",[-0.23098558],-0.605494060225889
16,48457,"[ 0.01144233  0.0179954  -0.17223431 -0.44793419 -0.1449724  -0.02835207
 -0.01967263 -0.27146732 -0.16045132 -0.1487259  -0.13306096 -0.24702616
 -0.00521737 -0.13403151 -0.27595096 -0.22562966 -0.0107618  -0.39315424
 -0.09737183]",[-0.16109646],-0.07023993122857812
16,48459,"[ 0.01144233  0.0179954  -0.17223431 -0.44793419 -0.1449724  -0.02835207
 -0.01967263 -0.27146732 -0.16045132 -0.1487259  -0.13306096 -0.24702616
 -0.00521737 -0.13403151 -0.27595096 -0.22562966 -0.0107618  -0.39315424
 -0.09737183]",[-0.2821466],-0.9973167504796057
16,48463,"[ 0.01144233  0.0179954  -0.17223431 -0.44793419 -0.1449724  -0.02835207
 -0.01967263 -0.27146732 -0.16045132 -0.1487259  -0.13306096 -0.24702616
 -0.00521737 -0.13403151 -0.27595096 -0.22562966 -0.0107618  -0.39315424
 -0.09737183]",[0.01922049],1.3107387033973292
16,48465,"[ 0.01144233  0.0179954  -0.17223431 -0.44793419 -0.1449724  -0.02835207
 -0.01967263 -0.27146732 -0.16045132 -0.1487259  -0.13306096 -0.24702616
 -0.00521737 -0.13403151 -0.27595096 -0.22562966 -0.0107618  -0.39315424
 -0.09737183]",[-0.21873744],-0.5116902201138279
16,48469,"[ 0.01144233  0.0179954  -0.17223431 -0.44793419 -0.1449724  -0.02835207
 -0.01967263 -0.27146732 -0.16045132 -0.1487259  -0.13306096 -0.24702616
 -0.00521737 -0.13403151 -0.27595096 -0.22562966 -0.0107618  -0.39315424
 -0.09737183]",[-0.00853026],1.0982063010583942
16,48467,"[ 0.01144233  0.0179954  -0.17223431 -0.44793419 -0.1449724  -0.02835207
 -0.01967263 -0.27146732 -0.16045132 -0.1487259  -0.13306096 -0.24702616
 -0.00521737 -0.13403151 -0.27595096 -0.22562966 -0.0107618  -0.39315424
 -0.09737183]",[-0.06864677],0.6377969202424334
16,48471,"[ 0.01144233  0.0179954  -0.17223431 -0.44793419 -0.1449724  -0.02835207
 -0.01967263 -0.27146732 -0.16045132 -0.1487259  -0.13306096 -0.24702616
 -0.00521737 -0.13403151 -0.27595096 -0.22562966 -0.0107618  -0.39315424
 -0.09737183]",[-0.11059902],0.3165006484026286
16,48473,"[ 0.01144233  0.0179954  -0.17223431 -0.44793419 -0.1449724  -0.02835207
 -0.01967263 -0.27146732 -0.16045132 -0.1487259  -0.13306096 -0.24702616
 -0.00521737 -0.13403151 -0.27595096 -0.22562966 -0.0107618  -0.39315424
 -0.09737183]",[-0.1581436],-0.04762510893444144
16,48477,"[ 0.01144233  0.0179954  -0.17223431 -0.44793419 -0.1449724  -0.02835207
 -0.01967263 -0.27146732 -0.16045132 -0.1487259  -0.13306096 -0.24702616
 -0.00521737 -0.13403151 -0.27595096 -0.22562966 -0.0107618  -0.39315424
 -0.09737183]",[-0.11744511],0.26406908742212154
16,48479,"[ 0.01144233  0.0179954  -0.17223431 -0.44793419 -0.1449724  -0.02835207
 -0.01967263 -0.27146732 -0.16045132 -0.1487259  -0.13306096 -0.24702616
 -0.00521737 -0.13403151 -0.27595096 -0.22562966 -0.0107618  -0.39315424
 -0.09737183]",[-0.01440914],1.0531822335888115
16,48481,"[ 0.01144233  0.0179954  -0.17223431 -0.44793419 -0.1449724  -0.02835207
 -0.01967263 -0.27146732 -0.16045132 -0.1487259  -0.13306096 -0.24702616
 -0.00521737 -0.13403151 -0.27595096 -0.22562966 -0.0107618  -0.39315424
 -0.09737183]",[-0.1103761],0.3182079391317529
16,48485,"[ 0.01144233  0.0179954  -0.17223431 -0.44793419 -0.1449724  -0.02835207
 -0.01967263 -0.27146732 -0.16045132 -0.1487259  -0.13306096 -0.24702616
 -0.00521737 -0.13403151 -0.27595096 -0.22562966 -0.0107618  -0.39315424
 -0.09737183]",[-0.01502674],1.048452283484524
16,48487,"[ 0.01144233  0.0179954  -0.17223431 -0.44793419 -0.1449724  -0.02835207
 -0.01967263 -0.27146732 -0.16045132 -0.1487259  -0.13306096 -0.24702616
 -0.00521737 -0.13403151 -0.27595096 -0.22562966 -0.0107618  -0.39315424
 -0.09737183]",[-0.33902444],-1.4329223862115088
16,48489,"[ 0.01144233  0.0179954  -0.17223431 -0.44793419 -0.1449724  -0.02835207
 -0.01967263 -0.27146732 -0.16045132 -0.1487259  -0.13306096 -0.24702616
 -0.00521737 -0.13403151 -0.27595096 -0.22562966 -0.0107618  -0.39315424
 -0.09737183]",[-0.25650525],-0.8009394484956799
16,48491,"[ 0.01144233  0.0179954  -0.17223431 -0.44793419 -0.1449724  -0.02835207
 -0.01967263 -0.27146732 -0.16045132 -0.1487259  -0.13306096 -0.24702616
 -0.00521737 -0.13403151 -0.27595096 -0.22562966 -0.0107618  -0.39315424
 -0.09737183]",[-0.014651],1.051329914654931
16,48493,"[ 0.01144233  0.0179954  -0.17223431 -0.44793419 -0.1449724  -0.02835207
 -0.01967263 -0.27146732 -0.16045132 -0.1487259  -0.13306096 -0.24702616
 -0.00521737 -0.13403151 -0.27595096 -0.22562966 -0.0107618  -0.39315424
 -0.09737183]",[-0.06895474],0.6354382840816872
16,48497,"[ 0.01144233  0.0179954  -0.17223431 -0.44793419 -0.1449724  -0.02835207
 -0.01967263 -0.27146732 -0.16045132 -0.1487259  -0.13306096 -0.24702616
 -0.00521737 -0.13403151 -0.27595096 -0.22562966 -0.0107618  -0.39315424
 -0.09737183]",[-0.06206903],0.6881733303110354
16,48499,"[ 0.01144233  0.0179954  -0.17223431 -0.44793419 -0.1449724  -0.02835207
 -0.01967263 -0.27146732 -0.16045132 -0.1487259  -0.13306096 -0.24702616
 -0.00521737 -0.13403151 -0.27595096 -0.22562966 -0.0107618  -0.39315424
 -0.09737183]",[-0.17458877],-0.17357235591449507
16,48503,"[ 0.01144233  0.0179954  -0.17223431 -0.44793419 -0.1449724  -0.02835207
 -0.01967263 -0.27146732 -0.16045132 -0.1487259  -0.13306096 -0.24702616
 -0.00521737 -0.13403151 -0.27595096 -0.22562966 -0.0107618  -0.39315424
 -0.09737183]",[-0.20436921],-0.40164939953079737
16,48507,"[ 0.01144233  0.0179954  -0.17223431 -0.44793419 -0.1449724  -0.02835207
 -0.01967263 -0.27146732 -0.16045132 -0.1487259  -0.13306096 -0.24702616
 -0.00521737 -0.13403151 -0.27595096 -0.22562966 -0.0107618  -0.39315424
 -0.09737183]",[-0.25932692],-0.8225494993876322
16,49003,"[ 0.01144233  0.0179954  -0.17223431 -0.44793419 -0.1449724  -0.02835207
 -0.01967263 -0.27146732 -0.16045132 -0.1487259  -0.13306096 -0.24702616
 -0.00521737 -0.13403151 -0.27595096 -0.22562966 -0.0107618  -0.39315424
 -0.09737183]",[-0.07733755],0.5712376086192885
16,49005,"[ 0.01144233  0.0179954  -0.17223431 -0.44793419 -0.1449724  -0.02835207
 -0.01967263 -0.27146732 -0.16045132 -0.1487259  -0.13306096 -0.24702616
 -0.00521737 -0.13403151 -0.27595096 -0.22562966 -0.0107618  -0.39315424
 -0.09737183]",[-0.008251],1.1003450498695344
16,49007,"[ 0.01144233  0.0179954  -0.17223431 -0.44793419 -0.1449724  -0.02835207
 -0.01967263 -0.27146732 -0.16045132 -0.1487259  -0.13306096 -0.24702616
 -0.00521737 -0.13403151 -0.27595096 -0.22562966 -0.0107618  -0.39315424
 -0.09737183]",[-0.05855833],0.7150604339267198
16,49011,"[ 0.01144233  0.0179954  -0.17223431 -0.44793419 -0.1449724  -0.02835207
 -0.01967263 -0.27146732 -0.16045132 -0.1487259  -0.13306096 -0.24702616
 -0.00521737 -0.13403151 -0.27595096 -0.22562966 -0.0107618  -0.39315424
 -0.09737183]",[-0.0006265],1.1587382242303244
16,49021,"[ 0.01144233  0.0179954  -0.17223431 -0.44793419 -0.1449724  -0.02835207
 -0.01967263 -0.27146732 -0.16045132 -0.1487259  -0.13306096 -0.24702616
 -0.00521737 -0.13403151 -0.27595096 -0.22562966 -0.0107618  -0.39315424
 -0.09737183]",[-0.14740132],0.03464592790189034
16,49035,"[ 0.01144233  0.0179954  -0.17223431 -0.44793419 -0.1449724  -0.02835207
 -0.01967263 -0.27146732 -0.16045132 -0.1487259  -0.13306096 -0.24702616
 -0.00521737 -0.13403151 -0.27595096 -0.22562966 -0.0107618  -0.39315424
 -0.09737183]",[-0.00087741],1.156816613827532
16,49037,"[ 0.01144233  0.0179954  -0.17223431 -0.44793419 -0.1449724  -0.02835207
 -0.01967263 -0.27146732 -0.16045132 -0.1487259  -0.13306096 -0.24702616
 -0.00521737 -0.13403151 -0.27595096 -0.22562966 -0.0107618  -0.39315424
 -0.09737183]",[-0.38771201],-1.8058019593749857
16,49039,"[ 0.01144233  0.0179954  -0.17223431 -0.44793419 -0.1449724  -0.02835207
 -0.01967263 -0.27146732 -0.16045132 -0.1487259  -0.13306096 -0.24702616
 -0.00521737 -0.13403151 -0.27595096 -0.22562966 -0.0107618  -0.39315424
 -0.09737183]",[-0.32082684],-1.2935539265660307
16,49041,"[ 0.01144233  0.0179954  -0.17223431 -0.44793419 -0.1449724  -0.02835207
 -0.01967263 -0.27146732 -0.16045132 -0.1487259  -0.13306096 -0.24702616
 -0.00521737 -0.13403151 -0.27595096 -0.22562966 -0.0107618  -0.39315424
 -0.09737183]",[-0.32209325],-1.3032529223198113
16,49043,"[ 0.01144233  0.0179954  -0.17223431 -0.44793419 -0.1449724  -0.02835207
 -0.01967263 -0.27146732 -0.16045132 -0.1487259  -0.13306096 -0.24702616
 -0.00521737 -0.13403151 -0.27595096 -0.22562966 -0.0107618  -0.39315424
 -0.09737183]",[-0.06910887],0.6342578887472401
16,49047,"[ 0.01144233  0.0179954  -0.17223431 -0.44793419 -0.1449724  -0.02835207
 -0.01967263 -0.27146732 -0.16045132 -0.1487259  -0.13306096 -0.24702616
 -0.00521737 -0.13403151 -0.27595096 -0.22562966 -0.0107618  -0.39315424
 -0.09737183]",[-0.19053333],-0.2956857183857111
16,49045,"[ 0.01144233  0.0179954  -0.17223431 -0.44793419 -0.1449724  -0.02835207
 -0.01967263 -0.27146732 -0.16045132 -0.1487259  -0.13306096 -0.24702616
 -0.00521737 -0.13403151 -0.27595096 -0.22562966 -0.0107618  -0.39315424
 -0.09737183]",[-0.1364545],0.11848344751918143
16,49049,"[ 0.01144233  0.0179954  -0.17223431 -0.44793419 -0.1449724  -0.02835207
 -0.01967263 -0.27146732 -0.16045132 -0.1487259  -0.13306096 -0.24702616
 -0.00521737 -0.13403151 -0.27595096 -0.22562966 -0.0107618  -0.39315424
 -0.09737183]",[0.0070463],1.2175012613851965
16,49051,"[ 0.01144233  0.0179954  -0.17223431 -0.44793419 -0.1449724  -0.02835207
 -0.01967263 -0.27146732 -0.16045132 -0.1487259  -0.13306096 -0.24702616
 -0.00521737 -0.13403151 -0.27595096 -0.22562966 -0.0107618  -0.39315424
 -0.09737183]",[-0.2241977],-0.5535082147982241
16,49053,"[ 0.01144233  0.0179954  -0.17223431 -0.44793419 -0.1449724  -0.02835207
 -0.01967263 -0.27146732 -0.16045132 -0.1487259  -0.13306096 -0.24702616
 -0.00521737 -0.13403151 -0.27595096 -0.22562966 -0.0107618  -0.39315424
 -0.09737183]",[-0.05849179],0.7155700405357811
16,49057,"[ 0.01144233  0.0179954  -0.17223431 -0.44793419 -0.1449724  -0.02835207
 -0.01967263 -0.27146732 -0.16045132 -0.1487259  -0.13306096 -0.24702616
 -0.00521737 -0.13403151 -0.27595096 -0.22562966 -0.0107618  -0.39315424
 -0.09737183]",[-0.00320905],1.1389594311800495
16,50001,"[ 0.01144233  0.0179954  -0.17223431 -0.44793419 -0.1449724  -0.02835207
 -0.01967263 -0.27146732 -0.16045132 -0.1487259  -0.13306096 -0.24702616
 -0.00521737 -0.13403151 -0.27595096 -0.22562966 -0.0107618  -0.39315424
 -0.09737183]",[-0.19231141],-0.30930332992260323
16,50003,"[ 0.01144233  0.0179954  -0.17223431 -0.44793419 -0.1449724  -0.02835207
 -0.01967263 -0.27146732 -0.16045132 -0.1487259  -0.13306096 -0.24702616
 -0.00521737 -0.13403151 -0.27595096 -0.22562966 -0.0107618  -0.39315424
 -0.09737183]",[-0.06422322],0.6716752031852964
16,50005,"[ 0.01144233  0.0179954  -0.17223431 -0.44793419 -0.1449724  -0.02835207
 -0.01967263 -0.27146732 -0.16045132 -0.1487259  -0.13306096 -0.24702616
 -0.00521737 -0.13403151 -0.27595096 -0.22562966 -0.0107618  -0.39315424
 -0.09737183]",[-0.11325714],0.29614315210716685
16,50007,"[ 0.01144233  0.0179954  -0.17223431 -0.44793419 -0.1449724  -0.02835207
 -0.01967263 -0.27146732 -0.16045132 -0.1487259  -0.13306096 -0.24702616
 -0.00521737 -0.13403151 -0.27595096 -0.22562966 -0.0107618  -0.39315424
 -0.09737183]",[0.05526243],1.5867701831049212
16,50015,"[ 0.01144233  0.0179954  -0.17223431 -0.44793419 -0.1449724  -0.02835207
 -0.01967263 -0.27146732 -0.16045132 -0.1487259  -0.13306096 -0.24702616
 -0.00521737 -0.13403151 -0.27595096 -0.22562966 -0.0107618  -0.39315424
 -0.09737183]",[-0.1659756],-0.10760743042785495
16,50011,"[ 0.01144233  0.0179954  -0.17223431 -0.44793419 -0.1449724  -0.02835207
 -0.01967263 -0.27146732 -0.16045132 -0.1487259  -0.13306096 -0.24702616
 -0.00521737 -0.13403151 -0.27595096 -0.22562966 -0.0107618  -0.39315424
 -0.09737183]",[-0.07577995],0.5831666276198698
16,50017,"[ 0.01144233  0.0179954  -0.17223431 -0.44793419 -0.1449724  -0.02835207
 -0.01967263 -0.27146732 -0.16045132 -0.1487259  -0.13306096 -0.24702616
 -0.00521737 -0.13403151 -0.27595096 -0.22562966 -0.0107618  -0.39315424
 -0.09737183]",[-0.13525429],0.12767533903224437
16,50019,"[ 0.01144233  0.0179954  -0.17223431 -0.44793419 -0.1449724  -0.02835207
 -0.01967263 -0.27146732 -0.16045132 -0.1487259  -0.13306096 -0.24702616
 -0.00521737 -0.13403151 -0.27595096 -0.22562966 -0.0107618  -0.39315424
 -0.09737183]",[-0.23336467],-0.6237145359877901
16,50021,"[ 0.01144233  0.0179954  -0.17223431 -0.44793419 -0.1449724  -0.02835207
 -0.01967263 -0.27146732 -0.16045132 -0.1487259  -0.13306096 -0.24702616
 -0.00521737 -0.13403151 -0.27595096 -0.22562966 -0.0107618  -0.39315424
 -0.09737183]",[-0.04561739],0.8141701900933017
16,50023,"[ 0.01144233  0.0179954  -0.17223431 -0.44793419 -0.1449724  -0.02835207
 -0.01967263 -0.27146732 -0.16045132 -0.1487259  -0.13306096 -0.24702616
 -0.00521737 -0.13403151 -0.27595096 -0.22562966 -0.0107618  -0.39315424
 -0.09737183]",[-0.03219387],0.9169757937477383
16,50025,"[ 0.01144233  0.0179954  -0.17223431 -0.44793419 -0.1449724  -0.02835207
 -0.01967263 -0.27146732 -0.16045132 -0.1487259  -0.13306096 -0.24702616
 -0.00521737 -0.13403151 -0.27595096 -0.22562966 -0.0107618  -0.39315424
 -0.09737183]",[0.00566563],1.206927236348793
16,50027,"[ 0.01144233  0.0179954  -0.17223431 -0.44793419 -0.1449724  -0.02835207
 -0.01967263 -0.27146732 -0.16045132 -0.1487259  -0.13306096 -0.24702616
 -0.00521737 -0.13403151 -0.27595096 -0.22562966 -0.0107618  -0.39315424
 -0.09737183]",[-0.04275853],0.8360651101906867
16,51001,"[ 0.01144233  0.0179954  -0.17223431 -0.44793419 -0.1449724  -0.02835207
 -0.01967263 -0.27146732 -0.16045132 -0.1487259  -0.13306096 -0.24702616
 -0.00521737 -0.13403151 -0.27595096 -0.22562966 -0.0107618  -0.39315424
 -0.09737183]",[-0.10637809],0.3488271834803243
16,51003,"[ 0.01144233  0.0179954  -0.17223431 -0.44793419 -0.1449724  -0.02835207
 -0.01967263 -0.27146732 -0.16045132 -0.1487259  -0.13306096 -0.24702616
 -0.00521737 -0.13403151 -0.27595096 -0.22562966 -0.0107618  -0.39315424
 -0.09737183]",[-0.07145899],0.6162591852233612
16,51005,"[ 0.01144233  0.0179954  -0.17223431 -0.44793419 -0.1449724  -0.02835207
 -0.01967263 -0.27146732 -0.16045132 -0.1487259  -0.13306096 -0.24702616
 -0.00521737 -0.13403151 -0.27595096 -0.22562966 -0.0107618  -0.39315424
 -0.09737183]",[-0.06150479],0.6924946187946743
16,51009,"[ 0.01144233  0.0179954  -0.17223431 -0.44793419 -0.1449724  -0.02835207
 -0.01967263 -0.27146732 -0.16045132 -0.1487259  -0.13306096 -0.24702616
 -0.00521737 -0.13403151 -0.27595096 -0.22562966 -0.0107618  -0.39315424
 -0.09737183]",[-0.07697966],0.5739785075598205
16,51013,"[ 0.01144233  0.0179954  -0.17223431 -0.44793419 -0.1449724  -0.02835207
 -0.01967263 -0.27146732 -0.16045132 -0.1487259  -0.13306096 -0.24702616
 -0.00521737 -0.13403151 -0.27595096 -0.22562966 -0.0107618  -0.39315424
 -0.09737183]",[-0.03149133],0.9223562681153404
16,51015,"[ 0.01144233  0.0179954  -0.17223431 -0.44793419 -0.1449724  -0.02835207
 -0.01967263 -0.27146732 -0.16045132 -0.1487259  -0.13306096 -0.24702616
 -0.00521737 -0.13403151 -0.27595096 -0.22562966 -0.0107618  -0.39315424
 -0.09737183]",[-0.07268297],0.6068852185789796
16,51023,"[ 0.01144233  0.0179954  -0.17223431 -0.44793419 -0.1449724  -0.02835207
 -0.01967263 -0.27146732 -0.16045132 -0.1487259  -0.13306096 -0.24702616
 -0.00521737 -0.13403151 -0.27595096 -0.22562966 -0.0107618  -0.39315424
 -0.09737183]",[0.01090655],1.2470654657026967
16,51027,"[ 0.01144233  0.0179954  -0.17223431 -0.44793419 -0.1449724  -0.02835207
 -0.01967263 -0.27146732 -0.16045132 -0.1487259  -0.13306096 -0.24702616
 -0.00521737 -0.13403151 -0.27595096 -0.22562966 -0.0107618  -0.39315424
 -0.09737183]",[-0.20619311],-0.4156179352497679
16,51025,"[ 0.01144233  0.0179954  -0.17223431 -0.44793419 -0.1449724  -0.02835207
 -0.01967263 -0.27146732 -0.16045132 -0.1487259  -0.13306096 -0.24702616
 -0.00521737 -0.13403151 -0.27595096 -0.22562966 -0.0107618  -0.39315424
 -0.09737183]",[-0.20790079],-0.4286964221897788
16,51029,"[ 0.01144233  0.0179954  -0.17223431 -0.44793419 -0.1449724  -0.02835207
 -0.01967263 -0.27146732 -0.16045132 -0.1487259  -0.13306096 -0.24702616
 -0.00521737 -0.13403151 -0.27595096 -0.22562966 -0.0107618  -0.39315424
 -0.09737183]",[-0.38639749],-1.7957344991745607
16,51033,"[ 0.01144233  0.0179954  -0.17223431 -0.44793419 -0.1449724  -0.02835207
 -0.01967263 -0.27146732 -0.16045132 -0.1487259  -0.13306096 -0.24702616
 -0.00521737 -0.13403151 -0.27595096 -0.22562966 -0.0107618  -0.39315424
 -0.09737183]",[-0.15131309],0.004687135595535231
16,51031,"[ 0.01144233  0.0179954  -0.17223431 -0.44793419 -0.1449724  -0.02835207
 -0.01967263 -0.27146732 -0.16045132 -0.1487259  -0.13306096 -0.24702616
 -0.00521737 -0.13403151 -0.27595096 -0.22562966 -0.0107618  -0.39315424
 -0.09737183]",[-0.14099399],0.0837171911696494
16,51035,"[ 0.01144233  0.0179954  -0.17223431 -0.44793419 -0.1449724  -0.02835207
 -0.01967263 -0.27146732 -0.16045132 -0.1487259  -0.13306096 -0.24702616
 -0.00521737 -0.13403151 -0.27595096 -0.22562966 -0.0107618  -0.39315424
 -0.09737183]",[-0.25931896],-0.8224885972511555
16,51041,"[ 0.01144233  0.0179954  -0.17223431 -0.44793419 -0.1449724  -0.02835207
 -0.01967263 -0.27146732 -0.16045132 -0.1487259  -0.13306096 -0.24702616
 -0.00521737 -0.13403151 -0.27595096 -0.22562966 -0.0107618  -0.39315424
 -0.09737183]",[-0.03216805],0.9171735136779265
16,51047,"[ 0.01144233  0.0179954  -0.17223431 -0.44793419 -0.1449724  -0.02835207
 -0.01967263 -0.27146732 -0.16045132 -0.1487259  -0.13306096 -0.24702616
 -0.00521737 -0.13403151 -0.27595096 -0.22562966 -0.0107618  -0.39315424
 -0.09737183]",[-0.13858483],0.1021680069619806
16,51051,"[ 0.01144233  0.0179954  -0.17223431 -0.44793419 -0.1449724  -0.02835207
 -0.01967263 -0.27146732 -0.16045132 -0.1487259  -0.13306096 -0.24702616
 -0.00521737 -0.13403151 -0.27595096 -0.22562966 -0.0107618  -0.39315424
 -0.09737183]",[-0.42730128],-2.1090009970284975
16,51059,"[ 0.01144233  0.0179954  -0.17223431 -0.44793419 -0.1449724  -0.02835207
 -0.01967263 -0.27146732 -0.16045132 -0.1487259  -0.13306096 -0.24702616
 -0.00521737 -0.13403151 -0.27595096 -0.22562966 -0.0107618  -0.39315424
 -0.09737183]",[-0.00658472],1.1131064846895062
16,51061,"[ 0.01144233  0.0179954  -0.17223431 -0.44793419 -0.1449724  -0.02835207
 -0.01967263 -0.27146732 -0.16045132 -0.1487259  -0.13306096 -0.24702616
 -0.00521737 -0.13403151 -0.27595096 -0.22562966 -0.0107618  -0.39315424
 -0.09737183]",[-0.07531934],0.5866942690750759
16,51065,"[ 0.01144233  0.0179954  -0.17223431 -0.44793419 -0.1449724  -0.02835207
 -0.01967263 -0.27146732 -0.16045132 -0.1487259  -0.13306096 -0.24702616
 -0.00521737 -0.13403151 -0.27595096 -0.22562966 -0.0107618  -0.39315424
 -0.09737183]",[-0.41176982],-1.9900515248852935
16,51067,"[ 0.01144233  0.0179954  -0.17223431 -0.44793419 -0.1449724  -0.02835207
 -0.01967263 -0.27146732 -0.16045132 -0.1487259  -0.13306096 -0.24702616
 -0.00521737 -0.13403151 -0.27595096 -0.22562966 -0.0107618  -0.39315424
 -0.09737183]",[-0.17010163],-0.1392070647633434
16,51069,"[ 0.01144233  0.0179954  -0.17223431 -0.44793419 -0.1449724  -0.02835207
 -0.01967263 -0.27146732 -0.16045132 -0.1487259  -0.13306096 -0.24702616
 -0.00521737 -0.13403151 -0.27595096 -0.22562966 -0.0107618  -0.39315424
 -0.09737183]",[-0.03200388],0.9184308135958463
16,51071,"[ 0.01144233  0.0179954  -0.17223431 -0.44793419 -0.1449724  -0.02835207
 -0.01967263 -0.27146732 -0.16045132 -0.1487259  -0.13306096 -0.24702616
 -0.00521737 -0.13403151 -0.27595096 -0.22562966 -0.0107618  -0.39315424
 -0.09737183]",[-0.3006705],-1.139184198082333
16,51075,"[ 0.01144233  0.0179954  -0.17223431 -0.44793419 -0.1449724  -0.02835207
 -0.01967263 -0.27146732 -0.16045132 -0.1487259  -0.13306096 -0.24702616
 -0.00521737 -0.13403151 -0.27595096 -0.22562966 -0.0107618  -0.39315424
 -0.09737183]",[-0.24912509],-0.7444176401823042
16,51073,"[ 0.01144233  0.0179954  -0.17223431 -0.44793419 -0.1449724  -0.02835207
 -0.01967263 -0.27146732 -0.16045132 -0.1487259  -0.13306096 -0.24702616
 -0.00521737 -0.13403151 -0.27595096 -0.22562966 -0.0107618  -0.39315424
 -0.09737183]",[-0.10401198],0.3669482718364417
16,51077,"[ 0.01144233  0.0179954  -0.17223431 -0.44793419 -0.1449724  -0.02835207
 -0.01967263 -0.27146732 -0.16045132 -0.1487259  -0.13306096 -0.24702616
 -0.00521737 -0.13403151 -0.27595096 -0.22562966 -0.0107618  -0.39315424
 -0.09737183]",[-0.3821106],-1.762902894307026
16,51083,"[ 0.01144233  0.0179954  -0.17223431 -0.44793419 -0.1449724  -0.02835207
 -0.01967263 -0.27146732 -0.16045132 -0.1487259  -0.13306096 -0.24702616
 -0.00521737 -0.13403151 -0.27595096 -0.22562966 -0.0107618  -0.39315424
 -0.09737183]",[-0.20895994],-0.43680807689398615
16,51085,"[ 0.01144233  0.0179954  -0.17223431 -0.44793419 -0.1449724  -0.02835207
 -0.01967263 -0.27146732 -0.16045132 -0.1487259  -0.13306096 -0.24702616
 -0.00521737 -0.13403151 -0.27595096 -0.22562966 -0.0107618  -0.39315424
 -0.09737183]",[0.03882519],1.4608836141785038
16,51087,"[ 0.01144233  0.0179954  -0.17223431 -0.44793419 -0.1449724  -0.02835207
 -0.01967263 -0.27146732 -0.16045132 -0.1487259  -0.13306096 -0.24702616
 -0.00521737 -0.13403151 -0.27595096 -0.22562966 -0.0107618  -0.39315424
 -0.09737183]",[0.00028151],1.165692285773923
16,51089,"[ 0.01144233  0.0179954  -0.17223431 -0.44793419 -0.1449724  -0.02835207
 -0.01967263 -0.27146732 -0.16045132 -0.1487259  -0.13306096 -0.24702616
 -0.00521737 -0.13403151 -0.27595096 -0.22562966 -0.0107618  -0.39315424
 -0.09737183]",[-0.04041831],0.8539879684995921
16,51093,"[ 0.01144233  0.0179954  -0.17223431 -0.44793419 -0.1449724  -0.02835207
 -0.01967263 -0.27146732 -0.16045132 -0.1487259  -0.13306096 -0.24702616
 -0.00521737 -0.13403151 -0.27595096 -0.22562966 -0.0107618  -0.39315424
 -0.09737183]",[-0.22250402],-0.5405369953832937
16,51095,"[ 0.01144233  0.0179954  -0.17223431 -0.44793419 -0.1449724  -0.02835207
 -0.01967263 -0.27146732 -0.16045132 -0.1487259  -0.13306096 -0.24702616
 -0.00521737 -0.13403151 -0.27595096 -0.22562966 -0.0107618  -0.39315424
 -0.09737183]",[-0.09366948],0.4461575836151236
16,51099,"[ 0.01144233  0.0179954  -0.17223431 -0.44793419 -0.1449724  -0.02835207
 -0.01967263 -0.27146732 -0.16045132 -0.1487259  -0.13306096 -0.24702616
 -0.00521737 -0.13403151 -0.27595096 -0.22562966 -0.0107618  -0.39315424
 -0.09737183]",[-0.2636819],-0.8559026915158539
16,51105,"[ 0.01144233  0.0179954  -0.17223431 -0.44793419 -0.1449724  -0.02835207
 -0.01967263 -0.27146732 -0.16045132 -0.1487259  -0.13306096 -0.24702616
 -0.00521737 -0.13403151 -0.27595096 -0.22562966 -0.0107618  -0.39315424
 -0.09737183]",[-0.21199173],-0.4600274045896563
16,51101,"[ 0.01144233  0.0179954  -0.17223431 -0.44793419 -0.1449724  -0.02835207
 -0.01967263 -0.27146732 -0.16045132 -0.1487259  -0.13306096 -0.24702616
 -0.00521737 -0.13403151 -0.27595096 -0.22562966 -0.0107618  -0.39315424
 -0.09737183]",[-0.30622103],-1.1816936570543581
16,51107,"[ 0.01144233  0.0179954  -0.17223431 -0.44793419 -0.1449724  -0.02835207
 -0.01967263 -0.27146732 -0.16045132 -0.1487259  -0.13306096 -0.24702616
 -0.00521737 -0.13403151 -0.27595096 -0.22562966 -0.0107618  -0.39315424
 -0.09737183]",[-0.023289],0.9851747496651178
16,51109,"[ 0.01144233  0.0179954  -0.17223431 -0.44793419 -0.1449724  -0.02835207
 -0.01967263 -0.27146732 -0.16045132 -0.1487259  -0.13306096 -0.24702616
 -0.00521737 -0.13403151 -0.27595096 -0.22562966 -0.0107618  -0.39315424
 -0.09737183]",[-0.16029108],-0.06407182626667593
16,51117,"[ 0.01144233  0.0179954  -0.17223431 -0.44793419 -0.1449724  -0.02835207
 -0.01967263 -0.27146732 -0.16045132 -0.1487259  -0.13306096 -0.24702616
 -0.00521737 -0.13403151 -0.27595096 -0.22562966 -0.0107618  -0.39315424
 -0.09737183]",[-0.11108778],0.3127574177268508
16,51119,"[ 0.01144233  0.0179954  -0.17223431 -0.44793419 -0.1449724  -0.02835207
 -0.01967263 -0.27146732 -0.16045132 -0.1487259  -0.13306096 -0.24702616
 -0.00521737 -0.13403151 -0.27595096 -0.22562966 -0.0107618  -0.39315424
 -0.09737183]",[-0.51225356],-2.759618126874636
16,51121,"[ 0.01144233  0.0179954  -0.17223431 -0.44793419 -0.1449724  -0.02835207
 -0.01967263 -0.27146732 -0.16045132 -0.1487259  -0.13306096 -0.24702616
 -0.00521737 -0.13403151 -0.27595096 -0.22562966 -0.0107618  -0.39315424
 -0.09737183]",[-0.07215952],0.6108941193272995
16,51135,"[ 0.01144233  0.0179954  -0.17223431 -0.44793419 -0.1449724  -0.02835207
 -0.01967263 -0.27146732 -0.16045132 -0.1487259  -0.13306096 -0.24702616
 -0.00521737 -0.13403151 -0.27595096 -0.22562966 -0.0107618  -0.39315424
 -0.09737183]",[-0.37299835],-1.6931156488738788
16,51137,"[ 0.01144233  0.0179954  -0.17223431 -0.44793419 -0.1449724  -0.02835207
 -0.01967263 -0.27146732 -0.16045132 -0.1487259  -0.13306096 -0.24702616
 -0.00521737 -0.13403151 -0.27595096 -0.22562966 -0.0107618  -0.39315424
 -0.09737183]",[0.13980655],2.234261368144322
16,51139,"[ 0.01144233  0.0179954  -0.17223431 -0.44793419 -0.1449724  -0.02835207
 -0.01967263 -0.27146732 -0.16045132 -0.1487259  -0.13306096 -0.24702616
 -0.00521737 -0.13403151 -0.27595096 -0.22562966 -0.0107618  -0.39315424
 -0.09737183]",[-0.18453523],-0.2497485269101539
16,51141,"[ 0.01144233  0.0179954  -0.17223431 -0.44793419 -0.1449724  -0.02835207
 -0.01967263 -0.27146732 -0.16045132 -0.1487259  -0.13306096 -0.24702616
 -0.00521737 -0.13403151 -0.27595096 -0.22562966 -0.0107618  -0.39315424
 -0.09737183]",[-0.16004961],-0.06222250246889473
16,51143,"[ 0.01144233  0.0179954  -0.17223431 -0.44793419 -0.1449724  -0.02835207
 -0.01967263 -0.27146732 -0.16045132 -0.1487259  -0.13306096 -0.24702616
 -0.00521737 -0.13403151 -0.27595096 -0.22562966 -0.0107618  -0.39315424
 -0.09737183]",[0.04149653],1.4813424326419773
16,51145,"[ 0.01144233  0.0179954  -0.17223431 -0.44793419 -0.1449724  -0.02835207
 -0.01967263 -0.27146732 -0.16045132 -0.1487259  -0.13306096 -0.24702616
 -0.00521737 -0.13403151 -0.27595096 -0.22562966 -0.0107618  -0.39315424
 -0.09737183]",[-0.20573545],-0.4121128974595976
16,51147,"[ 0.01144233  0.0179954  -0.17223431 -0.44793419 -0.1449724  -0.02835207
 -0.01967263 -0.27146732 -0.16045132 -0.1487259  -0.13306096 -0.24702616
 -0.00521737 -0.13403151 -0.27595096 -0.22562966 -0.0107618  -0.39315424
 -0.09737183]",[-0.17108547],-0.14674196253626573
16,51149,"[ 0.01144233  0.0179954  -0.17223431 -0.44793419 -0.1449724  -0.02835207
 -0.01967263 -0.27146732 -0.16045132 -0.1487259  -0.13306096 -0.24702616
 -0.00521737 -0.13403151 -0.27595096 -0.22562966 -0.0107618  -0.39315424
 -0.09737183]",[-0.25364346],-0.7790220638744266
16,51153,"[ 0.01144233  0.0179954  -0.17223431 -0.44793419 -0.1449724  -0.02835207
 -0.01967263 -0.27146732 -0.16045132 -0.1487259  -0.13306096 -0.24702616
 -0.00521737 -0.13403151 -0.27595096 -0.22562966 -0.0107618  -0.39315424
 -0.09737183]",[-0.01963252],1.0131783767307918
16,51161,"[ 0.01144233  0.0179954  -0.17223431 -0.44793419 -0.1449724  -0.02835207
 -0.01967263 -0.27146732 -0.16045132 -0.1487259  -0.13306096 -0.24702616
 -0.00521737 -0.13403151 -0.27595096 -0.22562966 -0.0107618  -0.39315424
 -0.09737183]",[-0.13629062],0.11973848658774294
16,51163,"[ 0.01144233  0.0179954  -0.17223431 -0.44793419 -0.1449724  -0.02835207
 -0.01967263 -0.27146732 -0.16045132 -0.1487259  -0.13306096 -0.24702616
 -0.00521737 -0.13403151 -0.27595096 -0.22562966 -0.0107618  -0.39315424
 -0.09737183]",[-0.46110771],-2.3679116035592593
16,51167,"[ 0.01144233  0.0179954  -0.17223431 -0.44793419 -0.1449724  -0.02835207
 -0.01967263 -0.27146732 -0.16045132 -0.1487259  -0.13306096 -0.24702616
 -0.00521737 -0.13403151 -0.27595096 -0.22562966 -0.0107618  -0.39315424
 -0.09737183]",[-0.14935554],0.019679303658981365
16,51165,"[ 0.01144233  0.0179954  -0.17223431 -0.44793419 -0.1449724  -0.02835207
 -0.01967263 -0.27146732 -0.16045132 -0.1487259  -0.13306096 -0.24702616
 -0.00521737 -0.13403151 -0.27595096 -0.22562966 -0.0107618  -0.39315424
 -0.09737183]",[-0.00573556],1.1196098680656272
16,51169,"[ 0.01144233  0.0179954  -0.17223431 -0.44793419 -0.1449724  -0.02835207
 -0.01967263 -0.27146732 -0.16045132 -0.1487259  -0.13306096 -0.24702616
 -0.00521737 -0.13403151 -0.27595096 -0.22562966 -0.0107618  -0.39315424
 -0.09737183]",[-0.22120409],-0.5305813018727419
16,51171,"[ 0.01144233  0.0179954  -0.17223431 -0.44793419 -0.1449724  -0.02835207
 -0.01967263 -0.27146732 -0.16045132 -0.1487259  -0.13306096 -0.24702616
 -0.00521737 -0.13403151 -0.27595096 -0.22562966 -0.0107618  -0.39315424
 -0.09737183]",[-0.09961821],0.40059851582889866
16,51173,"[ 0.01144233  0.0179954  -0.17223431 -0.44793419 -0.1449724  -0.02835207
 -0.01967263 -0.27146732 -0.16045132 -0.1487259  -0.13306096 -0.24702616
 -0.00521737 -0.13403151 -0.27595096 -0.22562966 -0.0107618  -0.39315424
 -0.09737183]",[-0.19629406],-0.3398049391648823
16,51175,"[ 0.01144233  0.0179954  -0.17223431 -0.44793419 -0.1449724  -0.02835207
 -0.01967263 -0.27146732 -0.16045132 -0.1487259  -0.13306096 -0.24702616
 -0.00521737 -0.13403151 -0.27595096 -0.22562966 -0.0107618  -0.39315424
 -0.09737183]",[0.05004394],1.5468037910678172
16,51177,"[ 0.01144233  0.0179954  -0.17223431 -0.44793419 -0.1449724  -0.02835207
 -0.01967263 -0.27146732 -0.16045132 -0.1487259  -0.13306096 -0.24702616
 -0.00521737 -0.13403151 -0.27595096 -0.22562966 -0.0107618  -0.39315424
 -0.09737183]",[-0.04745518],0.8000952142179558
16,51179,"[ 0.01144233  0.0179954  -0.17223431 -0.44793419 -0.1449724  -0.02835207
 -0.01967263 -0.27146732 -0.16045132 -0.1487259  -0.13306096 -0.24702616
 -0.00521737 -0.13403151 -0.27595096 -0.22562966 -0.0107618  -0.39315424
 -0.09737183]",[-0.07959835],0.5539229711519718
16,51183,"[ 0.01144233  0.0179954  -0.17223431 -0.44793419 -0.1449724  -0.02835207
 -0.01967263 -0.27146732 -0.16045132 -0.1487259  -0.13306096 -0.24702616
 -0.00521737 -0.13403151 -0.27595096 -0.22562966 -0.0107618  -0.39315424
 -0.09737183]",[-0.35231113],-1.534680105686377
16,51185,"[ 0.01144233  0.0179954  -0.17223431 -0.44793419 -0.1449724  -0.02835207
 -0.01967263 -0.27146732 -0.16045132 -0.1487259  -0.13306096 -0.24702616
 -0.00521737 -0.13403151 -0.27595096 -0.22562966 -0.0107618  -0.39315424
 -0.09737183]",[-0.23426845],-0.6306362768649723
16,51187,"[ 0.01144233  0.0179954  -0.17223431 -0.44793419 -0.1449724  -0.02835207
 -0.01967263 -0.27146732 -0.16045132 -0.1487259  -0.13306096 -0.24702616
 -0.00521737 -0.13403151 -0.27595096 -0.22562966 -0.0107618  -0.39315424
 -0.09737183]",[-0.06138493],0.6934126123436691
16,51191,"[ 0.01144233  0.0179954  -0.17223431 -0.44793419 -0.1449724  -0.02835207
 -0.01967263 -0.27146732 -0.16045132 -0.1487259  -0.13306096 -0.24702616
 -0.00521737 -0.13403151 -0.27595096 -0.22562966 -0.0107618  -0.39315424
 -0.09737183]",[-0.04266585],0.8367749193601808
16,51193,"[ 0.01144233  0.0179954  -0.17223431 -0.44793419 -0.1449724  -0.02835207
 -0.01967263 -0.27146732 -0.16045132 -0.1487259  -0.13306096 -0.24702616
 -0.00521737 -0.13403151 -0.27595096 -0.22562966 -0.0107618  -0.39315424
 -0.09737183]",[-0.24570592],-0.7182314709601727
16,51195,"[ 0.01144233  0.0179954  -0.17223431 -0.44793419 -0.1449724  -0.02835207
 -0.01967263 -0.27146732 -0.16045132 -0.1487259  -0.13306096 -0.24702616
 -0.00521737 -0.13403151 -0.27595096 -0.22562966 -0.0107618  -0.39315424
 -0.09737183]",[0.05456208],1.5814064816646665
16,51197,"[ 0.01144233  0.0179954  -0.17223431 -0.44793419 -0.1449724  -0.02835207
 -0.01967263 -0.27146732 -0.16045132 -0.1487259  -0.13306096 -0.24702616
 -0.00521737 -0.13403151 -0.27595096 -0.22562966 -0.0107618  -0.39315424
 -0.09737183]",[-0.15091637],0.007725482993000697
16,51199,"[ 0.01144233  0.0179954  -0.17223431 -0.44793419 -0.1449724  -0.02835207
 -0.01967263 -0.27146732 -0.16045132 -0.1487259  -0.13306096 -0.24702616
 -0.00521737 -0.13403151 -0.27595096 -0.22562966 -0.0107618  -0.39315424
 -0.09737183]",[-0.09230021],0.45664430685548335
16,51510,"[ 0.01144233  0.0179954  -0.17223431 -0.44793419 -0.1449724  -0.02835207
 -0.01967263 -0.27146732 -0.16045132 -0.1487259  -0.13306096 -0.24702616
 -0.00521737 -0.13403151 -0.27595096 -0.22562966 -0.0107618  -0.39315424
 -0.09737183]",[-0.03771983],0.8746545481765253
16,51520,"[ 0.01144233  0.0179954  -0.17223431 -0.44793419 -0.1449724  -0.02835207
 -0.01967263 -0.27146732 -0.16045132 -0.1487259  -0.13306096 -0.24702616
 -0.00521737 -0.13403151 -0.27595096 -0.22562966 -0.0107618  -0.39315424
 -0.09737183]",[-0.26525163],-0.8679246299212573
16,51540,"[ 0.01144233  0.0179954  -0.17223431 -0.44793419 -0.1449724  -0.02835207
 -0.01967263 -0.27146732 -0.16045132 -0.1487259  -0.13306096 -0.24702616
 -0.00521737 -0.13403151 -0.27595096 -0.22562966 -0.0107618  -0.39315424
 -0.09737183]",[-0.06719634],0.6489052404494423
16,51550,"[ 0.01144233  0.0179954  -0.17223431 -0.44793419 -0.1449724  -0.02835207
 -0.01967263 -0.27146732 -0.16045132 -0.1487259  -0.13306096 -0.24702616
 -0.00521737 -0.13403151 -0.27595096 -0.22562966 -0.0107618  -0.39315424
 -0.09737183]",[-0.01220214],1.0700847795781807
16,51570,"[ 0.01144233  0.0179954  -0.17223431 -0.44793419 -0.1449724  -0.02835207
 -0.01967263 -0.27146732 -0.16045132 -0.1487259  -0.13306096 -0.24702616
 -0.00521737 -0.13403151 -0.27595096 -0.22562966 -0.0107618  -0.39315424
 -0.09737183]",[-0.3290881],-1.3568237633818647
16,51590,"[ 0.01144233  0.0179954  -0.17223431 -0.44793419 -0.1449724  -0.02835207
 -0.01967263 -0.27146732 -0.16045132 -0.1487259  -0.13306096 -0.24702616
 -0.00521737 -0.13403151 -0.27595096 -0.22562966 -0.0107618  -0.39315424
 -0.09737183]",[-0.10281492],0.3761160936819182
16,51630,"[ 0.01144233  0.0179954  -0.17223431 -0.44793419 -0.1449724  -0.02835207
 -0.01967263 -0.27146732 -0.16045132 -0.1487259  -0.13306096 -0.24702616
 -0.00521737 -0.13403151 -0.27595096 -0.22562966 -0.0107618  -0.39315424
 -0.09737183]",[-0.15592123],-0.030604851507169347
16,51600,"[ 0.01144233  0.0179954  -0.17223431 -0.44793419 -0.1449724  -0.02835207
 -0.01967263 -0.27146732 -0.16045132 -0.1487259  -0.13306096 -0.24702616
 -0.00521737 -0.13403151 -0.27595096 -0.22562966 -0.0107618  -0.39315424
 -0.09737183]",[-0.26509287],-0.8667087437713559
16,51650,"[ 0.01144233  0.0179954  -0.17223431 -0.44793419 -0.1449724  -0.02835207
 -0.01967263 -0.27146732 -0.16045132 -0.1487259  -0.13306096 -0.24702616
 -0.00521737 -0.13403151 -0.27595096 -0.22562966 -0.0107618  -0.39315424
 -0.09737183]",[-0.02524282],0.9702112280493324
16,51660,"[ 0.01144233  0.0179954  -0.17223431 -0.44793419 -0.1449724  -0.02835207
 -0.01967263 -0.27146732 -0.16045132 -0.1487259  -0.13306096 -0.24702616
 -0.00521737 -0.13403151 -0.27595096 -0.22562966 -0.0107618  -0.39315424
 -0.09737183]",[-0.08631657],0.5024707114294507
16,51670,"[ 0.01144233  0.0179954  -0.17223431 -0.44793419 -0.1449724  -0.02835207
 -0.01967263 -0.27146732 -0.16045132 -0.1487259  -0.13306096 -0.24702616
 -0.00521737 -0.13403151 -0.27595096 -0.22562966 -0.0107618  -0.39315424
 -0.09737183]",[-0.10629962],0.34942813267758915
16,51680,"[ 0.01144233  0.0179954  -0.17223431 -0.44793419 -0.1449724  -0.02835207
 -0.01967263 -0.27146732 -0.16045132 -0.1487259  -0.13306096 -0.24702616
 -0.00521737 -0.13403151 -0.27595096 -0.22562966 -0.0107618  -0.39315424
 -0.09737183]",[-0.06829815],0.6404668796655437
16,51683,"[ 0.01144233  0.0179954  -0.17223431 -0.44793419 -0.1449724  -0.02835207
 -0.01967263 -0.27146732 -0.16045132 -0.1487259  -0.13306096 -0.24702616
 -0.00521737 -0.13403151 -0.27595096 -0.22562966 -0.0107618  -0.39315424
 -0.09737183]",[-0.09633322],0.4257570075867515
16,51690,"[ 0.01144233  0.0179954  -0.17223431 -0.44793419 -0.1449724  -0.02835207
 -0.01967263 -0.27146732 -0.16045132 -0.1487259  -0.13306096 -0.24702616
 -0.00521737 -0.13403151 -0.27595096 -0.22562966 -0.0107618  -0.39315424
 -0.09737183]",[-0.21276878],-0.46597854408295725
16,51700,"[ 0.01144233  0.0179954  -0.17223431 -0.44793419 -0.1449724  -0.02835207
 -0.01967263 -0.27146732 -0.16045132 -0.1487259  -0.13306096 -0.24702616
 -0.00521737 -0.13403151 -0.27595096 -0.22562966 -0.0107618  -0.39315424
 -0.09737183]",[-0.00249832],1.1444026623553152
16,51710,"[ 0.01144233  0.0179954  -0.17223431 -0.44793419 -0.1449724  -0.02835207
 -0.01967263 -0.27146732 -0.16045132 -0.1487259  -0.13306096 -0.24702616
 -0.00521737 -0.13403151 -0.27595096 -0.22562966 -0.0107618  -0.39315424
 -0.09737183]",[-0.02064718],1.0054074532223374
16,51730,"[ 0.01144233  0.0179954  -0.17223431 -0.44793419 -0.1449724  -0.02835207
 -0.01967263 -0.27146732 -0.16045132 -0.1487259  -0.13306096 -0.24702616
 -0.00521737 -0.13403151 -0.27595096 -0.22562966 -0.0107618  -0.39315424
 -0.09737183]",[-0.0874881],0.49349839594658634
16,51735,"[ 0.01144233  0.0179954  -0.17223431 -0.44793419 -0.1449724  -0.02835207
 -0.01967263 -0.27146732 -0.16045132 -0.1487259  -0.13306096 -0.24702616
 -0.00521737 -0.13403151 -0.27595096 -0.22562966 -0.0107618  -0.39315424
 -0.09737183]",[-0.19895781],-0.3602055887599824
16,51740,"[ 0.01144233  0.0179954  -0.17223431 -0.44793419 -0.1449724  -0.02835207
 -0.01967263 -0.27146732 -0.16045132 -0.1487259  -0.13306096 -0.24702616
 -0.00521737 -0.13403151 -0.27595096 -0.22562966 -0.0107618  -0.39315424
 -0.09737183]",[-0.08243668],0.5321853128030948
16,51760,"[ 0.01144233  0.0179954  -0.17223431 -0.44793419 -0.1449724  -0.02835207
 -0.01967263 -0.27146732 -0.16045132 -0.1487259  -0.13306096 -0.24702616
 -0.00521737 -0.13403151 -0.27595096 -0.22562966 -0.0107618  -0.39315424
 -0.09737183]",[-0.01087301],1.080264103425932
16,51770,"[ 0.01144233  0.0179954  -0.17223431 -0.44793419 -0.1449724  -0.02835207
 -0.01967263 -0.27146732 -0.16045132 -0.1487259  -0.13306096 -0.24702616
 -0.00521737 -0.13403151 -0.27595096 -0.22562966 -0.0107618  -0.39315424
 -0.09737183]",[-0.03619478],0.886334370461019
16,51775,"[ 0.01144233  0.0179954  -0.17223431 -0.44793419 -0.1449724  -0.02835207
 -0.01967263 -0.27146732 -0.16045132 -0.1487259  -0.13306096 -0.24702616
 -0.00521737 -0.13403151 -0.27595096 -0.22562966 -0.0107618  -0.39315424
 -0.09737183]",[-0.15211749],-0.0014734739445730418
16,51790,"[ 0.01144233  0.0179954  -0.17223431 -0.44793419 -0.1449724  -0.02835207
 -0.01967263 -0.27146732 -0.16045132 -0.1487259  -0.13306096 -0.24702616
 -0.00521737 -0.13403151 -0.27595096 -0.22562966 -0.0107618  -0.39315424
 -0.09737183]",[-0.21560717],-0.4877166928563955
16,51800,"[ 0.01144233  0.0179954  -0.17223431 -0.44793419 -0.1449724  -0.02835207
 -0.01967263 -0.27146732 -0.16045132 -0.1487259  -0.13306096 -0.24702616
 -0.00521737 -0.13403151 -0.27595096 -0.22562966 -0.0107618  -0.39315424
 -0.09737183]",[0.00894607],1.2320508592172283
16,51810,"[ 0.01144233  0.0179954  -0.17223431 -0.44793419 -0.1449724  -0.02835207
 -0.01967263 -0.27146732 -0.16045132 -0.1487259  -0.13306096 -0.24702616
 -0.00521737 -0.13403151 -0.27595096 -0.22562966 -0.0107618  -0.39315424
 -0.09737183]",[-0.00792498],1.1028419666211142
16,51820,"[ 0.01144233  0.0179954  -0.17223431 -0.44793419 -0.1449724  -0.02835207
 -0.01967263 -0.27146732 -0.16045132 -0.1487259  -0.13306096 -0.24702616
 -0.00521737 -0.13403151 -0.27595096 -0.22562966 -0.0107618  -0.39315424
 -0.09737183]",[-0.31785587],-1.2708004141102904
16,51840,"[ 0.01144233  0.0179954  -0.17223431 -0.44793419 -0.1449724  -0.02835207
 -0.01967263 -0.27146732 -0.16045132 -0.1487259  -0.13306096 -0.24702616
 -0.00521737 -0.13403151 -0.27595096 -0.22562966 -0.0107618  -0.39315424
 -0.09737183]",[-0.25328528],-0.7762788841736172
16,53001,"[ 0.01144233  0.0179954  -0.17223431 -0.44793419 -0.1449724  -0.02835207
 -0.01967263 -0.27146732 -0.16045132 -0.1487259  -0.13306096 -0.24702616
 -0.00521737 -0.13403151 -0.27595096 -0.22562966 -0.0107618  -0.39315424
 -0.09737183]",[-0.33963567],-1.4376035601285353
16,53003,"[ 0.01144233  0.0179954  -0.17223431 -0.44793419 -0.1449724  -0.02835207
 -0.01967263 -0.27146732 -0.16045132 -0.1487259  -0.13306096 -0.24702616
 -0.00521737 -0.13403151 -0.27595096 -0.22562966 -0.0107618  -0.39315424
 -0.09737183]",[-0.00762946],1.105105239742611
16,53005,"[ 0.01144233  0.0179954  -0.17223431 -0.44793419 -0.1449724  -0.02835207
 -0.01967263 -0.27146732 -0.16045132 -0.1487259  -0.13306096 -0.24702616
 -0.00521737 -0.13403151 -0.27595096 -0.22562966 -0.0107618  -0.39315424
 -0.09737183]",[-0.03135486],0.9234014239830958
16,53007,"[ 0.01144233  0.0179954  -0.17223431 -0.44793419 -0.1449724  -0.02835207
 -0.01967263 -0.27146732 -0.16045132 -0.1487259  -0.13306096 -0.24702616
 -0.00521737 -0.13403151 -0.27595096 -0.22562966 -0.0107618  -0.39315424
 -0.09737183]",[-0.08403375],0.5199539385989094
16,53009,"[ 0.01144233  0.0179954  -0.17223431 -0.44793419 -0.1449724  -0.02835207
 -0.01967263 -0.27146732 -0.16045132 -0.1487259  -0.13306096 -0.24702616
 -0.00521737 -0.13403151 -0.27595096 -0.22562966 -0.0107618  -0.39315424
 -0.09737183]",[-0.07919766],0.5569917374380038
16,53011,"[ 0.01144233  0.0179954  -0.17223431 -0.44793419 -0.1449724  -0.02835207
 -0.01967263 -0.27146732 -0.16045132 -0.1487259  -0.13306096 -0.24702616
 -0.00521737 -0.13403151 -0.27595096 -0.22562966 -0.0107618  -0.39315424
 -0.09737183]",[0.03967334],1.4673793304958527
16,53015,"[ 0.01144233  0.0179954  -0.17223431 -0.44793419 -0.1449724  -0.02835207
 -0.01967263 -0.27146732 -0.16045132 -0.1487259  -0.13306096 -0.24702616
 -0.00521737 -0.13403151 -0.27595096 -0.22562966 -0.0107618  -0.39315424
 -0.09737183]",[-0.05055301],0.7763701299448169
16,53021,"[ 0.01144233  0.0179954  -0.17223431 -0.44793419 -0.1449724  -0.02835207
 -0.01967263 -0.27146732 -0.16045132 -0.1487259  -0.13306096 -0.24702616
 -0.00521737 -0.13403151 -0.27595096 -0.22562966 -0.0107618  -0.39315424
 -0.09737183]",[-0.13856003],0.1023579336803562
16,53017,"[ 0.01144233  0.0179954  -0.17223431 -0.44793419 -0.1449724  -0.02835207
 -0.01967263 -0.27146732 -0.16045132 -0.1487259  -0.13306096 -0.24702616
 -0.00521737 -0.13403151 -0.27595096 -0.22562966 -0.0107618  -0.39315424
 -0.09737183]",[-0.0421519],0.8407110505828264
16,53025,"[ 0.01144233  0.0179954  -0.17223431 -0.44793419 -0.1449724  -0.02835207
 -0.01967263 -0.27146732 -0.16045132 -0.1487259  -0.13306096 -0.24702616
 -0.00521737 -0.13403151 -0.27595096 -0.22562966 -0.0107618  -0.39315424
 -0.09737183]",[-0.16004271],-0.06216967791906992
16,53027,"[ 0.01144233  0.0179954  -0.17223431 -0.44793419 -0.1449724  -0.02835207
 -0.01967263 -0.27146732 -0.16045132 -0.1487259  -0.13306096 -0.24702616
 -0.00521737 -0.13403151 -0.27595096 -0.22562966 -0.0107618  -0.39315424
 -0.09737183]",[-0.12560732],0.20155787001239528
16,53029,"[ 0.01144233  0.0179954  -0.17223431 -0.44793419 -0.1449724  -0.02835207
 -0.01967263 -0.27146732 -0.16045132 -0.1487259  -0.13306096 -0.24702616
 -0.00521737 -0.13403151 -0.27595096 -0.22562966 -0.0107618  -0.39315424
 -0.09737183]",[-0.03279136],0.9123997989584153
16,53031,"[ 0.01144233  0.0179954  -0.17223431 -0.44793419 -0.1449724  -0.02835207
 -0.01967263 -0.27146732 -0.16045132 -0.1487259  -0.13306096 -0.24702616
 -0.00521737 -0.13403151 -0.27595096 -0.22562966 -0.0107618  -0.39315424
 -0.09737183]",[-0.17942843],-0.2106375235984646
16,53033,"[ 0.01144233  0.0179954  -0.17223431 -0.44793419 -0.1449724  -0.02835207
 -0.01967263 -0.27146732 -0.16045132 -0.1487259  -0.13306096 -0.24702616
 -0.00521737 -0.13403151 -0.27595096 -0.22562966 -0.0107618  -0.39315424
 -0.09737183]",[0.00377853],1.192474682125081
16,53035,"[ 0.01144233  0.0179954  -0.17223431 -0.44793419 -0.1449724  -0.02835207
 -0.01967263 -0.27146732 -0.16045132 -0.1487259  -0.13306096 -0.24702616
 -0.00521737 -0.13403151 -0.27595096 -0.22562966 -0.0107618  -0.39315424
 -0.09737183]",[-0.00561575],1.120527465482539
16,53037,"[ 0.01144233  0.0179954  -0.17223431 -0.44793419 -0.1449724  -0.02835207
 -0.01967263 -0.27146732 -0.16045132 -0.1487259  -0.13306096 -0.24702616
 -0.00521737 -0.13403151 -0.27595096 -0.22562966 -0.0107618  -0.39315424
 -0.09737183]",[-0.15932767],-0.056693481344692376
16,53041,"[ 0.01144233  0.0179954  -0.17223431 -0.44793419 -0.1449724  -0.02835207
 -0.01967263 -0.27146732 -0.16045132 -0.1487259  -0.13306096 -0.24702616
 -0.00521737 -0.13403151 -0.27595096 -0.22562966 -0.0107618  -0.39315424
 -0.09737183]",[0.00045033],1.1669852869259663
16,53043,"[ 0.01144233  0.0179954  -0.17223431 -0.44793419 -0.1449724  -0.02835207
 -0.01967263 -0.27146732 -0.16045132 -0.1487259  -0.13306096 -0.24702616
 -0.00521737 -0.13403151 -0.27595096 -0.22562966 -0.0107618  -0.39315424
 -0.09737183]",[-0.20831916],-0.43190053702607256
16,53045,"[ 0.01144233  0.0179954  -0.17223431 -0.44793419 -0.1449724  -0.02835207
 -0.01967263 -0.27146732 -0.16045132 -0.1487259  -0.13306096 -0.24702616
 -0.00521737 -0.13403151 -0.27595096 -0.22562966 -0.0107618  -0.39315424
 -0.09737183]",[-0.09842556],0.40973253277996663
16,53047,"[ 0.01144233  0.0179954  -0.17223431 -0.44793419 -0.1449724  -0.02835207
 -0.01967263 -0.27146732 -0.16045132 -0.1487259  -0.13306096 -0.24702616
 -0.00521737 -0.13403151 -0.27595096 -0.22562966 -0.0107618  -0.39315424
 -0.09737183]",[-0.10103291],0.3897638683679888
16,53049,"[ 0.01144233  0.0179954  -0.17223431 -0.44793419 -0.1449724  -0.02835207
 -0.01967263 -0.27146732 -0.16045132 -0.1487259  -0.13306096 -0.24702616
 -0.00521737 -0.13403151 -0.27595096 -0.22562966 -0.0107618  -0.39315424
 -0.09737183]",[-0.0919027],0.4596886459151075
16,53051,"[ 0.01144233  0.0179954  -0.17223431 -0.44793419 -0.1449724  -0.02835207
 -0.01967263 -0.27146732 -0.16045132 -0.1487259  -0.13306096 -0.24702616
 -0.00521737 -0.13403151 -0.27595096 -0.22562966 -0.0107618  -0.39315424
 -0.09737183]",[-0.27568739],-0.9478481577292286
16,53053,"[ 0.01144233  0.0179954  -0.17223431 -0.44793419 -0.1449724  -0.02835207
 -0.01967263 -0.27146732 -0.16045132 -0.1487259  -0.13306096 -0.24702616
 -0.00521737 -0.13403151 -0.27595096 -0.22562966 -0.0107618  -0.39315424
 -0.09737183]",[-0.00327538],1.1384514776335788
16,53055,"[ 0.01144233  0.0179954  -0.17223431 -0.44793419 -0.1449724  -0.02835207
 -0.01967263 -0.27146732 -0.16045132 -0.1487259  -0.13306096 -0.24702616
 -0.00521737 -0.13403151 -0.27595096 -0.22562966 -0.0107618  -0.39315424
 -0.09737183]",[-0.26643757],-0.8770073234194632
16,53057,"[ 0.01144233  0.0179954  -0.17223431 -0.44793419 -0.1449724  -0.02835207
 -0.01967263 -0.27146732 -0.16045132 -0.1487259  -0.13306096 -0.24702616
 -0.00521737 -0.13403151 -0.27595096 -0.22562966 -0.0107618  -0.39315424
 -0.09737183]",[-0.03900972],0.8647757912776054
16,53059,"[ 0.01144233  0.0179954  -0.17223431 -0.44793419 -0.1449724  -0.02835207
 -0.01967263 -0.27146732 -0.16045132 -0.1487259  -0.13306096 -0.24702616
 -0.00521737 -0.13403151 -0.27595096 -0.22562966 -0.0107618  -0.39315424
 -0.09737183]",[-0.30457611],-1.1690958208738345
16,53061,"[ 0.01144233  0.0179954  -0.17223431 -0.44793419 -0.1449724  -0.02835207
 -0.01967263 -0.27146732 -0.16045132 -0.1487259  -0.13306096 -0.24702616
 -0.00521737 -0.13403151 -0.27595096 -0.22562966 -0.0107618  -0.39315424
 -0.09737183]",[-0.00815174],1.1011052857823564
16,53063,"[ 0.01144233  0.0179954  -0.17223431 -0.44793419 -0.1449724  -0.02835207
 -0.01967263 -0.27146732 -0.16045132 -0.1487259  -0.13306096 -0.24702616
 -0.00521737 -0.13403151 -0.27595096 -0.22562966 -0.0107618  -0.39315424
 -0.09737183]",[-0.01710251],1.0325547665381314
16,53065,"[ 0.01144233  0.0179954  -0.17223431 -0.44793419 -0.1449724  -0.02835207
 -0.01967263 -0.27146732 -0.16045132 -0.1487259  -0.13306096 -0.24702616
 -0.00521737 -0.13403151 -0.27595096 -0.22562966 -0.0107618  -0.39315424
 -0.09737183]",[-0.1472774],0.035594953316424184
16,53067,"[ 0.01144233  0.0179954  -0.17223431 -0.44793419 -0.1449724  -0.02835207
 -0.01967263 -0.27146732 -0.16045132 -0.1487259  -0.13306096 -0.24702616
 -0.00521737 -0.13403151 -0.27595096 -0.22562966 -0.0107618  -0.39315424
 -0.09737183]",[-0.05019216],0.7791337702795647
16,53071,"[ 0.01144233  0.0179954  -0.17223431 -0.44793419 -0.1449724  -0.02835207
 -0.01967263 -0.27146732 -0.16045132 -0.1487259  -0.13306096 -0.24702616
 -0.00521737 -0.13403151 -0.27595096 -0.22562966 -0.0107618  -0.39315424
 -0.09737183]",[-0.15735569],-0.041590831283079596
16,53073,"[ 0.01144233  0.0179954  -0.17223431 -0.44793419 -0.1449724  -0.02835207
 -0.01967263 -0.27146732 -0.16045132 -0.1487259  -0.13306096 -0.24702616
 -0.00521737 -0.13403151 -0.27595096 -0.22562966 -0.0107618  -0.39315424
 -0.09737183]",[-0.04745232],0.8001171517657946
16,53075,"[ 0.01144233  0.0179954  -0.17223431 -0.44793419 -0.1449724  -0.02835207
 -0.01967263 -0.27146732 -0.16045132 -0.1487259  -0.13306096 -0.24702616
 -0.00521737 -0.13403151 -0.27595096 -0.22562966 -0.0107618  -0.39315424
 -0.09737183]",[-0.00521618],1.1235876112141023
16,53077,"[ 0.01144233  0.0179954  -0.17223431 -0.44793419 -0.1449724  -0.02835207
 -0.01967263 -0.27146732 -0.16045132 -0.1487259  -0.13306096 -0.24702616
 -0.00521737 -0.13403151 -0.27595096 -0.22562966 -0.0107618  -0.39315424
 -0.09737183]",[-0.04848146],0.7922353422179629
16,54001,"[ 0.01144233  0.0179954  -0.17223431 -0.44793419 -0.1449724  -0.02835207
 -0.01967263 -0.27146732 -0.16045132 -0.1487259  -0.13306096 -0.24702616
 -0.00521737 -0.13403151 -0.27595096 -0.22562966 -0.0107618  -0.39315424
 -0.09737183]",[-0.50258395],-2.685562243256128
16,54003,"[ 0.01144233  0.0179954  -0.17223431 -0.44793419 -0.1449724  -0.02835207
 -0.01967263 -0.27146732 -0.16045132 -0.1487259  -0.13306096 -0.24702616
 -0.00521737 -0.13403151 -0.27595096 -0.22562966 -0.0107618  -0.39315424
 -0.09737183]",[-0.07262012],0.6073665603309832
16,54005,"[ 0.01144233  0.0179954  -0.17223431 -0.44793419 -0.1449724  -0.02835207
 -0.01967263 -0.27146732 -0.16045132 -0.1487259  -0.13306096 -0.24702616
 -0.00521737 -0.13403151 -0.27595096 -0.22562966 -0.0107618  -0.39315424
 -0.09737183]",[-0.23188012],-0.6123449725445609
16,54009,"[ 0.01144233  0.0179954  -0.17223431 -0.44793419 -0.1449724  -0.02835207
 -0.01967263 -0.27146732 -0.16045132 -0.1487259  -0.13306096 -0.24702616
 -0.00521737 -0.13403151 -0.27595096 -0.22562966 -0.0107618  -0.39315424
 -0.09737183]",[-0.2118117],-0.45864856648830177
16,54011,"[ 0.01144233  0.0179954  -0.17223431 -0.44793419 -0.1449724  -0.02835207
 -0.01967263 -0.27146732 -0.16045132 -0.1487259  -0.13306096 -0.24702616
 -0.00521737 -0.13403151 -0.27595096 -0.22562966 -0.0107618  -0.39315424
 -0.09737183]",[-0.05153817],0.7688251612173939
16,54019,"[ 0.01144233  0.0179954  -0.17223431 -0.44793419 -0.1449724  -0.02835207
 -0.01967263 -0.27146732 -0.16045132 -0.1487259  -0.13306096 -0.24702616
 -0.00521737 -0.13403151 -0.27595096 -0.22562966 -0.0107618  -0.39315424
 -0.09737183]",[-0.05431393],0.7475666638453715
16,54025,"[ 0.01144233  0.0179954  -0.17223431 -0.44793419 -0.1449724  -0.02835207
 -0.01967263 -0.27146732 -0.16045132 -0.1487259  -0.13306096 -0.24702616
 -0.00521737 -0.13403151 -0.27595096 -0.22562966 -0.0107618  -0.39315424
 -0.09737183]",[-0.23080125],-0.6040823022818449
16,54027,"[ 0.01144233  0.0179954  -0.17223431 -0.44793419 -0.1449724  -0.02835207
 -0.01967263 -0.27146732 -0.16045132 -0.1487259  -0.13306096 -0.24702616
 -0.00521737 -0.13403151 -0.27595096 -0.22562966 -0.0107618  -0.39315424
 -0.09737183]",[-0.38084732],-1.7532278576397953
16,54029,"[ 0.01144233  0.0179954  -0.17223431 -0.44793419 -0.1449724  -0.02835207
 -0.01967263 -0.27146732 -0.16045132 -0.1487259  -0.13306096 -0.24702616
 -0.00521737 -0.13403151 -0.27595096 -0.22562966 -0.0107618  -0.39315424
 -0.09737183]",[-0.03427777],0.9010160056849091
16,54035,"[ 0.01144233  0.0179954  -0.17223431 -0.44793419 -0.1449724  -0.02835207
 -0.01967263 -0.27146732 -0.16045132 -0.1487259  -0.13306096 -0.24702616
 -0.00521737 -0.13403151 -0.27595096 -0.22562966 -0.0107618  -0.39315424
 -0.09737183]",[-0.21626925],-0.4927872676695615
16,54033,"[ 0.01144233  0.0179954  -0.17223431 -0.44793419 -0.1449724  -0.02835207
 -0.01967263 -0.27146732 -0.16045132 -0.1487259  -0.13306096 -0.24702616
 -0.00521737 -0.13403151 -0.27595096 -0.22562966 -0.0107618  -0.39315424
 -0.09737183]",[-0.0735852],0.5999753560129302
16,54037,"[ 0.01144233  0.0179954  -0.17223431 -0.44793419 -0.1449724  -0.02835207
 -0.01967263 -0.27146732 -0.16045132 -0.1487259  -0.13306096 -0.24702616
 -0.00521737 -0.13403151 -0.27595096 -0.22562966 -0.0107618  -0.39315424
 -0.09737183]",[-0.10102231],0.38984502879825567
16,54039,"[ 0.01144233  0.0179954  -0.17223431 -0.44793419 -0.1449724  -0.02835207
 -0.01967263 -0.27146732 -0.16045132 -0.1487259  -0.13306096 -0.24702616
 -0.00521737 -0.13403151 -0.27595096 -0.22562966 -0.0107618  -0.39315424
 -0.09737183]",[-0.032862],0.9118588650770124
16,54041,"[ 0.01144233  0.0179954  -0.17223431 -0.44793419 -0.1449724  -0.02835207
 -0.01967263 -0.27146732 -0.16045132 -0.1487259  -0.13306096 -0.24702616
 -0.00521737 -0.13403151 -0.27595096 -0.22562966 -0.0107618  -0.39315424
 -0.09737183]",[-0.11216984],0.3044703908671394
16,54043,"[ 0.01144233  0.0179954  -0.17223431 -0.44793419 -0.1449724  -0.02835207
 -0.01967263 -0.27146732 -0.16045132 -0.1487259  -0.13306096 -0.24702616
 -0.00521737 -0.13403151 -0.27595096 -0.22562966 -0.0107618  -0.39315424
 -0.09737183]",[-0.14819162],0.028593283763585345
16,54045,"[ 0.01144233  0.0179954  -0.17223431 -0.44793419 -0.1449724  -0.02835207
 -0.01967263 -0.27146732 -0.16045132 -0.1487259  -0.13306096 -0.24702616
 -0.00521737 -0.13403151 -0.27595096 -0.22562966 -0.0107618  -0.39315424
 -0.09737183]",[-0.17801991],-0.1998501584526492
16,54047,"[ 0.01144233  0.0179954  -0.17223431 -0.44793419 -0.1449724  -0.02835207
 -0.01967263 -0.27146732 -0.16045132 -0.1487259  -0.13306096 -0.24702616
 -0.00521737 -0.13403151 -0.27595096 -0.22562966 -0.0107618  -0.39315424
 -0.09737183]",[-0.15642411],-0.034456200929020235
16,54049,"[ 0.01144233  0.0179954  -0.17223431 -0.44793419 -0.1449724  -0.02835207
 -0.01967263 -0.27146732 -0.16045132 -0.1487259  -0.13306096 -0.24702616
 -0.00521737 -0.13403151 -0.27595096 -0.22562966 -0.0107618  -0.39315424
 -0.09737183]",[0.06614831],1.6701409987531133
16,54051,"[ 0.01144233  0.0179954  -0.17223431 -0.44793419 -0.1449724  -0.02835207
 -0.01967263 -0.27146732 -0.16045132 -0.1487259  -0.13306096 -0.24702616
 -0.00521737 -0.13403151 -0.27595096 -0.22562966 -0.0107618  -0.39315424
 -0.09737183]",[-0.15388657],-0.015022157020080768
16,54053,"[ 0.01144233  0.0179954  -0.17223431 -0.44793419 -0.1449724  -0.02835207
 -0.01967263 -0.27146732 -0.16045132 -0.1487259  -0.13306096 -0.24702616
 -0.00521737 -0.13403151 -0.27595096 -0.22562966 -0.0107618  -0.39315424
 -0.09737183]",[-0.33966233],-1.437807767907099
16,54057,"[ 0.01144233  0.0179954  -0.17223431 -0.44793419 -0.1449724  -0.02835207
 -0.01967263 -0.27146732 -0.16045132 -0.1487259  -0.13306096 -0.24702616
 -0.00521737 -0.13403151 -0.27595096 -0.22562966 -0.0107618  -0.39315424
 -0.09737183]",[-0.03716628],0.8788939620877451
16,54055,"[ 0.01144233  0.0179954  -0.17223431 -0.44793419 -0.1449724  -0.02835207
 -0.01967263 -0.27146732 -0.16045132 -0.1487259  -0.13306096 -0.24702616
 -0.00521737 -0.13403151 -0.27595096 -0.22562966 -0.0107618  -0.39315424
 -0.09737183]",[-0.119795],0.2460721345882422
16,54059,"[ 0.01144233  0.0179954  -0.17223431 -0.44793419 -0.1449724  -0.02835207
 -0.01967263 -0.27146732 -0.16045132 -0.1487259  -0.13306096 -0.24702616
 -0.00521737 -0.13403151 -0.27595096 -0.22562966 -0.0107618  -0.39315424
 -0.09737183]",[-0.28604017],-1.027136114572382
16,54061,"[ 0.01144233  0.0179954  -0.17223431 -0.44793419 -0.1449724  -0.02835207
 -0.01967263 -0.27146732 -0.16045132 -0.1487259  -0.13306096 -0.24702616
 -0.00521737 -0.13403151 -0.27595096 -0.22562966 -0.0107618  -0.39315424
 -0.09737183]",[-0.03203684],0.9181783895623694
16,54065,"[ 0.01144233  0.0179954  -0.17223431 -0.44793419 -0.1449724  -0.02835207
 -0.01967263 -0.27146732 -0.16045132 -0.1487259  -0.13306096 -0.24702616
 -0.00521737 -0.13403151 -0.27595096 -0.22562966 -0.0107618  -0.39315424
 -0.09737183]",[-0.30843207],-1.1986271252394172
16,54067,"[ 0.01144233  0.0179954  -0.17223431 -0.44793419 -0.1449724  -0.02835207
 -0.01967263 -0.27146732 -0.16045132 -0.1487259  -0.13306096 -0.24702616
 -0.00521737 -0.13403151 -0.27595096 -0.22562966 -0.0107618  -0.39315424
 -0.09737183]",[-0.26750394],-0.8851741855340508
16,54069,"[ 0.01144233  0.0179954  -0.17223431 -0.44793419 -0.1449724  -0.02835207
 -0.01967263 -0.27146732 -0.16045132 -0.1487259  -0.13306096 -0.24702616
 -0.00521737 -0.13403151 -0.27595096 -0.22562966 -0.0107618  -0.39315424
 -0.09737183]",[-0.05761582],0.7222787814915163
16,54077,"[ 0.01144233  0.0179954  -0.17223431 -0.44793419 -0.1449724  -0.02835207
 -0.01967263 -0.27146732 -0.16045132 -0.1487259  -0.13306096 -0.24702616
 -0.00521737 -0.13403151 -0.27595096 -0.22562966 -0.0107618  -0.39315424
 -0.09737183]",[-0.04799198],0.7959840566246381
16,54075,"[ 0.01144233  0.0179954  -0.17223431 -0.44793419 -0.1449724  -0.02835207
 -0.01967263 -0.27146732 -0.16045132 -0.1487259  -0.13306096 -0.24702616
 -0.00521737 -0.13403151 -0.27595096 -0.22562966 -0.0107618  -0.39315424
 -0.09737183]",[-0.34894168],-1.5088747348654925
16,54079,"[ 0.01144233  0.0179954  -0.17223431 -0.44793419 -0.1449724  -0.02835207
 -0.01967263 -0.27146732 -0.16045132 -0.1487259  -0.13306096 -0.24702616
 -0.00521737 -0.13403151 -0.27595096 -0.22562966 -0.0107618  -0.39315424
 -0.09737183]",[-0.00487231],1.1262211609554222
16,54081,"[ 0.01144233  0.0179954  -0.17223431 -0.44793419 -0.1449724  -0.02835207
 -0.01967263 -0.27146732 -0.16045132 -0.1487259  -0.13306096 -0.24702616
 -0.00521737 -0.13403151 -0.27595096 -0.22562966 -0.0107618  -0.39315424
 -0.09737183]",[0.05625995],1.594409841109509
16,54083,"[ 0.01144233  0.0179954  -0.17223431 -0.44793419 -0.1449724  -0.02835207
 -0.01967263 -0.27146732 -0.16045132 -0.1487259  -0.13306096 -0.24702616
 -0.00521737 -0.13403151 -0.27595096 -0.22562966 -0.0107618  -0.39315424
 -0.09737183]",[-0.22174276],-0.5347067763230092
16,54089,"[ 0.01144233  0.0179954  -0.17223431 -0.44793419 -0.1449724  -0.02835207
 -0.01967263 -0.27146732 -0.16045132 -0.1487259  -0.13306096 -0.24702616
 -0.00521737 -0.13403151 -0.27595096 -0.22562966 -0.0107618  -0.39315424
 -0.09737183]",[-0.35805597],-1.5786776018775275
16,54087,"[ 0.01144233  0.0179954  -0.17223431 -0.44793419 -0.1449724  -0.02835207
 -0.01967263 -0.27146732 -0.16045132 -0.1487259  -0.13306096 -0.24702616
 -0.00521737 -0.13403151 -0.27595096 -0.22562966 -0.0107618  -0.39315424
 -0.09737183]",[-0.04551718],0.8149376590834528
16,54091,"[ 0.01144233  0.0179954  -0.17223431 -0.44793419 -0.1449724  -0.02835207
 -0.01967263 -0.27146732 -0.16045132 -0.1487259  -0.13306096 -0.24702616
 -0.00521737 -0.13403151 -0.27595096 -0.22562966 -0.0107618  -0.39315424
 -0.09737183]",[-0.32241227],-1.305696177633175
16,54097,"[ 0.01144233  0.0179954  -0.17223431 -0.44793419 -0.1449724  -0.02835207
 -0.01967263 -0.27146732 -0.16045132 -0.1487259  -0.13306096 -0.24702616
 -0.00521737 -0.13403151 -0.27595096 -0.22562966 -0.0107618  -0.39315424
 -0.09737183]",[0.00819787],1.2263207172130635
16,54103,"[ 0.01144233  0.0179954  -0.17223431 -0.44793419 -0.1449724  -0.02835207
 -0.01967263 -0.27146732 -0.16045132 -0.1487259  -0.13306096 -0.24702616
 -0.00521737 -0.13403151 -0.27595096 -0.22562966 -0.0107618  -0.39315424
 -0.09737183]",[-0.29491235],-1.0950847424166712
16,54099,"[ 0.01144233  0.0179954  -0.17223431 -0.44793419 -0.1449724  -0.02835207
 -0.01967263 -0.27146732 -0.16045132 -0.1487259  -0.13306096 -0.24702616
 -0.00521737 -0.13403151 -0.27595096 -0.22562966 -0.0107618  -0.39315424
 -0.09737183]",[0.08805036],1.8378804210483457
16,54107,"[ 0.01144233  0.0179954  -0.17223431 -0.44793419 -0.1449724  -0.02835207
 -0.01967263 -0.27146732 -0.16045132 -0.1487259  -0.13306096 -0.24702616
 -0.00521737 -0.13403151 -0.27595096 -0.22562966 -0.0107618  -0.39315424
 -0.09737183]",[-0.01837147],1.0228362558462418
16,54109,"[ 0.01144233  0.0179954  -0.17223431 -0.44793419 -0.1449724  -0.02835207
 -0.01967263 -0.27146732 -0.16045132 -0.1487259  -0.13306096 -0.24702616
 -0.00521737 -0.13403151 -0.27595096 -0.22562966 -0.0107618  -0.39315424
 -0.09737183]",[-0.21529423],-0.4853199833586688
16,55001,"[ 0.01144233  0.0179954  -0.17223431 -0.44793419 -0.1449724  -0.02835207
 -0.01967263 -0.27146732 -0.16045132 -0.1487259  -0.13306096 -0.24702616
 -0.00521737 -0.13403151 -0.27595096 -0.22562966 -0.0107618  -0.39315424
 -0.09737183]",[-0.22501994],-0.5598054850015348
16,55003,"[ 0.01144233  0.0179954  -0.17223431 -0.44793419 -0.1449724  -0.02835207
 -0.01967263 -0.27146732 -0.16045132 -0.1487259  -0.13306096 -0.24702616
 -0.00521737 -0.13403151 -0.27595096 -0.22562966 -0.0107618  -0.39315424
 -0.09737183]",[-0.24299231],-0.6974489715802773
16,55005,"[ 0.01144233  0.0179954  -0.17223431 -0.44793419 -0.1449724  -0.02835207
 -0.01967263 -0.27146732 -0.16045132 -0.1487259  -0.13306096 -0.24702616
 -0.00521737 -0.13403151 -0.27595096 -0.22562966 -0.0107618  -0.39315424
 -0.09737183]",[-0.01371423],1.058504320211524
16,55007,"[ 0.01144233  0.0179954  -0.17223431 -0.44793419 -0.1449724  -0.02835207
 -0.01967263 -0.27146732 -0.16045132 -0.1487259  -0.13306096 -0.24702616
 -0.00521737 -0.13403151 -0.27595096 -0.22562966 -0.0107618  -0.39315424
 -0.09737183]",[-0.22791897],-0.5820079997244313
16,55009,"[ 0.01144233  0.0179954  -0.17223431 -0.44793419 -0.1449724  -0.02835207
 -0.01967263 -0.27146732 -0.16045132 -0.1487259  -0.13306096 -0.24702616
 -0.00521737 -0.13403151 -0.27595096 -0.22562966 -0.0107618  -0.39315424
 -0.09737183]",[0.00727219],1.2192312871429132
16,55011,"[ 0.01144233  0.0179954  -0.17223431 -0.44793419 -0.1449724  -0.02835207
 -0.01967263 -0.27146732 -0.16045132 -0.1487259  -0.13306096 -0.24702616
 -0.00521737 -0.13403151 -0.27595096 -0.22562966 -0.0107618  -0.39315424
 -0.09737183]",[-0.31595246],-1.2562229254741204
16,55013,"[ 0.01144233  0.0179954  -0.17223431 -0.44793419 -0.1449724  -0.02835207
 -0.01967263 -0.27146732 -0.16045132 -0.1487259  -0.13306096 -0.24702616
 -0.00521737 -0.13403151 -0.27595096 -0.22562966 -0.0107618  -0.39315424
 -0.09737183]",[-0.25972658],-0.8256103549357484
16,55015,"[ 0.01144233  0.0179954  -0.17223431 -0.44793419 -0.1449724  -0.02835207
 -0.01967263 -0.27146732 -0.16045132 -0.1487259  -0.13306096 -0.24702616
 -0.00521737 -0.13403151 -0.27595096 -0.22562966 -0.0107618  -0.39315424
 -0.09737183]",[-0.1199801],0.24465459089284247
16,55017,"[ 0.01144233  0.0179954  -0.17223431 -0.44793419 -0.1449724  -0.02835207
 -0.01967263 -0.27146732 -0.16045132 -0.1487259  -0.13306096 -0.24702616
 -0.00521737 -0.13403151 -0.27595096 -0.22562966 -0.0107618  -0.39315424
 -0.09737183]",[-0.01647683],1.0373465991373703
16,55019,"[ 0.01144233  0.0179954  -0.17223431 -0.44793419 -0.1449724  -0.02835207
 -0.01967263 -0.27146732 -0.16045132 -0.1487259  -0.13306096 -0.24702616
 -0.00521737 -0.13403151 -0.27595096 -0.22562966 -0.0107618  -0.39315424
 -0.09737183]",[-0.21445839],-0.4789185983064114
16,55021,"[ 0.01144233  0.0179954  -0.17223431 -0.44793419 -0.1449724  -0.02835207
 -0.01967263 -0.27146732 -0.16045132 -0.1487259  -0.13306096 -0.24702616
 -0.00521737 -0.13403151 -0.27595096 -0.22562966 -0.0107618  -0.39315424
 -0.09737183]",[-0.15586713],-0.03019050155817181
16,55023,"[ 0.01144233  0.0179954  -0.17223431 -0.44793419 -0.1449724  -0.02835207
 -0.01967263 -0.27146732 -0.16045132 -0.1487259  -0.13306096 -0.24702616
 -0.00521737 -0.13403151 -0.27595096 -0.22562966 -0.0107618  -0.39315424
 -0.09737183]",[-0.3680859],-1.655493061967612
16,55025,"[ 0.01144233  0.0179954  -0.17223431 -0.44793419 -0.1449724  -0.02835207
 -0.01967263 -0.27146732 -0.16045132 -0.1487259  -0.13306096 -0.24702616
 -0.00521737 -0.13403151 -0.27595096 -0.22562966 -0.0107618  -0.39315424
 -0.09737183]",[0.00975399],1.2382384282169365
16,55027,"[ 0.01144233  0.0179954  -0.17223431 -0.44793419 -0.1449724  -0.02835207
 -0.01967263 -0.27146732 -0.16045132 -0.1487259  -0.13306096 -0.24702616
 -0.00521737 -0.13403151 -0.27595096 -0.22562966 -0.0107618  -0.39315424
 -0.09737183]",[-0.11285332],0.29923583153107053
16,55029,"[ 0.01144233  0.0179954  -0.17223431 -0.44793419 -0.1449724  -0.02835207
 -0.01967263 -0.27146732 -0.16045132 -0.1487259  -0.13306096 -0.24702616
 -0.00521737 -0.13403151 -0.27595096 -0.22562966 -0.0107618  -0.39315424
 -0.09737183]",[-0.24618311],-0.7218861405520844
16,55031,"[ 0.01144233  0.0179954  -0.17223431 -0.44793419 -0.1449724  -0.02835207
 -0.01967263 -0.27146732 -0.16045132 -0.1487259  -0.13306096 -0.24702616
 -0.00521737 -0.13403151 -0.27595096 -0.22562966 -0.0107618  -0.39315424
 -0.09737183]",[-0.11175675],0.3076340731231467
16,55033,"[ 0.01144233  0.0179954  -0.17223431 -0.44793419 -0.1449724  -0.02835207
 -0.01967263 -0.27146732 -0.16045132 -0.1487259  -0.13306096 -0.24702616
 -0.00521737 -0.13403151 -0.27595096 -0.22562966 -0.0107618  -0.39315424
 -0.09737183]",[-0.07092273],0.620366219929964
16,55035,"[ 0.01144233  0.0179954  -0.17223431 -0.44793419 -0.1449724  -0.02835207
 -0.01967263 -0.27146732 -0.16045132 -0.1487259  -0.13306096 -0.24702616
 -0.00521737 -0.13403151 -0.27595096 -0.22562966 -0.0107618  -0.39315424
 -0.09737183]",[-0.04521572],0.8172464253256816
16,55039,"[ 0.01144233  0.0179954  -0.17223431 -0.44793419 -0.1449724  -0.02835207
 -0.01967263 -0.27146732 -0.16045132 -0.1487259  -0.13306096 -0.24702616
 -0.00521737 -0.13403151 -0.27595096 -0.22562966 -0.0107618  -0.39315424
 -0.09737183]",[-0.01035152],1.0842580241324373
16,55041,"[ 0.01144233  0.0179954  -0.17223431 -0.44793419 -0.1449724  -0.02835207
 -0.01967263 -0.27146732 -0.16045132 -0.1487259  -0.13306096 -0.24702616
 -0.00521737 -0.13403151 -0.27595096 -0.22562966 -0.0107618  -0.39315424
 -0.09737183]",[-0.2746522],-0.9399200089867407
16,55043,"[ 0.01144233  0.0179954  -0.17223431 -0.44793419 -0.1449724  -0.02835207
 -0.01967263 -0.27146732 -0.16045132 -0.1487259  -0.13306096 -0.24702616
 -0.00521737 -0.13403151 -0.27595096 -0.22562966 -0.0107618  -0.39315424
 -0.09737183]",[-0.13398273],0.13741378003727212
16,55045,"[ 0.01144233  0.0179954  -0.17223431 -0.44793419 -0.1449724  -0.02835207
 -0.01967263 -0.27146732 -0.16045132 -0.1487259  -0.13306096 -0.24702616
 -0.00521737 -0.13403151 -0.27595096 -0.22562966 -0.0107618  -0.39315424
 -0.09737183]",[-0.06721239],0.6487823173435849
16,55047,"[ 0.01144233  0.0179954  -0.17223431 -0.44793419 -0.1449724  -0.02835207
 -0.01967263 -0.27146732 -0.16045132 -0.1487259  -0.13306096 -0.24702616
 -0.00521737 -0.13403151 -0.27595096 -0.22562966 -0.0107618  -0.39315424
 -0.09737183]",[-0.15437885],-0.018792317350678357
16,55049,"[ 0.01144233  0.0179954  -0.17223431 -0.44793419 -0.1449724  -0.02835207
 -0.01967263 -0.27146732 -0.16045132 -0.1487259  -0.13306096 -0.24702616
 -0.00521737 -0.13403151 -0.27595096 -0.22562966 -0.0107618  -0.39315424
 -0.09737183]",[-0.09923452],0.4035370123313557
16,55053,"[ 0.01144233  0.0179954  -0.17223431 -0.44793419 -0.1449724  -0.02835207
 -0.01967263 -0.27146732 -0.16045132 -0.1487259  -0.13306096 -0.24702616
 -0.00521737 -0.13403151 -0.27595096 -0.22562966 -0.0107618  -0.39315424
 -0.09737183]",[-0.2625858],-0.8475080193654478
16,55055,"[ 0.01144233  0.0179954  -0.17223431 -0.44793419 -0.1449724  -0.02835207
 -0.01967263 -0.27146732 -0.16045132 -0.1487259  -0.13306096 -0.24702616
 -0.00521737 -0.13403151 -0.27595096 -0.22562966 -0.0107618  -0.39315424
 -0.09737183]",[-0.08347951],0.5241986217651234
16,55057,"[ 0.01144233  0.0179954  -0.17223431 -0.44793419 -0.1449724  -0.02835207
 -0.01967263 -0.27146732 -0.16045132 -0.1487259  -0.13306096 -0.24702616
 -0.00521737 -0.13403151 -0.27595096 -0.22562966 -0.0107618  -0.39315424
 -0.09737183]",[-0.05911892],0.7107671204765194
16,55059,"[ 0.01144233  0.0179954  -0.17223431 -0.44793419 -0.1449724  -0.02835207
 -0.01967263 -0.27146732 -0.16045132 -0.1487259  -0.13306096 -0.24702616
 -0.00521737 -0.13403151 -0.27595096 -0.22562966 -0.0107618  -0.39315424
 -0.09737183]",[0.00462219],1.1989359385443834
16,55061,"[ 0.01144233  0.0179954  -0.17223431 -0.44793419 -0.1449724  -0.02835207
 -0.01967263 -0.27146732 -0.16045132 -0.1487259  -0.13306096 -0.24702616
 -0.00521737 -0.13403151 -0.27595096 -0.22562966 -0.0107618  -0.39315424
 -0.09737183]",[-0.48294003],-2.5351169515162653
16,55065,"[ 0.01144233  0.0179954  -0.17223431 -0.44793419 -0.1449724  -0.02835207
 -0.01967263 -0.27146732 -0.16045132 -0.1487259  -0.13306096 -0.24702616
 -0.00521737 -0.13403151 -0.27595096 -0.22562966 -0.0107618  -0.39315424
 -0.09737183]",[-0.22801387],-0.5827348518252177
16,55063,"[ 0.01144233  0.0179954  -0.17223431 -0.44793419 -0.1449724  -0.02835207
 -0.01967263 -0.27146732 -0.16045132 -0.1487259  -0.13306096 -0.24702616
 -0.00521737 -0.13403151 -0.27595096 -0.22562966 -0.0107618  -0.39315424
 -0.09737183]",[0.0072808],1.2192971770094947
16,55067,"[ 0.01144233  0.0179954  -0.17223431 -0.44793419 -0.1449724  -0.02835207
 -0.01967263 -0.27146732 -0.16045132 -0.1487259  -0.13306096 -0.24702616
 -0.00521737 -0.13403151 -0.27595096 -0.22562966 -0.0107618  -0.39315424
 -0.09737183]",[-0.2706506],-0.9092733080058436
16,55069,"[ 0.01144233  0.0179954  -0.17223431 -0.44793419 -0.1449724  -0.02835207
 -0.01967263 -0.27146732 -0.16045132 -0.1487259  -0.13306096 -0.24702616
 -0.00521737 -0.13403151 -0.27595096 -0.22562966 -0.0107618  -0.39315424
 -0.09737183]",[-0.13710957],0.11346649348017855
16,55071,"[ 0.01144233  0.0179954  -0.17223431 -0.44793419 -0.1449724  -0.02835207
 -0.01967263 -0.27146732 -0.16045132 -0.1487259  -0.13306096 -0.24702616
 -0.00521737 -0.13403151 -0.27595096 -0.22562966 -0.0107618  -0.39315424
 -0.09737183]",[0.07915667],1.7697670363025941
16,55073,"[ 0.01144233  0.0179954  -0.17223431 -0.44793419 -0.1449724  -0.02835207
 -0.01967263 -0.27146732 -0.16045132 -0.1487259  -0.13306096 -0.24702616
 -0.00521737 -0.13403151 -0.27595096 -0.22562966 -0.0107618  -0.39315424
 -0.09737183]",[-0.01197959],1.0717892211838687
16,55075,"[ 0.01144233  0.0179954  -0.17223431 -0.44793419 -0.1449724  -0.02835207
 -0.01967263 -0.27146732 -0.16045132 -0.1487259  -0.13306096 -0.24702616
 -0.00521737 -0.13403151 -0.27595096 -0.22562966 -0.0107618  -0.39315424
 -0.09737183]",[-0.07090049],0.6205365411875806
16,55077,"[ 0.01144233  0.0179954  -0.17223431 -0.44793419 -0.1449724  -0.02835207
 -0.01967263 -0.27146732 -0.16045132 -0.1487259  -0.13306096 -0.24702616
 -0.00521737 -0.13403151 -0.27595096 -0.22562966 -0.0107618  -0.39315424
 -0.09737183]",[-0.33455121],-1.39866364530301
16,55079,"[ 0.01144233  0.0179954  -0.17223431 -0.44793419 -0.1449724  -0.02835207
 -0.01967263 -0.27146732 -0.16045132 -0.1487259  -0.13306096 -0.24702616
 -0.00521737 -0.13403151 -0.27595096 -0.22562966 -0.0107618  -0.39315424
 -0.09737183]",[0.00770093],1.222514853462909
16,55081,"[ 0.01144233  0.0179954  -0.17223431 -0.44793419 -0.1449724  -0.02835207
 -0.01967263 -0.27146732 -0.16045132 -0.1487259  -0.13306096 -0.24702616
 -0.00521737 -0.13403151 -0.27595096 -0.22562966 -0.0107618  -0.39315424
 -0.09737183]",[0.0281783],1.3793431581367104
16,55083,"[ 0.01144233  0.0179954  -0.17223431 -0.44793419 -0.1449724  -0.02835207
 -0.01967263 -0.27146732 -0.16045132 -0.1487259  -0.13306096 -0.24702616
 -0.00521737 -0.13403151 -0.27595096 -0.22562966 -0.0107618  -0.39315424
 -0.09737183]",[-0.10970817],0.32332338826206164
16,55085,"[ 0.01144233  0.0179954  -0.17223431 -0.44793419 -0.1449724  -0.02835207
 -0.01967263 -0.27146732 -0.16045132 -0.1487259  -0.13306096 -0.24702616
 -0.00521737 -0.13403151 -0.27595096 -0.22562966 -0.0107618  -0.39315424
 -0.09737183]",[-0.07135497],0.6170558685084708
16,55087,"[ 0.01144233  0.0179954  -0.17223431 -0.44793419 -0.1449724  -0.02835207
 -0.01967263 -0.27146732 -0.16045132 -0.1487259  -0.13306096 -0.24702616
 -0.00521737 -0.13403151 -0.27595096 -0.22562966 -0.0107618  -0.39315424
 -0.09737183]",[-0.01452664],1.0522823206842178
16,55089,"[ 0.01144233  0.0179954  -0.17223431 -0.44793419 -0.1449724  -0.02835207
 -0.01967263 -0.27146732 -0.16045132 -0.1487259  -0.13306096 -0.24702616
 -0.00521737 -0.13403151 -0.27595096 -0.22562966 -0.0107618  -0.39315424
 -0.09737183]",[-0.09781788],0.4143865328786963
16,55093,"[ 0.01144233  0.0179954  -0.17223431 -0.44793419 -0.1449724  -0.02835207
 -0.01967263 -0.27146732 -0.16045132 -0.1487259  -0.13306096 -0.24702616
 -0.00521737 -0.13403151 -0.27595096 -0.22562966 -0.0107618  -0.39315424
 -0.09737183]",[-0.06918647],0.6336635646957239
16,55095,"[ 0.01144233  0.0179954  -0.17223431 -0.44793419 -0.1449724  -0.02835207
 -0.01967263 -0.27146732 -0.16045132 -0.1487259  -0.13306096 -0.24702616
 -0.00521737 -0.13403151 -0.27595096 -0.22562966 -0.0107618  -0.39315424
 -0.09737183]",[-0.16002694],-0.062048874421145
16,55097,"[ 0.01144233  0.0179954  -0.17223431 -0.44793419 -0.1449724  -0.02835207
 -0.01967263 -0.27146732 -0.16045132 -0.1487259  -0.13306096 -0.24702616
 -0.00521737 -0.13403151 -0.27595096 -0.22562966 -0.0107618  -0.39315424
 -0.09737183]",[0.02639653],1.3656972972817503
16,55099,"[ 0.01144233  0.0179954  -0.17223431 -0.44793419 -0.1449724  -0.02835207
 -0.01967263 -0.27146732 -0.16045132 -0.1487259  -0.13306096 -0.24702616
 -0.00521737 -0.13403151 -0.27595096 -0.22562966 -0.0107618  -0.39315424
 -0.09737183]",[-0.2113082],-0.45479250251037845
16,55101,"[ 0.01144233  0.0179954  -0.17223431 -0.44793419 -0.1449724  -0.02835207
 -0.01967263 -0.27146732 -0.16045132 -0.1487259  -0.13306096 -0.24702616
 -0.00521737 -0.13403151 -0.27595096 -0.22562966 -0.0107618  -0.39315424
 -0.09737183]",[-0.04309004],0.8335261834634011
16,55103,"[ 0.01144233  0.0179954  -0.17223431 -0.44793419 -0.1449724  -0.02835207
 -0.01967263 -0.27146732 -0.16045132 -0.1487259  -0.13306096 -0.24702616
 -0.00521737 -0.13403151 -0.27595096 -0.22562966 -0.0107618  -0.39315424
 -0.09737183]",[-0.2797616],-0.9790509524328208
16,55105,"[ 0.01144233  0.0179954  -0.17223431 -0.44793419 -0.1449724  -0.02835207
 -0.01967263 -0.27146732 -0.16045132 -0.1487259  -0.13306096 -0.24702616
 -0.00521737 -0.13403151 -0.27595096 -0.22562966 -0.0107618  -0.39315424
 -0.09737183]",[-0.01295893],1.0642888780043283
16,55107,"[ 0.01144233  0.0179954  -0.17223431 -0.44793419 -0.1449724  -0.02835207
 -0.01967263 -0.27146732 -0.16045132 -0.1487259  -0.13306096 -0.24702616
 -0.00521737 -0.13403151 -0.27595096 -0.22562966 -0.0107618  -0.39315424
 -0.09737183]",[0.00047443],1.1671698502524224
16,55109,"[ 0.01144233  0.0179954  -0.17223431 -0.44793419 -0.1449724  -0.02835207
 -0.01967263 -0.27146732 -0.16045132 -0.1487259  -0.13306096 -0.24702616
 -0.00521737 -0.13403151 -0.27595096 -0.22562966 -0.0107618  -0.39315424
 -0.09737183]",[-0.19411648],-0.3231276798627522
16,55111,"[ 0.01144233  0.0179954  -0.17223431 -0.44793419 -0.1449724  -0.02835207
 -0.01967263 -0.27146732 -0.16045132 -0.1487259  -0.13306096 -0.24702616
 -0.00521737 -0.13403151 -0.27595096 -0.22562966 -0.0107618  -0.39315424
 -0.09737183]",[0.00727158],1.2192265805076956
16,55113,"[ 0.01144233  0.0179954  -0.17223431 -0.44793419 -0.1449724  -0.02835207
 -0.01967263 -0.27146732 -0.16045132 -0.1487259  -0.13306096 -0.24702616
 -0.00521737 -0.13403151 -0.27595096 -0.22562966 -0.0107618  -0.39315424
 -0.09737183]",[-0.25766304],-0.8098064798757196
16,55115,"[ 0.01144233  0.0179954  -0.17223431 -0.44793419 -0.1449724  -0.02835207
 -0.01967263 -0.27146732 -0.16045132 -0.1487259  -0.13306096 -0.24702616
 -0.00521737 -0.13403151 -0.27595096 -0.22562966 -0.0107618  -0.39315424
 -0.09737183]",[0.09258272],1.8725920710156851
16,55119,"[ 0.01144233  0.0179954  -0.17223431 -0.44793419 -0.1449724  -0.02835207
 -0.01967263 -0.27146732 -0.16045132 -0.1487259  -0.13306096 -0.24702616
 -0.00521737 -0.13403151 -0.27595096 -0.22562966 -0.0107618  -0.39315424
 -0.09737183]",[-0.28707134],-1.0350334836792854
16,55117,"[ 0.01144233  0.0179954  -0.17223431 -0.44793419 -0.1449724  -0.02835207
 -0.01967263 -0.27146732 -0.16045132 -0.1487259  -0.13306096 -0.24702616
 -0.00521737 -0.13403151 -0.27595096 -0.22562966 -0.0107618  -0.39315424
 -0.09737183]",[-0.04696114],0.8038789212261283
16,55121,"[ 0.01144233  0.0179954  -0.17223431 -0.44793419 -0.1449724  -0.02835207
 -0.01967263 -0.27146732 -0.16045132 -0.1487259  -0.13306096 -0.24702616
 -0.00521737 -0.13403151 -0.27595096 -0.22562966 -0.0107618  -0.39315424
 -0.09737183]",[-0.18278323],-0.23633063170342228
16,55123,"[ 0.01144233  0.0179954  -0.17223431 -0.44793419 -0.1449724  -0.02835207
 -0.01967263 -0.27146732 -0.16045132 -0.1487259  -0.13306096 -0.24702616
 -0.00521737 -0.13403151 -0.27595096 -0.22562966 -0.0107618  -0.39315424
 -0.09737183]",[-0.26439857],-0.8613913354071073
16,55125,"[ 0.01144233  0.0179954  -0.17223431 -0.44793419 -0.1449724  -0.02835207
 -0.01967263 -0.27146732 -0.16045132 -0.1487259  -0.13306096 -0.24702616
 -0.00521737 -0.13403151 -0.27595096 -0.22562966 -0.0107618  -0.39315424
 -0.09737183]",[-0.20842249],-0.43269190933949947
16,55127,"[ 0.01144233  0.0179954  -0.17223431 -0.44793419 -0.1449724  -0.02835207
 -0.01967263 -0.27146732 -0.16045132 -0.1487259  -0.13306096 -0.24702616
 -0.00521737 -0.13403151 -0.27595096 -0.22562966 -0.0107618  -0.39315424
 -0.09737183]",[-0.01590498],1.0417261433265554
16,55129,"[ 0.01144233  0.0179954  -0.17223431 -0.44793419 -0.1449724  -0.02835207
 -0.01967263 -0.27146732 -0.16045132 -0.1487259  -0.13306096 -0.24702616
 -0.00521737 -0.13403151 -0.27595096 -0.22562966 -0.0107618  -0.39315424
 -0.09737183]",[-0.28693589],-1.033996066197311
16,55131,"[ 0.01144233  0.0179954  -0.17223431 -0.44793419 -0.1449724  -0.02835207
 -0.01967263 -0.27146732 -0.16045132 -0.1487259  -0.13306096 -0.24702616
 -0.00521737 -0.13403151 -0.27595096 -0.22562966 -0.0107618  -0.39315424
 -0.09737183]",[0.07820198],1.76245545055711
16,55133,"[ 0.01144233  0.0179954  -0.17223431 -0.44793419 -0.1449724  -0.02835207
 -0.01967263 -0.27146732 -0.16045132 -0.1487259  -0.13306096 -0.24702616
 -0.00521737 -0.13403151 -0.27595096 -0.22562966 -0.0107618  -0.39315424
 -0.09737183]",[-0.00525438],1.123295019709006
16,55135,"[ 0.01144233  0.0179954  -0.17223431 -0.44793419 -0.1449724  -0.02835207
 -0.01967263 -0.27146732 -0.16045132 -0.1487259  -0.13306096 -0.24702616
 -0.00521737 -0.13403151 -0.27595096 -0.22562966 -0.0107618  -0.39315424
 -0.09737183]",[-0.12897819],0.17574164308099596
16,55137,"[ 0.01144233  0.0179954  -0.17223431 -0.44793419 -0.1449724  -0.02835207
 -0.01967263 -0.27146732 -0.16045132 -0.1487259  -0.13306096 -0.24702616
 -0.00521737 -0.13403151 -0.27595096 -0.22562966 -0.0107618  -0.39315424
 -0.09737183]",[-0.22735744],-0.5777075022216789
16,55139,"[ 0.01144233  0.0179954  -0.17223431 -0.44793419 -0.1449724  -0.02835207
 -0.01967263 -0.27146732 -0.16045132 -0.1487259  -0.13306096 -0.24702616
 -0.00521737 -0.13403151 -0.27595096 -0.22562966 -0.0107618  -0.39315424
 -0.09737183]",[-0.03249694],0.9146546681785713
16,55141,"[ 0.01144233  0.0179954  -0.17223431 -0.44793419 -0.1449724  -0.02835207
 -0.01967263 -0.27146732 -0.16045132 -0.1487259  -0.13306096 -0.24702616
 -0.00521737 -0.13403151 -0.27595096 -0.22562966 -0.0107618  -0.39315424
 -0.09737183]",[-0.12004573],0.24415189793480582
16,56001,"[ 0.01144233  0.0179954  -0.17223431 -0.44793419 -0.1449724  -0.02835207
 -0.01967263 -0.27146732 -0.16045132 -0.1487259  -0.13306096 -0.24702616
 -0.00521737 -0.13403151 -0.27595096 -0.22562966 -0.0107618  -0.39315424
 -0.09737183]",[-0.15789345],-0.045709294071446915
16,56005,"[ 0.01144233  0.0179954  -0.17223431 -0.44793419 -0.1449724  -0.02835207
 -0.01967263 -0.27146732 -0.16045132 -0.1487259  -0.13306096 -0.24702616
 -0.00521737 -0.13403151 -0.27595096 -0.22562966 -0.0107618  -0.39315424
 -0.09737183]",[-0.24713997],-0.7292143558198775
16,56007,"[ 0.01144233  0.0179954  -0.17223431 -0.44793419 -0.1449724  -0.02835207
 -0.01967263 -0.27146732 -0.16045132 -0.1487259  -0.13306096 -0.24702616
 -0.00521737 -0.13403151 -0.27595096 -0.22562966 -0.0107618  -0.39315424
 -0.09737183]",[-0.41995354],-2.052727520282794
16,56009,"[ 0.01144233  0.0179954  -0.17223431 -0.44793419 -0.1449724  -0.02835207
 -0.01967263 -0.27146732 -0.16045132 -0.1487259  -0.13306096 -0.24702616
 -0.00521737 -0.13403151 -0.27595096 -0.22562966 -0.0107618  -0.39315424
 -0.09737183]",[-0.2386593],-0.6642641565610116
16,56015,"[ 0.01144233  0.0179954  -0.17223431 -0.44793419 -0.1449724  -0.02835207
 -0.01967263 -0.27146732 -0.16045132 -0.1487259  -0.13306096 -0.24702616
 -0.00521737 -0.13403151 -0.27595096 -0.22562966 -0.0107618  -0.39315424
 -0.09737183]",[-0.31354299],-1.237769729792622
16,56013,"[ 0.01144233  0.0179954  -0.17223431 -0.44793419 -0.1449724  -0.02835207
 -0.01967263 -0.27146732 -0.16045132 -0.1487259  -0.13306096 -0.24702616
 -0.00521737 -0.13403151 -0.27595096 -0.22562966 -0.0107618  -0.39315424
 -0.09737183]",[-0.26983851],-0.903053814858869
16,56021,"[ 0.01144233  0.0179954  -0.17223431 -0.44793419 -0.1449724  -0.02835207
 -0.01967263 -0.27146732 -0.16045132 -0.1487259  -0.13306096 -0.24702616
 -0.00521737 -0.13403151 -0.27595096 -0.22562966 -0.0107618  -0.39315424
 -0.09737183]",[0.00632519],1.211978592809232
16,56023,"[ 0.01144233  0.0179954  -0.17223431 -0.44793419 -0.1449724  -0.02835207
 -0.01967263 -0.27146732 -0.16045132 -0.1487259  -0.13306096 -0.24702616
 -0.00521737 -0.13403151 -0.27595096 -0.22562966 -0.0107618  -0.39315424
 -0.09737183]",[-0.29508019],-1.096370148753487
16,56025,"[ 0.01144233  0.0179954  -0.17223431 -0.44793419 -0.1449724  -0.02835207
 -0.01967263 -0.27146732 -0.16045132 -0.1487259  -0.13306096 -0.24702616
 -0.00521737 -0.13403151 -0.27595096 -0.22562966 -0.0107618  -0.39315424
 -0.09737183]",[-0.08822911],0.4878233007844585
16,56029,"[ 0.01144233  0.0179954  -0.17223431 -0.44793419 -0.1449724  -0.02835207
 -0.01967263 -0.27146732 -0.16045132 -0.1487259  -0.13306096 -0.24702616
 -0.00521737 -0.13403151 -0.27595096 -0.22562966 -0.0107618  -0.39315424
 -0.09737183]",[-0.30853612],-1.199423979545438
16,56033,"[ 0.01144233  0.0179954  -0.17223431 -0.44793419 -0.1449724  -0.02835207
 -0.01967263 -0.27146732 -0.16045132 -0.1487259  -0.13306096 -0.24702616
 -0.00521737 -0.13403151 -0.27595096 -0.22562966 -0.0107618  -0.39315424
 -0.09737183]",[-0.30683081],-1.186363668311042
16,56037,"[ 0.01144233  0.0179954  -0.17223431 -0.44793419 -0.1449724  -0.02835207
 -0.01967263 -0.27146732 -0.16045132 -0.1487259  -0.13306096 -0.24702616
 -0.00521737 -0.13403151 -0.27595096 -0.22562966 -0.0107618  -0.39315424
 -0.09737183]",[-0.14963244],0.017558643322209796
16,56039,"[ 0.01144233  0.0179954  -0.17223431 -0.44793419 -0.1449724  -0.02835207
 -0.01967263 -0.27146732 -0.16045132 -0.1487259  -0.13306096 -0.24702616
 -0.00521737 -0.13403151 -0.27595096 -0.22562966 -0.0107618  -0.39315424
 -0.09737183]",[-0.47447558],-2.4702909794935937
16,12057,"[ 0.01144233  0.0179954  -0.17223431 -0.44793419 -0.1449724  -0.02835207
 -0.01967263 -0.27146732 -0.16045132 -0.1487259  -0.13306096 -0.24702616
 -0.00521737 -0.13403151 -0.27595096 -0.22562966 -0.0107618  -0.39315424
 -0.09737183]",[0.00973218],1.2380713794385483
16,12059,"[ 0.01144233  0.0179954  -0.17223431 -0.44793419 -0.1449724  -0.02835207
 -0.01967263 -0.27146732 -0.16045132 -0.1487259  -0.13306096 -0.24702616
 -0.00521737 -0.13403151 -0.27595096 -0.22562966 -0.0107618  -0.39315424
 -0.09737183]",[-0.33397412],-1.3942439076678323
16,12061,"[ 0.01144233  0.0179954  -0.17223431 -0.44793419 -0.1449724  -0.02835207
 -0.01967263 -0.27146732 -0.16045132 -0.1487259  -0.13306096 -0.24702616
 -0.00521737 -0.13403151 -0.27595096 -0.22562966 -0.0107618  -0.39315424
 -0.09737183]",[-0.00565006],1.1202646736581403
16,12063,"[ 0.01144233  0.0179954  -0.17223431 -0.44793419 -0.1449724  -0.02835207
 -0.01967263 -0.27146732 -0.16045132 -0.1487259  -0.13306096 -0.24702616
 -0.00521737 -0.13403151 -0.27595096 -0.22562966 -0.0107618  -0.39315424
 -0.09737183]",[-0.04738635],0.8006224114453062
16,12069,"[ 0.01144233  0.0179954  -0.17223431 -0.44793419 -0.1449724  -0.02835207
 -0.01967263 -0.27146732 -0.16045132 -0.1487259  -0.13306096 -0.24702616
 -0.00521737 -0.13403151 -0.27595096 -0.22562966 -0.0107618  -0.39315424
 -0.09737183]",[-0.02160327],0.9980851802007585
16,12071,"[ 0.01144233  0.0179954  -0.17223431 -0.44793419 -0.1449724  -0.02835207
 -0.01967263 -0.27146732 -0.16045132 -0.1487259  -0.13306096 -0.24702616
 -0.00521737 -0.13403151 -0.27595096 -0.22562966 -0.0107618  -0.39315424
 -0.09737183]",[-0.00890598],1.0953288252890967
16,12073,"[ 0.01144233  0.0179954  -0.17223431 -0.44793419 -0.1449724  -0.02835207
 -0.01967263 -0.27146732 -0.16045132 -0.1487259  -0.13306096 -0.24702616
 -0.00521737 -0.13403151 -0.27595096 -0.22562966 -0.0107618  -0.39315424
 -0.09737183]",[0.0043554],1.1968926823989745
16,12075,"[ 0.01144233  0.0179954  -0.17223431 -0.44793419 -0.1449724  -0.02835207
 -0.01967263 -0.27146732 -0.16045132 -0.1487259  -0.13306096 -0.24702616
 -0.00521737 -0.13403151 -0.27595096 -0.22562966 -0.0107618  -0.39315424
 -0.09737183]",[-0.11448338],0.28675184695112865
16,12079,"[ 0.01144233  0.0179954  -0.17223431 -0.44793419 -0.1449724  -0.02835207
 -0.01967263 -0.27146732 -0.16045132 -0.1487259  -0.13306096 -0.24702616
 -0.00521737 -0.13403151 -0.27595096 -0.22562966 -0.0107618  -0.39315424
 -0.09737183]",[-0.30405387],-1.1650961391902195
16,12081,"[ 0.01144233  0.0179954  -0.17223431 -0.44793419 -0.1449724  -0.02835207
 -0.01967263 -0.27146732 -0.16045132 -0.1487259  -0.13306096 -0.24702616
 -0.00521737 -0.13403151 -0.27595096 -0.22562966 -0.0107618  -0.39315424
 -0.09737183]",[-0.02831871],0.9466541277913307
16,12083,"[ 0.01144233  0.0179954  -0.17223431 -0.44793419 -0.1449724  -0.02835207
 -0.01967263 -0.27146732 -0.16045132 -0.1487259  -0.13306096 -0.24702616
 -0.00521737 -0.13403151 -0.27595096 -0.22562966 -0.0107618  -0.39315424
 -0.09737183]",[-0.01850735],1.0217955830079615
16,12085,"[ 0.01144233  0.0179954  -0.17223431 -0.44793419 -0.1449724  -0.02835207
 -0.01967263 -0.27146732 -0.16045132 -0.1487259  -0.13306096 -0.24702616
 -0.00521737 -0.13403151 -0.27595096 -0.22562966 -0.0107618  -0.39315424
 -0.09737183]",[-0.0382208],0.8708178610993905
16,12086,"[ 0.01144233  0.0179954  -0.17223431 -0.44793419 -0.1449724  -0.02835207
 -0.01967263 -0.27146732 -0.16045132 -0.1487259  -0.13306096 -0.24702616
 -0.00521737 -0.13403151 -0.27595096 -0.22562966 -0.0107618  -0.39315424
 -0.09737183]",[0.004972],1.2016149573847956
16,12087,"[ 0.01144233  0.0179954  -0.17223431 -0.44793419 -0.1449724  -0.02835207
 -0.01967263 -0.27146732 -0.16045132 -0.1487259  -0.13306096 -0.24702616
 -0.00521737 -0.13403151 -0.27595096 -0.22562966 -0.0107618  -0.39315424
 -0.09737183]",[-0.05132112],0.7704875161762881
16,12089,"[ 0.01144233  0.0179954  -0.17223431 -0.44793419 -0.1449724  -0.02835207
 -0.01967263 -0.27146732 -0.16045132 -0.1487259  -0.13306096 -0.24702616
 -0.00521737 -0.13403151 -0.27595096 -0.22562966 -0.0107618  -0.39315424
 -0.09737183]",[-0.09694137],0.4210994353568418
16,12091,"[ 0.01144233  0.0179954  -0.17223431 -0.44793419 -0.1449724  -0.02835207
 -0.01967263 -0.27146732 -0.16045132 -0.1487259  -0.13306096 -0.24702616
 -0.00521737 -0.13403151 -0.27595096 -0.22562966 -0.0107618  -0.39315424
 -0.09737183]",[-0.00089051],1.156716295315666
16,12093,"[ 0.01144233  0.0179954  -0.17223431 -0.44793419 -0.1449724  -0.02835207
 -0.01967263 -0.27146732 -0.16045132 -0.1487259  -0.13306096 -0.24702616
 -0.00521737 -0.13403151 -0.27595096 -0.22562966 -0.0107618  -0.39315424
 -0.09737183]",[-0.0728574],0.6055493084750779
16,12095,"[ 0.01144233  0.0179954  -0.17223431 -0.44793419 -0.1449724  -0.02835207
 -0.01967263 -0.27146732 -0.16045132 -0.1487259  -0.13306096 -0.24702616
 -0.00521737 -0.13403151 -0.27595096 -0.22562966 -0.0107618  -0.39315424
 -0.09737183]",[-0.00391681],1.133538964181908
16,12097,"[ 0.01144233  0.0179954  -0.17223431 -0.44793419 -0.1449724  -0.02835207
 -0.01967263 -0.27146732 -0.16045132 -0.1487259  -0.13306096 -0.24702616
 -0.00521737 -0.13403151 -0.27595096 -0.22562966 -0.0107618  -0.39315424
 -0.09737183]",[-0.04717209],0.8022633112474189
16,12099,"[ 0.01144233  0.0179954  -0.17223431 -0.44793419 -0.1449724  -0.02835207
 -0.01967263 -0.27146732 -0.16045132 -0.1487259  -0.13306096 -0.24702616
 -0.00521737 -0.13403151 -0.27595096 -0.22562966 -0.0107618  -0.39315424
 -0.09737183]",[-0.00682722],1.1112492597154024
16,12101,"[ 0.01144233  0.0179954  -0.17223431 -0.44793419 -0.1449724  -0.02835207
 -0.01967263 -0.27146732 -0.16045132 -0.1487259  -0.13306096 -0.24702616
 -0.00521737 -0.13403151 -0.27595096 -0.22562966 -0.0107618  -0.39315424
 -0.09737183]",[-0.00885271],1.0957368483430754
16,12103,"[ 0.01144233  0.0179954  -0.17223431 -0.44793419 -0.1449724  -0.02835207
 -0.01967263 -0.27146732 -0.16045132 -0.1487259  -0.13306096 -0.24702616
 -0.00521737 -0.13403151 -0.27595096 -0.22562966 -0.0107618  -0.39315424
 -0.09737183]",[-0.00083656],1.157129487385216
16,12105,"[ 0.01144233  0.0179954  -0.17223431 -0.44793419 -0.1449724  -0.02835207
 -0.01967263 -0.27146732 -0.16045132 -0.1487259  -0.13306096 -0.24702616
 -0.00521737 -0.13403151 -0.27595096 -0.22562966 -0.0107618  -0.39315424
 -0.09737183]",[-0.00429465],1.1306452535177978
16,12107,"[ 0.01144233  0.0179954  -0.17223431 -0.44793419 -0.1449724  -0.02835207
 -0.01967263 -0.27146732 -0.16045132 -0.1487259  -0.13306096 -0.24702616
 -0.00521737 -0.13403151 -0.27595096 -0.22562966 -0.0107618  -0.39315424
 -0.09737183]",[0.02004105],1.3170230995403496
16,12109,"[ 0.01144233  0.0179954  -0.17223431 -0.44793419 -0.1449724  -0.02835207
 -0.01967263 -0.27146732 -0.16045132 -0.1487259  -0.13306096 -0.24702616
 -0.00521737 -0.13403151 -0.27595096 -0.22562966 -0.0107618  -0.39315424
 -0.09737183]",[0.00937911],1.2353673729716845
16,12111,"[ 0.01144233  0.0179954  -0.17223431 -0.44793419 -0.1449724  -0.02835207
 -0.01967263 -0.27146732 -0.16045132 -0.1487259  -0.13306096 -0.24702616
 -0.00521737 -0.13403151 -0.27595096 -0.22562966 -0.0107618  -0.39315424
 -0.09737183]",[0.05860045],1.6123348092737202
16,12113,"[ 0.01144233  0.0179954  -0.17223431 -0.44793419 -0.1449724  -0.02835207
 -0.01967263 -0.27146732 -0.16045132 -0.1487259  -0.13306096 -0.24702616
 -0.00521737 -0.13403151 -0.27595096 -0.22562966 -0.0107618  -0.39315424
 -0.09737183]",[-0.06292971],0.681581697908055
16,12115,"[ 0.01144233  0.0179954  -0.17223431 -0.44793419 -0.1449724  -0.02835207
 -0.01967263 -0.27146732 -0.16045132 -0.1487259  -0.13306096 -0.24702616
 -0.00521737 -0.13403151 -0.27595096 -0.22562966 -0.0107618  -0.39315424
 -0.09737183]",[-0.02256822],0.9906949507171517
16,12117,"[ 0.01144233  0.0179954  -0.17223431 -0.44793419 -0.1449724  -0.02835207
 -0.01967263 -0.27146732 -0.16045132 -0.1487259  -0.13306096 -0.24702616
 -0.00521737 -0.13403151 -0.27595096 -0.22562966 -0.0107618  -0.39315424
 -0.09737183]",[-0.01520143],1.0471143642031366
16,12119,"[ 0.01144233  0.0179954  -0.17223431 -0.44793419 -0.1449724  -0.02835207
 -0.01967263 -0.27146732 -0.16045132 -0.1487259  -0.13306096 -0.24702616
 -0.00521737 -0.13403151 -0.27595096 -0.22562966 -0.0107618  -0.39315424
 -0.09737183]",[-0.04652932],0.8071860292958937
16,12121,"[ 0.01144233  0.0179954  -0.17223431 -0.44793419 -0.1449724  -0.02835207
 -0.01967263 -0.27146732 -0.16045132 -0.1487259  -0.13306096 -0.24702616
 -0.00521737 -0.13403151 -0.27595096 -0.22562966 -0.0107618  -0.39315424
 -0.09737183]",[-0.19202286],-0.30709343072331285
16,12123,"[ 0.01144233  0.0179954  -0.17223431 -0.44793419 -0.1449724  -0.02835207
 -0.01967263 -0.27146732 -0.16045132 -0.1487259  -0.13306096 -0.24702616
 -0.00521737 -0.13403151 -0.27595096 -0.22562966 -0.0107618  -0.39315424
 -0.09737183]",[-0.31962464],-1.2843467516626774
16,12127,"[ 0.01144233  0.0179954  -0.17223431 -0.44793419 -0.1449724  -0.02835207
 -0.01967263 -0.27146732 -0.16045132 -0.1487259  -0.13306096 -0.24702616
 -0.00521737 -0.13403151 -0.27595096 -0.22562966 -0.0107618  -0.39315424
 -0.09737183]",[-0.01378668],1.0579494527396
16,12129,"[ 0.01144233  0.0179954  -0.17223431 -0.44793419 -0.1449724  -0.02835207
 -0.01967263 -0.27146732 -0.16045132 -0.1487259  -0.13306096 -0.24702616
 -0.00521737 -0.13403151 -0.27595096 -0.22562966 -0.0107618  -0.39315424
 -0.09737183]",[-0.29223988],-1.0746173020574379
16,12131,"[ 0.01144233  0.0179954  -0.17223431 -0.44793419 -0.1449724  -0.02835207
 -0.01967263 -0.27146732 -0.16045132 -0.1487259  -0.13306096 -0.24702616
 -0.00521737 -0.13403151 -0.27595096 -0.22562966 -0.0107618  -0.39315424
 -0.09737183]",[-0.05505634],0.7418808570424146
16,12133,"[ 0.01144233  0.0179954  -0.17223431 -0.44793419 -0.1449724  -0.02835207
 -0.01967263 -0.27146732 -0.16045132 -0.1487259  -0.13306096 -0.24702616
 -0.00521737 -0.13403151 -0.27595096 -0.22562966 -0.0107618  -0.39315424
 -0.09737183]",[-0.10102556],0.38982017076758124
16,13001,"[ 0.01144233  0.0179954  -0.17223431 -0.44793419 -0.1449724  -0.02835207
 -0.01967263 -0.27146732 -0.16045132 -0.1487259  -0.13306096 -0.24702616
 -0.00521737 -0.13403151 -0.27595096 -0.22562966 -0.0107618  -0.39315424
 -0.09737183]",[-0.31261463],-1.230659758545614
16,13009,"[ 0.01144233  0.0179954  -0.17223431 -0.44793419 -0.1449724  -0.02835207
 -0.01967263 -0.27146732 -0.16045132 -0.1487259  -0.13306096 -0.24702616
 -0.00521737 -0.13403151 -0.27595096 -0.22562966 -0.0107618  -0.39315424
 -0.09737183]",[-0.18621104],-0.2625829472384626
16,13011,"[ 0.01144233  0.0179954  -0.17223431 -0.44793419 -0.1449724  -0.02835207
 -0.01967263 -0.27146732 -0.16045132 -0.1487259  -0.13306096 -0.24702616
 -0.00521737 -0.13403151 -0.27595096 -0.22562966 -0.0107618  -0.39315424
 -0.09737183]",[-0.31350226],-1.2374577631914874
16,13013,"[ 0.01144233  0.0179954  -0.17223431 -0.44793419 -0.1449724  -0.02835207
 -0.01967263 -0.27146732 -0.16045132 -0.1487259  -0.13306096 -0.24702616
 -0.00521737 -0.13403151 -0.27595096 -0.22562966 -0.0107618  -0.39315424
 -0.09737183]",[-0.09122587],0.4648722159188043
16,13015,"[ 0.01144233  0.0179954  -0.17223431 -0.44793419 -0.1449724  -0.02835207
 -0.01967263 -0.27146732 -0.16045132 -0.1487259  -0.13306096 -0.24702616
 -0.00521737 -0.13403151 -0.27595096 -0.22562966 -0.0107618  -0.39315424
 -0.09737183]",[-0.03983283],0.8584719124102982
16,13017,"[ 0.01144233  0.0179954  -0.17223431 -0.44793419 -0.1449724  -0.02835207
 -0.01967263 -0.27146732 -0.16045132 -0.1487259  -0.13306096 -0.24702616
 -0.00521737 -0.13403151 -0.27595096 -0.22562966 -0.0107618  -0.39315424
 -0.09737183]",[-0.31560029],-1.2535258156242362
16,13019,"[ 0.01144233  0.0179954  -0.17223431 -0.44793419 -0.1449724  -0.02835207
 -0.01967263 -0.27146732 -0.16045132 -0.1487259  -0.13306096 -0.24702616
 -0.00521737 -0.13403151 -0.27595096 -0.22562966 -0.0107618  -0.39315424
 -0.09737183]",[-0.21488504],-0.4821861298288209
16,13021,"[ 0.01144233  0.0179954  -0.17223431 -0.44793419 -0.1449724  -0.02835207
 -0.01967263 -0.27146732 -0.16045132 -0.1487259  -0.13306096 -0.24702616
 -0.00521737 -0.13403151 -0.27595096 -0.22562966 -0.0107618  -0.39315424
 -0.09737183]",[-0.03220525],0.9168886378142486
16,13031,"[ 0.01144233  0.0179954  -0.17223431 -0.44793419 -0.1449724  -0.02835207
 -0.01967263 -0.27146732 -0.16045132 -0.1487259  -0.13306096 -0.24702616
 -0.00521737 -0.13403151 -0.27595096 -0.22562966 -0.0107618  -0.39315424
 -0.09737183]",[-0.03930197],0.8625375692947309
16,13027,"[ 0.01144233  0.0179954  -0.17223431 -0.44793419 -0.1449724  -0.02835207
 -0.01967263 -0.27146732 -0.16045132 -0.1487259  -0.13306096 -0.24702616
 -0.00521737 -0.13403151 -0.27595096 -0.22562966 -0.0107618  -0.39315424
 -0.09737183]",[-0.26153428],-0.8394548327075204
16,13033,"[ 0.01144233  0.0179954  -0.17223431 -0.44793419 -0.1449724  -0.02835207
 -0.01967263 -0.27146732 -0.16045132 -0.1487259  -0.13306096 -0.24702616
 -0.00521737 -0.13403151 -0.27595096 -0.22562966 -0.0107618  -0.39315424
 -0.09737183]",[-0.21298252],-0.4676154683866442
16,13039,"[ 0.01144233  0.0179954  -0.17223431 -0.44793419 -0.1449724  -0.02835207
 -0.01967263 -0.27146732 -0.16045132 -0.1487259  -0.13306096 -0.24702616
 -0.00521737 -0.13403151 -0.27595096 -0.22562966 -0.0107618  -0.39315424
 -0.09737183]",[-0.13099912],0.16026410619391568
16,13045,"[ 0.01144233  0.0179954  -0.17223431 -0.44793419 -0.1449724  -0.02835207
 -0.01967263 -0.27146732 -0.16045132 -0.1487259  -0.13306096 -0.24702616
 -0.00521737 -0.13403151 -0.27595096 -0.22562966 -0.0107618  -0.39315424
 -0.09737183]",[0.01749003],1.2974858428303324
16,13047,"[ 0.01144233  0.0179954  -0.17223431 -0.44793419 -0.1449724  -0.02835207
 -0.01967263 -0.27146732 -0.16045132 -0.1487259  -0.13306096 -0.24702616
 -0.00521737 -0.13403151 -0.27595096 -0.22562966 -0.0107618  -0.39315424
 -0.09737183]",[-0.10836614],0.33360145945118985
16,13053,"[ 0.01144233  0.0179954  -0.17223431 -0.44793419 -0.1449724  -0.02835207
 -0.01967263 -0.27146732 -0.16045132 -0.1487259  -0.13306096 -0.24702616
 -0.00521737 -0.13403151 -0.27595096 -0.22562966 -0.0107618  -0.39315424
 -0.09737183]",[-0.38954941],-1.819873861436824
16,13051,"[ 0.01144233  0.0179954  -0.17223431 -0.44793419 -0.1449724  -0.02835207
 -0.01967263 -0.27146732 -0.16045132 -0.1487259  -0.13306096 -0.24702616
 -0.00521737 -0.13403151 -0.27595096 -0.22562966 -0.0107618  -0.39315424
 -0.09737183]",[0.02104331],1.3246990045088562
16,13055,"[ 0.01144233  0.0179954  -0.17223431 -0.44793419 -0.1449724  -0.02835207
 -0.01967263 -0.27146732 -0.16045132 -0.1487259  -0.13306096 -0.24702616
 -0.00521737 -0.13403151 -0.27595096 -0.22562966 -0.0107618  -0.39315424
 -0.09737183]",[-0.20831393],-0.43186048141281563
16,13057,"[ 0.01144233  0.0179954  -0.17223431 -0.44793419 -0.1449724  -0.02835207
 -0.01967263 -0.27146732 -0.16045132 -0.1487259  -0.13306096 -0.24702616
 -0.00521737 -0.13403151 -0.27595096 -0.22562966 -0.0107618  -0.39315424
 -0.09737183]",[-0.07941156],0.5553535367567781
16,13059,"[ 0.01144233  0.0179954  -0.17223431 -0.44793419 -0.1449724  -0.02835207
 -0.01967263 -0.27146732 -0.16045132 -0.1487259  -0.13306096 -0.24702616
 -0.00521737 -0.13403151 -0.27595096 -0.22562966 -0.0107618  -0.39315424
 -0.09737183]",[-0.03219261],0.9169854484615204
16,13063,"[ 0.01144233  0.0179954  -0.17223431 -0.44793419 -0.1449724  -0.02835207
 -0.01967263 -0.27146732 -0.16045132 -0.1487259  -0.13306096 -0.24702616
 -0.00521737 -0.13403151 -0.27595096 -0.22562966 -0.0107618  -0.39315424
 -0.09737183]",[-0.03235376],0.915751240554319
16,13067,"[ 0.01144233  0.0179954  -0.17223431 -0.44793419 -0.1449724  -0.02835207
 -0.01967263 -0.27146732 -0.16045132 -0.1487259  -0.13306096 -0.24702616
 -0.00521737 -0.13403151 -0.27595096 -0.22562966 -0.0107618  -0.39315424
 -0.09737183]",[0.01487926],1.2774909229597295
16,13069,"[ 0.01144233  0.0179954  -0.17223431 -0.44793419 -0.1449724  -0.02835207
 -0.01967263 -0.27146732 -0.16045132 -0.1487259  -0.13306096 -0.24702616
 -0.00521737 -0.13403151 -0.27595096 -0.22562966 -0.0107618  -0.39315424
 -0.09737183]",[-0.12929474],0.17331730767326906
16,13071,"[ 0.01144233  0.0179954  -0.17223431 -0.44793419 -0.1449724  -0.02835207
 -0.01967263 -0.27146732 -0.16045132 -0.1487259  -0.13306096 -0.24702616
 -0.00521737 -0.13403151 -0.27595096 -0.22562966 -0.0107618  -0.39315424
 -0.09737183]",[-0.10498954],0.3594615326162874
16,13073,"[ 0.01144233  0.0179954  -0.17223431 -0.44793419 -0.1449724  -0.02835207
 -0.01967263 -0.27146732 -0.16045132 -0.1487259  -0.13306096 -0.24702616
 -0.00521737 -0.13403151 -0.27595096 -0.22562966 -0.0107618  -0.39315424
 -0.09737183]",[-0.07194912],0.6125054977080656
16,13075,"[ 0.01144233  0.0179954  -0.17223431 -0.44793419 -0.1449724  -0.02835207
 -0.01967263 -0.27146732 -0.16045132 -0.1487259  -0.13306096 -0.24702616
 -0.00521737 -0.13403151 -0.27595096 -0.22562966 -0.0107618  -0.39315424
 -0.09737183]",[-0.42267944],-2.0736041483883314
16,13077,"[ 0.01144233  0.0179954  -0.17223431 -0.44793419 -0.1449724  -0.02835207
 -0.01967263 -0.27146732 -0.16045132 -0.1487259  -0.13306096 -0.24702616
 -0.00521737 -0.13403151 -0.27595096 -0.22562966 -0.0107618  -0.39315424
 -0.09737183]",[-0.02249982],0.9912188164241421
16,13081,"[ 0.01144233  0.0179954  -0.17223431 -0.44793419 -0.1449724  -0.02835207
 -0.01967263 -0.27146732 -0.16045132 -0.1487259  -0.13306096 -0.24702616
 -0.00521737 -0.13403151 -0.27595096 -0.22562966 -0.0107618  -0.39315424
 -0.09737183]",[-0.07509499],0.5884125196951504
16,13083,"[ 0.01144233  0.0179954  -0.17223431 -0.44793419 -0.1449724  -0.02835207
 -0.01967263 -0.27146732 -0.16045132 -0.1487259  -0.13306096 -0.24702616
 -0.00521737 -0.13403151 -0.27595096 -0.22562966 -0.0107618  -0.39315424
 -0.09737183]",[0.11191474],2.0206486339902425
16,13087,"[ 0.01144233  0.0179954  -0.17223431 -0.44793419 -0.1449724  -0.02835207
 -0.01967263 -0.27146732 -0.16045132 -0.1487259  -0.13306096 -0.24702616
 -0.00521737 -0.13403151 -0.27595096 -0.22562966 -0.0107618  -0.39315424
 -0.09737183]",[-0.15751688],-0.04282527684562565
16,13089,"[ 0.01144233  0.0179954  -0.17223431 -0.44793419 -0.1449724  -0.02835207
 -0.01967263 -0.27146732 -0.16045132 -0.1487259  -0.13306096 -0.24702616
 -0.00521737 -0.13403151 -0.27595096 -0.22562966 -0.0107618  -0.39315424
 -0.09737183]",[-0.00498964],1.1253225679546548
16,13091,"[ 0.01144233  0.0179954  -0.17223431 -0.44793419 -0.1449724  -0.02835207
 -0.01967263 -0.27146732 -0.16045132 -0.1487259  -0.13306096 -0.24702616
 -0.00521737 -0.13403151 -0.27595096 -0.22562966 -0.0107618  -0.39315424
 -0.09737183]",[-0.17238512],-0.15669548777837244
16,13095,"[ 0.01144233  0.0179954  -0.17223431 -0.44793419 -0.1449724  -0.02835207
 -0.01967263 -0.27146732 -0.16045132 -0.1487259  -0.13306096 -0.24702616
 -0.00521737 -0.13403151 -0.27595096 -0.22562966 -0.0107618  -0.39315424
 -0.09737183]",[0.02284205],1.3384749171884802
16,13097,"[ 0.01144233  0.0179954  -0.17223431 -0.44793419 -0.1449724  -0.02835207
 -0.01967263 -0.27146732 -0.16045132 -0.1487259  -0.13306096 -0.24702616
 -0.00521737 -0.13403151 -0.27595096 -0.22562966 -0.0107618  -0.39315424
 -0.09737183]",[-0.07777608],0.5678790151996473
16,13099,"[ 0.01144233  0.0179954  -0.17223431 -0.44793419 -0.1449724  -0.02835207
 -0.01967263 -0.27146732 -0.16045132 -0.1487259  -0.13306096 -0.24702616
 -0.00521737 -0.13403151 -0.27595096 -0.22562966 -0.0107618  -0.39315424
 -0.09737183]",[-0.28848298],-1.0458446803098023
16,13103,"[ 0.01144233  0.0179954  -0.17223431 -0.44793419 -0.1449724  -0.02835207
 -0.01967263 -0.27146732 -0.16045132 -0.1487259  -0.13306096 -0.24702616
 -0.00521737 -0.13403151 -0.27595096 -0.22562966 -0.0107618  -0.39315424
 -0.09737183]",[-0.05575662],0.7365176598321233
16,13105,"[ 0.01144233  0.0179954  -0.17223431 -0.44793419 -0.1449724  -0.02835207
 -0.01967263 -0.27146732 -0.16045132 -0.1487259  -0.13306096 -0.24702616
 -0.00521737 -0.13403151 -0.27595096 -0.22562966 -0.0107618  -0.39315424
 -0.09737183]",[-0.24011473],-0.6754106931209571
16,13107,"[ 0.01144233  0.0179954  -0.17223431 -0.44793419 -0.1449724  -0.02835207
 -0.01967263 -0.27146732 -0.16045132 -0.1487259  -0.13306096 -0.24702616
 -0.00521737 -0.13403151 -0.27595096 -0.22562966 -0.0107618  -0.39315424
 -0.09737183]",[-0.20121664],-0.3775050623762408
16,13111,"[ 0.01144233  0.0179954  -0.17223431 -0.44793419 -0.1449724  -0.02835207
 -0.01967263 -0.27146732 -0.16045132 -0.1487259  -0.13306096 -0.24702616
 -0.00521737 -0.13403151 -0.27595096 -0.22562966 -0.0107618  -0.39315424
 -0.09737183]",[-0.21391083],-0.4747250243102693
16,13113,"[ 0.01144233  0.0179954  -0.17223431 -0.44793419 -0.1449724  -0.02835207
 -0.01967263 -0.27146732 -0.16045132 -0.1487259  -0.13306096 -0.24702616
 -0.00521737 -0.13403151 -0.27595096 -0.22562966 -0.0107618  -0.39315424
 -0.09737183]",[-0.03588928],0.888674066924971
16,13115,"[ 0.01144233  0.0179954  -0.17223431 -0.44793419 -0.1449724  -0.02835207
 -0.01967263 -0.27146732 -0.16045132 -0.1487259  -0.13306096 -0.24702616
 -0.00521737 -0.13403151 -0.27595096 -0.22562966 -0.0107618  -0.39315424
 -0.09737183]",[-0.06989909],0.6282058624646337
16,13119,"[ 0.01144233  0.0179954  -0.17223431 -0.44793419 -0.1449724  -0.02835207
 -0.01967263 -0.27146732 -0.16045132 -0.1487259  -0.13306096 -0.24702616
 -0.00521737 -0.13403151 -0.27595096 -0.22562966 -0.0107618  -0.39315424
 -0.09737183]",[-0.4087503],-1.966926125417346
16,13117,"[ 0.01144233  0.0179954  -0.17223431 -0.44793419 -0.1449724  -0.02835207
 -0.01967263 -0.27146732 -0.16045132 -0.1487259  -0.13306096 -0.24702616
 -0.00521737 -0.13403151 -0.27595096 -0.22562966 -0.0107618  -0.39315424
 -0.09737183]",[-0.00066818],1.158419030003214
16,13121,"[ 0.01144233  0.0179954  -0.17223431 -0.44793419 -0.1449724  -0.02835207
 -0.01967263 -0.27146732 -0.16045132 -0.1487259  -0.13306096 -0.24702616
 -0.00521737 -0.13403151 -0.27595096 -0.22562966 -0.0107618  -0.39315424
 -0.09737183]",[0.01948265],1.3127465106622813
16,13123,"[ 0.01144233  0.0179954  -0.17223431 -0.44793419 -0.1449724  -0.02835207
 -0.01967263 -0.27146732 -0.16045132 -0.1487259  -0.13306096 -0.24702616
 -0.00521737 -0.13403151 -0.27595096 -0.22562966 -0.0107618  -0.39315424
 -0.09737183]",[-0.32652694],-1.3372088406970382
16,13127,"[ 0.01144233  0.0179954  -0.17223431 -0.44793419 -0.1449724  -0.02835207
 -0.01967263 -0.27146732 -0.16045132 -0.1487259  -0.13306096 -0.24702616
 -0.00521737 -0.13403151 -0.27595096 -0.22562966 -0.0107618  -0.39315424
 -0.09737183]",[-0.04838122],0.7930030374076652
16,13129,"[ 0.01144233  0.0179954  -0.17223431 -0.44793419 -0.1449724  -0.02835207
 -0.01967263 -0.27146732 -0.16045132 -0.1487259  -0.13306096 -0.24702616
 -0.00521737 -0.13403151 -0.27595096 -0.22562966 -0.0107618  -0.39315424
 -0.09737183]",[-0.13735824],0.1115619956290749
16,13131,"[ 0.01144233  0.0179954  -0.17223431 -0.44793419 -0.1449724  -0.02835207
 -0.01967263 -0.27146732 -0.16045132 -0.1487259  -0.13306096 -0.24702616
 -0.00521737 -0.13403151 -0.27595096 -0.22562966 -0.0107618  -0.39315424
 -0.09737183]",[-0.22729484],-0.5772280992450306
16,13133,"[ 0.01144233  0.0179954  -0.17223431 -0.44793419 -0.1449724  -0.02835207
 -0.01967263 -0.27146732 -0.16045132 -0.1487259  -0.13306096 -0.24702616
 -0.00521737 -0.13403151 -0.27595096 -0.22562966 -0.0107618  -0.39315424
 -0.09737183]",[-0.2471319],-0.7291525218606907
16,13137,"[ 0.01144233  0.0179954  -0.17223431 -0.44793419 -0.1449724  -0.02835207
 -0.01967263 -0.27146732 -0.16045132 -0.1487259  -0.13306096 -0.24702616
 -0.00521737 -0.13403151 -0.27595096 -0.22562966 -0.0107618  -0.39315424
 -0.09737183]",[-0.1746412],-0.17397390293940954
16,13135,"[ 0.01144233  0.0179954  -0.17223431 -0.44793419 -0.1449724  -0.02835207
 -0.01967263 -0.27146732 -0.16045132 -0.1487259  -0.13306096 -0.24702616
 -0.00521737 -0.13403151 -0.27595096 -0.22562966 -0.0107618  -0.39315424
 -0.09737183]",[0.0154824],1.2821100973458086
16,13139,"[ 0.01144233  0.0179954  -0.17223431 -0.44793419 -0.1449724  -0.02835207
 -0.01967263 -0.27146732 -0.16045132 -0.1487259  -0.13306096 -0.24702616
 -0.00521737 -0.13403151 -0.27595096 -0.22562966 -0.0107618  -0.39315424
 -0.09737183]",[-0.0505799],0.7761641845602969
16,13143,"[ 0.01144233  0.0179954  -0.17223431 -0.44793419 -0.1449724  -0.02835207
 -0.01967263 -0.27146732 -0.16045132 -0.1487259  -0.13306096 -0.24702616
 -0.00521737 -0.13403151 -0.27595096 -0.22562966 -0.0107618  -0.39315424
 -0.09737183]",[-0.19821826],-0.3545415989444165
16,13145,"[ 0.01144233  0.0179954  -0.17223431 -0.44793419 -0.1449724  -0.02835207
 -0.01967263 -0.27146732 -0.16045132 -0.1487259  -0.13306096 -0.24702616
 -0.00521737 -0.13403151 -0.27595096 -0.22562966 -0.0107618  -0.39315424
 -0.09737183]",[-0.25157402],-0.7631730302339076
16,13147,"[ 0.01144233  0.0179954  -0.17223431 -0.44793419 -0.1449724  -0.02835207
 -0.01967263 -0.27146732 -0.16045132 -0.1487259  -0.13306096 -0.24702616
 -0.00521737 -0.13403151 -0.27595096 -0.22562966 -0.0107618  -0.39315424
 -0.09737183]",[-0.29655558],-1.1076696025915298
16,13151,"[ 0.01144233  0.0179954  -0.17223431 -0.44793419 -0.1449724  -0.02835207
 -0.01967263 -0.27146732 -0.16045132 -0.1487259  -0.13306096 -0.24702616
 -0.00521737 -0.13403151 -0.27595096 -0.22562966 -0.0107618  -0.39315424
 -0.09737183]",[-0.0235641],0.9830678854843325
16,13157,"[ 0.01144233  0.0179954  -0.17223431 -0.44793419 -0.1449724  -0.02835207
 -0.01967263 -0.27146732 -0.16045132 -0.1487259  -0.13306096 -0.24702616
 -0.00521737 -0.13403151 -0.27595096 -0.22562966 -0.0107618  -0.39315424
 -0.09737183]",[-0.12796453],0.18350486143714148
16,13153,"[ 0.01144233  0.0179954  -0.17223431 -0.44793419 -0.1449724  -0.02835207
 -0.01967263 -0.27146732 -0.16045132 -0.1487259  -0.13306096 -0.24702616
 -0.00521737 -0.13403151 -0.27595096 -0.22562966 -0.0107618  -0.39315424
 -0.09737183]",[-0.06312437],0.6800908965813905
16,13163,"[ 0.01144233  0.0179954  -0.17223431 -0.44793419 -0.1449724  -0.02835207
 -0.01967263 -0.27146732 -0.16045132 -0.1487259  -0.13306096 -0.24702616
 -0.00521737 -0.13403151 -0.27595096 -0.22562966 -0.0107618  -0.39315424
 -0.09737183]",[-0.40898637],-1.9687341302612442
16,13169,"[ 0.01144233  0.0179954  -0.17223431 -0.44793419 -0.1449724  -0.02835207
 -0.01967263 -0.27146732 -0.16045132 -0.1487259  -0.13306096 -0.24702616
 -0.00521737 -0.13403151 -0.27595096 -0.22562966 -0.0107618  -0.39315424
 -0.09737183]",[-0.29838264],-1.1216624161818938
16,13175,"[ 0.01144233  0.0179954  -0.17223431 -0.44793419 -0.1449724  -0.02835207
 -0.01967263 -0.27146732 -0.16045132 -0.1487259  -0.13306096 -0.24702616
 -0.00521737 -0.13403151 -0.27595096 -0.22562966 -0.0107618  -0.39315424
 -0.09737183]",[-0.0976802],0.4154409513019546
16,13177,"[ 0.01144233  0.0179954  -0.17223431 -0.44793419 -0.1449724  -0.02835207
 -0.01967263 -0.27146732 -0.16045132 -0.1487259  -0.13306096 -0.24702616
 -0.00521737 -0.13403151 -0.27595096 -0.22562966 -0.0107618  -0.39315424
 -0.09737183]",[-0.3039904],-1.1646100670707424
16,13179,"[ 0.01144233  0.0179954  -0.17223431 -0.44793419 -0.1449724  -0.02835207
 -0.01967263 -0.27146732 -0.16045132 -0.1487259  -0.13306096 -0.24702616
 -0.00521737 -0.13403151 -0.27595096 -0.22562966 -0.0107618  -0.39315424
 -0.09737183]",[-0.08099157],0.5432528597428496
16,13185,"[ 0.01144233  0.0179954  -0.17223431 -0.44793419 -0.1449724  -0.02835207
 -0.01967263 -0.27146732 -0.16045132 -0.1487259  -0.13306096 -0.24702616
 -0.00521737 -0.13403151 -0.27595096 -0.22562966 -0.0107618  -0.39315424
 -0.09737183]",[0.0367521],1.4450066656163938
16,13187,"[ 0.01144233  0.0179954  -0.17223431 -0.44793419 -0.1449724  -0.02835207
 -0.01967263 -0.27146732 -0.16045132 -0.1487259  -0.13306096 -0.24702616
 -0.00521737 -0.13403151 -0.27595096 -0.22562966 -0.0107618  -0.39315424
 -0.09737183]",[-0.27549153],-0.9463481033829764
16,13189,"[ 0.01144233  0.0179954  -0.17223431 -0.44793419 -0.1449724  -0.02835207
 -0.01967263 -0.27146732 -0.16045132 -0.1487259  -0.13306096 -0.24702616
 -0.00521737 -0.13403151 -0.27595096 -0.22562966 -0.0107618  -0.39315424
 -0.09737183]",[-0.19375173],-0.3203341874503809
16,13193,"[ 0.01144233  0.0179954  -0.17223431 -0.44793419 -0.1449724  -0.02835207
 -0.01967263 -0.27146732 -0.16045132 -0.1487259  -0.13306096 -0.24702616
 -0.00521737 -0.13403151 -0.27595096 -0.22562966 -0.0107618  -0.39315424
 -0.09737183]",[-0.3427574],-1.4615117033474143
16,13195,"[ 0.01144233  0.0179954  -0.17223431 -0.44793419 -0.1449724  -0.02835207
 -0.01967263 -0.27146732 -0.16045132 -0.1487259  -0.13306096 -0.24702616
 -0.00521737 -0.13403151 -0.27595096 -0.22562966 -0.0107618  -0.39315424
 -0.09737183]",[-0.15199151],-0.000508609569871211
16,13199,"[ 0.01144233  0.0179954  -0.17223431 -0.44793419 -0.1449724  -0.02835207
 -0.01967263 -0.27146732 -0.16045132 -0.1487259  -0.13306096 -0.24702616
 -0.00521737 -0.13403151 -0.27595096 -0.22562966 -0.0107618  -0.39315424
 -0.09737183]",[-0.43903403],-2.1988576577474004
16,13205,"[ 0.01144233  0.0179954  -0.17223431 -0.44793419 -0.1449724  -0.02835207
 -0.01967263 -0.27146732 -0.16045132 -0.1487259  -0.13306096 -0.24702616
 -0.00521737 -0.13403151 -0.27595096 -0.22562966 -0.0107618  -0.39315424
 -0.09737183]",[-0.33745566],-1.4209077225046525
16,13207,"[ 0.01144233  0.0179954  -0.17223431 -0.44793419 -0.1449724  -0.02835207
 -0.01967263 -0.27146732 -0.16045132 -0.1487259  -0.13306096 -0.24702616
 -0.00521737 -0.13403151 -0.27595096 -0.22562966 -0.0107618  -0.39315424
 -0.09737183]",[-0.1935379],-0.3186965771336595
16,13211,"[ 0.01144233  0.0179954  -0.17223431 -0.44793419 -0.1449724  -0.02835207
 -0.01967263 -0.27146732 -0.16045132 -0.1487259  -0.13306096 -0.24702616
 -0.00521737 -0.13403151 -0.27595096 -0.22562966 -0.0107618  -0.39315424
 -0.09737183]",[-0.28631485],-1.0292397523917596
16,13213,"[ 0.01144233  0.0179954  -0.17223431 -0.44793419 -0.1449724  -0.02835207
 -0.01967263 -0.27146732 -0.16045132 -0.1487259  -0.13306096 -0.24702616
 -0.00521737 -0.13403151 -0.27595096 -0.22562966 -0.0107618  -0.39315424
 -0.09737183]",[-0.15680421],-0.03736719967996877
16,13215,"[ 0.01144233  0.0179954  -0.17223431 -0.44793419 -0.1449724  -0.02835207
 -0.01967263 -0.27146732 -0.16045132 -0.1487259  -0.13306096 -0.24702616
 -0.00521737 -0.13403151 -0.27595096 -0.22562966 -0.0107618  -0.39315424
 -0.09737183]",[-0.02493061],0.9726022878400936
16,13217,"[ 0.01144233  0.0179954  -0.17223431 -0.44793419 -0.1449724  -0.02835207
 -0.01967263 -0.27146732 -0.16045132 -0.1487259  -0.13306096 -0.24702616
 -0.00521737 -0.13403151 -0.27595096 -0.22562966 -0.0107618  -0.39315424
 -0.09737183]",[-0.09054364],0.4700971926574255
16,13219,"[ 0.01144233  0.0179954  -0.17223431 -0.44793419 -0.1449724  -0.02835207
 -0.01967263 -0.27146732 -0.16045132 -0.1487259  -0.13306096 -0.24702616
 -0.00521737 -0.13403151 -0.27595096 -0.22562966 -0.0107618  -0.39315424
 -0.09737183]",[-0.14411695],0.05979965336099853
16,13221,"[ 0.01144233  0.0179954  -0.17223431 -0.44793419 -0.1449724  -0.02835207
 -0.01967263 -0.27146732 -0.16045132 -0.1487259  -0.13306096 -0.24702616
 -0.00521737 -0.13403151 -0.27595096 -0.22562966 -0.0107618  -0.39315424
 -0.09737183]",[-0.27740955],-0.9610374807992834
16,13223,"[ 0.01144233  0.0179954  -0.17223431 -0.44793419 -0.1449724  -0.02835207
 -0.01967263 -0.27146732 -0.16045132 -0.1487259  -0.13306096 -0.24702616
 -0.00521737 -0.13403151 -0.27595096 -0.22562966 -0.0107618  -0.39315424
 -0.09737183]",[-0.0390351],0.8645814170291176
16,13225,"[ 0.01144233  0.0179954  -0.17223431 -0.44793419 -0.1449724  -0.02835207
 -0.01967263 -0.27146732 -0.16045132 -0.1487259  -0.13306096 -0.24702616
 -0.00521737 -0.13403151 -0.27595096 -0.22562966 -0.0107618  -0.39315424
 -0.09737183]",[-0.25832477],-0.814874463662242
16,13229,"[ 0.01144233  0.0179954  -0.17223431 -0.44793419 -0.1449724  -0.02835207
 -0.01967263 -0.27146732 -0.16045132 -0.1487259  -0.13306096 -0.24702616
 -0.00521737 -0.13403151 -0.27595096 -0.22562966 -0.0107618  -0.39315424
 -0.09737183]",[-0.28561244],-1.0238602707695723
16,13227,"[ 0.01144233  0.0179954  -0.17223431 -0.44793419 -0.1449724  -0.02835207
 -0.01967263 -0.27146732 -0.16045132 -0.1487259  -0.13306096 -0.24702616
 -0.00521737 -0.13403151 -0.27595096 -0.22562966 -0.0107618  -0.39315424
 -0.09737183]",[-0.27972468],-0.9787681685296349
16,13231,"[ 0.01144233  0.0179954  -0.17223431 -0.44793419 -0.1449724  -0.02835207
 -0.01967263 -0.27146732 -0.16045132 -0.1487259  -0.13306096 -0.24702616
 -0.00521737 -0.13403151 -0.27595096 -0.22562966 -0.0107618  -0.39315424
 -0.09737183]",[-0.40280767],-1.9214138110419348
16,13233,"[ 0.01144233  0.0179954  -0.17223431 -0.44793419 -0.1449724  -0.02835207
 -0.01967263 -0.27146732 -0.16045132 -0.1487259  -0.13306096 -0.24702616
 -0.00521737 -0.13403151 -0.27595096 -0.22562966 -0.0107618  -0.39315424
 -0.09737183]",[-0.23948686],-0.6706020887929103
16,13237,"[ 0.01144233  0.0179954  -0.17223431 -0.44793419 -0.1449724  -0.02835207
 -0.01967263 -0.27146732 -0.16045132 -0.1487259  -0.13306096 -0.24702616
 -0.00521737 -0.13403151 -0.27595096 -0.22562966 -0.0107618  -0.39315424
 -0.09737183]",[-0.14448204],0.05700357429725916
16,13241,"[ 0.01144233  0.0179954  -0.17223431 -0.44793419 -0.1449724  -0.02835207
 -0.01967263 -0.27146732 -0.16045132 -0.1487259  -0.13306096 -0.24702616
 -0.00521737 -0.13403151 -0.27595096 -0.22562966 -0.0107618  -0.39315424
 -0.09737183]",[-0.28746809],-1.0380719932070817
16,13245,"[ 0.01144233  0.0179954  -0.17223431 -0.44793419 -0.1449724  -0.02835207
 -0.01967263 -0.27146732 -0.16045132 -0.1487259  -0.13306096 -0.24702616
 -0.00521737 -0.13403151 -0.27595096 -0.22562966 -0.0107618  -0.39315424
 -0.09737183]",[-0.01696799],1.0335850227854964
16,13247,"[ 0.01144233  0.0179954  -0.17223431 -0.44793419 -0.1449724  -0.02835207
 -0.01967263 -0.27146732 -0.16045132 -0.1487259  -0.13306096 -0.24702616
 -0.00521737 -0.13403151 -0.27595096 -0.22562966 -0.0107618  -0.39315424
 -0.09737183]",[-0.0513318],0.7704056876741696
16,13251,"[ 0.01144233  0.0179954  -0.17223431 -0.44793419 -0.1449724  -0.02835207
 -0.01967263 -0.27146732 -0.16045132 -0.1487259  -0.13306096 -0.24702616
 -0.00521737 -0.13403151 -0.27595096 -0.22562966 -0.0107618  -0.39315424
 -0.09737183]",[-0.19875761],-0.35867233688030314
16,13255,"[ 0.01144233  0.0179954  -0.17223431 -0.44793419 -0.1449724  -0.02835207
 -0.01967263 -0.27146732 -0.16045132 -0.1487259  -0.13306096 -0.24702616
 -0.00521737 -0.13403151 -0.27595096 -0.22562966 -0.0107618  -0.39315424
 -0.09737183]",[-0.02751246],0.9528289235833982
16,13257,"[ 0.01144233  0.0179954  -0.17223431 -0.44793419 -0.1449724  -0.02835207
 -0.01967263 -0.27146732 -0.16045132 -0.1487259  -0.13306096 -0.24702616
 -0.00521737 -0.13403151 -0.27595096 -0.22562966 -0.0107618  -0.39315424
 -0.09737183]",[-0.31140345],-1.221383804319082
16,13267,"[ 0.01144233  0.0179954  -0.17223431 -0.44793419 -0.1449724  -0.02835207
 -0.01967263 -0.27146732 -0.16045132 -0.1487259  -0.13306096 -0.24702616
 -0.00521737 -0.13403151 -0.27595096 -0.22562966 -0.0107618  -0.39315424
 -0.09737183]",[-0.286447],-1.0302518547126578
16,13261,"[ 0.01144233  0.0179954  -0.17223431 -0.44793419 -0.1449724  -0.02835207
 -0.01967263 -0.27146732 -0.16045132 -0.1487259  -0.13306096 -0.24702616
 -0.00521737 -0.13403151 -0.27595096 -0.22562966 -0.0107618  -0.39315424
 -0.09737183]",[-0.16222151],-0.0788562444657458
16,13273,"[ 0.01144233  0.0179954  -0.17223431 -0.44793419 -0.1449724  -0.02835207
 -0.01967263 -0.27146732 -0.16045132 -0.1487259  -0.13306096 -0.24702616
 -0.00521737 -0.13403151 -0.27595096 -0.22562966 -0.0107618  -0.39315424
 -0.09737183]",[-0.23566494],-0.6413314549559483
16,13277,"[ 0.01144233  0.0179954  -0.17223431 -0.44793419 -0.1449724  -0.02835207
 -0.01967263 -0.27146732 -0.16045132 -0.1487259  -0.13306096 -0.24702616
 -0.00521737 -0.13403151 -0.27595096 -0.22562966 -0.0107618  -0.39315424
 -0.09737183]",[-0.13032814],0.1654028495089425
16,13275,"[ 0.01144233  0.0179954  -0.17223431 -0.44793419 -0.1449724  -0.02835207
 -0.01967263 -0.27146732 -0.16045132 -0.1487259  -0.13306096 -0.24702616
 -0.00521737 -0.13403151 -0.27595096 -0.22562966 -0.0107618  -0.39315424
 -0.09737183]",[-0.16802444],-0.12329865965845248
16,13279,"[ 0.01144233  0.0179954  -0.17223431 -0.44793419 -0.1449724  -0.02835207
 -0.01967263 -0.27146732 -0.16045132 -0.1487259  -0.13306096 -0.24702616
 -0.00521737 -0.13403151 -0.27595096 -0.22562966 -0.0107618  -0.39315424
 -0.09737183]",[-0.1430375],0.06806670226793098
16,13285,"[ 0.01144233  0.0179954  -0.17223431 -0.44793419 -0.1449724  -0.02835207
 -0.01967263 -0.27146732 -0.16045132 -0.1487259  -0.13306096 -0.24702616
 -0.00521737 -0.13403151 -0.27595096 -0.22562966 -0.0107618  -0.39315424
 -0.09737183]",[-0.04904883],0.7878900964934449
16,13291,"[ 0.01144233  0.0179954  -0.17223431 -0.44793419 -0.1449724  -0.02835207
 -0.01967263 -0.27146732 -0.16045132 -0.1487259  -0.13306096 -0.24702616
 -0.00521737 -0.13403151 -0.27595096 -0.22562966 -0.0107618  -0.39315424
 -0.09737183]",[-0.21418897],-0.47685520863265335
16,13293,"[ 0.01144233  0.0179954  -0.17223431 -0.44793419 -0.1449724  -0.02835207
 -0.01967263 -0.27146732 -0.16045132 -0.1487259  -0.13306096 -0.24702616
 -0.00521737 -0.13403151 -0.27595096 -0.22562966 -0.0107618  -0.39315424
 -0.09737183]",[-0.23362569],-0.625713647751599
16,13295,"[ 0.01144233  0.0179954  -0.17223431 -0.44793419 -0.1449724  -0.02835207
 -0.01967263 -0.27146732 -0.16045132 -0.1487259  -0.13306096 -0.24702616
 -0.00521737 -0.13403151 -0.27595096 -0.22562966 -0.0107618  -0.39315424
 -0.09737183]",[-0.11717745],0.26611895505741373
16,13297,"[ 0.01144233  0.0179954  -0.17223431 -0.44793419 -0.1449724  -0.02835207
 -0.01967263 -0.27146732 -0.16045132 -0.1487259  -0.13306096 -0.24702616
 -0.00521737 -0.13403151 -0.27595096 -0.22562966 -0.0107618  -0.39315424
 -0.09737183]",[-0.03378812],0.9047660169491718
16,13299,"[ 0.01144233  0.0179954  -0.17223431 -0.44793419 -0.1449724  -0.02835207
 -0.01967263 -0.27146732 -0.16045132 -0.1487259  -0.13306096 -0.24702616
 -0.00521737 -0.13403151 -0.27595096 -0.22562966 -0.0107618  -0.39315424
 -0.09737183]",[-0.04885263],0.7893927353926151
16,13303,"[ 0.01144233  0.0179954  -0.17223431 -0.44793419 -0.1449724  -0.02835207
 -0.01967263 -0.27146732 -0.16045132 -0.1487259  -0.13306096 -0.24702616
 -0.00521737 -0.13403151 -0.27595096 -0.22562966 -0.0107618  -0.39315424
 -0.09737183]",[-0.26369421],-0.8559969677060596
16,13305,"[ 0.01144233  0.0179954  -0.17223431 -0.44793419 -0.1449724  -0.02835207
 -0.01967263 -0.27146732 -0.16045132 -0.1487259  -0.13306096 -0.24702616
 -0.00521737 -0.13403151 -0.27595096 -0.22562966 -0.0107618  -0.39315424
 -0.09737183]",[-0.12328144],0.21937086484536195
16,13311,"[ 0.01144233  0.0179954  -0.17223431 -0.44793419 -0.1449724  -0.02835207
 -0.01967263 -0.27146732 -0.16045132 -0.1487259  -0.13306096 -0.24702616
 -0.00521737 -0.13403151 -0.27595096 -0.22562966 -0.0107618  -0.39315424
 -0.09737183]",[-0.18786027],-0.2752137777512111
16,13313,"[ 0.01144233  0.0179954  -0.17223431 -0.44793419 -0.1449724  -0.02835207
 -0.01967263 -0.27146732 -0.16045132 -0.1487259  -0.13306096 -0.24702616
 -0.00521737 -0.13403151 -0.27595096 -0.22562966 -0.0107618  -0.39315424
 -0.09737183]",[-0.04617583],0.8098932938720124
16,13315,"[ 0.01144233  0.0179954  -0.17223431 -0.44793419 -0.1449724  -0.02835207
 -0.01967263 -0.27146732 -0.16045132 -0.1487259  -0.13306096 -0.24702616
 -0.00521737 -0.13403151 -0.27595096 -0.22562966 -0.0107618  -0.39315424
 -0.09737183]",[-0.24984775],-0.7499521817677471
16,13317,"[ 0.01144233  0.0179954  -0.17223431 -0.44793419 -0.1449724  -0.02835207
 -0.01967263 -0.27146732 -0.16045132 -0.1487259  -0.13306096 -0.24702616
 -0.00521737 -0.13403151 -0.27595096 -0.22562966 -0.0107618  -0.39315424
 -0.09737183]",[-0.33170969],-1.3769015000867413
16,13321,"[ 0.01144233  0.0179954  -0.17223431 -0.44793419 -0.1449724  -0.02835207
 -0.01967263 -0.27146732 -0.16045132 -0.1487259  -0.13306096 -0.24702616
 -0.00521737 -0.13403151 -0.27595096 -0.22562966 -0.0107618  -0.39315424
 -0.09737183]",[-0.37074165],-1.6758324182309652
16,17003,"[ 0.01144233  0.0179954  -0.17223431 -0.44793419 -0.1449724  -0.02835207
 -0.01967263 -0.27146732 -0.16045132 -0.1487259  -0.13306096 -0.24702616
 -0.00521737 -0.13403151 -0.27595096 -0.22562966 -0.0107618  -0.39315424
 -0.09737183]",[-0.30835953],-1.1980716093286052
16,17001,"[ 0.01144233  0.0179954  -0.17223431 -0.44793419 -0.1449724  -0.02835207
 -0.01967263 -0.27146732 -0.16045132 -0.1487259  -0.13306096 -0.24702616
 -0.00521737 -0.13403151 -0.27595096 -0.22562966 -0.0107618  -0.39315424
 -0.09737183]",[-0.03174437],0.920418346963698
16,17005,"[ 0.01144233  0.0179954  -0.17223431 -0.44793419 -0.1449724  -0.02835207
 -0.01967263 -0.27146732 -0.16045132 -0.1487259  -0.13306096 -0.24702616
 -0.00521737 -0.13403151 -0.27595096 -0.22562966 -0.0107618  -0.39315424
 -0.09737183]",[-0.26370217],-0.8560579188206193
16,17007,"[ 0.01144233  0.0179954  -0.17223431 -0.44793419 -0.1449724  -0.02835207
 -0.01967263 -0.27146732 -0.16045132 -0.1487259  -0.13306096 -0.24702616
 -0.00521737 -0.13403151 -0.27595096 -0.22562966 -0.0107618  -0.39315424
 -0.09737183]",[-0.16524847],-0.10203859583707436
16,17011,"[ 0.01144233  0.0179954  -0.17223431 -0.44793419 -0.1449724  -0.02835207
 -0.01967263 -0.27146732 -0.16045132 -0.1487259  -0.13306096 -0.24702616
 -0.00521737 -0.13403151 -0.27595096 -0.22562966 -0.0107618  -0.39315424
 -0.09737183]",[-0.21986523],-0.5203275150755104
16,17015,"[ 0.01144233  0.0179954  -0.17223431 -0.44793419 -0.1449724  -0.02835207
 -0.01967263 -0.27146732 -0.16045132 -0.1487259  -0.13306096 -0.24702616
 -0.00521737 -0.13403151 -0.27595096 -0.22562966 -0.0107618  -0.39315424
 -0.09737183]",[-0.20877915],-0.43542348492579863
16,17017,"[ 0.01144233  0.0179954  -0.17223431 -0.44793419 -0.1449724  -0.02835207
 -0.01967263 -0.27146732 -0.16045132 -0.1487259  -0.13306096 -0.24702616
 -0.00521737 -0.13403151 -0.27595096 -0.22562966 -0.0107618  -0.39315424
 -0.09737183]",[-0.11719772],0.26596375398359573
16,17019,"[ 0.01144233  0.0179954  -0.17223431 -0.44793419 -0.1449724  -0.02835207
 -0.01967263 -0.27146732 -0.16045132 -0.1487259  -0.13306096 -0.24702616
 -0.00521737 -0.13403151 -0.27595096 -0.22562966 -0.0107618  -0.39315424
 -0.09737183]",[-0.01026147],1.0849476832510854
16,17021,"[ 0.01144233  0.0179954  -0.17223431 -0.44793419 -0.1449724  -0.02835207
 -0.01967263 -0.27146732 -0.16045132 -0.1487259  -0.13306096 -0.24702616
 -0.00521737 -0.13403151 -0.27595096 -0.22562966 -0.0107618  -0.39315424
 -0.09737183]",[-0.18546479],-0.25686768040444324
16,17023,"[ 0.01144233  0.0179954  -0.17223431 -0.44793419 -0.1449724  -0.02835207
 -0.01967263 -0.27146732 -0.16045132 -0.1487259  -0.13306096 -0.24702616
 -0.00521737 -0.13403151 -0.27595096 -0.22562966 -0.0107618  -0.39315424
 -0.09737183]",[-0.64514238],-3.777362840075242
16,17027,"[ 0.01144233  0.0179954  -0.17223431 -0.44793419 -0.1449724  -0.02835207
 -0.01967263 -0.27146732 -0.16045132 -0.1487259  -0.13306096 -0.24702616
 -0.00521737 -0.13403151 -0.27595096 -0.22562966 -0.0107618  -0.39315424
 -0.09737183]",[-0.18719189],-0.2700948528184219
16,17025,"[ 0.01144233  0.0179954  -0.17223431 -0.44793419 -0.1449724  -0.02835207
 -0.01967263 -0.27146732 -0.16045132 -0.1487259  -0.13306096 -0.24702616
 -0.00521737 -0.13403151 -0.27595096 -0.22562966 -0.0107618  -0.39315424
 -0.09737183]",[0.03255242],1.412842894676459
16,17029,"[ 0.01144233  0.0179954  -0.17223431 -0.44793419 -0.1449724  -0.02835207
 -0.01967263 -0.27146732 -0.16045132 -0.1487259  -0.13306096 -0.24702616
 -0.00521737 -0.13403151 -0.27595096 -0.22562966 -0.0107618  -0.39315424
 -0.09737183]",[0.29895249],3.4530993263454905
16,17031,"[ 0.01144233  0.0179954  -0.17223431 -0.44793419 -0.1449724  -0.02835207
 -0.01967263 -0.27146732 -0.16045132 -0.1487259  -0.13306096 -0.24702616
 -0.00521737 -0.13403151 -0.27595096 -0.22562966 -0.0107618  -0.39315424
 -0.09737183]",[0.00867744],1.229993505670559
16,17033,"[ 0.01144233  0.0179954  -0.17223431 -0.44793419 -0.1449724  -0.02835207
 -0.01967263 -0.27146732 -0.16045132 -0.1487259  -0.13306096 -0.24702616
 -0.00521737 -0.13403151 -0.27595096 -0.22562966 -0.0107618  -0.39315424
 -0.09737183]",[-0.31182994],-1.2246501041216113
16,17037,"[ 0.01144233  0.0179954  -0.17223431 -0.44793419 -0.1449724  -0.02835207
 -0.01967263 -0.27146732 -0.16045132 -0.1487259  -0.13306096 -0.24702616
 -0.00521737 -0.13403151 -0.27595096 -0.22562966 -0.0107618  -0.39315424
 -0.09737183]",[0.01331241],1.2654909961550147
16,17039,"[ 0.01144233  0.0179954  -0.17223431 -0.44793419 -0.1449724  -0.02835207
 -0.01967263 -0.27146732 -0.16045132 -0.1487259  -0.13306096 -0.24702616
 -0.00521737 -0.13403151 -0.27595096 -0.22562966 -0.0107618  -0.39315424
 -0.09737183]",[-0.28890478],-1.0490750592787241
16,17041,"[ 0.01144233  0.0179954  -0.17223431 -0.44793419 -0.1449724  -0.02835207
 -0.01967263 -0.27146732 -0.16045132 -0.1487259  -0.13306096 -0.24702616
 -0.00521737 -0.13403151 -0.27595096 -0.22562966 -0.0107618  -0.39315424
 -0.09737183]",[-0.2849641],-1.0188949356236254
16,17043,"[ 0.01144233  0.0179954  -0.17223431 -0.44793419 -0.1449724  -0.02835207
 -0.01967263 -0.27146732 -0.16045132 -0.1487259  -0.13306096 -0.24702616
 -0.00521737 -0.13403151 -0.27595096 -0.22562966 -0.0107618  -0.39315424
 -0.09737183]",[0.00777801],1.2231051343361807
16,17045,"[ 0.01144233  0.0179954  -0.17223431 -0.44793419 -0.1449724  -0.02835207
 -0.01967263 -0.27146732 -0.16045132 -0.1487259  -0.13306096 -0.24702616
 -0.00521737 -0.13403151 -0.27595096 -0.22562966 -0.0107618  -0.39315424
 -0.09737183]",[-0.11473249],0.2848440272820861
16,17049,"[ 0.01144233  0.0179954  -0.17223431 -0.44793419 -0.1449724  -0.02835207
 -0.01967263 -0.27146732 -0.16045132 -0.1487259  -0.13306096 -0.24702616
 -0.00521737 -0.13403151 -0.27595096 -0.22562966 -0.0107618  -0.39315424
 -0.09737183]",[-0.19383591],-0.3209789054697927
16,17051,"[ 0.01144233  0.0179954  -0.17223431 -0.44793419 -0.1449724  -0.02835207
 -0.01967263 -0.27146732 -0.16045132 -0.1487259  -0.13306096 -0.24702616
 -0.00521737 -0.13403151 -0.27595096 -0.22562966 -0.0107618  -0.39315424
 -0.09737183]",[-0.28801376],-1.0422510571739247
16,17053,"[ 0.01144233  0.0179954  -0.17223431 -0.44793419 -0.1449724  -0.02835207
 -0.01967263 -0.27146732 -0.16045132 -0.1487259  -0.13306096 -0.24702616
 -0.00521737 -0.13403151 -0.27595096 -0.22562966 -0.0107618  -0.39315424
 -0.09737183]",[-0.28697779],-1.034316967222156
16,17055,"[ 0.01144233  0.0179954  -0.17223431 -0.44793419 -0.1449724  -0.02835207
 -0.01967263 -0.27146732 -0.16045132 -0.1487259  -0.13306096 -0.24702616
 -0.00521737 -0.13403151 -0.27595096 -0.22562966 -0.0107618  -0.39315424
 -0.09737183]",[-0.06051596],0.7000676858728748
16,17057,"[ 0.01144233  0.0179954  -0.17223431 -0.44793419 -0.1449724  -0.02835207
 -0.01967263 -0.27146732 -0.16045132 -0.1487259  -0.13306096 -0.24702616
 -0.00521737 -0.13403151 -0.27595096 -0.22562966 -0.0107618  -0.39315424
 -0.09737183]",[-0.18413751],-0.246702581494217
16,17063,"[ 0.01144233  0.0179954  -0.17223431 -0.44793419 -0.1449724  -0.02835207
 -0.01967263 -0.27146732 -0.16045132 -0.1487259  -0.13306096 -0.24702616
 -0.00521737 -0.13403151 -0.27595096 -0.22562966 -0.0107618  -0.39315424
 -0.09737183]",[-0.01980994],1.0118196039105611
16,17061,"[ 0.01144233  0.0179954  -0.17223431 -0.44793419 -0.1449724  -0.02835207
 -0.01967263 -0.27146732 -0.16045132 -0.1487259  -0.13306096 -0.24702616
 -0.00521737 -0.13403151 -0.27595096 -0.22562966 -0.0107618  -0.39315424
 -0.09737183]",[-0.16734534],-0.11809775177241917
16,17067,"[ 0.01144233  0.0179954  -0.17223431 -0.44793419 -0.1449724  -0.02835207
 -0.01967263 -0.27146732 -0.16045132 -0.1487259  -0.13306096 -0.24702616
 -0.00521737 -0.13403151 -0.27595096 -0.22562966 -0.0107618  -0.39315424
 -0.09737183]",[-0.22620901],-0.5689120861816
16,17073,"[ 0.01144233  0.0179954  -0.17223431 -0.44793419 -0.1449724  -0.02835207
 -0.01967263 -0.27146732 -0.16045132 -0.1487259  -0.13306096 -0.24702616
 -0.00521737 -0.13403151 -0.27595096 -0.22562966 -0.0107618  -0.39315424
 -0.09737183]",[-0.06695085],0.6507853096651051
16,17075,"[ 0.01144233  0.0179954  -0.17223431 -0.44793419 -0.1449724  -0.02835207
 -0.01967263 -0.27146732 -0.16045132 -0.1487259  -0.13306096 -0.24702616
 -0.00521737 -0.13403151 -0.27595096 -0.22562966 -0.0107618  -0.39315424
 -0.09737183]",[-0.18550928],-0.25720838044619254
16,17077,"[ 0.01144233  0.0179954  -0.17223431 -0.44793419 -0.1449724  -0.02835207
 -0.01967263 -0.27146732 -0.16045132 -0.1487259  -0.13306096 -0.24702616
 -0.00521737 -0.13403151 -0.27595096 -0.22562966 -0.0107618  -0.39315424
 -0.09737183]",[-0.08710947],0.4963981622546768
16,17081,"[ 0.01144233  0.0179954  -0.17223431 -0.44793419 -0.1449724  -0.02835207
 -0.01967263 -0.27146732 -0.16045132 -0.1487259  -0.13306096 -0.24702616
 -0.00521737 -0.13403151 -0.27595096 -0.22562966 -0.0107618  -0.39315424
 -0.09737183]",[-0.07082197],0.6211378778586711
16,17083,"[ 0.01144233  0.0179954  -0.17223431 -0.44793419 -0.1449724  -0.02835207
 -0.01967263 -0.27146732 -0.16045132 -0.1487259  -0.13306096 -0.24702616
 -0.00521737 -0.13403151 -0.27595096 -0.22562966 -0.0107618  -0.39315424
 -0.09737183]",[-0.13929016],0.09676618056933003
16,17085,"[ 0.01144233  0.0179954  -0.17223431 -0.44793419 -0.1449724  -0.02835207
 -0.01967263 -0.27146732 -0.16045132 -0.1487259  -0.13306096 -0.24702616
 -0.00521737 -0.13403151 -0.27595096 -0.22562966 -0.0107618  -0.39315424
 -0.09737183]",[-0.215725],-0.48861909846893364
16,17087,"[ 0.01144233  0.0179954  -0.17223431 -0.44793419 -0.1449724  -0.02835207
 -0.01967263 -0.27146732 -0.16045132 -0.1487259  -0.13306096 -0.24702616
 -0.00521737 -0.13403151 -0.27595096 -0.22562966 -0.0107618  -0.39315424
 -0.09737183]",[-0.36092345],-1.6006385366957612
16,17089,"[ 0.01144233  0.0179954  -0.17223431 -0.44793419 -0.1449724  -0.02835207
 -0.01967263 -0.27146732 -0.16045132 -0.1487259  -0.13306096 -0.24702616
 -0.00521737 -0.13403151 -0.27595096 -0.22562966 -0.0107618  -0.39315424
 -0.09737183]",[-0.02085158],1.0038420691275587
16,17091,"[ 0.01144233  0.0179954  -0.17223431 -0.44793419 -0.1449724  -0.02835207
 -0.01967263 -0.27146732 -0.16045132 -0.1487259  -0.13306096 -0.24702616
 -0.00521737 -0.13403151 -0.27595096 -0.22562966 -0.0107618  -0.39315424
 -0.09737183]",[-0.04738298],0.8006481857786706
16,17093,"[ 0.01144233  0.0179954  -0.17223431 -0.44793419 -0.1449724  -0.02835207
 -0.01967263 -0.27146732 -0.16045132 -0.1487259  -0.13306096 -0.24702616
 -0.00521737 -0.13403151 -0.27595096 -0.22562966 -0.0107618  -0.39315424
 -0.09737183]",[0.06285449],1.6449148733338192
16,17095,"[ 0.01144233  0.0179954  -0.17223431 -0.44793419 -0.1449724  -0.02835207
 -0.01967263 -0.27146732 -0.16045132 -0.1487259  -0.13306096 -0.24702616
 -0.00521737 -0.13403151 -0.27595096 -0.22562966 -0.0107618  -0.39315424
 -0.09737183]",[-0.01292798],1.0645258731576714
16,17099,"[ 0.01144233  0.0179954  -0.17223431 -0.44793419 -0.1449724  -0.02835207
 -0.01967263 -0.27146732 -0.16045132 -0.1487259  -0.13306096 -0.24702616
 -0.00521737 -0.13403151 -0.27595096 -0.22562966 -0.0107618  -0.39315424
 -0.09737183]",[-0.07273186],0.606510788692519
16,17097,"[ 0.01144233  0.0179954  -0.17223431 -0.44793419 -0.1449724  -0.02835207
 -0.01967263 -0.27146732 -0.16045132 -0.1487259  -0.13306096 -0.24702616
 -0.00521737 -0.13403151 -0.27595096 -0.22562966 -0.0107618  -0.39315424
 -0.09737183]",[-0.00033324],1.1609841845895343
16,17101,"[ 0.01144233  0.0179954  -0.17223431 -0.44793419 -0.1449724  -0.02835207
 -0.01967263 -0.27146732 -0.16045132 -0.1487259  -0.13306096 -0.24702616
 -0.00521737 -0.13403151 -0.27595096 -0.22562966 -0.0107618  -0.39315424
 -0.09737183]",[-0.15927328],-0.05627691079603771
16,17103,"[ 0.01144233  0.0179954  -0.17223431 -0.44793419 -0.1449724  -0.02835207
 -0.01967263 -0.27146732 -0.16045132 -0.1487259  -0.13306096 -0.24702616
 -0.00521737 -0.13403151 -0.27595096 -0.22562966 -0.0107618  -0.39315424
 -0.09737183]",[-0.07769138],0.5685277607993513
16,17105,"[ 0.01144233  0.0179954  -0.17223431 -0.44793419 -0.1449724  -0.02835207
 -0.01967263 -0.27146732 -0.16045132 -0.1487259  -0.13306096 -0.24702616
 -0.00521737 -0.13403151 -0.27595096 -0.22562966 -0.0107618  -0.39315424
 -0.09737183]",[-0.10623278],0.3499400455368991
16,17107,"[ 0.01144233  0.0179954  -0.17223431 -0.44793419 -0.1449724  -0.02835207
 -0.01967263 -0.27146732 -0.16045132 -0.1487259  -0.13306096 -0.24702616
 -0.00521737 -0.13403151 -0.27595096 -0.22562966 -0.0107618  -0.39315424
 -0.09737183]",[-0.16725954],-0.11744062381795134
16,17109,"[ 0.01144233  0.0179954  -0.17223431 -0.44793419 -0.1449724  -0.02835207
 -0.01967263 -0.27146732 -0.16045132 -0.1487259  -0.13306096 -0.24702616
 -0.00521737 -0.13403151 -0.27595096 -0.22562966 -0.0107618  -0.39315424
 -0.09737183]",[-0.04969891],0.7829113367461347
16,17111,"[ 0.01144233  0.0179954  -0.17223431 -0.44793419 -0.1449724  -0.02835207
 -0.01967263 -0.27146732 -0.16045132 -0.1487259  -0.13306096 -0.24702616
 -0.00521737 -0.13403151 -0.27595096 -0.22562966 -0.0107618  -0.39315424
 -0.09737183]",[-0.01000479],1.08691345101385
16,17113,"[ 0.01144233  0.0179954  -0.17223431 -0.44793419 -0.1449724  -0.02835207
 -0.01967263 -0.27146732 -0.16045132 -0.1487259  -0.13306096 -0.24702616
 -0.00521737 -0.13403151 -0.27595096 -0.22562966 -0.0107618  -0.39315424
 -0.09737183]",[0.00760555],1.221784318542118
16,17115,"[ 0.01144233  0.0179954  -0.17223431 -0.44793419 -0.1449724  -0.02835207
 -0.01967263 -0.27146732 -0.16045132 -0.1487259  -0.13306096 -0.24702616
 -0.00521737 -0.13403151 -0.27595096 -0.22562966 -0.0107618  -0.39315424
 -0.09737183]",[-0.05182176],0.7666532849331253
16,17117,"[ 0.01144233  0.0179954  -0.17223431 -0.44793419 -0.1449724  -0.02835207
 -0.01967263 -0.27146732 -0.16045132 -0.1487259  -0.13306096 -0.24702616
 -0.00521737 -0.13403151 -0.27595096 -0.22562966 -0.0107618  -0.39315424
 -0.09737183]",[-0.11552992],0.27873678556009457
16,17119,"[ 0.01144233  0.0179954  -0.17223431 -0.44793419 -0.1449724  -0.02835207
 -0.01967263 -0.27146732 -0.16045132 -0.1487259  -0.13306096 -0.24702616
 -0.00521737 -0.13403151 -0.27595096 -0.22562966 -0.0107618  -0.39315424
 -0.09737183]",[-0.01127115],1.0772148925064502
16,17121,"[ 0.01144233  0.0179954  -0.17223431 -0.44793419 -0.1449724  -0.02835207
 -0.01967263 -0.27146732 -0.16045132 -0.1487259  -0.13306096 -0.24702616
 -0.00521737 -0.13403151 -0.27595096 -0.22562966 -0.0107618  -0.39315424
 -0.09737183]",[-0.09002885],0.47403977474543063
16,17123,"[ 0.01144233  0.0179954  -0.17223431 -0.44793419 -0.1449724  -0.02835207
 -0.01967263 -0.27146732 -0.16045132 -0.1487259  -0.13306096 -0.24702616
 -0.00521737 -0.13403151 -0.27595096 -0.22562966 -0.0107618  -0.39315424
 -0.09737183]",[-0.30746799],-1.1912436322185547
16,17125,"[ 0.01144233  0.0179954  -0.17223431 -0.44793419 -0.1449724  -0.02835207
 -0.01967263 -0.27146732 -0.16045132 -0.1487259  -0.13306096 -0.24702616
 -0.00521737 -0.13403151 -0.27595096 -0.22562966 -0.0107618  -0.39315424
 -0.09737183]",[-0.33920531],-1.4343076586150512
16,17127,"[ 0.01144233  0.0179954  -0.17223431 -0.44793419 -0.1449724  -0.02835207
 -0.01967263 -0.27146732 -0.16045132 -0.1487259  -0.13306096 -0.24702616
 -0.00521737 -0.13403151 -0.27595096 -0.22562966 -0.0107618  -0.39315424
 -0.09737183]",[-0.48128132],-2.5224135237219327
16,17131,"[ 0.01144233  0.0179954  -0.17223431 -0.44793419 -0.1449724  -0.02835207
 -0.01967263 -0.27146732 -0.16045132 -0.1487259  -0.13306096 -0.24702616
 -0.00521737 -0.13403151 -0.27595096 -0.22562966 -0.0107618  -0.39315424
 -0.09737183]",[-0.38893454],-1.8151647992535749
16,17133,"[ 0.01144233  0.0179954  -0.17223431 -0.44793419 -0.1449724  -0.02835207
 -0.01967263 -0.27146732 -0.16045132 -0.1487259  -0.13306096 -0.24702616
 -0.00521737 -0.13403151 -0.27595096 -0.22562966 -0.0107618  -0.39315424
 -0.09737183]",[-0.08424807],0.5183125722092884
16,17135,"[ 0.01144233  0.0179954  -0.17223431 -0.44793419 -0.1449724  -0.02835207
 -0.01967263 -0.27146732 -0.16045132 -0.1487259  -0.13306096 -0.24702616
 -0.00521737 -0.13403151 -0.27595096 -0.22562966 -0.0107618  -0.39315424
 -0.09737183]",[-0.09702221],0.4204803133676849
16,17137,"[ 0.01144233  0.0179954  -0.17223431 -0.44793419 -0.1449724  -0.02835207
 -0.01967263 -0.27146732 -0.16045132 -0.1487259  -0.13306096 -0.24702616
 -0.00521737 -0.13403151 -0.27595096 -0.22562966 -0.0107618  -0.39315424
 -0.09737183]",[-0.14619854],0.04385755684527593
16,17139,"[ 0.01144233  0.0179954  -0.17223431 -0.44793419 -0.1449724  -0.02835207
 -0.01967263 -0.27146732 -0.16045132 -0.1487259  -0.13306096 -0.24702616
 -0.00521737 -0.13403151 -0.27595096 -0.22562966 -0.0107618  -0.39315424
 -0.09737183]",[-0.18382113],-0.24427950436654355
16,17141,"[ 0.01144233  0.0179954  -0.17223431 -0.44793419 -0.1449724  -0.02835207
 -0.01967263 -0.27146732 -0.16045132 -0.1487259  -0.13306096 -0.24702616
 -0.00521737 -0.13403151 -0.27595096 -0.22562966 -0.0107618  -0.39315424
 -0.09737183]",[-0.10095626],0.3903508994160648
16,17143,"[ 0.01144233  0.0179954  -0.17223431 -0.44793419 -0.1449724  -0.02835207
 -0.01967263 -0.27146732 -0.16045132 -0.1487259  -0.13306096 -0.24702616
 -0.00521737 -0.13403151 -0.27595096 -0.22562966 -0.0107618  -0.39315424
 -0.09737183]",[0.00885271],1.231335848500312
16,17145,"[ 0.01144233  0.0179954  -0.17223431 -0.44793419 -0.1449724  -0.02835207
 -0.01967263 -0.27146732 -0.16045132 -0.1487259  -0.13306096 -0.24702616
 -0.00521737 -0.13403151 -0.27595096 -0.22562966 -0.0107618  -0.39315424
 -0.09737183]",[-0.30388386],-1.1637941176017295
16,17147,"[ 0.01144233  0.0179954  -0.17223431 -0.44793419 -0.1449724  -0.02835207
 -0.01967263 -0.27146732 -0.16045132 -0.1487259  -0.13306096 -0.24702616
 -0.00521737 -0.13403151 -0.27595096 -0.22562966 -0.0107618  -0.39315424
 -0.09737183]",[-0.39621909],-1.8709543705389562
16,17157,"[ 0.01144233  0.0179954  -0.17223431 -0.44793419 -0.1449724  -0.02835207
 -0.01967263 -0.27146732 -0.16045132 -0.1487259  -0.13306096 -0.24702616
 -0.00521737 -0.13403151 -0.27595096 -0.22562966 -0.0107618  -0.39315424
 -0.09737183]",[0.086776],1.8281205749405205
16,17149,"[ 0.01144233  0.0179954  -0.17223431 -0.44793419 -0.1449724  -0.02835207
 -0.01967263 -0.27146732 -0.16045132 -0.1487259  -0.13306096 -0.24702616
 -0.00521737 -0.13403151 -0.27595096 -0.22562966 -0.0107618  -0.39315424
 -0.09737183]",[-0.26746864],-0.8849038887787388
16,17159,"[ 0.01144233  0.0179954  -0.17223431 -0.44793419 -0.1449724  -0.02835207
 -0.01967263 -0.27146732 -0.16045132 -0.1487259  -0.13306096 -0.24702616
 -0.00521737 -0.13403151 -0.27595096 -0.22562966 -0.0107618  -0.39315424
 -0.09737183]",[-0.31390417],-1.2405358754381113
16,17161,"[ 0.01144233  0.0179954  -0.17223431 -0.44793419 -0.1449724  -0.02835207
 -0.01967263 -0.27146732 -0.16045132 -0.1487259  -0.13306096 -0.24702616
 -0.00521737 -0.13403151 -0.27595096 -0.22562966 -0.0107618  -0.39315424
 -0.09737183]",[-0.05186311],0.7663366210970514
16,17163,"[ 0.01144233  0.0179954  -0.17223431 -0.44793419 -0.1449724  -0.02835207
 -0.01967263 -0.27146732 -0.16045132 -0.1487259  -0.13306096 -0.24702616
 -0.00521737 -0.13403151 -0.27595096 -0.22562966 -0.0107618  -0.39315424
 -0.09737183]",[0.00575032],1.2075758377814723
16,17165,"[ 0.01144233  0.0179954  -0.17223431 -0.44793419 -0.1449724  -0.02835207
 -0.01967263 -0.27146732 -0.16045132 -0.1487259  -0.13306096 -0.24702616
 -0.00521737 -0.13403151 -0.27595096 -0.22562966 -0.0107618  -0.39315424
 -0.09737183]",[0.18504703],2.5807408651492594
16,17167,"[ 0.01144233  0.0179954  -0.17223431 -0.44793419 -0.1449724  -0.02835207
 -0.01967263 -0.27146732 -0.16045132 -0.1487259  -0.13306096 -0.24702616
 -0.00521737 -0.13403151 -0.27595096 -0.22562966 -0.0107618  -0.39315424
 -0.09737183]",[-0.01226764],1.0695832103647327
16,17173,"[ 0.01144233  0.0179954  -0.17223431 -0.44793419 -0.1449724  -0.02835207
 -0.01967263 -0.27146732 -0.16045132 -0.1487259  -0.13306096 -0.24702616
 -0.00521737 -0.13403151 -0.27595096 -0.22562966 -0.0107618  -0.39315424
 -0.09737183]",[-0.21063997],-0.449674763585695
16,17177,"[ 0.01144233  0.0179954  -0.17223431 -0.44793419 -0.1449724  -0.02835207
 -0.01967263 -0.27146732 -0.16045132 -0.1487259  -0.13306096 -0.24702616
 -0.00521737 -0.13403151 -0.27595096 -0.22562966 -0.0107618  -0.39315424
 -0.09737183]",[-0.05523496],0.7405128490529859
16,17179,"[ 0.01144233  0.0179954  -0.17223431 -0.44793419 -0.1449724  -0.02835207
 -0.01967263 -0.27146732 -0.16045132 -0.1487259  -0.13306096 -0.24702616
 -0.00521737 -0.13403151 -0.27595096 -0.22562966 -0.0107618  -0.39315424
 -0.09737183]",[-0.03837438],0.8696416200762619
16,17181,"[ 0.01144233  0.0179954  -0.17223431 -0.44793419 -0.1449724  -0.02835207
 -0.01967263 -0.27146732 -0.16045132 -0.1487259  -0.13306096 -0.24702616
 -0.00521737 -0.13403151 -0.27595096 -0.22562966 -0.0107618  -0.39315424
 -0.09737183]",[-0.36089251],-1.6004016461996893
16,17183,"[ 0.01144233  0.0179954  -0.17223431 -0.44793419 -0.1449724  -0.02835207
 -0.01967263 -0.27146732 -0.16045132 -0.1487259  -0.13306096 -0.24702616
 -0.00521737 -0.13403151 -0.27595096 -0.22562966 -0.0107618  -0.39315424
 -0.09737183]",[-0.02476369],0.9738806817974693
16,17185,"[ 0.01144233  0.0179954  -0.17223431 -0.44793419 -0.1449724  -0.02835207
 -0.01967263 -0.27146732 -0.16045132 -0.1487259  -0.13306096 -0.24702616
 -0.00521737 -0.13403151 -0.27595096 -0.22562966 -0.0107618  -0.39315424
 -0.09737183]",[-0.26863362],-0.8938260114185554
16,17187,"[ 0.01144233  0.0179954  -0.17223431 -0.44793419 -0.1449724  -0.02835207
 -0.01967263 -0.27146732 -0.16045132 -0.1487259  -0.13306096 -0.24702616
 -0.00521737 -0.13403151 -0.27595096 -0.22562966 -0.0107618  -0.39315424
 -0.09737183]",[-0.11525691],0.28082767112313506
16,17189,"[ 0.01144233  0.0179954  -0.17223431 -0.44793419 -0.1449724  -0.02835207
 -0.01967263 -0.27146732 -0.16045132 -0.1487259  -0.13306096 -0.24702616
 -0.00521737 -0.13403151 -0.27595096 -0.22562966 -0.0107618  -0.39315424
 -0.09737183]",[-0.23875318],-0.6649830915921233
16,17191,"[ 0.01144233  0.0179954  -0.17223431 -0.44793419 -0.1449724  -0.02835207
 -0.01967263 -0.27146732 -0.16045132 -0.1487259  -0.13306096 -0.24702616
 -0.00521737 -0.13403151 -0.27595096 -0.22562966 -0.0107618  -0.39315424
 -0.09737183]",[-0.37950347],-1.7429358325018625
16,17193,"[ 0.01144233  0.0179954  -0.17223431 -0.44793419 -0.1449724  -0.02835207
 -0.01967263 -0.27146732 -0.16045132 -0.1487259  -0.13306096 -0.24702616
 -0.00521737 -0.13403151 -0.27595096 -0.22562966 -0.0107618  -0.39315424
 -0.09737183]",[-0.15400298],-0.015913678837727728
16,17195,"[ 0.01144233  0.0179954  -0.17223431 -0.44793419 -0.1449724  -0.02835207
 -0.01967263 -0.27146732 -0.16045132 -0.1487259  -0.13306096 -0.24702616
 -0.00521737 -0.13403151 -0.27595096 -0.22562966 -0.0107618  -0.39315424
 -0.09737183]",[-0.11324926],0.29620352882829615
16,17197,"[ 0.01144233  0.0179954  -0.17223431 -0.44793419 -0.1449724  -0.02835207
 -0.01967263 -0.27146732 -0.16045132 -0.1487259  -0.13306096 -0.24702616
 -0.00521737 -0.13403151 -0.27595096 -0.22562966 -0.0107618  -0.39315424
 -0.09737183]",[-0.00319033],1.139102821453425
16,17199,"[ 0.01144233  0.0179954  -0.17223431 -0.44793419 -0.1449724  -0.02835207
 -0.01967263 -0.27146732 -0.16045132 -0.1487259  -0.13306096 -0.24702616
 -0.00521737 -0.13403151 -0.27595096 -0.22562966 -0.0107618  -0.39315424
 -0.09737183]",[-0.07701188],0.5737317872685403
16,17201,"[ 0.01144233  0.0179954  -0.17223431 -0.44793419 -0.1449724  -0.02835207
 -0.01967263 -0.27146732 -0.16045132 -0.1487259  -0.13306096 -0.24702616
 -0.00521737 -0.13403151 -0.27595096 -0.22562966 -0.0107618  -0.39315424
 -0.09737183]",[-0.01796961],1.0259139852667885
16,17203,"[ 0.01144233  0.0179954  -0.17223431 -0.44793419 -0.1449724  -0.02835207
 -0.01967263 -0.27146732 -0.16045132 -0.1487259  -0.13306096 -0.24702616
 -0.00521737 -0.13403151 -0.27595096 -0.22562966 -0.0107618  -0.39315424
 -0.09737183]",[-0.02227372],0.992950421975371
16,18001,"[ 0.01144233  0.0179954  -0.17223431 -0.44793419 -0.1449724  -0.02835207
 -0.01967263 -0.27146732 -0.16045132 -0.1487259  -0.13306096 -0.24702616
 -0.00521737 -0.13403151 -0.27595096 -0.22562966 -0.0107618  -0.39315424
 -0.09737183]",[0.08504577],1.8148694526772926
16,18003,"[ 0.01144233  0.0179954  -0.17223431 -0.44793419 -0.1449724  -0.02835207
 -0.01967263 -0.27146732 -0.16045132 -0.1487259  -0.13306096 -0.24702616
 -0.00521737 -0.13403151 -0.27595096 -0.22562966 -0.0107618  -0.39315424
 -0.09737183]",[0.03542775],1.4348639272928019
16,18005,"[ 0.01144233  0.0179954  -0.17223431 -0.44793419 -0.1449724  -0.02835207
 -0.01967263 -0.27146732 -0.16045132 -0.1487259  -0.13306096 -0.24702616
 -0.00521737 -0.13403151 -0.27595096 -0.22562966 -0.0107618  -0.39315424
 -0.09737183]",[-0.12767335],0.18573492626836585
16,18009,"[ 0.01144233  0.0179954  -0.17223431 -0.44793419 -0.1449724  -0.02835207
 -0.01967263 -0.27146732 -0.16045132 -0.1487259  -0.13306096 -0.24702616
 -0.00521737 -0.13403151 -0.27595096 -0.22562966 -0.0107618  -0.39315424
 -0.09737183]",[-0.39684706],-1.8757637632372293
16,18011,"[ 0.01144233  0.0179954  -0.17223431 -0.44793419 -0.1449724  -0.02835207
 -0.01967263 -0.27146732 -0.16045132 -0.1487259  -0.13306096 -0.24702616
 -0.00521737 -0.13403151 -0.27595096 -0.22562966 -0.0107618  -0.39315424
 -0.09737183]",[-0.17916646],-0.20863116744540233
16,18013,"[ 0.01144233  0.0179954  -0.17223431 -0.44793419 -0.1449724  -0.02835207
 -0.01967263 -0.27146732 -0.16045132 -0.1487259  -0.13306096 -0.24702616
 -0.00521737 -0.13403151 -0.27595096 -0.22562966 -0.0107618  -0.39315424
 -0.09737183]",[-0.33285373],-1.385663285990096
16,18017,"[ 0.01144233  0.0179954  -0.17223431 -0.44793419 -0.1449724  -0.02835207
 -0.01967263 -0.27146732 -0.16045132 -0.1487259  -0.13306096 -0.24702616
 -0.00521737 -0.13403151 -0.27595096 -0.22562966 -0.0107618  -0.39315424
 -0.09737183]",[-0.145683],0.04780588301909815
16,18015,"[ 0.01144233  0.0179954  -0.17223431 -0.44793419 -0.1449724  -0.02835207
 -0.01967263 -0.27146732 -0.16045132 -0.1487259  -0.13306096 -0.24702616
 -0.00521737 -0.13403151 -0.27595096 -0.22562966 -0.0107618  -0.39315424
 -0.09737183]",[-0.14049971],0.08750269198091808
16,18019,"[ 0.01144233  0.0179954  -0.17223431 -0.44793419 -0.1449724  -0.02835207
 -0.01967263 -0.27146732 -0.16045132 -0.1487259  -0.13306096 -0.24702616
 -0.00521737 -0.13403151 -0.27595096 -0.22562966 -0.0107618  -0.39315424
 -0.09737183]",[-0.01912515],1.0170640868610252
16,18021,"[ 0.01144233  0.0179954  -0.17223431 -0.44793419 -0.1449724  -0.02835207
 -0.01967263 -0.27146732 -0.16045132 -0.1487259  -0.13306096 -0.24702616
 -0.00521737 -0.13403151 -0.27595096 -0.22562966 -0.0107618  -0.39315424
 -0.09737183]",[-0.13462002],0.13253298997286206
16,18027,"[ 0.01144233  0.0179954  -0.17223431 -0.44793419 -0.1449724  -0.02835207
 -0.01967263 -0.27146732 -0.16045132 -0.1487259  -0.13306096 -0.24702616
 -0.00521737 -0.13403151 -0.27595096 -0.22562966 -0.0107618  -0.39315424
 -0.09737183]",[-0.15240533],-0.003677916682685571
16,18023,"[ 0.01144233  0.0179954  -0.17223431 -0.44793419 -0.1449724  -0.02835207
 -0.01967263 -0.27146732 -0.16045132 -0.1487259  -0.13306096 -0.24702616
 -0.00521737 -0.13403151 -0.27595096 -0.22562966 -0.0107618  -0.39315424
 -0.09737183]",[-0.15792022],-0.04591433611243259
16,18029,"[ 0.01144233  0.0179954  -0.17223431 -0.44793419 -0.1449724  -0.02835207
 -0.01967263 -0.27146732 -0.16045132 -0.1487259  -0.13306096 -0.24702616
 -0.00521737 -0.13403151 -0.27595096 -0.22562966 -0.0107618  -0.39315424
 -0.09737183]",[-0.12700612],0.19084492904211572
16,18031,"[ 0.01144233  0.0179954  -0.17223431 -0.44793419 -0.1449724  -0.02835207
 -0.01967263 -0.27146732 -0.16045132 -0.1487259  -0.13306096 -0.24702616
 -0.00521737 -0.13403151 -0.27595096 -0.22562966 -0.0107618  -0.39315424
 -0.09737183]",[-0.17727494],-0.19414471415798173
16,18033,"[ 0.01144233  0.0179954  -0.17223431 -0.44793419 -0.1449724  -0.02835207
 -0.01967263 -0.27146732 -0.16045132 -0.1487259  -0.13306096 -0.24702616
 -0.00521737 -0.13403151 -0.27595096 -0.22562966 -0.0107618  -0.39315424
 -0.09737183]",[-0.14457017],0.05632857423472763
16,18035,"[ 0.01144233  0.0179954  -0.17223431 -0.44793419 -0.1449724  -0.02835207
 -0.01967263 -0.27146732 -0.16045132 -0.1487259  -0.13306096 -0.24702616
 -0.00521737 -0.13403151 -0.27595096 -0.22562966 -0.0107618  -0.39315424
 -0.09737183]",[0.08094839],1.7834891849059575
16,18037,"[ 0.01144233  0.0179954  -0.17223431 -0.44793419 -0.1449724  -0.02835207
 -0.01967263 -0.27146732 -0.16045132 -0.1487259  -0.13306096 -0.24702616
 -0.00521737 -0.13403151 -0.27595096 -0.22562966 -0.0107618  -0.39315424
 -0.09737183]",[-0.05189014],0.7661295546558544
16,18039,"[ 0.01144233  0.0179954  -0.17223431 -0.44793419 -0.1449724  -0.02835207
 -0.01967263 -0.27146732 -0.16045132 -0.1487259  -0.13306096 -0.24702616
 -0.00521737 -0.13403151 -0.27595096 -0.22562966 -0.0107618  -0.39315424
 -0.09737183]",[-0.02962352],0.9366611109168245
16,18041,"[ 0.01144233  0.0179954  -0.17223431 -0.44793419 -0.1449724  -0.02835207
 -0.01967263 -0.27146732 -0.16045132 -0.1487259  -0.13306096 -0.24702616
 -0.00521737 -0.13403151 -0.27595096 -0.22562966 -0.0107618  -0.39315424
 -0.09737183]",[-0.14390905],0.06139187919821092
16,18045,"[ 0.01144233  0.0179954  -0.17223431 -0.44793419 -0.1449724  -0.02835207
 -0.01967263 -0.27146732 -0.16045132 -0.1487259  -0.13306096 -0.24702616
 -0.00521737 -0.13403151 -0.27595096 -0.22562966 -0.0107618  -0.39315424
 -0.09737183]",[-0.33859783],-1.4296551823971886
16,18043,"[ 0.01144233  0.0179954  -0.17223431 -0.44793419 -0.1449724  -0.02835207
 -0.01967263 -0.27146732 -0.16045132 -0.1487259  -0.13306096 -0.24702616
 -0.00521737 -0.13403151 -0.27595096 -0.22562966 -0.0107618  -0.39315424
 -0.09737183]",[-0.09830247],0.410675285739711
16,18047,"[ 0.01144233  0.0179954  -0.17223431 -0.44793419 -0.1449724  -0.02835207
 -0.01967263 -0.27146732 -0.16045132 -0.1487259  -0.13306096 -0.24702616
 -0.00521737 -0.13403151 -0.27595096 -0.22562966 -0.0107618  -0.39315424
 -0.09737183]",[-0.33465614],-1.3994673007741003
16,18049,"[ 0.01144233  0.0179954  -0.17223431 -0.44793419 -0.1449724  -0.02835207
 -0.01967263 -0.27146732 -0.16045132 -0.1487259  -0.13306096 -0.24702616
 -0.00521737 -0.13403151 -0.27595096 -0.22562966 -0.0107618  -0.39315424
 -0.09737183]",[-0.16013952],-0.06291109139868936
16,18051,"[ 0.01144233  0.0179954  -0.17223431 -0.44793419 -0.1449724  -0.02835207
 -0.01967263 -0.27146732 -0.16045132 -0.1487259  -0.13306096 -0.24702616
 -0.00521737 -0.13403151 -0.27595096 -0.22562966 -0.0107618  -0.39315424
 -0.09737183]",[-0.25606452],-0.7975640433592494
16,18053,"[ 0.01144233  0.0179954  -0.17223431 -0.44793419 -0.1449724  -0.02835207
 -0.01967263 -0.27146732 -0.16045132 -0.1487259  -0.13306096 -0.24702616
 -0.00521737 -0.13403151 -0.27595096 -0.22562966 -0.0107618  -0.39315424
 -0.09737183]",[-0.03178152],0.9201338243369485
16,18055,"[ 0.01144233  0.0179954  -0.17223431 -0.44793419 -0.1449724  -0.02835207
 -0.01967263 -0.27146732 -0.16045132 -0.1487259  -0.13306096 -0.24702616
 -0.00521737 -0.13403151 -0.27595096 -0.22562966 -0.0107618  -0.39315424
 -0.09737183]",[-0.22222325],-0.5383866849258948
16,18057,"[ 0.01144233  0.0179954  -0.17223431 -0.44793419 -0.1449724  -0.02835207
 -0.01967263 -0.27146732 -0.16045132 -0.1487259  -0.13306096 -0.24702616
 -0.00521737 -0.13403151 -0.27595096 -0.22562966 -0.0107618  -0.39315424
 -0.09737183]",[-0.01014384],1.0858485110832827
16,18059,"[ 0.01144233  0.0179954  -0.17223431 -0.44793419 -0.1449724  -0.02835207
 -0.01967263 -0.27146732 -0.16045132 -0.1487259  -0.13306096 -0.24702616
 -0.00521737 -0.13403151 -0.27595096 -0.22562966 -0.0107618  -0.39315424
 -0.09737183]",[-0.13877311],0.10072603795410069
16,18061,"[ 0.01144233  0.0179954  -0.17223431 -0.44793419 -0.1449724  -0.02835207
 -0.01967263 -0.27146732 -0.16045132 -0.1487259  -0.13306096 -0.24702616
 -0.00521737 -0.13403151 -0.27595096 -0.22562966 -0.0107618  -0.39315424
 -0.09737183]",[-0.15039025],0.011754799631990706
16,18063,"[ 0.01144233  0.0179954  -0.17223431 -0.44793419 -0.1449724  -0.02835207
 -0.01967263 -0.27146732 -0.16045132 -0.1487259  -0.13306096 -0.24702616
 -0.00521737 -0.13403151 -0.27595096 -0.22562966 -0.0107618  -0.39315424
 -0.09737183]",[-0.0435216],0.8302210114259923
16,18065,"[ 0.01144233  0.0179954  -0.17223431 -0.44793419 -0.1449724  -0.02835207
 -0.01967263 -0.27146732 -0.16045132 -0.1487259  -0.13306096 -0.24702616
 -0.00521737 -0.13403151 -0.27595096 -0.22562966 -0.0107618  -0.39315424
 -0.09737183]",[-0.05678409],0.7286486738813016
16,18067,"[ 0.01144233  0.0179954  -0.17223431 -0.44793419 -0.1449724  -0.02835207
 -0.01967263 -0.27146732 -0.16045132 -0.1487259  -0.13306096 -0.24702616
 -0.00521737 -0.13403151 -0.27595096 -0.22562966 -0.0107618  -0.39315424
 -0.09737183]",[-0.02523106],0.9703012754097475
16,18069,"[ 0.01144233  0.0179954  -0.17223431 -0.44793419 -0.1449724  -0.02835207
 -0.01967263 -0.27146732 -0.16045132 -0.1487259  -0.13306096 -0.24702616
 -0.00521737 -0.13403151 -0.27595096 -0.22562966 -0.0107618  -0.39315424
 -0.09737183]",[-0.08035937],0.5480946079164004
16,18073,"[ 0.01144233  0.0179954  -0.17223431 -0.44793419 -0.1449724  -0.02835207
 -0.01967263 -0.27146732 -0.16045132 -0.1487259  -0.13306096 -0.24702616
 -0.00521737 -0.13403151 -0.27595096 -0.22562966 -0.0107618  -0.39315424
 -0.09737183]",[-0.1931679],-0.31586283110255353
16,18071,"[ 0.01144233  0.0179954  -0.17223431 -0.44793419 -0.1449724  -0.02835207
 -0.01967263 -0.27146732 -0.16045132 -0.1487259  -0.13306096 -0.24702616
 -0.00521737 -0.13403151 -0.27595096 -0.22562966 -0.0107618  -0.39315424
 -0.09737183]",[-0.08054374],0.5466826085201082
16,18075,"[ 0.01144233  0.0179954  -0.17223431 -0.44793419 -0.1449724  -0.02835207
 -0.01967263 -0.27146732 -0.16045132 -0.1487259  -0.13306096 -0.24702616
 -0.00521737 -0.13403151 -0.27595096 -0.22562966 -0.0107618  -0.39315424
 -0.09737183]",[0.0462174],1.5174977513471761
16,18077,"[ 0.01144233  0.0179954  -0.17223431 -0.44793419 -0.1449724  -0.02835207
 -0.01967263 -0.27146732 -0.16045132 -0.1487259  -0.13306096 -0.24702616
 -0.00521737 -0.13403151 -0.27595096 -0.22562966 -0.0107618  -0.39315424
 -0.09737183]",[-0.13603646],0.12168501878894517
16,18079,"[ 0.01144233  0.0179954  -0.17223431 -0.44793419 -0.1449724  -0.02835207
 -0.01967263 -0.27146732 -0.16045132 -0.1487259  -0.13306096 -0.24702616
 -0.00521737 -0.13403151 -0.27595096 -0.22562966 -0.0107618  -0.39315424
 -0.09737183]",[-0.23384733],-0.6274110634489167
16,18081,"[ 0.01144233  0.0179954  -0.17223431 -0.44793419 -0.1449724  -0.02835207
 -0.01967263 -0.27146732 -0.16045132 -0.1487259  -0.13306096 -0.24702616
 -0.00521737 -0.13403151 -0.27595096 -0.22562966 -0.0107618  -0.39315424
 -0.09737183]",[0.03113036],1.401951868162726
16,18083,"[ 0.01144233  0.0179954  -0.17223431 -0.44793419 -0.1449724  -0.02835207
 -0.01967263 -0.27146732 -0.16045132 -0.1487259  -0.13306096 -0.24702616
 -0.00521737 -0.13403151 -0.27595096 -0.22562966 -0.0107618  -0.39315424
 -0.09737183]",[-0.00241263],1.1450589358323258
16,18085,"[ 0.01144233  0.0179954  -0.17223431 -0.44793419 -0.1449724  -0.02835207
 -0.01967263 -0.27146732 -0.16045132 -0.1487259  -0.13306096 -0.24702616
 -0.00521737 -0.13403151 -0.27595096 -0.22562966 -0.0107618  -0.39315424
 -0.09737183]",[-0.03351785],0.9068359618107953
16,18087,"[ 0.01144233  0.0179954  -0.17223431 -0.44793419 -0.1449724  -0.02835207
 -0.01967263 -0.27146732 -0.16045132 -0.1487259  -0.13306096 -0.24702616
 -0.00521737 -0.13403151 -0.27595096 -0.22562966 -0.0107618  -0.39315424
 -0.09737183]",[-0.13343257],0.14162719282582092
16,18089,"[ 0.01144233  0.0179954  -0.17223431 -0.44793419 -0.1449724  -0.02835207
 -0.01967263 -0.27146732 -0.16045132 -0.1487259  -0.13306096 -0.24702616
 -0.00521737 -0.13403151 -0.27595096 -0.22562966 -0.0107618  -0.39315424
 -0.09737183]",[0.02000404],1.3167396283900967
16,18091,"[ 0.01144233  0.0179954  -0.17223431 -0.44793419 -0.1449724  -0.02835207
 -0.01967263 -0.27146732 -0.16045132 -0.1487259  -0.13306096 -0.24702616
 -0.00521737 -0.13403151 -0.27595096 -0.22562966 -0.0107618  -0.39315424
 -0.09737183]",[-0.02902484],0.9412462054396312
16,18093,"[ 0.01144233  0.0179954  -0.17223431 -0.44793419 -0.1449724  -0.02835207
 -0.01967263 -0.27146732 -0.16045132 -0.1487259  -0.13306096 -0.24702616
 -0.00521737 -0.13403151 -0.27595096 -0.22562966 -0.0107618  -0.39315424
 -0.09737183]",[-0.0910515],0.4662076550337328
16,18095,"[ 0.01144233  0.0179954  -0.17223431 -0.44793419 -0.1449724  -0.02835207
 -0.01967263 -0.27146732 -0.16045132 -0.1487259  -0.13306096 -0.24702616
 -0.00521737 -0.13403151 -0.27595096 -0.22562966 -0.0107618  -0.39315424
 -0.09737183]",[-0.00931476],1.0921981352129086
16,18097,"[ 0.01144233  0.0179954  -0.17223431 -0.44793419 -0.1449724  -0.02835207
 -0.01967263 -0.27146732 -0.16045132 -0.1487259  -0.13306096 -0.24702616
 -0.00521737 -0.13403151 -0.27595096 -0.22562966 -0.0107618  -0.39315424
 -0.09737183]",[0.0033522],1.1892095702742467
16,18099,"[ 0.01144233  0.0179954  -0.17223431 -0.44793419 -0.1449724  -0.02835207
 -0.01967263 -0.27146732 -0.16045132 -0.1487259  -0.13306096 -0.24702616
 -0.00521737 -0.13403151 -0.27595096 -0.22562966 -0.0107618  -0.39315424
 -0.09737183]",[-0.1569191],-0.0382471615922454
16,18103,"[ 0.01144233  0.0179954  -0.17223431 -0.44793419 -0.1449724  -0.02835207
 -0.01967263 -0.27146732 -0.16045132 -0.1487259  -0.13306096 -0.24702616
 -0.00521737 -0.13403151 -0.27595096 -0.22562966 -0.0107618  -0.39315424
 -0.09737183]",[-0.16542764],-0.10341081292332013
16,18105,"[ 0.01144233  0.0179954  -0.17223431 -0.44793419 -0.1449724  -0.02835207
 -0.01967263 -0.27146732 -0.16045132 -0.1487259  -0.13306096 -0.24702616
 -0.00521737 -0.13403151 -0.27595096 -0.22562966 -0.0107618  -0.39315424
 -0.09737183]",[-0.01613264],1.0399826085321229
16,18107,"[ 0.01144233  0.0179954  -0.17223431 -0.44793419 -0.1449724  -0.02835207
 -0.01967263 -0.27146732 -0.16045132 -0.1487259  -0.13306096 -0.24702616
 -0.00521737 -0.13403151 -0.27595096 -0.22562966 -0.0107618  -0.39315424
 -0.09737183]",[-0.19719209],-0.34668255449427965
16,18109,"[ 0.01144233  0.0179954  -0.17223431 -0.44793419 -0.1449724  -0.02835207
 -0.01967263 -0.27146732 -0.16045132 -0.1487259  -0.13306096 -0.24702616
 -0.00521737 -0.13403151 -0.27595096 -0.22562966 -0.0107618  -0.39315424
 -0.09737183]",[-0.01535888],1.0459085798700918
16,18111,"[ 0.01144233  0.0179954  -0.17223431 -0.44793419 -0.1449724  -0.02835207
 -0.01967263 -0.27146732 -0.16045132 -0.1487259  -0.13306096 -0.24702616
 -0.00521737 -0.13403151 -0.27595096 -0.22562966 -0.0107618  -0.39315424
 -0.09737183]",[-0.34922689],-1.5110590712046335
16,18113,"[ 0.01144233  0.0179954  -0.17223431 -0.44793419 -0.1449724  -0.02835207
 -0.01967263 -0.27146732 -0.16045132 -0.1487259  -0.13306096 -0.24702616
 -0.00521737 -0.13403151 -0.27595096 -0.22562966 -0.0107618  -0.39315424
 -0.09737183]",[-0.04939475],0.7852408335601944
16,18117,"[ 0.01144233  0.0179954  -0.17223431 -0.44793419 -0.1449724  -0.02835207
 -0.01967263 -0.27146732 -0.16045132 -0.1487259  -0.13306096 -0.24702616
 -0.00521737 -0.13403151 -0.27595096 -0.22562966 -0.0107618  -0.39315424
 -0.09737183]",[-0.19577503],-0.33582989704924127
16,18119,"[ 0.01144233  0.0179954  -0.17223431 -0.44793419 -0.1449724  -0.02835207
 -0.01967263 -0.27146732 -0.16045132 -0.1487259  -0.13306096 -0.24702616
 -0.00521737 -0.13403151 -0.27595096 -0.22562966 -0.0107618  -0.39315424
 -0.09737183]",[-0.30999448],-1.210593007537045
16,18121,"[ 0.01144233  0.0179954  -0.17223431 -0.44793419 -0.1449724  -0.02835207
 -0.01967263 -0.27146732 -0.16045132 -0.1487259  -0.13306096 -0.24702616
 -0.00521737 -0.13403151 -0.27595096 -0.22562966 -0.0107618  -0.39315424
 -0.09737183]",[-0.4164209],-2.0256723256631735
16,18125,"[ 0.01144233  0.0179954  -0.17223431 -0.44793419 -0.1449724  -0.02835207
 -0.01967263 -0.27146732 -0.16045132 -0.1487259  -0.13306096 -0.24702616
 -0.00521737 -0.13403151 -0.27595096 -0.22562966 -0.0107618  -0.39315424
 -0.09737183]",[-0.44547671],-2.2481997130538396
16,18123,"[ 0.01144233  0.0179954  -0.17223431 -0.44793419 -0.1449724  -0.02835207
 -0.01967263 -0.27146732 -0.16045132 -0.1487259  -0.13306096 -0.24702616
 -0.00521737 -0.13403151 -0.27595096 -0.22562966 -0.0107618  -0.39315424
 -0.09737183]",[-0.00840744],1.0991469691694746
16,18127,"[ 0.01144233  0.0179954  -0.17223431 -0.44793419 -0.1449724  -0.02835207
 -0.01967263 -0.27146732 -0.16045132 -0.1487259  -0.13306096 -0.24702616
 -0.00521737 -0.13403151 -0.27595096 -0.22562966 -0.0107618  -0.39315424
 -0.09737183]",[-0.04457027],0.8221896907850844
16,18129,"[ 0.01144233  0.0179954  -0.17223431 -0.44793419 -0.1449724  -0.02835207
 -0.01967263 -0.27146732 -0.16045132 -0.1487259  -0.13306096 -0.24702616
 -0.00521737 -0.13403151 -0.27595096 -0.22562966 -0.0107618  -0.39315424
 -0.09737183]",[-0.1271995],0.18936394799143805
16,18131,"[ 0.01144233  0.0179954  -0.17223431 -0.44793419 -0.1449724  -0.02835207
 -0.01967263 -0.27146732 -0.16045132 -0.1487259  -0.13306096 -0.24702616
 -0.00521737 -0.13403151 -0.27595096 -0.22562966 -0.0107618  -0.39315424
 -0.09737183]",[-0.51685621],-2.7948680749041115
16,18133,"[ 0.01144233  0.0179954  -0.17223431 -0.44793419 -0.1449724  -0.02835207
 -0.01967263 -0.27146732 -0.16045132 -0.1487259  -0.13306096 -0.24702616
 -0.00521737 -0.13403151 -0.27595096 -0.22562966 -0.0107618  -0.39315424
 -0.09737183]",[-0.09897832],0.40549915126773006
16,18135,"[ 0.01144233  0.0179954  -0.17223431 -0.44793419 -0.1449724  -0.02835207
 -0.01967263 -0.27146732 -0.16045132 -0.1487259  -0.13306096 -0.24702616
 -0.00521737 -0.13403151 -0.27595096 -0.22562966 -0.0107618  -0.39315424
 -0.09737183]",[-0.13389436],0.13809058706060498
16,18137,"[ 0.01144233  0.0179954  -0.17223431 -0.44793419 -0.1449724  -0.02835207
 -0.01967263 -0.27146732 -0.16045132 -0.1487259  -0.13306096 -0.24702616
 -0.00521737 -0.13403151 -0.27595096 -0.22562966 -0.0107618  -0.39315424
 -0.09737183]",[-0.2023943],-0.3865243116261874
16,18139,"[ 0.01144233  0.0179954  -0.17223431 -0.44793419 -0.1449724  -0.02835207
 -0.01967263 -0.27146732 -0.16045132 -0.1487259  -0.13306096 -0.24702616
 -0.00521737 -0.13403151 -0.27595096 -0.22562966 -0.0107618  -0.39315424
 -0.09737183]",[-0.37240314],-1.6885571112764888
16,18141,"[ 0.01144233  0.0179954  -0.17223431 -0.44793419 -0.1449724  -0.02835207
 -0.01967263 -0.27146732 -0.16045132 -0.1487259  -0.13306096 -0.24702616
 -0.00521737 -0.13403151 -0.27595096 -0.22562966 -0.0107618  -0.39315424
 -0.09737183]",[0.01333438],1.2656592959839763
16,18143,"[ 0.01144233  0.0179954  -0.17223431 -0.44793419 -0.1449724  -0.02835207
 -0.01967263 -0.27146732 -0.16045132 -0.1487259  -0.13306096 -0.24702616
 -0.00521737 -0.13403151 -0.27595096 -0.22562966 -0.0107618  -0.39315424
 -0.09737183]",[-0.26978279],-0.9026270863712135
16,18145,"[ 0.01144233  0.0179954  -0.17223431 -0.44793419 -0.1449724  -0.02835207
 -0.01967263 -0.27146732 -0.16045132 -0.1487259  -0.13306096 -0.24702616
 -0.00521737 -0.13403151 -0.27595096 -0.22562966 -0.0107618  -0.39315424
 -0.09737183]",[-0.15631609],-0.033628924010691216
16,18147,"[ 0.01144233  0.0179954  -0.17223431 -0.44793419 -0.1449724  -0.02835207
 -0.01967263 -0.27146732 -0.16045132 -0.1487259  -0.13306096 -0.24702616
 -0.00521737 -0.13403151 -0.27595096 -0.22562966 -0.0107618  -0.39315424
 -0.09737183]",[-0.36062754],-1.5983723113207593
16,18149,"[ 0.01144233  0.0179954  -0.17223431 -0.44793419 -0.1449724  -0.02835207
 -0.01967263 -0.27146732 -0.16045132 -0.1487259  -0.13306096 -0.24702616
 -0.00521737 -0.13403151 -0.27595096 -0.22562966 -0.0107618  -0.39315424
 -0.09737183]",[-0.07463228],0.5919562039281396
16,18151,"[ 0.01144233  0.0179954  -0.17223431 -0.44793419 -0.1449724  -0.02835207
 -0.01967263 -0.27146732 -0.16045132 -0.1487259  -0.13306096 -0.24702616
 -0.00521737 -0.13403151 -0.27595096 -0.22562966 -0.0107618  -0.39315424
 -0.09737183]",[-0.01848652],1.0219551802892737
16,18153,"[ 0.01144233  0.0179954  -0.17223431 -0.44793419 -0.1449724  -0.02835207
 -0.01967263 -0.27146732 -0.16045132 -0.1487259  -0.13306096 -0.24702616
 -0.00521737 -0.13403151 -0.27595096 -0.22562966 -0.0107618  -0.39315424
 -0.09737183]",[-0.1800824],-0.2156460419329158
16,18157,"[ 0.01144233  0.0179954  -0.17223431 -0.44793419 -0.1449724  -0.02835207
 -0.01967263 -0.27146732 -0.16045132 -0.1487259  -0.13306096 -0.24702616
 -0.00521737 -0.13403151 -0.27595096 -0.22562966 -0.0107618  -0.39315424
 -0.09737183]",[0.03197376],1.408411130197934
16,18159,"[ 0.01144233  0.0179954  -0.17223431 -0.44793419 -0.1449724  -0.02835207
 -0.01967263 -0.27146732 -0.16045132 -0.1487259  -0.13306096 -0.24702616
 -0.00521737 -0.13403151 -0.27595096 -0.22562966 -0.0107618  -0.39315424
 -0.09737183]",[-0.42912017],-2.1229312306523807
16,18163,"[ 0.01144233  0.0179954  -0.17223431 -0.44793419 -0.1449724  -0.02835207
 -0.01967263 -0.27146732 -0.16045132 -0.1487259  -0.13306096 -0.24702616
 -0.00521737 -0.13403151 -0.27595096 -0.22562966 -0.0107618  -0.39315424
 -0.09737183]",[-0.00031414],1.1611304680083974
16,18165,"[ 0.01144233  0.0179954  -0.17223431 -0.44793419 -0.1449724  -0.02835207
 -0.01967263 -0.27146732 -0.16045132 -0.1487259  -0.13306096 -0.24702616
 -0.00521737 -0.13403151 -0.27595096 -0.22562966 -0.0107618  -0.39315424
 -0.09737183]",[-0.32056812],-1.2915725018818798
16,18167,"[ 0.01144233  0.0179954  -0.17223431 -0.44793419 -0.1449724  -0.02835207
 -0.01967263 -0.27146732 -0.16045132 -0.1487259  -0.13306096 -0.24702616
 -0.00521737 -0.13403151 -0.27595096 -0.22562966 -0.0107618  -0.39315424
 -0.09737183]",[-0.0345287],0.8990942290960134
16,18169,"[ 0.01144233  0.0179954  -0.17223431 -0.44793419 -0.1449724  -0.02835207
 -0.01967263 -0.27146732 -0.16045132 -0.1487259  -0.13306096 -0.24702616
 -0.00521737 -0.13403151 -0.27595096 -0.22562966 -0.0107618  -0.39315424
 -0.09737183]",[-0.10357309],0.37030958877823267
16,18173,"[ 0.01144233  0.0179954  -0.17223431 -0.44793419 -0.1449724  -0.02835207
 -0.01967263 -0.27146732 -0.16045132 -0.1487259  -0.13306096 -0.24702616
 -0.00521737 -0.13403151 -0.27595096 -0.22562966 -0.0107618  -0.39315424
 -0.09737183]",[-0.11890241],0.2529081776843723
16,18175,"[ 0.01144233  0.0179954  -0.17223431 -0.44793419 -0.1449724  -0.02835207
 -0.01967263 -0.27146732 -0.16045132 -0.1487259  -0.13306096 -0.24702616
 -0.00521737 -0.13403151 -0.27595096 -0.22562966 -0.0107618  -0.39315424
 -0.09737183]",[-0.29184139],-1.0715654683703597
16,18177,"[ 0.01144233  0.0179954  -0.17223431 -0.44793419 -0.1449724  -0.02835207
 -0.01967263 -0.27146732 -0.16045132 -0.1487259  -0.13306096 -0.24702616
 -0.00521737 -0.13403151 -0.27595096 -0.22562966 -0.0107618  -0.39315424
 -0.09737183]",[-0.10251703],0.3783975767282315
16,18179,"[ 0.01144233  0.0179954  -0.17223431 -0.44793419 -0.1449724  -0.02835207
 -0.01967263 -0.27146732 -0.16045132 -0.1487259  -0.13306096 -0.24702616
 -0.00521737 -0.13403151 -0.27595096 -0.22562966 -0.0107618  -0.39315424
 -0.09737183]",[-0.1036364],0.36982472593776694
16,18181,"[ 0.01144233  0.0179954  -0.17223431 -0.44793419 -0.1449724  -0.02835207
 -0.01967263 -0.27146732 -0.16045132 -0.1487259  -0.13306096 -0.24702616
 -0.00521737 -0.13403151 -0.27595096 -0.22562966 -0.0107618  -0.39315424
 -0.09737183]",[-0.08127161],0.5411081469982565
16,18183,"[ 0.01144233  0.0179954  -0.17223431 -0.44793419 -0.1449724  -0.02835207
 -0.01967263 -0.27146732 -0.16045132 -0.1487259  -0.13306096 -0.24702616
 -0.00521737 -0.13403151 -0.27595096 -0.22562966 -0.0107618  -0.39315424
 -0.09737183]",[-0.14165016],0.07869184129430534
16,19005,"[ 0.01144233  0.0179954  -0.17223431 -0.44793419 -0.1449724  -0.02835207
 -0.01967263 -0.27146732 -0.16045132 -0.1487259  -0.13306096 -0.24702616
 -0.00521737 -0.13403151 -0.27595096 -0.22562966 -0.0107618  -0.39315424
 -0.09737183]",[-0.12798259],0.18336652641180434
16,19007,"[ 0.01144233  0.0179954  -0.17223431 -0.44793419 -0.1449724  -0.02835207
 -0.01967263 -0.27146732 -0.16045132 -0.1487259  -0.13306096 -0.24702616
 -0.00521737 -0.13403151 -0.27595096 -0.22562966 -0.0107618  -0.39315424
 -0.09737183]",[-0.14810299],0.02927206366474533
16,19011,"[ 0.01144233  0.0179954  -0.17223431 -0.44793419 -0.1449724  -0.02835207
 -0.01967263 -0.27146732 -0.16045132 -0.1487259  -0.13306096 -0.24702616
 -0.00521737 -0.13403151 -0.27595096 -0.22562966 -0.0107618  -0.39315424
 -0.09737183]",[-0.09606209],0.4278334816878116
16,19013,"[ 0.01144233  0.0179954  -0.17223431 -0.44793419 -0.1449724  -0.02835207
 -0.01967263 -0.27146732 -0.16045132 -0.1487259  -0.13306096 -0.24702616
 -0.00521737 -0.13403151 -0.27595096 -0.22562966 -0.0107618  -0.39315424
 -0.09737183]",[-0.01569194],1.043357766777238
16,19015,"[ 0.01144233  0.0179954  -0.17223431 -0.44793419 -0.1449724  -0.02835207
 -0.01967263 -0.27146732 -0.16045132 -0.1487259  -0.13306096 -0.24702616
 -0.00521737 -0.13403151 -0.27595096 -0.22562966 -0.0107618  -0.39315424
 -0.09737183]",[-0.13867971],0.10144139943732634
16,19017,"[ 0.01144233  0.0179954  -0.17223431 -0.44793419 -0.1449724  -0.02835207
 -0.01967263 -0.27146732 -0.16045132 -0.1487259  -0.13306096 -0.24702616
 -0.00521737 -0.13403151 -0.27595096 -0.22562966 -0.0107618  -0.39315424
 -0.09737183]",[-0.14033169],0.08878951138910818
16,19019,"[ 0.01144233  0.0179954  -0.17223431 -0.44793419 -0.1449724  -0.02835207
 -0.01967263 -0.27146732 -0.16045132 -0.1487259  -0.13306096 -0.24702616
 -0.00521737 -0.13403151 -0.27595096 -0.22562966 -0.0107618  -0.39315424
 -0.09737183]",[-0.28440838],-1.0146388727295705
16,19021,"[ 0.01144233  0.0179954  -0.17223431 -0.44793419 -0.1449724  -0.02835207
 -0.01967263 -0.27146732 -0.16045132 -0.1487259  -0.13306096 -0.24702616
 -0.00521737 -0.13403151 -0.27595096 -0.22562966 -0.0107618  -0.39315424
 -0.09737183]",[-0.29785712],-1.1176376576022697
16,19023,"[ 0.01144233  0.0179954  -0.17223431 -0.44793419 -0.1449724  -0.02835207
 -0.01967263 -0.27146732 -0.16045132 -0.1487259  -0.13306096 -0.24702616
 -0.00521737 -0.13403151 -0.27595096 -0.22562966 -0.0107618  -0.39315424
 -0.09737183]",[-0.32446071],-1.321384356092682
16,19025,"[ 0.01144233  0.0179954  -0.17223431 -0.44793419 -0.1449724  -0.02835207
 -0.01967263 -0.27146732 -0.16045132 -0.1487259  -0.13306096 -0.24702616
 -0.00521737 -0.13403151 -0.27595096 -0.22562966 -0.0107618  -0.39315424
 -0.09737183]",[-0.47554331],-2.478468282335972
16,19027,"[ 0.01144233  0.0179954  -0.17223431 -0.44793419 -0.1449724  -0.02835207
 -0.01967263 -0.27146732 -0.16045132 -0.1487259  -0.13306096 -0.24702616
 -0.00521737 -0.13403151 -0.27595096 -0.22562966 -0.0107618  -0.39315424
 -0.09737183]",[0.06249862],1.6421894161676758
16,19029,"[ 0.01144233  0.0179954  -0.17223431 -0.44793419 -0.1449724  -0.02835207
 -0.01967263 -0.27146732 -0.16045132 -0.1487259  -0.13306096 -0.24702616
 -0.00521737 -0.13403151 -0.27595096 -0.22562966 -0.0107618  -0.39315424
 -0.09737183]",[-0.15686134],-0.03780478186006774
16,19031,"[ 0.01144233  0.0179954  -0.17223431 -0.44793419 -0.1449724  -0.02835207
 -0.01967263 -0.27146732 -0.16045132 -0.1487259  -0.13306096 -0.24702616
 -0.00521737 -0.13403151 -0.27595096 -0.22562966 -0.0107618  -0.39315424
 -0.09737183]",[-0.22758576],-0.5794561438258764
16,19033,"[ 0.01144233  0.0179954  -0.17223431 -0.44793419 -0.1449724  -0.02835207
 -0.01967263 -0.27146732 -0.16045132 -0.1487259  -0.13306096 -0.24702616
 -0.00521737 -0.13403151 -0.27595096 -0.22562966 -0.0107618  -0.39315424
 -0.09737183]",[-0.05317974],0.7562530123623485
16,19035,"[ 0.01144233  0.0179954  -0.17223431 -0.44793419 -0.1449724  -0.02835207
 -0.01967263 -0.27146732 -0.16045132 -0.1487259  -0.13306096 -0.24702616
 -0.00521737 -0.13403151 -0.27595096 -0.22562966 -0.0107618  -0.39315424
 -0.09737183]",[-0.20248535],-0.3872216478541375
16,19041,"[ 0.01144233  0.0179954  -0.17223431 -0.44793419 -0.1449724  -0.02835207
 -0.01967263 -0.27146732 -0.16045132 -0.1487259  -0.13306096 -0.24702616
 -0.00521737 -0.13403151 -0.27595096 -0.22562966 -0.0107618  -0.39315424
 -0.09737183]",[-0.45947489],-2.355406459075733
16,19037,"[ 0.01144233  0.0179954  -0.17223431 -0.44793419 -0.1449724  -0.02835207
 -0.01967263 -0.27146732 -0.16045132 -0.1487259  -0.13306096 -0.24702616
 -0.00521737 -0.13403151 -0.27595096 -0.22562966 -0.0107618  -0.39315424
 -0.09737183]",[-0.2292859],-0.5924768093843353
16,19043,"[ 0.01144233  0.0179954  -0.17223431 -0.44793419 -0.1449724  -0.02835207
 -0.01967263 -0.27146732 -0.16045132 -0.1487259  -0.13306096 -0.24702616
 -0.00521737 -0.13403151 -0.27595096 -0.22562966 -0.0107618  -0.39315424
 -0.09737183]",[-0.22768405],-0.5802088913578158
16,19047,"[ 0.01144233  0.0179954  -0.17223431 -0.44793419 -0.1449724  -0.02835207
 -0.01967263 -0.27146732 -0.16045132 -0.1487259  -0.13306096 -0.24702616
 -0.00521737 -0.13403151 -0.27595096 -0.22562966 -0.0107618  -0.39315424
 -0.09737183]",[-0.23663611],-0.6487692840092867
16,19045,"[ 0.01144233  0.0179954  -0.17223431 -0.44793419 -0.1449724  -0.02835207
 -0.01967263 -0.27146732 -0.16045132 -0.1487259  -0.13306096 -0.24702616
 -0.00521737 -0.13403151 -0.27595096 -0.22562966 -0.0107618  -0.39315424
 -0.09737183]",[0.02274055],1.3376975170186578
16,19049,"[ 0.01144233  0.0179954  -0.17223431 -0.44793419 -0.1449724  -0.02835207
 -0.01967263 -0.27146732 -0.16045132 -0.1487259  -0.13306096 -0.24702616
 -0.00521737 -0.13403151 -0.27595096 -0.22562966 -0.0107618  -0.39315424
 -0.09737183]",[-0.13744816],0.11087335174670071
16,19055,"[ 0.01144233  0.0179954  -0.17223431 -0.44793419 -0.1449724  -0.02835207
 -0.01967263 -0.27146732 -0.16045132 -0.1487259  -0.13306096 -0.24702616
 -0.00521737 -0.13403151 -0.27595096 -0.22562966 -0.0107618  -0.39315424
 -0.09737183]",[-0.19317535],-0.31591991060482655
16,19057,"[ 0.01144233  0.0179954  -0.17223431 -0.44793419 -0.1449724  -0.02835207
 -0.01967263 -0.27146732 -0.16045132 -0.1487259  -0.13306096 -0.24702616
 -0.00521737 -0.13403151 -0.27595096 -0.22562966 -0.0107618  -0.39315424
 -0.09737183]",[-0.12487255],0.20718517621784696
16,19059,"[ 0.01144233  0.0179954  -0.17223431 -0.44793419 -0.1449724  -0.02835207
 -0.01967263 -0.27146732 -0.16045132 -0.1487259  -0.13306096 -0.24702616
 -0.00521737 -0.13403151 -0.27595096 -0.22562966 -0.0107618  -0.39315424
 -0.09737183]",[-0.36653859],-1.643642795132716
16,19061,"[ 0.01144233  0.0179954  -0.17223431 -0.44793419 -0.1449724  -0.02835207
 -0.01967263 -0.27146732 -0.16045132 -0.1487259  -0.13306096 -0.24702616
 -0.00521737 -0.13403151 -0.27595096 -0.22562966 -0.0107618  -0.39315424
 -0.09737183]",[-0.06268189],0.6834796572404755
16,19063,"[ 0.01144233  0.0179954  -0.17223431 -0.44793419 -0.1449724  -0.02835207
 -0.01967263 -0.27146732 -0.16045132 -0.1487259  -0.13306096 -0.24702616
 -0.00521737 -0.13403151 -0.27595096 -0.22562966 -0.0107618  -0.39315424
 -0.09737183]",[-0.40332265],-1.9253578367502262
16,19065,"[ 0.01144233  0.0179954  -0.17223431 -0.44793419 -0.1449724  -0.02835207
 -0.01967263 -0.27146732 -0.16045132 -0.1487259  -0.13306096 -0.24702616
 -0.00521737 -0.13403151 -0.27595096 -0.22562966 -0.0107618  -0.39315424
 -0.09737183]",[-0.30703582],-1.1879337921845265
16,19073,"[ 0.01144233  0.0179954  -0.17223431 -0.44793419 -0.1449724  -0.02835207
 -0.01967263 -0.27146732 -0.16045132 -0.1487259  -0.13306096 -0.24702616
 -0.00521737 -0.13403151 -0.27595096 -0.22562966 -0.0107618  -0.39315424
 -0.09737183]",[-0.40226298],-1.9172422556759767
16,19067,"[ 0.01144233  0.0179954  -0.17223431 -0.44793419 -0.1449724  -0.02835207
 -0.01967263 -0.27146732 -0.16045132 -0.1487259  -0.13306096 -0.24702616
 -0.00521737 -0.13403151 -0.27595096 -0.22562966 -0.0107618  -0.39315424
 -0.09737183]",[-0.30923704],-1.2047920624876627
16,19075,"[ 0.01144233  0.0179954  -0.17223431 -0.44793419 -0.1449724  -0.02835207
 -0.01967263 -0.27146732 -0.16045132 -0.1487259  -0.13306096 -0.24702616
 -0.00521737 -0.13403151 -0.27595096 -0.22562966 -0.0107618  -0.39315424
 -0.09737183]",[-0.2911979],-1.0666371960965935
16,19079,"[ 0.01144233  0.0179954  -0.17223431 -0.44793419 -0.1449724  -0.02835207
 -0.01967263 -0.27146732 -0.16045132 -0.1487259  -0.13306096 -0.24702616
 -0.00521737 -0.13403151 -0.27595096 -0.22562966 -0.0107618  -0.39315424
 -0.09737183]",[-0.30861136],-1.200000245946411
16,19081,"[ 0.01144233  0.0179954  -0.17223431 -0.44793419 -0.1449724  -0.02835207
 -0.01967263 -0.27146732 -0.16045132 -0.1487259  -0.13306096 -0.24702616
 -0.00521737 -0.13403151 -0.27595096 -0.22562966 -0.0107618  -0.39315424
 -0.09737183]",[-0.3540846],-1.5482624367815467
16,19083,"[ 0.01144233  0.0179954  -0.17223431 -0.44793419 -0.1449724  -0.02835207
 -0.01967263 -0.27146732 -0.16045132 -0.1487259  -0.13306096 -0.24702616
 -0.00521737 -0.13403151 -0.27595096 -0.22562966 -0.0107618  -0.39315424
 -0.09737183]",[-0.23110349],-0.6063970396154925
16,19085,"[ 0.01144233  0.0179954  -0.17223431 -0.44793419 -0.1449724  -0.02835207
 -0.01967263 -0.27146732 -0.16045132 -0.1487259  -0.13306096 -0.24702616
 -0.00521737 -0.13403151 -0.27595096 -0.22562966 -0.0107618  -0.39315424
 -0.09737183]",[-0.31613764],-1.2576411595967951
16,19087,"[ 0.01144233  0.0179954  -0.17223431 -0.44793419 -0.1449724  -0.02835207
 -0.01967263 -0.27146732 -0.16045132 -0.1487259  -0.13306096 -0.24702616
 -0.00521737 -0.13403151 -0.27595096 -0.22562966 -0.0107618  -0.39315424
 -0.09737183]",[-0.22309989],-0.5451005120071329
16,19091,"[ 0.01144233  0.0179954  -0.17223431 -0.44793419 -0.1449724  -0.02835207
 -0.01967263 -0.27146732 -0.16045132 -0.1487259  -0.13306096 -0.24702616
 -0.00521737 -0.13403151 -0.27595096 -0.22562966 -0.0107618  -0.39315424
 -0.09737183]",[-0.17509021],-0.17741269407052287
16,19095,"[ 0.01144233  0.0179954  -0.17223431 -0.44793419 -0.1449724  -0.02835207
 -0.01967263 -0.27146732 -0.16045132 -0.1487259  -0.13306096 -0.24702616
 -0.00521737 -0.13403151 -0.27595096 -0.22562966 -0.0107618  -0.39315424
 -0.09737183]",[-0.34572155],-1.4842130043156063
16,19099,"[ 0.01144233  0.0179954  -0.17223431 -0.44793419 -0.1449724  -0.02835207
 -0.01967263 -0.27146732 -0.16045132 -0.1487259  -0.13306096 -0.24702616
 -0.00521737 -0.13403151 -0.27595096 -0.22562966 -0.0107618  -0.39315424
 -0.09737183]",[-0.06490631],0.6664436942711124
16,19097,"[ 0.01144233  0.0179954  -0.17223431 -0.44793419 -0.1449724  -0.02835207
 -0.01967263 -0.27146732 -0.16045132 -0.1487259  -0.13306096 -0.24702616
 -0.00521737 -0.13403151 -0.27595096 -0.22562966 -0.0107618  -0.39315424
 -0.09737183]",[-0.35824851],-1.5801522295615993
16,19101,"[ 0.01144233  0.0179954  -0.17223431 -0.44793419 -0.1449724  -0.02835207
 -0.01967263 -0.27146732 -0.16045132 -0.1487259  -0.13306096 -0.24702616
 -0.00521737 -0.13403151 -0.27595096 -0.22562966 -0.0107618  -0.39315424
 -0.09737183]",[-0.23384929],-0.6274260549612155
16,19103,"[ 0.01144233  0.0179954  -0.17223431 -0.44793419 -0.1449724  -0.02835207
 -0.01967263 -0.27146732 -0.16045132 -0.1487259  -0.13306096 -0.24702616
 -0.00521737 -0.13403151 -0.27595096 -0.22562966 -0.0107618  -0.39315424
 -0.09737183]",[-0.04383155],0.827847224883101
16,19105,"[ 0.01144233  0.0179954  -0.17223431 -0.44793419 -0.1449724  -0.02835207
 -0.01967263 -0.27146732 -0.16045132 -0.1487259  -0.13306096 -0.24702616
 -0.00521737 -0.13403151 -0.27595096 -0.22562966 -0.0107618  -0.39315424
 -0.09737183]",[-0.40770332],-1.9589077056477124
16,19107,"[ 0.01144233  0.0179954  -0.17223431 -0.44793419 -0.1449724  -0.02835207
 -0.01967263 -0.27146732 -0.16045132 -0.1487259  -0.13306096 -0.24702616
 -0.00521737 -0.13403151 -0.27595096 -0.22562966 -0.0107618  -0.39315424
 -0.09737183]",[-0.31145481],-1.2217771535333206
16,19109,"[ 0.01144233  0.0179954  -0.17223431 -0.44793419 -0.1449724  -0.02835207
 -0.01967263 -0.27146732 -0.16045132 -0.1487259  -0.13306096 -0.24702616
 -0.00521737 -0.13403151 -0.27595096 -0.22562966 -0.0107618  -0.39315424
 -0.09737183]",[-0.24689613],-0.7273468787281433
16,19111,"[ 0.01144233  0.0179954  -0.17223431 -0.44793419 -0.1449724  -0.02835207
 -0.01967263 -0.27146732 -0.16045132 -0.1487259  -0.13306096 -0.24702616
 -0.00521737 -0.13403151 -0.27595096 -0.22562966 -0.0107618  -0.39315424
 -0.09737183]",[-0.11419274],0.2889777755178956
16,19113,"[ 0.01144233  0.0179954  -0.17223431 -0.44793419 -0.1449724  -0.02835207
 -0.01967263 -0.27146732 -0.16045132 -0.1487259  -0.13306096 -0.24702616
 -0.00521737 -0.13403151 -0.27595096 -0.22562966 -0.0107618  -0.39315424
 -0.09737183]",[-0.01740559],1.0302335579787734
16,19117,"[ 0.01144233  0.0179954  -0.17223431 -0.44793419 -0.1449724  -0.02835207
 -0.01967263 -0.27146732 -0.16045132 -0.1487259  -0.13306096 -0.24702616
 -0.00521737 -0.13403151 -0.27595096 -0.22562966 -0.0107618  -0.39315424
 -0.09737183]",[-0.20794991],-0.4290726390923739
16,19123,"[ 0.01144233  0.0179954  -0.17223431 -0.44793419 -0.1449724  -0.02835207
 -0.01967263 -0.27146732 -0.16045132 -0.1487259  -0.13306096 -0.24702616
 -0.00521737 -0.13403151 -0.27595096 -0.22562966 -0.0107618  -0.39315424
 -0.09737183]",[-0.23276625],-0.6191315025799539
16,19125,"[ 0.01144233  0.0179954  -0.17223431 -0.44793419 -0.1449724  -0.02835207
 -0.01967263 -0.27146732 -0.16045132 -0.1487259  -0.13306096 -0.24702616
 -0.00521737 -0.13403151 -0.27595096 -0.22562966 -0.0107618  -0.39315424
 -0.09737183]",[-0.18315122],-0.23914891356705903
16,19127,"[ 0.01144233  0.0179954  -0.17223431 -0.44793419 -0.1449724  -0.02835207
 -0.01967263 -0.27146732 -0.16045132 -0.1487259  -0.13306096 -0.24702616
 -0.00521737 -0.13403151 -0.27595096 -0.22562966 -0.0107618  -0.39315424
 -0.09737183]",[-0.09522734],0.43422653438159353
16,19129,"[ 0.01144233  0.0179954  -0.17223431 -0.44793419 -0.1449724  -0.02835207
 -0.01967263 -0.27146732 -0.16045132 -0.1487259  -0.13306096 -0.24702616
 -0.00521737 -0.13403151 -0.27595096 -0.22562966 -0.0107618  -0.39315424
 -0.09737183]",[-0.3284909],-1.3522500554436654
16,19133,"[ 0.01144233  0.0179954  -0.17223431 -0.44793419 -0.1449724  -0.02835207
 -0.01967263 -0.27146732 -0.16045132 -0.1487259  -0.13306096 -0.24702616
 -0.00521737 -0.13403151 -0.27595096 -0.22562966 -0.0107618  -0.39315424
 -0.09737183]",[-0.52150883],-2.830500651290484
16,19137,"[ 0.01144233  0.0179954  -0.17223431 -0.44793419 -0.1449724  -0.02835207
 -0.01967263 -0.27146732 -0.16045132 -0.1487259  -0.13306096 -0.24702616
 -0.00521737 -0.13403151 -0.27595096 -0.22562966 -0.0107618  -0.39315424
 -0.09737183]",[-0.43137674],-2.1402133886381933
16,19139,"[ 0.01144233  0.0179954  -0.17223431 -0.44793419 -0.1449724  -0.02835207
 -0.01967263 -0.27146732 -0.16045132 -0.1487259  -0.13306096 -0.24702616
 -0.00521737 -0.13403151 -0.27595096 -0.22562966 -0.0107618  -0.39315424
 -0.09737183]",[0.03841414],1.4577355457610548
16,19141,"[ 0.01144233  0.0179954  -0.17223431 -0.44793419 -0.1449724  -0.02835207
 -0.01967263 -0.27146732 -0.16045132 -0.1487259  -0.13306096 -0.24702616
 -0.00521737 -0.13403151 -0.27595096 -0.22562966 -0.0107618  -0.39315424
 -0.09737183]",[-0.445789],-2.2505914115978567
16,19147,"[ 0.01144233  0.0179954  -0.17223431 -0.44793419 -0.1449724  -0.02835207
 -0.01967263 -0.27146732 -0.16045132 -0.1487259  -0.13306096 -0.24702616
 -0.00521737 -0.13403151 -0.27595096 -0.22562966 -0.0107618  -0.39315424
 -0.09737183]",[-0.43806796],-2.191458925056666
16,19145,"[ 0.01144233  0.0179954  -0.17223431 -0.44793419 -0.1449724  -0.02835207
 -0.01967263 -0.27146732 -0.16045132 -0.1487259  -0.13306096 -0.24702616
 -0.00521737 -0.13403151 -0.27595096 -0.22562966 -0.0107618  -0.39315424
 -0.09737183]",[-0.46272606],-2.3803059111909883
16,19149,"[ 0.01144233  0.0179954  -0.17223431 -0.44793419 -0.1449724  -0.02835207
 -0.01967263 -0.27146732 -0.16045132 -0.1487259  -0.13306096 -0.24702616
 -0.00521737 -0.13403151 -0.27595096 -0.22562966 -0.0107618  -0.39315424
 -0.09737183]",[0.01384097],1.2695390518182932
16,19153,"[ 0.01144233  0.0179954  -0.17223431 -0.44793419 -0.1449724  -0.02835207
 -0.01967263 -0.27146732 -0.16045132 -0.1487259  -0.13306096 -0.24702616
 -0.00521737 -0.13403151 -0.27595096 -0.22562966 -0.0107618  -0.39315424
 -0.09737183]",[0.01322634],1.264831815520951
16,19155,"[ 0.01144233  0.0179954  -0.17223431 -0.44793419 -0.1449724  -0.02835207
 -0.01967263 -0.27146732 -0.16045132 -0.1487259  -0.13306096 -0.24702616
 -0.00521737 -0.13403151 -0.27595096 -0.22562966 -0.0107618  -0.39315424
 -0.09737183]",[-0.01548782],1.0449210087060095
16,19157,"[ 0.01144233  0.0179954  -0.17223431 -0.44793419 -0.1449724  -0.02835207
 -0.01967263 -0.27146732 -0.16045132 -0.1487259  -0.13306096 -0.24702616
 -0.00521737 -0.13403151 -0.27595096 -0.22562966 -0.0107618  -0.39315424
 -0.09737183]",[-0.14973188],0.016797042767959253
16,19161,"[ 0.01144233  0.0179954  -0.17223431 -0.44793419 -0.1449724  -0.02835207
 -0.01967263 -0.27146732 -0.16045132 -0.1487259  -0.13306096 -0.24702616
 -0.00521737 -0.13403151 -0.27595096 -0.22562966 -0.0107618  -0.39315424
 -0.09737183]",[-0.30972217],-1.208507508545516
16,19163,"[ 0.01144233  0.0179954  -0.17223431 -0.44793419 -0.1449724  -0.02835207
 -0.01967263 -0.27146732 -0.16045132 -0.1487259  -0.13306096 -0.24702616
 -0.00521737 -0.13403151 -0.27595096 -0.22562966 -0.0107618  -0.39315424
 -0.09737183]",[0.0435093],1.4967574307886153
16,19165,"[ 0.01144233  0.0179954  -0.17223431 -0.44793419 -0.1449724  -0.02835207
 -0.01967263 -0.27146732 -0.16045132 -0.1487259  -0.13306096 -0.24702616
 -0.00521737 -0.13403151 -0.27595096 -0.22562966 -0.0107618  -0.39315424
 -0.09737183]",[-0.29726418],-1.1130965292599804
16,19167,"[ 0.01144233  0.0179954  -0.17223431 -0.44793419 -0.1449724  -0.02835207
 -0.01967263 -0.27146732 -0.16045132 -0.1487259  -0.13306096 -0.24702616
 -0.00521737 -0.13403151 -0.27595096 -0.22562966 -0.0107618  -0.39315424
 -0.09737183]",[-0.12947203],0.1719594804956852
16,19169,"[ 0.01144233  0.0179954  -0.17223431 -0.44793419 -0.1449724  -0.02835207
 -0.01967263 -0.27146732 -0.16045132 -0.1487259  -0.13306096 -0.24702616
 -0.00521737 -0.13403151 -0.27595096 -0.22562966 -0.0107618  -0.39315424
 -0.09737183]",[-0.01177263],1.073374251957207
16,19171,"[ 0.01144233  0.0179954  -0.17223431 -0.44793419 -0.1449724  -0.02835207
 -0.01967263 -0.27146732 -0.16045132 -0.1487259  -0.13306096 -0.24702616
 -0.00521737 -0.13403151 -0.27595096 -0.22562966 -0.0107618  -0.39315424
 -0.09737183]",[-0.14465049],0.05571348073241951
16,19175,"[ 0.01144233  0.0179954  -0.17223431 -0.44793419 -0.1449724  -0.02835207
 -0.01967263 -0.27146732 -0.16045132 -0.1487259  -0.13306096 -0.24702616
 -0.00521737 -0.13403151 -0.27595096 -0.22562966 -0.0107618  -0.39315424
 -0.09737183]",[-0.27680033],-0.9563717152174318
16,19179,"[ 0.01144233  0.0179954  -0.17223431 -0.44793419 -0.1449724  -0.02835207
 -0.01967263 -0.27146732 -0.16045132 -0.1487259  -0.13306096 -0.24702616
 -0.00521737 -0.13403151 -0.27595096 -0.22562966 -0.0107618  -0.39315424
 -0.09737183]",[-0.08070805],0.545424208934967
16,19183,"[ 0.01144233  0.0179954  -0.17223431 -0.44793419 -0.1449724  -0.02835207
 -0.01967263 -0.27146732 -0.16045132 -0.1487259  -0.13306096 -0.24702616
 -0.00521737 -0.13403151 -0.27595096 -0.22562966 -0.0107618  -0.39315424
 -0.09737183]",[-0.35333553],-1.54252560820555
16,19181,"[ 0.01144233  0.0179954  -0.17223431 -0.44793419 -0.1449724  -0.02835207
 -0.01967263 -0.27146732 -0.16045132 -0.1487259  -0.13306096 -0.24702616
 -0.00521737 -0.13403151 -0.27595096 -0.22562966 -0.0107618  -0.39315424
 -0.09737183]",[-0.04888647],0.789133518853444
16,19187,"[ 0.01144233  0.0179954  -0.17223431 -0.44793419 -0.1449724  -0.02835207
 -0.01967263 -0.27146732 -0.16045132 -0.1487259  -0.13306096 -0.24702616
 -0.00521737 -0.13403151 -0.27595096 -0.22562966 -0.0107618  -0.39315424
 -0.09737183]",[-0.04896656],0.7885201181172623
16,19191,"[ 0.01144233  0.0179954  -0.17223431 -0.44793419 -0.1449724  -0.02835207
 -0.01967263 -0.27146732 -0.16045132 -0.1487259  -0.13306096 -0.24702616
 -0.00521737 -0.13403151 -0.27595096 -0.22562966 -0.0107618  -0.39315424
 -0.09737183]",[-0.22274142],-0.5423551901812171
16,19193,"[ 0.01144233  0.0179954  -0.17223431 -0.44793419 -0.1449724  -0.02835207
 -0.01967263 -0.27146732 -0.16045132 -0.1487259  -0.13306096 -0.24702616
 -0.00521737 -0.13403151 -0.27595096 -0.22562966 -0.0107618  -0.39315424
 -0.09737183]",[-0.03396491],0.9034120370956032
16,19197,"[ 0.01144233  0.0179954  -0.17223431 -0.44793419 -0.1449724  -0.02835207
 -0.01967263 -0.27146732 -0.16045132 -0.1487259  -0.13306096 -0.24702616
 -0.00521737 -0.13403151 -0.27595096 -0.22562966 -0.0107618  -0.39315424
 -0.09737183]",[-0.45994979],-2.3590435047090765
16,20001,"[ 0.01144233  0.0179954  -0.17223431 -0.44793419 -0.1449724  -0.02835207
 -0.01967263 -0.27146732 -0.16045132 -0.1487259  -0.13306096 -0.24702616
 -0.00521737 -0.13403151 -0.27595096 -0.22562966 -0.0107618  -0.39315424
 -0.09737183]",[-0.37754637],-1.7279471962084867
16,20005,"[ 0.01144233  0.0179954  -0.17223431 -0.44793419 -0.1449724  -0.02835207
 -0.01967263 -0.27146732 -0.16045132 -0.1487259  -0.13306096 -0.24702616
 -0.00521737 -0.13403151 -0.27595096 -0.22562966 -0.0107618  -0.39315424
 -0.09737183]",[-0.33135178],-1.3741604342060667
16,20009,"[ 0.01144233  0.0179954  -0.17223431 -0.44793419 -0.1449724  -0.02835207
 -0.01967263 -0.27146732 -0.16045132 -0.1487259  -0.13306096 -0.24702616
 -0.00521737 -0.13403151 -0.27595096 -0.22562966 -0.0107618  -0.39315424
 -0.09737183]",[0.0439298],1.4999779417399801
16,20011,"[ 0.01144233  0.0179954  -0.17223431 -0.44793419 -0.1449724  -0.02835207
 -0.01967263 -0.27146732 -0.16045132 -0.1487259  -0.13306096 -0.24702616
 -0.00521737 -0.13403151 -0.27595096 -0.22562966 -0.0107618  -0.39315424
 -0.09737183]",[-0.27577137],-0.9484912775411739
16,20015,"[ 0.01144233  0.0179954  -0.17223431 -0.44793419 -0.1449724  -0.02835207
 -0.01967263 -0.27146732 -0.16045132 -0.1487259  -0.13306096 -0.24702616
 -0.00521737 -0.13403151 -0.27595096 -0.22562966 -0.0107618  -0.39315424
 -0.09737183]",[0.0326249],1.4133980341611174
16,20029,"[ 0.01144233  0.0179954  -0.17223431 -0.44793419 -0.1449724  -0.02835207
 -0.01967263 -0.27146732 -0.16045132 -0.1487259  -0.13306096 -0.24702616
 -0.00521737 -0.13403151 -0.27595096 -0.22562966 -0.0107618  -0.39315424
 -0.09737183]",[-0.31729674],-1.2665182636217185
16,20021,"[ 0.01144233  0.0179954  -0.17223431 -0.44793419 -0.1449724  -0.02835207
 -0.01967263 -0.27146732 -0.16045132 -0.1487259  -0.13306096 -0.24702616
 -0.00521737 -0.13403151 -0.27595096 -0.22562966 -0.0107618  -0.39315424
 -0.09737183]",[-0.17886875],-0.20635109867692084
16,20035,"[ 0.01144233  0.0179954  -0.17223431 -0.44793419 -0.1449724  -0.02835207
 -0.01967263 -0.27146732 -0.16045132 -0.1487259  -0.13306096 -0.24702616
 -0.00521737 -0.13403151 -0.27595096 -0.22562966 -0.0107618  -0.39315424
 -0.09737183]",[-0.1491595],0.021180656186366803
16,20037,"[ 0.01144233  0.0179954  -0.17223431 -0.44793419 -0.1449724  -0.02835207
 -0.01967263 -0.27146732 -0.16045132 -0.1487259  -0.13306096 -0.24702616
 -0.00521737 -0.13403151 -0.27595096 -0.22562966 -0.0107618  -0.39315424
 -0.09737183]",[0.0034782],1.1901745728256414
16,20041,"[ 0.01144233  0.0179954  -0.17223431 -0.44793419 -0.1449724  -0.02835207
 -0.01967263 -0.27146732 -0.16045132 -0.1487259  -0.13306096 -0.24702616
 -0.00521737 -0.13403151 -0.27595096 -0.22562966 -0.0107618  -0.39315424
 -0.09737183]",[-0.14440933],0.057560425668432835
16,20045,"[ 0.01144233  0.0179954  -0.17223431 -0.44793419 -0.1449724  -0.02835207
 -0.01967263 -0.27146732 -0.16045132 -0.1487259  -0.13306096 -0.24702616
 -0.00521737 -0.13403151 -0.27595096 -0.22562966 -0.0107618  -0.39315424
 -0.09737183]",[-0.01430944],1.0539457946266415
16,20051,"[ 0.01144233  0.0179954  -0.17223431 -0.44793419 -0.1449724  -0.02835207
 -0.01967263 -0.27146732 -0.16045132 -0.1487259  -0.13306096 -0.24702616
 -0.00521737 -0.13403151 -0.27595096 -0.22562966 -0.0107618  -0.39315424
 -0.09737183]",[-0.29676976],-1.1093099440076524
16,20055,"[ 0.01144233  0.0179954  -0.17223431 -0.44793419 -0.1449724  -0.02835207
 -0.01967263 -0.27146732 -0.16045132 -0.1487259  -0.13306096 -0.24702616
 -0.00521737 -0.13403151 -0.27595096 -0.22562966 -0.0107618  -0.39315424
 -0.09737183]",[-0.0965658],0.42397576135705467
16,20057,"[ 0.01144233  0.0179954  -0.17223431 -0.44793419 -0.1449724  -0.02835207
 -0.01967263 -0.27146732 -0.16045132 -0.1487259  -0.13306096 -0.24702616
 -0.00521737 -0.13403151 -0.27595096 -0.22562966 -0.0107618  -0.39315424
 -0.09737183]",[-0.11412793],0.2894741212805319
16,20059,"[ 0.01144233  0.0179954  -0.17223431 -0.44793419 -0.1449724  -0.02835207
 -0.01967263 -0.27146732 -0.16045132 -0.1487259  -0.13306096 -0.24702616
 -0.00521737 -0.13403151 -0.27595096 -0.22562966 -0.0107618  -0.39315424
 -0.09737183]",[-0.12983103],0.16921007634648916
16,20061,"[ 0.01144233  0.0179954  -0.17223431 -0.44793419 -0.1449724  -0.02835207
 -0.01967263 -0.27146732 -0.16045132 -0.1487259  -0.13306096 -0.24702616
 -0.00521737 -0.13403151 -0.27595096 -0.22562966 -0.0107618  -0.39315424
 -0.09737183]",[-0.02957662],0.9370203090233572
16,20079,"[ 0.01144233  0.0179954  -0.17223431 -0.44793419 -0.1449724  -0.02835207
 -0.01967263 -0.27146732 -0.16045132 -0.1487259  -0.13306096 -0.24702616
 -0.00521737 -0.13403151 -0.27595096 -0.22562966 -0.0107618  -0.39315424
 -0.09737183]",[-0.21203399],-0.46035104231171664
16,20087,"[ 0.01144233  0.0179954  -0.17223431 -0.44793419 -0.1449724  -0.02835207
 -0.01967263 -0.27146732 -0.16045132 -0.1487259  -0.13306096 -0.24702616
 -0.00521737 -0.13403151 -0.27595096 -0.22562966 -0.0107618  -0.39315424
 -0.09737183]",[-0.2324122],-0.6164199926726982
16,20091,"[ 0.01144233  0.0179954  -0.17223431 -0.44793419 -0.1449724  -0.02835207
 -0.01967263 -0.27146732 -0.16045132 -0.1487259  -0.13306096 -0.24702616
 -0.00521737 -0.13403151 -0.27595096 -0.22562966 -0.0107618  -0.39315424
 -0.09737183]",[-0.01215443],1.0704501723258917
16,20099,"[ 0.01144233  0.0179954  -0.17223431 -0.44793419 -0.1449724  -0.02835207
 -0.01967263 -0.27146732 -0.16045132 -0.1487259  -0.13306096 -0.24702616
 -0.00521737 -0.13403151 -0.27595096 -0.22562966 -0.0107618  -0.39315424
 -0.09737183]",[-0.15059118],0.010215992389137727
16,20103,"[ 0.01144233  0.0179954  -0.17223431 -0.44793419 -0.1449724  -0.02835207
 -0.01967263 -0.27146732 -0.16045132 -0.1487259  -0.13306096 -0.24702616
 -0.00521737 -0.13403151 -0.27595096 -0.22562966 -0.0107618  -0.39315424
 -0.09737183]",[-0.11324787],0.29621411624714816
16,20111,"[ 0.01144233  0.0179954  -0.17223431 -0.44793419 -0.1449724  -0.02835207
 -0.01967263 -0.27146732 -0.16045132 -0.1487259  -0.13306096 -0.24702616
 -0.00521737 -0.13403151 -0.27595096 -0.22562966 -0.0107618  -0.39315424
 -0.09737183]",[-0.16338098],-0.0877362355528732
16,20113,"[ 0.01144233  0.0179954  -0.17223431 -0.44793419 -0.1449724  -0.02835207
 -0.01967263 -0.27146732 -0.16045132 -0.1487259  -0.13306096 -0.24702616
 -0.00521737 -0.13403151 -0.27595096 -0.22562966 -0.0107618  -0.39315424
 -0.09737183]",[-0.30071525],-1.1395269443503895
16,20115,"[ 0.01144233  0.0179954  -0.17223431 -0.44793419 -0.1449724  -0.02835207
 -0.01967263 -0.27146732 -0.16045132 -0.1487259  -0.13306096 -0.24702616
 -0.00521737 -0.13403151 -0.27595096 -0.22562966 -0.0107618  -0.39315424
 -0.09737183]",[-0.25501499],-0.7895260724309651
16,20117,"[ 0.01144233  0.0179954  -0.17223431 -0.44793419 -0.1449724  -0.02835207
 -0.01967263 -0.27146732 -0.16045132 -0.1487259  -0.13306096 -0.24702616
 -0.00521737 -0.13403151 -0.27595096 -0.22562966 -0.0107618  -0.39315424
 -0.09737183]",[-0.30893008],-1.202441211168977
16,20121,"[ 0.01144233  0.0179954  -0.17223431 -0.44793419 -0.1449724  -0.02835207
 -0.01967263 -0.27146732 -0.16045132 -0.1487259  -0.13306096 -0.24702616
 -0.00521737 -0.13403151 -0.27595096 -0.22562966 -0.0107618  -0.39315424
 -0.09737183]",[-0.07309502],0.6037294604173995
16,20125,"[ 0.01144233  0.0179954  -0.17223431 -0.44793419 -0.1449724  -0.02835207
 -0.01967263 -0.27146732 -0.16045132 -0.1487259  -0.13306096 -0.24702616
 -0.00521737 -0.13403151 -0.27595096 -0.22562966 -0.0107618  -0.39315424
 -0.09737183]",[-0.11249484],0.3019812929929352
16,20133,"[ 0.01144233  0.0179954  -0.17223431 -0.44793419 -0.1449724  -0.02835207
 -0.01967263 -0.27146732 -0.16045132 -0.1487259  -0.13306096 -0.24702616
 -0.00521737 -0.13403151 -0.27595096 -0.22562966 -0.0107618  -0.39315424
 -0.09737183]",[0.05975093],1.6211459335030858
16,20149,"[ 0.01144233  0.0179954  -0.17223431 -0.44793419 -0.1449724  -0.02835207
 -0.01967263 -0.27146732 -0.16045132 -0.1487259  -0.13306096 -0.24702616
 -0.00521737 -0.13403151 -0.27595096 -0.22562966 -0.0107618  -0.39315424
 -0.09737183]",[-0.23766996],-0.6566871653097781
16,20139,"[ 0.01144233  0.0179954  -0.17223431 -0.44793419 -0.1449724  -0.02835207
 -0.01967263 -0.27146732 -0.16045132 -0.1487259  -0.13306096 -0.24702616
 -0.00521737 -0.13403151 -0.27595096 -0.22562966 -0.0107618  -0.39315424
 -0.09737183]",[-0.2064369],-0.41748507837753873
16,20155,"[ 0.01144233  0.0179954  -0.17223431 -0.44793419 -0.1449724  -0.02835207
 -0.01967263 -0.27146732 -0.16045132 -0.1487259  -0.13306096 -0.24702616
 -0.00521737 -0.13403151 -0.27595096 -0.22562966 -0.0107618  -0.39315424
 -0.09737183]",[-0.09181752],0.4603410347749795
16,20161,"[ 0.01144233  0.0179954  -0.17223431 -0.44793419 -0.1449724  -0.02835207
 -0.01967263 -0.27146732 -0.16045132 -0.1487259  -0.13306096 -0.24702616
 -0.00521737 -0.13403151 -0.27595096 -0.22562966 -0.0107618  -0.39315424
 -0.09737183]",[-0.07836068],0.5634018156968136
16,20169,"[ 0.01144233  0.0179954  -0.17223431 -0.44793419 -0.1449724  -0.02835207
 -0.01967263 -0.27146732 -0.16045132 -0.1487259  -0.13306096 -0.24702616
 -0.00521737 -0.13403151 -0.27595096 -0.22562966 -0.0107618  -0.39315424
 -0.09737183]",[-0.11551968],0.278815248421867
16,20173,"[ 0.01144233  0.0179954  -0.17223431 -0.44793419 -0.1449724  -0.02835207
 -0.01967263 -0.27146732 -0.16045132 -0.1487259  -0.13306096 -0.24702616
 -0.00521737 -0.13403151 -0.27595096 -0.22562966 -0.0107618  -0.39315424
 -0.09737183]",[0.00557214],1.2062112575221888
16,20175,"[ 0.01144233  0.0179954  -0.17223431 -0.44793419 -0.1449724  -0.02835207
 -0.01967263 -0.27146732 -0.16045132 -0.1487259  -0.13306096 -0.24702616
 -0.00521737 -0.13403151 -0.27595096 -0.22562966 -0.0107618  -0.39315424
 -0.09737183]",[-0.36879493],-1.6609232253957085
16,20177,"[ 0.01144233  0.0179954  -0.17223431 -0.44793419 -0.1449724  -0.02835207
 -0.01967263 -0.27146732 -0.16045132 -0.1487259  -0.13306096 -0.24702616
 -0.00521737 -0.13403151 -0.27595096 -0.22562966 -0.0107618  -0.39315424
 -0.09737183]",[-0.03654885],0.8836226554925579
16,20191,"[ 0.01144233  0.0179954  -0.17223431 -0.44793419 -0.1449724  -0.02835207
 -0.01967263 -0.27146732 -0.16045132 -0.1487259  -0.13306096 -0.24702616
 -0.00521737 -0.13403151 -0.27595096 -0.22562966 -0.0107618  -0.39315424
 -0.09737183]",[-0.15630544],-0.03354735236549268
16,20205,"[ 0.01144233  0.0179954  -0.17223431 -0.44793419 -0.1449724  -0.02835207
 -0.01967263 -0.27146732 -0.16045132 -0.1487259  -0.13306096 -0.24702616
 -0.00521737 -0.13403151 -0.27595096 -0.22562966 -0.0107618  -0.39315424
 -0.09737183]",[-0.70431195],-4.230519978219707
16,20209,"[ 0.01144233  0.0179954  -0.17223431 -0.44793419 -0.1449724  -0.02835207
 -0.01967263 -0.27146732 -0.16045132 -0.1487259  -0.13306096 -0.24702616
 -0.00521737 -0.13403151 -0.27595096 -0.22562966 -0.0107618  -0.39315424
 -0.09737183]",[0.06485428],1.6602305094629004
16,21001,"[ 0.01144233  0.0179954  -0.17223431 -0.44793419 -0.1449724  -0.02835207
 -0.01967263 -0.27146732 -0.16045132 -0.1487259  -0.13306096 -0.24702616
 -0.00521737 -0.13403151 -0.27595096 -0.22562966 -0.0107618  -0.39315424
 -0.09737183]",[-0.19637975],-0.3404612041001702
16,21003,"[ 0.01144233  0.0179954  -0.17223431 -0.44793419 -0.1449724  -0.02835207
 -0.01967263 -0.27146732 -0.16045132 -0.1487259  -0.13306096 -0.24702616
 -0.00521737 -0.13403151 -0.27595096 -0.22562966 -0.0107618  -0.39315424
 -0.09737183]",[-0.20864107],-0.4343659211075885
16,21005,"[ 0.01144233  0.0179954  -0.17223431 -0.44793419 -0.1449724  -0.02835207
 -0.01967263 -0.27146732 -0.16045132 -0.1487259  -0.13306096 -0.24702616
 -0.00521737 -0.13403151 -0.27595096 -0.22562966 -0.0107618  -0.39315424
 -0.09737183]",[-0.2718944],-0.918799044900423
16,21009,"[ 0.01144233  0.0179954  -0.17223431 -0.44793419 -0.1449724  -0.02835207
 -0.01967263 -0.27146732 -0.16045132 -0.1487259  -0.13306096 -0.24702616
 -0.00521737 -0.13403151 -0.27595096 -0.22562966 -0.0107618  -0.39315424
 -0.09737183]",[-0.17019457],-0.13991889232718838
16,21013,"[ 0.01144233  0.0179954  -0.17223431 -0.44793419 -0.1449724  -0.02835207
 -0.01967263 -0.27146732 -0.16045132 -0.1487259  -0.13306096 -0.24702616
 -0.00521737 -0.13403151 -0.27595096 -0.22562966 -0.0107618  -0.39315424
 -0.09737183]",[-0.10887098],0.32973504647490076
16,21015,"[ 0.01144233  0.0179954  -0.17223431 -0.44793419 -0.1449724  -0.02835207
 -0.01967263 -0.27146732 -0.16045132 -0.1487259  -0.13306096 -0.24702616
 -0.00521737 -0.13403151 -0.27595096 -0.22562966 -0.0107618  -0.39315424
 -0.09737183]",[-0.09300701],0.45123119700409053
16,21017,"[ 0.01144233  0.0179954  -0.17223431 -0.44793419 -0.1449724  -0.02835207
 -0.01967263 -0.27146732 -0.16045132 -0.1487259  -0.13306096 -0.24702616
 -0.00521737 -0.13403151 -0.27595096 -0.22562966 -0.0107618  -0.39315424
 -0.09737183]",[-0.17462637],-0.17386033577175405
16,21019,"[ 0.01144233  0.0179954  -0.17223431 -0.44793419 -0.1449724  -0.02835207
 -0.01967263 -0.27146732 -0.16045132 -0.1487259  -0.13306096 -0.24702616
 -0.00521737 -0.13403151 -0.27595096 -0.22562966 -0.0107618  -0.39315424
 -0.09737183]",[-0.1157392],0.27713402943978577
16,21021,"[ 0.01144233  0.0179954  -0.17223431 -0.44793419 -0.1449724  -0.02835207
 -0.01967263 -0.27146732 -0.16045132 -0.1487259  -0.13306096 -0.24702616
 -0.00521737 -0.13403151 -0.27595096 -0.22562966 -0.0107618  -0.39315424
 -0.09737183]",[-0.1766459],-0.1893271765753411
16,21025,"[ 0.01144233  0.0179954  -0.17223431 -0.44793419 -0.1449724  -0.02835207
 -0.01967263 -0.27146732 -0.16045132 -0.1487259  -0.13306096 -0.24702616
 -0.00521737 -0.13403151 -0.27595096 -0.22562966 -0.0107618  -0.39315424
 -0.09737183]",[-0.20067649],-0.373368255692615
16,21027,"[ 0.01144233  0.0179954  -0.17223431 -0.44793419 -0.1449724  -0.02835207
 -0.01967263 -0.27146732 -0.16045132 -0.1487259  -0.13306096 -0.24702616
 -0.00521737 -0.13403151 -0.27595096 -0.22562966 -0.0107618  -0.39315424
 -0.09737183]",[-0.12397141],0.21408662594241895
16,21029,"[ 0.01144233  0.0179954  -0.17223431 -0.44793419 -0.1449724  -0.02835207
 -0.01967263 -0.27146732 -0.16045132 -0.1487259  -0.13306096 -0.24702616
 -0.00521737 -0.13403151 -0.27595096 -0.22562966 -0.0107618  -0.39315424
 -0.09737183]",[-0.00865657],1.097238980740277
16,21031,"[ 0.01144233  0.0179954  -0.17223431 -0.44793419 -0.1449724  -0.02835207
 -0.01967263 -0.27146732 -0.16045132 -0.1487259  -0.13306096 -0.24702616
 -0.00521737 -0.13403151 -0.27595096 -0.22562966 -0.0107618  -0.39315424
 -0.09737183]",[-0.33902648],-1.4329380265689615
16,21035,"[ 0.01144233  0.0179954  -0.17223431 -0.44793419 -0.1449724  -0.02835207
 -0.01967263 -0.27146732 -0.16045132 -0.1487259  -0.13306096 -0.24702616
 -0.00521737 -0.13403151 -0.27595096 -0.22562966 -0.0107618  -0.39315424
 -0.09737183]",[-0.13600704],0.12191035808777582
16,21037,"[ 0.01144233  0.0179954  -0.17223431 -0.44793419 -0.1449724  -0.02835207
 -0.01967263 -0.27146732 -0.16045132 -0.1487259  -0.13306096 -0.24702616
 -0.00521737 -0.13403151 -0.27595096 -0.22562966 -0.0107618  -0.39315424
 -0.09737183]",[-0.03564487],0.8905459018977879
16,21043,"[ 0.01144233  0.0179954  -0.17223431 -0.44793419 -0.1449724  -0.02835207
 -0.01967263 -0.27146732 -0.16045132 -0.1487259  -0.13306096 -0.24702616
 -0.00521737 -0.13403151 -0.27595096 -0.22562966 -0.0107618  -0.39315424
 -0.09737183]",[-0.21469254],-0.4807118660024823
16,21045,"[ 0.01144233  0.0179954  -0.17223431 -0.44793419 -0.1449724  -0.02835207
 -0.01967263 -0.27146732 -0.16045132 -0.1487259  -0.13306096 -0.24702616
 -0.00521737 -0.13403151 -0.27595096 -0.22562966 -0.0107618  -0.39315424
 -0.09737183]",[-0.34384572],-1.4698467685169267
16,21047,"[ 0.01144233  0.0179954  -0.17223431 -0.44793419 -0.1449724  -0.02835207
 -0.01967263 -0.27146732 -0.16045132 -0.1487259  -0.13306096 -0.24702616
 -0.00521737 -0.13403151 -0.27595096 -0.22562966 -0.0107618  -0.39315424
 -0.09737183]",[-0.09877189],0.40708015905028766
16,21049,"[ 0.01144233  0.0179954  -0.17223431 -0.44793419 -0.1449724  -0.02835207
 -0.01967263 -0.27146732 -0.16045132 -0.1487259  -0.13306096 -0.24702616
 -0.00521737 -0.13403151 -0.27595096 -0.22562966 -0.0107618  -0.39315424
 -0.09737183]",[-0.08531363],0.5101518442885893
16,21051,"[ 0.01144233  0.0179954  -0.17223431 -0.44793419 -0.1449724  -0.02835207
 -0.01967263 -0.27146732 -0.16045132 -0.1487259  -0.13306096 -0.24702616
 -0.00521737 -0.13403151 -0.27595096 -0.22562966 -0.0107618  -0.39315424
 -0.09737183]",[-0.17714897],-0.19317998405234038
16,21055,"[ 0.01144233  0.0179954  -0.17223431 -0.44793419 -0.1449724  -0.02835207
 -0.01967263 -0.27146732 -0.16045132 -0.1487259  -0.13306096 -0.24702616
 -0.00521737 -0.13403151 -0.27595096 -0.22562966 -0.0107618  -0.39315424
 -0.09737183]",[-0.35141931],-1.5278499732130697
16,21059,"[ 0.01144233  0.0179954  -0.17223431 -0.44793419 -0.1449724  -0.02835207
 -0.01967263 -0.27146732 -0.16045132 -0.1487259  -0.13306096 -0.24702616
 -0.00521737 -0.13403151 -0.27595096 -0.22562966 -0.0107618  -0.39315424
 -0.09737183]",[-0.04360369],0.8295923340435147
16,21061,"[ 0.01144233  0.0179954  -0.17223431 -0.44793419 -0.1449724  -0.02835207
 -0.01967263 -0.27146732 -0.16045132 -0.1487259  -0.13306096 -0.24702616
 -0.00521737 -0.13403151 -0.27595096 -0.22562966 -0.0107618  -0.39315424
 -0.09737183]",[-0.25544596],-0.7928267687180043
16,21065,"[ 0.01144233  0.0179954  -0.17223431 -0.44793419 -0.1449724  -0.02835207
 -0.01967263 -0.27146732 -0.16045132 -0.1487259  -0.13306096 -0.24702616
 -0.00521737 -0.13403151 -0.27595096 -0.22562966 -0.0107618  -0.39315424
 -0.09737183]",[-0.257242],-0.8065819398405243
16,21067,"[ 0.01144233  0.0179954  -0.17223431 -0.44793419 -0.1449724  -0.02835207
 -0.01967263 -0.27146732 -0.16045132 -0.1487259  -0.13306096 -0.24702616
 -0.00521737 -0.13403151 -0.27595096 -0.22562966 -0.0107618  -0.39315424
 -0.09737183]",[0.01118179],1.249173391174675
16,21069,"[ 0.01144233  0.0179954  -0.17223431 -0.44793419 -0.1449724  -0.02835207
 -0.01967263 -0.27146732 -0.16045132 -0.1487259  -0.13306096 -0.24702616
 -0.00521737 -0.13403151 -0.27595096 -0.22562966 -0.0107618  -0.39315424
 -0.09737183]",[-0.25250877],-0.7703319272257084
16,21071,"[ 0.01144233  0.0179954  -0.17223431 -0.44793419 -0.1449724  -0.02835207
 -0.01967263 -0.27146732 -0.16045132 -0.1487259  -0.13306096 -0.24702616
 -0.00521737 -0.13403151 -0.27595096 -0.22562966 -0.0107618  -0.39315424
 -0.09737183]",[-0.24407611],-0.7057494307750621
16,21073,"[ 0.01144233  0.0179954  -0.17223431 -0.44793419 -0.1449724  -0.02835207
 -0.01967263 -0.27146732 -0.16045132 -0.1487259  -0.13306096 -0.24702616
 -0.00521737 -0.13403151 -0.27595096 -0.22562966 -0.0107618  -0.39315424
 -0.09737183]",[-0.10483832],0.360619650029235
16,21079,"[ 0.01144233  0.0179954  -0.17223431 -0.44793419 -0.1449724  -0.02835207
 -0.01967263 -0.27146732 -0.16045132 -0.1487259  -0.13306096 -0.24702616
 -0.00521737 -0.13403151 -0.27595096 -0.22562966 -0.0107618  -0.39315424
 -0.09737183]",[-0.41594027],-2.0219914017081564
16,21081,"[ 0.01144233  0.0179954  -0.17223431 -0.44793419 -0.1449724  -0.02835207
 -0.01967263 -0.27146732 -0.16045132 -0.1487259  -0.13306096 -0.24702616
 -0.00521737 -0.13403151 -0.27595096 -0.22562966 -0.0107618  -0.39315424
 -0.09737183]",[-0.2541138],-0.782624269807726
16,21083,"[ 0.01144233  0.0179954  -0.17223431 -0.44793419 -0.1449724  -0.02835207
 -0.01967263 -0.27146732 -0.16045132 -0.1487259  -0.13306096 -0.24702616
 -0.00521737 -0.13403151 -0.27595096 -0.22562966 -0.0107618  -0.39315424
 -0.09737183]",[-0.02273089],0.9894491445679541
16,21085,"[ 0.01144233  0.0179954  -0.17223431 -0.44793419 -0.1449724  -0.02835207
 -0.01967263 -0.27146732 -0.16045132 -0.1487259  -0.13306096 -0.24702616
 -0.00521737 -0.13403151 -0.27595096 -0.22562966 -0.0107618  -0.39315424
 -0.09737183]",[-0.07533523],0.5865725884643435
16,21089,"[ 0.01144233  0.0179954  -0.17223431 -0.44793419 -0.1449724  -0.02835207
 -0.01967263 -0.27146732 -0.16045132 -0.1487259  -0.13306096 -0.24702616
 -0.00521737 -0.13403151 -0.27595096 -0.22562966 -0.0107618  -0.39315424
 -0.09737183]",[-0.01411688],1.0554205456080088
16,21087,"[ 0.01144233  0.0179954  -0.17223431 -0.44793419 -0.1449724  -0.02835207
 -0.01967263 -0.27146732 -0.16045132 -0.1487259  -0.13306096 -0.24702616
 -0.00521737 -0.13403151 -0.27595096 -0.22562966 -0.0107618  -0.39315424
 -0.09737183]",[-0.27480141],-0.9410627516931287
16,21093,"[ 0.01144233  0.0179954  -0.17223431 -0.44793419 -0.1449724  -0.02835207
 -0.01967263 -0.27146732 -0.16045132 -0.1487259  -0.13306096 -0.24702616
 -0.00521737 -0.13403151 -0.27595096 -0.22562966 -0.0107618  -0.39315424
 -0.09737183]",[-0.01131539],1.0768760888965823
16,21095,"[ 0.01144233  0.0179954  -0.17223431 -0.44793419 -0.1449724  -0.02835207
 -0.01967263 -0.27146732 -0.16045132 -0.1487259  -0.13306096 -0.24702616
 -0.00521737 -0.13403151 -0.27595096 -0.22562966 -0.0107618  -0.39315424
 -0.09737183]",[-0.11910757],0.25133690946088233
16,21097,"[ 0.01144233  0.0179954  -0.17223431 -0.44793419 -0.1449724  -0.02835207
 -0.01967263 -0.27146732 -0.16045132 -0.1487259  -0.13306096 -0.24702616
 -0.00521737 -0.13403151 -0.27595096 -0.22562966 -0.0107618  -0.39315424
 -0.09737183]",[-0.31577184],-1.254839592859223
16,21099,"[ 0.01144233  0.0179954  -0.17223431 -0.44793419 -0.1449724  -0.02835207
 -0.01967263 -0.27146732 -0.16045132 -0.1487259  -0.13306096 -0.24702616
 -0.00521737 -0.13403151 -0.27595096 -0.22562966 -0.0107618  -0.39315424
 -0.09737183]",[-0.08749481],0.4934470238571063
16,21101,"[ 0.01144233  0.0179954  -0.17223431 -0.44793419 -0.1449724  -0.02835207
 -0.01967263 -0.27146732 -0.16045132 -0.1487259  -0.13306096 -0.24702616
 -0.00521737 -0.13403151 -0.27595096 -0.22562966 -0.0107618  -0.39315424
 -0.09737183]",[-0.08487108],0.5135411161004524
16,21103,"[ 0.01144233  0.0179954  -0.17223431 -0.44793419 -0.1449724  -0.02835207
 -0.01967263 -0.27146732 -0.16045132 -0.1487259  -0.13306096 -0.24702616
 -0.00521737 -0.13403151 -0.27595096 -0.22562966 -0.0107618  -0.39315424
 -0.09737183]",[-0.35542068],-1.558494928670695
16,21107,"[ 0.01144233  0.0179954  -0.17223431 -0.44793419 -0.1449724  -0.02835207
 -0.01967263 -0.27146732 -0.16045132 -0.1487259  -0.13306096 -0.24702616
 -0.00521737 -0.13403151 -0.27595096 -0.22562966 -0.0107618  -0.39315424
 -0.09737183]",[-0.11236508],0.3029751198314886
16,21111,"[ 0.01144233  0.0179954  -0.17223431 -0.44793419 -0.1449724  -0.02835207
 -0.01967263 -0.27146732 -0.16045132 -0.1487259  -0.13306096 -0.24702616
 -0.00521737 -0.13403151 -0.27595096 -0.22562966 -0.0107618  -0.39315424
 -0.09737183]",[0.01208179],1.2560661517125233
16,21113,"[ 0.01144233  0.0179954  -0.17223431 -0.44793419 -0.1449724  -0.02835207
 -0.01967263 -0.27146732 -0.16045132 -0.1487259  -0.13306096 -0.24702616
 -0.00521737 -0.13403151 -0.27595096 -0.22562966 -0.0107618  -0.39315424
 -0.09737183]",[-0.12182527],0.23052310375568683
16,21115,"[ 0.01144233  0.0179954  -0.17223431 -0.44793419 -0.1449724  -0.02835207
 -0.01967263 -0.27146732 -0.16045132 -0.1487259  -0.13306096 -0.24702616
 -0.00521737 -0.13403151 -0.27595096 -0.22562966 -0.0107618  -0.39315424
 -0.09737183]",[-0.10106792],0.3894957490516069
16,21117,"[ 0.01144233  0.0179954  -0.17223431 -0.44793419 -0.1449724  -0.02835207
 -0.01967263 -0.27146732 -0.16045132 -0.1487259  -0.13306096 -0.24702616
 -0.00521737 -0.13403151 -0.27595096 -0.22562966 -0.0107618  -0.39315424
 -0.09737183]",[0.07231769],1.7173899077138115
16,21119,"[ 0.01144233  0.0179954  -0.17223431 -0.44793419 -0.1449724  -0.02835207
 -0.01967263 -0.27146732 -0.16045132 -0.1487259  -0.13306096 -0.24702616
 -0.00521737 -0.13403151 -0.27595096 -0.22562966 -0.0107618  -0.39315424
 -0.09737183]",[-0.19956658],-0.36486789369724537
16,21121,"[ 0.01144233  0.0179954  -0.17223431 -0.44793419 -0.1449724  -0.02835207
 -0.01967263 -0.27146732 -0.16045132 -0.1487259  -0.13306096 -0.24702616
 -0.00521737 -0.13403151 -0.27595096 -0.22562966 -0.0107618  -0.39315424
 -0.09737183]",[-0.1303609],0.16515196850757874
16,21123,"[ 0.01144233  0.0179954  -0.17223431 -0.44793419 -0.1449724  -0.02835207
 -0.01967263 -0.27146732 -0.16045132 -0.1487259  -0.13306096 -0.24702616
 -0.00521737 -0.13403151 -0.27595096 -0.22562966 -0.0107618  -0.39315424
 -0.09737183]",[-0.44132979],-2.2164400634823465
16,21125,"[ 0.01144233  0.0179954  -0.17223431 -0.44793419 -0.1449724  -0.02835207
 -0.01967263 -0.27146732 -0.16045132 -0.1487259  -0.13306096 -0.24702616
 -0.00521737 -0.13403151 -0.27595096 -0.22562966 -0.0107618  -0.39315424
 -0.09737183]",[-0.12129149],0.23461109526228333
16,21127,"[ 0.01144233  0.0179954  -0.17223431 -0.44793419 -0.1449724  -0.02835207
 -0.01967263 -0.27146732 -0.16045132 -0.1487259  -0.13306096 -0.24702616
 -0.00521737 -0.13403151 -0.27595096 -0.22562966 -0.0107618  -0.39315424
 -0.09737183]",[-0.27247208],-0.923223281616738
16,21135,"[ 0.01144233  0.0179954  -0.17223431 -0.44793419 -0.1449724  -0.02835207
 -0.01967263 -0.27146732 -0.16045132 -0.1487259  -0.13306096 -0.24702616
 -0.00521737 -0.13403151 -0.27595096 -0.22562966 -0.0107618  -0.39315424
 -0.09737183]",[-0.32923425],-1.357943087130066
16,21133,"[ 0.01144233  0.0179954  -0.17223431 -0.44793419 -0.1449724  -0.02835207
 -0.01967263 -0.27146732 -0.16045132 -0.1487259  -0.13306096 -0.24702616
 -0.00521737 -0.13403151 -0.27595096 -0.22562966 -0.0107618  -0.39315424
 -0.09737183]",[-0.136669],0.11684066894718502
16,21137,"[ 0.01144233  0.0179954  -0.17223431 -0.44793419 -0.1449724  -0.02835207
 -0.01967263 -0.27146732 -0.16045132 -0.1487259  -0.13306096 -0.24702616
 -0.00521737 -0.13403151 -0.27595096 -0.22562966 -0.0107618  -0.39315424
 -0.09737183]",[-0.21208457],-0.4607383786993624
16,21141,"[ 0.01144233  0.0179954  -0.17223431 -0.44793419 -0.1449724  -0.02835207
 -0.01967263 -0.27146732 -0.16045132 -0.1487259  -0.13306096 -0.24702616
 -0.00521737 -0.13403151 -0.27595096 -0.22562966 -0.0107618  -0.39315424
 -0.09737183]",[-0.28988647],-1.0565934874060645
16,21145,"[ 0.01144233  0.0179954  -0.17223431 -0.44793419 -0.1449724  -0.02835207
 -0.01967263 -0.27146732 -0.16045132 -0.1487259  -0.13306096 -0.24702616
 -0.00521737 -0.13403151 -0.27595096 -0.22562966 -0.0107618  -0.39315424
 -0.09737183]",[-0.11431752],0.28802206545222375
16,21147,"[ 0.01144233  0.0179954  -0.17223431 -0.44793419 -0.1449724  -0.02835207
 -0.01967263 -0.27146732 -0.16045132 -0.1487259  -0.13306096 -0.24702616
 -0.00521737 -0.13403151 -0.27595096 -0.22562966 -0.0107618  -0.39315424
 -0.09737183]",[-0.31549833],-1.2527449279962366
16,21151,"[ 0.01144233  0.0179954  -0.17223431 -0.44793419 -0.1449724  -0.02835207
 -0.01967263 -0.27146732 -0.16045132 -0.1487259  -0.13306096 -0.24702616
 -0.00521737 -0.13403151 -0.27595096 -0.22562966 -0.0107618  -0.39315424
 -0.09737183]",[-0.09103791],0.4663117841473652
16,21153,"[ 0.01144233  0.0179954  -0.17223431 -0.44793419 -0.1449724  -0.02835207
 -0.01967263 -0.27146732 -0.16045132 -0.1487259  -0.13306096 -0.24702616
 -0.00521737 -0.13403151 -0.27595096 -0.22562966 -0.0107618  -0.39315424
 -0.09737183]",[-0.43435814],-2.16304680132265
16,21155,"[ 0.01144233  0.0179954  -0.17223431 -0.44793419 -0.1449724  -0.02835207
 -0.01967263 -0.27146732 -0.16045132 -0.1487259  -0.13306096 -0.24702616
 -0.00521737 -0.13403151 -0.27595096 -0.22562966 -0.0107618  -0.39315424
 -0.09737183]",[-0.20201915],-0.38365122388886275
16,21157,"[ 0.01144233  0.0179954  -0.17223431 -0.44793419 -0.1449724  -0.02835207
 -0.01967263 -0.27146732 -0.16045132 -0.1487259  -0.13306096 -0.24702616
 -0.00521737 -0.13403151 -0.27595096 -0.22562966 -0.0107618  -0.39315424
 -0.09737183]",[-0.31722456],-1.2659654705360237
16,21161,"[ 0.01144233  0.0179954  -0.17223431 -0.44793419 -0.1449724  -0.02835207
 -0.01967263 -0.27146732 -0.16045132 -0.1487259  -0.13306096 -0.24702616
 -0.00521737 -0.13403151 -0.27595096 -0.22562966 -0.0107618  -0.39315424
 -0.09737183]",[-0.11752893],0.2634271291347862
16,21163,"[ 0.01144233  0.0179954  -0.17223431 -0.44793419 -0.1449724  -0.02835207
 -0.01967263 -0.27146732 -0.16045132 -0.1487259  -0.13306096 -0.24702616
 -0.00521737 -0.13403151 -0.27595096 -0.22562966 -0.0107618  -0.39315424
 -0.09737183]",[-0.15561612],-0.02826813770603517
16,21171,"[ 0.01144233  0.0179954  -0.17223431 -0.44793419 -0.1449724  -0.02835207
 -0.01967263 -0.27146732 -0.16045132 -0.1487259  -0.13306096 -0.24702616
 -0.00521737 -0.13403151 -0.27595096 -0.22562966 -0.0107618  -0.39315424
 -0.09737183]",[-0.37887475],-1.7381207294537397
16,21167,"[ 0.01144233  0.0179954  -0.17223431 -0.44793419 -0.1449724  -0.02835207
 -0.01967263 -0.27146732 -0.16045132 -0.1487259  -0.13306096 -0.24702616
 -0.00521737 -0.13403151 -0.27595096 -0.22562966 -0.0107618  -0.39315424
 -0.09737183]",[-0.22360094],-0.5489379284015439
16,21173,"[ 0.01144233  0.0179954  -0.17223431 -0.44793419 -0.1449724  -0.02835207
 -0.01967263 -0.27146732 -0.16045132 -0.1487259  -0.13306096 -0.24702616
 -0.00521737 -0.13403151 -0.27595096 -0.22562966 -0.0107618  -0.39315424
 -0.09737183]",[-0.26489701],-0.8652087219268881
16,21175,"[ 0.01144233  0.0179954  -0.17223431 -0.44793419 -0.1449724  -0.02835207
 -0.01967263 -0.27146732 -0.16045132 -0.1487259  -0.13306096 -0.24702616
 -0.00521737 -0.13403151 -0.27595096 -0.22562966 -0.0107618  -0.39315424
 -0.09737183]",[-0.17332159],-0.1638675133679838
16,21177,"[ 0.01144233  0.0179954  -0.17223431 -0.44793419 -0.1449724  -0.02835207
 -0.01967263 -0.27146732 -0.16045132 -0.1487259  -0.13306096 -0.24702616
 -0.00521737 -0.13403151 -0.27595096 -0.22562966 -0.0107618  -0.39315424
 -0.09737183]",[-0.09965052],0.40035106526210046
16,21179,"[ 0.01144233  0.0179954  -0.17223431 -0.44793419 -0.1449724  -0.02835207
 -0.01967263 -0.27146732 -0.16045132 -0.1487259  -0.13306096 -0.24702616
 -0.00521737 -0.13403151 -0.27595096 -0.22562966 -0.0107618  -0.39315424
 -0.09737183]",[-0.18969293],-0.2892493603444103
16,21183,"[ 0.01144233  0.0179954  -0.17223431 -0.44793419 -0.1449724  -0.02835207
 -0.01967263 -0.27146732 -0.16045132 -0.1487259  -0.13306096 -0.24702616
 -0.00521737 -0.13403151 -0.27595096 -0.22562966 -0.0107618  -0.39315424
 -0.09737183]",[-0.1610859],-0.0701590737462489
16,21185,"[ 0.01144233  0.0179954  -0.17223431 -0.44793419 -0.1449724  -0.02835207
 -0.01967263 -0.27146732 -0.16045132 -0.1487259  -0.13306096 -0.24702616
 -0.00521737 -0.13403151 -0.27595096 -0.22562966 -0.0107618  -0.39315424
 -0.09737183]",[-0.07269433],0.606798204062111
16,21193,"[ 0.01144233  0.0179954  -0.17223431 -0.44793419 -0.1449724  -0.02835207
 -0.01967263 -0.27146732 -0.16045132 -0.1487259  -0.13306096 -0.24702616
 -0.00521737 -0.13403151 -0.27595096 -0.22562966 -0.0107618  -0.39315424
 -0.09737183]",[0.02596292],1.3623764228954027
16,21195,"[ 0.01144233  0.0179954  -0.17223431 -0.44793419 -0.1449724  -0.02835207
 -0.01967263 -0.27146732 -0.16045132 -0.1487259  -0.13306096 -0.24702616
 -0.00521737 -0.13403151 -0.27595096 -0.22562966 -0.0107618  -0.39315424
 -0.09737183]",[-0.0794359],0.5551670859475899
16,21203,"[ 0.01144233  0.0179954  -0.17223431 -0.44793419 -0.1449724  -0.02835207
 -0.01967263 -0.27146732 -0.16045132 -0.1487259  -0.13306096 -0.24702616
 -0.00521737 -0.13403151 -0.27595096 -0.22562966 -0.0107618  -0.39315424
 -0.09737183]",[-0.37861532],-1.7361338642281767
16,21199,"[ 0.01144233  0.0179954  -0.17223431 -0.44793419 -0.1449724  -0.02835207
 -0.01967263 -0.27146732 -0.16045132 -0.1487259  -0.13306096 -0.24702616
 -0.00521737 -0.13403151 -0.27595096 -0.22562966 -0.0107618  -0.39315424
 -0.09737183]",[-0.12509592],0.2054744341693133
16,21205,"[ 0.01144233  0.0179954  -0.17223431 -0.44793419 -0.1449724  -0.02835207
 -0.01967263 -0.27146732 -0.16045132 -0.1487259  -0.13306096 -0.24702616
 -0.00521737 -0.13403151 -0.27595096 -0.22562966 -0.0107618  -0.39315424
 -0.09737183]",[-0.33451841],-1.398412454289737
16,21207,"[ 0.01144233  0.0179954  -0.17223431 -0.44793419 -0.1449724  -0.02835207
 -0.01967263 -0.27146732 -0.16045132 -0.1487259  -0.13306096 -0.24702616
 -0.00521737 -0.13403151 -0.27595096 -0.22562966 -0.0107618  -0.39315424
 -0.09737183]",[-0.33080768],-1.3699934156512341
16,21209,"[ 0.01144233  0.0179954  -0.17223431 -0.44793419 -0.1449724  -0.02835207
 -0.01967263 -0.27146732 -0.16045132 -0.1487259  -0.13306096 -0.24702616
 -0.00521737 -0.13403151 -0.27595096 -0.22562966 -0.0107618  -0.39315424
 -0.09737183]",[-0.12674338],0.19285719536892124
16,21211,"[ 0.01144233  0.0179954  -0.17223431 -0.44793419 -0.1449724  -0.02835207
 -0.01967263 -0.27146732 -0.16045132 -0.1487259  -0.13306096 -0.24702616
 -0.00521737 -0.13403151 -0.27595096 -0.22562966 -0.0107618  -0.39315424
 -0.09737183]",[-0.13203406],0.15233790769017386
16,21213,"[ 0.01144233  0.0179954  -0.17223431 -0.44793419 -0.1449724  -0.02835207
 -0.01967263 -0.27146732 -0.16045132 -0.1487259  -0.13306096 -0.24702616
 -0.00521737 -0.13403151 -0.27595096 -0.22562966 -0.0107618  -0.39315424
 -0.09737183]",[-0.24491999],-0.712212361307814
16,21215,"[ 0.01144233  0.0179954  -0.17223431 -0.44793419 -0.1449724  -0.02835207
 -0.01967263 -0.27146732 -0.16045132 -0.1487259  -0.13306096 -0.24702616
 -0.00521737 -0.13403151 -0.27595096 -0.22562966 -0.0107618  -0.39315424
 -0.09737183]",[-0.26625262],-0.8755908487588046
16,21217,"[ 0.01144233  0.0179954  -0.17223431 -0.44793419 -0.1449724  -0.02835207
 -0.01967263 -0.27146732 -0.16045132 -0.1487259  -0.13306096 -0.24702616
 -0.00521737 -0.13403151 -0.27595096 -0.22562966 -0.0107618  -0.39315424
 -0.09737183]",[-0.30063229],-1.1388915683933538
16,21219,"[ 0.01144233  0.0179954  -0.17223431 -0.44793419 -0.1449724  -0.02835207
 -0.01967263 -0.27146732 -0.16045132 -0.1487259  -0.13306096 -0.24702616
 -0.00521737 -0.13403151 -0.27595096 -0.22562966 -0.0107618  -0.39315424
 -0.09737183]",[-0.23215058],-0.6144163299920927
16,21221,"[ 0.01144233  0.0179954  -0.17223431 -0.44793419 -0.1449724  -0.02835207
 -0.01967263 -0.27146732 -0.16045132 -0.1487259  -0.13306096 -0.24702616
 -0.00521737 -0.13403151 -0.27595096 -0.22562966 -0.0107618  -0.39315424
 -0.09737183]",[-0.27868299],-0.9707903126779631
16,21225,"[ 0.01144233  0.0179954  -0.17223431 -0.44793419 -0.1449724  -0.02835207
 -0.01967263 -0.27146732 -0.16045132 -0.1487259  -0.13306096 -0.24702616
 -0.00521737 -0.13403151 -0.27595096 -0.22562966 -0.0107618  -0.39315424
 -0.09737183]",[-0.33047212],-1.3674234246441206
16,21227,"[ 0.01144233  0.0179954  -0.17223431 -0.44793419 -0.1449724  -0.02835207
 -0.01967263 -0.27146732 -0.16045132 -0.1487259  -0.13306096 -0.24702616
 -0.00521737 -0.13403151 -0.27595096 -0.22562966 -0.0107618  -0.39315424
 -0.09737183]",[-0.00730162],1.1076160567719155
16,21233,"[ 0.01144233  0.0179954  -0.17223431 -0.44793419 -0.1449724  -0.02835207
 -0.01967263 -0.27146732 -0.16045132 -0.1487259  -0.13306096 -0.24702616
 -0.00521737 -0.13403151 -0.27595096 -0.22562966 -0.0107618  -0.39315424
 -0.09737183]",[-0.10482246],0.36074110751349986
16,21231,"[ 0.01144233  0.0179954  -0.17223431 -0.44793419 -0.1449724  -0.02835207
 -0.01967263 -0.27146732 -0.16045132 -0.1487259  -0.13306096 -0.24702616
 -0.00521737 -0.13403151 -0.27595096 -0.22562966 -0.0107618  -0.39315424
 -0.09737183]",[-0.33281061],-1.385333025740462
16,21235,"[ 0.01144233  0.0179954  -0.17223431 -0.44793419 -0.1449724  -0.02835207
 -0.01967263 -0.27146732 -0.16045132 -0.1487259  -0.13306096 -0.24702616
 -0.00521737 -0.13403151 -0.27595096 -0.22562966 -0.0107618  -0.39315424
 -0.09737183]",[-0.03795019],0.8728903409210671
16,21239,"[ 0.01144233  0.0179954  -0.17223431 -0.44793419 -0.1449724  -0.02835207
 -0.01967263 -0.27146732 -0.16045132 -0.1487259  -0.13306096 -0.24702616
 -0.00521737 -0.13403151 -0.27595096 -0.22562966 -0.0107618  -0.39315424
 -0.09737183]",[-0.20913088],-0.4381172381209258
16,22003,"[ 0.01144233  0.0179954  -0.17223431 -0.44793419 -0.1449724  -0.02835207
 -0.01967263 -0.27146732 -0.16045132 -0.1487259  -0.13306096 -0.24702616
 -0.00521737 -0.13403151 -0.27595096 -0.22562966 -0.0107618  -0.39315424
 -0.09737183]",[-0.30528305],-1.1745099934356038
16,22001,"[ 0.01144233  0.0179954  -0.17223431 -0.44793419 -0.1449724  -0.02835207
 -0.01967263 -0.27146732 -0.16045132 -0.1487259  -0.13306096 -0.24702616
 -0.00521737 -0.13403151 -0.27595096 -0.22562966 -0.0107618  -0.39315424
 -0.09737183]",[-0.09698949],0.42073090424725273
16,22005,"[ 0.01144233  0.0179954  -0.17223431 -0.44793419 -0.1449724  -0.02835207
 -0.01967263 -0.27146732 -0.16045132 -0.1487259  -0.13306096 -0.24702616
 -0.00521737 -0.13403151 -0.27595096 -0.22562966 -0.0107618  -0.39315424
 -0.09737183]",[-0.08374429],0.522170809879514
16,22007,"[ 0.01144233  0.0179954  -0.17223431 -0.44793419 -0.1449724  -0.02835207
 -0.01967263 -0.27146732 -0.16045132 -0.1487259  -0.13306096 -0.24702616
 -0.00521737 -0.13403151 -0.27595096 -0.22562966 -0.0107618  -0.39315424
 -0.09737183]",[-0.27439068],-0.9379171022746462
16,22009,"[ 0.01144233  0.0179954  -0.17223431 -0.44793419 -0.1449724  -0.02835207
 -0.01967263 -0.27146732 -0.16045132 -0.1487259  -0.13306096 -0.24702616
 -0.00521737 -0.13403151 -0.27595096 -0.22562966 -0.0107618  -0.39315424
 -0.09737183]",[-0.13166692],0.15514967388363707
16,22011,"[ 0.01144233  0.0179954  -0.17223431 -0.44793419 -0.1449724  -0.02835207
 -0.01967263 -0.27146732 -0.16045132 -0.1487259  -0.13306096 -0.24702616
 -0.00521737 -0.13403151 -0.27595096 -0.22562966 -0.0107618  -0.39315424
 -0.09737183]",[-0.18436589],-0.24845161012342143
16,22013,"[ 0.01144233  0.0179954  -0.17223431 -0.44793419 -0.1449724  -0.02835207
 -0.01967263 -0.27146732 -0.16045132 -0.1487259  -0.13306096 -0.24702616
 -0.00521737 -0.13403151 -0.27595096 -0.22562966 -0.0107618  -0.39315424
 -0.09737183]",[-0.36799741],-1.6548153089307531
16,22015,"[ 0.01144233  0.0179954  -0.17223431 -0.44793419 -0.1449724  -0.02835207
 -0.01967263 -0.27146732 -0.16045132 -0.1487259  -0.13306096 -0.24702616
 -0.00521737 -0.13403151 -0.27595096 -0.22562966 -0.0107618  -0.39315424
 -0.09737183]",[-0.04616515],0.8099750815557039
16,22017,"[ 0.01144233  0.0179954  -0.17223431 -0.44793419 -0.1449724  -0.02835207
 -0.01967263 -0.27146732 -0.16045132 -0.1487259  -0.13306096 -0.24702616
 -0.00521737 -0.13403151 -0.27595096 -0.22562966 -0.0107618  -0.39315424
 -0.09737183]",[-0.01261475],1.0669248259378212
16,22019,"[ 0.01144233  0.0179954  -0.17223431 -0.44793419 -0.1449724  -0.02835207
 -0.01967263 -0.27146732 -0.16045132 -0.1487259  -0.13306096 -0.24702616
 -0.00521737 -0.13403151 -0.27595096 -0.22562966 -0.0107618  -0.39315424
 -0.09737183]",[-0.02833609],0.9465210360499131
16,22027,"[ 0.01144233  0.0179954  -0.17223431 -0.44793419 -0.1449724  -0.02835207
 -0.01967263 -0.27146732 -0.16045132 -0.1487259  -0.13306096 -0.24702616
 -0.00521737 -0.13403151 -0.27595096 -0.22562966 -0.0107618  -0.39315424
 -0.09737183]",[-0.30590421],-1.1792672067010086
16,22029,"[ 0.01144233  0.0179954  -0.17223431 -0.44793419 -0.1449724  -0.02835207
 -0.01967263 -0.27146732 -0.16045132 -0.1487259  -0.13306096 -0.24702616
 -0.00521737 -0.13403151 -0.27595096 -0.22562966 -0.0107618  -0.39315424
 -0.09737183]",[-0.13121418],0.15861704601267884
16,22031,"[ 0.01144233  0.0179954  -0.17223431 -0.44793419 -0.1449724  -0.02835207
 -0.01967263 -0.27146732 -0.16045132 -0.1487259  -0.13306096 -0.24702616
 -0.00521737 -0.13403151 -0.27595096 -0.22562966 -0.0107618  -0.39315424
 -0.09737183]",[-0.20455862],-0.40310000520190264
16,22033,"[ 0.01144233  0.0179954  -0.17223431 -0.44793419 -0.1449724  -0.02835207
 -0.01967263 -0.27146732 -0.16045132 -0.1487259  -0.13306096 -0.24702616
 -0.00521737 -0.13403151 -0.27595096 -0.22562966 -0.0107618  -0.39315424
 -0.09737183]",[0.00160875],1.1758571221224068
16,22037,"[ 0.01144233  0.0179954  -0.17223431 -0.44793419 -0.1449724  -0.02835207
 -0.01967263 -0.27146732 -0.16045132 -0.1487259  -0.13306096 -0.24702616
 -0.00521737 -0.13403151 -0.27595096 -0.22562966 -0.0107618  -0.39315424
 -0.09737183]",[-0.30968477],-1.2082211009519088
16,22039,"[ 0.01144233  0.0179954  -0.17223431 -0.44793419 -0.1449724  -0.02835207
 -0.01967263 -0.27146732 -0.16045132 -0.1487259  -0.13306096 -0.24702616
 -0.00521737 -0.13403151 -0.27595096 -0.22562966 -0.0107618  -0.39315424
 -0.09737183]",[-0.14663638],0.04050432735639402
16,22041,"[ 0.01144233  0.0179954  -0.17223431 -0.44793419 -0.1449724  -0.02835207
 -0.01967263 -0.27146732 -0.16045132 -0.1487259  -0.13306096 -0.24702616
 -0.00521737 -0.13403151 -0.27595096 -0.22562966 -0.0107618  -0.39315424
 -0.09737183]",[0.11243288],2.024616860085851
16,22043,"[ 0.01144233  0.0179954  -0.17223431 -0.44793419 -0.1449724  -0.02835207
 -0.01967263 -0.27146732 -0.16045132 -0.1487259  -0.13306096 -0.24702616
 -0.00521737 -0.13403151 -0.27595096 -0.22562966 -0.0107618  -0.39315424
 -0.09737183]",[-0.1650193],-0.10028348005720503
16,22045,"[ 0.01144233  0.0179954  -0.17223431 -0.44793419 -0.1449724  -0.02835207
 -0.01967263 -0.27146732 -0.16045132 -0.1487259  -0.13306096 -0.24702616
 -0.00521737 -0.13403151 -0.27595096 -0.22562966 -0.0107618  -0.39315424
 -0.09737183]",[-0.0573225],0.7245251758742155
16,22047,"[ 0.01144233  0.0179954  -0.17223431 -0.44793419 -0.1449724  -0.02835207
 -0.01967263 -0.27146732 -0.16045132 -0.1487259  -0.13306096 -0.24702616
 -0.00521737 -0.13403151 -0.27595096 -0.22562966 -0.0107618  -0.39315424
 -0.09737183]",[-0.14217118],0.07470155098943158
16,22049,"[ 0.01144233  0.0179954  -0.17223431 -0.44793419 -0.1449724  -0.02835207
 -0.01967263 -0.27146732 -0.16045132 -0.1487259  -0.13306096 -0.24702616
 -0.00521737 -0.13403151 -0.27595096 -0.22562966 -0.0107618  -0.39315424
 -0.09737183]",[-0.18517037],-0.2546128320118896
16,22051,"[ 0.01144233  0.0179954  -0.17223431 -0.44793419 -0.1449724  -0.02835207
 -0.01967263 -0.27146732 -0.16045132 -0.1487259  -0.13306096 -0.24702616
 -0.00521737 -0.13403151 -0.27595096 -0.22562966 -0.0107618  -0.39315424
 -0.09737183]",[-0.00840781],1.0991440990008727
16,22053,"[ 0.01144233  0.0179954  -0.17223431 -0.44793419 -0.1449724  -0.02835207
 -0.01967263 -0.27146732 -0.16045132 -0.1487259  -0.13306096 -0.24702616
 -0.00521737 -0.13403151 -0.27595096 -0.22562966 -0.0107618  -0.39315424
 -0.09737183]",[-0.10829055],0.33418036407072216
16,22055,"[ 0.01144233  0.0179954  -0.17223431 -0.44793419 -0.1449724  -0.02835207
 -0.01967263 -0.27146732 -0.16045132 -0.1487259  -0.13306096 -0.24702616
 -0.00521737 -0.13403151 -0.27595096 -0.22562966 -0.0107618  -0.39315424
 -0.09737183]",[-0.01792576],1.0262497713996552
16,22057,"[ 0.01144233  0.0179954  -0.17223431 -0.44793419 -0.1449724  -0.02835207
 -0.01967263 -0.27146732 -0.16045132 -0.1487259  -0.13306096 -0.24702616
 -0.00521737 -0.13403151 -0.27595096 -0.22562966 -0.0107618  -0.39315424
 -0.09737183]",[0.01793044],1.3008587514060634
16,22061,"[ 0.01144233  0.0179954  -0.17223431 -0.44793419 -0.1449724  -0.02835207
 -0.01967263 -0.27146732 -0.16045132 -0.1487259  -0.13306096 -0.24702616
 -0.00521737 -0.13403151 -0.27595096 -0.22562966 -0.0107618  -0.39315424
 -0.09737183]",[-0.12860468],0.1786022163490127
16,22063,"[ 0.01144233  0.0179954  -0.17223431 -0.44793419 -0.1449724  -0.02835207
 -0.01967263 -0.27146732 -0.16045132 -0.1487259  -0.13306096 -0.24702616
 -0.00521737 -0.13403151 -0.27595096 -0.22562966 -0.0107618  -0.39315424
 -0.09737183]",[0.04327592],1.4949700872099247
16,22065,"[ 0.01144233  0.0179954  -0.17223431 -0.44793419 -0.1449724  -0.02835207
 -0.01967263 -0.27146732 -0.16045132 -0.1487259  -0.13306096 -0.24702616
 -0.00521737 -0.13403151 -0.27595096 -0.22562966 -0.0107618  -0.39315424
 -0.09737183]",[-0.1467325],0.039768120889551214
16,22067,"[ 0.01144233  0.0179954  -0.17223431 -0.44793419 -0.1449724  -0.02835207
 -0.01967263 -0.27146732 -0.16045132 -0.1487259  -0.13306096 -0.24702616
 -0.00521737 -0.13403151 -0.27595096 -0.22562966 -0.0107618  -0.39315424
 -0.09737183]",[-0.21430083],-0.4777119019359138
16,22069,"[ 0.01144233  0.0179954  -0.17223431 -0.44793419 -0.1449724  -0.02835207
 -0.01967263 -0.27146732 -0.16045132 -0.1487259  -0.13306096 -0.24702616
 -0.00521737 -0.13403151 -0.27595096 -0.22562966 -0.0107618  -0.39315424
 -0.09737183]",[-0.09223367],0.4571539147222883
16,22071,"[ 0.01144233  0.0179954  -0.17223431 -0.44793419 -0.1449724  -0.02835207
 -0.01967263 -0.27146732 -0.16045132 -0.1487259  -0.13306096 -0.24702616
 -0.00521737 -0.13403151 -0.27595096 -0.22562966 -0.0107618  -0.39315424
 -0.09737183]",[0.01687961],1.2928108339390207
16,22073,"[ 0.01144233  0.0179954  -0.17223431 -0.44793419 -0.1449724  -0.02835207
 -0.01967263 -0.27146732 -0.16045132 -0.1487259  -0.13306096 -0.24702616
 -0.00521737 -0.13403151 -0.27595096 -0.22562966 -0.0107618  -0.39315424
 -0.09737183]",[-0.01411644],1.0554239157052734
16,22075,"[ 0.01144233  0.0179954  -0.17223431 -0.44793419 -0.1449724  -0.02835207
 -0.01967263 -0.27146732 -0.16045132 -0.1487259  -0.13306096 -0.24702616
 -0.00521737 -0.13403151 -0.27595096 -0.22562966 -0.0107618  -0.39315424
 -0.09737183]",[0.26724006],3.2102259348677022
16,22077,"[ 0.01144233  0.0179954  -0.17223431 -0.44793419 -0.1449724  -0.02835207
 -0.01967263 -0.27146732 -0.16045132 -0.1487259  -0.13306096 -0.24702616
 -0.00521737 -0.13403151 -0.27595096 -0.22562966 -0.0107618  -0.39315424
 -0.09737183]",[-0.06305152],0.680648811194785
16,22079,"[ 0.01144233  0.0179954  -0.17223431 -0.44793419 -0.1449724  -0.02835207
 -0.01967263 -0.27146732 -0.16045132 -0.1487259  -0.13306096 -0.24702616
 -0.00521737 -0.13403151 -0.27595096 -0.22562966 -0.0107618  -0.39315424
 -0.09737183]",[-0.02816376],0.947840830229405
16,22083,"[ 0.01144233  0.0179954  -0.17223431 -0.44793419 -0.1449724  -0.02835207
 -0.01967263 -0.27146732 -0.16045132 -0.1487259  -0.13306096 -0.24702616
 -0.00521737 -0.13403151 -0.27595096 -0.22562966 -0.0107618  -0.39315424
 -0.09737183]",[-0.25825099],-0.8143093679916862
16,22085,"[ 0.01144233  0.0179954  -0.17223431 -0.44793419 -0.1449724  -0.02835207
 -0.01967263 -0.27146732 -0.16045132 -0.1487259  -0.13306096 -0.24702616
 -0.00521737 -0.13403151 -0.27595096 -0.22562966 -0.0107618  -0.39315424
 -0.09737183]",[-0.20603074],-0.41437440858178126
16,22087,"[ 0.01144233  0.0179954  -0.17223431 -0.44793419 -0.1449724  -0.02835207
 -0.01967263 -0.27146732 -0.16045132 -0.1487259  -0.13306096 -0.24702616
 -0.00521737 -0.13403151 -0.27595096 -0.22562966 -0.0107618  -0.39315424
 -0.09737183]",[0.03126892],1.4030130995279577
16,22089,"[ 0.01144233  0.0179954  -0.17223431 -0.44793419 -0.1449724  -0.02835207
 -0.01967263 -0.27146732 -0.16045132 -0.1487259  -0.13306096 -0.24702616
 -0.00521737 -0.13403151 -0.27595096 -0.22562966 -0.0107618  -0.39315424
 -0.09737183]",[-0.03281558],0.9122143794574066
16,22093,"[ 0.01144233  0.0179954  -0.17223431 -0.44793419 -0.1449724  -0.02835207
 -0.01967263 -0.27146732 -0.16045132 -0.1487259  -0.13306096 -0.24702616
 -0.00521737 -0.13403151 -0.27595096 -0.22562966 -0.0107618  -0.39315424
 -0.09737183]",[-0.27332299],-0.9297400804624187
16,22095,"[ 0.01144233  0.0179954  -0.17223431 -0.44793419 -0.1449724  -0.02835207
 -0.01967263 -0.27146732 -0.16045132 -0.1487259  -0.13306096 -0.24702616
 -0.00521737 -0.13403151 -0.27595096 -0.22562966 -0.0107618  -0.39315424
 -0.09737183]",[-0.04072464],0.8516418835804384
16,22097,"[ 0.01144233  0.0179954  -0.17223431 -0.44793419 -0.1449724  -0.02835207
 -0.01967263 -0.27146732 -0.16045132 -0.1487259  -0.13306096 -0.24702616
 -0.00521737 -0.13403151 -0.27595096 -0.22562966 -0.0107618  -0.39315424
 -0.09737183]",[-0.04436147],0.823788801762957
16,22099,"[ 0.01144233  0.0179954  -0.17223431 -0.44793419 -0.1449724  -0.02835207
 -0.01967263 -0.27146732 -0.16045132 -0.1487259  -0.13306096 -0.24702616
 -0.00521737 -0.13403151 -0.27595096 -0.22562966 -0.0107618  -0.39315424
 -0.09737183]",[-0.1708093],-0.14462687268782223
16,22101,"[ 0.01144233  0.0179954  -0.17223431 -0.44793419 -0.1449724  -0.02835207
 -0.01967263 -0.27146732 -0.16045132 -0.1487259  -0.13306096 -0.24702616
 -0.00521737 -0.13403151 -0.27595096 -0.22562966 -0.0107618  -0.39315424
 -0.09737183]",[-0.05048149],0.7769178652550136
16,22103,"[ 0.01144233  0.0179954  -0.17223431 -0.44793419 -0.1449724  -0.02835207
 -0.01967263 -0.27146732 -0.16045132 -0.1487259  -0.13306096 -0.24702616
 -0.00521737 -0.13403151 -0.27595096 -0.22562966 -0.0107618  -0.39315424
 -0.09737183]",[0.02990879],1.3925963314404013
16,22105,"[ 0.01144233  0.0179954  -0.17223431 -0.44793419 -0.1449724  -0.02835207
 -0.01967263 -0.27146732 -0.16045132 -0.1487259  -0.13306096 -0.24702616
 -0.00521737 -0.13403151 -0.27595096 -0.22562966 -0.0107618  -0.39315424
 -0.09737183]",[-0.06638142],0.65514640403068
16,22111,"[ 0.01144233  0.0179954  -0.17223431 -0.44793419 -0.1449724  -0.02835207
 -0.01967263 -0.27146732 -0.16045132 -0.1487259  -0.13306096 -0.24702616
 -0.00521737 -0.13403151 -0.27595096 -0.22562966 -0.0107618  -0.39315424
 -0.09737183]",[-0.19886641],-0.35950557234685954
16,22109,"[ 0.01144233  0.0179954  -0.17223431 -0.44793419 -0.1449724  -0.02835207
 -0.01967263 -0.27146732 -0.16045132 -0.1487259  -0.13306096 -0.24702616
 -0.00521737 -0.13403151 -0.27595096 -0.22562966 -0.0107618  -0.39315424
 -0.09737183]",[-0.08649642],0.5010932593715883
16,22113,"[ 0.01144233  0.0179954  -0.17223431 -0.44793419 -0.1449724  -0.02835207
 -0.01967263 -0.27146732 -0.16045132 -0.1487259  -0.13306096 -0.24702616
 -0.00521737 -0.13403151 -0.27595096 -0.22562966 -0.0107618  -0.39315424
 -0.09737183]",[-0.07435777],0.5940585748028979
16,22115,"[ 0.01144233  0.0179954  -0.17223431 -0.44793419 -0.1449724  -0.02835207
 -0.01967263 -0.27146732 -0.16045132 -0.1487259  -0.13306096 -0.24702616
 -0.00521737 -0.13403151 -0.27595096 -0.22562966 -0.0107618  -0.39315424
 -0.09737183]",[-0.08472128],0.5146884118198637
16,22117,"[ 0.01144233  0.0179954  -0.17223431 -0.44793419 -0.1449724  -0.02835207
 -0.01967263 -0.27146732 -0.16045132 -0.1487259  -0.13306096 -0.24702616
 -0.00521737 -0.13403151 -0.27595096 -0.22562966 -0.0107618  -0.39315424
 -0.09737183]",[-0.06129907],0.6940701952762115
16,22119,"[ 0.01144233  0.0179954  -0.17223431 -0.44793419 -0.1449724  -0.02835207
 -0.01967263 -0.27146732 -0.16045132 -0.1487259  -0.13306096 -0.24702616
 -0.00521737 -0.13403151 -0.27595096 -0.22562966 -0.0107618  -0.39315424
 -0.09737183]",[-0.03678588],0.8818073287022424
16,22121,"[ 0.01144233  0.0179954  -0.17223431 -0.44793419 -0.1449724  -0.02835207
 -0.01967263 -0.27146732 -0.16045132 -0.1487259  -0.13306096 -0.24702616
 -0.00521737 -0.13403151 -0.27595096 -0.22562966 -0.0107618  -0.39315424
 -0.09737183]",[-0.35161398],-1.529340886286626
16,22127,"[ 0.01144233  0.0179954  -0.17223431 -0.44793419 -0.1449724  -0.02835207
 -0.01967263 -0.27146732 -0.16045132 -0.1487259  -0.13306096 -0.24702616
 -0.00521737 -0.13403151 -0.27595096 -0.22562966 -0.0107618  -0.39315424
 -0.09737183]",[-0.33159798],-1.3760460170646105
16,23001,"[ 0.01144233  0.0179954  -0.17223431 -0.44793419 -0.1449724  -0.02835207
 -0.01967263 -0.27146732 -0.16045132 -0.1487259  -0.13306096 -0.24702616
 -0.00521737 -0.13403151 -0.27595096 -0.22562966 -0.0107618  -0.39315424
 -0.09737183]",[-0.04174482],0.8438287162320106
16,23003,"[ 0.01144233  0.0179954  -0.17223431 -0.44793419 -0.1449724  -0.02835207
 -0.01967263 -0.27146732 -0.16045132 -0.1487259  -0.13306096 -0.24702616
 -0.00521737 -0.13403151 -0.27595096 -0.22562966 -0.0107618  -0.39315424
 -0.09737183]",[0.01626271],1.2880862390965757
16,23005,"[ 0.01144233  0.0179954  -0.17223431 -0.44793419 -0.1449724  -0.02835207
 -0.01967263 -0.27146732 -0.16045132 -0.1487259  -0.13306096 -0.24702616
 -0.00521737 -0.13403151 -0.27595096 -0.22562966 -0.0107618  -0.39315424
 -0.09737183]",[0.01327848],1.2652311427935794
16,23007,"[ 0.01144233  0.0179954  -0.17223431 -0.44793419 -0.1449724  -0.02835207
 -0.01967263 -0.27146732 -0.16045132 -0.1487259  -0.13306096 -0.24702616
 -0.00521737 -0.13403151 -0.27595096 -0.22562966 -0.0107618  -0.39315424
 -0.09737183]",[0.04999107],1.546398852030562
16,23009,"[ 0.01144233  0.0179954  -0.17223431 -0.44793419 -0.1449724  -0.02835207
 -0.01967263 -0.27146732 -0.16045132 -0.1487259  -0.13306096 -0.24702616
 -0.00521737 -0.13403151 -0.27595096 -0.22562966 -0.0107618  -0.39315424
 -0.09737183]",[-0.05720358],0.7254359620695707
16,23011,"[ 0.01144233  0.0179954  -0.17223431 -0.44793419 -0.1449724  -0.02835207
 -0.01967263 -0.27146732 -0.16045132 -0.1487259  -0.13306096 -0.24702616
 -0.00521737 -0.13403151 -0.27595096 -0.22562966 -0.0107618  -0.39315424
 -0.09737183]",[-0.04795137],0.7962951225126648
16,23013,"[ 0.01144233  0.0179954  -0.17223431 -0.44793419 -0.1449724  -0.02835207
 -0.01967263 -0.27146732 -0.16045132 -0.1487259  -0.13306096 -0.24702616
 -0.00521737 -0.13403151 -0.27595096 -0.22562966 -0.0107618  -0.39315424
 -0.09737183]",[0.03361812],1.421004685740497
16,23015,"[ 0.01144233  0.0179954  -0.17223431 -0.44793419 -0.1449724  -0.02835207
 -0.01967263 -0.27146732 -0.16045132 -0.1487259  -0.13306096 -0.24702616
 -0.00521737 -0.13403151 -0.27595096 -0.22562966 -0.0107618  -0.39315424
 -0.09737183]",[-0.10739737],0.341020913340489
16,23017,"[ 0.01144233  0.0179954  -0.17223431 -0.44793419 -0.1449724  -0.02835207
 -0.01967263 -0.27146732 -0.16045132 -0.1487259  -0.13306096 -0.24702616
 -0.00521737 -0.13403151 -0.27595096 -0.22562966 -0.0107618  -0.39315424
 -0.09737183]",[-0.02209065],0.9943525000912523
16,23019,"[ 0.01144233  0.0179954  -0.17223431 -0.44793419 -0.1449724  -0.02835207
 -0.01967263 -0.27146732 -0.16045132 -0.1487259  -0.13306096 -0.24702616
 -0.00521737 -0.13403151 -0.27595096 -0.22562966 -0.0107618  -0.39315424
 -0.09737183]",[-0.05050339],0.7767501917595346
16,23021,"[ 0.01144233  0.0179954  -0.17223431 -0.44793419 -0.1449724  -0.02835207
 -0.01967263 -0.27146732 -0.16045132 -0.1487259  -0.13306096 -0.24702616
 -0.00521737 -0.13403151 -0.27595096 -0.22562966 -0.0107618  -0.39315424
 -0.09737183]",[-0.17026139],-0.14043061918899066
16,23025,"[ 0.01144233  0.0179954  -0.17223431 -0.44793419 -0.1449724  -0.02835207
 -0.01967263 -0.27146732 -0.16045132 -0.1487259  -0.13306096 -0.24702616
 -0.00521737 -0.13403151 -0.27595096 -0.22562966 -0.0107618  -0.39315424
 -0.09737183]",[-0.09482249],0.4373271207004977
16,23027,"[ 0.01144233  0.0179954  -0.17223431 -0.44793419 -0.1449724  -0.02835207
 -0.01967263 -0.27146732 -0.16045132 -0.1487259  -0.13306096 -0.24702616
 -0.00521737 -0.13403151 -0.27595096 -0.22562966 -0.0107618  -0.39315424
 -0.09737183]",[-0.21004008],-0.44508045932060747
16,23029,"[ 0.01144233  0.0179954  -0.17223431 -0.44793419 -0.1449724  -0.02835207
 -0.01967263 -0.27146732 -0.16045132 -0.1487259  -0.13306096 -0.24702616
 -0.00521737 -0.13403151 -0.27595096 -0.22562966 -0.0107618  -0.39315424
 -0.09737183]",[-0.11286586],0.2991397787891773
16,23031,"[ 0.01144233  0.0179954  -0.17223431 -0.44793419 -0.1449724  -0.02835207
 -0.01967263 -0.27146732 -0.16045132 -0.1487259  -0.13306096 -0.24702616
 -0.00521737 -0.13403151 -0.27595096 -0.22562966 -0.0107618  -0.39315424
 -0.09737183]",[-0.02785138],0.9502332464963166
16,24001,"[ 0.01144233  0.0179954  -0.17223431 -0.44793419 -0.1449724  -0.02835207
 -0.01967263 -0.27146732 -0.16045132 -0.1487259  -0.13306096 -0.24702616
 -0.00521737 -0.13403151 -0.27595096 -0.22562966 -0.0107618  -0.39315424
 -0.09737183]",[-0.08034058],0.5482384981374181
16,24003,"[ 0.01144233  0.0179954  -0.17223431 -0.44793419 -0.1449724  -0.02835207
 -0.01967263 -0.27146732 -0.16045132 -0.1487259  -0.13306096 -0.24702616
 -0.00521737 -0.13403151 -0.27595096 -0.22562966 -0.0107618  -0.39315424
 -0.09737183]",[0.01548031],1.2820941497153402
16,24005,"[ 0.01144233  0.0179954  -0.17223431 -0.44793419 -0.1449724  -0.02835207
 -0.01967263 -0.27146732 -0.16045132 -0.1487259  -0.13306096 -0.24702616
 -0.00521737 -0.13403151 -0.27595096 -0.22562966 -0.0107618  -0.39315424
 -0.09737183]",[0.01287814],1.2621651050596794
16,24009,"[ 0.01144233  0.0179954  -0.17223431 -0.44793419 -0.1449724  -0.02835207
 -0.01967263 -0.27146732 -0.16045132 -0.1487259  -0.13306096 -0.24702616
 -0.00521737 -0.13403151 -0.27595096 -0.22562966 -0.0107618  -0.39315424
 -0.09737183]",[-0.1217746],0.23091117085233492
16,24011,"[ 0.01144233  0.0179954  -0.17223431 -0.44793419 -0.1449724  -0.02835207
 -0.01967263 -0.27146732 -0.16045132 -0.1487259  -0.13306096 -0.24702616
 -0.00521737 -0.13403151 -0.27595096 -0.22562966 -0.0107618  -0.39315424
 -0.09737183]",[-0.05796213],0.7196265132328791
16,24013,"[ 0.01144233  0.0179954  -0.17223431 -0.44793419 -0.1449724  -0.02835207
 -0.01967263 -0.27146732 -0.16045132 -0.1487259  -0.13306096 -0.24702616
 -0.00521737 -0.13403151 -0.27595096 -0.22562966 -0.0107618  -0.39315424
 -0.09737183]",[-0.00924141],1.0927598775510563
16,24015,"[ 0.01144233  0.0179954  -0.17223431 -0.44793419 -0.1449724  -0.02835207
 -0.01967263 -0.27146732 -0.16045132 -0.1487259  -0.13306096 -0.24702616
 -0.00521737 -0.13403151 -0.27595096 -0.22562966 -0.0107618  -0.39315424
 -0.09737183]",[0.09143516],1.8638033359235209
16,24017,"[ 0.01144233  0.0179954  -0.17223431 -0.44793419 -0.1449724  -0.02835207
 -0.01967263 -0.27146732 -0.16045132 -0.1487259  -0.13306096 -0.24702616
 -0.00521737 -0.13403151 -0.27595096 -0.22562966 -0.0107618  -0.39315424
 -0.09737183]",[0.0036237],1.191288901491521
16,24019,"[ 0.01144233  0.0179954  -0.17223431 -0.44793419 -0.1449724  -0.02835207
 -0.01967263 -0.27146732 -0.16045132 -0.1487259  -0.13306096 -0.24702616
 -0.00521737 -0.13403151 -0.27595096 -0.22562966 -0.0107618  -0.39315424
 -0.09737183]",[0.19150937],2.6302334842644712
16,24021,"[ 0.01144233  0.0179954  -0.17223431 -0.44793419 -0.1449724  -0.02835207
 -0.01967263 -0.27146732 -0.16045132 -0.1487259  -0.13306096 -0.24702616
 -0.00521737 -0.13403151 -0.27595096 -0.22562966 -0.0107618  -0.39315424
 -0.09737183]",[-0.00550781],1.1213541133454035
16,24023,"[ 0.01144233  0.0179954  -0.17223431 -0.44793419 -0.1449724  -0.02835207
 -0.01967263 -0.27146732 -0.16045132 -0.1487259  -0.13306096 -0.24702616
 -0.00521737 -0.13403151 -0.27595096 -0.22562966 -0.0107618  -0.39315424
 -0.09737183]",[-0.18126153],-0.2246764848663411
16,24025,"[ 0.01144233  0.0179954  -0.17223431 -0.44793419 -0.1449724  -0.02835207
 -0.01967263 -0.27146732 -0.16045132 -0.1487259  -0.13306096 -0.24702616
 -0.00521737 -0.13403151 -0.27595096 -0.22562966 -0.0107618  -0.39315424
 -0.09737183]",[-0.05646266],0.7311103505539652
16,24027,"[ 0.01144233  0.0179954  -0.17223431 -0.44793419 -0.1449724  -0.02835207
 -0.01967263 -0.27146732 -0.16045132 -0.1487259  -0.13306096 -0.24702616
 -0.00521737 -0.13403151 -0.27595096 -0.22562966 -0.0107618  -0.39315424
 -0.09737183]",[-0.02685548],0.9578605046446751
16,24029,"[ 0.01144233  0.0179954  -0.17223431 -0.44793419 -0.1449724  -0.02835207
 -0.01967263 -0.27146732 -0.16045132 -0.1487259  -0.13306096 -0.24702616
 -0.00521737 -0.13403151 -0.27595096 -0.22562966 -0.0107618  -0.39315424
 -0.09737183]",[-0.14226176],0.07400781871943497
16,24031,"[ 0.01144233  0.0179954  -0.17223431 -0.44793419 -0.1449724  -0.02835207
 -0.01967263 -0.27146732 -0.16045132 -0.1487259  -0.13306096 -0.24702616
 -0.00521737 -0.13403151 -0.27595096 -0.22562966 -0.0107618  -0.39315424
 -0.09737183]",[0.01308495],1.2637489983856804
16,24033,"[ 0.01144233  0.0179954  -0.17223431 -0.44793419 -0.1449724  -0.02835207
 -0.01967263 -0.27146732 -0.16045132 -0.1487259  -0.13306096 -0.24702616
 -0.00521737 -0.13403151 -0.27595096 -0.22562966 -0.0107618  -0.39315424
 -0.09737183]",[-0.00614229],1.1164948990678818
16,24035,"[ 0.01144233  0.0179954  -0.17223431 -0.44793419 -0.1449724  -0.02835207
 -0.01967263 -0.27146732 -0.16045132 -0.1487259  -0.13306096 -0.24702616
 -0.00521737 -0.13403151 -0.27595096 -0.22562966 -0.0107618  -0.39315424
 -0.09737183]",[-0.03244498],0.9150526640906954
16,24039,"[ 0.01144233  0.0179954  -0.17223431 -0.44793419 -0.1449724  -0.02835207
 -0.01967263 -0.27146732 -0.16045132 -0.1487259  -0.13306096 -0.24702616
 -0.00521737 -0.13403151 -0.27595096 -0.22562966 -0.0107618  -0.39315424
 -0.09737183]",[-0.10168814],0.38474567347279237
16,24037,"[ 0.01144233  0.0179954  -0.17223431 -0.44793419 -0.1449724  -0.02835207
 -0.01967263 -0.27146732 -0.16045132 -0.1487259  -0.13306096 -0.24702616
 -0.00521737 -0.13403151 -0.27595096 -0.22562966 -0.0107618  -0.39315424
 -0.09737183]",[-0.0608199],0.6977399430694067
16,24041,"[ 0.01144233  0.0179954  -0.17223431 -0.44793419 -0.1449724  -0.02835207
 -0.01967263 -0.27146732 -0.16045132 -0.1487259  -0.13306096 -0.24702616
 -0.00521737 -0.13403151 -0.27595096 -0.22562966 -0.0107618  -0.39315424
 -0.09737183]",[-0.14040031],0.0882639553506198
16,24043,"[ 0.01144233  0.0179954  -0.17223431 -0.44793419 -0.1449724  -0.02835207
 -0.01967263 -0.27146732 -0.16045132 -0.1487259  -0.13306096 -0.24702616
 -0.00521737 -0.13403151 -0.27595096 -0.22562966 -0.0107618  -0.39315424
 -0.09737183]",[-0.04923313],0.7864785591538574
16,24045,"[ 0.01144233  0.0179954  -0.17223431 -0.44793419 -0.1449724  -0.02835207
 -0.01967263 -0.27146732 -0.16045132 -0.1487259  -0.13306096 -0.24702616
 -0.00521737 -0.13403151 -0.27595096 -0.22562966 -0.0107618  -0.39315424
 -0.09737183]",[-0.09075034],0.4685141610256197
16,24047,"[ 0.01144233  0.0179954  -0.17223431 -0.44793419 -0.1449724  -0.02835207
 -0.01967263 -0.27146732 -0.16045132 -0.1487259  -0.13306096 -0.24702616
 -0.00521737 -0.13403151 -0.27595096 -0.22562966 -0.0107618  -0.39315424
 -0.09737183]",[0.04060363],1.4745040209520908
16,24510,"[ 0.01144233  0.0179954  -0.17223431 -0.44793419 -0.1449724  -0.02835207
 -0.01967263 -0.27146732 -0.16045132 -0.1487259  -0.13306096 -0.24702616
 -0.00521737 -0.13403151 -0.27595096 -0.22562966 -0.0107618  -0.39315424
 -0.09737183]",[-0.00056157],1.1592355051370566
16,25001,"[ 0.01144233  0.0179954  -0.17223431 -0.44793419 -0.1449724  -0.02835207
 -0.01967263 -0.27146732 -0.16045132 -0.1487259  -0.13306096 -0.24702616
 -0.00521737 -0.13403151 -0.27595096 -0.22562966 -0.0107618  -0.39315424
 -0.09737183]",[-0.015862],1.042055326630895
16,25003,"[ 0.01144233  0.0179954  -0.17223431 -0.44793419 -0.1449724  -0.02835207
 -0.01967263 -0.27146732 -0.16045132 -0.1487259  -0.13306096 -0.24702616
 -0.00521737 -0.13403151 -0.27595096 -0.22562966 -0.0107618  -0.39315424
 -0.09737183]",[-0.04785093],0.7970643678425439
16,25005,"[ 0.01144233  0.0179954  -0.17223431 -0.44793419 -0.1449724  -0.02835207
 -0.01967263 -0.27146732 -0.16045132 -0.1487259  -0.13306096 -0.24702616
 -0.00521737 -0.13403151 -0.27595096 -0.22562966 -0.0107618  -0.39315424
 -0.09737183]",[0.00951109],1.2363781681232822
16,25007,"[ 0.01144233  0.0179954  -0.17223431 -0.44793419 -0.1449724  -0.02835207
 -0.01967263 -0.27146732 -0.16045132 -0.1487259  -0.13306096 -0.24702616
 -0.00521737 -0.13403151 -0.27595096 -0.22562966 -0.0107618  -0.39315424
 -0.09737183]",[-0.46733621],-2.4156132924485667
16,25009,"[ 0.01144233  0.0179954  -0.17223431 -0.44793419 -0.1449724  -0.02835207
 -0.01967263 -0.27146732 -0.16045132 -0.1487259  -0.13306096 -0.24702616
 -0.00521737 -0.13403151 -0.27595096 -0.22562966 -0.0107618  -0.39315424
 -0.09737183]",[0.00781076],1.2233559574939945
16,25011,"[ 0.01144233  0.0179954  -0.17223431 -0.44793419 -0.1449724  -0.02835207
 -0.01967263 -0.27146732 -0.16045132 -0.1487259  -0.13306096 -0.24702616
 -0.00521737 -0.13403151 -0.27595096 -0.22562966 -0.0107618  -0.39315424
 -0.09737183]",[0.00550585],1.2057035641742582
16,25013,"[ 0.01144233  0.0179954  -0.17223431 -0.44793419 -0.1449724  -0.02835207
 -0.01967263 -0.27146732 -0.16045132 -0.1487259  -0.13306096 -0.24702616
 -0.00521737 -0.13403151 -0.27595096 -0.22562966 -0.0107618  -0.39315424
 -0.09737183]",[-0.01354062],1.0598338762570485
16,25015,"[ 0.01144233  0.0179954  -0.17223431 -0.44793419 -0.1449724  -0.02835207
 -0.01967263 -0.27146732 -0.16045132 -0.1487259  -0.13306096 -0.24702616
 -0.00521737 -0.13403151 -0.27595096 -0.22562966 -0.0107618  -0.39315424
 -0.09737183]",[0.01301882],1.2632425124876647
16,25017,"[ 0.01144233  0.0179954  -0.17223431 -0.44793419 -0.1449724  -0.02835207
 -0.01967263 -0.27146732 -0.16045132 -0.1487259  -0.13306096 -0.24702616
 -0.00521737 -0.13403151 -0.27595096 -0.22562966 -0.0107618  -0.39315424
 -0.09737183]",[0.02002935],1.3169334835722122
16,25019,"[ 0.01144233  0.0179954  -0.17223431 -0.44793419 -0.1449724  -0.02835207
 -0.01967263 -0.27146732 -0.16045132 -0.1487259  -0.13306096 -0.24702616
 -0.00521737 -0.13403151 -0.27595096 -0.22562966 -0.0107618  -0.39315424
 -0.09737183]",[-0.31898066],-1.2794147782431506
16,25021,"[ 0.01144233  0.0179954  -0.17223431 -0.44793419 -0.1449724  -0.02835207
 -0.01967263 -0.27146732 -0.16045132 -0.1487259  -0.13306096 -0.24702616
 -0.00521737 -0.13403151 -0.27595096 -0.22562966 -0.0107618  -0.39315424
 -0.09737183]",[-0.02411889],0.9788189807920568
16,25023,"[ 0.01144233  0.0179954  -0.17223431 -0.44793419 -0.1449724  -0.02835207
 -0.01967263 -0.27146732 -0.16045132 -0.1487259  -0.13306096 -0.24702616
 -0.00521737 -0.13403151 -0.27595096 -0.22562966 -0.0107618  -0.39315424
 -0.09737183]",[0.01435324],1.2734623641658478
16,25025,"[ 0.01144233  0.0179954  -0.17223431 -0.44793419 -0.1449724  -0.02835207
 -0.01967263 -0.27146732 -0.16045132 -0.1487259  -0.13306096 -0.24702616
 -0.00521737 -0.13403151 -0.27595096 -0.22562966 -0.0107618  -0.39315424
 -0.09737183]",[-0.00512377],1.1242953492789063
16,25027,"[ 0.01144233  0.0179954  -0.17223431 -0.44793419 -0.1449724  -0.02835207
 -0.01967263 -0.27146732 -0.16045132 -0.1487259  -0.13306096 -0.24702616
 -0.00521737 -0.13403151 -0.27595096 -0.22562966 -0.0107618  -0.39315424
 -0.09737183]",[-0.0093255],1.0921158834616533
16,26001,"[ 0.01144233  0.0179954  -0.17223431 -0.44793419 -0.1449724  -0.02835207
 -0.01967263 -0.27146732 -0.16045132 -0.1487259  -0.13306096 -0.24702616
 -0.00521737 -0.13403151 -0.27595096 -0.22562966 -0.0107618  -0.39315424
 -0.09737183]",[-0.19303249],-0.31482577580339877
16,26005,"[ 0.01144233  0.0179954  -0.17223431 -0.44793419 -0.1449724  -0.02835207
 -0.01967263 -0.27146732 -0.16045132 -0.1487259  -0.13306096 -0.24702616
 -0.00521737 -0.13403151 -0.27595096 -0.22562966 -0.0107618  -0.39315424
 -0.09737183]",[-0.02134664],1.0000505979862984
16,26007,"[ 0.01144233  0.0179954  -0.17223431 -0.44793419 -0.1449724  -0.02835207
 -0.01967263 -0.27146732 -0.16045132 -0.1487259  -0.13306096 -0.24702616
 -0.00521737 -0.13403151 -0.27595096 -0.22562966 -0.0107618  -0.39315424
 -0.09737183]",[-0.06917336],0.633763956267251
16,26009,"[ 0.01144233  0.0179954  -0.17223431 -0.44793419 -0.1449724  -0.02835207
 -0.01967263 -0.27146732 -0.16045132 -0.1487259  -0.13306096 -0.24702616
 -0.00521737 -0.13403151 -0.27595096 -0.22562966 -0.0107618  -0.39315424
 -0.09737183]",[-0.19878859],-0.3589096105293227
16,26011,"[ 0.01144233  0.0179954  -0.17223431 -0.44793419 -0.1449724  -0.02835207
 -0.01967263 -0.27146732 -0.16045132 -0.1487259  -0.13306096 -0.24702616
 -0.00521737 -0.13403151 -0.27595096 -0.22562966 -0.0107618  -0.39315424
 -0.09737183]",[-0.16854024],-0.12724901716490164
16,26015,"[ 0.01144233  0.0179954  -0.17223431 -0.44793419 -0.1449724  -0.02835207
 -0.01967263 -0.27146732 -0.16045132 -0.1487259  -0.13306096 -0.24702616
 -0.00521737 -0.13403151 -0.27595096 -0.22562966 -0.0107618  -0.39315424
 -0.09737183]",[-0.08434609],0.5175618473920075
16,26017,"[ 0.01144233  0.0179954  -0.17223431 -0.44793419 -0.1449724  -0.02835207
 -0.01967263 -0.27146732 -0.16045132 -0.1487259  -0.13306096 -0.24702616
 -0.00521737 -0.13403151 -0.27595096 -0.22562966 -0.0107618  -0.39315424
 -0.09737183]",[-0.06090862],0.697060470053394
16,26019,"[ 0.01144233  0.0179954  -0.17223431 -0.44793419 -0.1449724  -0.02835207
 -0.01967263 -0.27146732 -0.16045132 -0.1487259  -0.13306096 -0.24702616
 -0.00521737 -0.13403151 -0.27595096 -0.22562966 -0.0107618  -0.39315424
 -0.09737183]",[-0.22110667],-0.5298352008612625
16,26021,"[ 0.01144233  0.0179954  -0.17223431 -0.44793419 -0.1449724  -0.02835207
 -0.01967263 -0.27146732 -0.16045132 -0.1487259  -0.13306096 -0.24702616
 -0.00521737 -0.13403151 -0.27595096 -0.22562966 -0.0107618  -0.39315424
 -0.09737183]",[-0.05029908],0.7783149184695674
16,26023,"[ 0.01144233  0.0179954  -0.17223431 -0.44793419 -0.1449724  -0.02835207
 -0.01967263 -0.27146732 -0.16045132 -0.1487259  -0.13306096 -0.24702616
 -0.00521737 -0.13403151 -0.27595096 -0.22562966 -0.0107618  -0.39315424
 -0.09737183]",[0.00167553],1.1763685974662492
16,26025,"[ 0.01144233  0.0179954  -0.17223431 -0.44793419 -0.1449724  -0.02835207
 -0.01967263 -0.27146732 -0.16045132 -0.1487259  -0.13306096 -0.24702616
 -0.00521737 -0.13403151 -0.27595096 -0.22562966 -0.0107618  -0.39315424
 -0.09737183]",[-0.00122757],1.1541348599087358
16,26027,"[ 0.01144233  0.0179954  -0.17223431 -0.44793419 -0.1449724  -0.02835207
 -0.01967263 -0.27146732 -0.16045132 -0.1487259  -0.13306096 -0.24702616
 -0.00521737 -0.13403151 -0.27595096 -0.22562966 -0.0107618  -0.39315424
 -0.09737183]",[-0.0701469],0.6263080318609623
16,26029,"[ 0.01144233  0.0179954  -0.17223431 -0.44793419 -0.1449724  -0.02835207
 -0.01967263 -0.27146732 -0.16045132 -0.1487259  -0.13306096 -0.24702616
 -0.00521737 -0.13403151 -0.27595096 -0.22562966 -0.0107618  -0.39315424
 -0.09737183]",[-0.10826838],0.33435018430714647
16,26031,"[ 0.01144233  0.0179954  -0.17223431 -0.44793419 -0.1449724  -0.02835207
 -0.01967263 -0.27146732 -0.16045132 -0.1487259  -0.13306096 -0.24702616
 -0.00521737 -0.13403151 -0.27595096 -0.22562966 -0.0107618  -0.39315424
 -0.09737183]",[-0.2116669],-0.4575396149327069
16,26033,"[ 0.01144233  0.0179954  -0.17223431 -0.44793419 -0.1449724  -0.02835207
 -0.01967263 -0.27146732 -0.16045132 -0.1487259  -0.13306096 -0.24702616
 -0.00521737 -0.13403151 -0.27595096 -0.22562966 -0.0107618  -0.39315424
 -0.09737183]",[0.18738958],2.5986816094721163
16,26035,"[ 0.01144233  0.0179954  -0.17223431 -0.44793419 -0.1449724  -0.02835207
 -0.01967263 -0.27146732 -0.16045132 -0.1487259  -0.13306096 -0.24702616
 -0.00521737 -0.13403151 -0.27595096 -0.22562966 -0.0107618  -0.39315424
 -0.09737183]",[-0.15528914],-0.02576392231309691
16,26037,"[ 0.01144233  0.0179954  -0.17223431 -0.44793419 -0.1449724  -0.02835207
 -0.01967263 -0.27146732 -0.16045132 -0.1487259  -0.13306096 -0.24702616
 -0.00521737 -0.13403151 -0.27595096 -0.22562966 -0.0107618  -0.39315424
 -0.09737183]",[-0.05982924],0.7053270131606396
16,26039,"[ 0.01144233  0.0179954  -0.17223431 -0.44793419 -0.1449724  -0.02835207
 -0.01967263 -0.27146732 -0.16045132 -0.1487259  -0.13306096 -0.24702616
 -0.00521737 -0.13403151 -0.27595096 -0.22562966 -0.0107618  -0.39315424
 -0.09737183]",[-0.25387556],-0.7807996187843743
16,26041,"[ 0.01144233  0.0179954  -0.17223431 -0.44793419 -0.1449724  -0.02835207
 -0.01967263 -0.27146732 -0.16045132 -0.1487259  -0.13306096 -0.24702616
 -0.00521737 -0.13403151 -0.27595096 -0.22562966 -0.0107618  -0.39315424
 -0.09737183]",[-0.10777806],0.3381053302712936
16,26043,"[ 0.01144233  0.0179954  -0.17223431 -0.44793419 -0.1449724  -0.02835207
 -0.01967263 -0.27146732 -0.16045132 -0.1487259  -0.13306096 -0.24702616
 -0.00521737 -0.13403151 -0.27595096 -0.22562966 -0.0107618  -0.39315424
 -0.09737183]",[-0.20355844],-0.3954400630466827
16,26045,"[ 0.01144233  0.0179954  -0.17223431 -0.44793419 -0.1449724  -0.02835207
 -0.01967263 -0.27146732 -0.16045132 -0.1487259  -0.13306096 -0.24702616
 -0.00521737 -0.13403151 -0.27595096 -0.22562966 -0.0107618  -0.39315424
 -0.09737183]",[-0.04164941],0.8445594404087561
16,26047,"[ 0.01144233  0.0179954  -0.17223431 -0.44793419 -0.1449724  -0.02835207
 -0.01967263 -0.27146732 -0.16045132 -0.1487259  -0.13306096 -0.24702616
 -0.00521737 -0.13403151 -0.27595096 -0.22562966 -0.0107618  -0.39315424
 -0.09737183]",[-0.11817055],0.2585132374896498
16,26049,"[ 0.01144233  0.0179954  -0.17223431 -0.44793419 -0.1449724  -0.02835207
 -0.01967263 -0.27146732 -0.16045132 -0.1487259  -0.13306096 -0.24702616
 -0.00521737 -0.13403151 -0.27595096 -0.22562966 -0.0107618  -0.39315424
 -0.09737183]",[0.00952574],1.2364903823739357
16,26051,"[ 0.01144233  0.0179954  -0.17223431 -0.44793419 -0.1449724  -0.02835207
 -0.01967263 -0.27146732 -0.16045132 -0.1487259  -0.13306096 -0.24702616
 -0.00521737 -0.13403151 -0.27595096 -0.22562966 -0.0107618  -0.39315424
 -0.09737183]",[-0.08885801],0.48300679676198505
16,26053,"[ 0.01144233  0.0179954  -0.17223431 -0.44793419 -0.1449724  -0.02835207
 -0.01967263 -0.27146732 -0.16045132 -0.1487259  -0.13306096 -0.24702616
 -0.00521737 -0.13403151 -0.27595096 -0.22562966 -0.0107618  -0.39315424
 -0.09737183]",[-0.28581914],-1.0254433291417013
16,26055,"[ 0.01144233  0.0179954  -0.17223431 -0.44793419 -0.1449724  -0.02835207
 -0.01967263 -0.27146732 -0.16045132 -0.1487259  -0.13306096 -0.24702616
 -0.00521737 -0.13403151 -0.27595096 -0.22562966 -0.0107618  -0.39315424
 -0.09737183]",[-0.03517899],0.8941138819507052
16,26057,"[ 0.01144233  0.0179954  -0.17223431 -0.44793419 -0.1449724  -0.02835207
 -0.01967263 -0.27146732 -0.16045132 -0.1487259  -0.13306096 -0.24702616
 -0.00521737 -0.13403151 -0.27595096 -0.22562966 -0.0107618  -0.39315424
 -0.09737183]",[-0.19993048],-0.3676548407220034
16,26059,"[ 0.01144233  0.0179954  -0.17223431 -0.44793419 -0.1449724  -0.02835207
 -0.01967263 -0.27146732 -0.16045132 -0.1487259  -0.13306096 -0.24702616
 -0.00521737 -0.13403151 -0.27595096 -0.22562966 -0.0107618  -0.39315424
 -0.09737183]",[-0.06967221],0.6299435159267085
16,26061,"[ 0.01144233  0.0179954  -0.17223431 -0.44793419 -0.1449724  -0.02835207
 -0.01967263 -0.27146732 -0.16045132 -0.1487259  -0.13306096 -0.24702616
 -0.00521737 -0.13403151 -0.27595096 -0.22562966 -0.0107618  -0.39315424
 -0.09737183]",[-0.08893188],0.4824410239317812
16,26063,"[ 0.01144233  0.0179954  -0.17223431 -0.44793419 -0.1449724  -0.02835207
 -0.01967263 -0.27146732 -0.16045132 -0.1487259  -0.13306096 -0.24702616
 -0.00521737 -0.13403151 -0.27595096 -0.22562966 -0.0107618  -0.39315424
 -0.09737183]",[-0.09499999],0.43596765432269263
16,26065,"[ 0.01144233  0.0179954  -0.17223431 -0.44793419 -0.1449724  -0.02835207
 -0.01967263 -0.27146732 -0.16045132 -0.1487259  -0.13306096 -0.24702616
 -0.00521737 -0.13403151 -0.27595096 -0.22562966 -0.0107618  -0.39315424
 -0.09737183]",[0.0126411],1.2603496989304566
16,26067,"[ 0.01144233  0.0179954  -0.17223431 -0.44793419 -0.1449724  -0.02835207
 -0.01967263 -0.27146732 -0.16045132 -0.1487259  -0.13306096 -0.24702616
 -0.00521737 -0.13403151 -0.27595096 -0.22562966 -0.0107618  -0.39315424
 -0.09737183]",[-0.07856794],0.5618144952983328
16,26069,"[ 0.01144233  0.0179954  -0.17223431 -0.44793419 -0.1449724  -0.02835207
 -0.01967263 -0.27146732 -0.16045132 -0.1487259  -0.13306096 -0.24702616
 -0.00521737 -0.13403151 -0.27595096 -0.22562966 -0.0107618  -0.39315424
 -0.09737183]",[-0.07229145],0.6098836906281543
16,26071,"[ 0.01144233  0.0179954  -0.17223431 -0.44793419 -0.1449724  -0.02835207
 -0.01967263 -0.27146732 -0.16045132 -0.1487259  -0.13306096 -0.24702616
 -0.00521737 -0.13403151 -0.27595096 -0.22562966 -0.0107618  -0.39315424
 -0.09737183]",[-0.14052936],0.0872756514310416
16,26073,"[ 0.01144233  0.0179954  -0.17223431 -0.44793419 -0.1449724  -0.02835207
 -0.01967263 -0.27146732 -0.16045132 -0.1487259  -0.13306096 -0.24702616
 -0.00521737 -0.13403151 -0.27595096 -0.22562966 -0.0107618  -0.39315424
 -0.09737183]",[-0.05371466],0.7521562356384265
16,26075,"[ 0.01144233  0.0179954  -0.17223431 -0.44793419 -0.1449724  -0.02835207
 -0.01967263 -0.27146732 -0.16045132 -0.1487259  -0.13306096 -0.24702616
 -0.00521737 -0.13403151 -0.27595096 -0.22562966 -0.0107618  -0.39315424
 -0.09737183]",[0.00385436],1.193055447496059
16,26077,"[ 0.01144233  0.0179954  -0.17223431 -0.44793419 -0.1449724  -0.02835207
 -0.01967263 -0.27146732 -0.16045132 -0.1487259  -0.13306096 -0.24702616
 -0.00521737 -0.13403151 -0.27595096 -0.22562966 -0.0107618  -0.39315424
 -0.09737183]",[0.0058976],1.2087038053982675
16,26079,"[ 0.01144233  0.0179954  -0.17223431 -0.44793419 -0.1449724  -0.02835207
 -0.01967263 -0.27146732 -0.16045132 -0.1487259  -0.13306096 -0.24702616
 -0.00521737 -0.13403151 -0.27595096 -0.22562966 -0.0107618  -0.39315424
 -0.09737183]",[-0.32779501],-1.3469205126221353
16,26081,"[ 0.01144233  0.0179954  -0.17223431 -0.44793419 -0.1449724  -0.02835207
 -0.01967263 -0.27146732 -0.16045132 -0.1487259  -0.13306096 -0.24702616
 -0.00521737 -0.13403151 -0.27595096 -0.22562966 -0.0107618  -0.39315424
 -0.09737183]",[0.00644607],1.212904314735353
16,26085,"[ 0.01144233  0.0179954  -0.17223431 -0.44793419 -0.1449724  -0.02835207
 -0.01967263 -0.27146732 -0.16045132 -0.1487259  -0.13306096 -0.24702616
 -0.00521737 -0.13403151 -0.27595096 -0.22562966 -0.0107618  -0.39315424
 -0.09737183]",[-0.33388251],-1.3935423572212322
16,26087,"[ 0.01144233  0.0179954  -0.17223431 -0.44793419 -0.1449724  -0.02835207
 -0.01967263 -0.27146732 -0.16045132 -0.1487259  -0.13306096 -0.24702616
 -0.00521737 -0.13403151 -0.27595096 -0.22562966 -0.0107618  -0.39315424
 -0.09737183]",[-0.00088418],1.156764716615787
16,26089,"[ 0.01144233  0.0179954  -0.17223431 -0.44793419 -0.1449724  -0.02835207
 -0.01967263 -0.27146732 -0.16045132 -0.1487259  -0.13306096 -0.24702616
 -0.00521737 -0.13403151 -0.27595096 -0.22562966 -0.0107618  -0.39315424
 -0.09737183]",[-0.13363449],0.14008077319597606
16,26091,"[ 0.01144233  0.0179954  -0.17223431 -0.44793419 -0.1449724  -0.02835207
 -0.01967263 -0.27146732 -0.16045132 -0.1487259  -0.13306096 -0.24702616
 -0.00521737 -0.13403151 -0.27595096 -0.22562966 -0.0107618  -0.39315424
 -0.09737183]",[-0.03943061],0.8615523611499878
16,26093,"[ 0.01144233  0.0179954  -0.17223431 -0.44793419 -0.1449724  -0.02835207
 -0.01967263 -0.27146732 -0.16045132 -0.1487259  -0.13306096 -0.24702616
 -0.00521737 -0.13403151 -0.27595096 -0.22562966 -0.0107618  -0.39315424
 -0.09737183]",[-0.02107397],1.0021388587780333
16,26097,"[ 0.01144233  0.0179954  -0.17223431 -0.44793419 -0.1449724  -0.02835207
 -0.01967263 -0.27146732 -0.16045132 -0.1487259  -0.13306096 -0.24702616
 -0.00521737 -0.13403151 -0.27595096 -0.22562966 -0.0107618  -0.39315424
 -0.09737183]",[-0.24912179],-0.7443923034560107
16,26101,"[ 0.01144233  0.0179954  -0.17223431 -0.44793419 -0.1449724  -0.02835207
 -0.01967263 -0.27146732 -0.16045132 -0.1487259  -0.13306096 -0.24702616
 -0.00521737 -0.13403151 -0.27595096 -0.22562966 -0.0107618  -0.39315424
 -0.09737183]",[-0.16882291],-0.12941387472967772
16,26099,"[ 0.01144233  0.0179954  -0.17223431 -0.44793419 -0.1449724  -0.02835207
 -0.01967263 -0.27146732 -0.16045132 -0.1487259  -0.13306096 -0.24702616
 -0.00521737 -0.13403151 -0.27595096 -0.22562966 -0.0107618  -0.39315424
 -0.09737183]",[-0.00408878],1.1322219047086437
16,26103,"[ 0.01144233  0.0179954  -0.17223431 -0.44793419 -0.1449724  -0.02835207
 -0.01967263 -0.27146732 -0.16045132 -0.1487259  -0.13306096 -0.24702616
 -0.00521737 -0.13403151 -0.27595096 -0.22562966 -0.0107618  -0.39315424
 -0.09737183]",[0.03532553],1.434081091342177
16,26105,"[ 0.01144233  0.0179954  -0.17223431 -0.44793419 -0.1449724  -0.02835207
 -0.01967263 -0.27146732 -0.16045132 -0.1487259  -0.13306096 -0.24702616
 -0.00521737 -0.13403151 -0.27595096 -0.22562966 -0.0107618  -0.39315424
 -0.09737183]",[-0.16996998],-0.1381988296744962
16,26107,"[ 0.01144233  0.0179954  -0.17223431 -0.44793419 -0.1449724  -0.02835207
 -0.01967263 -0.27146732 -0.16045132 -0.1487259  -0.13306096 -0.24702616
 -0.00521737 -0.13403151 -0.27595096 -0.22562966 -0.0107618  -0.39315424
 -0.09737183]",[-0.10691818],0.34469083308426596
16,26109,"[ 0.01144233  0.0179954  -0.17223431 -0.44793419 -0.1449724  -0.02835207
 -0.01967263 -0.27146732 -0.16045132 -0.1487259  -0.13306096 -0.24702616
 -0.00521737 -0.13403151 -0.27595096 -0.22562966 -0.0107618  -0.39315424
 -0.09737183]",[-0.07729635],0.5715531078501198
16,26113,"[ 0.01144233  0.0179954  -0.17223431 -0.44793419 -0.1449724  -0.02835207
 -0.01967263 -0.27146732 -0.16045132 -0.1487259  -0.13306096 -0.24702616
 -0.00521737 -0.13403151 -0.27595096 -0.22562966 -0.0107618  -0.39315424
 -0.09737183]",[-0.2586788],-0.8175858181829511
16,26111,"[ 0.01144233  0.0179954  -0.17223431 -0.44793419 -0.1449724  -0.02835207
 -0.01967263 -0.27146732 -0.16045132 -0.1487259  -0.13306096 -0.24702616
 -0.00521737 -0.13403151 -0.27595096 -0.22562966 -0.0107618  -0.39315424
 -0.09737183]",[-0.06417314],0.6720587443692005
16,26115,"[ 0.01144233  0.0179954  -0.17223431 -0.44793419 -0.1449724  -0.02835207
 -0.01967263 -0.27146732 -0.16045132 -0.1487259  -0.13306096 -0.24702616
 -0.00521737 -0.13403151 -0.27595096 -0.22562966 -0.0107618  -0.39315424
 -0.09737183]",[-0.04179128],0.8434728678192462
16,26117,"[ 0.01144233  0.0179954  -0.17223431 -0.44793419 -0.1449724  -0.02835207
 -0.01967263 -0.27146732 -0.16045132 -0.1487259  -0.13306096 -0.24702616
 -0.00521737 -0.13403151 -0.27595096 -0.22562966 -0.0107618  -0.39315424
 -0.09737183]",[-0.10804234],0.3360812806620374
16,26119,"[ 0.01144233  0.0179954  -0.17223431 -0.44793419 -0.1449724  -0.02835207
 -0.01967263 -0.27146732 -0.16045132 -0.1487259  -0.13306096 -0.24702616
 -0.00521737 -0.13403151 -0.27595096 -0.22562966 -0.0107618  -0.39315424
 -0.09737183]",[-0.23945085],-0.6703263226575185
16,26121,"[ 0.01144233  0.0179954  -0.17223431 -0.44793419 -0.1449724  -0.02835207
 -0.01967263 -0.27146732 -0.16045132 -0.1487259  -0.13306096 -0.24702616
 -0.00521737 -0.13403151 -0.27595096 -0.22562966 -0.0107618  -0.39315424
 -0.09737183]",[-0.03348353],0.9070988040601622
16,26123,"[ 0.01144233  0.0179954  -0.17223431 -0.44793419 -0.1449724  -0.02835207
 -0.01967263 -0.27146732 -0.16045132 -0.1487259  -0.13306096 -0.24702616
 -0.00521737 -0.13403151 -0.27595096 -0.22562966 -0.0107618  -0.39315424
 -0.09737183]",[-0.12471184],0.20841595231576782
16,26125,"[ 0.01144233  0.0179954  -0.17223431 -0.44793419 -0.1449724  -0.02835207
 -0.01967263 -0.27146732 -0.16045132 -0.1487259  -0.13306096 -0.24702616
 -0.00521737 -0.13403151 -0.27595096 -0.22562966 -0.0107618  -0.39315424
 -0.09737183]",[-0.00721494],1.108279857481781
16,26127,"[ 0.01144233  0.0179954  -0.17223431 -0.44793419 -0.1449724  -0.02835207
 -0.01967263 -0.27146732 -0.16045132 -0.1487259  -0.13306096 -0.24702616
 -0.00521737 -0.13403151 -0.27595096 -0.22562966 -0.0107618  -0.39315424
 -0.09737183]",[-0.20070137],-0.37355879379973206
16,26129,"[ 0.01144233  0.0179954  -0.17223431 -0.44793419 -0.1449724  -0.02835207
 -0.01967263 -0.27146732 -0.16045132 -0.1487259  -0.13306096 -0.24702616
 -0.00521737 -0.13403151 -0.27595096 -0.22562966 -0.0107618  -0.39315424
 -0.09737183]",[-0.10311836],0.3737921919703607
16,26131,"[ 0.01144233  0.0179954  -0.17223431 -0.44793419 -0.1449724  -0.02835207
 -0.01967263 -0.27146732 -0.16045132 -0.1487259  -0.13306096 -0.24702616
 -0.00521737 -0.13403151 -0.27595096 -0.22562966 -0.0107618  -0.39315424
 -0.09737183]",[-0.31023885],-1.2124645462295487
16,26135,"[ 0.01144233  0.0179954  -0.17223431 -0.44793419 -0.1449724  -0.02835207
 -0.01967263 -0.27146732 -0.16045132 -0.1487259  -0.13306096 -0.24702616
 -0.00521737 -0.13403151 -0.27595096 -0.22562966 -0.0107618  -0.39315424
 -0.09737183]",[-0.32804141],-1.3488075988525368
16,26133,"[ 0.01144233  0.0179954  -0.17223431 -0.44793419 -0.1449724  -0.02835207
 -0.01967263 -0.27146732 -0.16045132 -0.1487259  -0.13306096 -0.24702616
 -0.00521737 -0.13403151 -0.27595096 -0.22562966 -0.0107618  -0.39315424
 -0.09737183]",[-0.18251822],-0.2343010205493783
16,26137,"[ 0.01144233  0.0179954  -0.17223431 -0.44793419 -0.1449724  -0.02835207
 -0.01967263 -0.27146732 -0.16045132 -0.1487259  -0.13306096 -0.24702616
 -0.00521737 -0.13403151 -0.27595096 -0.22562966 -0.0107618  -0.39315424
 -0.09737183]",[-0.15606163],-0.03168012373883852
16,26139,"[ 0.01144233  0.0179954  -0.17223431 -0.44793419 -0.1449724  -0.02835207
 -0.01967263 -0.27146732 -0.16045132 -0.1487259  -0.13306096 -0.24702616
 -0.00521737 -0.13403151 -0.27595096 -0.22562966 -0.0107618  -0.39315424
 -0.09737183]",[0.00499355],1.2017800332894029
16,26141,"[ 0.01144233  0.0179954  -0.17223431 -0.44793419 -0.1449724  -0.02835207
 -0.01967263 -0.27146732 -0.16045132 -0.1487259  -0.13306096 -0.24702616
 -0.00521737 -0.13403151 -0.27595096 -0.22562966 -0.0107618  -0.39315424
 -0.09737183]",[-0.22075568],-0.5271471538340493
16,26143,"[ 0.01144233  0.0179954  -0.17223431 -0.44793419 -0.1449724  -0.02835207
 -0.01967263 -0.27146732 -0.16045132 -0.1487259  -0.13306096 -0.24702616
 -0.00521737 -0.13403151 -0.27595096 -0.22562966 -0.0107618  -0.39315424
 -0.09737183]",[-0.11059297],0.3165470155906177
16,26145,"[ 0.01144233  0.0179954  -0.17223431 -0.44793419 -0.1449724  -0.02835207
 -0.01967263 -0.27146732 -0.16045132 -0.1487259  -0.13306096 -0.24702616
 -0.00521737 -0.13403151 -0.27595096 -0.22562966 -0.0107618  -0.39315424
 -0.09737183]",[-0.00361491],1.1358511068473154
16,26147,"[ 0.01144233  0.0179954  -0.17223431 -0.44793419 -0.1449724  -0.02835207
 -0.01967263 -0.27146732 -0.16045132 -0.1487259  -0.13306096 -0.24702616
 -0.00521737 -0.13403151 -0.27595096 -0.22562966 -0.0107618  -0.39315424
 -0.09737183]",[0.00021342],1.1651708578607984
16,26149,"[ 0.01144233  0.0179954  -0.17223431 -0.44793419 -0.1449724  -0.02835207
 -0.01967263 -0.27146732 -0.16045132 -0.1487259  -0.13306096 -0.24702616
 -0.00521737 -0.13403151 -0.27595096 -0.22562966 -0.0107618  -0.39315424
 -0.09737183]",[0.06190599],1.6376506984183294
16,26151,"[ 0.01144233  0.0179954  -0.17223431 -0.44793419 -0.1449724  -0.02835207
 -0.01967263 -0.27146732 -0.16045132 -0.1487259  -0.13306096 -0.24702616
 -0.00521737 -0.13403151 -0.27595096 -0.22562966 -0.0107618  -0.39315424
 -0.09737183]",[-0.10592478],0.3522989252457048
16,26155,"[ 0.01144233  0.0179954  -0.17223431 -0.44793419 -0.1449724  -0.02835207
 -0.01967263 -0.27146732 -0.16045132 -0.1487259  -0.13306096 -0.24702616
 -0.00521737 -0.13403151 -0.27595096 -0.22562966 -0.0107618  -0.39315424
 -0.09737183]",[0.00368497],1.1917581507305626
16,26157,"[ 0.01144233  0.0179954  -0.17223431 -0.44793419 -0.1449724  -0.02835207
 -0.01967263 -0.27146732 -0.16045132 -0.1487259  -0.13306096 -0.24702616
 -0.00521737 -0.13403151 -0.27595096 -0.22562966 -0.0107618  -0.39315424
 -0.09737183]",[-0.06662767],0.653260465556502
16,26159,"[ 0.01144233  0.0179954  -0.17223431 -0.44793419 -0.1449724  -0.02835207
 -0.01967263 -0.27146732 -0.16045132 -0.1487259  -0.13306096 -0.24702616
 -0.00521737 -0.13403151 -0.27595096 -0.22562966 -0.0107618  -0.39315424
 -0.09737183]",[0.05684057],1.598856590032782
16,26161,"[ 0.01144233  0.0179954  -0.17223431 -0.44793419 -0.1449724  -0.02835207
 -0.01967263 -0.27146732 -0.16045132 -0.1487259  -0.13306096 -0.24702616
 -0.00521737 -0.13403151 -0.27595096 -0.22562966 -0.0107618  -0.39315424
 -0.09737183]",[0.01202953],1.2556659316407681
16,26163,"[ 0.01144233  0.0179954  -0.17223431 -0.44793419 -0.1449724  -0.02835207
 -0.01967263 -0.27146732 -0.16045132 -0.1487259  -0.13306096 -0.24702616
 -0.00521737 -0.13403151 -0.27595096 -0.22562966 -0.0107618  -0.39315424
 -0.09737183]",[0.0125272],1.2594774058978224
16,26165,"[ 0.01144233  0.0179954  -0.17223431 -0.44793419 -0.1449724  -0.02835207
 -0.01967263 -0.27146732 -0.16045132 -0.1487259  -0.13306096 -0.24702616
 -0.00521737 -0.13403151 -0.27595096 -0.22562966 -0.0107618  -0.39315424
 -0.09737183]",[-0.24438401],-0.7081074780048536
16,27001,"[ 0.01144233  0.0179954  -0.17223431 -0.44793419 -0.1449724  -0.02835207
 -0.01967263 -0.27146732 -0.16045132 -0.1487259  -0.13306096 -0.24702616
 -0.00521737 -0.13403151 -0.27595096 -0.22562966 -0.0107618  -0.39315424
 -0.09737183]",[-0.26243194],-0.8463296633105546
16,27003,"[ 0.01144233  0.0179954  -0.17223431 -0.44793419 -0.1449724  -0.02835207
 -0.01967263 -0.27146732 -0.16045132 -0.1487259  -0.13306096 -0.24702616
 -0.00521737 -0.13403151 -0.27595096 -0.22562966 -0.0107618  -0.39315424
 -0.09737183]",[-0.00928575],1.0924203588141836
16,27005,"[ 0.01144233  0.0179954  -0.17223431 -0.44793419 -0.1449724  -0.02835207
 -0.01967263 -0.27146732 -0.16045132 -0.1487259  -0.13306096 -0.24702616
 -0.00521737 -0.13403151 -0.27595096 -0.22562966 -0.0107618  -0.39315424
 -0.09737183]",[-0.13113297],0.15923898086982993
16,27007,"[ 0.01144233  0.0179954  -0.17223431 -0.44793419 -0.1449724  -0.02835207
 -0.01967263 -0.27146732 -0.16045132 -0.1487259  -0.13306096 -0.24702616
 -0.00521737 -0.13403151 -0.27595096 -0.22562966 -0.0107618  -0.39315424
 -0.09737183]",[-0.15984994],-0.06069330387515664
16,27009,"[ 0.01144233  0.0179954  -0.17223431 -0.44793419 -0.1449724  -0.02835207
 -0.01967263 -0.27146732 -0.16045132 -0.1487259  -0.13306096 -0.24702616
 -0.00521737 -0.13403151 -0.27595096 -0.22562966 -0.0107618  -0.39315424
 -0.09737183]",[-0.18577478],-0.25924173503461884
16,27013,"[ 0.01144233  0.0179954  -0.17223431 -0.44793419 -0.1449724  -0.02835207
 -0.01967263 -0.27146732 -0.16045132 -0.1487259  -0.13306096 -0.24702616
 -0.00521737 -0.13403151 -0.27595096 -0.22562966 -0.0107618  -0.39315424
 -0.09737183]",[-0.05410318],0.7491807612854474
16,27015,"[ 0.01144233  0.0179954  -0.17223431 -0.44793419 -0.1449724  -0.02835207
 -0.01967263 -0.27146732 -0.16045132 -0.1487259  -0.13306096 -0.24702616
 -0.00521737 -0.13403151 -0.27595096 -0.22562966 -0.0107618  -0.39315424
 -0.09737183]",[-0.22806691],-0.5831410419524301
16,27017,"[ 0.01144233  0.0179954  -0.17223431 -0.44793419 -0.1449724  -0.02835207
 -0.01967263 -0.27146732 -0.16045132 -0.1487259  -0.13306096 -0.24702616
 -0.00521737 -0.13403151 -0.27595096 -0.22562966 -0.0107618  -0.39315424
 -0.09737183]",[-0.25203999],-0.7667417351712755
16,27019,"[ 0.01144233  0.0179954  -0.17223431 -0.44793419 -0.1449724  -0.02835207
 -0.01967263 -0.27146732 -0.16045132 -0.1487259  -0.13306096 -0.24702616
 -0.00521737 -0.13403151 -0.27595096 -0.22562966 -0.0107618  -0.39315424
 -0.09737183]",[-0.05845991],0.7158142401834653
16,27021,"[ 0.01144233  0.0179954  -0.17223431 -0.44793419 -0.1449724  -0.02835207
 -0.01967263 -0.27146732 -0.16045132 -0.1487259  -0.13306096 -0.24702616
 -0.00521737 -0.13403151 -0.27595096 -0.22562966 -0.0107618  -0.39315424
 -0.09737183]",[-0.07779476],0.5677359482296745
16,27023,"[ 0.01144233  0.0179954  -0.17223431 -0.44793419 -0.1449724  -0.02835207
 -0.01967263 -0.27146732 -0.16045132 -0.1487259  -0.13306096 -0.24702616
 -0.00521737 -0.13403151 -0.27595096 -0.22562966 -0.0107618  -0.39315424
 -0.09737183]",[-0.38339012],-1.7727022315537204
16,27025,"[ 0.01144233  0.0179954  -0.17223431 -0.44793419 -0.1449724  -0.02835207
 -0.01967263 -0.27146732 -0.16045132 -0.1487259  -0.13306096 -0.24702616
 -0.00521737 -0.13403151 -0.27595096 -0.22562966 -0.0107618  -0.39315424
 -0.09737183]",[-0.0438122],0.8279954243591062
16,27027,"[ 0.01144233  0.0179954  -0.17223431 -0.44793419 -0.1449724  -0.02835207
 -0.01967263 -0.27146732 -0.16045132 -0.1487259  -0.13306096 -0.24702616
 -0.00521737 -0.13403151 -0.27595096 -0.22562966 -0.0107618  -0.39315424
 -0.09737183]",[-0.07283092],0.6057521376058411
16,27033,"[ 0.01144233  0.0179954  -0.17223431 -0.44793419 -0.1449724  -0.02835207
 -0.01967263 -0.27146732 -0.16045132 -0.1487259  -0.13306096 -0.24702616
 -0.00521737 -0.13403151 -0.27595096 -0.22562966 -0.0107618  -0.39315424
 -0.09737183]",[-0.10431433],0.3646327122651671
16,27035,"[ 0.01144233  0.0179954  -0.17223431 -0.44793419 -0.1449724  -0.02835207
 -0.01967263 -0.27146732 -0.16045132 -0.1487259  -0.13306096 -0.24702616
 -0.00521737 -0.13403151 -0.27595096 -0.22562966 -0.0107618  -0.39315424
 -0.09737183]",[-0.10949764],0.32493572301486623
16,27037,"[ 0.01144233  0.0179954  -0.17223431 -0.44793419 -0.1449724  -0.02835207
 -0.01967263 -0.27146732 -0.16045132 -0.1487259  -0.13306096 -0.24702616
 -0.00521737 -0.13403151 -0.27595096 -0.22562966 -0.0107618  -0.39315424
 -0.09737183]",[0.00737292],1.220002722947018
16,27039,"[ 0.01144233  0.0179954  -0.17223431 -0.44793419 -0.1449724  -0.02835207
 -0.01967263 -0.27146732 -0.16045132 -0.1487259  -0.13306096 -0.24702616
 -0.00521737 -0.13403151 -0.27595096 -0.22562966 -0.0107618  -0.39315424
 -0.09737183]",[-0.17807027],-0.20023589598294883
16,27041,"[ 0.01144233  0.0179954  -0.17223431 -0.44793419 -0.1449724  -0.02835207
 -0.01967263 -0.27146732 -0.16045132 -0.1487259  -0.13306096 -0.24702616
 -0.00521737 -0.13403151 -0.27595096 -0.22562966 -0.0107618  -0.39315424
 -0.09737183]",[-0.10485007],0.36052969920891104
16,27043,"[ 0.01144233  0.0179954  -0.17223431 -0.44793419 -0.1449724  -0.02835207
 -0.01967263 -0.27146732 -0.16045132 -0.1487259  -0.13306096 -0.24702616
 -0.00521737 -0.13403151 -0.27595096 -0.22562966 -0.0107618  -0.39315424
 -0.09737183]",[-0.29707526],-1.1116496624470456
16,27045,"[ 0.01144233  0.0179954  -0.17223431 -0.44793419 -0.1449724  -0.02835207
 -0.01967263 -0.27146732 -0.16045132 -0.1487259  -0.13306096 -0.24702616
 -0.00521737 -0.13403151 -0.27595096 -0.22562966 -0.0107618  -0.39315424
 -0.09737183]",[-0.11506417],0.28230375582180045
16,27047,"[ 0.01144233  0.0179954  -0.17223431 -0.44793419 -0.1449724  -0.02835207
 -0.01967263 -0.27146732 -0.16045132 -0.1487259  -0.13306096 -0.24702616
 -0.00521737 -0.13403151 -0.27595096 -0.22562966 -0.0107618  -0.39315424
 -0.09737183]",[-0.16426113],-0.09447693272792451
16,27049,"[ 0.01144233  0.0179954  -0.17223431 -0.44793419 -0.1449724  -0.02835207
 -0.01967263 -0.27146732 -0.16045132 -0.1487259  -0.13306096 -0.24702616
 -0.00521737 -0.13403151 -0.27595096 -0.22562966 -0.0107618  -0.39315424
 -0.09737183]",[-0.09181691],0.46034565071321065
16,27053,"[ 0.01144233  0.0179954  -0.17223431 -0.44793419 -0.1449724  -0.02835207
 -0.01967263 -0.27146732 -0.16045132 -0.1487259  -0.13306096 -0.24702616
 -0.00521737 -0.13403151 -0.27595096 -0.22562966 -0.0107618  -0.39315424
 -0.09737183]",[-0.00457225],1.1285192041133354
16,27055,"[ 0.01144233  0.0179954  -0.17223431 -0.44793419 -0.1449724  -0.02835207
 -0.01967263 -0.27146732 -0.16045132 -0.1487259  -0.13306096 -0.24702616
 -0.00521737 -0.13403151 -0.27595096 -0.22562966 -0.0107618  -0.39315424
 -0.09737183]",[-0.27325424],-0.9292135506722029
16,27059,"[ 0.01144233  0.0179954  -0.17223431 -0.44793419 -0.1449724  -0.02835207
 -0.01967263 -0.27146732 -0.16045132 -0.1487259  -0.13306096 -0.24702616
 -0.00521737 -0.13403151 -0.27595096 -0.22562966 -0.0107618  -0.39315424
 -0.09737183]",[-0.10158744],0.3855169275812631
16,27057,"[ 0.01144233  0.0179954  -0.17223431 -0.44793419 -0.1449724  -0.02835207
 -0.01967263 -0.27146732 -0.16045132 -0.1487259  -0.13306096 -0.24702616
 -0.00521737 -0.13403151 -0.27595096 -0.22562966 -0.0107618  -0.39315424
 -0.09737183]",[-0.24996221],-0.7508287583815638
16,27061,"[ 0.01144233  0.0179954  -0.17223431 -0.44793419 -0.1449724  -0.02835207
 -0.01967263 -0.27146732 -0.16045132 -0.1487259  -0.13306096 -0.24702616
 -0.00521737 -0.13403151 -0.27595096 -0.22562966 -0.0107618  -0.39315424
 -0.09737183]",[-0.17567026],-0.18185514818426426
16,27063,"[ 0.01144233  0.0179954  -0.17223431 -0.44793419 -0.1449724  -0.02835207
 -0.01967263 -0.27146732 -0.16045132 -0.1487259  -0.13306096 -0.24702616
 -0.00521737 -0.13403151 -0.27595096 -0.22562966 -0.0107618  -0.39315424
 -0.09737183]",[-0.38364654],-1.7746660400108747
16,27065,"[ 0.01144233  0.0179954  -0.17223431 -0.44793419 -0.1449724  -0.02835207
 -0.01967263 -0.27146732 -0.16045132 -0.1487259  -0.13306096 -0.24702616
 -0.00521737 -0.13403151 -0.27595096 -0.22562966 -0.0107618  -0.39315424
 -0.09737183]",[-0.33741797],-1.4206191082724235
16,27071,"[ 0.01144233  0.0179954  -0.17223431 -0.44793419 -0.1449724  -0.02835207
 -0.01967263 -0.27146732 -0.16045132 -0.1487259  -0.13306096 -0.24702616
 -0.00521737 -0.13403151 -0.27595096 -0.22562966 -0.0107618  -0.39315424
 -0.09737183]",[-0.54107636],-2.9803609332667835
16,27067,"[ 0.01144233  0.0179954  -0.17223431 -0.44793419 -0.1449724  -0.02835207
 -0.01967263 -0.27146732 -0.16045132 -0.1487259  -0.13306096 -0.24702616
 -0.00521737 -0.13403151 -0.27595096 -0.22562966 -0.0107618  -0.39315424
 -0.09737183]",[0.02319122],1.3411490482807966
16,27079,"[ 0.01144233  0.0179954  -0.17223431 -0.44793419 -0.1449724  -0.02835207
 -0.01967263 -0.27146732 -0.16045132 -0.1487259  -0.13306096 -0.24702616
 -0.00521737 -0.13403151 -0.27595096 -0.22562966 -0.0107618  -0.39315424
 -0.09737183]",[-0.20412133],-0.39975096470872856
16,27083,"[ 0.01144233  0.0179954  -0.17223431 -0.44793419 -0.1449724  -0.02835207
 -0.01967263 -0.27146732 -0.16045132 -0.1487259  -0.13306096 -0.24702616
 -0.00521737 -0.13403151 -0.27595096 -0.22562966 -0.0107618  -0.39315424
 -0.09737183]",[-0.12807619],0.1826497229443858
16,27085,"[ 0.01144233  0.0179954  -0.17223431 -0.44793419 -0.1449724  -0.02835207
 -0.01967263 -0.27146732 -0.16045132 -0.1487259  -0.13306096 -0.24702616
 -0.00521737 -0.13403151 -0.27595096 -0.22562966 -0.0107618  -0.39315424
 -0.09737183]",[0.02798837],1.3778886005609063
16,27089,"[ 0.01144233  0.0179954  -0.17223431 -0.44793419 -0.1449724  -0.02835207
 -0.01967263 -0.27146732 -0.16045132 -0.1487259  -0.13306096 -0.24702616
 -0.00521737 -0.13403151 -0.27595096 -0.22562966 -0.0107618  -0.39315424
 -0.09737183]",[-0.19881909],-0.3591431551300525
16,27091,"[ 0.01144233  0.0179954  -0.17223431 -0.44793419 -0.1449724  -0.02835207
 -0.01967263 -0.27146732 -0.16045132 -0.1487259  -0.13306096 -0.24702616
 -0.00521737 -0.13403151 -0.27595096 -0.22562966 -0.0107618  -0.39315424
 -0.09737183]",[-0.09273584],0.4533079256049121
16,27095,"[ 0.01144233  0.0179954  -0.17223431 -0.44793419 -0.1449724  -0.02835207
 -0.01967263 -0.27146732 -0.16045132 -0.1487259  -0.13306096 -0.24702616
 -0.00521737 -0.13403151 -0.27595096 -0.22562966 -0.0107618  -0.39315424
 -0.09737183]",[-0.18779918],-0.2747458858978294
16,27093,"[ 0.01144233  0.0179954  -0.17223431 -0.44793419 -0.1449724  -0.02835207
 -0.01967263 -0.27146732 -0.16045132 -0.1487259  -0.13306096 -0.24702616
 -0.00521737 -0.13403151 -0.27595096 -0.22562966 -0.0107618  -0.39315424
 -0.09737183]",[-0.00959169],1.090077246087854
16,27097,"[ 0.01144233  0.0179954  -0.17223431 -0.44793419 -0.1449724  -0.02835207
 -0.01967263 -0.27146732 -0.16045132 -0.1487259  -0.13306096 -0.24702616
 -0.00521737 -0.13403151 -0.27595096 -0.22562966 -0.0107618  -0.39315424
 -0.09737183]",[0.15318203],2.336699035354806
16,27099,"[ 0.01144233  0.0179954  -0.17223431 -0.44793419 -0.1449724  -0.02835207
 -0.01967263 -0.27146732 -0.16045132 -0.1487259  -0.13306096 -0.24702616
 -0.00521737 -0.13403151 -0.27595096 -0.22562966 -0.0107618  -0.39315424
 -0.09737183]",[0.04783968],1.5299221679431654
16,27105,"[ 0.01144233  0.0179954  -0.17223431 -0.44793419 -0.1449724  -0.02835207
 -0.01967263 -0.27146732 -0.16045132 -0.1487259  -0.13306096 -0.24702616
 -0.00521737 -0.13403151 -0.27595096 -0.22562966 -0.0107618  -0.39315424
 -0.09737183]",[0.02253202],1.336100504805388
16,27103,"[ 0.01144233  0.0179954  -0.17223431 -0.44793419 -0.1449724  -0.02835207
 -0.01967263 -0.27146732 -0.16045132 -0.1487259  -0.13306096 -0.24702616
 -0.00521737 -0.13403151 -0.27595096 -0.22562966 -0.0107618  -0.39315424
 -0.09737183]",[-0.05491715],0.7429468201870476
16,27109,"[ 0.01144233  0.0179954  -0.17223431 -0.44793419 -0.1449724  -0.02835207
 -0.01967263 -0.27146732 -0.16045132 -0.1487259  -0.13306096 -0.24702616
 -0.00521737 -0.13403151 -0.27595096 -0.22562966 -0.0107618  -0.39315424
 -0.09737183]",[-0.0186171],1.0209550563560414
16,27111,"[ 0.01144233  0.0179954  -0.17223431 -0.44793419 -0.1449724  -0.02835207
 -0.01967263 -0.27146732 -0.16045132 -0.1487259  -0.13306096 -0.24702616
 -0.00521737 -0.13403151 -0.27595096 -0.22562966 -0.0107618  -0.39315424
 -0.09737183]",[-0.07675443],0.5757034925581892
16,27113,"[ 0.01144233  0.0179954  -0.17223431 -0.44793419 -0.1449724  -0.02835207
 -0.01967263 -0.27146732 -0.16045132 -0.1487259  -0.13306096 -0.24702616
 -0.00521737 -0.13403151 -0.27595096 -0.22562966 -0.0107618  -0.39315424
 -0.09737183]",[-0.13671732],0.11647062222053835
16,27115,"[ 0.01144233  0.0179954  -0.17223431 -0.44793419 -0.1449724  -0.02835207
 -0.01967263 -0.27146732 -0.16045132 -0.1487259  -0.13306096 -0.24702616
 -0.00521737 -0.13403151 -0.27595096 -0.22562966 -0.0107618  -0.39315424
 -0.09737183]",[-0.22227739],-0.5388013154199506
16,27117,"[ 0.01144233  0.0179954  -0.17223431 -0.44793419 -0.1449724  -0.02835207
 -0.01967263 -0.27146732 -0.16045132 -0.1487259  -0.13306096 -0.24702616
 -0.00521737 -0.13403151 -0.27595096 -0.22562966 -0.0107618  -0.39315424
 -0.09737183]",[-0.09624417],0.42643898478331943
16,27121,"[ 0.01144233  0.0179954  -0.17223431 -0.44793419 -0.1449724  -0.02835207
 -0.01967263 -0.27146732 -0.16045132 -0.1487259  -0.13306096 -0.24702616
 -0.00521737 -0.13403151 -0.27595096 -0.22562966 -0.0107618  -0.39315424
 -0.09737183]",[-0.30076372],-1.139898169933579
16,27119,"[ 0.01144233  0.0179954  -0.17223431 -0.44793419 -0.1449724  -0.02835207
 -0.01967263 -0.27146732 -0.16045132 -0.1487259  -0.13306096 -0.24702616
 -0.00521737 -0.13403151 -0.27595096 -0.22562966 -0.0107618  -0.39315424
 -0.09737183]",[0.03484462],1.4303979566495866
16,27123,"[ 0.01144233  0.0179954  -0.17223431 -0.44793419 -0.1449724  -0.02835207
 -0.01967263 -0.27146732 -0.16045132 -0.1487259  -0.13306096 -0.24702616
 -0.00521737 -0.13403151 -0.27595096 -0.22562966 -0.0107618  -0.39315424
 -0.09737183]",[0.00729721],1.2194228725483196
16,27127,"[ 0.01144233  0.0179954  -0.17223431 -0.44793419 -0.1449724  -0.02835207
 -0.01967263 -0.27146732 -0.16045132 -0.1487259  -0.13306096 -0.24702616
 -0.00521737 -0.13403151 -0.27595096 -0.22562966 -0.0107618  -0.39315424
 -0.09737183]",[-0.1293923],0.17257014308784205
16,27129,"[ 0.01144233  0.0179954  -0.17223431 -0.44793419 -0.1449724  -0.02835207
 -0.01967263 -0.27146732 -0.16045132 -0.1487259  -0.13306096 -0.24702616
 -0.00521737 -0.13403151 -0.27595096 -0.22562966 -0.0107618  -0.39315424
 -0.09737183]",[-0.22630018],-0.5696103338821942
16,27131,"[ 0.01144233  0.0179954  -0.17223431 -0.44793419 -0.1449724  -0.02835207
 -0.01967263 -0.27146732 -0.16045132 -0.1487259  -0.13306096 -0.24702616
 -0.00521737 -0.13403151 -0.27595096 -0.22562966 -0.0107618  -0.39315424
 -0.09737183]",[-0.00377487],1.1346260802675827
16,27135,"[ 0.01144233  0.0179954  -0.17223431 -0.44793419 -0.1449724  -0.02835207
 -0.01967263 -0.27146732 -0.16045132 -0.1487259  -0.13306096 -0.24702616
 -0.00521737 -0.13403151 -0.27595096 -0.22562966 -0.0107618  -0.39315424
 -0.09737183]",[-0.1804478],-0.21844449570400218
16,27137,"[ 0.01144233  0.0179954  -0.17223431 -0.44793419 -0.1449724  -0.02835207
 -0.01967263 -0.27146732 -0.16045132 -0.1487259  -0.13306096 -0.24702616
 -0.00521737 -0.13403151 -0.27595096 -0.22562966 -0.0107618  -0.39315424
 -0.09737183]",[0.00869719],1.2301448363827145
16,27139,"[ 0.01144233  0.0179954  -0.17223431 -0.44793419 -0.1449724  -0.02835207
 -0.01967263 -0.27146732 -0.16045132 -0.1487259  -0.13306096 -0.24702616
 -0.00521737 -0.13403151 -0.27595096 -0.22562966 -0.0107618  -0.39315424
 -0.09737183]",[0.01695705],1.293403916322565
16,27141,"[ 0.01144233  0.0179954  -0.17223431 -0.44793419 -0.1449724  -0.02835207
 -0.01967263 -0.27146732 -0.16045132 -0.1487259  -0.13306096 -0.24702616
 -0.00521737 -0.13403151 -0.27595096 -0.22562966 -0.0107618  -0.39315424
 -0.09737183]",[-0.13029501],0.16565661728683456
16,27143,"[ 0.01144233  0.0179954  -0.17223431 -0.44793419 -0.1449724  -0.02835207
 -0.01967263 -0.27146732 -0.16045132 -0.1487259  -0.13306096 -0.24702616
 -0.00521737 -0.13403151 -0.27595096 -0.22562966 -0.0107618  -0.39315424
 -0.09737183]",[-0.35759242],-1.575127467485662
16,27145,"[ 0.01144233  0.0179954  -0.17223431 -0.44793419 -0.1449724  -0.02835207
 -0.01967263 -0.27146732 -0.16045132 -0.1487259  -0.13306096 -0.24702616
 -0.00521737 -0.13403151 -0.27595096 -0.22562966 -0.0107618  -0.39315424
 -0.09737183]",[-0.02315474],0.9862030106657862
16,27147,"[ 0.01144233  0.0179954  -0.17223431 -0.44793419 -0.1449724  -0.02835207
 -0.01967263 -0.27146732 -0.16045132 -0.1487259  -0.13306096 -0.24702616
 -0.00521737 -0.13403151 -0.27595096 -0.22562966 -0.0107618  -0.39315424
 -0.09737183]",[-0.1905959],-0.29616489874040575
16,27151,"[ 0.01144233  0.0179954  -0.17223431 -0.44793419 -0.1449724  -0.02835207
 -0.01967263 -0.27146732 -0.16045132 -0.1487259  -0.13306096 -0.24702616
 -0.00521737 -0.13403151 -0.27595096 -0.22562966 -0.0107618  -0.39315424
 -0.09737183]",[-0.21041887],-0.44798147803728633
16,27153,"[ 0.01144233  0.0179954  -0.17223431 -0.44793419 -0.1449724  -0.02835207
 -0.01967263 -0.27146732 -0.16045132 -0.1487259  -0.13306096 -0.24702616
 -0.00521737 -0.13403151 -0.27595096 -0.22562966 -0.0107618  -0.39315424
 -0.09737183]",[-0.1111565],0.3122311083340311
16,27157,"[ 0.01144233  0.0179954  -0.17223431 -0.44793419 -0.1449724  -0.02835207
 -0.01967263 -0.27146732 -0.16045132 -0.1487259  -0.13306096 -0.24702616
 -0.00521737 -0.13403151 -0.27595096 -0.22562966 -0.0107618  -0.39315424
 -0.09737183]",[-0.1308579],0.16134562967451707
16,27161,"[ 0.01144233  0.0179954  -0.17223431 -0.44793419 -0.1449724  -0.02835207
 -0.01967263 -0.27146732 -0.16045132 -0.1487259  -0.13306096 -0.24702616
 -0.00521737 -0.13403151 -0.27595096 -0.22562966 -0.0107618  -0.39315424
 -0.09737183]",[-0.23950607],-0.6707492037173258
16,27163,"[ 0.01144233  0.0179954  -0.17223431 -0.44793419 -0.1449724  -0.02835207
 -0.01967263 -0.27146732 -0.16045132 -0.1487259  -0.13306096 -0.24702616
 -0.00521737 -0.13403151 -0.27595096 -0.22562966 -0.0107618  -0.39315424
 -0.09737183]",[0.05986917],1.6220514284124994
16,27169,"[ 0.01144233  0.0179954  -0.17223431 -0.44793419 -0.1449724  -0.02835207
 -0.01967263 -0.27146732 -0.16045132 -0.1487259  -0.13306096 -0.24702616
 -0.00521737 -0.13403151 -0.27595096 -0.22562966 -0.0107618  -0.39315424
 -0.09737183]",[-0.09161492],0.46189262875799647
16,27171,"[ 0.01144233  0.0179954  -0.17223431 -0.44793419 -0.1449724  -0.02835207
 -0.01967263 -0.27146732 -0.16045132 -0.1487259  -0.13306096 -0.24702616
 -0.00521737 -0.13403151 -0.27595096 -0.22562966 -0.0107618  -0.39315424
 -0.09737183]",[-0.0702994],0.625140074934343
16,27173,"[ 0.01144233  0.0179954  -0.17223431 -0.44793419 -0.1449724  -0.02835207
 -0.01967263 -0.27146732 -0.16045132 -0.1487259  -0.13306096 -0.24702616
 -0.00521737 -0.13403151 -0.27595096 -0.22562966 -0.0107618  -0.39315424
 -0.09737183]",[-0.32675416],-1.3389490444829641
16,28001,"[ 0.01144233  0.0179954  -0.17223431 -0.44793419 -0.1449724  -0.02835207
 -0.01967263 -0.27146732 -0.16045132 -0.1487259  -0.13306096 -0.24702616
 -0.00521737 -0.13403151 -0.27595096 -0.22562966 -0.0107618  -0.39315424
 -0.09737183]",[-0.05682702],0.7283198865687834
16,28007,"[ 0.01144233  0.0179954  -0.17223431 -0.44793419 -0.1449724  -0.02835207
 -0.01967263 -0.27146732 -0.16045132 -0.1487259  -0.13306096 -0.24702616
 -0.00521737 -0.13403151 -0.27595096 -0.22562966 -0.0107618  -0.39315424
 -0.09737183]",[0.04573959],1.5138383912516085
16,28003,"[ 0.01144233  0.0179954  -0.17223431 -0.44793419 -0.1449724  -0.02835207
 -0.01967263 -0.27146732 -0.16045132 -0.1487259  -0.13306096 -0.24702616
 -0.00521737 -0.13403151 -0.27595096 -0.22562966 -0.0107618  -0.39315424
 -0.09737183]",[-0.21535098],-0.48575461616320637
16,28011,"[ 0.01144233  0.0179954  -0.17223431 -0.44793419 -0.1449724  -0.02835207
 -0.01967263 -0.27146732 -0.16045132 -0.1487259  -0.13306096 -0.24702616
 -0.00521737 -0.13403151 -0.27595096 -0.22562966 -0.0107618  -0.39315424
 -0.09737183]",[-0.23406069],-0.62904514353142
16,28013,"[ 0.01144233  0.0179954  -0.17223431 -0.44793419 -0.1449724  -0.02835207
 -0.01967263 -0.27146732 -0.16045132 -0.1487259  -0.13306096 -0.24702616
 -0.00521737 -0.13403151 -0.27595096 -0.22562966 -0.0107618  -0.39315424
 -0.09737183]",[-0.35508743],-1.5559427115544018
16,28017,"[ 0.01144233  0.0179954  -0.17223431 -0.44793419 -0.1449724  -0.02835207
 -0.01967263 -0.27146732 -0.16045132 -0.1487259  -0.13306096 -0.24702616
 -0.00521737 -0.13403151 -0.27595096 -0.22562966 -0.0107618  -0.39315424
 -0.09737183]",[-0.20565392],-0.411488483404682
16,28023,"[ 0.01144233  0.0179954  -0.17223431 -0.44793419 -0.1449724  -0.02835207
 -0.01967263 -0.27146732 -0.16045132 -0.1487259  -0.13306096 -0.24702616
 -0.00521737 -0.13403151 -0.27595096 -0.22562966 -0.0107618  -0.39315424
 -0.09737183]",[-0.35205059],-1.5326847324194808
16,28025,"[ 0.01144233  0.0179954  -0.17223431 -0.44793419 -0.1449724  -0.02835207
 -0.01967263 -0.27146732 -0.16045132 -0.1487259  -0.13306096 -0.24702616
 -0.00521737 -0.13403151 -0.27595096 -0.22562966 -0.0107618  -0.39315424
 -0.09737183]",[-0.15490961],-0.022857206031771146
16,28027,"[ 0.01144233  0.0179954  -0.17223431 -0.44793419 -0.1449724  -0.02835207
 -0.01967263 -0.27146732 -0.16045132 -0.1487259  -0.13306096 -0.24702616
 -0.00521737 -0.13403151 -0.27595096 -0.22562966 -0.0107618  -0.39315424
 -0.09737183]",[-0.13333761],0.14235449147355492
16,28029,"[ 0.01144233  0.0179954  -0.17223431 -0.44793419 -0.1449724  -0.02835207
 -0.01967263 -0.27146732 -0.16045132 -0.1487259  -0.13306096 -0.24702616
 -0.00521737 -0.13403151 -0.27595096 -0.22562966 -0.0107618  -0.39315424
 -0.09737183]",[-0.03470971],0.8977079606974455
16,28031,"[ 0.01144233  0.0179954  -0.17223431 -0.44793419 -0.1449724  -0.02835207
 -0.01967263 -0.27146732 -0.16045132 -0.1487259  -0.13306096 -0.24702616
 -0.00521737 -0.13403151 -0.27595096 -0.22562966 -0.0107618  -0.39315424
 -0.09737183]",[-0.25818403],-0.8137965872017696
16,28033,"[ 0.01144233  0.0179954  -0.17223431 -0.44793419 -0.1449724  -0.02835207
 -0.01967263 -0.27146732 -0.16045132 -0.1487259  -0.13306096 -0.24702616
 -0.00521737 -0.13403151 -0.27595096 -0.22562966 -0.0107618  -0.39315424
 -0.09737183]",[-0.03104267],0.9257923970449384
16,28035,"[ 0.01144233  0.0179954  -0.17223431 -0.44793419 -0.1449724  -0.02835207
 -0.01967263 -0.27146732 -0.16045132 -0.1487259  -0.13306096 -0.24702616
 -0.00521737 -0.13403151 -0.27595096 -0.22562966 -0.0107618  -0.39315424
 -0.09737183]",[-0.05145253],0.7694810813381239
16,28039,"[ 0.01144233  0.0179954  -0.17223431 -0.44793419 -0.1449724  -0.02835207
 -0.01967263 -0.27146732 -0.16045132 -0.1487259  -0.13306096 -0.24702616
 -0.00521737 -0.13403151 -0.27595096 -0.22562966 -0.0107618  -0.39315424
 -0.09737183]",[-0.25863971],-0.8172864603993382
16,28043,"[ 0.01144233  0.0179954  -0.17223431 -0.44793419 -0.1449724  -0.02835207
 -0.01967263 -0.27146732 -0.16045132 -0.1487259  -0.13306096 -0.24702616
 -0.00521737 -0.13403151 -0.27595096 -0.22562966 -0.0107618  -0.39315424
 -0.09737183]",[-0.24611004],-0.7213265166365872
16,28045,"[ 0.01144233  0.0179954  -0.17223431 -0.44793419 -0.1449724  -0.02835207
 -0.01967263 -0.27146732 -0.16045132 -0.1487259  -0.13306096 -0.24702616
 -0.00521737 -0.13403151 -0.27595096 -0.22562966 -0.0107618  -0.39315424
 -0.09737183]",[-0.17542573],-0.1799823311167155
16,28047,"[ 0.01144233  0.0179954  -0.17223431 -0.44793419 -0.1449724  -0.02835207
 -0.01967263 -0.27146732 -0.16045132 -0.1487259  -0.13306096 -0.24702616
 -0.00521737 -0.13403151 -0.27595096 -0.22562966 -0.0107618  -0.39315424
 -0.09737183]",[-0.01217042],1.0703277210708417
16,28049,"[ 0.01144233  0.0179954  -0.17223431 -0.44793419 -0.1449724  -0.02835207
 -0.01967263 -0.27146732 -0.16045132 -0.1487259  -0.13306096 -0.24702616
 -0.00521737 -0.13403151 -0.27595096 -0.22562966 -0.0107618  -0.39315424
 -0.09737183]",[0.00844712],1.2282296325723172
16,28051,"[ 0.01144233  0.0179954  -0.17223431 -0.44793419 -0.1449724  -0.02835207
 -0.01967263 -0.27146732 -0.16045132 -0.1487259  -0.13306096 -0.24702616
 -0.00521737 -0.13403151 -0.27595096 -0.22562966 -0.0107618  -0.39315424
 -0.09737183]",[-0.33712491],-1.4183746591707043
16,28057,"[ 0.01144233  0.0179954  -0.17223431 -0.44793419 -0.1449724  -0.02835207
 -0.01967263 -0.27146732 -0.16045132 -0.1487259  -0.13306096 -0.24702616
 -0.00521737 -0.13403151 -0.27595096 -0.22562966 -0.0107618  -0.39315424
 -0.09737183]",[-0.21620014],-0.4922579739866448
16,28059,"[ 0.01144233  0.0179954  -0.17223431 -0.44793419 -0.1449724  -0.02835207
 -0.01967263 -0.27146732 -0.16045132 -0.1487259  -0.13306096 -0.24702616
 -0.00521737 -0.13403151 -0.27595096 -0.22562966 -0.0107618  -0.39315424
 -0.09737183]",[-0.01657175],1.0366196087870927
16,28061,"[ 0.01144233  0.0179954  -0.17223431 -0.44793419 -0.1449724  -0.02835207
 -0.01967263 -0.27146732 -0.16045132 -0.1487259  -0.13306096 -0.24702616
 -0.00521737 -0.13403151 -0.27595096 -0.22562966 -0.0107618  -0.39315424
 -0.09737183]",[-0.24306374],-0.6979960846194514
16,28067,"[ 0.01144233  0.0179954  -0.17223431 -0.44793419 -0.1449724  -0.02835207
 -0.01967263 -0.27146732 -0.16045132 -0.1487259  -0.13306096 -0.24702616
 -0.00521737 -0.13403151 -0.27595096 -0.22562966 -0.0107618  -0.39315424
 -0.09737183]",[-0.13941836],0.09578434222026169
16,28071,"[ 0.01144233  0.0179954  -0.17223431 -0.44793419 -0.1449724  -0.02835207
 -0.01967263 -0.27146732 -0.16045132 -0.1487259  -0.13306096 -0.24702616
 -0.00521737 -0.13403151 -0.27595096 -0.22562966 -0.0107618  -0.39315424
 -0.09737183]",[-0.08259814],0.5309487270423221
16,28073,"[ 0.01144233  0.0179954  -0.17223431 -0.44793419 -0.1449724  -0.02835207
 -0.01967263 -0.27146732 -0.16045132 -0.1487259  -0.13306096 -0.24702616
 -0.00521737 -0.13403151 -0.27595096 -0.22562966 -0.0107618  -0.39315424
 -0.09737183]",[-0.1559729],-0.031000557611501105
16,28075,"[ 0.01144233  0.0179954  -0.17223431 -0.44793419 -0.1449724  -0.02835207
 -0.01967263 -0.27146732 -0.16045132 -0.1487259  -0.13306096 -0.24702616
 -0.00521737 -0.13403151 -0.27595096 -0.22562966 -0.0107618  -0.39315424
 -0.09737183]",[-0.06101629],0.6962358411925871
16,28079,"[ 0.01144233  0.0179954  -0.17223431 -0.44793419 -0.1449724  -0.02835207
 -0.01967263 -0.27146732 -0.16045132 -0.1487259  -0.13306096 -0.24702616
 -0.00521737 -0.13403151 -0.27595096 -0.22562966 -0.0107618  -0.39315424
 -0.09737183]",[-0.31030801],-1.2129942016237594
16,28081,"[ 0.01144233  0.0179954  -0.17223431 -0.44793419 -0.1449724  -0.02835207
 -0.01967263 -0.27146732 -0.16045132 -0.1487259  -0.13306096 -0.24702616
 -0.00521737 -0.13403151 -0.27595096 -0.22562966 -0.0107618  -0.39315424
 -0.09737183]",[-0.08570643],0.5071435347435511
16,28083,"[ 0.01144233  0.0179954  -0.17223431 -0.44793419 -0.1449724  -0.02835207
 -0.01967263 -0.27146732 -0.16045132 -0.1487259  -0.13306096 -0.24702616
 -0.00521737 -0.13403151 -0.27595096 -0.22562966 -0.0107618  -0.39315424
 -0.09737183]",[-0.22069447],-0.526678317948348
16,28085,"[ 0.01144233  0.0179954  -0.17223431 -0.44793419 -0.1449724  -0.02835207
 -0.01967263 -0.27146732 -0.16045132 -0.1487259  -0.13306096 -0.24702616
 -0.00521737 -0.13403151 -0.27595096 -0.22562966 -0.0107618  -0.39315424
 -0.09737183]",[-0.14667102],0.040238995754449516
16,28087,"[ 0.01144233  0.0179954  -0.17223431 -0.44793419 -0.1449724  -0.02835207
 -0.01967263 -0.27146732 -0.16045132 -0.1487259  -0.13306096 -0.24702616
 -0.00521737 -0.13403151 -0.27595096 -0.22562966 -0.0107618  -0.39315424
 -0.09737183]",[-0.08734344],0.4946062816491314
16,28089,"[ 0.01144233  0.0179954  -0.17223431 -0.44793419 -0.1449724  -0.02835207
 -0.01967263 -0.27146732 -0.16045132 -0.1487259  -0.13306096 -0.24702616
 -0.00521737 -0.13403151 -0.27595096 -0.22562966 -0.0107618  -0.39315424
 -0.09737183]",[0.17458886],2.5006457593661584
16,28091,"[ 0.01144233  0.0179954  -0.17223431 -0.44793419 -0.1449724  -0.02835207
 -0.01967263 -0.27146732 -0.16045132 -0.1487259  -0.13306096 -0.24702616
 -0.00521737 -0.13403151 -0.27595096 -0.22562966 -0.0107618  -0.39315424
 -0.09737183]",[-0.19234647],-0.3095718496861479
16,28093,"[ 0.01144233  0.0179954  -0.17223431 -0.44793419 -0.1449724  -0.02835207
 -0.01967263 -0.27146732 -0.16045132 -0.1487259  -0.13306096 -0.24702616
 -0.00521737 -0.13403151 -0.27595096 -0.22562966 -0.0107618  -0.39315424
 -0.09737183]",[-0.26098721],-0.8352650347631653
16,28095,"[ 0.01144233  0.0179954  -0.17223431 -0.44793419 -0.1449724  -0.02835207
 -0.01967263 -0.27146732 -0.16045132 -0.1487259  -0.13306096 -0.24702616
 -0.00521737 -0.13403151 -0.27595096 -0.22562966 -0.0107618  -0.39315424
 -0.09737183]",[-0.20337596],-0.3940424569722446
16,28099,"[ 0.01144233  0.0179954  -0.17223431 -0.44793419 -0.1449724  -0.02835207
 -0.01967263 -0.27146732 -0.16045132 -0.1487259  -0.13306096 -0.24702616
 -0.00521737 -0.13403151 -0.27595096 -0.22562966 -0.0107618  -0.39315424
 -0.09737183]",[-0.30032241],-1.1365183765956763
16,28101,"[ 0.01144233  0.0179954  -0.17223431 -0.44793419 -0.1449724  -0.02835207
 -0.01967263 -0.27146732 -0.16045132 -0.1487259  -0.13306096 -0.24702616
 -0.00521737 -0.13403151 -0.27595096 -0.22562966 -0.0107618  -0.39315424
 -0.09737183]",[0.00485762],1.200738982860151
16,28105,"[ 0.01144233  0.0179954  -0.17223431 -0.44793419 -0.1449724  -0.02835207
 -0.01967263 -0.27146732 -0.16045132 -0.1487259  -0.13306096 -0.24702616
 -0.00521737 -0.13403151 -0.27595096 -0.22562966 -0.0107618  -0.39315424
 -0.09737183]",[-0.14402632],0.06049375964510929
16,28107,"[ 0.01144233  0.0179954  -0.17223431 -0.44793419 -0.1449724  -0.02835207
 -0.01967263 -0.27146732 -0.16045132 -0.1487259  -0.13306096 -0.24702616
 -0.00521737 -0.13403151 -0.27595096 -0.22562966 -0.0107618  -0.39315424
 -0.09737183]",[-0.149238],0.020579491060881097
16,28109,"[ 0.01144233  0.0179954  -0.17223431 -0.44793419 -0.1449724  -0.02835207
 -0.01967263 -0.27146732 -0.16045132 -0.1487259  -0.13306096 -0.24702616
 -0.00521737 -0.13403151 -0.27595096 -0.22562966 -0.0107618  -0.39315424
 -0.09737183]",[-0.02872674],0.9435291878381201
16,28113,"[ 0.01144233  0.0179954  -0.17223431 -0.44793419 -0.1449724  -0.02835207
 -0.01967263 -0.27146732 -0.16045132 -0.1487259  -0.13306096 -0.24702616
 -0.00521737 -0.13403151 -0.27595096 -0.22562966 -0.0107618  -0.39315424
 -0.09737183]",[-0.20880568],-0.4356266583782382
16,28115,"[ 0.01144233  0.0179954  -0.17223431 -0.44793419 -0.1449724  -0.02835207
 -0.01967263 -0.27146732 -0.16045132 -0.1487259  -0.13306096 -0.24702616
 -0.00521737 -0.13403151 -0.27595096 -0.22562966 -0.0107618  -0.39315424
 -0.09737183]",[-0.1352581],0.1276461791212915
16,28117,"[ 0.01144233  0.0179954  -0.17223431 -0.44793419 -0.1449724  -0.02835207
 -0.01967263 -0.27146732 -0.16045132 -0.1487259  -0.13306096 -0.24702616
 -0.00521737 -0.13403151 -0.27595096 -0.22562966 -0.0107618  -0.39315424
 -0.09737183]",[-0.35921021],-1.5875174821589675
16,28121,"[ 0.01144233  0.0179954  -0.17223431 -0.44793419 -0.1449724  -0.02835207
 -0.01967263 -0.27146732 -0.16045132 -0.1487259  -0.13306096 -0.24702616
 -0.00521737 -0.13403151 -0.27595096 -0.22562966 -0.0107618  -0.39315424
 -0.09737183]",[-0.06438704],0.6704205584970675
16,28123,"[ 0.01144233  0.0179954  -0.17223431 -0.44793419 -0.1449724  -0.02835207
 -0.01967263 -0.27146732 -0.16045132 -0.1487259  -0.13306096 -0.24702616
 -0.00521737 -0.13403151 -0.27595096 -0.22562966 -0.0107618  -0.39315424
 -0.09737183]",[-0.0609176],0.6969916705913506
16,28127,"[ 0.01144233  0.0179954  -0.17223431 -0.44793419 -0.1449724  -0.02835207
 -0.01967263 -0.27146732 -0.16045132 -0.1487259  -0.13306096 -0.24702616
 -0.00521737 -0.13403151 -0.27595096 -0.22562966 -0.0107618  -0.39315424
 -0.09737183]",[-0.18222786],-0.23207724269050986
16,28133,"[ 0.01144233  0.0179954  -0.17223431 -0.44793419 -0.1449724  -0.02835207
 -0.01967263 -0.27146732 -0.16045132 -0.1487259  -0.13306096 -0.24702616
 -0.00521737 -0.13403151 -0.27595096 -0.22562966 -0.0107618  -0.39315424
 -0.09737183]",[-0.13562451],0.12484000919458303
16,28135,"[ 0.01144233  0.0179954  -0.17223431 -0.44793419 -0.1449724  -0.02835207
 -0.01967263 -0.27146732 -0.16045132 -0.1487259  -0.13306096 -0.24702616
 -0.00521737 -0.13403151 -0.27595096 -0.22562966 -0.0107618  -0.39315424
 -0.09737183]",[-0.6474762],-3.795236696321709
16,28137,"[ 0.01144233  0.0179954  -0.17223431 -0.44793419 -0.1449724  -0.02835207
 -0.01967263 -0.27146732 -0.16045132 -0.1487259  -0.13306096 -0.24702616
 -0.00521737 -0.13403151 -0.27595096 -0.22562966 -0.0107618  -0.39315424
 -0.09737183]",[-0.17035936],-0.14118098227731388
16,28139,"[ 0.01144233  0.0179954  -0.17223431 -0.44793419 -0.1449724  -0.02835207
 -0.01967263 -0.27146732 -0.16045132 -0.1487259  -0.13306096 -0.24702616
 -0.00521737 -0.13403151 -0.27595096 -0.22562966 -0.0107618  -0.39315424
 -0.09737183]",[-0.19058743],-0.29610004512195603
16,28141,"[ 0.01144233  0.0179954  -0.17223431 -0.44793419 -0.1449724  -0.02835207
 -0.01967263 -0.27146732 -0.16045132 -0.1487259  -0.13306096 -0.24702616
 -0.00521737 -0.13403151 -0.27595096 -0.22562966 -0.0107618  -0.39315424
 -0.09737183]",[-0.46044007],-2.362798389283743
16,28149,"[ 0.01144233  0.0179954  -0.17223431 -0.44793419 -0.1449724  -0.02835207
 -0.01967263 -0.27146732 -0.16045132 -0.1487259  -0.13306096 -0.24702616
 -0.00521737 -0.13403151 -0.27595096 -0.22562966 -0.0107618  -0.39315424
 -0.09737183]",[-0.10819204],0.334934841598755
16,28145,"[ 0.01144233  0.0179954  -0.17223431 -0.44793419 -0.1449724  -0.02835207
 -0.01967263 -0.27146732 -0.16045132 -0.1487259  -0.13306096 -0.24702616
 -0.00521737 -0.13403151 -0.27595096 -0.22562966 -0.0107618  -0.39315424
 -0.09737183]",[-0.10776318],0.33821927731704443
16,28151,"[ 0.01144233  0.0179954  -0.17223431 -0.44793419 -0.1449724  -0.02835207
 -0.01967263 -0.27146732 -0.16045132 -0.1487259  -0.13306096 -0.24702616
 -0.00521737 -0.13403151 -0.27595096 -0.22562966 -0.0107618  -0.39315424
 -0.09737183]",[-0.00997574],1.0871359739361528
16,28153,"[ 0.01144233  0.0179954  -0.17223431 -0.44793419 -0.1449724  -0.02835207
 -0.01967263 -0.27146732 -0.16045132 -0.1487259  -0.13306096 -0.24702616
 -0.00521737 -0.13403151 -0.27595096 -0.22562966 -0.0107618  -0.39315424
 -0.09737183]",[-0.45950922],-2.355669311612032
16,28159,"[ 0.01144233  0.0179954  -0.17223431 -0.44793419 -0.1449724  -0.02835207
 -0.01967263 -0.27146732 -0.16045132 -0.1487259  -0.13306096 -0.24702616
 -0.00521737 -0.13403151 -0.27595096 -0.22562966 -0.0107618  -0.39315424
 -0.09737183]",[-0.13118093],0.15887171707551598
16,29001,"[ 0.01144233  0.0179954  -0.17223431 -0.44793419 -0.1449724  -0.02835207
 -0.01967263 -0.27146732 -0.16045132 -0.1487259  -0.13306096 -0.24702616
 -0.00521737 -0.13403151 -0.27595096 -0.22562966 -0.0107618  -0.39315424
 -0.09737183]",[-0.06865574],0.6377282744880949
16,28163,"[ 0.01144233  0.0179954  -0.17223431 -0.44793419 -0.1449724  -0.02835207
 -0.01967263 -0.27146732 -0.16045132 -0.1487259  -0.13306096 -0.24702616
 -0.00521737 -0.13403151 -0.27595096 -0.22562966 -0.0107618  -0.39315424
 -0.09737183]",[-0.01535401],1.04594587114803
16,29003,"[ 0.01144233  0.0179954  -0.17223431 -0.44793419 -0.1449724  -0.02835207
 -0.01967263 -0.27146732 -0.16045132 -0.1487259  -0.13306096 -0.24702616
 -0.00521737 -0.13403151 -0.27595096 -0.22562966 -0.0107618  -0.39315424
 -0.09737183]",[-0.32340815],-1.3133232303190525
16,29007,"[ 0.01144233  0.0179954  -0.17223431 -0.44793419 -0.1449724  -0.02835207
 -0.01967263 -0.27146732 -0.16045132 -0.1487259  -0.13306096 -0.24702616
 -0.00521737 -0.13403151 -0.27595096 -0.22562966 -0.0107618  -0.39315424
 -0.09737183]",[-0.08729981],0.4949403916825791
16,29009,"[ 0.01144233  0.0179954  -0.17223431 -0.44793419 -0.1449724  -0.02835207
 -0.01967263 -0.27146732 -0.16045132 -0.1487259  -0.13306096 -0.24702616
 -0.00521737 -0.13403151 -0.27595096 -0.22562966 -0.0107618  -0.39315424
 -0.09737183]",[-0.13179623],0.15415933521132552
16,29013,"[ 0.01144233  0.0179954  -0.17223431 -0.44793419 -0.1449724  -0.02835207
 -0.01967263 -0.27146732 -0.16045132 -0.1487259  -0.13306096 -0.24702616
 -0.00521737 -0.13403151 -0.27595096 -0.22562966 -0.0107618  -0.39315424
 -0.09737183]",[-0.26706198],-0.8817893696983484
16,29015,"[ 0.01144233  0.0179954  -0.17223431 -0.44793419 -0.1449724  -0.02835207
 -0.01967263 -0.27146732 -0.16045132 -0.1487259  -0.13306096 -0.24702616
 -0.00521737 -0.13403151 -0.27595096 -0.22562966 -0.0107618  -0.39315424
 -0.09737183]",[-0.11278856],0.2997318022234843
16,29019,"[ 0.01144233  0.0179954  -0.17223431 -0.44793419 -0.1449724  -0.02835207
 -0.01967263 -0.27146732 -0.16045132 -0.1487259  -0.13306096 -0.24702616
 -0.00521737 -0.13403151 -0.27595096 -0.22562966 -0.0107618  -0.39315424
 -0.09737183]",[-0.00469167],1.127604664774592
16,29021,"[ 0.01144233  0.0179954  -0.17223431 -0.44793419 -0.1449724  -0.02835207
 -0.01967263 -0.27146732 -0.16045132 -0.1487259  -0.13306096 -0.24702616
 -0.00521737 -0.13403151 -0.27595096 -0.22562966 -0.0107618  -0.39315424
 -0.09737183]",[-0.04969878],0.7829123635743459
16,29023,"[ 0.01144233  0.0179954  -0.17223431 -0.44793419 -0.1449724  -0.02835207
 -0.01967263 -0.27146732 -0.16045132 -0.1487259  -0.13306096 -0.24702616
 -0.00521737 -0.13403151 -0.27595096 -0.22562966 -0.0107618  -0.39315424
 -0.09737183]",[-0.13049586],0.16411839822526492
16,29027,"[ 0.01144233  0.0179954  -0.17223431 -0.44793419 -0.1449724  -0.02835207
 -0.01967263 -0.27146732 -0.16045132 -0.1487259  -0.13306096 -0.24702616
 -0.00521737 -0.13403151 -0.27595096 -0.22562966 -0.0107618  -0.39315424
 -0.09737183]",[-0.12082171],0.23820902808138256
16,29029,"[ 0.01144233  0.0179954  -0.17223431 -0.44793419 -0.1449724  -0.02835207
 -0.01967263 -0.27146732 -0.16045132 -0.1487259  -0.13306096 -0.24702616
 -0.00521737 -0.13403151 -0.27595096 -0.22562966 -0.0107618  -0.39315424
 -0.09737183]",[-0.07953565],0.5544031567054859
16,29031,"[ 0.01144233  0.0179954  -0.17223431 -0.44793419 -0.1449724  -0.02835207
 -0.01967263 -0.27146732 -0.16045132 -0.1487259  -0.13306096 -0.24702616
 -0.00521737 -0.13403151 -0.27595096 -0.22562966 -0.0107618  -0.39315424
 -0.09737183]",[-0.0691506],0.6339383281712538
16,29037,"[ 0.01144233  0.0179954  -0.17223431 -0.44793419 -0.1449724  -0.02835207
 -0.01967263 -0.27146732 -0.16045132 -0.1487259  -0.13306096 -0.24702616
 -0.00521737 -0.13403151 -0.27595096 -0.22562966 -0.0107618  -0.39315424
 -0.09737183]",[-0.13191902],0.15321891341546826
16,29043,"[ 0.01144233  0.0179954  -0.17223431 -0.44793419 -0.1449724  -0.02835207
 -0.01967263 -0.27146732 -0.16045132 -0.1487259  -0.13306096 -0.24702616
 -0.00521737 -0.13403151 -0.27595096 -0.22562966 -0.0107618  -0.39315424
 -0.09737183]",[-0.13042723],0.16464400054801018
16,29049,"[ 0.01144233  0.0179954  -0.17223431 -0.44793419 -0.1449724  -0.02835207
 -0.01967263 -0.27146732 -0.16045132 -0.1487259  -0.13306096 -0.24702616
 -0.00521737 -0.13403151 -0.27595096 -0.22562966 -0.0107618  -0.39315424
 -0.09737183]",[-0.25069244],-0.7564213152434176
16,29047,"[ 0.01144233  0.0179954  -0.17223431 -0.44793419 -0.1449724  -0.02835207
 -0.01967263 -0.27146732 -0.16045132 -0.1487259  -0.13306096 -0.24702616
 -0.00521737 -0.13403151 -0.27595096 -0.22562966 -0.0107618  -0.39315424
 -0.09737183]",[0.02307684],1.3402730594354197
16,29051,"[ 0.01144233  0.0179954  -0.17223431 -0.44793419 -0.1449724  -0.02835207
 -0.01967263 -0.27146732 -0.16045132 -0.1487259  -0.13306096 -0.24702616
 -0.00521737 -0.13403151 -0.27595096 -0.22562966 -0.0107618  -0.39315424
 -0.09737183]",[0.02177241],1.330282918709442
16,29053,"[ 0.01144233  0.0179954  -0.17223431 -0.44793419 -0.1449724  -0.02835207
 -0.01967263 -0.27146732 -0.16045132 -0.1487259  -0.13306096 -0.24702616
 -0.00521737 -0.13403151 -0.27595096 -0.22562966 -0.0107618  -0.39315424
 -0.09737183]",[-0.35204095],-1.5326109139205288
16,29065,"[ 0.01144233  0.0179954  -0.17223431 -0.44793419 -0.1449724  -0.02835207
 -0.01967263 -0.27146732 -0.16045132 -0.1487259  -0.13306096 -0.24702616
 -0.00521737 -0.13403151 -0.27595096 -0.22562966 -0.0107618  -0.39315424
 -0.09737183]",[-0.49082991],-2.595542535433897
16,29055,"[ 0.01144233  0.0179954  -0.17223431 -0.44793419 -0.1449724  -0.02835207
 -0.01967263 -0.27146732 -0.16045132 -0.1487259  -0.13306096 -0.24702616
 -0.00521737 -0.13403151 -0.27595096 -0.22562966 -0.0107618  -0.39315424
 -0.09737183]",[-0.18481923],-0.2519235581124408
16,29069,"[ 0.01144233  0.0179954  -0.17223431 -0.44793419 -0.1449724  -0.02835207
 -0.01967263 -0.27146732 -0.16045132 -0.1487259  -0.13306096 -0.24702616
 -0.00521737 -0.13403151 -0.27595096 -0.22562966 -0.0107618  -0.39315424
 -0.09737183]",[-0.21233055],-0.46262224537274343
16,29071,"[ 0.01144233  0.0179954  -0.17223431 -0.44793419 -0.1449724  -0.02835207
 -0.01967263 -0.27146732 -0.16045132 -0.1487259  -0.13306096 -0.24702616
 -0.00521737 -0.13403151 -0.27595096 -0.22562966 -0.0107618  -0.39315424
 -0.09737183]",[0.13082113],2.165445449778769
16,29073,"[ 0.01144233  0.0179954  -0.17223431 -0.44793419 -0.1449724  -0.02835207
 -0.01967263 -0.27146732 -0.16045132 -0.1487259  -0.13306096 -0.24702616
 -0.00521737 -0.13403151 -0.27595096 -0.22562966 -0.0107618  -0.39315424
 -0.09737183]",[-0.22717197],-0.5762870284180912
16,29077,"[ 0.01144233  0.0179954  -0.17223431 -0.44793419 -0.1449724  -0.02835207
 -0.01967263 -0.27146732 -0.16045132 -0.1487259  -0.13306096 -0.24702616
 -0.00521737 -0.13403151 -0.27595096 -0.22562966 -0.0107618  -0.39315424
 -0.09737183]",[0.01211639],1.2563311830210224
16,29079,"[ 0.01144233  0.0179954  -0.17223431 -0.44793419 -0.1449724  -0.02835207
 -0.01967263 -0.27146732 -0.16045132 -0.1487259  -0.13306096 -0.24702616
 -0.00521737 -0.13403151 -0.27595096 -0.22562966 -0.0107618  -0.39315424
 -0.09737183]",[-0.33788864],-1.4242237168179683
16,29083,"[ 0.01144233  0.0179954  -0.17223431 -0.44793419 -0.1449724  -0.02835207
 -0.01967263 -0.27146732 -0.16045132 -0.1487259  -0.13306096 -0.24702616
 -0.00521737 -0.13403151 -0.27595096 -0.22562966 -0.0107618  -0.39315424
 -0.09737183]",[-0.10781618],0.3378133796477521
16,29091,"[ 0.01144233  0.0179954  -0.17223431 -0.44793419 -0.1449724  -0.02835207
 -0.01967263 -0.27146732 -0.16045132 -0.1487259  -0.13306096 -0.24702616
 -0.00521737 -0.13403151 -0.27595096 -0.22562966 -0.0107618  -0.39315424
 -0.09737183]",[-0.1936802],-0.31978638079344235
16,29093,"[ 0.01144233  0.0179954  -0.17223431 -0.44793419 -0.1449724  -0.02835207
 -0.01967263 -0.27146732 -0.16045132 -0.1487259  -0.13306096 -0.24702616
 -0.00521737 -0.13403151 -0.27595096 -0.22562966 -0.0107618  -0.39315424
 -0.09737183]",[-0.19193463],-0.30641768427719956
16,29095,"[ 0.01144233  0.0179954  -0.17223431 -0.44793419 -0.1449724  -0.02835207
 -0.01967263 -0.27146732 -0.16045132 -0.1487259  -0.13306096 -0.24702616
 -0.00521737 -0.13403151 -0.27595096 -0.22562966 -0.0107618  -0.39315424
 -0.09737183]",[0.02405347],1.3477526740154393
16,29097,"[ 0.01144233  0.0179954  -0.17223431 -0.44793419 -0.1449724  -0.02835207
 -0.01967263 -0.27146732 -0.16045132 -0.1487259  -0.13306096 -0.24702616
 -0.00521737 -0.13403151 -0.27595096 -0.22562966 -0.0107618  -0.39315424
 -0.09737183]",[0.03163242],1.405796991252467
16,29099,"[ 0.01144233  0.0179954  -0.17223431 -0.44793419 -0.1449724  -0.02835207
 -0.01967263 -0.27146732 -0.16045132 -0.1487259  -0.13306096 -0.24702616
 -0.00521737 -0.13403151 -0.27595096 -0.22562966 -0.0107618  -0.39315424
 -0.09737183]",[-0.01920174],1.0164775779301372
16,29101,"[ 0.01144233  0.0179954  -0.17223431 -0.44793419 -0.1449724  -0.02835207
 -0.01967263 -0.27146732 -0.16045132 -0.1487259  -0.13306096 -0.24702616
 -0.00521737 -0.13403151 -0.27595096 -0.22562966 -0.0107618  -0.39315424
 -0.09737183]",[-0.17910237],-0.20814032303942054
16,29105,"[ 0.01144233  0.0179954  -0.17223431 -0.44793419 -0.1449724  -0.02835207
 -0.01967263 -0.27146732 -0.16045132 -0.1487259  -0.13306096 -0.24702616
 -0.00521737 -0.13403151 -0.27595096 -0.22562966 -0.0107618  -0.39315424
 -0.09737183]",[-0.1826684],-0.23545117032954727
16,29107,"[ 0.01144233  0.0179954  -0.17223431 -0.44793419 -0.1449724  -0.02835207
 -0.01967263 -0.27146732 -0.16045132 -0.1487259  -0.13306096 -0.24702616
 -0.00521737 -0.13403151 -0.27595096 -0.22562966 -0.0107618  -0.39315424
 -0.09737183]",[-0.17115997],-0.1473125391762554
16,29109,"[ 0.01144233  0.0179954  -0.17223431 -0.44793419 -0.1449724  -0.02835207
 -0.01967263 -0.27146732 -0.16045132 -0.1487259  -0.13306096 -0.24702616
 -0.00521737 -0.13403151 -0.27595096 -0.22562966 -0.0107618  -0.39315424
 -0.09737183]",[0.19798301],2.6798126555135826
16,29111,"[ 0.01144233  0.0179954  -0.17223431 -0.44793419 -0.1449724  -0.02835207
 -0.01967263 -0.27146732 -0.16045132 -0.1487259  -0.13306096 -0.24702616
 -0.00521737 -0.13403151 -0.27595096 -0.22562966 -0.0107618  -0.39315424
 -0.09737183]",[-0.31539388],-1.2519449534703289
16,29113,"[ 0.01144233  0.0179954  -0.17223431 -0.44793419 -0.1449724  -0.02835207
 -0.01967263 -0.27146732 -0.16045132 -0.1487259  -0.13306096 -0.24702616
 -0.00521737 -0.13403151 -0.27595096 -0.22562966 -0.0107618  -0.39315424
 -0.09737183]",[-0.22512249],-0.5605908576376294
16,29115,"[ 0.01144233  0.0179954  -0.17223431 -0.44793419 -0.1449724  -0.02835207
 -0.01967263 -0.27146732 -0.16045132 -0.1487259  -0.13306096 -0.24702616
 -0.00521737 -0.13403151 -0.27595096 -0.22562966 -0.0107618  -0.39315424
 -0.09737183]",[-0.20294372],-0.3907321274753856
16,29117,"[ 0.01144233  0.0179954  -0.17223431 -0.44793419 -0.1449724  -0.02835207
 -0.01967263 -0.27146732 -0.16045132 -0.1487259  -0.13306096 -0.24702616
 -0.00521737 -0.13403151 -0.27595096 -0.22562966 -0.0107618  -0.39315424
 -0.09737183]",[-0.31542556],-1.2521875931278512
16,29119,"[ 0.01144233  0.0179954  -0.17223431 -0.44793419 -0.1449724  -0.02835207
 -0.01967263 -0.27146732 -0.16045132 -0.1487259  -0.13306096 -0.24702616
 -0.00521737 -0.13403151 -0.27595096 -0.22562966 -0.0107618  -0.39315424
 -0.09737183]",[-0.44670495],-2.257606302239659
16,29121,"[ 0.01144233  0.0179954  -0.17223431 -0.44793419 -0.1449724  -0.02835207
 -0.01967263 -0.27146732 -0.16045132 -0.1487259  -0.13306096 -0.24702616
 -0.00521737 -0.13403151 -0.27595096 -0.22562966 -0.0107618  -0.39315424
 -0.09737183]",[-0.11256263],0.3014621356011849
16,29127,"[ 0.01144233  0.0179954  -0.17223431 -0.44793419 -0.1449724  -0.02835207
 -0.01967263 -0.27146732 -0.16045132 -0.1487259  -0.13306096 -0.24702616
 -0.00521737 -0.13403151 -0.27595096 -0.22562966 -0.0107618  -0.39315424
 -0.09737183]",[-0.0534853],0.7539128122643941
16,29131,"[ 0.01144233  0.0179954  -0.17223431 -0.44793419 -0.1449724  -0.02835207
 -0.01967263 -0.27146732 -0.16045132 -0.1487259  -0.13306096 -0.24702616
 -0.00521737 -0.13403151 -0.27595096 -0.22562966 -0.0107618  -0.39315424
 -0.09737183]",[-0.33890604],-1.4320156133170594
16,29133,"[ 0.01144233  0.0179954  -0.17223431 -0.44793419 -0.1449724  -0.02835207
 -0.01967263 -0.27146732 -0.16045132 -0.1487259  -0.13306096 -0.24702616
 -0.00521737 -0.13403151 -0.27595096 -0.22562966 -0.0107618  -0.39315424
 -0.09737183]",[-0.40707473],-1.9540935702901923
16,29135,"[ 0.01144233  0.0179954  -0.17223431 -0.44793419 -0.1449724  -0.02835207
 -0.01967263 -0.27146732 -0.16045132 -0.1487259  -0.13306096 -0.24702616
 -0.00521737 -0.13403151 -0.27595096 -0.22562966 -0.0107618  -0.39315424
 -0.09737183]",[-0.31174457],-1.2239962924681365
16,29139,"[ 0.01144233  0.0179954  -0.17223431 -0.44793419 -0.1449724  -0.02835207
 -0.01967263 -0.27146732 -0.16045132 -0.1487259  -0.13306096 -0.24702616
 -0.00521737 -0.13403151 -0.27595096 -0.22562966 -0.0107618  -0.39315424
 -0.09737183]",[-0.40192383],-1.9146448230084738
16,29141,"[ 0.01144233  0.0179954  -0.17223431 -0.44793419 -0.1449724  -0.02835207
 -0.01967263 -0.27146732 -0.16045132 -0.1487259  -0.13306096 -0.24702616
 -0.00521737 -0.13403151 -0.27595096 -0.22562966 -0.0107618  -0.39315424
 -0.09737183]",[-0.34418638],-1.4724557439047645
16,29143,"[ 0.01144233  0.0179954  -0.17223431 -0.44793419 -0.1449724  -0.02835207
 -0.01967263 -0.27146732 -0.16045132 -0.1487259  -0.13306096 -0.24702616
 -0.00521737 -0.13403151 -0.27595096 -0.22562966 -0.0107618  -0.39315424
 -0.09737183]",[-0.0601552],0.7028306218169948
16,29145,"[ 0.01144233  0.0179954  -0.17223431 -0.44793419 -0.1449724  -0.02835207
 -0.01967263 -0.27146732 -0.16045132 -0.1487259  -0.13306096 -0.24702616
 -0.00521737 -0.13403151 -0.27595096 -0.22562966 -0.0107618  -0.39315424
 -0.09737183]",[-0.05737936],0.72408970817616
16,29147,"[ 0.01144233  0.0179954  -0.17223431 -0.44793419 -0.1449724  -0.02835207
 -0.01967263 -0.27146732 -0.16045132 -0.1487259  -0.13306096 -0.24702616
 -0.00521737 -0.13403151 -0.27595096 -0.22562966 -0.0107618  -0.39315424
 -0.09737183]",[-0.35338008],-1.542866776788643
16,29151,"[ 0.01144233  0.0179954  -0.17223431 -0.44793419 -0.1449724  -0.02835207
 -0.01967263 -0.27146732 -0.16045132 -0.1487259  -0.13306096 -0.24702616
 -0.00521737 -0.13403151 -0.27595096 -0.22562966 -0.0107618  -0.39315424
 -0.09737183]",[-0.36610109],-1.6402921647967765
16,29155,"[ 0.01144233  0.0179954  -0.17223431 -0.44793419 -0.1449724  -0.02835207
 -0.01967263 -0.27146732 -0.16045132 -0.1487259  -0.13306096 -0.24702616
 -0.00521737 -0.13403151 -0.27595096 -0.22562966 -0.0107618  -0.39315424
 -0.09737183]",[-0.33841234],-1.428234548878891
16,29157,"[ 0.01144233  0.0179954  -0.17223431 -0.44793419 -0.1449724  -0.02835207
 -0.01967263 -0.27146732 -0.16045132 -0.1487259  -0.13306096 -0.24702616
 -0.00521737 -0.13403151 -0.27595096 -0.22562966 -0.0107618  -0.39315424
 -0.09737183]",[-0.40534178],-1.9408215887663172
16,29159,"[ 0.01144233  0.0179954  -0.17223431 -0.44793419 -0.1449724  -0.02835207
 -0.01967263 -0.27146732 -0.16045132 -0.1487259  -0.13306096 -0.24702616
 -0.00521737 -0.13403151 -0.27595096 -0.22562966 -0.0107618  -0.39315424
 -0.09737183]",[-0.05294977],0.7580142341050763
16,29161,"[ 0.01144233  0.0179954  -0.17223431 -0.44793419 -0.1449724  -0.02835207
 -0.01967263 -0.27146732 -0.16045132 -0.1487259  -0.13306096 -0.24702616
 -0.00521737 -0.13403151 -0.27595096 -0.22562966 -0.0107618  -0.39315424
 -0.09737183]",[-0.10022602],0.395943529582903
16,29163,"[ 0.01144233  0.0179954  -0.17223431 -0.44793419 -0.1449724  -0.02835207
 -0.01967263 -0.27146732 -0.16045132 -0.1487259  -0.13306096 -0.24702616
 -0.00521737 -0.13403151 -0.27595096 -0.22562966 -0.0107618  -0.39315424
 -0.09737183]",[-0.14551223],0.0491137275508874
16,29165,"[ 0.01144233  0.0179954  -0.17223431 -0.44793419 -0.1449724  -0.02835207
 -0.01967263 -0.27146732 -0.16045132 -0.1487259  -0.13306096 -0.24702616
 -0.00521737 -0.13403151 -0.27595096 -0.22562966 -0.0107618  -0.39315424
 -0.09737183]",[-0.03466031],0.898086253649856
16,29167,"[ 0.01144233  0.0179954  -0.17223431 -0.44793419 -0.1449724  -0.02835207
 -0.01967263 -0.27146732 -0.16045132 -0.1487259  -0.13306096 -0.24702616
 -0.00521737 -0.13403151 -0.27595096 -0.22562966 -0.0107618  -0.39315424
 -0.09737183]",[-0.47101818],-2.4438120841761903
16,29169,"[ 0.01144233  0.0179954  -0.17223431 -0.44793419 -0.1449724  -0.02835207
 -0.01967263 -0.27146732 -0.16045132 -0.1487259  -0.13306096 -0.24702616
 -0.00521737 -0.13403151 -0.27595096 -0.22562966 -0.0107618  -0.39315424
 -0.09737183]",[-0.1818536],-0.22921096347789752
16,29175,"[ 0.01144233  0.0179954  -0.17223431 -0.44793419 -0.1449724  -0.02835207
 -0.01967263 -0.27146732 -0.16045132 -0.1487259  -0.13306096 -0.24702616
 -0.00521737 -0.13403151 -0.27595096 -0.22562966 -0.0107618  -0.39315424
 -0.09737183]",[-0.00294001],1.141019955822621
16,29177,"[ 0.01144233  0.0179954  -0.17223431 -0.44793419 -0.1449724  -0.02835207
 -0.01967263 -0.27146732 -0.16045132 -0.1487259  -0.13306096 -0.24702616
 -0.00521737 -0.13403151 -0.27595096 -0.22562966 -0.0107618  -0.39315424
 -0.09737183]",[-0.3186636],-1.276986523479532
16,29181,"[ 0.01144233  0.0179954  -0.17223431 -0.44793419 -0.1449724  -0.02835207
 -0.01967263 -0.27146732 -0.16045132 -0.1487259  -0.13306096 -0.24702616
 -0.00521737 -0.13403151 -0.27595096 -0.22562966 -0.0107618  -0.39315424
 -0.09737183]",[-0.30646041],-1.183526928042028
16,29183,"[ 0.01144233  0.0179954  -0.17223431 -0.44793419 -0.1449724  -0.02835207
 -0.01967263 -0.27146732 -0.16045132 -0.1487259  -0.13306096 -0.24702616
 -0.00521737 -0.13403151 -0.27595096 -0.22562966 -0.0107618  -0.39315424
 -0.09737183]",[-0.0028355],1.141820301226843
16,29186,"[ 0.01144233  0.0179954  -0.17223431 -0.44793419 -0.1449724  -0.02835207
 -0.01967263 -0.27146732 -0.16045132 -0.1487259  -0.13306096 -0.24702616
 -0.00521737 -0.13403151 -0.27595096 -0.22562966 -0.0107618  -0.39315424
 -0.09737183]",[-0.39875199],-1.8903529477919574
16,29187,"[ 0.01144233  0.0179954  -0.17223431 -0.44793419 -0.1449724  -0.02835207
 -0.01967263 -0.27146732 -0.16045132 -0.1487259  -0.13306096 -0.24702616
 -0.00521737 -0.13403151 -0.27595096 -0.22562966 -0.0107618  -0.39315424
 -0.09737183]",[-0.00353771],1.13644236584086
16,29189,"[ 0.01144233  0.0179954  -0.17223431 -0.44793419 -0.1449724  -0.02835207
 -0.01967263 -0.27146732 -0.16045132 -0.1487259  -0.13306096 -0.24702616
 -0.00521737 -0.13403151 -0.27595096 -0.22562966 -0.0107618  -0.39315424
 -0.09737183]",[-0.00131446],1.1534694309541436
16,29195,"[ 0.01144233  0.0179954  -0.17223431 -0.44793419 -0.1449724  -0.02835207
 -0.01967263 -0.27146732 -0.16045132 -0.1487259  -0.13306096 -0.24702616
 -0.00521737 -0.13403151 -0.27595096 -0.22562966 -0.0107618  -0.39315424
 -0.09737183]",[-0.10282515],0.3760377673367735
16,29201,"[ 0.01144233  0.0179954  -0.17223431 -0.44793419 -0.1449724  -0.02835207
 -0.01967263 -0.27146732 -0.16045132 -0.1487259  -0.13306096 -0.24702616
 -0.00521737 -0.13403151 -0.27595096 -0.22562966 -0.0107618  -0.39315424
 -0.09737183]",[-0.17806905],-0.2002265502643221
16,29207,"[ 0.01144233  0.0179954  -0.17223431 -0.44793419 -0.1449724  -0.02835207
 -0.01967263 -0.27146732 -0.16045132 -0.1487259  -0.13306096 -0.24702616
 -0.00521737 -0.13403151 -0.27595096 -0.22562966 -0.0107618  -0.39315424
 -0.09737183]",[-0.0002228],1.1618300027557245
16,29209,"[ 0.01144233  0.0179954  -0.17223431 -0.44793419 -0.1449724  -0.02835207
 -0.01967263 -0.27146732 -0.16045132 -0.1487259  -0.13306096 -0.24702616
 -0.00521737 -0.13403151 -0.27595096 -0.22562966 -0.0107618  -0.39315424
 -0.09737183]",[-0.15061638],0.010022989611995327
16,29213,"[ 0.01144233  0.0179954  -0.17223431 -0.44793419 -0.1449724  -0.02835207
 -0.01967263 -0.27146732 -0.16045132 -0.1487259  -0.13306096 -0.24702616
 -0.00521737 -0.13403151 -0.27595096 -0.22562966 -0.0107618  -0.39315424
 -0.09737183]",[-0.10911353],0.32787743965385496
16,29215,"[ 0.01144233  0.0179954  -0.17223431 -0.44793419 -0.1449724  -0.02835207
 -0.01967263 -0.27146732 -0.16045132 -0.1487259  -0.13306096 -0.24702616
 -0.00521737 -0.13403151 -0.27595096 -0.22562966 -0.0107618  -0.39315424
 -0.09737183]",[-0.34057237],-1.444777390995368
16,29217,"[ 0.01144233  0.0179954  -0.17223431 -0.44793419 -0.1449724  -0.02835207
 -0.01967263 -0.27146732 -0.16045132 -0.1487259  -0.13306096 -0.24702616
 -0.00521737 -0.13403151 -0.27595096 -0.22562966 -0.0107618  -0.39315424
 -0.09737183]",[-0.09951922],0.4013566312621024
16,29221,"[ 0.01144233  0.0179954  -0.17223431 -0.44793419 -0.1449724  -0.02835207
 -0.01967263 -0.27146732 -0.16045132 -0.1487259  -0.13306096 -0.24702616
 -0.00521737 -0.13403151 -0.27595096 -0.22562966 -0.0107618  -0.39315424
 -0.09737183]",[-0.28936344],-1.0525877580874097
16,29219,"[ 0.01144233  0.0179954  -0.17223431 -0.44793419 -0.1449724  -0.02835207
 -0.01967263 -0.27146732 -0.16045132 -0.1487259  -0.13306096 -0.24702616
 -0.00521737 -0.13403151 -0.27595096 -0.22562966 -0.0107618  -0.39315424
 -0.09737183]",[-0.23936262],-0.6696506052345474
16,29223,"[ 0.01144233  0.0179954  -0.17223431 -0.44793419 -0.1449724  -0.02835207
 -0.01967263 -0.27146732 -0.16045132 -0.1487259  -0.13306096 -0.24702616
 -0.00521737 -0.13403151 -0.27595096 -0.22562966 -0.0107618  -0.39315424
 -0.09737183]",[-0.29342773],-1.0837146337699126
16,29225,"[ 0.01144233  0.0179954  -0.17223431 -0.44793419 -0.1449724  -0.02835207
 -0.01967263 -0.27146732 -0.16045132 -0.1487259  -0.13306096 -0.24702616
 -0.00521737 -0.13403151 -0.27595096 -0.22562966 -0.0107618  -0.39315424
 -0.09737183]",[-0.05084703],0.7741183607129303
16,29229,"[ 0.01144233  0.0179954  -0.17223431 -0.44793419 -0.1449724  -0.02835207
 -0.01967263 -0.27146732 -0.16045132 -0.1487259  -0.13306096 -0.24702616
 -0.00521737 -0.13403151 -0.27595096 -0.22562966 -0.0107618  -0.39315424
 -0.09737183]",[-0.16813953],-0.12418011395012633
16,29510,"[ 0.01144233  0.0179954  -0.17223431 -0.44793419 -0.1449724  -0.02835207
 -0.01967263 -0.27146732 -0.16045132 -0.1487259  -0.13306096 -0.24702616
 -0.00521737 -0.13403151 -0.27595096 -0.22562966 -0.0107618  -0.39315424
 -0.09737183]",[0.00232894],1.181372785281992
16,30003,"[ 0.01144233  0.0179954  -0.17223431 -0.44793419 -0.1449724  -0.02835207
 -0.01967263 -0.27146732 -0.16045132 -0.1487259  -0.13306096 -0.24702616
 -0.00521737 -0.13403151 -0.27595096 -0.22562966 -0.0107618  -0.39315424
 -0.09737183]",[-0.19548561],-0.3336133220502297
16,30005,"[ 0.01144233  0.0179954  -0.17223431 -0.44793419 -0.1449724  -0.02835207
 -0.01967263 -0.27146732 -0.16045132 -0.1487259  -0.13306096 -0.24702616
 -0.00521737 -0.13403151 -0.27595096 -0.22562966 -0.0107618  -0.39315424
 -0.09737183]",[-0.24797617],-0.7356184797731885
16,30009,"[ 0.01144233  0.0179954  -0.17223431 -0.44793419 -0.1449724  -0.02835207
 -0.01967263 -0.27146732 -0.16045132 -0.1487259  -0.13306096 -0.24702616
 -0.00521737 -0.13403151 -0.27595096 -0.22562966 -0.0107618  -0.39315424
 -0.09737183]",[-0.36613896],-1.6405821647601888
16,30013,"[ 0.01144233  0.0179954  -0.17223431 -0.44793419 -0.1449724  -0.02835207
 -0.01967263 -0.27146732 -0.16045132 -0.1487259  -0.13306096 -0.24702616
 -0.00521737 -0.13403151 -0.27595096 -0.22562966 -0.0107618  -0.39315424
 -0.09737183]",[-0.0351446],0.8943772912252942
16,30017,"[ 0.01144233  0.0179954  -0.17223431 -0.44793419 -0.1449724  -0.02835207
 -0.01967263 -0.27146732 -0.16045132 -0.1487259  -0.13306096 -0.24702616
 -0.00521737 -0.13403151 -0.27595096 -0.22562966 -0.0107618  -0.39315424
 -0.09737183]",[-0.16227466],-0.07926330558819893
16,30029,"[ 0.01144233  0.0179954  -0.17223431 -0.44793419 -0.1449724  -0.02835207
 -0.01967263 -0.27146732 -0.16045132 -0.1487259  -0.13306096 -0.24702616
 -0.00521737 -0.13403151 -0.27595096 -0.22562966 -0.0107618  -0.39315424
 -0.09737183]",[-0.04574177],0.8132175941881151
16,30031,"[ 0.01144233  0.0179954  -0.17223431 -0.44793419 -0.1449724  -0.02835207
 -0.01967263 -0.27146732 -0.16045132 -0.1487259  -0.13306096 -0.24702616
 -0.00521737 -0.13403151 -0.27595096 -0.22562966 -0.0107618  -0.39315424
 -0.09737183]",[-0.06344879],0.6776063109629513
16,30035,"[ 0.01144233  0.0179954  -0.17223431 -0.44793419 -0.1449724  -0.02835207
 -0.01967263 -0.27146732 -0.16045132 -0.1487259  -0.13306096 -0.24702616
 -0.00521737 -0.13403151 -0.27595096 -0.22562966 -0.0107618  -0.39315424
 -0.09737183]",[-0.22728252],-0.5771337297559037
16,30041,"[ 0.01144233  0.0179954  -0.17223431 -0.44793419 -0.1449724  -0.02835207
 -0.01967263 -0.27146732 -0.16045132 -0.1487259  -0.13306096 -0.24702616
 -0.00521737 -0.13403151 -0.27595096 -0.22562966 -0.0107618  -0.39315424
 -0.09737183]",[-0.06712644],0.6494405362642961
16,30047,"[ 0.01144233  0.0179954  -0.17223431 -0.44793419 -0.1449724  -0.02835207
 -0.01967263 -0.27146732 -0.16045132 -0.1487259  -0.13306096 -0.24702616
 -0.00521737 -0.13403151 -0.27595096 -0.22562966 -0.0107618  -0.39315424
 -0.09737183]",[-0.1977238],-0.35075477001130484
16,30049,"[ 0.01144233  0.0179954  -0.17223431 -0.44793419 -0.1449724  -0.02835207
 -0.01967263 -0.27146732 -0.16045132 -0.1487259  -0.13306096 -0.24702616
 -0.00521737 -0.13403151 -0.27595096 -0.22562966 -0.0107618  -0.39315424
 -0.09737183]",[-0.03478158],0.8971574961324426
16,30053,"[ 0.01144233  0.0179954  -0.17223431 -0.44793419 -0.1449724  -0.02835207
 -0.01967263 -0.27146732 -0.16045132 -0.1487259  -0.13306096 -0.24702616
 -0.00521737 -0.13403151 -0.27595096 -0.22562966 -0.0107618  -0.39315424
 -0.09737183]",[-0.31966597],-1.2846632534066365
16,30063,"[ 0.01144233  0.0179954  -0.17223431 -0.44793419 -0.1449724  -0.02835207
 -0.01967263 -0.27146732 -0.16045132 -0.1487259  -0.13306096 -0.24702616
 -0.00521737 -0.13403151 -0.27595096 -0.22562966 -0.0107618  -0.39315424
 -0.09737183]",[-0.03972926],0.8592651374985344
16,30067,"[ 0.01144233  0.0179954  -0.17223431 -0.44793419 -0.1449724  -0.02835207
 -0.01967263 -0.27146732 -0.16045132 -0.1487259  -0.13306096 -0.24702616
 -0.00521737 -0.13403151 -0.27595096 -0.22562966 -0.0107618  -0.39315424
 -0.09737183]",[-0.2471407],-0.7292199048542429
16,30081,"[ 0.01144233  0.0179954  -0.17223431 -0.44793419 -0.1449724  -0.02835207
 -0.01967263 -0.27146732 -0.16045132 -0.1487259  -0.13306096 -0.24702616
 -0.00521737 -0.13403151 -0.27595096 -0.22562966 -0.0107618  -0.39315424
 -0.09737183]",[-0.07333867],0.6018634942245888
16,30087,"[ 0.01144233  0.0179954  -0.17223431 -0.44793419 -0.1449724  -0.02835207
 -0.01967263 -0.27146732 -0.16045132 -0.1487259  -0.13306096 -0.24702616
 -0.00521737 -0.13403151 -0.27595096 -0.22562966 -0.0107618  -0.39315424
 -0.09737183]",[-0.44811919],-2.268437479319486
16,30083,"[ 0.01144233  0.0179954  -0.17223431 -0.44793419 -0.1449724  -0.02835207
 -0.01967263 -0.27146732 -0.16045132 -0.1487259  -0.13306096 -0.24702616
 -0.00521737 -0.13403151 -0.27595096 -0.22562966 -0.0107618  -0.39315424
 -0.09737183]",[-0.14727471],0.03561559276151197
16,30093,"[ 0.01144233  0.0179954  -0.17223431 -0.44793419 -0.1449724  -0.02835207
 -0.01967263 -0.27146732 -0.16045132 -0.1487259  -0.13306096 -0.24702616
 -0.00521737 -0.13403151 -0.27595096 -0.22562966 -0.0107618  -0.39315424
 -0.09737183]",[-0.17582368],-0.18303012814295422
16,30111,"[ 0.01144233  0.0179954  -0.17223431 -0.44793419 -0.1449724  -0.02835207
 -0.01967263 -0.27146732 -0.16045132 -0.1487259  -0.13306096 -0.24702616
 -0.00521737 -0.13403151 -0.27595096 -0.22562966 -0.0107618  -0.39315424
 -0.09737183]",[-0.00124063],1.1540348034820647
16,31001,"[ 0.01144233  0.0179954  -0.17223431 -0.44793419 -0.1449724  -0.02835207
 -0.01967263 -0.27146732 -0.16045132 -0.1487259  -0.13306096 -0.24702616
 -0.00521737 -0.13403151 -0.27595096 -0.22562966 -0.0107618  -0.39315424
 -0.09737183]",[-0.12226233],0.22717583539330652
16,31019,"[ 0.01144233  0.0179954  -0.17223431 -0.44793419 -0.1449724  -0.02835207
 -0.01967263 -0.27146732 -0.16045132 -0.1487259  -0.13306096 -0.24702616
 -0.00521737 -0.13403151 -0.27595096 -0.22562966 -0.0107618  -0.39315424
 -0.09737183]",[-0.09641321],0.425144388322698
16,31025,"[ 0.01144233  0.0179954  -0.17223431 -0.44793419 -0.1449724  -0.02835207
 -0.01967263 -0.27146732 -0.16045132 -0.1487259  -0.13306096 -0.24702616
 -0.00521737 -0.13403151 -0.27595096 -0.22562966 -0.0107618  -0.39315424
 -0.09737183]",[-0.19773893],-0.350870603838038
16,31041,"[ 0.01144233  0.0179954  -0.17223431 -0.44793419 -0.1449724  -0.02835207
 -0.01967263 -0.27146732 -0.16045132 -0.1487259  -0.13306096 -0.24702616
 -0.00521737 -0.13403151 -0.27595096 -0.22562966 -0.0107618  -0.39315424
 -0.09737183]",[-0.35450292],-1.5514661776787584
16,31043,"[ 0.01144233  0.0179954  -0.17223431 -0.44793419 -0.1449724  -0.02835207
 -0.01967263 -0.27146732 -0.16045132 -0.1487259  -0.13306096 -0.24702616
 -0.00521737 -0.13403151 -0.27595096 -0.22562966 -0.0107618  -0.39315424
 -0.09737183]",[-0.2908028],-1.0636113077861036
16,31053,"[ 0.01144233  0.0179954  -0.17223431 -0.44793419 -0.1449724  -0.02835207
 -0.01967263 -0.27146732 -0.16045132 -0.1487259  -0.13306096 -0.24702616
 -0.00521737 -0.13403151 -0.27595096 -0.22562966 -0.0107618  -0.39315424
 -0.09737183]",[-0.03864002],0.8676071891761656
16,31047,"[ 0.01144233  0.0179954  -0.17223431 -0.44793419 -0.1449724  -0.02835207
 -0.01967263 -0.27146732 -0.16045132 -0.1487259  -0.13306096 -0.24702616
 -0.00521737 -0.13403151 -0.27595096 -0.22562966 -0.0107618  -0.39315424
 -0.09737183]",[-0.13206801],0.15207789606303365
16,31055,"[ 0.01144233  0.0179954  -0.17223431 -0.44793419 -0.1449724  -0.02835207
 -0.01967263 -0.27146732 -0.16045132 -0.1487259  -0.13306096 -0.24702616
 -0.00521737 -0.13403151 -0.27595096 -0.22562966 -0.0107618  -0.39315424
 -0.09737183]",[0.01513096],1.279418574502673
16,31067,"[ 0.01144233  0.0179954  -0.17223431 -0.44793419 -0.1449724  -0.02835207
 -0.01967263 -0.27146732 -0.16045132 -0.1487259  -0.13306096 -0.24702616
 -0.00521737 -0.13403151 -0.27595096 -0.22562966 -0.0107618  -0.39315424
 -0.09737183]",[-0.18471713],-0.2511416700106047
16,31079,"[ 0.01144233  0.0179954  -0.17223431 -0.44793419 -0.1449724  -0.02835207
 -0.01967263 -0.27146732 -0.16045132 -0.1487259  -0.13306096 -0.24702616
 -0.00521737 -0.13403151 -0.27595096 -0.22562966 -0.0107618  -0.39315424
 -0.09737183]",[-0.05052718],0.7765679389740113
16,31089,"[ 0.01144233  0.0179954  -0.17223431 -0.44793419 -0.1449724  -0.02835207
 -0.01967263 -0.27146732 -0.16045132 -0.1487259  -0.13306096 -0.24702616
 -0.00521737 -0.13403151 -0.27595096 -0.22562966 -0.0107618  -0.39315424
 -0.09737183]",[-0.32345998],-1.3137201215899175
16,31109,"[ 0.01144233  0.0179954  -0.17223431 -0.44793419 -0.1449724  -0.02835207
 -0.01967263 -0.27146732 -0.16045132 -0.1487259  -0.13306096 -0.24702616
 -0.00521737 -0.13403151 -0.27595096 -0.22562966 -0.0107618  -0.39315424
 -0.09737183]",[0.00793365],1.2242971686459403
16,31111,"[ 0.01144233  0.0179954  -0.17223431 -0.44793419 -0.1449724  -0.02835207
 -0.01967263 -0.27146732 -0.16045132 -0.1487259  -0.13306096 -0.24702616
 -0.00521737 -0.13403151 -0.27595096 -0.22562966 -0.0107618  -0.39315424
 -0.09737183]",[-0.21185515],-0.4589813468477948
16,31119,"[ 0.01144233  0.0179954  -0.17223431 -0.44793419 -0.1449724  -0.02835207
 -0.01967263 -0.27146732 -0.16045132 -0.1487259  -0.13306096 -0.24702616
 -0.00521737 -0.13403151 -0.27595096 -0.22562966 -0.0107618  -0.39315424
 -0.09737183]",[-0.10964481],0.32380859852347327
16,31131,"[ 0.01144233  0.0179954  -0.17223431 -0.44793419 -0.1449724  -0.02835207
 -0.01967263 -0.27146732 -0.16045132 -0.1487259  -0.13306096 -0.24702616
 -0.00521737 -0.13403151 -0.27595096 -0.22562966 -0.0107618  -0.39315424
 -0.09737183]",[0.20814322],2.7576258014992887
16,31151,"[ 0.01144233  0.0179954  -0.17223431 -0.44793419 -0.1449724  -0.02835207
 -0.01967263 -0.27146732 -0.16045132 -0.1487259  -0.13306096 -0.24702616
 -0.00521737 -0.13403151 -0.27595096 -0.22562966 -0.0107618  -0.39315424
 -0.09737183]",[-0.26238102],-0.8459397243125489
16,31141,"[ 0.01144233  0.0179954  -0.17223431 -0.44793419 -0.1449724  -0.02835207
 -0.01967263 -0.27146732 -0.16045132 -0.1487259  -0.13306096 -0.24702616
 -0.00521737 -0.13403151 -0.27595096 -0.22562966 -0.0107618  -0.39315424
 -0.09737183]",[-0.20589643],-0.4133458043922498
16,31155,"[ 0.01144233  0.0179954  -0.17223431 -0.44793419 -0.1449724  -0.02835207
 -0.01967263 -0.27146732 -0.16045132 -0.1487259  -0.13306096 -0.24702616
 -0.00521737 -0.13403151 -0.27595096 -0.22562966 -0.0107618  -0.39315424
 -0.09737183]",[-0.20183735],-0.38225882971130193
16,31153,"[ 0.01144233  0.0179954  -0.17223431 -0.44793419 -0.1449724  -0.02835207
 -0.01967263 -0.27146732 -0.16045132 -0.1487259  -0.13306096 -0.24702616
 -0.00521737 -0.13403151 -0.27595096 -0.22562966 -0.0107618  -0.39315424
 -0.09737183]",[-0.00394719],1.1333063418043219
16,31157,"[ 0.01144233  0.0179954  -0.17223431 -0.44793419 -0.1449724  -0.02835207
 -0.01967263 -0.27146732 -0.16045132 -0.1487259  -0.13306096 -0.24702616
 -0.00521737 -0.13403151 -0.27595096 -0.22562966 -0.0107618  -0.39315424
 -0.09737183]",[-0.0965597],0.42402246820492906
16,31159,"[ 0.01144233  0.0179954  -0.17223431 -0.44793419 -0.1449724  -0.02835207
 -0.01967263 -0.27146732 -0.16045132 -0.1487259  -0.13306096 -0.24702616
 -0.00521737 -0.13403151 -0.27595096 -0.22562966 -0.0107618  -0.39315424
 -0.09737183]",[-0.41940501],-2.0485264741113465
16,31185,"[ 0.01144233  0.0179954  -0.17223431 -0.44793419 -0.1449724  -0.02835207
 -0.01967263 -0.27146732 -0.16045132 -0.1487259  -0.13306096 -0.24702616
 -0.00521737 -0.13403151 -0.27595096 -0.22562966 -0.0107618  -0.39315424
 -0.09737183]",[-0.25519736],-0.79092282763638
16,31177,"[ 0.01144233  0.0179954  -0.17223431 -0.44793419 -0.1449724  -0.02835207
 -0.01967263 -0.27146732 -0.16045132 -0.1487259  -0.13306096 -0.24702616
 -0.00521737 -0.13403151 -0.27595096 -0.22562966 -0.0107618  -0.39315424
 -0.09737183]",[-0.30107596],-1.1422895233929415
16,32001,"[ 0.01144233  0.0179954  -0.17223431 -0.44793419 -0.1449724  -0.02835207
 -0.01967263 -0.27146732 -0.16045132 -0.1487259  -0.13306096 -0.24702616
 -0.00521737 -0.13403151 -0.27595096 -0.22562966 -0.0107618  -0.39315424
 -0.09737183]",[-0.17530926],-0.17909037000797295
16,32003,"[ 0.01144233  0.0179954  -0.17223431 -0.44793419 -0.1449724  -0.02835207
 -0.01967263 -0.27146732 -0.16045132 -0.1487259  -0.13306096 -0.24702616
 -0.00521737 -0.13403151 -0.27595096 -0.22562966 -0.0107618  -0.39315424
 -0.09737183]",[0.01640699],1.2891912124188716
16,32005,"[ 0.01144233  0.0179954  -0.17223431 -0.44793419 -0.1449724  -0.02835207
 -0.01967263 -0.27146732 -0.16045132 -0.1487259  -0.13306096 -0.24702616
 -0.00521737 -0.13403151 -0.27595096 -0.22562966 -0.0107618  -0.39315424
 -0.09737183]",[0.02344818],1.343117025068403
16,32007,"[ 0.01144233  0.0179954  -0.17223431 -0.44793419 -0.1449724  -0.02835207
 -0.01967263 -0.27146732 -0.16045132 -0.1487259  -0.13306096 -0.24702616
 -0.00521737 -0.13403151 -0.27595096 -0.22562966 -0.0107618  -0.39315424
 -0.09737183]",[-0.12717841],0.18952543726542193
16,32013,"[ 0.01144233  0.0179954  -0.17223431 -0.44793419 -0.1449724  -0.02835207
 -0.01967263 -0.27146732 -0.16045132 -0.1487259  -0.13306096 -0.24702616
 -0.00521737 -0.13403151 -0.27595096 -0.22562966 -0.0107618  -0.39315424
 -0.09737183]",[-0.19819652],-0.35437516925449386
16,32019,"[ 0.01144233  0.0179954  -0.17223431 -0.44793419 -0.1449724  -0.02835207
 -0.01967263 -0.27146732 -0.16045132 -0.1487259  -0.13306096 -0.24702616
 -0.00521737 -0.13403151 -0.27595096 -0.22562966 -0.0107618  -0.39315424
 -0.09737183]",[-0.22605984],-0.5677696848955655
16,32023,"[ 0.01144233  0.0179954  -0.17223431 -0.44793419 -0.1449724  -0.02835207
 -0.01967263 -0.27146732 -0.16045132 -0.1487259  -0.13306096 -0.24702616
 -0.00521737 -0.13403151 -0.27595096 -0.22562966 -0.0107618  -0.39315424
 -0.09737183]",[0.00308299],1.1871477774331656
16,32031,"[ 0.01144233  0.0179954  -0.17223431 -0.44793419 -0.1449724  -0.02835207
 -0.01967263 -0.27146732 -0.16045132 -0.1487259  -0.13306096 -0.24702616
 -0.00521737 -0.13403151 -0.27595096 -0.22562966 -0.0107618  -0.39315424
 -0.09737183]",[0.02016125],1.3179436376793194
16,32510,"[ 0.01144233  0.0179954  -0.17223431 -0.44793419 -0.1449724  -0.02835207
 -0.01967263 -0.27146732 -0.16045132 -0.1487259  -0.13306096 -0.24702616
 -0.00521737 -0.13403151 -0.27595096 -0.22562966 -0.0107618  -0.39315424
 -0.09737183]",[-0.03814664],0.8713857732268192
16,33001,"[ 0.01144233  0.0179954  -0.17223431 -0.44793419 -0.1449724  -0.02835207
 -0.01967263 -0.27146732 -0.16045132 -0.1487259  -0.13306096 -0.24702616
 -0.00521737 -0.13403151 -0.27595096 -0.22562966 -0.0107618  -0.39315424
 -0.09737183]",[-0.04401073],0.8264749645719897
16,33003,"[ 0.01144233  0.0179954  -0.17223431 -0.44793419 -0.1449724  -0.02835207
 -0.01967263 -0.27146732 -0.16045132 -0.1487259  -0.13306096 -0.24702616
 -0.00521737 -0.13403151 -0.27595096 -0.22562966 -0.0107618  -0.39315424
 -0.09737183]",[-0.17352608],-0.16543362201429235
16,33005,"[ 0.01144233  0.0179954  -0.17223431 -0.44793419 -0.1449724  -0.02835207
 -0.01967263 -0.27146732 -0.16045132 -0.1487259  -0.13306096 -0.24702616
 -0.00521737 -0.13403151 -0.27595096 -0.22562966 -0.0107618  -0.39315424
 -0.09737183]",[0.00599374],1.2094400973004982
16,33007,"[ 0.01144233  0.0179954  -0.17223431 -0.44793419 -0.1449724  -0.02835207
 -0.01967263 -0.27146732 -0.16045132 -0.1487259  -0.13306096 -0.24702616
 -0.00521737 -0.13403151 -0.27595096 -0.22562966 -0.0107618  -0.39315424
 -0.09737183]",[-0.0927429],0.4532538437368344
16,33009,"[ 0.01144233  0.0179954  -0.17223431 -0.44793419 -0.1449724  -0.02835207
 -0.01967263 -0.27146732 -0.16045132 -0.1487259  -0.13306096 -0.24702616
 -0.00521737 -0.13403151 -0.27595096 -0.22562966 -0.0107618  -0.39315424
 -0.09737183]",[-0.09251702],0.4549837976216318
16,33011,"[ 0.01144233  0.0179954  -0.17223431 -0.44793419 -0.1449724  -0.02835207
 -0.01967263 -0.27146732 -0.16045132 -0.1487259  -0.13306096 -0.24702616
 -0.00521737 -0.13403151 -0.27595096 -0.22562966 -0.0107618  -0.39315424
 -0.09737183]",[0.01404048],1.271067022840088
16,33013,"[ 0.01144233  0.0179954  -0.17223431 -0.44793419 -0.1449724  -0.02835207
 -0.01967263 -0.27146732 -0.16045132 -0.1487259  -0.13306096 -0.24702616
 -0.00521737 -0.13403151 -0.27595096 -0.22562966 -0.0107618  -0.39315424
 -0.09737183]",[-0.00958541],1.090125334435803
16,33015,"[ 0.01144233  0.0179954  -0.17223431 -0.44793419 -0.1449724  -0.02835207
 -0.01967263 -0.27146732 -0.16045132 -0.1487259  -0.13306096 -0.24702616
 -0.00521737 -0.13403151 -0.27595096 -0.22562966 -0.0107618  -0.39315424
 -0.09737183]",[-0.02367309],0.9822332115664522
16,33017,"[ 0.01144233  0.0179954  -0.17223431 -0.44793419 -0.1449724  -0.02835207
 -0.01967263 -0.27146732 -0.16045132 -0.1487259  -0.13306096 -0.24702616
 -0.00521737 -0.13403151 -0.27595096 -0.22562966 -0.0107618  -0.39315424
 -0.09737183]",[-0.03575956],0.8896675266317063
16,33019,"[ 0.01144233  0.0179954  -0.17223431 -0.44793419 -0.1449724  -0.02835207
 -0.01967263 -0.27146732 -0.16045132 -0.1487259  -0.13306096 -0.24702616
 -0.00521737 -0.13403151 -0.27595096 -0.22562966 -0.0107618  -0.39315424
 -0.09737183]",[-0.1385335],0.10256116300283741
16,34001,"[ 0.01144233  0.0179954  -0.17223431 -0.44793419 -0.1449724  -0.02835207
 -0.01967263 -0.27146732 -0.16045132 -0.1487259  -0.13306096 -0.24702616
 -0.00521737 -0.13403151 -0.27595096 -0.22562966 -0.0107618  -0.39315424
 -0.09737183]",[-0.00610946],1.1167463036520977
16,34003,"[ 0.01144233  0.0179954  -0.17223431 -0.44793419 -0.1449724  -0.02835207
 -0.01967263 -0.27146732 -0.16045132 -0.1487259  -0.13306096 -0.24702616
 -0.00521737 -0.13403151 -0.27595096 -0.22562966 -0.0107618  -0.39315424
 -0.09737183]",[-0.00897578],1.0947942782797775
16,34005,"[ 0.01144233  0.0179954  -0.17223431 -0.44793419 -0.1449724  -0.02835207
 -0.01967263 -0.27146732 -0.16045132 -0.1487259  -0.13306096 -0.24702616
 -0.00521737 -0.13403151 -0.27595096 -0.22562966 -0.0107618  -0.39315424
 -0.09737183]",[0.00489496],1.2010249734551532
16,34007,"[ 0.01144233  0.0179954  -0.17223431 -0.44793419 -0.1449724  -0.02835207
 -0.01967263 -0.27146732 -0.16045132 -0.1487259  -0.13306096 -0.24702616
 -0.00521737 -0.13403151 -0.27595096 -0.22562966 -0.0107618  -0.39315424
 -0.09737183]",[-0.01166373],1.074208283159774
16,34009,"[ 0.01144233  0.0179954  -0.17223431 -0.44793419 -0.1449724  -0.02835207
 -0.01967263 -0.27146732 -0.16045132 -0.1487259  -0.13306096 -0.24702616
 -0.00521737 -0.13403151 -0.27595096 -0.22562966 -0.0107618  -0.39315424
 -0.09737183]",[-0.02528454],0.9698917398010121
16,34011,"[ 0.01144233  0.0179954  -0.17223431 -0.44793419 -0.1449724  -0.02835207
 -0.01967263 -0.27146732 -0.16045132 -0.1487259  -0.13306096 -0.24702616
 -0.00521737 -0.13403151 -0.27595096 -0.22562966 -0.0107618  -0.39315424
 -0.09737183]",[-0.02510501],0.9712666198436034
16,34013,"[ 0.01144233  0.0179954  -0.17223431 -0.44793419 -0.1449724  -0.02835207
 -0.01967263 -0.27146732 -0.16045132 -0.1487259  -0.13306096 -0.24702616
 -0.00521737 -0.13403151 -0.27595096 -0.22562966 -0.0107618  -0.39315424
 -0.09737183]",[0.00074381],1.1692328964866936
16,34015,"[ 0.01144233  0.0179954  -0.17223431 -0.44793419 -0.1449724  -0.02835207
 -0.01967263 -0.27146732 -0.16045132 -0.1487259  -0.13306096 -0.24702616
 -0.00521737 -0.13403151 -0.27595096 -0.22562966 -0.0107618  -0.39315424
 -0.09737183]",[0.00690573],1.2164247258911942
16,34017,"[ 0.01144233  0.0179954  -0.17223431 -0.44793419 -0.1449724  -0.02835207
 -0.01967263 -0.27146732 -0.16045132 -0.1487259  -0.13306096 -0.24702616
 -0.00521737 -0.13403151 -0.27595096 -0.22562966 -0.0107618  -0.39315424
 -0.09737183]",[0.01521585],1.2800687378380118
16,01001,"[ 0.01144233  0.0179954  -0.17223431 -0.44793419 -0.1449724  -0.02835207
 -0.01967263 -0.27146732 -0.16045132 -0.1487259  -0.13306096 -0.24702616
 -0.00521737 -0.13403151 -0.27595096 -0.22562966 -0.0107618  -0.39315424
 -0.09737183]",[-0.13028534],0.16573063339260982
16,01003,"[ 0.01144233  0.0179954  -0.17223431 -0.44793419 -0.1449724  -0.02835207
 -0.01967263 -0.27146732 -0.16045132 -0.1487259  -0.13306096 -0.24702616
 -0.00521737 -0.13403151 -0.27595096 -0.22562966 -0.0107618  -0.39315424
 -0.09737183]",[-0.02012951],1.009372083378643
16,01005,"[ 0.01144233  0.0179954  -0.17223431 -0.44793419 -0.1449724  -0.02835207
 -0.01967263 -0.27146732 -0.16045132 -0.1487259  -0.13306096 -0.24702616
 -0.00521737 -0.13403151 -0.27595096 -0.22562966 -0.0107618  -0.39315424
 -0.09737183]",[-0.16709993],-0.11621820192604629
16,01007,"[ 0.01144233  0.0179954  -0.17223431 -0.44793419 -0.1449724  -0.02835207
 -0.01967263 -0.27146732 -0.16045132 -0.1487259  -0.13306096 -0.24702616
 -0.00521737 -0.13403151 -0.27595096 -0.22562966 -0.0107618  -0.39315424
 -0.09737183]",[-0.22303384],-0.5445947183509442
16,01009,"[ 0.01144233  0.0179954  -0.17223431 -0.44793419 -0.1449724  -0.02835207
 -0.01967263 -0.27146732 -0.16045132 -0.1487259  -0.13306096 -0.24702616
 -0.00521737 -0.13403151 -0.27595096 -0.22562966 -0.0107618  -0.39315424
 -0.09737183]",[-0.13195474],0.152945350449539
16,01013,"[ 0.01144233  0.0179954  -0.17223431 -0.44793419 -0.1449724  -0.02835207
 -0.01967263 -0.27146732 -0.16045132 -0.1487259  -0.13306096 -0.24702616
 -0.00521737 -0.13403151 -0.27595096 -0.22562966 -0.0107618  -0.39315424
 -0.09737183]",[-0.19653863],-0.34167800057272496
16,01015,"[ 0.01144233  0.0179954  -0.17223431 -0.44793419 -0.1449724  -0.02835207
 -0.01967263 -0.27146732 -0.16045132 -0.1487259  -0.13306096 -0.24702616
 -0.00521737 -0.13403151 -0.27595096 -0.22562966 -0.0107618  -0.39315424
 -0.09737183]",[0.03879724],1.4606695558164282
16,01017,"[ 0.01144233  0.0179954  -0.17223431 -0.44793419 -0.1449724  -0.02835207
 -0.01967263 -0.27146732 -0.16045132 -0.1487259  -0.13306096 -0.24702616
 -0.00521737 -0.13403151 -0.27595096 -0.22562966 -0.0107618  -0.39315424
 -0.09737183]",[-0.09439689],0.4405866320678105
16,01019,"[ 0.01144233  0.0179954  -0.17223431 -0.44793419 -0.1449724  -0.02835207
 -0.01967263 -0.27146732 -0.16045132 -0.1487259  -0.13306096 -0.24702616
 -0.00521737 -0.13403151 -0.27595096 -0.22562966 -0.0107618  -0.39315424
 -0.09737183]",[-0.16952071],-0.1347580681076524
16,01021,"[ 0.01144233  0.0179954  -0.17223431 -0.44793419 -0.1449724  -0.02835207
 -0.01967263 -0.27146732 -0.16045132 -0.1487259  -0.13306096 -0.24702616
 -0.00521737 -0.13403151 -0.27595096 -0.22562966 -0.0107618  -0.39315424
 -0.09737183]",[-0.19145041],-0.3027092906603862
16,01023,"[ 0.01144233  0.0179954  -0.17223431 -0.44793419 -0.1449724  -0.02835207
 -0.01967263 -0.27146732 -0.16045132 -0.1487259  -0.13306096 -0.24702616
 -0.00521737 -0.13403151 -0.27595096 -0.22562966 -0.0107618  -0.39315424
 -0.09737183]",[-0.46126371],-2.369106284438764
16,01025,"[ 0.01144233  0.0179954  -0.17223431 -0.44793419 -0.1449724  -0.02835207
 -0.01967263 -0.27146732 -0.16045132 -0.1487259  -0.13306096 -0.24702616
 -0.00521737 -0.13403151 -0.27595096 -0.22562966 -0.0107618  -0.39315424
 -0.09737183]",[0.00359886],1.1910986427328742
16,01027,"[ 0.01144233  0.0179954  -0.17223431 -0.44793419 -0.1449724  -0.02835207
 -0.01967263 -0.27146732 -0.16045132 -0.1487259  -0.13306096 -0.24702616
 -0.00521737 -0.13403151 -0.27595096 -0.22562966 -0.0107618  -0.39315424
 -0.09737183]",[-0.31248633],-1.229677156348256
16,01029,"[ 0.01144233  0.0179954  -0.17223431 -0.44793419 -0.1449724  -0.02835207
 -0.01967263 -0.27146732 -0.16045132 -0.1487259  -0.13306096 -0.24702616
 -0.00521737 -0.13403151 -0.27595096 -0.22562966 -0.0107618  -0.39315424
 -0.09737183]",[-0.25449253],-0.7855247537750878
16,01031,"[ 0.01144233  0.0179954  -0.17223431 -0.44793419 -0.1449724  -0.02835207
 -0.01967263 -0.27146732 -0.16045132 -0.1487259  -0.13306096 -0.24702616
 -0.00521737 -0.13403151 -0.27595096 -0.22562966 -0.0107618  -0.39315424
 -0.09737183]",[-0.09005049],0.47387399650350953
16,01033,"[ 0.01144233  0.0179954  -0.17223431 -0.44793419 -0.1449724  -0.02835207
 -0.01967263 -0.27146732 -0.16045132 -0.1487259  -0.13306096 -0.24702616
 -0.00521737 -0.13403151 -0.27595096 -0.22562966 -0.0107618  -0.39315424
 -0.09737183]",[-0.13663024],0.11713749833435942
16,01035,"[ 0.01144233  0.0179954  -0.17223431 -0.44793419 -0.1449724  -0.02835207
 -0.01967263 -0.27146732 -0.16045132 -0.1487259  -0.13306096 -0.24702616
 -0.00521737 -0.13403151 -0.27595096 -0.22562966 -0.0107618  -0.39315424
 -0.09737183]",[-0.33796161],-1.424782579680282
16,01039,"[ 0.01144233  0.0179954  -0.17223431 -0.44793419 -0.1449724  -0.02835207
 -0.01967263 -0.27146732 -0.16045132 -0.1487259  -0.13306096 -0.24702616
 -0.00521737 -0.13403151 -0.27595096 -0.22562966 -0.0107618  -0.39315424
 -0.09737183]",[-0.07052114],0.6234418829801768
16,01041,"[ 0.01144233  0.0179954  -0.17223431 -0.44793419 -0.1449724  -0.02835207
 -0.01967263 -0.27146732 -0.16045132 -0.1487259  -0.13306096 -0.24702616
 -0.00521737 -0.13403151 -0.27595096 -0.22562966 -0.0107618  -0.39315424
 -0.09737183]",[-0.16604863],-0.10816672000412943
16,01043,"[ 0.01144233  0.0179954  -0.17223431 -0.44793419 -0.1449724  -0.02835207
 -0.01967263 -0.27146732 -0.16045132 -0.1487259  -0.13306096 -0.24702616
 -0.00521737 -0.13403151 -0.27595096 -0.22562966 -0.0107618  -0.39315424
 -0.09737183]",[-0.09619807],0.4267920760548763
16,01045,"[ 0.01144233  0.0179954  -0.17223431 -0.44793419 -0.1449724  -0.02835207
 -0.01967263 -0.27146732 -0.16045132 -0.1487259  -0.13306096 -0.24702616
 -0.00521737 -0.13403151 -0.27595096 -0.22562966 -0.0107618  -0.39315424
 -0.09737183]",[-0.11257378],0.301376771166752
16,01047,"[ 0.01144233  0.0179954  -0.17223431 -0.44793419 -0.1449724  -0.02835207
 -0.01967263 -0.27146732 -0.16045132 -0.1487259  -0.13306096 -0.24702616
 -0.00521737 -0.13403151 -0.27595096 -0.22562966 -0.0107618  -0.39315424
 -0.09737183]",[-0.09009737],0.47351499331335906
16,01049,"[ 0.01144233  0.0179954  -0.17223431 -0.44793419 -0.1449724  -0.02835207
 -0.01967263 -0.27146732 -0.16045132 -0.1487259  -0.13306096 -0.24702616
 -0.00521737 -0.13403151 -0.27595096 -0.22562966 -0.0107618  -0.39315424
 -0.09737183]",[0.02338708],1.3426490366398471
16,01051,"[ 0.01144233  0.0179954  -0.17223431 -0.44793419 -0.1449724  -0.02835207
 -0.01967263 -0.27146732 -0.16045132 -0.1487259  -0.13306096 -0.24702616
 -0.00521737 -0.13403151 -0.27595096 -0.22562966 -0.0107618  -0.39315424
 -0.09737183]",[-0.04738792],0.8006103248236048
16,01053,"[ 0.01144233  0.0179954  -0.17223431 -0.44793419 -0.1449724  -0.02835207
 -0.01967263 -0.27146732 -0.16045132 -0.1487259  -0.13306096 -0.24702616
 -0.00521737 -0.13403151 -0.27595096 -0.22562966 -0.0107618  -0.39315424
 -0.09737183]",[-0.10839283],0.3333970073659555
16,01055,"[ 0.01144233  0.0179954  -0.17223431 -0.44793419 -0.1449724  -0.02835207
 -0.01967263 -0.27146732 -0.16045132 -0.1487259  -0.13306096 -0.24702616
 -0.00521737 -0.13403151 -0.27595096 -0.22562966 -0.0107618  -0.39315424
 -0.09737183]",[-0.03607557],0.8872472906764443
16,01057,"[ 0.01144233  0.0179954  -0.17223431 -0.44793419 -0.1449724  -0.02835207
 -0.01967263 -0.27146732 -0.16045132 -0.1487259  -0.13306096 -0.24702616
 -0.00521737 -0.13403151 -0.27595096 -0.22562966 -0.0107618  -0.39315424
 -0.09737183]",[-0.18759984],-0.27321921835692936
16,01059,"[ 0.01144233  0.0179954  -0.17223431 -0.44793419 -0.1449724  -0.02835207
 -0.01967263 -0.27146732 -0.16045132 -0.1487259  -0.13306096 -0.24702616
 -0.00521737 -0.13403151 -0.27595096 -0.22562966 -0.0107618  -0.39315424
 -0.09737183]",[-0.12243707],0.22583754944242648
16,01061,"[ 0.01144233  0.0179954  -0.17223431 -0.44793419 -0.1449724  -0.02835207
 -0.01967263 -0.27146732 -0.16045132 -0.1487259  -0.13306096 -0.24702616
 -0.00521737 -0.13403151 -0.27595096 -0.22562966 -0.0107618  -0.39315424
 -0.09737183]",[-0.3760044],-1.7161378257056705
16,01065,"[ 0.01144233  0.0179954  -0.17223431 -0.44793419 -0.1449724  -0.02835207
 -0.01967263 -0.27146732 -0.16045132 -0.1487259  -0.13306096 -0.24702616
 -0.00521737 -0.13403151 -0.27595096 -0.22562966 -0.0107618  -0.39315424
 -0.09737183]",[-0.13393834],0.13775373414603806
16,01067,"[ 0.01144233  0.0179954  -0.17223431 -0.44793419 -0.1449724  -0.02835207
 -0.01967263 -0.27146732 -0.16045132 -0.1487259  -0.13306096 -0.24702616
 -0.00521737 -0.13403151 -0.27595096 -0.22562966 -0.0107618  -0.39315424
 -0.09737183]",[-0.17505308],-0.17712838858877
16,01069,"[ 0.01144233  0.0179954  -0.17223431 -0.44793419 -0.1449724  -0.02835207
 -0.01967263 -0.27146732 -0.16045132 -0.1487259  -0.13306096 -0.24702616
 -0.00521737 -0.13403151 -0.27595096 -0.22562966 -0.0107618  -0.39315424
 -0.09737183]",[-0.05396979],0.750202302985883
16,01071,"[ 0.01144233  0.0179954  -0.17223431 -0.44793419 -0.1449724  -0.02835207
 -0.01967263 -0.27146732 -0.16045132 -0.1487259  -0.13306096 -0.24702616
 -0.00521737 -0.13403151 -0.27595096 -0.22562966 -0.0107618  -0.39315424
 -0.09737183]",[-0.06209736],0.6879563469947193
16,01073,"[ 0.01144233  0.0179954  -0.17223431 -0.44793419 -0.1449724  -0.02835207
 -0.01967263 -0.27146732 -0.16045132 -0.1487259  -0.13306096 -0.24702616
 -0.00521737 -0.13403151 -0.27595096 -0.22562966 -0.0107618  -0.39315424
 -0.09737183]",[0.02774018],1.375987777113209
16,01077,"[ 0.01144233  0.0179954  -0.17223431 -0.44793419 -0.1449724  -0.02835207
 -0.01967263 -0.27146732 -0.16045132 -0.1487259  -0.13306096 -0.24702616
 -0.00521737 -0.13403151 -0.27595096 -0.22562966 -0.0107618  -0.39315424
 -0.09737183]",[0.0049274],1.201273412595192
16,01079,"[ 0.01144233  0.0179954  -0.17223431 -0.44793419 -0.1449724  -0.02835207
 -0.01967263 -0.27146732 -0.16045132 -0.1487259  -0.13306096 -0.24702616
 -0.00521737 -0.13403151 -0.27595096 -0.22562966 -0.0107618  -0.39315424
 -0.09737183]",[-0.12826896],0.18117333409028202
16,01081,"[ 0.01144233  0.0179954  -0.17223431 -0.44793419 -0.1449724  -0.02835207
 -0.01967263 -0.27146732 -0.16045132 -0.1487259  -0.13306096 -0.24702616
 -0.00521737 -0.13403151 -0.27595096 -0.22562966 -0.0107618  -0.39315424
 -0.09737183]",[-0.02132741],1.0001978691948705
16,01083,"[ 0.01144233  0.0179954  -0.17223431 -0.44793419 -0.1449724  -0.02835207
 -0.01967263 -0.27146732 -0.16045132 -0.1487259  -0.13306096 -0.24702616
 -0.00521737 -0.13403151 -0.27595096 -0.22562966 -0.0107618  -0.39315424
 -0.09737183]",[-0.05501982],0.7421605507639905
16,01085,"[ 0.01144233  0.0179954  -0.17223431 -0.44793419 -0.1449724  -0.02835207
 -0.01967263 -0.27146732 -0.16045132 -0.1487259  -0.13306096 -0.24702616
 -0.00521737 -0.13403151 -0.27595096 -0.22562966 -0.0107618  -0.39315424
 -0.09737183]",[-0.35445613],-1.5511078174293254
16,01087,"[ 0.01144233  0.0179954  -0.17223431 -0.44793419 -0.1449724  -0.02835207
 -0.01967263 -0.27146732 -0.16045132 -0.1487259  -0.13306096 -0.24702616
 -0.00521737 -0.13403151 -0.27595096 -0.22562966 -0.0107618  -0.39315424
 -0.09737183]",[-0.09310348],0.4504923358787081
16,01089,"[ 0.01144233  0.0179954  -0.17223431 -0.44793419 -0.1449724  -0.02835207
 -0.01967263 -0.27146732 -0.16045132 -0.1487259  -0.13306096 -0.24702616
 -0.00521737 -0.13403151 -0.27595096 -0.22562966 -0.0107618  -0.39315424
 -0.09737183]",[-0.02069238],1.0050612704579298
16,01091,"[ 0.01144233  0.0179954  -0.17223431 -0.44793419 -0.1449724  -0.02835207
 -0.01967263 -0.27146732 -0.16045132 -0.1487259  -0.13306096 -0.24702616
 -0.00521737 -0.13403151 -0.27595096 -0.22562966 -0.0107618  -0.39315424
 -0.09737183]",[-0.27735485],-0.960618530076927
16,01093,"[ 0.01144233  0.0179954  -0.17223431 -0.44793419 -0.1449724  -0.02835207
 -0.01967263 -0.27146732 -0.16045132 -0.1487259  -0.13306096 -0.24702616
 -0.00521737 -0.13403151 -0.27595096 -0.22562966 -0.0107618  -0.39315424
 -0.09737183]",[-0.17931881],-0.20979799951122274
16,01095,"[ 0.01144233  0.0179954  -0.17223431 -0.44793419 -0.1449724  -0.02835207
 -0.01967263 -0.27146732 -0.16045132 -0.1487259  -0.13306096 -0.24702616
 -0.00521737 -0.13403151 -0.27595096 -0.22562966 -0.0107618  -0.39315424
 -0.09737183]",[-0.12016917],0.24320655269305727
16,01097,"[ 0.01144233  0.0179954  -0.17223431 -0.44793419 -0.1449724  -0.02835207
 -0.01967263 -0.27146732 -0.16045132 -0.1487259  -0.13306096 -0.24702616
 -0.00521737 -0.13403151 -0.27595096 -0.22562966 -0.0107618  -0.39315424
 -0.09737183]",[-0.01510066],1.0478861318302606
16,01099,"[ 0.01144233  0.0179954  -0.17223431 -0.44793419 -0.1449724  -0.02835207
 -0.01967263 -0.27146732 -0.16045132 -0.1487259  -0.13306096 -0.24702616
 -0.00521737 -0.13403151 -0.27595096 -0.22562966 -0.0107618  -0.39315424
 -0.09737183]",[-0.24037071],-0.6773711645273444
16,01101,"[ 0.01144233  0.0179954  -0.17223431 -0.44793419 -0.1449724  -0.02835207
 -0.01967263 -0.27146732 -0.16045132 -0.1487259  -0.13306096 -0.24702616
 -0.00521737 -0.13403151 -0.27595096 -0.22562966 -0.0107618  -0.39315424
 -0.09737183]",[-0.0211394],1.0016377292348584
16,01103,"[ 0.01144233  0.0179954  -0.17223431 -0.44793419 -0.1449724  -0.02835207
 -0.01967263 -0.27146732 -0.16045132 -0.1487259  -0.13306096 -0.24702616
 -0.00521737 -0.13403151 -0.27595096 -0.22562966 -0.0107618  -0.39315424
 -0.09737183]",[-0.0774718],0.5702094125790425
16,01107,"[ 0.01144233  0.0179954  -0.17223431 -0.44793419 -0.1449724  -0.02835207
 -0.01967263 -0.27146732 -0.16045132 -0.1487259  -0.13306096 -0.24702616
 -0.00521737 -0.13403151 -0.27595096 -0.22562966 -0.0107618  -0.39315424
 -0.09737183]",[-0.35484535],-1.5540887532978747
16,01109,"[ 0.01144233  0.0179954  -0.17223431 -0.44793419 -0.1449724  -0.02835207
 -0.01967263 -0.27146732 -0.16045132 -0.1487259  -0.13306096 -0.24702616
 -0.00521737 -0.13403151 -0.27595096 -0.22562966 -0.0107618  -0.39315424
 -0.09737183]",[-0.11399443],0.2904965044810313
16,01113,"[ 0.01144233  0.0179954  -0.17223431 -0.44793419 -0.1449724  -0.02835207
 -0.01967263 -0.27146732 -0.16045132 -0.1487259  -0.13306096 -0.24702616
 -0.00521737 -0.13403151 -0.27595096 -0.22562966 -0.0107618  -0.39315424
 -0.09737183]",[-0.00830871],1.0999030957728817
16,01111,"[ 0.01144233  0.0179954  -0.17223431 -0.44793419 -0.1449724  -0.02835207
 -0.01967263 -0.27146732 -0.16045132 -0.1487259  -0.13306096 -0.24702616
 -0.00521737 -0.13403151 -0.27595096 -0.22562966 -0.0107618  -0.39315424
 -0.09737183]",[-0.23021383],-0.5995834774586793
16,01115,"[ 0.01144233  0.0179954  -0.17223431 -0.44793419 -0.1449724  -0.02835207
 -0.01967263 -0.27146732 -0.16045132 -0.1487259  -0.13306096 -0.24702616
 -0.00521737 -0.13403151 -0.27595096 -0.22562966 -0.0107618  -0.39315424
 -0.09737183]",[-0.01573527],1.043025947115009
16,01117,"[ 0.01144233  0.0179954  -0.17223431 -0.44793419 -0.1449724  -0.02835207
 -0.01967263 -0.27146732 -0.16045132 -0.1487259  -0.13306096 -0.24702616
 -0.00521737 -0.13403151 -0.27595096 -0.22562966 -0.0107618  -0.39315424
 -0.09737183]",[-0.00019312],1.162057348565198
16,01119,"[ 0.01144233  0.0179954  -0.17223431 -0.44793419 -0.1449724  -0.02835207
 -0.01967263 -0.27146732 -0.16045132 -0.1487259  -0.13306096 -0.24702616
 -0.00521737 -0.13403151 -0.27595096 -0.22562966 -0.0107618  -0.39315424
 -0.09737183]",[-0.33631263],-1.4121536681376519
16,01121,"[ 0.01144233  0.0179954  -0.17223431 -0.44793419 -0.1449724  -0.02835207
 -0.01967263 -0.27146732 -0.16045132 -0.1487259  -0.13306096 -0.24702616
 -0.00521737 -0.13403151 -0.27595096 -0.22562966 -0.0107618  -0.39315424
 -0.09737183]",[-0.04375025],0.828469864430221
16,01123,"[ 0.01144233  0.0179954  -0.17223431 -0.44793419 -0.1449724  -0.02835207
 -0.01967263 -0.27146732 -0.16045132 -0.1487259  -0.13306096 -0.24702616
 -0.00521737 -0.13403151 -0.27595096 -0.22562966 -0.0107618  -0.39315424
 -0.09737183]",[-0.12773058],0.18529658668846993
16,01125,"[ 0.01144233  0.0179954  -0.17223431 -0.44793419 -0.1449724  -0.02835207
 -0.01967263 -0.27146732 -0.16045132 -0.1487259  -0.13306096 -0.24702616
 -0.00521737 -0.13403151 -0.27595096 -0.22562966 -0.0107618  -0.39315424
 -0.09737183]",[-0.02496096],0.9723698788118973
16,01127,"[ 0.01144233  0.0179954  -0.17223431 -0.44793419 -0.1449724  -0.02835207
 -0.01967263 -0.27146732 -0.16045132 -0.1487259  -0.13306096 -0.24702616
 -0.00521737 -0.13403151 -0.27595096 -0.22562966 -0.0107618  -0.39315424
 -0.09737183]",[-0.08013829],0.5497878090760173
16,01129,"[ 0.01144233  0.0179954  -0.17223431 -0.44793419 -0.1449724  -0.02835207
 -0.01967263 -0.27146732 -0.16045132 -0.1487259  -0.13306096 -0.24702616
 -0.00521737 -0.13403151 -0.27595096 -0.22562966 -0.0107618  -0.39315424
 -0.09737183]",[-0.35270883],-1.5377259109011758
16,01131,"[ 0.01144233  0.0179954  -0.17223431 -0.44793419 -0.1449724  -0.02835207
 -0.01967263 -0.27146732 -0.16045132 -0.1487259  -0.13306096 -0.24702616
 -0.00521737 -0.13403151 -0.27595096 -0.22562966 -0.0107618  -0.39315424
 -0.09737183]",[-0.46846304],-2.4242432031343024
16,01133,"[ 0.01144233  0.0179954  -0.17223431 -0.44793419 -0.1449724  -0.02835207
 -0.01967263 -0.27146732 -0.16045132 -0.1487259  -0.13306096 -0.24702616
 -0.00521737 -0.13403151 -0.27595096 -0.22562966 -0.0107618  -0.39315424
 -0.09737183]",[-0.19779316],-0.3512859433206235
16,04001,"[ 0.01144233  0.0179954  -0.17223431 -0.44793419 -0.1449724  -0.02835207
 -0.01967263 -0.27146732 -0.16045132 -0.1487259  -0.13306096 -0.24702616
 -0.00521737 -0.13403151 -0.27595096 -0.22562966 -0.0107618  -0.39315424
 -0.09737183]",[-0.22344399],-0.5477358989012872
16,04003,"[ 0.01144233  0.0179954  -0.17223431 -0.44793419 -0.1449724  -0.02835207
 -0.01967263 -0.27146732 -0.16045132 -0.1487259  -0.13306096 -0.24702616
 -0.00521737 -0.13403151 -0.27595096 -0.22562966 -0.0107618  -0.39315424
 -0.09737183]",[-0.01738709],1.0303752617608866
16,04005,"[ 0.01144233  0.0179954  -0.17223431 -0.44793419 -0.1449724  -0.02835207
 -0.01967263 -0.27146732 -0.16045132 -0.1487259  -0.13306096 -0.24702616
 -0.00521737 -0.13403151 -0.27595096 -0.22562966 -0.0107618  -0.39315424
 -0.09737183]",[-0.04430059],0.8242550187556329
16,04007,"[ 0.01144233  0.0179954  -0.17223431 -0.44793419 -0.1449724  -0.02835207
 -0.01967263 -0.27146732 -0.16045132 -0.1487259  -0.13306096 -0.24702616
 -0.00521737 -0.13403151 -0.27595096 -0.22562966 -0.0107618  -0.39315424
 -0.09737183]",[-0.03937041],0.8620133836799714
16,04009,"[ 0.01144233  0.0179954  -0.17223431 -0.44793419 -0.1449724  -0.02835207
 -0.01967263 -0.27146732 -0.16045132 -0.1487259  -0.13306096 -0.24702616
 -0.00521737 -0.13403151 -0.27595096 -0.22562966 -0.0107618  -0.39315424
 -0.09737183]",[0.00479374],1.2002497626421196
16,04012,"[ 0.01144233  0.0179954  -0.17223431 -0.44793419 -0.1449724  -0.02835207
 -0.01967263 -0.27146732 -0.16045132 -0.1487259  -0.13306096 -0.24702616
 -0.00521737 -0.13403151 -0.27595096 -0.22562966 -0.0107618  -0.39315424
 -0.09737183]",[-0.17221438],-0.15538788053825614
16,04013,"[ 0.01144233  0.0179954  -0.17223431 -0.44793419 -0.1449724  -0.02835207
 -0.01967263 -0.27146732 -0.16045132 -0.1487259  -0.13306096 -0.24702616
 -0.00521737 -0.13403151 -0.27595096 -0.22562966 -0.0107618  -0.39315424
 -0.09737183]",[0.00674944],1.2152277280217725
16,04015,"[ 0.01144233  0.0179954  -0.17223431 -0.44793419 -0.1449724  -0.02835207
 -0.01967263 -0.27146732 -0.16045132 -0.1487259  -0.13306096 -0.24702616
 -0.00521737 -0.13403151 -0.27595096 -0.22562966 -0.0107618  -0.39315424
 -0.09737183]",[-0.01664045],1.036093521153929
16,04017,"[ 0.01144233  0.0179954  -0.17223431 -0.44793419 -0.1449724  -0.02835207
 -0.01967263 -0.27146732 -0.16045132 -0.1487259  -0.13306096 -0.24702616
 -0.00521737 -0.13403151 -0.27595096 -0.22562966 -0.0107618  -0.39315424
 -0.09737183]",[-0.09659949],0.4237177298431555
16,04021,"[ 0.01144233  0.0179954  -0.17223431 -0.44793419 -0.1449724  -0.02835207
 -0.01967263 -0.27146732 -0.16045132 -0.1487259  -0.13306096 -0.24702616
 -0.00521737 -0.13403151 -0.27595096 -0.22562966 -0.0107618  -0.39315424
 -0.09737183]",[0.00028573],1.1657246742050575
16,04023,"[ 0.01144233  0.0179954  -0.17223431 -0.44793419 -0.1449724  -0.02835207
 -0.01967263 -0.27146732 -0.16045132 -0.1487259  -0.13306096 -0.24702616
 -0.00521737 -0.13403151 -0.27595096 -0.22562966 -0.0107618  -0.39315424
 -0.09737183]",[-0.0256974],0.9667297359579066
16,04025,"[ 0.01144233  0.0179954  -0.17223431 -0.44793419 -0.1449724  -0.02835207
 -0.01967263 -0.27146732 -0.16045132 -0.1487259  -0.13306096 -0.24702616
 -0.00521737 -0.13403151 -0.27595096 -0.22562966 -0.0107618  -0.39315424
 -0.09737183]",[-0.0387124],0.8670528275278878
16,04027,"[ 0.01144233  0.0179954  -0.17223431 -0.44793419 -0.1449724  -0.02835207
 -0.01967263 -0.27146732 -0.16045132 -0.1487259  -0.13306096 -0.24702616
 -0.00521737 -0.13403151 -0.27595096 -0.22562966 -0.0107618  -0.39315424
 -0.09737183]",[0.04817404],1.5324829472145347
16,05001,"[ 0.01144233  0.0179954  -0.17223431 -0.44793419 -0.1449724  -0.02835207
 -0.01967263 -0.27146732 -0.16045132 -0.1487259  -0.13306096 -0.24702616
 -0.00521737 -0.13403151 -0.27595096 -0.22562966 -0.0107618  -0.39315424
 -0.09737183]",[-0.10293587],0.3751898252943934
16,05005,"[ 0.01144233  0.0179954  -0.17223431 -0.44793419 -0.1449724  -0.02835207
 -0.01967263 -0.27146732 -0.16045132 -0.1487259  -0.13306096 -0.24702616
 -0.00521737 -0.13403151 -0.27595096 -0.22562966 -0.0107618  -0.39315424
 -0.09737183]",[-0.14931909],0.01995840640266171
16,05003,"[ 0.01144233  0.0179954  -0.17223431 -0.44793419 -0.1449724  -0.02835207
 -0.01967263 -0.27146732 -0.16045132 -0.1487259  -0.13306096 -0.24702616
 -0.00521737 -0.13403151 -0.27595096 -0.22562966 -0.0107618  -0.39315424
 -0.09737183]",[-0.18841888],-0.2794918918631314
16,05007,"[ 0.01144233  0.0179954  -0.17223431 -0.44793419 -0.1449724  -0.02835207
 -0.01967263 -0.27146732 -0.16045132 -0.1487259  -0.13306096 -0.24702616
 -0.00521737 -0.13403151 -0.27595096 -0.22562966 -0.0107618  -0.39315424
 -0.09737183]",[-0.02717644],0.9554023716483423
16,05009,"[ 0.01144233  0.0179954  -0.17223431 -0.44793419 -0.1449724  -0.02835207
 -0.01967263 -0.27146732 -0.16045132 -0.1487259  -0.13306096 -0.24702616
 -0.00521737 -0.13403151 -0.27595096 -0.22562966 -0.0107618  -0.39315424
 -0.09737183]",[-0.11109627],0.31269240987262376
16,05011,"[ 0.01144233  0.0179954  -0.17223431 -0.44793419 -0.1449724  -0.02835207
 -0.01967263 -0.27146732 -0.16045132 -0.1487259  -0.13306096 -0.24702616
 -0.00521737 -0.13403151 -0.27595096 -0.22562966 -0.0107618  -0.39315424
 -0.09737183]",[-0.28258543],-1.0006775620772979
16,05015,"[ 0.01144233  0.0179954  -0.17223431 -0.44793419 -0.1449724  -0.02835207
 -0.01967263 -0.27146732 -0.16045132 -0.1487259  -0.13306096 -0.24702616
 -0.00521737 -0.13403151 -0.27595096 -0.22562966 -0.0107618  -0.39315424
 -0.09737183]",[-0.00362915],1.1357420676322276
16,05017,"[ 0.01144233  0.0179954  -0.17223431 -0.44793419 -0.1449724  -0.02835207
 -0.01967263 -0.27146732 -0.16045132 -0.1487259  -0.13306096 -0.24702616
 -0.00521737 -0.13403151 -0.27595096 -0.22562966 -0.0107618  -0.39315424
 -0.09737183]",[-0.67900979],-4.036740394298862
16,05019,"[ 0.01144233  0.0179954  -0.17223431 -0.44793419 -0.1449724  -0.02835207
 -0.01967263 -0.27146732 -0.16045132 -0.1487259  -0.13306096 -0.24702616
 -0.00521737 -0.13403151 -0.27595096 -0.22562966 -0.0107618  -0.39315424
 -0.09737183]",[-0.34688943],-1.4931573645230827
16,05021,"[ 0.01144233  0.0179954  -0.17223431 -0.44793419 -0.1449724  -0.02835207
 -0.01967263 -0.27146732 -0.16045132 -0.1487259  -0.13306096 -0.24702616
 -0.00521737 -0.13403151 -0.27595096 -0.22562966 -0.0107618  -0.39315424
 -0.09737183]",[-0.24380982],-0.7037100045453648
16,05023,"[ 0.01144233  0.0179954  -0.17223431 -0.44793419 -0.1449724  -0.02835207
 -0.01967263 -0.27146732 -0.16045132 -0.1487259  -0.13306096 -0.24702616
 -0.00521737 -0.13403151 -0.27595096 -0.22562966 -0.0107618  -0.39315424
 -0.09737183]",[-0.28535499],-1.0218886127391844
16,05027,"[ 0.01144233  0.0179954  -0.17223431 -0.44793419 -0.1449724  -0.02835207
 -0.01967263 -0.27146732 -0.16045132 -0.1487259  -0.13306096 -0.24702616
 -0.00521737 -0.13403151 -0.27595096 -0.22562966 -0.0107618  -0.39315424
 -0.09737183]",[-0.4497395],-2.2808467893789572
16,05029,"[ 0.01144233  0.0179954  -0.17223431 -0.44793419 -0.1449724  -0.02835207
 -0.01967263 -0.27146732 -0.16045132 -0.1487259  -0.13306096 -0.24702616
 -0.00521737 -0.13403151 -0.27595096 -0.22562966 -0.0107618  -0.39315424
 -0.09737183]",[-0.27833285],-0.9681086949249283
16,05031,"[ 0.01144233  0.0179954  -0.17223431 -0.44793419 -0.1449724  -0.02835207
 -0.01967263 -0.27146732 -0.16045132 -0.1487259  -0.13306096 -0.24702616
 -0.00521737 -0.13403151 -0.27595096 -0.22562966 -0.0107618  -0.39315424
 -0.09737183]",[-0.08440428],0.5171161633577196
16,05033,"[ 0.01144233  0.0179954  -0.17223431 -0.44793419 -0.1449724  -0.02835207
 -0.01967263 -0.27146732 -0.16045132 -0.1487259  -0.13306096 -0.24702616
 -0.00521737 -0.13403151 -0.27595096 -0.22562966 -0.0107618  -0.39315424
 -0.09737183]",[-0.14178801],0.07763610753514694
16,05037,"[ 0.01144233  0.0179954  -0.17223431 -0.44793419 -0.1449724  -0.02835207
 -0.01967263 -0.27146732 -0.16045132 -0.1487259  -0.13306096 -0.24702616
 -0.00521737 -0.13403151 -0.27595096 -0.22562966 -0.0107618  -0.39315424
 -0.09737183]",[-0.33160222],-1.376078488278761
16,05035,"[ 0.01144233  0.0179954  -0.17223431 -0.44793419 -0.1449724  -0.02835207
 -0.01967263 -0.27146732 -0.16045132 -0.1487259  -0.13306096 -0.24702616
 -0.00521737 -0.13403151 -0.27595096 -0.22562966 -0.0107618  -0.39315424
 -0.09737183]",[-0.06315411],0.6798631112665076
16,05041,"[ 0.01144233  0.0179954  -0.17223431 -0.44793419 -0.1449724  -0.02835207
 -0.01967263 -0.27146732 -0.16045132 -0.1487259  -0.13306096 -0.24702616
 -0.00521737 -0.13403151 -0.27595096 -0.22562966 -0.0107618  -0.39315424
 -0.09737183]",[-0.40874568],-1.9668907403621791
16,05043,"[ 0.01144233  0.0179954  -0.17223431 -0.44793419 -0.1449724  -0.02835207
 -0.01967263 -0.27146732 -0.16045132 -0.1487259  -0.13306096 -0.24702616
 -0.00521737 -0.13403151 -0.27595096 -0.22562966 -0.0107618  -0.39315424
 -0.09737183]",[-0.16727757],-0.11757872968659722
16,05045,"[ 0.01144233  0.0179954  -0.17223431 -0.44793419 -0.1449724  -0.02835207
 -0.01967263 -0.27146732 -0.16045132 -0.1487259  -0.13306096 -0.24702616
 -0.00521737 -0.13403151 -0.27595096 -0.22562966 -0.0107618  -0.39315424
 -0.09737183]",[-0.05527788],0.7401841951186859
16,05053,"[ 0.01144233  0.0179954  -0.17223431 -0.44793419 -0.1449724  -0.02835207
 -0.01967263 -0.27146732 -0.16045132 -0.1487259  -0.13306096 -0.24702616
 -0.00521737 -0.13403151 -0.27595096 -0.22562966 -0.0107618  -0.39315424
 -0.09737183]",[-0.52674626],-2.870612138405918
16,05051,"[ 0.01144233  0.0179954  -0.17223431 -0.44793419 -0.1449724  -0.02835207
 -0.01967263 -0.27146732 -0.16045132 -0.1487259  -0.13306096 -0.24702616
 -0.00521737 -0.13403151 -0.27595096 -0.22562966 -0.0107618  -0.39315424
 -0.09737183]",[-0.01577512],1.042720722391823
16,05055,"[ 0.01144233  0.0179954  -0.17223431 -0.44793419 -0.1449724  -0.02835207
 -0.01967263 -0.27146732 -0.16045132 -0.1487259  -0.13306096 -0.24702616
 -0.00521737 -0.13403151 -0.27595096 -0.22562966 -0.0107618  -0.39315424
 -0.09737183]",[-0.07938861],0.5555293251356618
16,05057,"[ 0.01144233  0.0179954  -0.17223431 -0.44793419 -0.1449724  -0.02835207
 -0.01967263 -0.27146732 -0.16045132 -0.1487259  -0.13306096 -0.24702616
 -0.00521737 -0.13403151 -0.27595096 -0.22562966 -0.0107618  -0.39315424
 -0.09737183]",[-0.30756353],-1.1919753373821182
16,05059,"[ 0.01144233  0.0179954  -0.17223431 -0.44793419 -0.1449724  -0.02835207
 -0.01967263 -0.27146732 -0.16045132 -0.1487259  -0.13306096 -0.24702616
 -0.00521737 -0.13403151 -0.27595096 -0.22562966 -0.0107618  -0.39315424
 -0.09737183]",[-0.11822184],0.2581204029670784
16,05063,"[ 0.01144233  0.0179954  -0.17223431 -0.44793419 -0.1449724  -0.02835207
 -0.01967263 -0.27146732 -0.16045132 -0.1487259  -0.13306096 -0.24702616
 -0.00521737 -0.13403151 -0.27595096 -0.22562966 -0.0107618  -0.39315424
 -0.09737183]",[-0.22820657],-0.5842106463168609
16,05065,"[ 0.01144233  0.0179954  -0.17223431 -0.44793419 -0.1449724  -0.02835207
 -0.01967263 -0.27146732 -0.16045132 -0.1487259  -0.13306096 -0.24702616
 -0.00521737 -0.13403151 -0.27595096 -0.22562966 -0.0107618  -0.39315424
 -0.09737183]",[-0.42674455],-2.104737229273759
16,05067,"[ 0.01144233  0.0179954  -0.17223431 -0.44793419 -0.1449724  -0.02835207
 -0.01967263 -0.27146732 -0.16045132 -0.1487259  -0.13306096 -0.24702616
 -0.00521737 -0.13403151 -0.27595096 -0.22562966 -0.0107618  -0.39315424
 -0.09737183]",[-0.20747926],-0.42546808471468867
16,05069,"[ 0.01144233  0.0179954  -0.17223431 -0.44793419 -0.1449724  -0.02835207
 -0.01967263 -0.27146732 -0.16045132 -0.1487259  -0.13306096 -0.24702616
 -0.00521737 -0.13403151 -0.27595096 -0.22562966 -0.0107618  -0.39315424
 -0.09737183]",[-0.04397249],0.8267678376586537
16,05075,"[ 0.01144233  0.0179954  -0.17223431 -0.44793419 -0.1449724  -0.02835207
 -0.01967263 -0.27146732 -0.16045132 -0.1487259  -0.13306096 -0.24702616
 -0.00521737 -0.13403151 -0.27595096 -0.22562966 -0.0107618  -0.39315424
 -0.09737183]",[-0.16171662],-0.07498952540058051
16,05071,"[ 0.01144233  0.0179954  -0.17223431 -0.44793419 -0.1449724  -0.02835207
 -0.01967263 -0.27146732 -0.16045132 -0.1487259  -0.13306096 -0.24702616
 -0.00521737 -0.13403151 -0.27595096 -0.22562966 -0.0107618  -0.39315424
 -0.09737183]",[-0.2171373],-0.4994353611054251
16,05077,"[ 0.01144233  0.0179954  -0.17223431 -0.44793419 -0.1449724  -0.02835207
 -0.01967263 -0.27146732 -0.16045132 -0.1487259  -0.13306096 -0.24702616
 -0.00521737 -0.13403151 -0.27595096 -0.22562966 -0.0107618  -0.39315424
 -0.09737183]",[-0.34395376],-1.4706742267331414
16,05079,"[ 0.01144233  0.0179954  -0.17223431 -0.44793419 -0.1449724  -0.02835207
 -0.01967263 -0.27146732 -0.16045132 -0.1487259  -0.13306096 -0.24702616
 -0.00521737 -0.13403151 -0.27595096 -0.22562966 -0.0107618  -0.39315424
 -0.09737183]",[-0.35682515],-1.569251254064364
16,05083,"[ 0.01144233  0.0179954  -0.17223431 -0.44793419 -0.1449724  -0.02835207
 -0.01967263 -0.27146732 -0.16045132 -0.1487259  -0.13306096 -0.24702616
 -0.00521737 -0.13403151 -0.27595096 -0.22562966 -0.0107618  -0.39315424
 -0.09737183]",[-0.17155165],-0.1503122281660002
16,05081,"[ 0.01144233  0.0179954  -0.17223431 -0.44793419 -0.1449724  -0.02835207
 -0.01967263 -0.27146732 -0.16045132 -0.1487259  -0.13306096 -0.24702616
 -0.00521737 -0.13403151 -0.27595096 -0.22562966 -0.0107618  -0.39315424
 -0.09737183]",[-0.3883229],-1.8104804839699795
16,05085,"[ 0.01144233  0.0179954  -0.17223431 -0.44793419 -0.1449724  -0.02835207
 -0.01967263 -0.27146732 -0.16045132 -0.1487259  -0.13306096 -0.24702616
 -0.00521737 -0.13403151 -0.27595096 -0.22562966 -0.0107618  -0.39315424
 -0.09737183]",[-0.10249567],0.37856111925886693
16,05087,"[ 0.01144233  0.0179954  -0.17223431 -0.44793419 -0.1449724  -0.02835207
 -0.01967263 -0.27146732 -0.16045132 -0.1487259  -0.13306096 -0.24702616
 -0.00521737 -0.13403151 -0.27595096 -0.22562966 -0.0107618  -0.39315424
 -0.09737183]",[-0.41487227],-2.0138119920532787
16,05089,"[ 0.01144233  0.0179954  -0.17223431 -0.44793419 -0.1449724  -0.02835207
 -0.01967263 -0.27146732 -0.16045132 -0.1487259  -0.13306096 -0.24702616
 -0.00521737 -0.13403151 -0.27595096 -0.22562966 -0.0107618  -0.39315424
 -0.09737183]",[-0.42419878],-2.0852401816712196
16,05091,"[ 0.01144233  0.0179954  -0.17223431 -0.44793419 -0.1449724  -0.02835207
 -0.01967263 -0.27146732 -0.16045132 -0.1487259  -0.13306096 -0.24702616
 -0.00521737 -0.13403151 -0.27595096 -0.22562966 -0.0107618  -0.39315424
 -0.09737183]",[-0.11293492],0.2986109236649953
16,05093,"[ 0.01144233  0.0179954  -0.17223431 -0.44793419 -0.1449724  -0.02835207
 -0.01967263 -0.27146732 -0.16045132 -0.1487259  -0.13306096 -0.24702616
 -0.00521737 -0.13403151 -0.27595096 -0.22562966 -0.0107618  -0.39315424
 -0.09737183]",[-0.10556685],0.355040176911963
16,05103,"[ 0.01144233  0.0179954  -0.17223431 -0.44793419 -0.1449724  -0.02835207
 -0.01967263 -0.27146732 -0.16045132 -0.1487259  -0.13306096 -0.24702616
 -0.00521737 -0.13403151 -0.27595096 -0.22562966 -0.0107618  -0.39315424
 -0.09737183]",[-0.24918559],-0.7448809232498135
16,05107,"[ 0.01144233  0.0179954  -0.17223431 -0.44793419 -0.1449724  -0.02835207
 -0.01967263 -0.27146732 -0.16045132 -0.1487259  -0.13306096 -0.24702616
 -0.00521737 -0.13403151 -0.27595096 -0.22562966 -0.0107618  -0.39315424
 -0.09737183]",[-0.17457143],-0.17343962609238076
16,05111,"[ 0.01144233  0.0179954  -0.17223431 -0.44793419 -0.1449724  -0.02835207
 -0.01967263 -0.27146732 -0.16045132 -0.1487259  -0.13306096 -0.24702616
 -0.00521737 -0.13403151 -0.27595096 -0.22562966 -0.0107618  -0.39315424
 -0.09737183]",[-0.4013028],-1.9098886054671742
16,05113,"[ 0.01144233  0.0179954  -0.17223431 -0.44793419 -0.1449724  -0.02835207
 -0.01967263 -0.27146732 -0.16045132 -0.1487259  -0.13306096 -0.24702616
 -0.00521737 -0.13403151 -0.27595096 -0.22562966 -0.0107618  -0.39315424
 -0.09737183]",[-0.25157092],-0.7631493063416638
16,05115,"[ 0.01144233  0.0179954  -0.17223431 -0.44793419 -0.1449724  -0.02835207
 -0.01967263 -0.27146732 -0.16045132 -0.1487259  -0.13306096 -0.24702616
 -0.00521737 -0.13403151 -0.27595096 -0.22562966 -0.0107618  -0.39315424
 -0.09737183]",[-0.00326703],1.1385153716242267
16,05121,"[ 0.01144233  0.0179954  -0.17223431 -0.44793419 -0.1449724  -0.02835207
 -0.01967263 -0.27146732 -0.16045132 -0.1487259  -0.13306096 -0.24702616
 -0.00521737 -0.13403151 -0.27595096 -0.22562966 -0.0107618  -0.39315424
 -0.09737183]",[-0.24384059],-0.7039456065957738
16,05119,"[ 0.01144233  0.0179954  -0.17223431 -0.44793419 -0.1449724  -0.02835207
 -0.01967263 -0.27146732 -0.16045132 -0.1487259  -0.13306096 -0.24702616
 -0.00521737 -0.13403151 -0.27595096 -0.22562966 -0.0107618  -0.39315424
 -0.09737183]",[-0.00706627],1.1094184443340218
16,05123,"[ 0.01144233  0.0179954  -0.17223431 -0.44793419 -0.1449724  -0.02835207
 -0.01967263 -0.27146732 -0.16045132 -0.1487259  -0.13306096 -0.24702616
 -0.00521737 -0.13403151 -0.27595096 -0.22562966 -0.0107618  -0.39315424
 -0.09737183]",[-0.20996613],-0.4445140852910914
16,05125,"[ 0.01144233  0.0179954  -0.17223431 -0.44793419 -0.1449724  -0.02835207
 -0.01967263 -0.27146732 -0.16045132 -0.1487259  -0.13306096 -0.24702616
 -0.00521737 -0.13403151 -0.27595096 -0.22562966 -0.0107618  -0.39315424
 -0.09737183]",[-0.07399437],0.5968417027953078
16,05131,"[ 0.01144233  0.0179954  -0.17223431 -0.44793419 -0.1449724  -0.02835207
 -0.01967263 -0.27146732 -0.16045132 -0.1487259  -0.13306096 -0.24702616
 -0.00521737 -0.13403151 -0.27595096 -0.22562966 -0.0107618  -0.39315424
 -0.09737183]",[-0.05632754],0.7321452069422023
16,05135,"[ 0.01144233  0.0179954  -0.17223431 -0.44793419 -0.1449724  -0.02835207
 -0.01967263 -0.27146732 -0.16045132 -0.1487259  -0.13306096 -0.24702616
 -0.00521737 -0.13403151 -0.27595096 -0.22562966 -0.0107618  -0.39315424
 -0.09737183]",[-0.41687853],-2.029177191165335
16,05133,"[ 0.01144233  0.0179954  -0.17223431 -0.44793419 -0.1449724  -0.02835207
 -0.01967263 -0.27146732 -0.16045132 -0.1487259  -0.13306096 -0.24702616
 -0.00521737 -0.13403151 -0.27595096 -0.22562966 -0.0107618  -0.39315424
 -0.09737183]",[-0.27888764],-0.9723575942693872
16,05139,"[ 0.01144233  0.0179954  -0.17223431 -0.44793419 -0.1449724  -0.02835207
 -0.01967263 -0.27146732 -0.16045132 -0.1487259  -0.13306096 -0.24702616
 -0.00521737 -0.13403151 -0.27595096 -0.22562966 -0.0107618  -0.39315424
 -0.09737183]",[-0.16849016],-0.126865449824555
16,05141,"[ 0.01144233  0.0179954  -0.17223431 -0.44793419 -0.1449724  -0.02835207
 -0.01967263 -0.27146732 -0.16045132 -0.1487259  -0.13306096 -0.24702616
 -0.00521737 -0.13403151 -0.27595096 -0.22562966 -0.0107618  -0.39315424
 -0.09737183]",[-0.31143546],-1.2216289845048571
16,05143,"[ 0.01144233  0.0179954  -0.17223431 -0.44793419 -0.1449724  -0.02835207
 -0.01967263 -0.27146732 -0.16045132 -0.1487259  -0.13306096 -0.24702616
 -0.00521737 -0.13403151 -0.27595096 -0.22562966 -0.0107618  -0.39315424
 -0.09737183]",[0.02585012],1.3615125351019972
16,05145,"[ 0.01144233  0.0179954  -0.17223431 -0.44793419 -0.1449724  -0.02835207
 -0.01967263 -0.27146732 -0.16045132 -0.1487259  -0.13306096 -0.24702616
 -0.00521737 -0.13403151 -0.27595096 -0.22562966 -0.0107618  -0.39315424
 -0.09737183]",[-0.09015085],0.4731054002240842
16,05149,"[ 0.01144233  0.0179954  -0.17223431 -0.44793419 -0.1449724  -0.02835207
 -0.01967263 -0.27146732 -0.16045132 -0.1487259  -0.13306096 -0.24702616
 -0.00521737 -0.13403151 -0.27595096 -0.22562966 -0.0107618  -0.39315424
 -0.09737183]",[-0.2992306],-1.12815662069189
16,06001,"[ 0.01144233  0.0179954  -0.17223431 -0.44793419 -0.1449724  -0.02835207
 -0.01967263 -0.27146732 -0.16045132 -0.1487259  -0.13306096 -0.24702616
 -0.00521737 -0.13403151 -0.27595096 -0.22562966 -0.0107618  -0.39315424
 -0.09737183]",[0.00481107],1.2003824826909248
16,06005,"[ 0.01144233  0.0179954  -0.17223431 -0.44793419 -0.1449724  -0.02835207
 -0.01967263 -0.27146732 -0.16045132 -0.1487259  -0.13306096 -0.24702616
 -0.00521737 -0.13403151 -0.27595096 -0.22562966 -0.0107618  -0.39315424
 -0.09737183]",[-0.05448367],0.74626668370775
16,06007,"[ 0.01144233  0.0179954  -0.17223431 -0.44793419 -0.1449724  -0.02835207
 -0.01967263 -0.27146732 -0.16045132 -0.1487259  -0.13306096 -0.24702616
 -0.00521737 -0.13403151 -0.27595096 -0.22562966 -0.0107618  -0.39315424
 -0.09737183]",[0.01420431],1.2723217673008023
16,06009,"[ 0.01144233  0.0179954  -0.17223431 -0.44793419 -0.1449724  -0.02835207
 -0.01967263 -0.27146732 -0.16045132 -0.1487259  -0.13306096 -0.24702616
 -0.00521737 -0.13403151 -0.27595096 -0.22562966 -0.0107618  -0.39315424
 -0.09737183]",[-0.06997751],0.6276053356557021
16,06011,"[ 0.01144233  0.0179954  -0.17223431 -0.44793419 -0.1449724  -0.02835207
 -0.01967263 -0.27146732 -0.16045132 -0.1487259  -0.13306096 -0.24702616
 -0.00521737 -0.13403151 -0.27595096 -0.22562966 -0.0107618  -0.39315424
 -0.09737183]",[-0.36573952],-1.63752298499408
16,06013,"[ 0.01144233  0.0179954  -0.17223431 -0.44793419 -0.1449724  -0.02835207
 -0.01967263 -0.27146732 -0.16045132 -0.1487259  -0.13306096 -0.24702616
 -0.00521737 -0.13403151 -0.27595096 -0.22562966 -0.0107618  -0.39315424
 -0.09737183]",[0.0080361],1.2250817878262203
16,06015,"[ 0.01144233  0.0179954  -0.17223431 -0.44793419 -0.1449724  -0.02835207
 -0.01967263 -0.27146732 -0.16045132 -0.1487259  -0.13306096 -0.24702616
 -0.00521737 -0.13403151 -0.27595096 -0.22562966 -0.0107618  -0.39315424
 -0.09737183]",[-0.12848955],0.17948394472903592
16,06017,"[ 0.01144233  0.0179954  -0.17223431 -0.44793419 -0.1449724  -0.02835207
 -0.01967263 -0.27146732 -0.16045132 -0.1487259  -0.13306096 -0.24702616
 -0.00521737 -0.13403151 -0.27595096 -0.22562966 -0.0107618  -0.39315424
 -0.09737183]",[-0.02940394],0.9383428028651666
16,06019,"[ 0.01144233  0.0179954  -0.17223431 -0.44793419 -0.1449724  -0.02835207
 -0.01967263 -0.27146732 -0.16045132 -0.1487259  -0.13306096 -0.24702616
 -0.00521737 -0.13403151 -0.27595096 -0.22562966 -0.0107618  -0.39315424
 -0.09737183]",[0.00178517],1.1772083100539792
16,06021,"[ 0.01144233  0.0179954  -0.17223431 -0.44793419 -0.1449724  -0.02835207
 -0.01967263 -0.27146732 -0.16045132 -0.1487259  -0.13306096 -0.24702616
 -0.00521737 -0.13403151 -0.27595096 -0.22562966 -0.0107618  -0.39315424
 -0.09737183]",[-0.17378851],-0.16744352702402782
16,06023,"[ 0.01144233  0.0179954  -0.17223431 -0.44793419 -0.1449724  -0.02835207
 -0.01967263 -0.27146732 -0.16045132 -0.1487259  -0.13306096 -0.24702616
 -0.00521737 -0.13403151 -0.27595096 -0.22562966 -0.0107618  -0.39315424
 -0.09737183]",[-0.05367586],0.7524534282492094
16,06025,"[ 0.01144233  0.0179954  -0.17223431 -0.44793419 -0.1449724  -0.02835207
 -0.01967263 -0.27146732 -0.16045132 -0.1487259  -0.13306096 -0.24702616
 -0.00521737 -0.13403151 -0.27595096 -0.22562966 -0.0107618  -0.39315424
 -0.09737183]",[-0.00204611],1.1478659590198468
16,06027,"[ 0.01144233  0.0179954  -0.17223431 -0.44793419 -0.1449724  -0.02835207
 -0.01967263 -0.27146732 -0.16045132 -0.1487259  -0.13306096 -0.24702616
 -0.00521737 -0.13403151 -0.27595096 -0.22562966 -0.0107618  -0.39315424
 -0.09737183]",[0.08195619],1.7912074909387226
16,06029,"[ 0.01144233  0.0179954  -0.17223431 -0.44793419 -0.1449724  -0.02835207
 -0.01967263 -0.27146732 -0.16045132 -0.1487259  -0.13306096 -0.24702616
 -0.00521737 -0.13403151 -0.27595096 -0.22562966 -0.0107618  -0.39315424
 -0.09737183]",[-0.01240199],1.0685542088441116
16,06031,"[ 0.01144233  0.0179954  -0.17223431 -0.44793419 -0.1449724  -0.02835207
 -0.01967263 -0.27146732 -0.16045132 -0.1487259  -0.13306096 -0.24702616
 -0.00521737 -0.13403151 -0.27595096 -0.22562966 -0.0107618  -0.39315424
 -0.09737183]",[0.07899051],1.7684945352356711
16,06033,"[ 0.01144233  0.0179954  -0.17223431 -0.44793419 -0.1449724  -0.02835207
 -0.01967263 -0.27146732 -0.16045132 -0.1487259  -0.13306096 -0.24702616
 -0.00521737 -0.13403151 -0.27595096 -0.22562966 -0.0107618  -0.39315424
 -0.09737183]",[-0.01509094],1.047960617748788
16,06035,"[ 0.01144233  0.0179954  -0.17223431 -0.44793419 -0.1449724  -0.02835207
 -0.01967263 -0.27146732 -0.16045132 -0.1487259  -0.13306096 -0.24702616
 -0.00521737 -0.13403151 -0.27595096 -0.22562966 -0.0107618  -0.39315424
 -0.09737183]",[-0.13334865],0.14226997978890873
16,06039,"[ 0.01144233  0.0179954  -0.17223431 -0.44793419 -0.1449724  -0.02835207
 -0.01967263 -0.27146732 -0.16045132 -0.1487259  -0.13306096 -0.24702616
 -0.00521737 -0.13403151 -0.27595096 -0.22562966 -0.0107618  -0.39315424
 -0.09737183]",[-0.01659768],1.0364210273226417
16,06041,"[ 0.01144233  0.0179954  -0.17223431 -0.44793419 -0.1449724  -0.02835207
 -0.01967263 -0.27146732 -0.16045132 -0.1487259  -0.13306096 -0.24702616
 -0.00521737 -0.13403151 -0.27595096 -0.22562966 -0.0107618  -0.39315424
 -0.09737183]",[-0.01955393],1.0137802550871562
16,06043,"[ 0.01144233  0.0179954  -0.17223431 -0.44793419 -0.1449724  -0.02835207
 -0.01967263 -0.27146732 -0.16045132 -0.1487259  -0.13306096 -0.24702616
 -0.00521737 -0.13403151 -0.27595096 -0.22562966 -0.0107618  -0.39315424
 -0.09737183]",[-0.19169153],-0.30455586697663845
16,06045,"[ 0.01144233  0.0179954  -0.17223431 -0.44793419 -0.1449724  -0.02835207
 -0.01967263 -0.27146732 -0.16045132 -0.1487259  -0.13306096 -0.24702616
 -0.00521737 -0.13403151 -0.27595096 -0.22562966 -0.0107618  -0.39315424
 -0.09737183]",[-0.02642428],0.9611628583022384
16,06047,"[ 0.01144233  0.0179954  -0.17223431 -0.44793419 -0.1449724  -0.02835207
 -0.01967263 -0.27146732 -0.16045132 -0.1487259  -0.13306096 -0.24702616
 -0.00521737 -0.13403151 -0.27595096 -0.22562966 -0.0107618  -0.39315424
 -0.09737183]",[0.01394247],1.2703163635718289
16,06049,"[ 0.01144233  0.0179954  -0.17223431 -0.44793419 -0.1449724  -0.02835207
 -0.01967263 -0.27146732 -0.16045132 -0.1487259  -0.13306096 -0.24702616
 -0.00521737 -0.13403151 -0.27595096 -0.22562966 -0.0107618  -0.39315424
 -0.09737183]",[-0.18917],-0.2852444996163388
16,06053,"[ 0.01144233  0.0179954  -0.17223431 -0.44793419 -0.1449724  -0.02835207
 -0.01967263 -0.27146732 -0.16045132 -0.1487259  -0.13306096 -0.24702616
 -0.00521737 -0.13403151 -0.27595096 -0.22562966 -0.0107618  -0.39315424
 -0.09737183]",[-0.02196483],0.9953160886721305
16,06055,"[ 0.01144233  0.0179954  -0.17223431 -0.44793419 -0.1449724  -0.02835207
 -0.01967263 -0.27146732 -0.16045132 -0.1487259  -0.13306096 -0.24702616
 -0.00521737 -0.13403151 -0.27595096 -0.22562966 -0.0107618  -0.39315424
 -0.09737183]",[-0.01373146],1.0583723305946866
16,06057,"[ 0.01144233  0.0179954  -0.17223431 -0.44793419 -0.1449724  -0.02835207
 -0.01967263 -0.27146732 -0.16045132 -0.1487259  -0.13306096 -0.24702616
 -0.00521737 -0.13403151 -0.27595096 -0.22562966 -0.0107618  -0.39315424
 -0.09737183]",[-0.1103338],0.3185318812983355
16,06059,"[ 0.01144233  0.0179954  -0.17223431 -0.44793419 -0.1449724  -0.02835207
 -0.01967263 -0.27146732 -0.16045132 -0.1487259  -0.13306096 -0.24702616
 -0.00521737 -0.13403151 -0.27595096 -0.22562966 -0.0107618  -0.39315424
 -0.09737183]",[0.02495776],1.3546783340416693
16,06061,"[ 0.01144233  0.0179954  -0.17223431 -0.44793419 -0.1449724  -0.02835207
 -0.01967263 -0.27146732 -0.16045132 -0.1487259  -0.13306096 -0.24702616
 -0.00521737 -0.13403151 -0.27595096 -0.22562966 -0.0107618  -0.39315424
 -0.09737183]",[0.00350268],1.1903620087441293
16,06063,"[ 0.01144233  0.0179954  -0.17223431 -0.44793419 -0.1449724  -0.02835207
 -0.01967263 -0.27146732 -0.16045132 -0.1487259  -0.13306096 -0.24702616
 -0.00521737 -0.13403151 -0.27595096 -0.22562966 -0.0107618  -0.39315424
 -0.09737183]",[-0.31387601],-1.2403201733881537
16,06065,"[ 0.01144233  0.0179954  -0.17223431 -0.44793419 -0.1449724  -0.02835207
 -0.01967263 -0.27146732 -0.16045132 -0.1487259  -0.13306096 -0.24702616
 -0.00521737 -0.13403151 -0.27595096 -0.22562966 -0.0107618  -0.39315424
 -0.09737183]",[0.00478974],1.200219121355254
16,06067,"[ 0.01144233  0.0179954  -0.17223431 -0.44793419 -0.1449724  -0.02835207
 -0.01967263 -0.27146732 -0.16045132 -0.1487259  -0.13306096 -0.24702616
 -0.00521737 -0.13403151 -0.27595096 -0.22562966 -0.0107618  -0.39315424
 -0.09737183]",[0.01225019],1.2573558957574562
16,06069,"[ 0.01144233  0.0179954  -0.17223431 -0.44793419 -0.1449724  -0.02835207
 -0.01967263 -0.27146732 -0.16045132 -0.1487259  -0.13306096 -0.24702616
 -0.00521737 -0.13403151 -0.27595096 -0.22562966 -0.0107618  -0.39315424
 -0.09737183]",[-0.05705034],0.7266095871631341
16,06071,"[ 0.01144233  0.0179954  -0.17223431 -0.44793419 -0.1449724  -0.02835207
 -0.01967263 -0.27146732 -0.16045132 -0.1487259  -0.13306096 -0.24702616
 -0.00521737 -0.13403151 -0.27595096 -0.22562966 -0.0107618  -0.39315424
 -0.09737183]",[0.0062415],1.2113376308674464
16,06073,"[ 0.01144233  0.0179954  -0.17223431 -0.44793419 -0.1449724  -0.02835207
 -0.01967263 -0.27146732 -0.16045132 -0.1487259  -0.13306096 -0.24702616
 -0.00521737 -0.13403151 -0.27595096 -0.22562966 -0.0107618  -0.39315424
 -0.09737183]",[0.00499514],1.2017922501549403
16,06075,"[ 0.01144233  0.0179954  -0.17223431 -0.44793419 -0.1449724  -0.02835207
 -0.01967263 -0.27146732 -0.16045132 -0.1487259  -0.13306096 -0.24702616
 -0.00521737 -0.13403151 -0.27595096 -0.22562966 -0.0107618  -0.39315424
 -0.09737183]",[0.01503513],1.2786846808862289
16,06077,"[ 0.01144233  0.0179954  -0.17223431 -0.44793419 -0.1449724  -0.02835207
 -0.01967263 -0.27146732 -0.16045132 -0.1487259  -0.13306096 -0.24702616
 -0.00521737 -0.13403151 -0.27595096 -0.22562966 -0.0107618  -0.39315424
 -0.09737183]",[0.00555737],1.2060981009831238
16,06079,"[ 0.01144233  0.0179954  -0.17223431 -0.44793419 -0.1449724  -0.02835207
 -0.01967263 -0.27146732 -0.16045132 -0.1487259  -0.13306096 -0.24702616
 -0.00521737 -0.13403151 -0.27595096 -0.22562966 -0.0107618  -0.39315424
 -0.09737183]",[-0.02191149],0.9957246427843703
16,06081,"[ 0.01144233  0.0179954  -0.17223431 -0.44793419 -0.1449724  -0.02835207
 -0.01967263 -0.27146732 -0.16045132 -0.1487259  -0.13306096 -0.24702616
 -0.00521737 -0.13403151 -0.27595096 -0.22562966 -0.0107618  -0.39315424
 -0.09737183]",[-0.00393074],1.1334323015606487
16,06083,"[ 0.01144233  0.0179954  -0.17223431 -0.44793419 -0.1449724  -0.02835207
 -0.01967263 -0.27146732 -0.16045132 -0.1487259  -0.13306096 -0.24702616
 -0.00521737 -0.13403151 -0.27595096 -0.22562966 -0.0107618  -0.39315424
 -0.09737183]",[0.0064808],1.2131703425243345
16,06085,"[ 0.01144233  0.0179954  -0.17223431 -0.44793419 -0.1449724  -0.02835207
 -0.01967263 -0.27146732 -0.16045132 -0.1487259  -0.13306096 -0.24702616
 -0.00521737 -0.13403151 -0.27595096 -0.22562966 -0.0107618  -0.39315424
 -0.09737183]",[0.00028772],1.1657398471877531
16,06087,"[ 0.01144233  0.0179954  -0.17223431 -0.44793419 -0.1449724  -0.02835207
 -0.01967263 -0.27146732 -0.16045132 -0.1487259  -0.13306096 -0.24702616
 -0.00521737 -0.13403151 -0.27595096 -0.22562966 -0.0107618  -0.39315424
 -0.09737183]",[-0.03085392],0.9272379409040977
16,06089,"[ 0.01144233  0.0179954  -0.17223431 -0.44793419 -0.1449724  -0.02835207
 -0.01967263 -0.27146732 -0.16045132 -0.1487259  -0.13306096 -0.24702616
 -0.00521737 -0.13403151 -0.27595096 -0.22562966 -0.0107618  -0.39315424
 -0.09737183]",[-0.01214153],1.0705490383734646
16,06093,"[ 0.01144233  0.0179954  -0.17223431 -0.44793419 -0.1449724  -0.02835207
 -0.01967263 -0.27146732 -0.16045132 -0.1487259  -0.13306096 -0.24702616
 -0.00521737 -0.13403151 -0.27595096 -0.22562966 -0.0107618  -0.39315424
 -0.09737183]",[-0.05473253],0.7443607984209103
16,06095,"[ 0.01144233  0.0179954  -0.17223431 -0.44793419 -0.1449724  -0.02835207
 -0.01967263 -0.27146732 -0.16045132 -0.1487259  -0.13306096 -0.24702616
 -0.00521737 -0.13403151 -0.27595096 -0.22562966 -0.0107618  -0.39315424
 -0.09737183]",[0.02925134],1.387561203023504
16,06097,"[ 0.01144233  0.0179954  -0.17223431 -0.44793419 -0.1449724  -0.02835207
 -0.01967263 -0.27146732 -0.16045132 -0.1487259  -0.13306096 -0.24702616
 -0.00521737 -0.13403151 -0.27595096 -0.22562966 -0.0107618  -0.39315424
 -0.09737183]",[-0.00464404],1.1279694011798138
16,06099,"[ 0.01144233  0.0179954  -0.17223431 -0.44793419 -0.1449724  -0.02835207
 -0.01967263 -0.27146732 -0.16045132 -0.1487259  -0.13306096 -0.24702616
 -0.00521737 -0.13403151 -0.27595096 -0.22562966 -0.0107618  -0.39315424
 -0.09737183]",[-0.02346259],0.9838453554634726
16,06101,"[ 0.01144233  0.0179954  -0.17223431 -0.44793419 -0.1449724  -0.02835207
 -0.01967263 -0.27146732 -0.16045132 -0.1487259  -0.13306096 -0.24702616
 -0.00521737 -0.13403151 -0.27595096 -0.22562966 -0.0107618  -0.39315424
 -0.09737183]",[-0.05122621],0.7712143433460393
16,06103,"[ 0.01144233  0.0179954  -0.17223431 -0.44793419 -0.1449724  -0.02835207
 -0.01967263 -0.27146732 -0.16045132 -0.1487259  -0.13306096 -0.24702616
 -0.00521737 -0.13403151 -0.27595096 -0.22562966 -0.0107618  -0.39315424
 -0.09737183]",[-0.08010448],0.5500466775862412
16,06105,"[ 0.01144233  0.0179954  -0.17223431 -0.44793419 -0.1449724  -0.02835207
 -0.01967263 -0.27146732 -0.16045132 -0.1487259  -0.13306096 -0.24702616
 -0.00521737 -0.13403151 -0.27595096 -0.22562966 -0.0107618  -0.39315424
 -0.09737183]",[-0.32415386],-1.3190343280786403
16,06107,"[ 0.01144233  0.0179954  -0.17223431 -0.44793419 -0.1449724  -0.02835207
 -0.01967263 -0.27146732 -0.16045132 -0.1487259  -0.13306096 -0.24702616
 -0.00521737 -0.13403151 -0.27595096 -0.22562966 -0.0107618  -0.39315424
 -0.09737183]",[-0.0111374],1.0782392580096785
16,06109,"[ 0.01144233  0.0179954  -0.17223431 -0.44793419 -0.1449724  -0.02835207
 -0.01967263 -0.27146732 -0.16045132 -0.1487259  -0.13306096 -0.24702616
 -0.00521737 -0.13403151 -0.27595096 -0.22562966 -0.0107618  -0.39315424
 -0.09737183]",[-0.11829254],0.25757897776877153
16,06111,"[ 0.01144233  0.0179954  -0.17223431 -0.44793419 -0.1449724  -0.02835207
 -0.01967263 -0.27146732 -0.16045132 -0.1487259  -0.13306096 -0.24702616
 -0.00521737 -0.13403151 -0.27595096 -0.22562966 -0.0107618  -0.39315424
 -0.09737183]",[-0.00191832],1.1488446656641613
16,06113,"[ 0.01144233  0.0179954  -0.17223431 -0.44793419 -0.1449724  -0.02835207
 -0.01967263 -0.27146732 -0.16045132 -0.1487259  -0.13306096 -0.24702616
 -0.00521737 -0.13403151 -0.27595096 -0.22562966 -0.0107618  -0.39315424
 -0.09737183]",[-0.029615],0.9367263673439341
16,06115,"[ 0.01144233  0.0179954  -0.17223431 -0.44793419 -0.1449724  -0.02835207
 -0.01967263 -0.27146732 -0.16045132 -0.1487259  -0.13306096 -0.24702616
 -0.00521737 -0.13403151 -0.27595096 -0.22562966 -0.0107618  -0.39315424
 -0.09737183]",[-0.13013741],0.16686361678789985
16,08001,"[ 0.01144233  0.0179954  -0.17223431 -0.44793419 -0.1449724  -0.02835207
 -0.01967263 -0.27146732 -0.16045132 -0.1487259  -0.13306096 -0.24702616
 -0.00521737 -0.13403151 -0.27595096 -0.22562966 -0.0107618  -0.39315424
 -0.09737183]",[0.00737325],1.2200052785566684
16,08003,"[ 0.01144233  0.0179954  -0.17223431 -0.44793419 -0.1449724  -0.02835207
 -0.01967263 -0.27146732 -0.16045132 -0.1487259  -0.13306096 -0.24702616
 -0.00521737 -0.13403151 -0.27595096 -0.22562966 -0.0107618  -0.39315424
 -0.09737183]",[-0.28409483],-1.012237534485187
16,08005,"[ 0.01144233  0.0179954  -0.17223431 -0.44793419 -0.1449724  -0.02835207
 -0.01967263 -0.27146732 -0.16045132 -0.1487259  -0.13306096 -0.24702616
 -0.00521737 -0.13403151 -0.27595096 -0.22562966 -0.0107618  -0.39315424
 -0.09737183]",[-0.01178712],1.0732632936545254
16,08007,"[ 0.01144233  0.0179954  -0.17223431 -0.44793419 -0.1449724  -0.02835207
 -0.01967263 -0.27146732 -0.16045132 -0.1487259  -0.13306096 -0.24702616
 -0.00521737 -0.13403151 -0.27595096 -0.22562966 -0.0107618  -0.39315424
 -0.09737183]",[-0.16202006],-0.07731347411138545
16,08013,"[ 0.01144233  0.0179954  -0.17223431 -0.44793419 -0.1449724  -0.02835207
 -0.01967263 -0.27146732 -0.16045132 -0.1487259  -0.13306096 -0.24702616
 -0.00521737 -0.13403151 -0.27595096 -0.22562966 -0.0107618  -0.39315424
 -0.09737183]",[-0.02153017],0.9986449989784787
16,08014,"[ 0.01144233  0.0179954  -0.17223431 -0.44793419 -0.1449724  -0.02835207
 -0.01967263 -0.27146732 -0.16045132 -0.1487259  -0.13306096 -0.24702616
 -0.00521737 -0.13403151 -0.27595096 -0.22562966 -0.0107618  -0.39315424
 -0.09737183]",[-0.01905287],1.0176177122522772
16,08015,"[ 0.01144233  0.0179954  -0.17223431 -0.44793419 -0.1449724  -0.02835207
 -0.01967263 -0.27146732 -0.16045132 -0.1487259  -0.13306096 -0.24702616
 -0.00521737 -0.13403151 -0.27595096 -0.22562966 -0.0107618  -0.39315424
 -0.09737183]",[-0.32526163],-1.3275182773447307
16,08029,"[ 0.01144233  0.0179954  -0.17223431 -0.44793419 -0.1449724  -0.02835207
 -0.01967263 -0.27146732 -0.16045132 -0.1487259  -0.13306096 -0.24702616
 -0.00521737 -0.13403151 -0.27595096 -0.22562966 -0.0107618  -0.39315424
 -0.09737183]",[-0.21796442],-0.5057699240021277
16,08031,"[ 0.01144233  0.0179954  -0.17223431 -0.44793419 -0.1449724  -0.02835207
 -0.01967263 -0.27146732 -0.16045132 -0.1487259  -0.13306096 -0.24702616
 -0.00521737 -0.13403151 -0.27595096 -0.22562966 -0.0107618  -0.39315424
 -0.09737183]",[0.01752478],1.2977519146662018
16,08035,"[ 0.01144233  0.0179954  -0.17223431 -0.44793419 -0.1449724  -0.02835207
 -0.01967263 -0.27146732 -0.16045132 -0.1487259  -0.13306096 -0.24702616
 -0.00521737 -0.13403151 -0.27595096 -0.22562966 -0.0107618  -0.39315424
 -0.09737183]",[-0.03111761],0.9252184476125681
16,08039,"[ 0.01144233  0.0179954  -0.17223431 -0.44793419 -0.1449724  -0.02835207
 -0.01967263 -0.27146732 -0.16045132 -0.1487259  -0.13306096 -0.24702616
 -0.00521737 -0.13403151 -0.27595096 -0.22562966 -0.0107618  -0.39315424
 -0.09737183]",[-0.15704263],-0.03919320035490162
16,08037,"[ 0.01144233  0.0179954  -0.17223431 -0.44793419 -0.1449724  -0.02835207
 -0.01967263 -0.27146732 -0.16045132 -0.1487259  -0.13306096 -0.24702616
 -0.00521737 -0.13403151 -0.27595096 -0.22562966 -0.0107618  -0.39315424
 -0.09737183]",[-0.07660784],0.5768261084747809
16,08041,"[ 0.01144233  0.0179954  -0.17223431 -0.44793419 -0.1449724  -0.02835207
 -0.01967263 -0.27146732 -0.16045132 -0.1487259  -0.13306096 -0.24702616
 -0.00521737 -0.13403151 -0.27595096 -0.22562966 -0.0107618  -0.39315424
 -0.09737183]",[0.01270881],1.26086824416796
16,08043,"[ 0.01144233  0.0179954  -0.17223431 -0.44793419 -0.1449724  -0.02835207
 -0.01967263 -0.27146732 -0.16045132 -0.1487259  -0.13306096 -0.24702616
 -0.00521737 -0.13403151 -0.27595096 -0.22562966 -0.0107618  -0.39315424
 -0.09737183]",[-0.06342374],0.677798149562715
16,08045,"[ 0.01144233  0.0179954  -0.17223431 -0.44793419 -0.1449724  -0.02835207
 -0.01967263 -0.27146732 -0.16045132 -0.1487259  -0.13306096 -0.24702616
 -0.00521737 -0.13403151 -0.27595096 -0.22562966 -0.0107618  -0.39315424
 -0.09737183]",[0.02608171],1.363286226313729
16,08051,"[ 0.01144233  0.0179954  -0.17223431 -0.44793419 -0.1449724  -0.02835207
 -0.01967263 -0.27146732 -0.16045132 -0.1487259  -0.13306096 -0.24702616
 -0.00521737 -0.13403151 -0.27595096 -0.22562966 -0.0107618  -0.39315424
 -0.09737183]",[-0.31700429],-1.2642785262589364
16,08059,"[ 0.01144233  0.0179954  -0.17223431 -0.44793419 -0.1449724  -0.02835207
 -0.01967263 -0.27146732 -0.16045132 -0.1487259  -0.13306096 -0.24702616
 -0.00521737 -0.13403151 -0.27595096 -0.22562966 -0.0107618  -0.39315424
 -0.09737183]",[0.00836386],1.2275919830699327
16,08067,"[ 0.01144233  0.0179954  -0.17223431 -0.44793419 -0.1449724  -0.02835207
 -0.01967263 -0.27146732 -0.16045132 -0.1487259  -0.13306096 -0.24702616
 -0.00521737 -0.13403151 -0.27595096 -0.22562966 -0.0107618  -0.39315424
 -0.09737183]",[-0.16360843],-0.08947818665336359
16,08069,"[ 0.01144233  0.0179954  -0.17223431 -0.44793419 -0.1449724  -0.02835207
 -0.01967263 -0.27146732 -0.16045132 -0.1487259  -0.13306096 -0.24702616
 -0.00521737 -0.13403151 -0.27595096 -0.22562966 -0.0107618  -0.39315424
 -0.09737183]",[-0.01799494],1.0257199300406274
16,08071,"[ 0.01144233  0.0179954  -0.17223431 -0.44793419 -0.1449724  -0.02835207
 -0.01967263 -0.27146732 -0.16045132 -0.1487259  -0.13306096 -0.24702616
 -0.00521737 -0.13403151 -0.27595096 -0.22562966 -0.0107618  -0.39315424
 -0.09737183]",[-0.2798728],-0.9799025699020287
16,08075,"[ 0.01144233  0.0179954  -0.17223431 -0.44793419 -0.1449724  -0.02835207
 -0.01967263 -0.27146732 -0.16045132 -0.1487259  -0.13306096 -0.24702616
 -0.00521737 -0.13403151 -0.27595096 -0.22562966 -0.0107618  -0.39315424
 -0.09737183]",[-0.17386872],-0.16805779634792406
16,08077,"[ 0.01144233  0.0179954  -0.17223431 -0.44793419 -0.1449724  -0.02835207
 -0.01967263 -0.27146732 -0.16045132 -0.1487259  -0.13306096 -0.24702616
 -0.00521737 -0.13403151 -0.27595096 -0.22562966 -0.0107618  -0.39315424
 -0.09737183]",[-0.03171787],0.9206212894828929
16,08081,"[ 0.01144233  0.0179954  -0.17223431 -0.44793419 -0.1449724  -0.02835207
 -0.01967263 -0.27146732 -0.16045132 -0.1487259  -0.13306096 -0.24702616
 -0.00521737 -0.13403151 -0.27595096 -0.22562966 -0.0107618  -0.39315424
 -0.09737183]",[-0.57563692],-3.245047065363927
16,08083,"[ 0.01144233  0.0179954  -0.17223431 -0.44793419 -0.1449724  -0.02835207
 -0.01967263 -0.27146732 -0.16045132 -0.1487259  -0.13306096 -0.24702616
 -0.00521737 -0.13403151 -0.27595096 -0.22562966 -0.0107618  -0.39315424
 -0.09737183]",[-0.17218522],-0.1551645578987364
16,08085,"[ 0.01144233  0.0179954  -0.17223431 -0.44793419 -0.1449724  -0.02835207
 -0.01967263 -0.27146732 -0.16045132 -0.1487259  -0.13306096 -0.24702616
 -0.00521737 -0.13403151 -0.27595096 -0.22562966 -0.0107618  -0.39315424
 -0.09737183]",[-0.09335741],0.4485475466901132
16,08087,"[ 0.01144233  0.0179954  -0.17223431 -0.44793419 -0.1449724  -0.02835207
 -0.01967263 -0.27146732 -0.16045132 -0.1487259  -0.13306096 -0.24702616
 -0.00521737 -0.13403151 -0.27595096 -0.22562966 -0.0107618  -0.39315424
 -0.09737183]",[-0.14286028],0.069424027121358
16,08089,"[ 0.01144233  0.0179954  -0.17223431 -0.44793419 -0.1449724  -0.02835207
 -0.01967263 -0.27146732 -0.16045132 -0.1487259  -0.13306096 -0.24702616
 -0.00521737 -0.13403151 -0.27595096 -0.22562966 -0.0107618  -0.39315424
 -0.09737183]",[-0.20077563],-0.37412754232588896
16,08093,"[ 0.01144233  0.0179954  -0.17223431 -0.44793419 -0.1449724  -0.02835207
 -0.01967263 -0.27146732 -0.16045132 -0.1487259  -0.13306096 -0.24702616
 -0.00521737 -0.13403151 -0.27595096 -0.22562966 -0.0107618  -0.39315424
 -0.09737183]",[-0.15297964],-0.00807631046063193
16,08097,"[ 0.01144233  0.0179954  -0.17223431 -0.44793419 -0.1449724  -0.02835207
 -0.01967263 -0.27146732 -0.16045132 -0.1487259  -0.13306096 -0.24702616
 -0.00521737 -0.13403151 -0.27595096 -0.22562966 -0.0107618  -0.39315424
 -0.09737183]",[-0.18444461],-0.24905453092156443
16,08099,"[ 0.01144233  0.0179954  -0.17223431 -0.44793419 -0.1449724  -0.02835207
 -0.01967263 -0.27146732 -0.16045132 -0.1487259  -0.13306096 -0.24702616
 -0.00521737 -0.13403151 -0.27595096 -0.22562966 -0.0107618  -0.39315424
 -0.09737183]",[-0.26653485],-0.8777522973229833
16,08101,"[ 0.01144233  0.0179954  -0.17223431 -0.44793419 -0.1449724  -0.02835207
 -0.01967263 -0.27146732 -0.16045132 -0.1487259  -0.13306096 -0.24702616
 -0.00521737 -0.13403151 -0.27595096 -0.22562966 -0.0107618  -0.39315424
 -0.09737183]",[-0.01587288],1.0419720293357164
16,08107,"[ 0.01144233  0.0179954  -0.17223431 -0.44793419 -0.1449724  -0.02835207
 -0.01967263 -0.27146732 -0.16045132 -0.1487259  -0.13306096 -0.24702616
 -0.00521737 -0.13403151 -0.27595096 -0.22562966 -0.0107618  -0.39315424
 -0.09737183]",[-0.00636888],1.1147594963802183
16,08113,"[ 0.01144233  0.0179954  -0.17223431 -0.44793419 -0.1449724  -0.02835207
 -0.01967263 -0.27146732 -0.16045132 -0.1487259  -0.13306096 -0.24702616
 -0.00521737 -0.13403151 -0.27595096 -0.22562966 -0.0107618  -0.39315424
 -0.09737183]",[-0.14553276],0.04895648422512339
16,08119,"[ 0.01144233  0.0179954  -0.17223431 -0.44793419 -0.1449724  -0.02835207
 -0.01967263 -0.27146732 -0.16045132 -0.1487259  -0.13306096 -0.24702616
 -0.00521737 -0.13403151 -0.27595096 -0.22562966 -0.0107618  -0.39315424
 -0.09737183]",[-0.0540096],0.7498974676055539
16,08117,"[ 0.01144233  0.0179954  -0.17223431 -0.44793419 -0.1449724  -0.02835207
 -0.01967263 -0.27146732 -0.16045132 -0.1487259  -0.13306096 -0.24702616
 -0.00521737 -0.13403151 -0.27595096 -0.22562966 -0.0107618  -0.39315424
 -0.09737183]",[-0.30683133],-1.1863676959654637
16,08123,"[ 0.01144233  0.0179954  -0.17223431 -0.44793419 -0.1449724  -0.02835207
 -0.01967263 -0.27146732 -0.16045132 -0.1487259  -0.13306096 -0.24702616
 -0.00521737 -0.13403151 -0.27595096 -0.22562966 -0.0107618  -0.39315424
 -0.09737183]",[0.00299528],1.1864760178638534
16,09001,"[ 0.01144233  0.0179954  -0.17223431 -0.44793419 -0.1449724  -0.02835207
 -0.01967263 -0.27146732 -0.16045132 -0.1487259  -0.13306096 -0.24702616
 -0.00521737 -0.13403151 -0.27595096 -0.22562966 -0.0107618  -0.39315424
 -0.09737183]",[-0.00269907],1.14286521949057
16,09003,"[ 0.01144233  0.0179954  -0.17223431 -0.44793419 -0.1449724  -0.02835207
 -0.01967263 -0.27146732 -0.16045132 -0.1487259  -0.13306096 -0.24702616
 -0.00521737 -0.13403151 -0.27595096 -0.22562966 -0.0107618  -0.39315424
 -0.09737183]",[0.00891037],1.2317774386155953
16,09005,"[ 0.01144233  0.0179954  -0.17223431 -0.44793419 -0.1449724  -0.02835207
 -0.01967263 -0.27146732 -0.16045132 -0.1487259  -0.13306096 -0.24702616
 -0.00521737 -0.13403151 -0.27595096 -0.22562966 -0.0107618  -0.39315424
 -0.09737183]",[-0.0274436],0.9533563252937637
16,09007,"[ 0.01144233  0.0179954  -0.17223431 -0.44793419 -0.1449724  -0.02835207
 -0.01967263 -0.27146732 -0.16045132 -0.1487259  -0.13306096 -0.24702616
 -0.00521737 -0.13403151 -0.27595096 -0.22562966 -0.0107618  -0.39315424
 -0.09737183]",[0.09837531],1.9169553241392914
16,09009,"[ 0.01144233  0.0179954  -0.17223431 -0.44793419 -0.1449724  -0.02835207
 -0.01967263 -0.27146732 -0.16045132 -0.1487259  -0.13306096 -0.24702616
 -0.00521737 -0.13403151 -0.27595096 -0.22562966 -0.0107618  -0.39315424
 -0.09737183]",[-0.00507377],1.124678258595165
16,09011,"[ 0.01144233  0.0179954  -0.17223431 -0.44793419 -0.1449724  -0.02835207
 -0.01967263 -0.27146732 -0.16045132 -0.1487259  -0.13306096 -0.24702616
 -0.00521737 -0.13403151 -0.27595096 -0.22562966 -0.0107618  -0.39315424
 -0.09737183]",[0.01740081],1.2968024697325833
16,09015,"[ 0.01144233  0.0179954  -0.17223431 -0.44793419 -0.1449724  -0.02835207
 -0.01967263 -0.27146732 -0.16045132 -0.1487259  -0.13306096 -0.24702616
 -0.00521737 -0.13403151 -0.27595096 -0.22562966 -0.0107618  -0.39315424
 -0.09737183]",[0.03475478],1.4297099707339618
16,09013,"[ 0.01144233  0.0179954  -0.17223431 -0.44793419 -0.1449724  -0.02835207
 -0.01967263 -0.27146732 -0.16045132 -0.1487259  -0.13306096 -0.24702616
 -0.00521737 -0.13403151 -0.27595096 -0.22562966 -0.0107618  -0.39315424
 -0.09737183]",[-0.05612871],0.733667984995624
16,10001,"[ 0.01144233  0.0179954  -0.17223431 -0.44793419 -0.1449724  -0.02835207
 -0.01967263 -0.27146732 -0.16045132 -0.1487259  -0.13306096 -0.24702616
 -0.00521737 -0.13403151 -0.27595096 -0.22562966 -0.0107618  -0.39315424
 -0.09737183]",[-0.02692733],0.9573102408462136
16,10003,"[ 0.01144233  0.0179954  -0.17223431 -0.44793419 -0.1449724  -0.02835207
 -0.01967263 -0.27146732 -0.16045132 -0.1487259  -0.13306096 -0.24702616
 -0.00521737 -0.13403151 -0.27595096 -0.22562966 -0.0107618  -0.39315424
 -0.09737183]",[0.02430488],1.3496781505415332
16,10005,"[ 0.01144233  0.0179954  -0.17223431 -0.44793419 -0.1449724  -0.02835207
 -0.01967263 -0.27146732 -0.16045132 -0.1487259  -0.13306096 -0.24702616
 -0.00521737 -0.13403151 -0.27595096 -0.22562966 -0.0107618  -0.39315424
 -0.09737183]",[-0.01226792],1.0695810560349215
16,11001,"[ 0.01144233  0.0179954  -0.17223431 -0.44793419 -0.1449724  -0.02835207
 -0.01967263 -0.27146732 -0.16045132 -0.1487259  -0.13306096 -0.24702616
 -0.00521737 -0.13403151 -0.27595096 -0.22562966 -0.0107618  -0.39315424
 -0.09737183]",[0.0132667],1.2651409097721897
16,12001,"[ 0.01144233  0.0179954  -0.17223431 -0.44793419 -0.1449724  -0.02835207
 -0.01967263 -0.27146732 -0.16045132 -0.1487259  -0.13306096 -0.24702616
 -0.00521737 -0.13403151 -0.27595096 -0.22562966 -0.0107618  -0.39315424
 -0.09737183]",[0.02744727],1.3737444754417725
16,12003,"[ 0.01144233  0.0179954  -0.17223431 -0.44793419 -0.1449724  -0.02835207
 -0.01967263 -0.27146732 -0.16045132 -0.1487259  -0.13306096 -0.24702616
 -0.00521737 -0.13403151 -0.27595096 -0.22562966 -0.0107618  -0.39315424
 -0.09737183]",[-0.31727925],-1.2663843335501546
16,12005,"[ 0.01144233  0.0179954  -0.17223431 -0.44793419 -0.1449724  -0.02835207
 -0.01967263 -0.27146732 -0.16045132 -0.1487259  -0.13306096 -0.24702616
 -0.00521737 -0.13403151 -0.27595096 -0.22562966 -0.0107618  -0.39315424
 -0.09737183]",[-0.0131045],1.0631739574288066
16,12007,"[ 0.01144233  0.0179954  -0.17223431 -0.44793419 -0.1449724  -0.02835207
 -0.01967263 -0.27146732 -0.16045132 -0.1487259  -0.13306096 -0.24702616
 -0.00521737 -0.13403151 -0.27595096 -0.22562966 -0.0107618  -0.39315424
 -0.09737183]",[-0.35700733],-1.5706465393186577
16,12009,"[ 0.01144233  0.0179954  -0.17223431 -0.44793419 -0.1449724  -0.02835207
 -0.01967263 -0.27146732 -0.16045132 -0.1487259  -0.13306096 -0.24702616
 -0.00521737 -0.13403151 -0.27595096 -0.22562966 -0.0107618  -0.39315424
 -0.09737183]",[0.02334014],1.342289583398213
16,12011,"[ 0.01144233  0.0179954  -0.17223431 -0.44793419 -0.1449724  -0.02835207
 -0.01967263 -0.27146732 -0.16045132 -0.1487259  -0.13306096 -0.24702616
 -0.00521737 -0.13403151 -0.27595096 -0.22562966 -0.0107618  -0.39315424
 -0.09737183]",[-0.00169824],1.1505301933315775
16,12015,"[ 0.01144233  0.0179954  -0.17223431 -0.44793419 -0.1449724  -0.02835207
 -0.01967263 -0.27146732 -0.16045132 -0.1487259  -0.13306096 -0.24702616
 -0.00521737 -0.13403151 -0.27595096 -0.22562966 -0.0107618  -0.39315424
 -0.09737183]",[-0.06187799],0.6896364431095491
16,12017,"[ 0.01144233  0.0179954  -0.17223431 -0.44793419 -0.1449724  -0.02835207
 -0.01967263 -0.27146732 -0.16045132 -0.1487259  -0.13306096 -0.24702616
 -0.00521737 -0.13403151 -0.27595096 -0.22562966 -0.0107618  -0.39315424
 -0.09737183]",[-0.06717986],0.649031429263388
16,12019,"[ 0.01144233  0.0179954  -0.17223431 -0.44793419 -0.1449724  -0.02835207
 -0.01967263 -0.27146732 -0.16045132 -0.1487259  -0.13306096 -0.24702616
 -0.00521737 -0.13403151 -0.27595096 -0.22562966 -0.0107618  -0.39315424
 -0.09737183]",[0.02604913],1.3630367051985284
16,12021,"[ 0.01144233  0.0179954  -0.17223431 -0.44793419 -0.1449724  -0.02835207
 -0.01967263 -0.27146732 -0.16045132 -0.1487259  -0.13306096 -0.24702616
 -0.00521737 -0.13403151 -0.27595096 -0.22562966 -0.0107618  -0.39315424
 -0.09737183]",[-0.00425768],1.1309284302806273
16,12023,"[ 0.01144233  0.0179954  -0.17223431 -0.44793419 -0.1449724  -0.02835207
 -0.01967263 -0.27146732 -0.16045132 -0.1487259  -0.13306096 -0.24702616
 -0.00521737 -0.13403151 -0.27595096 -0.22562966 -0.0107618  -0.39315424
 -0.09737183]",[-0.15544466],-0.02695492662627087
16,12027,"[ 0.01144233  0.0179954  -0.17223431 -0.44793419 -0.1449724  -0.02835207
 -0.01967263 -0.27146732 -0.16045132 -0.1487259  -0.13306096 -0.24702616
 -0.00521737 -0.13403151 -0.27595096 -0.22562966 -0.0107618  -0.39315424
 -0.09737183]",[-0.05763751],0.7221126634093666
16,12031,"[ 0.01144233  0.0179954  -0.17223431 -0.44793419 -0.1449724  -0.02835207
 -0.01967263 -0.27146732 -0.16045132 -0.1487259  -0.13306096 -0.24702616
 -0.00521737 -0.13403151 -0.27595096 -0.22562966 -0.0107618  -0.39315424
 -0.09737183]",[0.01236235],1.2582148998410998
16,12033,"[ 0.01144233  0.0179954  -0.17223431 -0.44793419 -0.1449724  -0.02835207
 -0.01967263 -0.27146732 -0.16045132 -0.1487259  -0.13306096 -0.24702616
 -0.00521737 -0.13403151 -0.27595096 -0.22562966 -0.0107618  -0.39315424
 -0.09737183]",[0.01291106],1.2624172491172698
16,12035,"[ 0.01144233  0.0179954  -0.17223431 -0.44793419 -0.1449724  -0.02835207
 -0.01967263 -0.27146732 -0.16045132 -0.1487259  -0.13306096 -0.24702616
 -0.00521737 -0.13403151 -0.27595096 -0.22562966 -0.0107618  -0.39315424
 -0.09737183]",[-0.06748974],0.6466581834730637
16,12037,"[ 0.01144233  0.0179954  -0.17223431 -0.44793419 -0.1449724  -0.02835207
 -0.01967263 -0.27146732 -0.16045132 -0.1487259  -0.13306096 -0.24702616
 -0.00521737 -0.13403151 -0.27595096 -0.22562966 -0.0107618  -0.39315424
 -0.09737183]",[-0.09968392],0.4000952496307205
16,12041,"[ 0.01144233  0.0179954  -0.17223431 -0.44793419 -0.1449724  -0.02835207
 -0.01967263 -0.27146732 -0.16045132 -0.1487259  -0.13306096 -0.24702616
 -0.00521737 -0.13403151 -0.27595096 -0.22562966 -0.0107618  -0.39315424
 -0.09737183]",[-0.29398724],-1.0879996598604273
16,12039,"[ 0.01144233  0.0179954  -0.17223431 -0.44793419 -0.1449724  -0.02835207
 -0.01967263 -0.27146732 -0.16045132 -0.1487259  -0.13306096 -0.24702616
 -0.00521737 -0.13403151 -0.27595096 -0.22562966 -0.0107618  -0.39315424
 -0.09737183]",[-0.18616529],-0.2622325470777274
16,12049,"[ 0.01144233  0.0179954  -0.17223431 -0.44793419 -0.1449724  -0.02835207
 -0.01967263 -0.27146732 -0.16045132 -0.1487259  -0.13306096 -0.24702616
 -0.00521737 -0.13403151 -0.27595096 -0.22562966 -0.0107618  -0.39315424
 -0.09737183]",[-0.17867219],-0.2048457430226351
16,12051,"[ 0.01144233  0.0179954  -0.17223431 -0.44793419 -0.1449724  -0.02835207
 -0.01967263 -0.27146732 -0.16045132 -0.1487259  -0.13306096 -0.24702616
 -0.00521737 -0.13403151 -0.27595096 -0.22562966 -0.0107618  -0.39315424
 -0.09737183]",[-0.13904593],0.0986366384770897
16,12053,"[ 0.01144233  0.0179954  -0.17223431 -0.44793419 -0.1449724  -0.02835207
 -0.01967263 -0.27146732 -0.16045132 -0.1487259  -0.13306096 -0.24702616
 -0.00521737 -0.13403151 -0.27595096 -0.22562966 -0.0107618  -0.39315424
 -0.09737183]",[-0.02166865],0.9975844558059564
16,12055,"[ 0.01144233  0.0179954  -0.17223431 -0.44793419 -0.1449724  -0.02835207
 -0.01967263 -0.27146732 -0.16045132 -0.1487259  -0.13306096 -0.24702616
 -0.00521737 -0.13403151 -0.27595096 -0.22562966 -0.0107618  -0.39315424
 -0.09737183]",[-0.02717281],0.9554301784114186
