src_state,tar_geoid,src_moran,tar_moran,moran_shift
25,34019,"[-0.015862   -0.04785093  0.00951109 -0.46733621  0.00781076  0.00550585
 -0.01354062  0.01301882  0.02002935 -0.31898066 -0.02411889  0.01435324
 -0.00512377 -0.0093255 ]",[-0.04899203],0.07440620540711253
25,34021,"[-0.015862   -0.04785093  0.00951109 -0.46733621  0.00781076  0.00550585
 -0.01354062  0.01301882  0.02002935 -0.31898066 -0.02411889  0.01435324
 -0.00512377 -0.0093255 ]",[-0.02020148],0.2797927088659702
25,34023,"[-0.015862   -0.04785093  0.00951109 -0.46733621  0.00781076  0.00550585
 -0.01354062  0.01301882  0.02002935 -0.31898066 -0.02411889  0.01435324
 -0.00512377 -0.0093255 ]",[0.00018554],0.42522993941670734
25,34025,"[-0.015862   -0.04785093  0.00951109 -0.46733621  0.00781076  0.00550585
 -0.01354062  0.01301882  0.02002935 -0.31898066 -0.02411889  0.01435324
 -0.00512377 -0.0093255 ]",[0.0013935],0.4338472865914461
25,34027,"[-0.015862   -0.04785093  0.00951109 -0.46733621  0.00781076  0.00550585
 -0.01354062  0.01301882  0.02002935 -0.31898066 -0.02411889  0.01435324
 -0.00512377 -0.0093255 ]",[0.00704834],0.4741878268929373
25,34029,"[-0.015862   -0.04785093  0.00951109 -0.46733621  0.00781076  0.00550585
 -0.01354062  0.01301882  0.02002935 -0.31898066 -0.02411889  0.01435324
 -0.00512377 -0.0093255 ]",[-0.00441663],0.39239885479112796
25,34031,"[-0.015862   -0.04785093  0.00951109 -0.46733621  0.00781076  0.00550585
 -0.01354062  0.01301882  0.02002935 -0.31898066 -0.02411889  0.01435324
 -0.00512377 -0.0093255 ]",[-0.01818112],0.2942055592814348
25,34033,"[-0.015862   -0.04785093  0.00951109 -0.46733621  0.00781076  0.00550585
 -0.01354062  0.01301882  0.02002935 -0.31898066 -0.02411889  0.01435324
 -0.00512377 -0.0093255 ]",[0.06710218],0.9026008694591289
25,34035,"[-0.015862   -0.04785093  0.00951109 -0.46733621  0.00781076  0.00550585
 -0.01354062  0.01301882  0.02002935 -0.31898066 -0.02411889  0.01435324
 -0.00512377 -0.0093255 ]",[-0.00585429],0.3821428753115825
25,34037,"[-0.015862   -0.04785093  0.00951109 -0.46733621  0.00781076  0.00550585
 -0.01354062  0.01301882  0.02002935 -0.31898066 -0.02411889  0.01435324
 -0.00512377 -0.0093255 ]",[0.00019775],0.4253170413413765
25,34039,"[-0.015862   -0.04785093  0.00951109 -0.46733621  0.00781076  0.00550585
 -0.01354062  0.01301882  0.02002935 -0.31898066 -0.02411889  0.01435324
 -0.00512377 -0.0093255 ]",[-0.02090516],0.27477277018317775
25,34041,"[-0.015862   -0.04785093  0.00951109 -0.46733621  0.00781076  0.00550585
 -0.01354062  0.01301882  0.02002935 -0.31898066 -0.02411889  0.01435324
 -0.00512377 -0.0093255 ]",[-0.01082977],0.3466487286399542
25,35001,"[-0.015862   -0.04785093  0.00951109 -0.46733621  0.00781076  0.00550585
 -0.01354062  0.01301882  0.02002935 -0.31898066 -0.02411889  0.01435324
 -0.00512377 -0.0093255 ]",[0.02046888],0.5699275266027148
25,35005,"[-0.015862   -0.04785093  0.00951109 -0.46733621  0.00781076  0.00550585
 -0.01354062  0.01301882  0.02002935 -0.31898066 -0.02411889  0.01435324
 -0.00512377 -0.0093255 ]",[-0.03137917],0.20005312405738318
25,35006,"[-0.015862   -0.04785093  0.00951109 -0.46733621  0.00781076  0.00550585
 -0.01354062  0.01301882  0.02002935 -0.31898066 -0.02411889  0.01435324
 -0.00512377 -0.0093255 ]",[0.15292752],1.514862960440114
25,35009,"[-0.015862   -0.04785093  0.00951109 -0.46733621  0.00781076  0.00550585
 -0.01354062  0.01301882  0.02002935 -0.31898066 -0.02411889  0.01435324
 -0.00512377 -0.0093255 ]",[-0.14750632],-0.6283764734556812
25,35013,"[-0.015862   -0.04785093  0.00951109 -0.46733621  0.00781076  0.00550585
 -0.01354062  0.01301882  0.02002935 -0.31898066 -0.02411889  0.01435324
 -0.00512377 -0.0093255 ]",[-0.02540759],0.24265325265336848
25,35015,"[-0.015862   -0.04785093  0.00951109 -0.46733621  0.00781076  0.00550585
 -0.01354062  0.01301882  0.02002935 -0.31898066 -0.02411889  0.01435324
 -0.00512377 -0.0093255 ]",[-0.20082789],-1.0087627184263939
25,35017,"[-0.015862   -0.04785093  0.00951109 -0.46733621  0.00781076  0.00550585
 -0.01354062  0.01301882  0.02002935 -0.31898066 -0.02411889  0.01435324
 -0.00512377 -0.0093255 ]",[-0.06591256],-0.046301732367842637
25,35025,"[-0.015862   -0.04785093  0.00951109 -0.46733621  0.00781076  0.00550585
 -0.01354062  0.01301882  0.02002935 -0.31898066 -0.02411889  0.01435324
 -0.00512377 -0.0093255 ]",[0.0855762],1.0343910430717118
25,35027,"[-0.015862   -0.04785093  0.00951109 -0.46733621  0.00781076  0.00550585
 -0.01354062  0.01301882  0.02002935 -0.31898066 -0.02411889  0.01435324
 -0.00512377 -0.0093255 ]",[-0.51884455],-3.2774346957363893
25,35029,"[-0.015862   -0.04785093  0.00951109 -0.46733621  0.00781076  0.00550585
 -0.01354062  0.01301882  0.02002935 -0.31898066 -0.02411889  0.01435324
 -0.00512377 -0.0093255 ]",[-0.24148163],-1.2987789551171842
25,35028,"[-0.015862   -0.04785093  0.00951109 -0.46733621  0.00781076  0.00550585
 -0.01354062  0.01301882  0.02002935 -0.31898066 -0.02411889  0.01435324
 -0.00512377 -0.0093255 ]",[-0.44895581],-2.7788613546419763
25,35031,"[-0.015862   -0.04785093  0.00951109 -0.46733621  0.00781076  0.00550585
 -0.01354062  0.01301882  0.02002935 -0.31898066 -0.02411889  0.01435324
 -0.00512377 -0.0093255 ]",[0.00816934],0.4821848602348382
25,35035,"[-0.015862   -0.04785093  0.00951109 -0.46733621  0.00781076  0.00550585
 -0.01354062  0.01301882  0.02002935 -0.31898066 -0.02411889  0.01435324
 -0.00512377 -0.0093255 ]",[-0.04690832],0.08927106007587411
25,35039,"[-0.015862   -0.04785093  0.00951109 -0.46733621  0.00781076  0.00550585
 -0.01354062  0.01301882  0.02002935 -0.31898066 -0.02411889  0.01435324
 -0.00512377 -0.0093255 ]",[-0.11627832],-0.40560172771854414
25,35041,"[-0.015862   -0.04785093  0.00951109 -0.46733621  0.00781076  0.00550585
 -0.01354062  0.01301882  0.02002935 -0.31898066 -0.02411889  0.01435324
 -0.00512377 -0.0093255 ]",[-0.32508994],-1.8952251722889395
25,35043,"[-0.015862   -0.04785093  0.00951109 -0.46733621  0.00781076  0.00550585
 -0.01354062  0.01301882  0.02002935 -0.31898066 -0.02411889  0.01435324
 -0.00512377 -0.0093255 ]",[-0.09265363],-0.2370675733753901
25,35047,"[-0.015862   -0.04785093  0.00951109 -0.46733621  0.00781076  0.00550585
 -0.01354062  0.01301882  0.02002935 -0.31898066 -0.02411889  0.01435324
 -0.00512377 -0.0093255 ]",[-0.25684164],-1.4083544223340767
25,35045,"[-0.015862   -0.04785093  0.00951109 -0.46733621  0.00781076  0.00550585
 -0.01354062  0.01301882  0.02002935 -0.31898066 -0.02411889  0.01435324
 -0.00512377 -0.0093255 ]",[-0.05521813],0.02999040844951341
25,35049,"[-0.015862   -0.04785093  0.00951109 -0.46733621  0.00781076  0.00550585
 -0.01354062  0.01301882  0.02002935 -0.31898066 -0.02411889  0.01435324
 -0.00512377 -0.0093255 ]",[0.01729221],0.5472657124280124
25,35051,"[-0.015862   -0.04785093  0.00951109 -0.46733621  0.00781076  0.00550585
 -0.01354062  0.01301882  0.02002935 -0.31898066 -0.02411889  0.01435324
 -0.00512377 -0.0093255 ]",[-0.07554719],-0.11503336387912068
25,35053,"[-0.015862   -0.04785093  0.00951109 -0.46733621  0.00781076  0.00550585
 -0.01354062  0.01301882  0.02002935 -0.31898066 -0.02411889  0.01435324
 -0.00512377 -0.0093255 ]",[-0.07309537],-0.09754254639420172
25,35057,"[-0.015862   -0.04785093  0.00951109 -0.46733621  0.00781076  0.00550585
 -0.01354062  0.01301882  0.02002935 -0.31898066 -0.02411889  0.01435324
 -0.00512377 -0.0093255 ]",[-0.40421718],-2.4597042577563593
25,35055,"[-0.015862   -0.04785093  0.00951109 -0.46733621  0.00781076  0.00550585
 -0.01354062  0.01301882  0.02002935 -0.31898066 -0.02411889  0.01435324
 -0.00512377 -0.0093255 ]",[-0.15186857],-0.6594959465971173
25,35061,"[-0.015862   -0.04785093  0.00951109 -0.46733621  0.00781076  0.00550585
 -0.01354062  0.01301882  0.02002935 -0.31898066 -0.02411889  0.01435324
 -0.00512377 -0.0093255 ]",[-0.12145996],-0.44256656428075775
25,36001,"[-0.015862   -0.04785093  0.00951109 -0.46733621  0.00781076  0.00550585
 -0.01354062  0.01301882  0.02002935 -0.31898066 -0.02411889  0.01435324
 -0.00512377 -0.0093255 ]",[-0.02666149],0.23370814924517835
25,36003,"[-0.015862   -0.04785093  0.00951109 -0.46733621  0.00781076  0.00550585
 -0.01354062  0.01301882  0.02002935 -0.31898066 -0.02411889  0.01435324
 -0.00512377 -0.0093255 ]",[-0.16494376],-0.7527719511545282
25,36005,"[-0.015862   -0.04785093  0.00951109 -0.46733621  0.00781076  0.00550585
 -0.01354062  0.01301882  0.02002935 -0.31898066 -0.02411889  0.01435324
 -0.00512377 -0.0093255 ]",[-0.0046375],0.3908232092456136
25,36007,"[-0.015862   -0.04785093  0.00951109 -0.46733621  0.00781076  0.00550585
 -0.01354062  0.01301882  0.02002935 -0.31898066 -0.02411889  0.01435324
 -0.00512377 -0.0093255 ]",[-0.01319803],0.32975399190014537
25,36009,"[-0.015862   -0.04785093  0.00951109 -0.46733621  0.00781076  0.00550585
 -0.01354062  0.01301882  0.02002935 -0.31898066 -0.02411889  0.01435324
 -0.00512377 -0.0093255 ]",[-0.01873715],0.29023897504258045
25,36011,"[-0.015862   -0.04785093  0.00951109 -0.46733621  0.00781076  0.00550585
 -0.01354062  0.01301882  0.02002935 -0.31898066 -0.02411889  0.01435324
 -0.00512377 -0.0093255 ]",[-0.10379011],-0.31651310885669737
25,36015,"[-0.015862   -0.04785093  0.00951109 -0.46733621  0.00781076  0.00550585
 -0.01354062  0.01301882  0.02002935 -0.31898066 -0.02411889  0.01435324
 -0.00512377 -0.0093255 ]",[-0.03479666],0.1756733664058616
25,36013,"[-0.015862   -0.04785093  0.00951109 -0.46733621  0.00781076  0.00550585
 -0.01354062  0.01301882  0.02002935 -0.31898066 -0.02411889  0.01435324
 -0.00512377 -0.0093255 ]",[-0.06761235],-0.05842767326868259
25,36017,"[-0.015862   -0.04785093  0.00951109 -0.46733621  0.00781076  0.00550585
 -0.01354062  0.01301882  0.02002935 -0.31898066 -0.02411889  0.01435324
 -0.00512377 -0.0093255 ]",[-0.04774504],0.08330202227100342
25,36019,"[-0.015862   -0.04785093  0.00951109 -0.46733621  0.00781076  0.00550585
 -0.01354062  0.01301882  0.02002935 -0.31898066 -0.02411889  0.01435324
 -0.00512377 -0.0093255 ]",[-0.0705203],-0.07917244928036526
25,36021,"[-0.015862   -0.04785093  0.00951109 -0.46733621  0.00781076  0.00550585
 -0.01354062  0.01301882  0.02002935 -0.31898066 -0.02411889  0.01435324
 -0.00512377 -0.0093255 ]",[-0.06293538],-0.02506303670096179
25,36023,"[-0.015862   -0.04785093  0.00951109 -0.46733621  0.00781076  0.00550585
 -0.01354062  0.01301882  0.02002935 -0.31898066 -0.02411889  0.01435324
 -0.00512377 -0.0093255 ]",[-0.05523447],0.02987378584045122
25,36025,"[-0.015862   -0.04785093  0.00951109 -0.46733621  0.00781076  0.00550585
 -0.01354062  0.01301882  0.02002935 -0.31898066 -0.02411889  0.01435324
 -0.00512377 -0.0093255 ]",[-0.06890408],-0.0676426715182053
25,36027,"[-0.015862   -0.04785093  0.00951109 -0.46733621  0.00781076  0.00550585
 -0.01354062  0.01301882  0.02002935 -0.31898066 -0.02411889  0.01435324
 -0.00512377 -0.0093255 ]",[-0.0230643],0.2593698243559033
25,36029,"[-0.015862   -0.04785093  0.00951109 -0.46733621  0.00781076  0.00550585
 -0.01354062  0.01301882  0.02002935 -0.31898066 -0.02411889  0.01435324
 -0.00512377 -0.0093255 ]",[0.01094109],0.5019580202931421
25,36033,"[-0.015862   -0.04785093  0.00951109 -0.46733621  0.00781076  0.00550585
 -0.01354062  0.01301882  0.02002935 -0.31898066 -0.02411889  0.01435324
 -0.00512377 -0.0093255 ]",[-0.1006778],-0.29431046314150133
25,36031,"[-0.015862   -0.04785093  0.00951109 -0.46733621  0.00781076  0.00550585
 -0.01354062  0.01301882  0.02002935 -0.31898066 -0.02411889  0.01435324
 -0.00512377 -0.0093255 ]",[-0.05110787],0.05931219748610583
25,36035,"[-0.015862   -0.04785093  0.00951109 -0.46733621  0.00781076  0.00550585
 -0.01354062  0.01301882  0.02002935 -0.31898066 -0.02411889  0.01435324
 -0.00512377 -0.0093255 ]",[-0.08645956],-0.19288016805840788
25,36037,"[-0.015862   -0.04785093  0.00951109 -0.46733621  0.00781076  0.00550585
 -0.01354062  0.01301882  0.02002935 -0.31898066 -0.02411889  0.01435324
 -0.00512377 -0.0093255 ]",[-0.05941227],7.014398780603961e-05
25,36039,"[-0.015862   -0.04785093  0.00951109 -0.46733621  0.00781076  0.00550585
 -0.01354062  0.01301882  0.02002935 -0.31898066 -0.02411889  0.01435324
 -0.00512377 -0.0093255 ]",[-0.06063665],-0.008664327207805904
25,36041,"[-0.015862   -0.04785093  0.00951109 -0.46733621  0.00781076  0.00550585
 -0.01354062  0.01301882  0.02002935 -0.31898066 -0.02411889  0.01435324
 -0.00512377 -0.0093255 ]",[-0.37236004],-2.2324413273924035
25,36043,"[-0.015862   -0.04785093  0.00951109 -0.46733621  0.00781076  0.00550585
 -0.01354062  0.01301882  0.02002935 -0.31898066 -0.02411889  0.01435324
 -0.00512377 -0.0093255 ]",[-0.07679769],-0.1239541863303461
25,36045,"[-0.015862   -0.04785093  0.00951109 -0.46733621  0.00781076  0.00550585
 -0.01354062  0.01301882  0.02002935 -0.31898066 -0.02411889  0.01435324
 -0.00512377 -0.0093255 ]",[-0.00211864],0.4087922802701801
25,36047,"[-0.015862   -0.04785093  0.00951109 -0.46733621  0.00781076  0.00550585
 -0.01354062  0.01301882  0.02002935 -0.31898066 -0.02411889  0.01435324
 -0.00512377 -0.0093255 ]",[0.00894581],0.487724087386493
25,36049,"[-0.015862   -0.04785093  0.00951109 -0.46733621  0.00781076  0.00550585
 -0.01354062  0.01301882  0.02002935 -0.31898066 -0.02411889  0.01435324
 -0.00512377 -0.0093255 ]",[-0.19643788],-0.9774451597118154
25,36051,"[-0.015862   -0.04785093  0.00951109 -0.46733621  0.00781076  0.00550585
 -0.01354062  0.01301882  0.02002935 -0.31898066 -0.02411889  0.01435324
 -0.00512377 -0.0093255 ]",[-0.06205662],-0.0187941352165777
25,36055,"[-0.015862   -0.04785093  0.00951109 -0.46733621  0.00781076  0.00550585
 -0.01354062  0.01301882  0.02002935 -0.31898066 -0.02411889  0.01435324
 -0.00512377 -0.0093255 ]",[0.01081274],0.5010424194448436
25,36057,"[-0.015862   -0.04785093  0.00951109 -0.46733621  0.00781076  0.00550585
 -0.01354062  0.01301882  0.02002935 -0.31898066 -0.02411889  0.01435324
 -0.00512377 -0.0093255 ]",[-0.05574504],0.026231520339083984
25,36059,"[-0.015862   -0.04785093  0.00951109 -0.46733621  0.00781076  0.00550585
 -0.01354062  0.01301882  0.02002935 -0.31898066 -0.02411889  0.01435324
 -0.00512377 -0.0093255 ]",[0.00599637],0.46668327624004646
25,36061,"[-0.015862   -0.04785093  0.00951109 -0.46733621  0.00781076  0.00550585
 -0.01354062  0.01301882  0.02002935 -0.31898066 -0.02411889  0.01435324
 -0.00512377 -0.0093255 ]",[0.01487785],0.530042098246693
25,36063,"[-0.015862   -0.04785093  0.00951109 -0.46733621  0.00781076  0.00550585
 -0.01354062  0.01301882  0.02002935 -0.31898066 -0.02411889  0.01435324
 -0.00512377 -0.0093255 ]",[-0.03692832],0.16046647659261706
25,36067,"[-0.015862   -0.04785093  0.00951109 -0.46733621  0.00781076  0.00550585
 -0.01354062  0.01301882  0.02002935 -0.31898066 -0.02411889  0.01435324
 -0.00512377 -0.0093255 ]",[0.00864976],0.48561209010074485
25,36069,"[-0.015862   -0.04785093  0.00951109 -0.46733621  0.00781076  0.00550585
 -0.01354062  0.01301882  0.02002935 -0.31898066 -0.02411889  0.01435324
 -0.00512377 -0.0093255 ]",[-0.08952649],-0.21475914234220173
25,36071,"[-0.015862   -0.04785093  0.00951109 -0.46733621  0.00781076  0.00550585
 -0.01354062  0.01301882  0.02002935 -0.31898066 -0.02411889  0.01435324
 -0.00512377 -0.0093255 ]",[-0.01699582],0.3026612400739312
25,36073,"[-0.015862   -0.04785093  0.00951109 -0.46733621  0.00781076  0.00550585
 -0.01354062  0.01301882  0.02002935 -0.31898066 -0.02411889  0.01435324
 -0.00512377 -0.0093255 ]",[-0.16828543],-0.7766108019899135
25,36075,"[-0.015862   -0.04785093  0.00951109 -0.46733621  0.00781076  0.00550585
 -0.01354062  0.01301882  0.02002935 -0.31898066 -0.02411889  0.01435324
 -0.00512377 -0.0093255 ]",[-0.05308748],0.045190011113154474
25,36077,"[-0.015862   -0.04785093  0.00951109 -0.46733621  0.00781076  0.00550585
 -0.01354062  0.01301882  0.02002935 -0.31898066 -0.02411889  0.01435324
 -0.00512377 -0.0093255 ]",[0.05579189],0.8219153531280496
25,36079,"[-0.015862   -0.04785093  0.00951109 -0.46733621  0.00781076  0.00550585
 -0.01354062  0.01301882  0.02002935 -0.31898066 -0.02411889  0.01435324
 -0.00512377 -0.0093255 ]",[0.01542109],0.533917491109383
25,36081,"[-0.015862   -0.04785093  0.00951109 -0.46733621  0.00781076  0.00550585
 -0.01354062  0.01301882  0.02002935 -0.31898066 -0.02411889  0.01435324
 -0.00512377 -0.0093255 ]",[-0.00071091],0.418834771177972
25,36083,"[-0.015862   -0.04785093  0.00951109 -0.46733621  0.00781076  0.00550585
 -0.01354062  0.01301882  0.02002935 -0.31898066 -0.02411889  0.01435324
 -0.00512377 -0.0093255 ]",[0.00448442],0.4558972946043104
25,36085,"[-0.015862   -0.04785093  0.00951109 -0.46733621  0.00781076  0.00550585
 -0.01354062  0.01301882  0.02002935 -0.31898066 -0.02411889  0.01435324
 -0.00512377 -0.0093255 ]",[-0.01274503],0.33298558906936
25,36087,"[-0.015862   -0.04785093  0.00951109 -0.46733621  0.00781076  0.00550585
 -0.01354062  0.01301882  0.02002935 -0.31898066 -0.02411889  0.01435324
 -0.00512377 -0.0093255 ]",[0.02120967],0.5752121968334377
25,36089,"[-0.015862   -0.04785093  0.00951109 -0.46733621  0.00781076  0.00550585
 -0.01354062  0.01301882  0.02002935 -0.31898066 -0.02411889  0.01435324
 -0.00512377 -0.0093255 ]",[-0.0432701],0.11522539615830793
25,36091,"[-0.015862   -0.04785093  0.00951109 -0.46733621  0.00781076  0.00550585
 -0.01354062  0.01301882  0.02002935 -0.31898066 -0.02411889  0.01435324
 -0.00512377 -0.0093255 ]",[0.01239206],0.5123089572366425
25,36093,"[-0.015862   -0.04785093  0.00951109 -0.46733621  0.00781076  0.00550585
 -0.01354062  0.01301882  0.02002935 -0.31898066 -0.02411889  0.01435324
 -0.00512377 -0.0093255 ]",[0.01215869],0.5106441410860059
25,36095,"[-0.015862   -0.04785093  0.00951109 -0.46733621  0.00781076  0.00550585
 -0.01354062  0.01301882  0.02002935 -0.31898066 -0.02411889  0.01435324
 -0.00512377 -0.0093255 ]",[-0.14394695],-0.6029845778354909
25,36097,"[-0.015862   -0.04785093  0.00951109 -0.46733621  0.00781076  0.00550585
 -0.01354062  0.01301882  0.02002935 -0.31898066 -0.02411889  0.01435324
 -0.00512377 -0.0093255 ]",[-0.31047848],-1.7909896886930308
25,36099,"[-0.015862   -0.04785093  0.00951109 -0.46733621  0.00781076  0.00550585
 -0.01354062  0.01301882  0.02002935 -0.31898066 -0.02411889  0.01435324
 -0.00512377 -0.0093255 ]",[-0.16315396],-0.7400038543075781
25,36101,"[-0.015862   -0.04785093  0.00951109 -0.46733621  0.00781076  0.00550585
 -0.01354062  0.01301882  0.02002935 -0.31898066 -0.02411889  0.01435324
 -0.00512377 -0.0093255 ]",[-0.05888485],0.003832691041654642
25,36103,"[-0.015862   -0.04785093  0.00951109 -0.46733621  0.00781076  0.00550585
 -0.01354062  0.01301882  0.02002935 -0.31898066 -0.02411889  0.01435324
 -0.00512377 -0.0093255 ]",[0.01429867],0.5259103669010287
25,36105,"[-0.015862   -0.04785093  0.00951109 -0.46733621  0.00781076  0.00550585
 -0.01354062  0.01301882  0.02002935 -0.31898066 -0.02411889  0.01435324
 -0.00512377 -0.0093255 ]",[-0.05442393],0.035656032341414665
25,36107,"[-0.015862   -0.04785093  0.00951109 -0.46733621  0.00781076  0.00550585
 -0.01354062  0.01301882  0.02002935 -0.31898066 -0.02411889  0.01435324
 -0.00512377 -0.0093255 ]",[-0.04836432],0.07888421745904507
25,36109,"[-0.015862   -0.04785093  0.00951109 -0.46733621  0.00781076  0.00550585
 -0.01354062  0.01301882  0.02002935 -0.31898066 -0.02411889  0.01435324
 -0.00512377 -0.0093255 ]",[-0.04991596],0.06781505967117045
25,36111,"[-0.015862   -0.04785093  0.00951109 -0.46733621  0.00781076  0.00550585
 -0.01354062  0.01301882  0.02002935 -0.31898066 -0.02411889  0.01435324
 -0.00512377 -0.0093255 ]",[-0.00514307],0.38721656180931563
25,36113,"[-0.015862   -0.04785093  0.00951109 -0.46733621  0.00781076  0.00550585
 -0.01354062  0.01301882  0.02002935 -0.31898066 -0.02411889  0.01435324
 -0.00512377 -0.0093255 ]",[0.11427311],1.2391095365095575
25,36115,"[-0.015862   -0.04785093  0.00951109 -0.46733621  0.00781076  0.00550585
 -0.01354062  0.01301882  0.02002935 -0.31898066 -0.02411889  0.01435324
 -0.00512377 -0.0093255 ]",[-0.07438491],-0.1067418962606595
25,36117,"[-0.015862   -0.04785093  0.00951109 -0.46733621  0.00781076  0.00550585
 -0.01354062  0.01301882  0.02002935 -0.31898066 -0.02411889  0.01435324
 -0.00512377 -0.0093255 ]",[-0.01761556],0.2982401841322958
25,36119,"[-0.015862   -0.04785093  0.00951109 -0.46733621  0.00781076  0.00550585
 -0.01354062  0.01301882  0.02002935 -0.31898066 -0.02411889  0.01435324
 -0.00512377 -0.0093255 ]",[-0.00479155],0.38972426709709823
25,36121,"[-0.015862   -0.04785093  0.00951109 -0.46733621  0.00781076  0.00550585
 -0.01354062  0.01301882  0.02002935 -0.31898066 -0.02411889  0.01435324
 -0.00512377 -0.0093255 ]",[-0.04488699],0.10369080686834671
25,36123,"[-0.015862   -0.04785093  0.00951109 -0.46733621  0.00781076  0.00550585
 -0.01354062  0.01301882  0.02002935 -0.31898066 -0.02411889  0.01435324
 -0.00512377 -0.0093255 ]",[-0.30725541],-1.76799693044919
25,37001,"[-0.015862   -0.04785093  0.00951109 -0.46733621  0.00781076  0.00550585
 -0.01354062  0.01301882  0.02002935 -0.31898066 -0.02411889  0.01435324
 -0.00512377 -0.0093255 ]",[-0.04774845],0.08327770392660538
25,37003,"[-0.015862   -0.04785093  0.00951109 -0.46733621  0.00781076  0.00550585
 -0.01354062  0.01301882  0.02002935 -0.31898066 -0.02411889  0.01435324
 -0.00512377 -0.0093255 ]",[-0.12913278],-0.4973030609453052
25,37007,"[-0.015862   -0.04785093  0.00951109 -0.46733621  0.00781076  0.00550585
 -0.01354062  0.01301882  0.02002935 -0.31898066 -0.02411889  0.01435324
 -0.00512377 -0.0093255 ]",[-0.23534212],-1.254980846964291
25,37009,"[-0.015862   -0.04785093  0.00951109 -0.46733621  0.00781076  0.00550585
 -0.01354062  0.01301882  0.02002935 -0.31898066 -0.02411889  0.01435324
 -0.00512377 -0.0093255 ]",[-0.18240872],-0.8773637621748097
25,37011,"[-0.015862   -0.04785093  0.00951109 -0.46733621  0.00781076  0.00550585
 -0.01354062  0.01301882  0.02002935 -0.31898066 -0.02411889  0.01435324
 -0.00512377 -0.0093255 ]",[-0.29427368],-1.6753876474706375
25,37013,"[-0.015862   -0.04785093  0.00951109 -0.46733621  0.00781076  0.00550585
 -0.01354062  0.01301882  0.02002935 -0.31898066 -0.02411889  0.01435324
 -0.00512377 -0.0093255 ]",[-0.1638171],-0.7447345702430803
25,37015,"[-0.015862   -0.04785093  0.00951109 -0.46733621  0.00781076  0.00550585
 -0.01354062  0.01301882  0.02002935 -0.31898066 -0.02411889  0.01435324
 -0.00512377 -0.0093255 ]",[-0.15117336],-0.6545364963588989
25,37017,"[-0.015862   -0.04785093  0.00951109 -0.46733621  0.00781076  0.00550585
 -0.01354062  0.01301882  0.02002935 -0.31898066 -0.02411889  0.01435324
 -0.00512377 -0.0093255 ]",[-0.2052943],-1.0406252665743498
25,37019,"[-0.015862   -0.04785093  0.00951109 -0.46733621  0.00781076  0.00550585
 -0.01354062  0.01301882  0.02002935 -0.31898066 -0.02411889  0.01435324
 -0.00512377 -0.0093255 ]",[-0.05845668],0.00688714631240552
25,37021,"[-0.015862   -0.04785093  0.00951109 -0.46733621  0.00781076  0.00550585
 -0.01354062  0.01301882  0.02002935 -0.31898066 -0.02411889  0.01435324
 -0.00512377 -0.0093255 ]",[0.00387623],0.4515586188904385
25,37023,"[-0.015862   -0.04785093  0.00951109 -0.46733621  0.00781076  0.00550585
 -0.01354062  0.01301882  0.02002935 -0.31898066 -0.02411889  0.01435324
 -0.00512377 -0.0093255 ]",[-0.06909652],-0.06901549450153331
25,37025,"[-0.015862   -0.04785093  0.00951109 -0.46733621  0.00781076  0.00550585
 -0.01354062  0.01301882  0.02002935 -0.31898066 -0.02411889  0.01435324
 -0.00512377 -0.0093255 ]",[0.02756449],0.6205462800153057
25,37027,"[-0.015862   -0.04785093  0.00951109 -0.46733621  0.00781076  0.00550585
 -0.01354062  0.01301882  0.02002935 -0.31898066 -0.02411889  0.01435324
 -0.00512377 -0.0093255 ]",[-0.09464016],-0.25123906055828393
25,37031,"[-0.015862   -0.04785093  0.00951109 -0.46733621  0.00781076  0.00550585
 -0.01354062  0.01301882  0.02002935 -0.31898066 -0.02411889  0.01435324
 -0.00512377 -0.0093255 ]",[-0.02628418],0.236399803341555
25,37033,"[-0.015862   -0.04785093  0.00951109 -0.46733621  0.00781076  0.00550585
 -0.01354062  0.01301882  0.02002935 -0.31898066 -0.02411889  0.01435324
 -0.00512377 -0.0093255 ]",[-0.25960426],-1.4280624223823344
25,37035,"[-0.015862   -0.04785093  0.00951109 -0.46733621  0.00781076  0.00550585
 -0.01354062  0.01301882  0.02002935 -0.31898066 -0.02411889  0.01435324
 -0.00512377 -0.0093255 ]",[0.00636201],0.46929172674035124
25,37037,"[-0.015862   -0.04785093  0.00951109 -0.46733621  0.00781076  0.00550585
 -0.01354062  0.01301882  0.02002935 -0.31898066 -0.02411889  0.01435324
 -0.00512377 -0.0093255 ]",[-0.03411463],0.18053886712828718
25,37039,"[-0.015862   -0.04785093  0.00951109 -0.46733621  0.00781076  0.00550585
 -0.01354062  0.01301882  0.02002935 -0.31898066 -0.02411889  0.01435324
 -0.00512377 -0.0093255 ]",[-0.14043355],-0.5779206510854822
25,37047,"[-0.015862   -0.04785093  0.00951109 -0.46733621  0.00781076  0.00550585
 -0.01354062  0.01301882  0.02002935 -0.31898066 -0.02411889  0.01435324
 -0.00512377 -0.0093255 ]",[-0.12621571],-0.4764932323652383
25,37045,"[-0.015862   -0.04785093  0.00951109 -0.46733621  0.00781076  0.00550585
 -0.01354062  0.01301882  0.02002935 -0.31898066 -0.02411889  0.01435324
 -0.00512377 -0.0093255 ]",[0.04662044],0.7564879278363059
25,37049,"[-0.015862   -0.04785093  0.00951109 -0.46733621  0.00781076  0.00550585
 -0.01354062  0.01301882  0.02002935 -0.31898066 -0.02411889  0.01435324
 -0.00512377 -0.0093255 ]",[-0.09043212],-0.22121971424179673
25,37051,"[-0.015862   -0.04785093  0.00951109 -0.46733621  0.00781076  0.00550585
 -0.01354062  0.01301882  0.02002935 -0.31898066 -0.02411889  0.01435324
 -0.00512377 -0.0093255 ]",[0.03183924],0.6510415330954851
25,37053,"[-0.015862   -0.04785093  0.00951109 -0.46733621  0.00781076  0.00550585
 -0.01354062  0.01301882  0.02002935 -0.31898066 -0.02411889  0.01435324
 -0.00512377 -0.0093255 ]",[-0.19816371],-0.989756964617965
25,37055,"[-0.015862   -0.04785093  0.00951109 -0.46733621  0.00781076  0.00550585
 -0.01354062  0.01301882  0.02002935 -0.31898066 -0.02411889  0.01435324
 -0.00512377 -0.0093255 ]",[0.09185214],1.0791624800583322
25,37059,"[-0.015862   -0.04785093  0.00951109 -0.46733621  0.00781076  0.00550585
 -0.01354062  0.01301882  0.02002935 -0.31898066 -0.02411889  0.01435324
 -0.00512377 -0.0093255 ]",[-0.18885643],-0.9233605549692606
25,37057,"[-0.015862   -0.04785093  0.00951109 -0.46733621  0.00781076  0.00550585
 -0.01354062  0.01301882  0.02002935 -0.31898066 -0.02411889  0.01435324
 -0.00512377 -0.0093255 ]",[-0.00670562],0.3760696151521492
25,37061,"[-0.015862   -0.04785093  0.00951109 -0.46733621  0.00781076  0.00550585
 -0.01354062  0.01301882  0.02002935 -0.31898066 -0.02411889  0.01435324
 -0.00512377 -0.0093255 ]",[-0.01157914],0.34130288311044094
25,37063,"[-0.015862   -0.04785093  0.00951109 -0.46733621  0.00781076  0.00550585
 -0.01354062  0.01301882  0.02002935 -0.31898066 -0.02411889  0.01435324
 -0.00512377 -0.0093255 ]",[-0.01639375],0.30695634824186796
25,37065,"[-0.015862   -0.04785093  0.00951109 -0.46733621  0.00781076  0.00550585
 -0.01354062  0.01301882  0.02002935 -0.31898066 -0.02411889  0.01435324
 -0.00512377 -0.0093255 ]",[0.20290975],1.8714268811519492
25,37069,"[-0.015862   -0.04785093  0.00951109 -0.46733621  0.00781076  0.00550585
 -0.01354062  0.01301882  0.02002935 -0.31898066 -0.02411889  0.01435324
 -0.00512377 -0.0093255 ]",[-0.0842143],-0.1768629011534614
25,37067,"[-0.015862   -0.04785093  0.00951109 -0.46733621  0.00781076  0.00550585
 -0.01354062  0.01301882  0.02002935 -0.31898066 -0.02411889  0.01435324
 -0.00512377 -0.0093255 ]",[0.02086265],0.5727365524220861
25,37071,"[-0.015862   -0.04785093  0.00951109 -0.46733621  0.00781076  0.00550585
 -0.01354062  0.01301882  0.02002935 -0.31898066 -0.02411889  0.01435324
 -0.00512377 -0.0093255 ]",[-0.00978735],0.354085143268652
25,37077,"[-0.015862   -0.04785093  0.00951109 -0.46733621  0.00781076  0.00550585
 -0.01354062  0.01301882  0.02002935 -0.31898066 -0.02411889  0.01435324
 -0.00512377 -0.0093255 ]",[0.03234147],0.6546243448484325
25,37079,"[-0.015862   -0.04785093  0.00951109 -0.46733621  0.00781076  0.00550585
 -0.01354062  0.01301882  0.02002935 -0.31898066 -0.02411889  0.01435324
 -0.00512377 -0.0093255 ]",[-0.36871334],-2.206426397700203
25,37081,"[-0.015862   -0.04785093  0.00951109 -0.46733621  0.00781076  0.00550585
 -0.01354062  0.01301882  0.02002935 -0.31898066 -0.02411889  0.01435324
 -0.00512377 -0.0093255 ]",[0.02196941],0.5806320108992206
25,37083,"[-0.015862   -0.04785093  0.00951109 -0.46733621  0.00781076  0.00550585
 -0.01354062  0.01301882  0.02002935 -0.31898066 -0.02411889  0.01435324
 -0.00512377 -0.0093255 ]",[-0.1205313],-0.43594167586267973
25,37085,"[-0.015862   -0.04785093  0.00951109 -0.46733621  0.00781076  0.00550585
 -0.01354062  0.01301882  0.02002935 -0.31898066 -0.02411889  0.01435324
 -0.00512377 -0.0093255 ]",[-0.054874],0.032445375327663596
25,37087,"[-0.015862   -0.04785093  0.00951109 -0.46733621  0.00781076  0.00550585
 -0.01354062  0.01301882  0.02002935 -0.31898066 -0.02411889  0.01435324
 -0.00512377 -0.0093255 ]",[-0.04788262],0.0823205267906257
25,37089,"[-0.015862   -0.04785093  0.00951109 -0.46733621  0.00781076  0.00550585
 -0.01354062  0.01301882  0.02002935 -0.31898066 -0.02411889  0.01435324
 -0.00512377 -0.0093255 ]",[-0.06295296],-0.025188496630530577
25,37091,"[-0.015862   -0.04785093  0.00951109 -0.46733621  0.00781076  0.00550585
 -0.01354062  0.01301882  0.02002935 -0.31898066 -0.02411889  0.01435324
 -0.00512377 -0.0093255 ]",[-0.1532683],-0.6694813971262993
25,37093,"[-0.015862   -0.04785093  0.00951109 -0.46733621  0.00781076  0.00550585
 -0.01354062  0.01301882  0.02002935 -0.31898066 -0.02411889  0.01435324
 -0.00512377 -0.0093255 ]",[-0.12085522],-0.4382524889659397
25,37097,"[-0.015862   -0.04785093  0.00951109 -0.46733621  0.00781076  0.00550585
 -0.01354062  0.01301882  0.02002935 -0.31898066 -0.02411889  0.01435324
 -0.00512377 -0.0093255 ]",[-0.03592662],0.16761243436131923
25,37099,"[-0.015862   -0.04785093  0.00951109 -0.46733621  0.00781076  0.00550585
 -0.01354062  0.01301882  0.02002935 -0.31898066 -0.02411889  0.01435324
 -0.00512377 -0.0093255 ]",[-0.16399767],-0.7460227480213837
25,37101,"[-0.015862   -0.04785093  0.00951109 -0.46733621  0.00781076  0.00550585
 -0.01354062  0.01301882  0.02002935 -0.31898066 -0.02411889  0.01435324
 -0.00512377 -0.0093255 ]",[-0.03741184],0.157017179713422
25,37105,"[-0.015862   -0.04785093  0.00951109 -0.46733621  0.00781076  0.00550585
 -0.01354062  0.01301882  0.02002935 -0.31898066 -0.02411889  0.01435324
 -0.00512377 -0.0093255 ]",[-0.04821605],0.07994193714683952
25,37107,"[-0.015862   -0.04785093  0.00951109 -0.46733621  0.00781076  0.00550585
 -0.01354062  0.01301882  0.02002935 -0.31898066 -0.02411889  0.01435324
 -0.00512377 -0.0093255 ]",[-0.1171001],-0.4114641336981855
25,37109,"[-0.015862   -0.04785093  0.00951109 -0.46733621  0.00781076  0.00550585
 -0.01354062  0.01301882  0.02002935 -0.31898066 -0.02411889  0.01435324
 -0.00512377 -0.0093255 ]",[-0.01740626],0.29973324436906124
25,37111,"[-0.015862   -0.04785093  0.00951109 -0.46733621  0.00781076  0.00550585
 -0.01354062  0.01301882  0.02002935 -0.31898066 -0.02411889  0.01435324
 -0.00512377 -0.0093255 ]",[-0.16125404],-0.7264502048011879
25,37113,"[-0.015862   -0.04785093  0.00951109 -0.46733621  0.00781076  0.00550585
 -0.01354062  0.01301882  0.02002935 -0.31898066 -0.02411889  0.01435324
 -0.00512377 -0.0093255 ]",[-0.07314954],-0.09792896391182367
25,37115,"[-0.015862   -0.04785093  0.00951109 -0.46733621  0.00781076  0.00550585
 -0.01354062  0.01301882  0.02002935 -0.31898066 -0.02411889  0.01435324
 -0.00512377 -0.0093255 ]",[-0.20090595],-1.009319590496612
25,37117,"[-0.015862   -0.04785093  0.00951109 -0.46733621  0.00781076  0.00550585
 -0.01354062  0.01301882  0.02002935 -0.31898066 -0.02411889  0.01435324
 -0.00512377 -0.0093255 ]",[-0.1790597],-0.8534724594704044
25,37119,"[-0.015862   -0.04785093  0.00951109 -0.46733621  0.00781076  0.00550585
 -0.01354062  0.01301882  0.02002935 -0.31898066 -0.02411889  0.01435324
 -0.00512377 -0.0093255 ]",[0.00993911],0.4948100692170788
25,37123,"[-0.015862   -0.04785093  0.00951109 -0.46733621  0.00781076  0.00550585
 -0.01354062  0.01301882  0.02002935 -0.31898066 -0.02411889  0.01435324
 -0.00512377 -0.0093255 ]",[-0.17085148],-0.7949165638401892
25,37121,"[-0.015862   -0.04785093  0.00951109 -0.46733621  0.00781076  0.00550585
 -0.01354062  0.01301882  0.02002935 -0.31898066 -0.02411889  0.01435324
 -0.00512377 -0.0093255 ]",[-0.21276405],-1.0939130594267923
25,37125,"[-0.015862   -0.04785093  0.00951109 -0.46733621  0.00781076  0.00550585
 -0.01354062  0.01301882  0.02002935 -0.31898066 -0.02411889  0.01435324
 -0.00512377 -0.0093255 ]",[-0.02293713],0.26027707703048725
25,37127,"[-0.015862   -0.04785093  0.00951109 -0.46733621  0.00781076  0.00550585
 -0.01354062  0.01301882  0.02002935 -0.31898066 -0.02411889  0.01435324
 -0.00512377 -0.0093255 ]",[0.0027057],0.44320826713829253
25,37129,"[-0.015862   -0.04785093  0.00951109 -0.46733621  0.00781076  0.00550585
 -0.01354062  0.01301882  0.02002935 -0.31898066 -0.02411889  0.01435324
 -0.00512377 -0.0093255 ]",[-0.01020056],0.35113736037729526
25,37131,"[-0.015862   -0.04785093  0.00951109 -0.46733621  0.00781076  0.00550585
 -0.01354062  0.01301882  0.02002935 -0.31898066 -0.02411889  0.01435324
 -0.00512377 -0.0093255 ]",[-0.22206719],-1.160279972321922
25,37133,"[-0.015862   -0.04785093  0.00951109 -0.46733621  0.00781076  0.00550585
 -0.01354062  0.01301882  0.02002935 -0.31898066 -0.02411889  0.01435324
 -0.00512377 -0.0093255 ]",[-0.01183124],0.3395044003280476
25,37137,"[-0.015862   -0.04785093  0.00951109 -0.46733621  0.00781076  0.00550585
 -0.01354062  0.01301882  0.02002935 -0.31898066 -0.02411889  0.01435324
 -0.00512377 -0.0093255 ]",[-0.30760835],-1.7705147760308682
25,37135,"[-0.015862   -0.04785093  0.00951109 -0.46733621  0.00781076  0.00550585
 -0.01354062  0.01301882  0.02002935 -0.31898066 -0.02411889  0.01435324
 -0.00512377 -0.0093255 ]",[-0.0473494],0.08612446995924218
25,37139,"[-0.015862   -0.04785093  0.00951109 -0.46733621  0.00781076  0.00550585
 -0.01354062  0.01301882  0.02002935 -0.31898066 -0.02411889  0.01435324
 -0.00512377 -0.0093255 ]",[-0.07635853],-0.1208213531320842
25,37141,"[-0.015862   -0.04785093  0.00951109 -0.46733621  0.00781076  0.00550585
 -0.01354062  0.01301882  0.02002935 -0.31898066 -0.02411889  0.01435324
 -0.00512377 -0.0093255 ]",[-0.11982278],-0.4308872511627924
25,37145,"[-0.015862   -0.04785093  0.00951109 -0.46733621  0.00781076  0.00550585
 -0.01354062  0.01301882  0.02002935 -0.31898066 -0.02411889  0.01435324
 -0.00512377 -0.0093255 ]",[-0.06798852],-0.061111248620611486
25,37147,"[-0.015862   -0.04785093  0.00951109 -0.46733621  0.00781076  0.00550585
 -0.01354062  0.01301882  0.02002935 -0.31898066 -0.02411889  0.01435324
 -0.00512377 -0.0093255 ]",[-0.01893494],0.28882793812670354
25,37149,"[-0.015862   -0.04785093  0.00951109 -0.46733621  0.00781076  0.00550585
 -0.01354062  0.01301882  0.02002935 -0.31898066 -0.02411889  0.01435324
 -0.00512377 -0.0093255 ]",[-0.16889861],-0.7809851392613986
25,37151,"[-0.015862   -0.04785093  0.00951109 -0.46733621  0.00781076  0.00550585
 -0.01354062  0.01301882  0.02002935 -0.31898066 -0.02411889  0.01435324
 -0.00512377 -0.0093255 ]",[-0.00727638],0.3719979687626243
25,37155,"[-0.015862   -0.04785093  0.00951109 -0.46733621  0.00781076  0.00550585
 -0.01354062  0.01301882  0.02002935 -0.31898066 -0.02411889  0.01435324
 -0.00512377 -0.0093255 ]",[-0.05173277],0.05485427686485088
25,37153,"[-0.015862   -0.04785093  0.00951109 -0.46733621  0.00781076  0.00550585
 -0.01354062  0.01301882  0.02002935 -0.31898066 -0.02411889  0.01435324
 -0.00512377 -0.0093255 ]",[-0.12054692],-0.4360531128365823
25,37157,"[-0.015862   -0.04785093  0.00951109 -0.46733621  0.00781076  0.00550585
 -0.01354062  0.01301882  0.02002935 -0.31898066 -0.02411889  0.01435324
 -0.00512377 -0.0093255 ]",[-0.0824323],-0.16415046809884468
25,37159,"[-0.015862   -0.04785093  0.00951109 -0.46733621  0.00781076  0.00550585
 -0.01354062  0.01301882  0.02002935 -0.31898066 -0.02411889  0.01435324
 -0.00512377 -0.0093255 ]",[-0.03605347],0.16670750875086213
25,37161,"[-0.015862   -0.04785093  0.00951109 -0.46733621  0.00781076  0.00550585
 -0.01354062  0.01301882  0.02002935 -0.31898066 -0.02411889  0.01435324
 -0.00512377 -0.0093255 ]",[0.04677083],0.7575607738060401
25,37163,"[-0.015862   -0.04785093  0.00951109 -0.46733621  0.00781076  0.00550585
 -0.01354062  0.01301882  0.02002935 -0.31898066 -0.02411889  0.01435324
 -0.00512377 -0.0093255 ]",[-0.06936164],-0.07090680100228149
25,37165,"[-0.015862   -0.04785093  0.00951109 -0.46733621  0.00781076  0.00550585
 -0.01354062  0.01301882  0.02002935 -0.31898066 -0.02411889  0.01435324
 -0.00512377 -0.0093255 ]",[-0.20516024],-1.0396689081907409
25,37167,"[-0.015862   -0.04785093  0.00951109 -0.46733621  0.00781076  0.00550585
 -0.01354062  0.01301882  0.02002935 -0.31898066 -0.02411889  0.01435324
 -0.00512377 -0.0093255 ]",[-0.11493715],-0.3960340395737462
25,37169,"[-0.015862   -0.04785093  0.00951109 -0.46733621  0.00781076  0.00550585
 -0.01354062  0.01301882  0.02002935 -0.31898066 -0.02411889  0.01435324
 -0.00512377 -0.0093255 ]",[-0.24358771],-1.313803374566689
25,37171,"[-0.015862   -0.04785093  0.00951109 -0.46733621  0.00781076  0.00550585
 -0.01354062  0.01301882  0.02002935 -0.31898066 -0.02411889  0.01435324
 -0.00512377 -0.0093255 ]",[-0.05078676],0.06160291876878511
25,37175,"[-0.015862   -0.04785093  0.00951109 -0.46733621  0.00781076  0.00550585
 -0.01354062  0.01301882  0.02002935 -0.31898066 -0.02411889  0.01435324
 -0.00512377 -0.0093255 ]",[-0.14069499],-0.5797856972805395
25,37173,"[-0.015862   -0.04785093  0.00951109 -0.46733621  0.00781076  0.00550585
 -0.01354062  0.01301882  0.02002935 -0.31898066 -0.02411889  0.01435324
 -0.00512377 -0.0093255 ]",[-0.25941378],-1.426703579417262
25,37179,"[-0.015862   -0.04785093  0.00951109 -0.46733621  0.00781076  0.00550585
 -0.01354062  0.01301882  0.02002935 -0.31898066 -0.02411889  0.01435324
 -0.00512377 -0.0093255 ]",[-0.02400803],0.25263743092272006
25,37181,"[-0.015862   -0.04785093  0.00951109 -0.46733621  0.00781076  0.00550585
 -0.01354062  0.01301882  0.02002935 -0.31898066 -0.02411889  0.01435324
 -0.00512377 -0.0093255 ]",[-0.06017641],-0.005381103483848049
25,37183,"[-0.015862   -0.04785093  0.00951109 -0.46733621  0.00781076  0.00550585
 -0.01354062  0.01301882  0.02002935 -0.31898066 -0.02411889  0.01435324
 -0.00512377 -0.0093255 ]",[0.03280854],0.6579563580157548
25,37185,"[-0.015862   -0.04785093  0.00951109 -0.46733621  0.00781076  0.00550585
 -0.01354062  0.01301882  0.02002935 -0.31898066 -0.02411889  0.01435324
 -0.00512377 -0.0093255 ]",[-0.25992355],-1.4303402004410066
25,37189,"[-0.015862   -0.04785093  0.00951109 -0.46733621  0.00781076  0.00550585
 -0.01354062  0.01301882  0.02002935 -0.31898066 -0.02411889  0.01435324
 -0.00512377 -0.0093255 ]",[-0.04382497],0.11126704810375583
25,37191,"[-0.015862   -0.04785093  0.00951109 -0.46733621  0.00781076  0.00550585
 -0.01354062  0.01301882  0.02002935 -0.31898066 -0.02411889  0.01435324
 -0.00512377 -0.0093255 ]",[-0.03658854],0.16289041378405106
25,37193,"[-0.015862   -0.04785093  0.00951109 -0.46733621  0.00781076  0.00550585
 -0.01354062  0.01301882  0.02002935 -0.31898066 -0.02411889  0.01435324
 -0.00512377 -0.0093255 ]",[0.01242885],0.5125713848477228
25,37195,"[-0.015862   -0.04785093  0.00951109 -0.46733621  0.00781076  0.00550585
 -0.01354062  0.01301882  0.02002935 -0.31898066 -0.02411889  0.01435324
 -0.00512377 -0.0093255 ]",[-0.03944088],0.14254234390210901
25,37199,"[-0.015862   -0.04785093  0.00951109 -0.46733621  0.00781076  0.00550585
 -0.01354062  0.01301882  0.02002935 -0.31898066 -0.02411889  0.01435324
 -0.00512377 -0.0093255 ]",[-0.2901688],-1.6461042162049648
25,37197,"[-0.015862   -0.04785093  0.00951109 -0.46733621  0.00781076  0.00550585
 -0.01354062  0.01301882  0.02002935 -0.31898066 -0.02411889  0.01435324
 -0.00512377 -0.0093255 ]",[-0.07078766],-0.08107973584356554
25,38003,"[-0.015862   -0.04785093  0.00951109 -0.46733621  0.00781076  0.00550585
 -0.01354062  0.01301882  0.02002935 -0.31898066 -0.02411889  0.01435324
 -0.00512377 -0.0093255 ]",[-0.09781569],-0.27389269415531137
25,38005,"[-0.015862   -0.04785093  0.00951109 -0.46733621  0.00781076  0.00550585
 -0.01354062  0.01301882  0.02002935 -0.31898066 -0.02411889  0.01435324
 -0.00512377 -0.0093255 ]",[-0.4226931],-2.5915080236952104
25,38015,"[-0.015862   -0.04785093  0.00951109 -0.46733621  0.00781076  0.00550585
 -0.01354062  0.01301882  0.02002935 -0.31898066 -0.02411889  0.01435324
 -0.00512377 -0.0093255 ]",[-0.01610943],0.30898460388237564
25,38017,"[-0.015862   -0.04785093  0.00951109 -0.46733621  0.00781076  0.00550585
 -0.01354062  0.01301882  0.02002935 -0.31898066 -0.02411889  0.01435324
 -0.00512377 -0.0093255 ]",[-0.02650527],0.23482257676099672
25,38035,"[-0.015862   -0.04785093  0.00951109 -0.46733621  0.00781076  0.00550585
 -0.01354062  0.01301882  0.02002935 -0.31898066 -0.02411889  0.01435324
 -0.00512377 -0.0093255 ]",[0.01243499],0.5126152493820646
25,38053,"[-0.015862   -0.04785093  0.00951109 -0.46733621  0.00781076  0.00550585
 -0.01354062  0.01301882  0.02002935 -0.31898066 -0.02411889  0.01435324
 -0.00512377 -0.0093255 ]",[-0.16388482],-0.74521768306245
25,38059,"[-0.015862   -0.04785093  0.00951109 -0.46733621  0.00781076  0.00550585
 -0.01354062  0.01301882  0.02002935 -0.31898066 -0.02411889  0.01435324
 -0.00512377 -0.0093255 ]",[-0.4176643],-2.5556335478588896
25,38067,"[-0.015862   -0.04785093  0.00951109 -0.46733621  0.00781076  0.00550585
 -0.01354062  0.01301882  0.02002935 -0.31898066 -0.02411889  0.01435324
 -0.00512377 -0.0093255 ]",[-0.20192667],-1.0166011892067166
25,38077,"[-0.015862   -0.04785093  0.00951109 -0.46733621  0.00781076  0.00550585
 -0.01354062  0.01301882  0.02002935 -0.31898066 -0.02411889  0.01435324
 -0.00512377 -0.0093255 ]",[0.18746017],1.76121244229015
25,38079,"[-0.015862   -0.04785093  0.00951109 -0.46733621  0.00781076  0.00550585
 -0.01354062  0.01301882  0.02002935 -0.31898066 -0.02411889  0.01435324
 -0.00512377 -0.0093255 ]",[-0.37685517],-2.2645087612225603
25,38089,"[-0.015862   -0.04785093  0.00951109 -0.46733621  0.00781076  0.00550585
 -0.01354062  0.01301882  0.02002935 -0.31898066 -0.02411889  0.01435324
 -0.00512377 -0.0093255 ]",[-0.134295],-0.5341293479346405
25,38097,"[-0.015862   -0.04785093  0.00951109 -0.46733621  0.00781076  0.00550585
 -0.01354062  0.01301882  0.02002935 -0.31898066 -0.02411889  0.01435324
 -0.00512377 -0.0093255 ]",[-0.43448344],-2.675618131620845
25,38093,"[-0.015862   -0.04785093  0.00951109 -0.46733621  0.00781076  0.00550585
 -0.01354062  0.01301882  0.02002935 -0.31898066 -0.02411889  0.01435324
 -0.00512377 -0.0093255 ]",[-0.2950364],-1.6808288047057323
25,38099,"[-0.015862   -0.04785093  0.00951109 -0.46733621  0.00781076  0.00550585
 -0.01354062  0.01301882  0.02002935 -0.31898066 -0.02411889  0.01435324
 -0.00512377 -0.0093255 ]",[-0.12457577],-0.4647941566011987
25,38101,"[-0.015862   -0.04785093  0.00951109 -0.46733621  0.00781076  0.00550585
 -0.01354062  0.01301882  0.02002935 -0.31898066 -0.02411889  0.01435324
 -0.00512377 -0.0093255 ]",[-0.1413643],-0.5845604781529886
25,39001,"[-0.015862   -0.04785093  0.00951109 -0.46733621  0.00781076  0.00550585
 -0.01354062  0.01301882  0.02002935 -0.31898066 -0.02411889  0.01435324
 -0.00512377 -0.0093255 ]",[-0.24049888],-1.2917681790557685
25,38105,"[-0.015862   -0.04785093  0.00951109 -0.46733621  0.00781076  0.00550585
 -0.01354062  0.01301882  0.02002935 -0.31898066 -0.02411889  0.01435324
 -0.00512377 -0.0093255 ]",[-0.2156107],-1.1142205005579822
25,39003,"[-0.015862   -0.04785093  0.00951109 -0.46733621  0.00781076  0.00550585
 -0.01354062  0.01301882  0.02002935 -0.31898066 -0.02411889  0.01435324
 -0.00512377 -0.0093255 ]",[0.07026005],0.9251285060011746
25,39005,"[-0.015862   -0.04785093  0.00951109 -0.46733621  0.00781076  0.00550585
 -0.01354062  0.01301882  0.02002935 -0.31898066 -0.02411889  0.01435324
 -0.00512377 -0.0093255 ]",[-0.12818285],-0.49052642784764827
25,39007,"[-0.015862   -0.04785093  0.00951109 -0.46733621  0.00781076  0.00550585
 -0.01354062  0.01301882  0.02002935 -0.31898066 -0.02411889  0.01435324
 -0.00512377 -0.0093255 ]",[-0.09849776],-0.2787585129813148
25,39011,"[-0.015862   -0.04785093  0.00951109 -0.46733621  0.00781076  0.00550585
 -0.01354062  0.01301882  0.02002935 -0.31898066 -0.02411889  0.01435324
 -0.00512377 -0.0093255 ]",[-0.07585947],-0.11726111932525246
25,39009,"[-0.015862   -0.04785093  0.00951109 -0.46733621  0.00781076  0.00550585
 -0.01354062  0.01301882  0.02002935 -0.31898066 -0.02411889  0.01435324
 -0.00512377 -0.0093255 ]",[0.00891421],0.48749862548303846
25,39013,"[-0.015862   -0.04785093  0.00951109 -0.46733621  0.00781076  0.00550585
 -0.01354062  0.01301882  0.02002935 -0.31898066 -0.02411889  0.01435324
 -0.00512377 -0.0093255 ]",[-0.06604067],-0.04721563484387811
25,39015,"[-0.015862   -0.04785093  0.00951109 -0.46733621  0.00781076  0.00550585
 -0.01354062  0.01301882  0.02002935 -0.31898066 -0.02411889  0.01435324
 -0.00512377 -0.0093255 ]",[-0.0378284],0.15404548728345147
25,39017,"[-0.015862   -0.04785093  0.00951109 -0.46733621  0.00781076  0.00550585
 -0.01354062  0.01301882  0.02002935 -0.31898066 -0.02411889  0.01435324
 -0.00512377 -0.0093255 ]",[0.0164039],0.5409286722855378
25,39019,"[-0.015862   -0.04785093  0.00951109 -0.46733621  0.00781076  0.00550585
 -0.01354062  0.01301882  0.02002935 -0.31898066 -0.02411889  0.01435324
 -0.00512377 -0.0093255 ]",[-0.18178598],-0.8729212271355603
25,39021,"[-0.015862   -0.04785093  0.00951109 -0.46733621  0.00781076  0.00550585
 -0.01354062  0.01301882  0.02002935 -0.31898066 -0.02411889  0.01435324
 -0.00512377 -0.0093255 ]",[-0.04131566],0.12916804328330894
25,39023,"[-0.015862   -0.04785093  0.00951109 -0.46733621  0.00781076  0.00550585
 -0.01354062  0.01301882  0.02002935 -0.31898066 -0.02411889  0.01435324
 -0.00512377 -0.0093255 ]",[-0.03369291],0.18354732220537331
25,39025,"[-0.015862   -0.04785093  0.00951109 -0.46733621  0.00781076  0.00550585
 -0.01354062  0.01301882  0.02002935 -0.31898066 -0.02411889  0.01435324
 -0.00512377 -0.0093255 ]",[-0.05719022],0.01592182639508673
25,39029,"[-0.015862   -0.04785093  0.00951109 -0.46733621  0.00781076  0.00550585
 -0.01354062  0.01301882  0.02002935 -0.31898066 -0.02411889  0.01435324
 -0.00512377 -0.0093255 ]",[-0.0150912],0.3162484444262939
25,39027,"[-0.015862   -0.04785093  0.00951109 -0.46733621  0.00781076  0.00550585
 -0.01354062  0.01301882  0.02002935 -0.31898066 -0.02411889  0.01435324
 -0.00512377 -0.0093255 ]",[0.08802835],1.0518842498978294
25,39031,"[-0.015862   -0.04785093  0.00951109 -0.46733621  0.00781076  0.00550585
 -0.01354062  0.01301882  0.02002935 -0.31898066 -0.02411889  0.01435324
 -0.00512377 -0.0093255 ]",[-0.0847512],-0.18069310948847908
25,39033,"[-0.015862   -0.04785093  0.00951109 -0.46733621  0.00781076  0.00550585
 -0.01354062  0.01301882  0.02002935 -0.31898066 -0.02411889  0.01435324
 -0.00512377 -0.0093255 ]",[-0.14747499],-0.6281529744820546
25,39035,"[-0.015862   -0.04785093  0.00951109 -0.46733621  0.00781076  0.00550585
 -0.01354062  0.01301882  0.02002935 -0.31898066 -0.02411889  0.01435324
 -0.00512377 -0.0093255 ]",[-0.00336362],0.39991089023344106
25,39037,"[-0.015862   -0.04785093  0.00951109 -0.46733621  0.00781076  0.00550585
 -0.01354062  0.01301882  0.02002935 -0.31898066 -0.02411889  0.01435324
 -0.00512377 -0.0093255 ]",[-0.13162115],-0.515054623924318
25,39039,"[-0.015862   -0.04785093  0.00951109 -0.46733621  0.00781076  0.00550585
 -0.01354062  0.01301882  0.02002935 -0.31898066 -0.02411889  0.01435324
 -0.00512377 -0.0093255 ]",[-0.10192327],-0.3031954590177973
25,39041,"[-0.015862   -0.04785093  0.00951109 -0.46733621  0.00781076  0.00550585
 -0.01354062  0.01301882  0.02002935 -0.31898066 -0.02411889  0.01435324
 -0.00512377 -0.0093255 ]",[-0.02932252],0.2147248415316494
25,39043,"[-0.015862   -0.04785093  0.00951109 -0.46733621  0.00781076  0.00550585
 -0.01354062  0.01301882  0.02002935 -0.31898066 -0.02411889  0.01435324
 -0.00512377 -0.0093255 ]",[-0.02103136],0.2738724938515551
25,39045,"[-0.015862   -0.04785093  0.00951109 -0.46733621  0.00781076  0.00550585
 -0.01354062  0.01301882  0.02002935 -0.31898066 -0.02411889  0.01435324
 -0.00512377 -0.0093255 ]",[0.14535308],1.4608282511818151
25,39047,"[-0.015862   -0.04785093  0.00951109 -0.46733621  0.00781076  0.00550585
 -0.01354062  0.01301882  0.02002935 -0.31898066 -0.02411889  0.01435324
 -0.00512377 -0.0093255 ]",[-0.05656687],0.02036869432248785
25,39049,"[-0.015862   -0.04785093  0.00951109 -0.46733621  0.00781076  0.00550585
 -0.01354062  0.01301882  0.02002935 -0.31898066 -0.02411889  0.01435324
 -0.00512377 -0.0093255 ]",[0.0129537],0.5163155736203033
25,39051,"[-0.015862   -0.04785093  0.00951109 -0.46733621  0.00781076  0.00550585
 -0.01354062  0.01301882  0.02002935 -0.31898066 -0.02411889  0.01435324
 -0.00512377 -0.0093255 ]",[-0.12604368],-0.47526596228894263
25,39053,"[-0.015862   -0.04785093  0.00951109 -0.46733621  0.00781076  0.00550585
 -0.01354062  0.01301882  0.02002935 -0.31898066 -0.02411889  0.01435324
 -0.00512377 -0.0093255 ]",[-0.21999353],-1.1454868153199982
25,39055,"[-0.015862   -0.04785093  0.00951109 -0.46733621  0.00781076  0.00550585
 -0.01354062  0.01301882  0.02002935 -0.31898066 -0.02411889  0.01435324
 -0.00512377 -0.0093255 ]",[-0.06984127],-0.07432836054130311
25,39057,"[-0.015862   -0.04785093  0.00951109 -0.46733621  0.00781076  0.00550585
 -0.01354062  0.01301882  0.02002935 -0.31898066 -0.02411889  0.01435324
 -0.00512377 -0.0093255 ]",[-4.96279684e-05],0.4235522647652167
25,39059,"[-0.015862   -0.04785093  0.00951109 -0.46733621  0.00781076  0.00550585
 -0.01354062  0.01301882  0.02002935 -0.31898066 -0.02411889  0.01435324
 -0.00512377 -0.0093255 ]",[-0.16930499],-0.7838841543934298
25,39061,"[-0.015862   -0.04785093  0.00951109 -0.46733621  0.00781076  0.00550585
 -0.01354062  0.01301882  0.02002935 -0.31898066 -0.02411889  0.01435324
 -0.00512377 -0.0093255 ]",[0.00341811],0.44829048657388665
25,39065,"[-0.015862   -0.04785093  0.00951109 -0.46733621  0.00781076  0.00550585
 -0.01354062  0.01301882  0.02002935 -0.31898066 -0.02411889  0.01435324
 -0.00512377 -0.0093255 ]",[-0.21091695],-1.0807361647501668
25,39063,"[-0.015862   -0.04785093  0.00951109 -0.46733621  0.00781076  0.00550585
 -0.01354062  0.01301882  0.02002935 -0.31898066 -0.02411889  0.01435324
 -0.00512377 -0.0093255 ]",[-0.09306291],-0.2399872957661121
25,39067,"[-0.015862   -0.04785093  0.00951109 -0.46733621  0.00781076  0.00550585
 -0.01354062  0.01301882  0.02002935 -0.31898066 -0.02411889  0.01435324
 -0.00512377 -0.0093255 ]",[-0.28748659],-1.6269697956485931
25,39069,"[-0.015862   -0.04785093  0.00951109 -0.46733621  0.00781076  0.00550585
 -0.01354062  0.01301882  0.02002935 -0.31898066 -0.02411889  0.01435324
 -0.00512377 -0.0093255 ]",[-0.26547122],-1.469916263542444
25,39071,"[-0.015862   -0.04785093  0.00951109 -0.46733621  0.00781076  0.00550585
 -0.01354062  0.01301882  0.02002935 -0.31898066 -0.02411889  0.01435324
 -0.00512377 -0.0093255 ]",[-0.14471557],-0.6084678022300816
25,39075,"[-0.015862   -0.04785093  0.00951109 -0.46733621  0.00781076  0.00550585
 -0.01354062  0.01301882  0.02002935 -0.31898066 -0.02411889  0.01435324
 -0.00512377 -0.0093255 ]",[-0.22959314],-1.2139686498096094
25,39073,"[-0.015862   -0.04785093  0.00951109 -0.46733621  0.00781076  0.00550585
 -0.01354062  0.01301882  0.02002935 -0.31898066 -0.02411889  0.01435324
 -0.00512377 -0.0093255 ]",[-0.2156888],-1.1147776592113992
25,39077,"[-0.015862   -0.04785093  0.00951109 -0.46733621  0.00781076  0.00550585
 -0.01354062  0.01301882  0.02002935 -0.31898066 -0.02411889  0.01435324
 -0.00512377 -0.0093255 ]",[-0.13639419],-0.549104592839458
25,39079,"[-0.015862   -0.04785093  0.00951109 -0.46733621  0.00781076  0.00550585
 -0.01354062  0.01301882  0.02002935 -0.31898066 -0.02411889  0.01435324
 -0.00512377 -0.0093255 ]",[-0.18751215],-0.9137706738639155
25,39081,"[-0.015862   -0.04785093  0.00951109 -0.46733621  0.00781076  0.00550585
 -0.01354062  0.01301882  0.02002935 -0.31898066 -0.02411889  0.01435324
 -0.00512377 -0.0093255 ]",[-0.05165286],0.05542434804979055
25,39083,"[-0.015862   -0.04785093  0.00951109 -0.46733621  0.00781076  0.00550585
 -0.01354062  0.01301882  0.02002935 -0.31898066 -0.02411889  0.01435324
 -0.00512377 -0.0093255 ]",[-0.08474532],-0.18065109909571986
25,39085,"[-0.015862   -0.04785093  0.00951109 -0.46733621  0.00781076  0.00550585
 -0.01354062  0.01301882  0.02002935 -0.31898066 -0.02411889  0.01435324
 -0.00512377 -0.0093255 ]",[-0.0256901],0.24063788047402324
25,39087,"[-0.015862   -0.04785093  0.00951109 -0.46733621  0.00781076  0.00550585
 -0.01354062  0.01301882  0.02002935 -0.31898066 -0.02411889  0.01435324
 -0.00512377 -0.0093255 ]",[-0.07163407],-0.087117921405423
25,39089,"[-0.015862   -0.04785093  0.00951109 -0.46733621  0.00781076  0.00550585
 -0.01354062  0.01301882  0.02002935 -0.31898066 -0.02411889  0.01435324
 -0.00512377 -0.0093255 ]",[-0.07319468],-0.09825101032968336
25,39091,"[-0.015862   -0.04785093  0.00951109 -0.46733621  0.00781076  0.00550585
 -0.01354062  0.01301882  0.02002935 -0.31898066 -0.02411889  0.01435324
 -0.00512377 -0.0093255 ]",[-0.19445732],-0.9633162044647773
25,39093,"[-0.015862   -0.04785093  0.00951109 -0.46733621  0.00781076  0.00550585
 -0.01354062  0.01301882  0.02002935 -0.31898066 -0.02411889  0.01435324
 -0.00512377 -0.0093255 ]",[-1.02361675e-05],0.4238332785826994
25,39095,"[-0.015862   -0.04785093  0.00951109 -0.46733621  0.00781076  0.00550585
 -0.01354062  0.01301882  0.02002935 -0.31898066 -0.02411889  0.01435324
 -0.00512377 -0.0093255 ]",[0.0057577],0.46498070176712875
25,39097,"[-0.015862   -0.04785093  0.00951109 -0.46733621  0.00781076  0.00550585
 -0.01354062  0.01301882  0.02002935 -0.31898066 -0.02411889  0.01435324
 -0.00512377 -0.0093255 ]",[-0.04696261],0.08888370291116122
25,39099,"[-0.015862   -0.04785093  0.00951109 -0.46733621  0.00781076  0.00550585
 -0.01354062  0.01301882  0.02002935 -0.31898066 -0.02411889  0.01435324
 -0.00512377 -0.0093255 ]",[-0.01161347],0.3410579500040025
25,39101,"[-0.015862   -0.04785093  0.00951109 -0.46733621  0.00781076  0.00550585
 -0.01354062  0.01301882  0.02002935 -0.31898066 -0.02411889  0.01435324
 -0.00512377 -0.0093255 ]",[0.02147207],0.577084044221715
25,39103,"[-0.015862   -0.04785093  0.00951109 -0.46733621  0.00781076  0.00550585
 -0.01354062  0.01301882  0.02002935 -0.31898066 -0.02411889  0.01435324
 -0.00512377 -0.0093255 ]",[0.03189827],0.6514626497080758
25,39105,"[-0.015862   -0.04785093  0.00951109 -0.46733621  0.00781076  0.00550585
 -0.01354062  0.01301882  0.02002935 -0.31898066 -0.02411889  0.01435324
 -0.00512377 -0.0093255 ]",[-0.19402396],-0.9602247289073443
25,39107,"[-0.015862   -0.04785093  0.00951109 -0.46733621  0.00781076  0.00550585
 -0.01354062  0.01301882  0.02002935 -0.31898066 -0.02411889  0.01435324
 -0.00512377 -0.0093255 ]",[-0.08649644],-0.19314329633987778
25,39109,"[-0.015862   -0.04785093  0.00951109 -0.46733621  0.00781076  0.00550585
 -0.01354062  0.01301882  0.02002935 -0.31898066 -0.02411889  0.01435324
 -0.00512377 -0.0093255 ]",[-0.08329454],-0.17030154475237094
25,39111,"[-0.015862   -0.04785093  0.00951109 -0.46733621  0.00781076  0.00550585
 -0.01354062  0.01301882  0.02002935 -0.31898066 -0.02411889  0.01435324
 -0.00512377 -0.0093255 ]",[-0.16669967],-0.7652982754393057
25,39113,"[-0.015862   -0.04785093  0.00951109 -0.46733621  0.00781076  0.00550585
 -0.01354062  0.01301882  0.02002935 -0.31898066 -0.02411889  0.01435324
 -0.00512377 -0.0093255 ]",[0.01147342],0.5057555545894902
25,39115,"[-0.015862   -0.04785093  0.00951109 -0.46733621  0.00781076  0.00550585
 -0.01354062  0.01301882  0.02002935 -0.31898066 -0.02411889  0.01435324
 -0.00512377 -0.0093255 ]",[-0.30069722],-1.7212119843387657
25,39117,"[-0.015862   -0.04785093  0.00951109 -0.46733621  0.00781076  0.00550585
 -0.01354062  0.01301882  0.02002935 -0.31898066 -0.02411889  0.01435324
 -0.00512377 -0.0093255 ]",[-0.21569628],-1.114831035744833
25,39119,"[-0.015862   -0.04785093  0.00951109 -0.46733621  0.00781076  0.00550585
 -0.01354062  0.01301882  0.02002935 -0.31898066 -0.02411889  0.01435324
 -0.00512377 -0.0093255 ]",[-0.02934631],0.2145551368969978
25,39125,"[-0.015862   -0.04785093  0.00951109 -0.46733621  0.00781076  0.00550585
 -0.01354062  0.01301882  0.02002935 -0.31898066 -0.02411889  0.01435324
 -0.00512377 -0.0093255 ]",[-0.34003967],-2.0018738051473113
25,39123,"[-0.015862   -0.04785093  0.00951109 -0.46733621  0.00781076  0.00550585
 -0.01354062  0.01301882  0.02002935 -0.31898066 -0.02411889  0.01435324
 -0.00512377 -0.0093255 ]",[0.10755344],1.1911726312591404
25,39127,"[-0.015862   -0.04785093  0.00951109 -0.46733621  0.00781076  0.00550585
 -0.01354062  0.01301882  0.02002935 -0.31898066 -0.02411889  0.01435324
 -0.00512377 -0.0093255 ]",[-0.19251358],-0.9494499692036696
25,39129,"[-0.015862   -0.04785093  0.00951109 -0.46733621  0.00781076  0.00550585
 -0.01354062  0.01301882  0.02002935 -0.31898066 -0.02411889  0.01435324
 -0.00512377 -0.0093255 ]",[-0.05550765],0.027924979625413373
25,39131,"[-0.015862   -0.04785093  0.00951109 -0.46733621  0.00781076  0.00550585
 -0.01354062  0.01301882  0.02002935 -0.31898066 -0.02411889  0.01435324
 -0.00512377 -0.0093255 ]",[-0.1150833],-0.3970766747415591
25,39133,"[-0.015862   -0.04785093  0.00951109 -0.46733621  0.00781076  0.00550585
 -0.01354062  0.01301882  0.02002935 -0.31898066 -0.02411889  0.01435324
 -0.00512377 -0.0093255 ]",[-0.03207698],0.1950750475008051
25,39135,"[-0.015862   -0.04785093  0.00951109 -0.46733621  0.00781076  0.00550585
 -0.01354062  0.01301882  0.02002935 -0.31898066 -0.02411889  0.01435324
 -0.00512377 -0.0093255 ]",[-0.13452329],-0.5357579463449474
25,39137,"[-0.015862   -0.04785093  0.00951109 -0.46733621  0.00781076  0.00550585
 -0.01354062  0.01301882  0.02002935 -0.31898066 -0.02411889  0.01435324
 -0.00512377 -0.0093255 ]",[-0.19697776],-0.9812966000043499
25,39139,"[-0.015862   -0.04785093  0.00951109 -0.46733621  0.00781076  0.00550585
 -0.01354062  0.01301882  0.02002935 -0.31898066 -0.02411889  0.01435324
 -0.00512377 -0.0093255 ]",[0.00918926],0.48946079316905905
25,39141,"[-0.015862   -0.04785093  0.00951109 -0.46733621  0.00781076  0.00550585
 -0.01354062  0.01301882  0.02002935 -0.31898066 -0.02411889  0.01435324
 -0.00512377 -0.0093255 ]",[-0.04088574],0.13223502890566283
25,39143,"[-0.015862   -0.04785093  0.00951109 -0.46733621  0.00781076  0.00550585
 -0.01354062  0.01301882  0.02002935 -0.31898066 -0.02411889  0.01435324
 -0.00512377 -0.0093255 ]",[0.0272244],0.6181201024229667
25,39145,"[-0.015862   -0.04785093  0.00951109 -0.46733621  0.00781076  0.00550585
 -0.01354062  0.01301882  0.02002935 -0.31898066 -0.02411889  0.01435324
 -0.00512377 -0.0093255 ]",[-0.06014707],-0.0051717773718966435
25,39147,"[-0.015862   -0.04785093  0.00951109 -0.46733621  0.00781076  0.00550585
 -0.01354062  0.01301882  0.02002935 -0.31898066 -0.02411889  0.01435324
 -0.00512377 -0.0093255 ]",[-0.17643685],-0.8347615034082647
25,39149,"[-0.015862   -0.04785093  0.00951109 -0.46733621  0.00781076  0.00550585
 -0.01354062  0.01301882  0.02002935 -0.31898066 -0.02411889  0.01435324
 -0.00512377 -0.0093255 ]",[-0.14241953],-0.5920882518334982
25,39151,"[-0.015862   -0.04785093  0.00951109 -0.46733621  0.00781076  0.00550585
 -0.01354062  0.01301882  0.02002935 -0.31898066 -0.02411889  0.01435324
 -0.00512377 -0.0093255 ]",[-0.00474333],0.39006827877216177
25,39153,"[-0.015862   -0.04785093  0.00951109 -0.46733621  0.00781076  0.00550585
 -0.01354062  0.01301882  0.02002935 -0.31898066 -0.02411889  0.01435324
 -0.00512377 -0.0093255 ]",[0.0144519],0.5270035101812366
25,39155,"[-0.015862   -0.04785093  0.00951109 -0.46733621  0.00781076  0.00550585
 -0.01354062  0.01301882  0.02002935 -0.31898066 -0.02411889  0.01435324
 -0.00512377 -0.0093255 ]",[-0.03758898],0.15575349340700267
25,39157,"[-0.015862   -0.04785093  0.00951109 -0.46733621  0.00781076  0.00550585
 -0.01354062  0.01301882  0.02002935 -0.31898066 -0.02411889  0.01435324
 -0.00512377 -0.0093255 ]",[-0.01848633],0.29202823280957857
25,39159,"[-0.015862   -0.04785093  0.00951109 -0.46733621  0.00781076  0.00550585
 -0.01354062  0.01301882  0.02002935 -0.31898066 -0.02411889  0.01435324
 -0.00512377 -0.0093255 ]",[-0.15323318],-0.6692308668557675
25,39161,"[-0.015862   -0.04785093  0.00951109 -0.46733621  0.00781076  0.00550585
 -0.01354062  0.01301882  0.02002935 -0.31898066 -0.02411889  0.01435324
 -0.00512377 -0.0093255 ]",[-0.15540857],-0.6847496821120735
25,39165,"[-0.015862   -0.04785093  0.00951109 -0.46733621  0.00781076  0.00550585
 -0.01354062  0.01301882  0.02002935 -0.31898066 -0.02411889  0.01435324
 -0.00512377 -0.0093255 ]",[-0.03437859],0.17865583322705297
25,39167,"[-0.015862   -0.04785093  0.00951109 -0.46733621  0.00781076  0.00550585
 -0.01354062  0.01301882  0.02002935 -0.31898066 -0.02411889  0.01435324
 -0.00512377 -0.0093255 ]",[0.00308791],0.44593490194839025
25,39169,"[-0.015862   -0.04785093  0.00951109 -0.46733621  0.00781076  0.00550585
 -0.01354062  0.01301882  0.02002935 -0.31898066 -0.02411889  0.01435324
 -0.00512377 -0.0093255 ]",[-0.06579524],-0.04546474631653601
25,39171,"[-0.015862   -0.04785093  0.00951109 -0.46733621  0.00781076  0.00550585
 -0.01354062  0.01301882  0.02002935 -0.31898066 -0.02411889  0.01435324
 -0.00512377 -0.0093255 ]",[-0.10802183],-0.34670146100273147
25,39173,"[-0.015862   -0.04785093  0.00951109 -0.46733621  0.00781076  0.00550585
 -0.01354062  0.01301882  0.02002935 -0.31898066 -0.02411889  0.01435324
 -0.00512377 -0.0093255 ]",[-0.01443019],0.32096396731166527
25,39175,"[-0.015862   -0.04785093  0.00951109 -0.46733621  0.00781076  0.00550585
 -0.01354062  0.01301882  0.02002935 -0.31898066 -0.02411889  0.01435324
 -0.00512377 -0.0093255 ]",[-0.31292835],-1.8084666651301704
25,40001,"[-0.015862   -0.04785093  0.00951109 -0.46733621  0.00781076  0.00550585
 -0.01354062  0.01301882  0.02002935 -0.31898066 -0.02411889  0.01435324
 -0.00512377 -0.0093255 ]",[-0.35615166],-2.11681374851306
25,40005,"[-0.015862   -0.04785093  0.00951109 -0.46733621  0.00781076  0.00550585
 -0.01354062  0.01301882  0.02002935 -0.31898066 -0.02411889  0.01435324
 -0.00512377 -0.0093255 ]",[-0.32030206],-1.8610693092765602
25,40009,"[-0.015862   -0.04785093  0.00951109 -0.46733621  0.00781076  0.00550585
 -0.01354062  0.01301882  0.02002935 -0.31898066 -0.02411889  0.01435324
 -0.00512377 -0.0093255 ]",[-0.36013107],-2.1452021279754665
25,40011,"[-0.015862   -0.04785093  0.00951109 -0.46733621  0.00781076  0.00550585
 -0.01354062  0.01301882  0.02002935 -0.31898066 -0.02411889  0.01435324
 -0.00512377 -0.0093255 ]",[-0.14748759],-0.6282428862780046
25,40013,"[-0.015862   -0.04785093  0.00951109 -0.46733621  0.00781076  0.00550585
 -0.01354062  0.01301882  0.02002935 -0.31898066 -0.02411889  0.01435324
 -0.00512377 -0.0093255 ]",[-0.12448003],-0.46411116202097613
25,40015,"[-0.015862   -0.04785093  0.00951109 -0.46733621  0.00781076  0.00550585
 -0.01354062  0.01301882  0.02002935 -0.31898066 -0.02411889  0.01435324
 -0.00512377 -0.0093255 ]",[-0.10590774],-0.3316199429702938
25,40017,"[-0.015862   -0.04785093  0.00951109 -0.46733621  0.00781076  0.00550585
 -0.01354062  0.01301882  0.02002935 -0.31898066 -0.02411889  0.01435324
 -0.00512377 -0.0093255 ]",[-0.01778922],0.29700131151399217
25,40019,"[-0.015862   -0.04785093  0.00951109 -0.46733621  0.00781076  0.00550585
 -0.01354062  0.01301882  0.02002935 -0.31898066 -0.02411889  0.01435324
 -0.00512377 -0.0093255 ]",[-0.10799067],-0.3464791768521687
25,40021,"[-0.015862   -0.04785093  0.00951109 -0.46733621  0.00781076  0.00550585
 -0.01354062  0.01301882  0.02002935 -0.31898066 -0.02411889  0.01435324
 -0.00512377 -0.0093255 ]",[-0.18875885],-0.9226644165209126
25,40023,"[-0.015862   -0.04785093  0.00951109 -0.46733621  0.00781076  0.00550585
 -0.01354062  0.01301882  0.02002935 -0.31898066 -0.02411889  0.01435324
 -0.00512377 -0.0093255 ]",[-0.34224162],-2.017582068747607
25,40027,"[-0.015862   -0.04785093  0.00951109 -0.46733621  0.00781076  0.00550585
 -0.01354062  0.01301882  0.02002935 -0.31898066 -0.02411889  0.01435324
 -0.00512377 -0.0093255 ]",[0.0940065],1.094531309096544
25,40031,"[-0.015862   -0.04785093  0.00951109 -0.46733621  0.00781076  0.00550585
 -0.01354062  0.01301882  0.02002935 -0.31898066 -0.02411889  0.01435324
 -0.00512377 -0.0093255 ]",[-0.03363291],0.183975353048455
25,40035,"[-0.015862   -0.04785093  0.00951109 -0.46733621  0.00781076  0.00550585
 -0.01354062  0.01301882  0.02002935 -0.31898066 -0.02411889  0.01435324
 -0.00512377 -0.0093255 ]",[-0.10463996],-0.3225758337573901
25,40037,"[-0.015862   -0.04785093  0.00951109 -0.46733621  0.00781076  0.00550585
 -0.01354062  0.01301882  0.02002935 -0.31898066 -0.02411889  0.01435324
 -0.00512377 -0.0093255 ]",[-0.04416395],0.10884887005531743
25,40039,"[-0.015862   -0.04785093  0.00951109 -0.46733621  0.00781076  0.00550585
 -0.01354062  0.01301882  0.02002935 -0.31898066 -0.02411889  0.01435324
 -0.00512377 -0.0093255 ]",[-0.269248],-1.496859092697728
25,40041,"[-0.015862   -0.04785093  0.00951109 -0.46733621  0.00781076  0.00550585
 -0.01354062  0.01301882  0.02002935 -0.31898066 -0.02411889  0.01435324
 -0.00512377 -0.0093255 ]",[-0.15183712],-0.6592716358298097
25,40047,"[-0.015862   -0.04785093  0.00951109 -0.46733621  0.00781076  0.00550585
 -0.01354062  0.01301882  0.02002935 -0.31898066 -0.02411889  0.01435324
 -0.00512377 -0.0093255 ]",[-0.12777188],-0.487594667220191
25,40049,"[-0.015862   -0.04785093  0.00951109 -0.46733621  0.00781076  0.00550585
 -0.01354062  0.01301882  0.02002935 -0.31898066 -0.02411889  0.01435324
 -0.00512377 -0.0093255 ]",[-0.05672252],0.019258323836230273
25,40051,"[-0.015862   -0.04785093  0.00951109 -0.46733621  0.00781076  0.00550585
 -0.01354062  0.01301882  0.02002935 -0.31898066 -0.02411889  0.01435324
 -0.00512377 -0.0093255 ]",[-0.1803907],-0.8629675707237761
25,40061,"[-0.015862   -0.04785093  0.00951109 -0.46733621  0.00781076  0.00550585
 -0.01354062  0.01301882  0.02002935 -0.31898066 -0.02411889  0.01435324
 -0.00512377 -0.0093255 ]",[-0.37833819],-2.2750883082512625
25,40063,"[-0.015862   -0.04785093  0.00951109 -0.46733621  0.00781076  0.00550585
 -0.01354062  0.01301882  0.02002935 -0.31898066 -0.02411889  0.01435324
 -0.00512377 -0.0093255 ]",[-0.2513662],-1.3692936399804518
25,40065,"[-0.015862   -0.04785093  0.00951109 -0.46733621  0.00781076  0.00550585
 -0.01354062  0.01301882  0.02002935 -0.31898066 -0.02411889  0.01435324
 -0.00512377 -0.0093255 ]",[-0.12391002],-0.46004487685725093
25,40071,"[-0.015862   -0.04785093  0.00951109 -0.46733621  0.00781076  0.00550585
 -0.01354062  0.01301882  0.02002935 -0.31898066 -0.02411889  0.01435324
 -0.00512377 -0.0093255 ]",[-0.07296196],-0.09659082147219827
25,40073,"[-0.015862   -0.04785093  0.00951109 -0.46733621  0.00781076  0.00550585
 -0.01354062  0.01301882  0.02002935 -0.31898066 -0.02411889  0.01435324
 -0.00512377 -0.0093255 ]",[-0.35127606],-2.0820320864091033
25,40079,"[-0.015862   -0.04785093  0.00951109 -0.46733621  0.00781076  0.00550585
 -0.01354062  0.01301882  0.02002935 -0.31898066 -0.02411889  0.01435324
 -0.00512377 -0.0093255 ]",[-0.0588355],0.004184737716048096
25,40081,"[-0.015862   -0.04785093  0.00951109 -0.46733621  0.00781076  0.00550585
 -0.01354062  0.01301882  0.02002935 -0.31898066 -0.02411889  0.01435324
 -0.00512377 -0.0093255 ]",[-0.09810761],-0.2759752087408423
25,40083,"[-0.015862   -0.04785093  0.00951109 -0.46733621  0.00781076  0.00550585
 -0.01354062  0.01301882  0.02002935 -0.31898066 -0.02411889  0.01435324
 -0.00512377 -0.0093255 ]",[-0.10334135],-0.31331177996681214
25,40087,"[-0.015862   -0.04785093  0.00951109 -0.46733621  0.00781076  0.00550585
 -0.01354062  0.01301882  0.02002935 -0.31898066 -0.02411889  0.01435324
 -0.00512377 -0.0093255 ]",[-0.25856199],-1.4206271018717822
25,40091,"[-0.015862   -0.04785093  0.00951109 -0.46733621  0.00781076  0.00550585
 -0.01354062  0.01301882  0.02002935 -0.31898066 -0.02411889  0.01435324
 -0.00512377 -0.0093255 ]",[-0.36144888],-2.154603091386449
25,40089,"[-0.015862   -0.04785093  0.00951109 -0.46733621  0.00781076  0.00550585
 -0.01354062  0.01301882  0.02002935 -0.31898066 -0.02411889  0.01435324
 -0.00512377 -0.0093255 ]",[-0.13816081],-0.5617073195953654
25,40095,"[-0.015862   -0.04785093  0.00951109 -0.46733621  0.00781076  0.00550585
 -0.01354062  0.01301882  0.02002935 -0.31898066 -0.02411889  0.01435324
 -0.00512377 -0.0093255 ]",[-0.18836391],-0.9198469895786265
25,40097,"[-0.015862   -0.04785093  0.00951109 -0.46733621  0.00781076  0.00550585
 -0.01354062  0.01301882  0.02002935 -0.31898066 -0.02411889  0.01435324
 -0.00512377 -0.0093255 ]",[0.26517404],2.3156088363243126
25,40103,"[-0.015862   -0.04785093  0.00951109 -0.46733621  0.00781076  0.00550585
 -0.01354062  0.01301882  0.02002935 -0.31898066 -0.02411889  0.01435324
 -0.00512377 -0.0093255 ]",[-0.30981299],-1.7862422484833527
25,40101,"[-0.015862   -0.04785093  0.00951109 -0.46733621  0.00781076  0.00550585
 -0.01354062  0.01301882  0.02002935 -0.31898066 -0.02411889  0.01435324
 -0.00512377 -0.0093255 ]",[-0.01844184],0.2923456046981501
25,40105,"[-0.015862   -0.04785093  0.00951109 -0.46733621  0.00781076  0.00550585
 -0.01354062  0.01301882  0.02002935 -0.31898066 -0.02411889  0.01435324
 -0.00512377 -0.0093255 ]",[-0.17946039],-0.8563309191193647
25,40107,"[-0.015862   -0.04785093  0.00951109 -0.46733621  0.00781076  0.00550585
 -0.01354062  0.01301882  0.02002935 -0.31898066 -0.02411889  0.01435324
 -0.00512377 -0.0093255 ]",[-0.46098458],-2.8646724035046036
25,40109,"[-0.015862   -0.04785093  0.00951109 -0.46733621  0.00781076  0.00550585
 -0.01354062  0.01301882  0.02002935 -0.31898066 -0.02411889  0.01435324
 -0.00512377 -0.0093255 ]",[0.00946513],0.49142881457530113
25,40111,"[-0.015862   -0.04785093  0.00951109 -0.46733621  0.00781076  0.00550585
 -0.01354062  0.01301882  0.02002935 -0.31898066 -0.02411889  0.01435324
 -0.00512377 -0.0093255 ]",[-0.08577326],-0.18798426195954754
25,40113,"[-0.015862   -0.04785093  0.00951109 -0.46733621  0.00781076  0.00550585
 -0.01354062  0.01301882  0.02002935 -0.31898066 -0.02411889  0.01435324
 -0.00512377 -0.0093255 ]",[-0.12004434],-0.43246777454532453
25,40115,"[-0.015862   -0.04785093  0.00951109 -0.46733621  0.00781076  0.00550585
 -0.01354062  0.01301882  0.02002935 -0.31898066 -0.02411889  0.01435324
 -0.00512377 -0.0093255 ]",[-0.07218802],-0.09106967444956084
25,40117,"[-0.015862   -0.04785093  0.00951109 -0.46733621  0.00781076  0.00550585
 -0.01354062  0.01301882  0.02002935 -0.31898066 -0.02411889  0.01435324
 -0.00512377 -0.0093255 ]",[0.20170616],1.862840719414881
25,40119,"[-0.015862   -0.04785093  0.00951109 -0.46733621  0.00781076  0.00550585
 -0.01354062  0.01301882  0.02002935 -0.31898066 -0.02411889  0.01435324
 -0.00512377 -0.0093255 ]",[0.00727339],0.4757932943473411
25,40121,"[-0.015862   -0.04785093  0.00951109 -0.46733621  0.00781076  0.00550585
 -0.01354062  0.01301882  0.02002935 -0.31898066 -0.02411889  0.01435324
 -0.00512377 -0.0093255 ]",[-0.10417537],-0.3192615220125658
25,40123,"[-0.015862   -0.04785093  0.00951109 -0.46733621  0.00781076  0.00550585
 -0.01354062  0.01301882  0.02002935 -0.31898066 -0.02411889  0.01435324
 -0.00512377 -0.0093255 ]",[-0.11871062],-0.4229532630030452
25,40125,"[-0.015862   -0.04785093  0.00951109 -0.46733621  0.00781076  0.00550585
 -0.01354062  0.01301882  0.02002935 -0.31898066 -0.02411889  0.01435324
 -0.00512377 -0.0093255 ]",[-0.04515181],0.10180166988419383
25,40131,"[-0.015862   -0.04785093  0.00951109 -0.46733621  0.00781076  0.00550585
 -0.01354062  0.01301882  0.02002935 -0.31898066 -0.02411889  0.01435324
 -0.00512377 -0.0093255 ]",[-0.05176869],0.054598046599222405
25,40133,"[-0.015862   -0.04785093  0.00951109 -0.46733621  0.00781076  0.00550585
 -0.01354062  0.01301882  0.02002935 -0.31898066 -0.02411889  0.01435324
 -0.00512377 -0.0093255 ]",[-0.0289227],0.2175771174460814
25,40135,"[-0.015862   -0.04785093  0.00951109 -0.46733621  0.00781076  0.00550585
 -0.01354062  0.01301882  0.02002935 -0.31898066 -0.02411889  0.01435324
 -0.00512377 -0.0093255 ]",[-0.07111024],-0.08338102426036778
25,40137,"[-0.015862   -0.04785093  0.00951109 -0.46733621  0.00781076  0.00550585
 -0.01354062  0.01301882  0.02002935 -0.31898066 -0.02411889  0.01435324
 -0.00512377 -0.0093255 ]",[-0.1457911],-0.6161404147511931
25,40139,"[-0.015862   -0.04785093  0.00951109 -0.46733621  0.00781076  0.00550585
 -0.01354062  0.01301882  0.02002935 -0.31898066 -0.02411889  0.01435324
 -0.00512377 -0.0093255 ]",[-0.41151526],-2.51176738502268
25,40141,"[-0.015862   -0.04785093  0.00951109 -0.46733621  0.00781076  0.00550585
 -0.01354062  0.01301882  0.02002935 -0.31898066 -0.02411889  0.01435324
 -0.00512377 -0.0093255 ]",[-0.16094941],-0.724277009997373
25,40143,"[-0.015862   -0.04785093  0.00951109 -0.46733621  0.00781076  0.00550585
 -0.01354062  0.01301882  0.02002935 -0.31898066 -0.02411889  0.01435324
 -0.00512377 -0.0093255 ]",[-0.00401255],0.39528150963307956
25,40145,"[-0.015862   -0.04785093  0.00951109 -0.46733621  0.00781076  0.00550585
 -0.01354062  0.01301882  0.02002935 -0.31898066 -0.02411889  0.01435324
 -0.00512377 -0.0093255 ]",[-0.08161997],-0.1583554280931469
25,40147,"[-0.015862   -0.04785093  0.00951109 -0.46733621  0.00781076  0.00550585
 -0.01354062  0.01301882  0.02002935 -0.31898066 -0.02411889  0.01435324
 -0.00512377 -0.0093255 ]",[-0.05936667],0.0003954801618278188
25,40149,"[-0.015862   -0.04785093  0.00951109 -0.46733621  0.00781076  0.00550585
 -0.01354062  0.01301882  0.02002935 -0.31898066 -0.02411889  0.01435324
 -0.00512377 -0.0093255 ]",[-0.34327418],-2.0249481522760866
25,40153,"[-0.015862   -0.04785093  0.00951109 -0.46733621  0.00781076  0.00550585
 -0.01354062  0.01301882  0.02002935 -0.31898066 -0.02411889  0.01435324
 -0.00512377 -0.0093255 ]",[-0.27488536],-1.5370749526306116
25,41001,"[-0.015862   -0.04785093  0.00951109 -0.46733621  0.00781076  0.00550585
 -0.01354062  0.01301882  0.02002935 -0.31898066 -0.02411889  0.01435324
 -0.00512377 -0.0093255 ]",[-0.13956364],-0.5717149025858361
25,41003,"[-0.015862   -0.04785093  0.00951109 -0.46733621  0.00781076  0.00550585
 -0.01354062  0.01301882  0.02002935 -0.31898066 -0.02411889  0.01435324
 -0.00512377 -0.0093255 ]",[-0.01675314],0.30439248420518983
25,41005,"[-0.015862   -0.04785093  0.00951109 -0.46733621  0.00781076  0.00550585
 -0.01354062  0.01301882  0.02002935 -0.31898066 -0.02411889  0.01435324
 -0.00512377 -0.0093255 ]",[-0.01091116],0.3460681405217842
25,41007,"[-0.015862   -0.04785093  0.00951109 -0.46733621  0.00781076  0.00550585
 -0.01354062  0.01301882  0.02002935 -0.31898066 -0.02411889  0.01435324
 -0.00512377 -0.0093255 ]",[-0.03100721],0.2027066055690575
25,41009,"[-0.015862   -0.04785093  0.00951109 -0.46733621  0.00781076  0.00550585
 -0.01354062  0.01301882  0.02002935 -0.31898066 -0.02411889  0.01435324
 -0.00512377 -0.0093255 ]",[-0.08690037],-0.19602486535067498
25,41011,"[-0.015862   -0.04785093  0.00951109 -0.46733621  0.00781076  0.00550585
 -0.01354062  0.01301882  0.02002935 -0.31898066 -0.02411889  0.01435324
 -0.00512377 -0.0093255 ]",[-0.15718203],-0.697401230302791
25,41013,"[-0.015862   -0.04785093  0.00951109 -0.46733621  0.00781076  0.00550585
 -0.01354062  0.01301882  0.02002935 -0.31898066 -0.02411889  0.01435324
 -0.00512377 -0.0093255 ]",[-0.45044349],-2.7894741935049385
25,41015,"[-0.015862   -0.04785093  0.00951109 -0.46733621  0.00781076  0.00550585
 -0.01354062  0.01301882  0.02002935 -0.31898066 -0.02411889  0.01435324
 -0.00512377 -0.0093255 ]",[-0.25788145],-1.4157722457600814
25,41017,"[-0.015862   -0.04785093  0.00951109 -0.46733621  0.00781076  0.00550585
 -0.01354062  0.01301882  0.02002935 -0.31898066 -0.02411889  0.01435324
 -0.00512377 -0.0093255 ]",[-0.03742769],0.15690407493217493
25,41019,"[-0.015862   -0.04785093  0.00951109 -0.46733621  0.00781076  0.00550585
 -0.01354062  0.01301882  0.02002935 -0.31898066 -0.02411889  0.01435324
 -0.00512377 -0.0093255 ]",[-0.01849107],0.2919944029597367
25,41027,"[-0.015862   -0.04785093  0.00951109 -0.46733621  0.00781076  0.00550585
 -0.01354062  0.01301882  0.02002935 -0.31898066 -0.02411889  0.01435324
 -0.00512377 -0.0093255 ]",[-0.42247784],-2.5899723965125476
25,41029,"[-0.015862   -0.04785093  0.00951109 -0.46733621  0.00781076  0.00550585
 -0.01354062  0.01301882  0.02002935 -0.31898066 -0.02411889  0.01435324
 -0.00512377 -0.0093255 ]",[-0.03485325],0.17526966510849176
25,41031,"[-0.015862   -0.04785093  0.00951109 -0.46733621  0.00781076  0.00550585
 -0.01354062  0.01301882  0.02002935 -0.31898066 -0.02411889  0.01435324
 -0.00512377 -0.0093255 ]",[-0.3395407],-1.998314183076713
25,41033,"[-0.015862   -0.04785093  0.00951109 -0.46733621  0.00781076  0.00550585
 -0.01354062  0.01301882  0.02002935 -0.31898066 -0.02411889  0.01435324
 -0.00512377 -0.0093255 ]",[0.04178468],0.7219904542480837
25,41035,"[-0.015862   -0.04785093  0.00951109 -0.46733621  0.00781076  0.00550585
 -0.01354062  0.01301882  0.02002935 -0.31898066 -0.02411889  0.01435324
 -0.00512377 -0.0093255 ]",[-0.01555584],0.3129338349665909
25,41039,"[-0.015862   -0.04785093  0.00951109 -0.46733621  0.00781076  0.00550585
 -0.01354062  0.01301882  0.02002935 -0.31898066 -0.02411889  0.01435324
 -0.00512377 -0.0093255 ]",[-0.01489516],0.31764699363569326
25,41041,"[-0.015862   -0.04785093  0.00951109 -0.46733621  0.00781076  0.00550585
 -0.01354062  0.01301882  0.02002935 -0.31898066 -0.02411889  0.01435324
 -0.00512377 -0.0093255 ]",[-0.06711115],-0.05485220306873748
25,41043,"[-0.015862   -0.04785093  0.00951109 -0.46733621  0.00781076  0.00550585
 -0.01354062  0.01301882  0.02002935 -0.31898066 -0.02411889  0.01435324
 -0.00512377 -0.0093255 ]",[-0.0564538],0.02117534618668499
25,41045,"[-0.015862   -0.04785093  0.00951109 -0.46733621  0.00781076  0.00550585
 -0.01354062  0.01301882  0.02002935 -0.31898066 -0.02411889  0.01435324
 -0.00512377 -0.0093255 ]",[-0.14686321],-0.6237886316877111
25,41047,"[-0.015862   -0.04785093  0.00951109 -0.46733621  0.00781076  0.00550585
 -0.01354062  0.01301882  0.02002935 -0.31898066 -0.02411889  0.01435324
 -0.00512377 -0.0093255 ]",[-0.00610746],0.38033682482323544
25,41051,"[-0.015862   -0.04785093  0.00951109 -0.46733621  0.00781076  0.00550585
 -0.01354062  0.01301882  0.02002935 -0.31898066 -0.02411889  0.01435324
 -0.00512377 -0.0093255 ]",[0.02430189],0.5972715206323463
25,41053,"[-0.015862   -0.04785093  0.00951109 -0.46733621  0.00781076  0.00550585
 -0.01354062  0.01301882  0.02002935 -0.31898066 -0.02411889  0.01435324
 -0.00512377 -0.0093255 ]",[-0.11230691],-0.37727041985325666
25,41057,"[-0.015862   -0.04785093  0.00951109 -0.46733621  0.00781076  0.00550585
 -0.01354062  0.01301882  0.02002935 -0.31898066 -0.02411889  0.01435324
 -0.00512377 -0.0093255 ]",[-0.13132381],-0.5129334246854094
25,41059,"[-0.015862   -0.04785093  0.00951109 -0.46733621  0.00781076  0.00550585
 -0.01354062  0.01301882  0.02002935 -0.31898066 -0.02411889  0.01435324
 -0.00512377 -0.0093255 ]",[-0.09226609],-0.23430294104455718
25,41061,"[-0.015862   -0.04785093  0.00951109 -0.46733621  0.00781076  0.00550585
 -0.01354062  0.01301882  0.02002935 -0.31898066 -0.02411889  0.01435324
 -0.00512377 -0.0093255 ]",[-0.16260304],-0.7360737182449212
25,41065,"[-0.015862   -0.04785093  0.00951109 -0.46733621  0.00781076  0.00550585
 -0.01354062  0.01301882  0.02002935 -0.31898066 -0.02411889  0.01435324
 -0.00512377 -0.0093255 ]",[-0.02157581],0.269988491110184
25,41067,"[-0.015862   -0.04785093  0.00951109 -0.46733621  0.00781076  0.00550585
 -0.01354062  0.01301882  0.02002935 -0.31898066 -0.02411889  0.01435324
 -0.00512377 -0.0093255 ]",[-0.01435402],0.3215073896338098
25,42001,"[-0.015862   -0.04785093  0.00951109 -0.46733621  0.00781076  0.00550585
 -0.01354062  0.01301882  0.02002935 -0.31898066 -0.02411889  0.01435324
 -0.00512377 -0.0093255 ]",[-0.04732801],0.08627706726888534
25,41071,"[-0.015862   -0.04785093  0.00951109 -0.46733621  0.00781076  0.00550585
 -0.01354062  0.01301882  0.02002935 -0.31898066 -0.02411889  0.01435324
 -0.00512377 -0.0093255 ]",[-0.04523763],0.10118945610174424
25,42003,"[-0.015862   -0.04785093  0.00951109 -0.46733621  0.00781076  0.00550585
 -0.01354062  0.01301882  0.02002935 -0.31898066 -0.02411889  0.01435324
 -0.00512377 -0.0093255 ]",[0.00163699],0.43558426094771885
25,42005,"[-0.015862   -0.04785093  0.00951109 -0.46733621  0.00781076  0.00550585
 -0.01354062  0.01301882  0.02002935 -0.31898066 -0.02411889  0.01435324
 -0.00512377 -0.0093255 ]",[-0.017659],0.29793023920036144
25,42007,"[-0.015862   -0.04785093  0.00951109 -0.46733621  0.00781076  0.00550585
 -0.01354062  0.01301882  0.02002935 -0.31898066 -0.02411889  0.01435324
 -0.00512377 -0.0093255 ]",[-0.0441908],0.1086573293138976
25,42009,"[-0.015862   -0.04785093  0.00951109 -0.46733621  0.00781076  0.00550585
 -0.01354062  0.01301882  0.02002935 -0.31898066 -0.02411889  0.01435324
 -0.00512377 -0.0093255 ]",[-0.14479687],-0.6090477613397302
25,42011,"[-0.015862   -0.04785093  0.00951109 -0.46733621  0.00781076  0.00550585
 -0.01354062  0.01301882  0.02002935 -0.31898066 -0.02411889  0.01435324
 -0.00512377 -0.0093255 ]",[0.03014203],0.6389339627888132
25,42013,"[-0.015862   -0.04785093  0.00951109 -0.46733621  0.00781076  0.00550585
 -0.01354062  0.01301882  0.02002935 -0.31898066 -0.02411889  0.01435324
 -0.00512377 -0.0093255 ]",[0.04254592],0.7274209945341489
25,42015,"[-0.015862   -0.04785093  0.00951109 -0.46733621  0.00781076  0.00550585
 -0.01354062  0.01301882  0.02002935 -0.31898066 -0.02411889  0.01435324
 -0.00512377 -0.0093255 ]",[-0.15208072],-0.661009412023272
25,42017,"[-0.015862   -0.04785093  0.00951109 -0.46733621  0.00781076  0.00550585
 -0.01354062  0.01301882  0.02002935 -0.31898066 -0.02411889  0.01435324
 -0.00512377 -0.0093255 ]",[-0.016031],0.30954411200271975
25,42019,"[-0.015862   -0.04785093  0.00951109 -0.46733621  0.00781076  0.00550585
 -0.01354062  0.01301882  0.02002935 -0.31898066 -0.02411889  0.01435324
 -0.00512377 -0.0093255 ]",[-0.01263501],0.33377045393168725
25,42021,"[-0.015862   -0.04785093  0.00951109 -0.46733621  0.00781076  0.00550585
 -0.01354062  0.01301882  0.02002935 -0.31898066 -0.02411889  0.01435324
 -0.00512377 -0.0093255 ]",[-0.00531659],0.38597876460671615
25,42025,"[-0.015862   -0.04785093  0.00951109 -0.46733621  0.00781076  0.00550585
 -0.01354062  0.01301882  0.02002935 -0.31898066 -0.02411889  0.01435324
 -0.00512377 -0.0093255 ]",[-0.09950544],-0.2859470683954102
25,42027,"[-0.015862   -0.04785093  0.00951109 -0.46733621  0.00781076  0.00550585
 -0.01354062  0.01301882  0.02002935 -0.31898066 -0.02411889  0.01435324
 -0.00512377 -0.0093255 ]",[-0.00838901],0.36406062404171846
25,42029,"[-0.015862   -0.04785093  0.00951109 -0.46733621  0.00781076  0.00550585
 -0.01354062  0.01301882  0.02002935 -0.31898066 -0.02411889  0.01435324
 -0.00512377 -0.0093255 ]",[-0.00747068],0.370611851460404
25,42031,"[-0.015862   -0.04785093  0.00951109 -0.46733621  0.00781076  0.00550585
 -0.01354062  0.01301882  0.02002935 -0.31898066 -0.02411889  0.01435324
 -0.00512377 -0.0093255 ]",[-0.14709554],-0.6254460267914321
25,42035,"[-0.015862   -0.04785093  0.00951109 -0.46733621  0.00781076  0.00550585
 -0.01354062  0.01301882  0.02002935 -0.31898066 -0.02411889  0.01435324
 -0.00512377 -0.0093255 ]",[-0.13613045],-0.5472231445043761
25,42033,"[-0.015862   -0.04785093  0.00951109 -0.46733621  0.00781076  0.00550585
 -0.01354062  0.01301882  0.02002935 -0.31898066 -0.02411889  0.01435324
 -0.00512377 -0.0093255 ]",[0.12634956],1.3252606927087
25,42037,"[-0.015862   -0.04785093  0.00951109 -0.46733621  0.00781076  0.00550585
 -0.01354062  0.01301882  0.02002935 -0.31898066 -0.02411889  0.01435324
 -0.00512377 -0.0093255 ]",[-0.10652159],-0.3359990383588827
25,42039,"[-0.015862   -0.04785093  0.00951109 -0.46733621  0.00781076  0.00550585
 -0.01354062  0.01301882  0.02002935 -0.31898066 -0.02411889  0.01435324
 -0.00512377 -0.0093255 ]",[-0.11047174],-0.36417865820489886
25,42041,"[-0.015862   -0.04785093  0.00951109 -0.46733621  0.00781076  0.00550585
 -0.01354062  0.01301882  0.02002935 -0.31898066 -0.02411889  0.01435324
 -0.00512377 -0.0093255 ]",[0.0185538],0.5562656716699227
25,42043,"[-0.015862   -0.04785093  0.00951109 -0.46733621  0.00781076  0.00550585
 -0.01354062  0.01301882  0.02002935 -0.31898066 -0.02411889  0.01435324
 -0.00512377 -0.0093255 ]",[-0.00637766],0.37840928564012055
25,42045,"[-0.015862   -0.04785093  0.00951109 -0.46733621  0.00781076  0.00550585
 -0.01354062  0.01301882  0.02002935 -0.31898066 -0.02411889  0.01435324
 -0.00512377 -0.0093255 ]",[0.00323676],0.4469967358315888
25,42047,"[-0.015862   -0.04785093  0.00951109 -0.46733621  0.00781076  0.00550585
 -0.01354062  0.01301882  0.02002935 -0.31898066 -0.02411889  0.01435324
 -0.00512377 -0.0093255 ]",[-0.02555266],0.24161834708654648
25,42049,"[-0.015862   -0.04785093  0.00951109 -0.46733621  0.00781076  0.00550585
 -0.01354062  0.01301882  0.02002935 -0.31898066 -0.02411889  0.01435324
 -0.00512377 -0.0093255 ]",[-0.01313266],0.33022033146729174
25,42051,"[-0.015862   -0.04785093  0.00951109 -0.46733621  0.00781076  0.00550585
 -0.01354062  0.01301882  0.02002935 -0.31898066 -0.02411889  0.01435324
 -0.00512377 -0.0093255 ]",[-0.02819895],0.22274019137761553
25,42055,"[-0.015862   -0.04785093  0.00951109 -0.46733621  0.00781076  0.00550585
 -0.01354062  0.01301882  0.02002935 -0.31898066 -0.02411889  0.01435324
 -0.00512377 -0.0093255 ]",[-0.06556364],-0.04381254684227632
25,42059,"[-0.015862   -0.04785093  0.00951109 -0.46733621  0.00781076  0.00550585
 -0.01354062  0.01301882  0.02002935 -0.31898066 -0.02411889  0.01435324
 -0.00512377 -0.0093255 ]",[-0.13696676],-0.5531892351369732
25,42061,"[-0.015862   -0.04785093  0.00951109 -0.46733621  0.00781076  0.00550585
 -0.01354062  0.01301882  0.02002935 -0.31898066 -0.02411889  0.01435324
 -0.00512377 -0.0093255 ]",[-0.04426447],0.10813179850221598
25,42063,"[-0.015862   -0.04785093  0.00951109 -0.46733621  0.00781076  0.00550585
 -0.01354062  0.01301882  0.02002935 -0.31898066 -0.02411889  0.01435324
 -0.00512377 -0.0093255 ]",[-0.03297537],0.18866610844845694
25,42065,"[-0.015862   -0.04785093  0.00951109 -0.46733621  0.00781076  0.00550585
 -0.01354062  0.01301882  0.02002935 -0.31898066 -0.02411889  0.01435324
 -0.00512377 -0.0093255 ]",[-0.01352059],0.32745289613757705
25,42067,"[-0.015862   -0.04785093  0.00951109 -0.46733621  0.00781076  0.00550585
 -0.01354062  0.01301882  0.02002935 -0.31898066 -0.02411889  0.01435324
 -0.00512377 -0.0093255 ]",[-0.15317019],-0.668781487931003
25,42069,"[-0.015862   -0.04785093  0.00951109 -0.46733621  0.00781076  0.00550585
 -0.01354062  0.01301882  0.02002935 -0.31898066 -0.02411889  0.01435324
 -0.00512377 -0.0093255 ]",[-0.02609368],0.23775878883273588
25,42071,"[-0.015862   -0.04785093  0.00951109 -0.46733621  0.00781076  0.00550585
 -0.01354062  0.01301882  0.02002935 -0.31898066 -0.02411889  0.01435324
 -0.00512377 -0.0093255 ]",[-0.00907219],0.35918700695548067
25,42073,"[-0.015862   -0.04785093  0.00951109 -0.46733621  0.00781076  0.00550585
 -0.01354062  0.01301882  0.02002935 -0.31898066 -0.02411889  0.01435324
 -0.00512377 -0.0093255 ]",[-0.0391088],0.14491134845173875
25,42075,"[-0.015862   -0.04785093  0.00951109 -0.46733621  0.00781076  0.00550585
 -0.01354062  0.01301882  0.02002935 -0.31898066 -0.02411889  0.01435324
 -0.00512377 -0.0093255 ]",[-0.02242056],0.26396215814716145
25,42077,"[-0.015862   -0.04785093  0.00951109 -0.46733621  0.00781076  0.00550585
 -0.01354062  0.01301882  0.02002935 -0.31898066 -0.02411889  0.01435324
 -0.00512377 -0.0093255 ]",[0.00297457],0.4451263282443517
25,42081,"[-0.015862   -0.04785093  0.00951109 -0.46733621  0.00781076  0.00550585
 -0.01354062  0.01301882  0.02002935 -0.31898066 -0.02411889  0.01435324
 -0.00512377 -0.0093255 ]",[-0.05718532],0.015956844713397998
25,42079,"[-0.015862   -0.04785093  0.00951109 -0.46733621  0.00781076  0.00550585
 -0.01354062  0.01301882  0.02002935 -0.31898066 -0.02411889  0.01435324
 -0.00512377 -0.0093255 ]",[0.00353817],0.4491469413200215
25,42083,"[-0.015862   -0.04785093  0.00951109 -0.46733621  0.00781076  0.00550585
 -0.01354062  0.01301882  0.02002935 -0.31898066 -0.02411889  0.01435324
 -0.00512377 -0.0093255 ]",[-0.00314633],0.4014609795416575
25,42085,"[-0.015862   -0.04785093  0.00951109 -0.46733621  0.00781076  0.00550585
 -0.01354062  0.01301882  0.02002935 -0.31898066 -0.02411889  0.01435324
 -0.00512377 -0.0093255 ]",[-0.08414514],-0.17636953334878466
25,42087,"[-0.015862   -0.04785093  0.00951109 -0.46733621  0.00781076  0.00550585
 -0.01354062  0.01301882  0.02002935 -0.31898066 -0.02411889  0.01435324
 -0.00512377 -0.0093255 ]",[-0.143046],-0.5965574190171985
25,42089,"[-0.015862   -0.04785093  0.00951109 -0.46733621  0.00781076  0.00550585
 -0.01354062  0.01301882  0.02002935 -0.31898066 -0.02411889  0.01435324
 -0.00512377 -0.0093255 ]",[-0.0179972],0.2955176115570775
25,42091,"[-0.015862   -0.04785093  0.00951109 -0.46733621  0.00781076  0.00550585
 -0.01354062  0.01301882  0.02002935 -0.31898066 -0.02411889  0.01435324
 -0.00512377 -0.0093255 ]",[-0.00201431],0.4095365651174376
25,42093,"[-0.015862   -0.04785093  0.00951109 -0.46733621  0.00781076  0.00550585
 -0.01354062  0.01301882  0.02002935 -0.31898066 -0.02411889  0.01435324
 -0.00512377 -0.0093255 ]",[-0.45285153],-2.8066526952037543
25,42095,"[-0.015862   -0.04785093  0.00951109 -0.46733621  0.00781076  0.00550585
 -0.01354062  0.01301882  0.02002935 -0.31898066 -0.02411889  0.01435324
 -0.00512377 -0.0093255 ]",[-0.02739851],0.2284503747280073
25,42099,"[-0.015862   -0.04785093  0.00951109 -0.46733621  0.00781076  0.00550585
 -0.01354062  0.01301882  0.02002935 -0.31898066 -0.02411889  0.01435324
 -0.00512377 -0.0093255 ]",[-0.21032353],-1.0765028584896366
25,42097,"[-0.015862   -0.04785093  0.00951109 -0.46733621  0.00781076  0.00550585
 -0.01354062  0.01301882  0.02002935 -0.31898066 -0.02411889  0.01435324
 -0.00512377 -0.0093255 ]",[-0.06851491],-0.06486637603199003
25,42101,"[-0.015862   -0.04785093  0.00951109 -0.46733621  0.00781076  0.00550585
 -0.01354062  0.01301882  0.02002935 -0.31898066 -0.02411889  0.01435324
 -0.00512377 -0.0093255 ]",[-0.00514869],0.3871765027783246
25,42103,"[-0.015862   -0.04785093  0.00951109 -0.46733621  0.00781076  0.00550585
 -0.01354062  0.01301882  0.02002935 -0.31898066 -0.02411889  0.01435324
 -0.00512377 -0.0093255 ]",[-0.03634298],0.16464220948289324
25,42105,"[-0.015862   -0.04785093  0.00951109 -0.46733621  0.00781076  0.00550585
 -0.01354062  0.01301882  0.02002935 -0.31898066 -0.02411889  0.01435324
 -0.00512377 -0.0093255 ]",[-0.33836861],-1.9899527698161565
25,42107,"[-0.015862   -0.04785093  0.00951109 -0.46733621  0.00781076  0.00550585
 -0.01354062  0.01301882  0.02002935 -0.31898066 -0.02411889  0.01435324
 -0.00512377 -0.0093255 ]",[-0.05537334],0.028883176778068443
25,42109,"[-0.015862   -0.04785093  0.00951109 -0.46733621  0.00781076  0.00550585
 -0.01354062  0.01301882  0.02002935 -0.31898066 -0.02411889  0.01435324
 -0.00512377 -0.0093255 ]",[-0.02928338],0.21500409232661372
25,42111,"[-0.015862   -0.04785093  0.00951109 -0.46733621  0.00781076  0.00550585
 -0.01354062  0.01301882  0.02002935 -0.31898066 -0.02411889  0.01435324
 -0.00512377 -0.0093255 ]",[0.03516746],0.6747844346121016
25,42115,"[-0.015862   -0.04785093  0.00951109 -0.46733621  0.00781076  0.00550585
 -0.01354062  0.01301882  0.02002935 -0.31898066 -0.02411889  0.01435324
 -0.00512377 -0.0093255 ]",[-0.13092296],-0.5100738523528991
25,42117,"[-0.015862   -0.04785093  0.00951109 -0.46733621  0.00781076  0.00550585
 -0.01354062  0.01301882  0.02002935 -0.31898066 -0.02411889  0.01435324
 -0.00512377 -0.0093255 ]",[-0.1336204],-0.5293169154023438
25,42119,"[-0.015862   -0.04785093  0.00951109 -0.46733621  0.00781076  0.00550585
 -0.01354062  0.01301882  0.02002935 -0.31898066 -0.02411889  0.01435324
 -0.00512377 -0.0093255 ]",[-0.20595755],-1.0453567622975333
25,42121,"[-0.015862   -0.04785093  0.00951109 -0.46733621  0.00781076  0.00550585
 -0.01354062  0.01301882  0.02002935 -0.31898066 -0.02411889  0.01435324
 -0.00512377 -0.0093255 ]",[-0.11138547],-0.37069703657657477
25,42123,"[-0.015862   -0.04785093  0.00951109 -0.46733621  0.00781076  0.00550585
 -0.01354062  0.01301882  0.02002935 -0.31898066 -0.02411889  0.01435324
 -0.00512377 -0.0093255 ]",[-0.15980639],-0.716122881428217
25,42125,"[-0.015862   -0.04785093  0.00951109 -0.46733621  0.00781076  0.00550585
 -0.01354062  0.01301882  0.02002935 -0.31898066 -0.02411889  0.01435324
 -0.00512377 -0.0093255 ]",[0.04521849],0.7464866763412642
25,42127,"[-0.015862   -0.04785093  0.00951109 -0.46733621  0.00781076  0.00550585
 -0.01354062  0.01301882  0.02002935 -0.31898066 -0.02411889  0.01435324
 -0.00512377 -0.0093255 ]",[-0.1176054],-0.4150688329858844
25,42129,"[-0.015862   -0.04785093  0.00951109 -0.46733621  0.00781076  0.00550585
 -0.01354062  0.01301882  0.02002935 -0.31898066 -0.02411889  0.01435324
 -0.00512377 -0.0093255 ]",[-0.01236707],0.33568190485977023
25,42131,"[-0.015862   -0.04785093  0.00951109 -0.46733621  0.00781076  0.00550585
 -0.01354062  0.01301882  0.02002935 -0.31898066 -0.02411889  0.01435324
 -0.00512377 -0.0093255 ]",[-0.19370912],-0.9579786866736315
25,42133,"[-0.015862   -0.04785093  0.00951109 -0.46733621  0.00781076  0.00550585
 -0.01354062  0.01301882  0.02002935 -0.31898066 -0.02411889  0.01435324
 -0.00512377 -0.0093255 ]",[-0.01212176],0.337431916636768
25,44001,"[-0.015862   -0.04785093  0.00951109 -0.46733621  0.00781076  0.00550585
 -0.01354062  0.01301882  0.02002935 -0.31898066 -0.02411889  0.01435324
 -0.00512377 -0.0093255 ]",[-0.14221103],-0.5906008418682888
25,44003,"[-0.015862   -0.04785093  0.00951109 -0.46733621  0.00781076  0.00550585
 -0.01354062  0.01301882  0.02002935 -0.31898066 -0.02411889  0.01435324
 -0.00512377 -0.0093255 ]",[-0.03379345],0.18283008514062477
25,44005,"[-0.015862   -0.04785093  0.00951109 -0.46733621  0.00781076  0.00550585
 -0.01354062  0.01301882  0.02002935 -0.31898066 -0.02411889  0.01435324
 -0.00512377 -0.0093255 ]",[0.0812075],1.0032255549094304
25,44007,"[-0.015862   -0.04785093  0.00951109 -0.46733621  0.00781076  0.00550585
 -0.01354062  0.01301882  0.02002935 -0.31898066 -0.02411889  0.01435324
 -0.00512377 -0.0093255 ]",[0.03231804],0.6544572447441872
25,44009,"[-0.015862   -0.04785093  0.00951109 -0.46733621  0.00781076  0.00550585
 -0.01354062  0.01301882  0.02002935 -0.31898066 -0.02411889  0.01435324
 -0.00512377 -0.0093255 ]",[0.11662364],1.2558777803468564
25,45001,"[-0.015862   -0.04785093  0.00951109 -0.46733621  0.00781076  0.00550585
 -0.01354062  0.01301882  0.02002935 -0.31898066 -0.02411889  0.01435324
 -0.00512377 -0.0093255 ]",[-0.19369059],-0.9578465040384124
25,45003,"[-0.015862   -0.04785093  0.00951109 -0.46733621  0.00781076  0.00550585
 -0.01354062  0.01301882  0.02002935 -0.31898066 -0.02411889  0.01435324
 -0.00512377 -0.0093255 ]",[-0.03554],0.1703705364640092
25,45007,"[-0.015862   -0.04785093  0.00951109 -0.46733621  0.00781076  0.00550585
 -0.01354062  0.01301882  0.02002935 -0.31898066 -0.02411889  0.01435324
 -0.00512377 -0.0093255 ]",[-0.01908774],0.28773793147130666
25,45009,"[-0.015862   -0.04785093  0.00951109 -0.46733621  0.00781076  0.00550585
 -0.01354062  0.01301882  0.02002935 -0.31898066 -0.02411889  0.01435324
 -0.00512377 -0.0093255 ]",[-0.35811449],-2.1308161911800347
25,45011,"[-0.015862   -0.04785093  0.00951109 -0.46733621  0.00781076  0.00550585
 -0.01354062  0.01301882  0.02002935 -0.31898066 -0.02411889  0.01435324
 -0.00512377 -0.0093255 ]",[-0.14435056],-0.6058638576558135
25,45013,"[-0.015862   -0.04785093  0.00951109 -0.46733621  0.00781076  0.00550585
 -0.01354062  0.01301882  0.02002935 -0.31898066 -0.02411889  0.01435324
 -0.00512377 -0.0093255 ]",[-0.00329901],0.4003717815219025
25,45015,"[-0.015862   -0.04785093  0.00951109 -0.46733621  0.00781076  0.00550585
 -0.01354062  0.01301882  0.02002935 -0.31898066 -0.02411889  0.01435324
 -0.00512377 -0.0093255 ]",[-0.04444334],0.10685576360095467
25,45019,"[-0.015862   -0.04785093  0.00951109 -0.46733621  0.00781076  0.00550585
 -0.01354062  0.01301882  0.02002935 -0.31898066 -0.02411889  0.01435324
 -0.00512377 -0.0093255 ]",[0.03884719],0.7010349644621329
25,45021,"[-0.015862   -0.04785093  0.00951109 -0.46733621  0.00781076  0.00550585
 -0.01354062  0.01301882  0.02002935 -0.31898066 -0.02411889  0.01435324
 -0.00512377 -0.0093255 ]",[-0.13016374],-0.5046577660952823
25,45023,"[-0.015862   -0.04785093  0.00951109 -0.46733621  0.00781076  0.00550585
 -0.01354062  0.01301882  0.02002935 -0.31898066 -0.02411889  0.01435324
 -0.00512377 -0.0093255 ]",[-0.1446571],-0.6080506630410353
25,45027,"[-0.015862   -0.04785093  0.00951109 -0.46733621  0.00781076  0.00550585
 -0.01354062  0.01301882  0.02002935 -0.31898066 -0.02411889  0.01435324
 -0.00512377 -0.0093255 ]",[0.08429843],1.0252757338757161
25,45025,"[-0.015862   -0.04785093  0.00951109 -0.46733621  0.00781076  0.00550585
 -0.01354062  0.01301882  0.02002935 -0.31898066 -0.02411889  0.01435324
 -0.00512377 -0.0093255 ]",[-0.13840611],-0.5634572449272955
25,45029,"[-0.015862   -0.04785093  0.00951109 -0.46733621  0.00781076  0.00550585
 -0.01354062  0.01301882  0.02002935 -0.31898066 -0.02411889  0.01435324
 -0.00512377 -0.0093255 ]",[-0.1671252],-0.7683339409194461
25,45031,"[-0.015862   -0.04785093  0.00951109 -0.46733621  0.00781076  0.00550585
 -0.01354062  0.01301882  0.02002935 -0.31898066 -0.02411889  0.01435324
 -0.00512377 -0.0093255 ]",[-0.07348227],-0.10030262434789078
25,45033,"[-0.015862   -0.04785093  0.00951109 -0.46733621  0.00781076  0.00550585
 -0.01354062  0.01301882  0.02002935 -0.31898066 -0.02411889  0.01435324
 -0.00512377 -0.0093255 ]",[-0.29816816],-1.7031701584594865
25,45035,"[-0.015862   -0.04785093  0.00951109 -0.46733621  0.00781076  0.00550585
 -0.01354062  0.01301882  0.02002935 -0.31898066 -0.02411889  0.01435324
 -0.00512377 -0.0093255 ]",[-0.08644652],-0.1927871446389778
25,45037,"[-0.015862   -0.04785093  0.00951109 -0.46733621  0.00781076  0.00550585
 -0.01354062  0.01301882  0.02002935 -0.31898066 -0.02411889  0.01435324
 -0.00512377 -0.0093255 ]",[-0.35005525],-2.0733230518773125
25,45039,"[-0.015862   -0.04785093  0.00951109 -0.46733621  0.00781076  0.00550585
 -0.01354062  0.01301882  0.02002935 -0.31898066 -0.02411889  0.01435324
 -0.00512377 -0.0093255 ]",[-0.17031387],-0.7910813541175434
25,45043,"[-0.015862   -0.04785093  0.00951109 -0.46733621  0.00781076  0.00550585
 -0.01354062  0.01301882  0.02002935 -0.31898066 -0.02411889  0.01435324
 -0.00512377 -0.0093255 ]",[-0.11714965],-0.41181761284403856
25,45041,"[-0.015862   -0.04785093  0.00951109 -0.46733621  0.00781076  0.00550585
 -0.01354062  0.01301882  0.02002935 -0.31898066 -0.02411889  0.01435324
 -0.00512377 -0.0093255 ]",[-0.03667569],0.16226869658152904
25,45045,"[-0.015862   -0.04785093  0.00951109 -0.46733621  0.00781076  0.00550585
 -0.01354062  0.01301882  0.02002935 -0.31898066 -0.02411889  0.01435324
 -0.00512377 -0.0093255 ]",[-0.01172971],0.3402287104763285
25,45049,"[-0.015862   -0.04785093  0.00951109 -0.46733621  0.00781076  0.00550585
 -0.01354062  0.01301882  0.02002935 -0.31898066 -0.02411889  0.01435324
 -0.00512377 -0.0093255 ]",[-0.21863728],-1.1358116030681134
25,45047,"[-0.015862   -0.04785093  0.00951109 -0.46733621  0.00781076  0.00550585
 -0.01354062  0.01301882  0.02002935 -0.31898066 -0.02411889  0.01435324
 -0.00512377 -0.0093255 ]",[-0.02707506],0.23075780285396397
25,45053,"[-0.015862   -0.04785093  0.00951109 -0.46733621  0.00781076  0.00550585
 -0.01354062  0.01301882  0.02002935 -0.31898066 -0.02411889  0.01435324
 -0.00512377 -0.0093255 ]",[-0.26427092],-1.4613535568289566
25,45051,"[-0.015862   -0.04785093  0.00951109 -0.46733621  0.00781076  0.00550585
 -0.01354062  0.01301882  0.02002935 -0.31898066 -0.02411889  0.01435324
 -0.00512377 -0.0093255 ]",[-0.02455681],0.24872252881200668
25,45055,"[-0.015862   -0.04785093  0.00951109 -0.46733621  0.00781076  0.00550585
 -0.01354062  0.01301882  0.02002935 -0.31898066 -0.02411889  0.01435324
 -0.00512377 -0.0093255 ]",[-0.07506981],-0.111627852527742
25,45057,"[-0.015862   -0.04785093  0.00951109 -0.46733621  0.00781076  0.00550585
 -0.01354062  0.01301882  0.02002935 -0.31898066 -0.02411889  0.01435324
 -0.00512377 -0.0093255 ]",[-0.0829788],-0.16804911904062397
25,45059,"[-0.015862   -0.04785093  0.00951109 -0.46733621  0.00781076  0.00550585
 -0.01354062  0.01301882  0.02002935 -0.31898066 -0.02411889  0.01435324
 -0.00512377 -0.0093255 ]",[-0.07246718],-0.09306117309634802
25,45061,"[-0.015862   -0.04785093  0.00951109 -0.46733621  0.00781076  0.00550585
 -0.01354062  0.01301882  0.02002935 -0.31898066 -0.02411889  0.01435324
 -0.00512377 -0.0093255 ]",[-0.16753849],-0.7712823085778651
25,45063,"[-0.015862   -0.04785093  0.00951109 -0.46733621  0.00781076  0.00550585
 -0.01354062  0.01301882  0.02002935 -0.31898066 -0.02411889  0.01435324
 -0.00512377 -0.0093255 ]",[-0.02908625],0.21641035717394694
25,45067,"[-0.015862   -0.04785093  0.00951109 -0.46733621  0.00781076  0.00550585
 -0.01354062  0.01301882  0.02002935 -0.31898066 -0.02411889  0.01435324
 -0.00512377 -0.0093255 ]",[-0.15585983],-0.6879688504665393
25,45069,"[-0.015862   -0.04785093  0.00951109 -0.46733621  0.00781076  0.00550585
 -0.01354062  0.01301882  0.02002935 -0.31898066 -0.02411889  0.01435324
 -0.00512377 -0.0093255 ]",[-0.03293552],0.18895039273490027
25,45073,"[-0.015862   -0.04785093  0.00951109 -0.46733621  0.00781076  0.00550585
 -0.01354062  0.01301882  0.02002935 -0.31898066 -0.02411889  0.01435324
 -0.00512377 -0.0093255 ]",[-0.08773621],-0.20198760938989432
25,45071,"[-0.015862   -0.04785093  0.00951109 -0.46733621  0.00781076  0.00550585
 -0.01354062  0.01301882  0.02002935 -0.31898066 -0.02411889  0.01435324
 -0.00512377 -0.0093255 ]",[-0.21040577],-1.0770894903431405
25,45075,"[-0.015862   -0.04785093  0.00951109 -0.46733621  0.00781076  0.00550585
 -0.01354062  0.01301882  0.02002935 -0.31898066 -0.02411889  0.01435324
 -0.00512377 -0.0093255 ]",[-0.06644993],-0.05013520954353184
25,45077,"[-0.015862   -0.04785093  0.00951109 -0.46733621  0.00781076  0.00550585
 -0.01354062  0.01301882  0.02002935 -0.31898066 -0.02411889  0.01435324
 -0.00512377 -0.0093255 ]",[0.09759258],1.1201136923434587
25,45079,"[-0.015862   -0.04785093  0.00951109 -0.46733621  0.00781076  0.00550585
 -0.01354062  0.01301882  0.02002935 -0.31898066 -0.02411889  0.01435324
 -0.00512377 -0.0093255 ]",[-0.00762296],0.3695254906549113
25,45081,"[-0.015862   -0.04785093  0.00951109 -0.46733621  0.00781076  0.00550585
 -0.01354062  0.01301882  0.02002935 -0.31898066 -0.02411889  0.01435324
 -0.00512377 -0.0093255 ]",[-0.30873177],-1.778529029291485
25,45083,"[-0.015862   -0.04785093  0.00951109 -0.46733621  0.00781076  0.00550585
 -0.01354062  0.01301882  0.02002935 -0.31898066 -0.02411889  0.01435324
 -0.00512377 -0.0093255 ]",[-0.02970392],0.21200405379801868
25,45085,"[-0.015862   -0.04785093  0.00951109 -0.46733621  0.00781076  0.00550585
 -0.01354062  0.01301882  0.02002935 -0.31898066 -0.02411889  0.01435324
 -0.00512377 -0.0093255 ]",[-0.06856302],-0.06520957513341324
25,45087,"[-0.015862   -0.04785093  0.00951109 -0.46733621  0.00781076  0.00550585
 -0.01354062  0.01301882  0.02002935 -0.31898066 -0.02411889  0.01435324
 -0.00512377 -0.0093255 ]",[-0.17053924],-0.7926890515870381
25,45089,"[-0.015862   -0.04785093  0.00951109 -0.46733621  0.00781076  0.00550585
 -0.01354062  0.01301882  0.02002935 -0.31898066 -0.02411889  0.01435324
 -0.00512377 -0.0093255 ]",[-0.12868803],-0.4941303017289453
25,45091,"[-0.015862   -0.04785093  0.00951109 -0.46733621  0.00781076  0.00550585
 -0.01354062  0.01301882  0.02002935 -0.31898066 -0.02411889  0.01435324
 -0.00512377 -0.0093255 ]",[-0.0194366],0.2852491673474908
25,46005,"[-0.015862   -0.04785093  0.00951109 -0.46733621  0.00781076  0.00550585
 -0.01354062  0.01301882  0.02002935 -0.31898066 -0.02411889  0.01435324
 -0.00512377 -0.0093255 ]",[-0.18981764],-0.9302176298016481
25,46011,"[-0.015862   -0.04785093  0.00951109 -0.46733621  0.00781076  0.00550585
 -0.01354062  0.01301882  0.02002935 -0.31898066 -0.02411889  0.01435324
 -0.00512377 -0.0093255 ]",[-0.2491849],-1.3537326382137094
25,46013,"[-0.015862   -0.04785093  0.00951109 -0.46733621  0.00781076  0.00550585
 -0.01354062  0.01301882  0.02002935 -0.31898066 -0.02411889  0.01435324
 -0.00512377 -0.0093255 ]",[-0.17202995],-0.8033235298183775
25,46029,"[-0.015862   -0.04785093  0.00951109 -0.46733621  0.00781076  0.00550585
 -0.01354062  0.01301882  0.02002935 -0.31898066 -0.02411889  0.01435324
 -0.00512377 -0.0093255 ]",[-0.16217645],-0.7330304959084161
25,46035,"[-0.015862   -0.04785093  0.00951109 -0.46733621  0.00781076  0.00550585
 -0.01354062  0.01301882  0.02002935 -0.31898066 -0.02411889  0.01435324
 -0.00512377 -0.0093255 ]",[-0.44947228],-2.7825457760393735
25,46065,"[-0.015862   -0.04785093  0.00951109 -0.46733621  0.00781076  0.00550585
 -0.01354062  0.01301882  0.02002935 -0.31898066 -0.02411889  0.01435324
 -0.00512377 -0.0093255 ]",[-0.30636551],-1.7616485234751897
25,46081,"[-0.015862   -0.04785093  0.00951109 -0.46733621  0.00781076  0.00550585
 -0.01354062  0.01301882  0.02002935 -0.31898066 -0.02411889  0.01435324
 -0.00512377 -0.0093255 ]",[-0.33772467],-1.9853589721213079
25,46083,"[-0.015862   -0.04785093  0.00951109 -0.46733621  0.00781076  0.00550585
 -0.01354062  0.01301882  0.02002935 -0.31898066 -0.02411889  0.01435324
 -0.00512377 -0.0093255 ]",[-0.12738272],-0.4848184378955419
25,46093,"[-0.015862   -0.04785093  0.00951109 -0.46733621  0.00781076  0.00550585
 -0.01354062  0.01301882  0.02002935 -0.31898066 -0.02411889  0.01435324
 -0.00512377 -0.0093255 ]",[-0.25806156],-1.417057084719497
25,46099,"[-0.015862   -0.04785093  0.00951109 -0.46733621  0.00781076  0.00550585
 -0.01354062  0.01301882  0.02002935 -0.31898066 -0.02411889  0.01435324
 -0.00512377 -0.0093255 ]",[-0.03945475],0.14244343968706202
25,46103,"[-0.015862   -0.04785093  0.00951109 -0.46733621  0.00781076  0.00550585
 -0.01354062  0.01301882  0.02002935 -0.31898066 -0.02411889  0.01435324
 -0.00512377 -0.0093255 ]",[-0.02332851],0.25748500808648167
25,46109,"[-0.015862   -0.04785093  0.00951109 -0.46733621  0.00781076  0.00550585
 -0.01354062  0.01301882  0.02002935 -0.31898066 -0.02411889  0.01435324
 -0.00512377 -0.0093255 ]",[-0.44075076],-2.7203280303182673
25,46135,"[-0.015862   -0.04785093  0.00951109 -0.46733621  0.00781076  0.00550585
 -0.01354062  0.01301882  0.02002935 -0.31898066 -0.02411889  0.01435324
 -0.00512377 -0.0093255 ]",[-0.30357695],-1.741755458150057
25,47001,"[-0.015862   -0.04785093  0.00951109 -0.46733621  0.00781076  0.00550585
 -0.01354062  0.01301882  0.02002935 -0.31898066 -0.02411889  0.01435324
 -0.00512377 -0.0093255 ]",[-0.01722914],0.30099682801900335
25,47005,"[-0.015862   -0.04785093  0.00951109 -0.46733621  0.00781076  0.00550585
 -0.01354062  0.01301882  0.02002935 -0.31898066 -0.02411889  0.01435324
 -0.00512377 -0.0093255 ]",[-0.19303135],-0.9531436468526865
25,47003,"[-0.015862   -0.04785093  0.00951109 -0.46733621  0.00781076  0.00550585
 -0.01354062  0.01301882  0.02002935 -0.31898066 -0.02411889  0.01435324
 -0.00512377 -0.0093255 ]",[-0.09476273],-0.25211347970958986
25,47009,"[-0.015862   -0.04785093  0.00951109 -0.46733621  0.00781076  0.00550585
 -0.01354062  0.01301882  0.02002935 -0.31898066 -0.02411889  0.01435324
 -0.00512377 -0.0093255 ]",[-0.0604266],-0.007165876444004697
25,47011,"[-0.015862   -0.04785093  0.00951109 -0.46733621  0.00781076  0.00550585
 -0.01354062  0.01301882  0.02002935 -0.31898066 -0.02411889  0.01435324
 -0.00512377 -0.0093255 ]",[0.02470514],0.6001482190242688
25,47013,"[-0.015862   -0.04785093  0.00951109 -0.46733621  0.00781076  0.00550585
 -0.01354062  0.01301882  0.02002935 -0.31898066 -0.02411889  0.01435324
 -0.00512377 -0.0093255 ]",[-0.14979651],-0.644714253528293
25,47017,"[-0.015862   -0.04785093  0.00951109 -0.46733621  0.00781076  0.00550585
 -0.01354062  0.01301882  0.02002935 -0.31898066 -0.02411889  0.01435324
 -0.00512377 -0.0093255 ]",[-0.13787862],-0.5596942784479618
25,47019,"[-0.015862   -0.04785093  0.00951109 -0.46733621  0.00781076  0.00550585
 -0.01354062  0.01301882  0.02002935 -0.31898066 -0.02411889  0.01435324
 -0.00512377 -0.0093255 ]",[-0.02642236],0.2354140936370433
25,47021,"[-0.015862   -0.04785093  0.00951109 -0.46733621  0.00781076  0.00550585
 -0.01354062  0.01301882  0.02002935 -0.31898066 -0.02411889  0.01435324
 -0.00512377 -0.0093255 ]",[-0.21448518],-1.106191249332996
25,47025,"[-0.015862   -0.04785093  0.00951109 -0.46733621  0.00781076  0.00550585
 -0.01354062  0.01301882  0.02002935 -0.31898066 -0.02411889  0.01435324
 -0.00512377 -0.0093255 ]",[0.05733425],0.8329182185513291
25,47029,"[-0.015862   -0.04785093  0.00951109 -0.46733621  0.00781076  0.00550585
 -0.01354062  0.01301882  0.02002935 -0.31898066 -0.02411889  0.01435324
 -0.00512377 -0.0093255 ]",[-0.11766674],-0.4155064692286462
25,47031,"[-0.015862   -0.04785093  0.00951109 -0.46733621  0.00781076  0.00550585
 -0.01354062  0.01301882  0.02002935 -0.31898066 -0.02411889  0.01435324
 -0.00512377 -0.0093255 ]",[-0.14636435],-0.6202299025610137
25,47035,"[-0.015862   -0.04785093  0.00951109 -0.46733621  0.00781076  0.00550585
 -0.01354062  0.01301882  0.02002935 -0.31898066 -0.02411889  0.01435324
 -0.00512377 -0.0093255 ]",[-0.04556246],0.0988721422313127
25,47033,"[-0.015862   -0.04785093  0.00951109 -0.46733621  0.00781076  0.00550585
 -0.01354062  0.01301882  0.02002935 -0.31898066 -0.02411889  0.01435324
 -0.00512377 -0.0093255 ]",[-0.27983894],-1.5724129158876803
25,47037,"[-0.015862   -0.04785093  0.00951109 -0.46733621  0.00781076  0.00550585
 -0.01354062  0.01301882  0.02002935 -0.31898066 -0.02411889  0.01435324
 -0.00512377 -0.0093255 ]",[0.01288869],0.5158518251416413
25,47039,"[-0.015862   -0.04785093  0.00951109 -0.46733621  0.00781076  0.00550585
 -0.01354062  0.01301882  0.02002935 -0.31898066 -0.02411889  0.01435324
 -0.00512377 -0.0093255 ]",[-0.36759643],-2.198458572215443
25,47043,"[-0.015862   -0.04785093  0.00951109 -0.46733621  0.00781076  0.00550585
 -0.01354062  0.01301882  0.02002935 -0.31898066 -0.02411889  0.01435324
 -0.00512377 -0.0093255 ]",[-0.11574425],-0.40179177466528765
25,47041,"[-0.015862   -0.04785093  0.00951109 -0.46733621  0.00781076  0.00550585
 -0.01354062  0.01301882  0.02002935 -0.31898066 -0.02411889  0.01435324
 -0.00512377 -0.0093255 ]",[-0.34940433],-2.068679518085788
25,47045,"[-0.015862   -0.04785093  0.00951109 -0.46733621  0.00781076  0.00550585
 -0.01354062  0.01301882  0.02002935 -0.31898066 -0.02411889  0.01435324
 -0.00512377 -0.0093255 ]",[-0.21827919],-1.133257058805986
25,47047,"[-0.015862   -0.04785093  0.00951109 -0.46733621  0.00781076  0.00550585
 -0.01354062  0.01301882  0.02002935 -0.31898066 -0.02411889  0.01435324
 -0.00512377 -0.0093255 ]",[-0.04303012],0.116937403049531
25,47051,"[-0.015862   -0.04785093  0.00951109 -0.46733621  0.00781076  0.00550585
 -0.01354062  0.01301882  0.02002935 -0.31898066 -0.02411889  0.01435324
 -0.00512377 -0.0093255 ]",[-0.11122555],-0.36955616306542116
25,47049,"[-0.015862   -0.04785093  0.00951109 -0.46733621  0.00781076  0.00550585
 -0.01354062  0.01301882  0.02002935 -0.31898066 -0.02411889  0.01435324
 -0.00512377 -0.0093255 ]",[-0.47569244],-2.96959551470947
25,47053,"[-0.015862   -0.04785093  0.00951109 -0.46733621  0.00781076  0.00550585
 -0.01354062  0.01301882  0.02002935 -0.31898066 -0.02411889  0.01435324
 -0.00512377 -0.0093255 ]",[-0.05580402],0.02581077367398664
25,47055,"[-0.015862   -0.04785093  0.00951109 -0.46733621  0.00781076  0.00550585
 -0.01354062  0.01301882  0.02002935 -0.31898066 -0.02411889  0.01435324
 -0.00512377 -0.0093255 ]",[-0.18106205],-0.8677568623908237
25,47057,"[-0.015862   -0.04785093  0.00951109 -0.46733621  0.00781076  0.00550585
 -0.01354062  0.01301882  0.02002935 -0.31898066 -0.02411889  0.01435324
 -0.00512377 -0.0093255 ]",[-0.24754061],-1.3420025672860505
25,47059,"[-0.015862   -0.04785093  0.00951109 -0.46733621  0.00781076  0.00550585
 -0.01354062  0.01301882  0.02002935 -0.31898066 -0.02411889  0.01435324
 -0.00512377 -0.0093255 ]",[-0.16629451],-0.7624079755476532
25,47061,"[-0.015862   -0.04785093  0.00951109 -0.46733621  0.00781076  0.00550585
 -0.01354062  0.01301882  0.02002935 -0.31898066 -0.02411889  0.01435324
 -0.00512377 -0.0093255 ]",[-0.48600079],-3.0431334294875496
25,47063,"[-0.015862   -0.04785093  0.00951109 -0.46733621  0.00781076  0.00550585
 -0.01354062  0.01301882  0.02002935 -0.31898066 -0.02411889  0.01435324
 -0.00512377 -0.0093255 ]",[-0.10217305],-0.3049772951451162
25,47065,"[-0.015862   -0.04785093  0.00951109 -0.46733621  0.00781076  0.00550585
 -0.01354062  0.01301882  0.02002935 -0.31898066 -0.02411889  0.01435324
 -0.00512377 -0.0093255 ]",[0.00503867],0.45985124715127373
25,47069,"[-0.015862   -0.04785093  0.00951109 -0.46733621  0.00781076  0.00550585
 -0.01354062  0.01301882  0.02002935 -0.31898066 -0.02411889  0.01435324
 -0.00512377 -0.0093255 ]",[-0.1741585],-0.8185081891924504
25,47071,"[-0.015862   -0.04785093  0.00951109 -0.46733621  0.00781076  0.00550585
 -0.01354062  0.01301882  0.02002935 -0.31898066 -0.02411889  0.01435324
 -0.00512377 -0.0093255 ]",[-0.24395775],-1.316443160293127
25,47073,"[-0.015862   -0.04785093  0.00951109 -0.46733621  0.00781076  0.00550585
 -0.01354062  0.01301882  0.02002935 -0.31898066 -0.02411889  0.01435324
 -0.00512377 -0.0093255 ]",[-0.16077572],-0.7230379393500882
25,47075,"[-0.015862   -0.04785093  0.00951109 -0.46733621  0.00781076  0.00550585
 -0.01354062  0.01301882  0.02002935 -0.31898066 -0.02411889  0.01435324
 -0.00512377 -0.0093255 ]",[-0.27576807],-1.5433720507515647
25,47079,"[-0.015862   -0.04785093  0.00951109 -0.46733621  0.00781076  0.00550585
 -0.01354062  0.01301882  0.02002935 -0.31898066 -0.02411889  0.01435324
 -0.00512377 -0.0093255 ]",[-0.01089413],0.3461895710830326
25,47077,"[-0.015862   -0.04785093  0.00951109 -0.46733621  0.00781076  0.00550585
 -0.01354062  0.01301882  0.02002935 -0.31898066 -0.02411889  0.01435324
 -0.00512377 -0.0093255 ]",[-0.24986171],-1.3585609284106441
25,47081,"[-0.015862   -0.04785093  0.00951109 -0.46733621  0.00781076  0.00550585
 -0.01354062  0.01301882  0.02002935 -0.31898066 -0.02411889  0.01435324
 -0.00512377 -0.0093255 ]",[-0.18450667],-0.8923301208973408
25,47085,"[-0.015862   -0.04785093  0.00951109 -0.46733621  0.00781076  0.00550585
 -0.01354062  0.01301882  0.02002935 -0.31898066 -0.02411889  0.01435324
 -0.00512377 -0.0093255 ]",[-0.24614991],-1.3320816247357676
25,47087,"[-0.015862   -0.04785093  0.00951109 -0.46733621  0.00781076  0.00550585
 -0.01354062  0.01301882  0.02002935 -0.31898066 -0.02411889  0.01435324
 -0.00512377 -0.0093255 ]",[-0.34390843],-2.0294728019522514
25,47089,"[-0.015862   -0.04785093  0.00951109 -0.46733621  0.00781076  0.00550585
 -0.01354062  0.01301882  0.02002935 -0.31898066 -0.02411889  0.01435324
 -0.00512377 -0.0093255 ]",[-0.20153309],-1.0137934878338124
25,47091,"[-0.015862   -0.04785093  0.00951109 -0.46733621  0.00781076  0.00550585
 -0.01354062  0.01301882  0.02002935 -0.31898066 -0.02411889  0.01435324
 -0.00512377 -0.0093255 ]",[-0.30532233],-1.7542067189884454
25,47093,"[-0.015862   -0.04785093  0.00951109 -0.46733621  0.00781076  0.00550585
 -0.01354062  0.01301882  0.02002935 -0.31898066 -0.02411889  0.01435324
 -0.00512377 -0.0093255 ]",[-0.00040536],0.421014508455676
25,47097,"[-0.015862   -0.04785093  0.00951109 -0.46733621  0.00781076  0.00550585
 -0.01354062  0.01301882  0.02002935 -0.31898066 -0.02411889  0.01435324
 -0.00512377 -0.0093255 ]",[-0.20407856],-1.0319524010857275
25,47099,"[-0.015862   -0.04785093  0.00951109 -0.46733621  0.00781076  0.00550585
 -0.01354062  0.01301882  0.02002935 -0.31898066 -0.02411889  0.01435324
 -0.00512377 -0.0093255 ]",[-0.11610235],-0.40434637904750625
25,47103,"[-0.015862   -0.04785093  0.00951109 -0.46733621  0.00781076  0.00550585
 -0.01354062  0.01301882  0.02002935 -0.31898066 -0.02411889  0.01435324
 -0.00512377 -0.0093255 ]",[-0.14193528],-0.5886337448529951
25,47105,"[-0.015862   -0.04785093  0.00951109 -0.46733621  0.00781076  0.00550585
 -0.01354062  0.01301882  0.02002935 -0.31898066 -0.02411889  0.01435324
 -0.00512377 -0.0093255 ]",[-0.19132474],-0.940968991442208
25,47107,"[-0.015862   -0.04785093  0.00951109 -0.46733621  0.00781076  0.00550585
 -0.01354062  0.01301882  0.02002935 -0.31898066 -0.02411889  0.01435324
 -0.00512377 -0.0093255 ]",[-0.0950946],-0.2544809774989672
25,47109,"[-0.015862   -0.04785093  0.00951109 -0.46733621  0.00781076  0.00550585
 -0.01354062  0.01301882  0.02002935 -0.31898066 -0.02411889  0.01435324
 -0.00512377 -0.0093255 ]",[-0.18591552],-0.9023806234198076
25,47111,"[-0.015862   -0.04785093  0.00951109 -0.46733621  0.00781076  0.00550585
 -0.01354062  0.01301882  0.02002935 -0.31898066 -0.02411889  0.01435324
 -0.00512377 -0.0093255 ]",[-0.39027472],-2.360241341505145
25,47113,"[-0.015862   -0.04785093  0.00951109 -0.46733621  0.00781076  0.00550585
 -0.01354062  0.01301882  0.02002935 -0.31898066 -0.02411889  0.01435324
 -0.00512377 -0.0093255 ]",[-0.02646264],0.23512669091643584
25,47117,"[-0.015862   -0.04785093  0.00951109 -0.46733621  0.00781076  0.00550585
 -0.01354062  0.01301882  0.02002935 -0.31898066 -0.02411889  0.01435324
 -0.00512377 -0.0093255 ]",[0.01622655],0.5396635199739919
25,47115,"[-0.015862   -0.04785093  0.00951109 -0.46733621  0.00781076  0.00550585
 -0.01354062  0.01301882  0.02002935 -0.31898066 -0.02411889  0.01435324
 -0.00512377 -0.0093255 ]",[-0.17500288],-0.824531839315636
25,47119,"[-0.015862   -0.04785093  0.00951109 -0.46733621  0.00781076  0.00550585
 -0.01354062  0.01301882  0.02002935 -0.31898066 -0.02411889  0.01435324
 -0.00512377 -0.0093255 ]",[-0.09349093],-0.24304067326271936
25,47123,"[-0.015862   -0.04785093  0.00951109 -0.46733621  0.00781076  0.00550585
 -0.01354062  0.01301882  0.02002935 -0.31898066 -0.02411889  0.01435324
 -0.00512377 -0.0093255 ]",[-0.15971776],-0.7154906765146449
25,47125,"[-0.015862   -0.04785093  0.00951109 -0.46733621  0.00781076  0.00550585
 -0.01354062  0.01301882  0.02002935 -0.31898066 -0.02411889  0.01435324
 -0.00512377 -0.0093255 ]",[-0.03642866],0.1640310109611775
25,47129,"[-0.015862   -0.04785093  0.00951109 -0.46733621  0.00781076  0.00550585
 -0.01354062  0.01301882  0.02002935 -0.31898066 -0.02411889  0.01435324
 -0.00512377 -0.0093255 ]",[-0.31403183],-1.8163386586810062
25,47131,"[-0.015862   -0.04785093  0.00951109 -0.46733621  0.00781076  0.00550585
 -0.01354062  0.01301882  0.02002935 -0.31898066 -0.02411889  0.01435324
 -0.00512377 -0.0093255 ]",[-0.06852399],-0.0649311435015941
25,47133,"[-0.015862   -0.04785093  0.00951109 -0.46733621  0.00781076  0.00550585
 -0.01354062  0.01301882  0.02002935 -0.31898066 -0.02411889  0.01435324
 -0.00512377 -0.0093255 ]",[-0.13878747],-0.5661778078480131
25,47139,"[-0.015862   -0.04785093  0.00951109 -0.46733621  0.00781076  0.00550585
 -0.01354062  0.01301882  0.02002935 -0.31898066 -0.02411889  0.01435324
 -0.00512377 -0.0093255 ]",[-0.28708802],-1.6241265387777883
25,47141,"[-0.015862   -0.04785093  0.00951109 -0.46733621  0.00781076  0.00550585
 -0.01354062  0.01301882  0.02002935 -0.31898066 -0.02411889  0.01435324
 -0.00512377 -0.0093255 ]",[-0.09807347],-0.27573167411093774
25,47145,"[-0.015862   -0.04785093  0.00951109 -0.46733621  0.00781076  0.00550585
 -0.01354062  0.01301882  0.02002935 -0.31898066 -0.02411889  0.01435324
 -0.00512377 -0.0093255 ]",[-0.12295119],-0.45320476259684983
25,47143,"[-0.015862   -0.04785093  0.00951109 -0.46733621  0.00781076  0.00550585
 -0.01354062  0.01301882  0.02002935 -0.31898066 -0.02411889  0.01435324
 -0.00512377 -0.0093255 ]",[-0.20301406],-1.024358444326998
25,47147,"[-0.015862   -0.04785093  0.00951109 -0.46733621  0.00781076  0.00550585
 -0.01354062  0.01301882  0.02002935 -0.31898066 -0.02411889  0.01435324
 -0.00512377 -0.0093255 ]",[0.00666701],0.4714675382952449
25,47149,"[-0.015862   -0.04785093  0.00951109 -0.46733621  0.00781076  0.00550585
 -0.01354062  0.01301882  0.02002935 -0.31898066 -0.02411889  0.01435324
 -0.00512377 -0.0093255 ]",[0.01028135],0.49725154534801774
25,47151,"[-0.015862   -0.04785093  0.00951109 -0.46733621  0.00781076  0.00550585
 -0.01354062  0.01301882  0.02002935 -0.31898066 -0.02411889  0.01435324
 -0.00512377 -0.0093255 ]",[-0.20595723],-1.0453544676537436
25,47155,"[-0.015862   -0.04785093  0.00951109 -0.46733621  0.00781076  0.00550585
 -0.01354062  0.01301882  0.02002935 -0.31898066 -0.02411889  0.01435324
 -0.00512377 -0.0093255 ]",[-0.04740996],0.08569243293721751
25,47157,"[-0.015862   -0.04785093  0.00951109 -0.46733621  0.00781076  0.00550585
 -0.01354062  0.01301882  0.02002935 -0.31898066 -0.02411889  0.01435324
 -0.00512377 -0.0093255 ]",[0.01365991],0.5213535808876935
25,47159,"[-0.015862   -0.04785093  0.00951109 -0.46733621  0.00781076  0.00550585
 -0.01354062  0.01301882  0.02002935 -0.31898066 -0.02411889  0.01435324
 -0.00512377 -0.0093255 ]",[-0.18193622],-0.8739930415795809
25,47163,"[-0.015862   -0.04785093  0.00951109 -0.46733621  0.00781076  0.00550585
 -0.01354062  0.01301882  0.02002935 -0.31898066 -0.02411889  0.01435324
 -0.00512377 -0.0093255 ]",[-0.00640286],0.3782295095589101
25,47165,"[-0.015862   -0.04785093  0.00951109 -0.46733621  0.00781076  0.00550585
 -0.01354062  0.01301882  0.02002935 -0.31898066 -0.02411889  0.01435324
 -0.00512377 -0.0093255 ]",[-0.04165104],0.12677545625801567
25,47167,"[-0.015862   -0.04785093  0.00951109 -0.46733621  0.00781076  0.00550585
 -0.01354062  0.01301882  0.02002935 -0.31898066 -0.02411889  0.01435324
 -0.00512377 -0.0093255 ]",[-0.06128621],-0.01329819769611478
25,47171,"[-0.015862   -0.04785093  0.00951109 -0.46733621  0.00781076  0.00550585
 -0.01354062  0.01301882  0.02002935 -0.31898066 -0.02411889  0.01435324
 -0.00512377 -0.0093255 ]",[-0.53771124],-3.412026146224476
25,47173,"[-0.015862   -0.04785093  0.00951109 -0.46733621  0.00781076  0.00550585
 -0.01354062  0.01301882  0.02002935 -0.31898066 -0.02411889  0.01435324
 -0.00512377 -0.0093255 ]",[-0.25698983],-1.409411554688094
25,47177,"[-0.015862   -0.04785093  0.00951109 -0.46733621  0.00781076  0.00550585
 -0.01354062  0.01301882  0.02002935 -0.31898066 -0.02411889  0.01435324
 -0.00512377 -0.0093255 ]",[-0.15844436],-0.7064064683323324
25,47179,"[-0.015862   -0.04785093  0.00951109 -0.46733621  0.00781076  0.00550585
 -0.01354062  0.01301882  0.02002935 -0.31898066 -0.02411889  0.01435324
 -0.00512377 -0.0093255 ]",[-0.00816954],0.36562630272868374
25,47181,"[-0.015862   -0.04785093  0.00951109 -0.46733621  0.00781076  0.00550585
 -0.01354062  0.01301882  0.02002935 -0.31898066 -0.02411889  0.01435324
 -0.00512377 -0.0093255 ]",[-0.29801087],-1.702048089483193
25,47183,"[-0.015862   -0.04785093  0.00951109 -0.46733621  0.00781076  0.00550585
 -0.01354062  0.01301882  0.02002935 -0.31898066 -0.02411889  0.01435324
 -0.00512377 -0.0093255 ]",[-0.10923096],-0.35532712117300524
25,47185,"[-0.015862   -0.04785093  0.00951109 -0.46733621  0.00781076  0.00550585
 -0.01354062  0.01301882  0.02002935 -0.31898066 -0.02411889  0.01435324
 -0.00512377 -0.0093255 ]",[-0.27250665],-1.5201057332872334
25,47187,"[-0.015862   -0.04785093  0.00951109 -0.46733621  0.00781076  0.00550585
 -0.01354062  0.01301882  0.02002935 -0.31898066 -0.02411889  0.01435324
 -0.00512377 -0.0093255 ]",[-0.01306408],0.3307096006670353
25,47189,"[-0.015862   -0.04785093  0.00951109 -0.46733621  0.00781076  0.00550585
 -0.01354062  0.01301882  0.02002935 -0.31898066 -0.02411889  0.01435324
 -0.00512377 -0.0093255 ]",[-0.08340269],-0.1710730297574188
25,48001,"[-0.015862   -0.04785093  0.00951109 -0.46733621  0.00781076  0.00550585
 -0.01354062  0.01301882  0.02002935 -0.31898066 -0.02411889  0.01435324
 -0.00512377 -0.0093255 ]",[0.01251114],0.513158494141044
25,48003,"[-0.015862   -0.04785093  0.00951109 -0.46733621  0.00781076  0.00550585
 -0.01354062  0.01301882  0.02002935 -0.31898066 -0.02411889  0.01435324
 -0.00512377 -0.0093255 ]",[-0.6174938],-3.9811801909239644
25,48005,"[-0.015862   -0.04785093  0.00951109 -0.46733621  0.00781076  0.00550585
 -0.01354062  0.01301882  0.02002935 -0.31898066 -0.02411889  0.01435324
 -0.00512377 -0.0093255 ]",[-0.09825658],-0.2770379746772109
25,48007,"[-0.015862   -0.04785093  0.00951109 -0.46733621  0.00781076  0.00550585
 -0.01354062  0.01301882  0.02002935 -0.31898066 -0.02411889  0.01435324
 -0.00512377 -0.0093255 ]",[-0.17821606],-0.8474541193451586
25,48013,"[-0.015862   -0.04785093  0.00951109 -0.46733621  0.00781076  0.00550585
 -0.01354062  0.01301882  0.02002935 -0.31898066 -0.02411889  0.01435324
 -0.00512377 -0.0093255 ]",[-0.0032806],0.4005031344493757
25,48015,"[-0.015862   -0.04785093  0.00951109 -0.46733621  0.00781076  0.00550585
 -0.01354062  0.01301882  0.02002935 -0.31898066 -0.02411889  0.01435324
 -0.00512377 -0.0093255 ]",[-0.15283143],-0.6663648694898555
25,48019,"[-0.015862   -0.04785093  0.00951109 -0.46733621  0.00781076  0.00550585
 -0.01354062  0.01301882  0.02002935 -0.31898066 -0.02411889  0.01435324
 -0.00512377 -0.0093255 ]",[-0.26291605],-1.4516881320959867
25,48021,"[-0.015862   -0.04785093  0.00951109 -0.46733621  0.00781076  0.00550585
 -0.01354062  0.01301882  0.02002935 -0.31898066 -0.02411889  0.01435324
 -0.00512377 -0.0093255 ]",[-0.24551504],-1.3275525934373684
25,48025,"[-0.015862   -0.04785093  0.00951109 -0.46733621  0.00781076  0.00550585
 -0.01354062  0.01301882  0.02002935 -0.31898066 -0.02411889  0.01435324
 -0.00512377 -0.0093255 ]",[-0.07501931],-0.11126757935028703
25,48027,"[-0.015862   -0.04785093  0.00951109 -0.46733621  0.00781076  0.00550585
 -0.01354062  0.01301882  0.02002935 -0.31898066 -0.02411889  0.01435324
 -0.00512377 -0.0093255 ]",[0.03095807],0.6447554790038836
25,48029,"[-0.015862   -0.04785093  0.00951109 -0.46733621  0.00781076  0.00550585
 -0.01354062  0.01301882  0.02002935 -0.31898066 -0.02411889  0.01435324
 -0.00512377 -0.0093255 ]",[0.01313278],0.5175931312080169
25,48035,"[-0.015862   -0.04785093  0.00951109 -0.46733621  0.00781076  0.00550585
 -0.01354062  0.01301882  0.02002935 -0.31898066 -0.02411889  0.01435324
 -0.00512377 -0.0093255 ]",[-0.1577009],-0.7011027000095965
25,48037,"[-0.015862   -0.04785093  0.00951109 -0.46733621  0.00781076  0.00550585
 -0.01354062  0.01301882  0.02002935 -0.31898066 -0.02411889  0.01435324
 -0.00512377 -0.0093255 ]",[-0.09246847],-0.23574667547552033
25,48039,"[-0.015862   -0.04785093  0.00951109 -0.46733621  0.00781076  0.00550585
 -0.01354062  0.01301882  0.02002935 -0.31898066 -0.02411889  0.01435324
 -0.00512377 -0.0093255 ]",[0.06290683],0.8726720191567623
25,48041,"[-0.015862   -0.04785093  0.00951109 -0.46733621  0.00781076  0.00550585
 -0.01354062  0.01301882  0.02002935 -0.31898066 -0.02411889  0.01435324
 -0.00512377 -0.0093255 ]",[-0.00366031],0.3977943140183468
25,48049,"[-0.015862   -0.04785093  0.00951109 -0.46733621  0.00781076  0.00550585
 -0.01354062  0.01301882  0.02002935 -0.31898066 -0.02411889  0.01435324
 -0.00512377 -0.0093255 ]",[-0.03138189],0.20003372952993306
25,48051,"[-0.015862   -0.04785093  0.00951109 -0.46733621  0.00781076  0.00550585
 -0.01354062  0.01301882  0.02002935 -0.31898066 -0.02411889  0.01435324
 -0.00512377 -0.0093255 ]",[-0.38757244],-2.3409637769838825
25,48053,"[-0.015862   -0.04785093  0.00951109 -0.46733621  0.00781076  0.00550585
 -0.01354062  0.01301882  0.02002935 -0.31898066 -0.02411889  0.01435324
 -0.00512377 -0.0093255 ]",[-0.13897751],-0.5675335409890693
25,48055,"[-0.015862   -0.04785093  0.00951109 -0.46733621  0.00781076  0.00550585
 -0.01354062  0.01301882  0.02002935 -0.31898066 -0.02411889  0.01435324
 -0.00512377 -0.0093255 ]",[-0.11615275],-0.40470595612667815
25,48057,"[-0.015862   -0.04785093  0.00951109 -0.46733621  0.00781076  0.00550585
 -0.01354062  0.01301882  0.02002935 -0.31898066 -0.02411889  0.01435324
 -0.00512377 -0.0093255 ]",[-0.2254252],-1.184235370067411
25,48061,"[-0.015862   -0.04785093  0.00951109 -0.46733621  0.00781076  0.00550585
 -0.01354062  0.01301882  0.02002935 -0.31898066 -0.02411889  0.01435324
 -0.00512377 -0.0093255 ]",[0.01677415],0.5435699491440599
25,48071,"[-0.015862   -0.04785093  0.00951109 -0.46733621  0.00781076  0.00550585
 -0.01354062  0.01301882  0.02002935 -0.31898066 -0.02411889  0.01435324
 -0.00512377 -0.0093255 ]",[-0.04037008],0.13591361083803188
25,48067,"[-0.015862   -0.04785093  0.00951109 -0.46733621  0.00781076  0.00550585
 -0.01354062  0.01301882  0.02002935 -0.31898066 -0.02411889  0.01435324
 -0.00512377 -0.0093255 ]",[-0.10964302],-0.3582666884249488
25,48073,"[-0.015862   -0.04785093  0.00951109 -0.46733621  0.00781076  0.00550585
 -0.01354062  0.01301882  0.02002935 -0.31898066 -0.02411889  0.01435324
 -0.00512377 -0.0093255 ]",[-0.16526975],-0.7550975434718508
25,48085,"[-0.015862   -0.04785093  0.00951109 -0.46733621  0.00781076  0.00550585
 -0.01354062  0.01301882  0.02002935 -0.31898066 -0.02411889  0.01435324
 -0.00512377 -0.0093255 ]",[-0.00396361],0.39563063495219936
25,48089,"[-0.015862   -0.04785093  0.00951109 -0.46733621  0.00781076  0.00550585
 -0.01354062  0.01301882  0.02002935 -0.31898066 -0.02411889  0.01435324
 -0.00512377 -0.0093255 ]",[-0.23483228],-1.2513437060743873
25,48091,"[-0.015862   -0.04785093  0.00951109 -0.46733621  0.00781076  0.00550585
 -0.01354062  0.01301882  0.02002935 -0.31898066 -0.02411889  0.01435324
 -0.00512377 -0.0093255 ]",[-0.03266686],0.19086695335155734
25,48093,"[-0.015862   -0.04785093  0.00951109 -0.46733621  0.00781076  0.00550585
 -0.01354062  0.01301882  0.02002935 -0.31898066 -0.02411889  0.01435324
 -0.00512377 -0.0093255 ]",[-0.47859511],-2.990302632140388
25,48097,"[-0.015862   -0.04785093  0.00951109 -0.46733621  0.00781076  0.00550585
 -0.01354062  0.01301882  0.02002935 -0.31898066 -0.02411889  0.01435324
 -0.00512377 -0.0093255 ]",[-0.02783546],0.2253332773301792
25,48099,"[-0.015862   -0.04785093  0.00951109 -0.46733621  0.00781076  0.00550585
 -0.01354062  0.01301882  0.02002935 -0.31898066 -0.02411889  0.01435324
 -0.00512377 -0.0093255 ]",[-0.11612362],-0.4044981012195205
25,48113,"[-0.015862   -0.04785093  0.00951109 -0.46733621  0.00781076  0.00550585
 -0.01354062  0.01301882  0.02002935 -0.31898066 -0.02411889  0.01435324
 -0.00512377 -0.0093255 ]",[0.00218595],0.4395004428556888
25,48115,"[-0.015862   -0.04785093  0.00951109 -0.46733621  0.00781076  0.00550585
 -0.01354062  0.01301882  0.02002935 -0.31898066 -0.02411889  0.01435324
 -0.00512377 -0.0093255 ]",[-0.42722292],-2.6238229424639683
25,48117,"[-0.015862   -0.04785093  0.00951109 -0.46733621  0.00781076  0.00550585
 -0.01354062  0.01301882  0.02002935 -0.31898066 -0.02411889  0.01435324
 -0.00512377 -0.0093255 ]",[-0.38638678],-2.3325054836896078
25,48121,"[-0.015862   -0.04785093  0.00951109 -0.46733621  0.00781076  0.00550585
 -0.01354062  0.01301882  0.02002935 -0.31898066 -0.02411889  0.01435324
 -0.00512377 -0.0093255 ]",[0.03822844],0.6966209410640082
25,48123,"[-0.015862   -0.04785093  0.00951109 -0.46733621  0.00781076  0.00550585
 -0.01354062  0.01301882  0.02002935 -0.31898066 -0.02411889  0.01435324
 -0.00512377 -0.0093255 ]",[-0.27755225],-1.5561000760505486
25,48133,"[-0.015862   -0.04785093  0.00951109 -0.46733621  0.00781076  0.00550585
 -0.01354062  0.01301882  0.02002935 -0.31898066 -0.02411889  0.01435324
 -0.00512377 -0.0093255 ]",[-0.27394656],-1.5303777530961953
25,48139,"[-0.015862   -0.04785093  0.00951109 -0.46733621  0.00781076  0.00550585
 -0.01354062  0.01301882  0.02002935 -0.31898066 -0.02411889  0.01435324
 -0.00512377 -0.0093255 ]",[-0.06388391],-0.031829689630568335
25,48135,"[-0.015862   -0.04785093  0.00951109 -0.46733621  0.00781076  0.00550585
 -0.01354062  0.01301882  0.02002935 -0.31898066 -0.02411889  0.01435324
 -0.00512377 -0.0093255 ]",[-0.07606994],-0.11876258513439052
25,48141,"[-0.015862   -0.04785093  0.00951109 -0.46733621  0.00781076  0.00550585
 -0.01354062  0.01301882  0.02002935 -0.31898066 -0.02411889  0.01435324
 -0.00512377 -0.0093255 ]",[0.01552204],0.5346376492903945
25,48143,"[-0.015862   -0.04785093  0.00951109 -0.46733621  0.00781076  0.00550585
 -0.01354062  0.01301882  0.02002935 -0.31898066 -0.02411889  0.01435324
 -0.00512377 -0.0093255 ]",[-0.07905481],-0.14005607149125515
25,48145,"[-0.015862   -0.04785093  0.00951109 -0.46733621  0.00781076  0.00550585
 -0.01354062  0.01301882  0.02002935 -0.31898066 -0.02411889  0.01435324
 -0.00512377 -0.0093255 ]",[0.15812067],1.5519099096624713
25,48147,"[-0.015862   -0.04785093  0.00951109 -0.46733621  0.00781076  0.00550585
 -0.01354062  0.01301882  0.02002935 -0.31898066 -0.02411889  0.01435324
 -0.00512377 -0.0093255 ]",[-0.11161896],-0.3723626731344789
25,48149,"[-0.015862   -0.04785093  0.00951109 -0.46733621  0.00781076  0.00550585
 -0.01354062  0.01301882  0.02002935 -0.31898066 -0.02411889  0.01435324
 -0.00512377 -0.0093255 ]",[-0.13695849],-0.5531302287194563
25,48157,"[-0.015862   -0.04785093  0.00951109 -0.46733621  0.00781076  0.00550585
 -0.01354062  0.01301882  0.02002935 -0.31898066 -0.02411889  0.01435324
 -0.00512377 -0.0093255 ]",[0.01698596],0.5450810305520919
25,48161,"[-0.015862   -0.04785093  0.00951109 -0.46733621  0.00781076  0.00550585
 -0.01354062  0.01301882  0.02002935 -0.31898066 -0.02411889  0.01435324
 -0.00512377 -0.0093255 ]",[0.01757021],0.5492489097756282
25,48167,"[-0.015862   -0.04785093  0.00951109 -0.46733621  0.00781076  0.00550585
 -0.01354062  0.01301882  0.02002935 -0.31898066 -0.02411889  0.01435324
 -0.00512377 -0.0093255 ]",[0.02895981],0.6305001929767009
25,48171,"[-0.015862   -0.04785093  0.00951109 -0.46733621  0.00781076  0.00550585
 -0.01354062  0.01301882  0.02002935 -0.31898066 -0.02411889  0.01435324
 -0.00512377 -0.0093255 ]",[-0.23436415],-1.2480042071211221
25,48179,"[-0.015862   -0.04785093  0.00951109 -0.46733621  0.00781076  0.00550585
 -0.01354062  0.01301882  0.02002935 -0.31898066 -0.02411889  0.01435324
 -0.00512377 -0.0093255 ]",[-0.20320979],-1.025754728840936
25,48177,"[-0.015862   -0.04785093  0.00951109 -0.46733621  0.00781076  0.00550585
 -0.01354062  0.01301882  0.02002935 -0.31898066 -0.02411889  0.01435324
 -0.00512377 -0.0093255 ]",[-0.11152155],-0.3716678336411431
25,48181,"[-0.015862   -0.04785093  0.00951109 -0.46733621  0.00781076  0.00550585
 -0.01354062  0.01301882  0.02002935 -0.31898066 -0.02411889  0.01435324
 -0.00512377 -0.0093255 ]",[-0.02906346],0.2165729892368833
25,48183,"[-0.015862   -0.04785093  0.00951109 -0.46733621  0.00781076  0.00550585
 -0.01354062  0.01301882  0.02002935 -0.31898066 -0.02411889  0.01435324
 -0.00512377 -0.0093255 ]",[-0.02295023],0.2601836009308274
25,48185,"[-0.015862   -0.04785093  0.00951109 -0.46733621  0.00781076  0.00550585
 -0.01354062  0.01301882  0.02002935 -0.31898066 -0.02411889  0.01435324
 -0.00512377 -0.0093255 ]",[-0.2923624],-1.6617529361061916
25,48187,"[-0.015862   -0.04785093  0.00951109 -0.46733621  0.00781076  0.00550585
 -0.01354062  0.01301882  0.02002935 -0.31898066 -0.02411889  0.01435324
 -0.00512377 -0.0093255 ]",[-0.08636667],-0.19221756509360405
25,48189,"[-0.015862   -0.04785093  0.00951109 -0.46733621  0.00781076  0.00550585
 -0.01354062  0.01301882  0.02002935 -0.31898066 -0.02411889  0.01435324
 -0.00512377 -0.0093255 ]",[-0.20935225],-1.0695738898571083
25,48199,"[-0.015862   -0.04785093  0.00951109 -0.46733621  0.00781076  0.00550585
 -0.01354062  0.01301882  0.02002935 -0.31898066 -0.02411889  0.01435324
 -0.00512377 -0.0093255 ]",[-0.01353473],0.32735200685546245
25,48201,"[-0.015862   -0.04785093  0.00951109 -0.46733621  0.00781076  0.00550585
 -0.01354062  0.01301882  0.02002935 -0.31898066 -0.02411889  0.01435324
 -0.00512377 -0.0093255 ]",[0.00456059],0.4564406788347464
25,48203,"[-0.015862   -0.04785093  0.00951109 -0.46733621  0.00781076  0.00550585
 -0.01354062  0.01301882  0.02002935 -0.31898066 -0.02411889  0.01435324
 -0.00512377 -0.0093255 ]",[0.02609712],0.6100783613861336
25,48209,"[-0.015862   -0.04785093  0.00951109 -0.46733621  0.00781076  0.00550585
 -0.01354062  0.01301882  0.02002935 -0.31898066 -0.02411889  0.01435324
 -0.00512377 -0.0093255 ]",[0.07911425],0.9882927508133571
25,48213,"[-0.015862   -0.04785093  0.00951109 -0.46733621  0.00781076  0.00550585
 -0.01354062  0.01301882  0.02002935 -0.31898066 -0.02411889  0.01435324
 -0.00512377 -0.0093255 ]",[-0.09631515],-0.2631881282892951
25,48215,"[-0.015862   -0.04785093  0.00951109 -0.46733621  0.00781076  0.00550585
 -0.01354062  0.01301882  0.02002935 -0.31898066 -0.02411889  0.01435324
 -0.00512377 -0.0093255 ]",[-0.00315309],0.40141277135270603
25,48217,"[-0.015862   -0.04785093  0.00951109 -0.46733621  0.00781076  0.00550585
 -0.01354062  0.01301882  0.02002935 -0.31898066 -0.02411889  0.01435324
 -0.00512377 -0.0093255 ]",[-0.1272518],-0.4838844584324971
25,48219,"[-0.015862   -0.04785093  0.00951109 -0.46733621  0.00781076  0.00550585
 -0.01354062  0.01301882  0.02002935 -0.31898066 -0.02411889  0.01435324
 -0.00512377 -0.0093255 ]",[-0.2276433],-1.2000588740353288
25,48221,"[-0.015862   -0.04785093  0.00951109 -0.46733621  0.00781076  0.00550585
 -0.01354062  0.01301882  0.02002935 -0.31898066 -0.02411889  0.01435324
 -0.00512377 -0.0093255 ]",[-0.07102693],-0.08278670257107498
25,48223,"[-0.015862   -0.04785093  0.00951109 -0.46733621  0.00781076  0.00550585
 -0.01354062  0.01301882  0.02002935 -0.31898066 -0.02411889  0.01435324
 -0.00512377 -0.0093255 ]",[-0.14055834],-0.5788108906399722
25,48225,"[-0.015862   -0.04785093  0.00951109 -0.46733621  0.00781076  0.00550585
 -0.01354062  0.01301882  0.02002935 -0.31898066 -0.02411889  0.01435324
 -0.00512377 -0.0093255 ]",[-0.18733482],-0.912505628552463
25,48227,"[-0.015862   -0.04785093  0.00951109 -0.46733621  0.00781076  0.00550585
 -0.01354062  0.01301882  0.02002935 -0.31898066 -0.02411889  0.01435324
 -0.00512377 -0.0093255 ]",[-0.09795885],-0.2749139886199379
25,48231,"[-0.015862   -0.04785093  0.00951109 -0.46733621  0.00781076  0.00550585
 -0.01354062  0.01301882  0.02002935 -0.31898066 -0.02411889  0.01435324
 -0.00512377 -0.0093255 ]",[-0.01783631],0.29666539562744065
25,48233,"[-0.015862   -0.04785093  0.00951109 -0.46733621  0.00781076  0.00550585
 -0.01354062  0.01301882  0.02002935 -0.31898066 -0.02411889  0.01435324
 -0.00512377 -0.0093255 ]",[-0.12036987],-0.4347900990394291
25,48241,"[-0.015862   -0.04785093  0.00951109 -0.46733621  0.00781076  0.00550585
 -0.01354062  0.01301882  0.02002935 -0.31898066 -0.02411889  0.01435324
 -0.00512377 -0.0093255 ]",[0.31660016],2.6824732619466207
25,48245,"[-0.015862   -0.04785093  0.00951109 -0.46733621  0.00781076  0.00550585
 -0.01354062  0.01301882  0.02002935 -0.31898066 -0.02411889  0.01435324
 -0.00512377 -0.0093255 ]",[-0.0237198],0.25469365639327407
25,48249,"[-0.015862   -0.04785093  0.00951109 -0.46733621  0.00781076  0.00550585
 -0.01354062  0.01301882  0.02002935 -0.31898066 -0.02411889  0.01435324
 -0.00512377 -0.0093255 ]",[-0.04017177],0.13732833639007141
25,48251,"[-0.015862   -0.04785093  0.00951109 -0.46733621  0.00781076  0.00550585
 -0.01354062  0.01301882  0.02002935 -0.31898066 -0.02411889  0.01435324
 -0.00512377 -0.0093255 ]",[-0.04204958],0.12393240190383557
25,48253,"[-0.015862   -0.04785093  0.00951109 -0.46733621  0.00781076  0.00550585
 -0.01354062  0.01301882  0.02002935 -0.31898066 -0.02411889  0.01435324
 -0.00512377 -0.0093255 ]",[-0.29698887],-1.6947573288854398
25,48255,"[-0.015862   -0.04785093  0.00951109 -0.46733621  0.00781076  0.00550585
 -0.01354062  0.01301882  0.02002935 -0.31898066 -0.02411889  0.01435324
 -0.00512377 -0.0093255 ]",[-0.44477197],-2.7490146333583985
25,48257,"[-0.015862   -0.04785093  0.00951109 -0.46733621  0.00781076  0.00550585
 -0.01354062  0.01301882  0.02002935 -0.31898066 -0.02411889  0.01435324
 -0.00512377 -0.0093255 ]",[-0.00717934],0.372690204109397
25,48259,"[-0.015862   -0.04785093  0.00951109 -0.46733621  0.00781076  0.00550585
 -0.01354062  0.01301882  0.02002935 -0.31898066 -0.02411889  0.01435324
 -0.00512377 -0.0093255 ]",[-0.24911255],-1.3532165609000413
25,48265,"[-0.015862   -0.04785093  0.00951109 -0.46733621  0.00781076  0.00550585
 -0.01354062  0.01301882  0.02002935 -0.31898066 -0.02411889  0.01435324
 -0.00512377 -0.0093255 ]",[-0.15366484],-0.6723102087010991
25,48273,"[-0.015862   -0.04785093  0.00951109 -0.46733621  0.00781076  0.00550585
 -0.01354062  0.01301882  0.02002935 -0.31898066 -0.02411889  0.01435324
 -0.00512377 -0.0093255 ]",[-0.24037087],-1.2908550267203782
25,48279,"[-0.015862   -0.04785093  0.00951109 -0.46733621  0.00781076  0.00550585
 -0.01354062  0.01301882  0.02002935 -0.31898066 -0.02411889  0.01435324
 -0.00512377 -0.0093255 ]",[-0.21857587],-1.1353735196509862
25,48277,"[-0.015862   -0.04785093  0.00951109 -0.46733621  0.00781076  0.00550585
 -0.01354062  0.01301882  0.02002935 -0.31898066 -0.02411889  0.01435324
 -0.00512377 -0.0093255 ]",[-0.12100261],-0.43930390561240185
25,48281,"[-0.015862   -0.04785093  0.00951109 -0.46733621  0.00781076  0.00550585
 -0.01354062  0.01301882  0.02002935 -0.31898066 -0.02411889  0.01435324
 -0.00512377 -0.0093255 ]",[-0.30715315],-1.7672673997214938
25,48285,"[-0.015862   -0.04785093  0.00951109 -0.46733621  0.00781076  0.00550585
 -0.01354062  0.01301882  0.02002935 -0.31898066 -0.02411889  0.01435324
 -0.00512377 -0.0093255 ]",[-0.20333557],-1.0266520386695592
25,48287,"[-0.015862   -0.04785093  0.00951109 -0.46733621  0.00781076  0.00550585
 -0.01354062  0.01301882  0.02002935 -0.31898066 -0.02411889  0.01435324
 -0.00512377 -0.0093255 ]",[-0.51570353],-3.2550272337551642
25,48291,"[-0.015862   -0.04785093  0.00951109 -0.46733621  0.00781076  0.00550585
 -0.01354062  0.01301882  0.02002935 -0.31898066 -0.02411889  0.01435324
 -0.00512377 -0.0093255 ]",[-0.03602658],0.16689933755550518
25,48293,"[-0.015862   -0.04785093  0.00951109 -0.46733621  0.00781076  0.00550585
 -0.01354062  0.01301882  0.02002935 -0.31898066 -0.02411889  0.01435324
 -0.00512377 -0.0093255 ]",[-0.11179382],-0.373610122267459
25,48297,"[-0.015862   -0.04785093  0.00951109 -0.46733621  0.00781076  0.00550585
 -0.01354062  0.01301882  0.02002935 -0.31898066 -0.02411889  0.01435324
 -0.00512377 -0.0093255 ]",[-0.41227393],-2.517179644933143
25,48299,"[-0.015862   -0.04785093  0.00951109 -0.46733621  0.00781076  0.00550585
 -0.01354062  0.01301882  0.02002935 -0.31898066 -0.02411889  0.01435324
 -0.00512377 -0.0093255 ]",[-0.15357119],-0.6716421310547593
25,48303,"[-0.015862   -0.04785093  0.00951109 -0.46733621  0.00781076  0.00550585
 -0.01354062  0.01301882  0.02002935 -0.31898066 -0.02411889  0.01435324
 -0.00512377 -0.0093255 ]",[-0.02486808],0.2465020269582241
25,48309,"[-0.015862   -0.04785093  0.00951109 -0.46733621  0.00781076  0.00550585
 -0.01354062  0.01301882  0.02002935 -0.31898066 -0.02411889  0.01435324
 -0.00512377 -0.0093255 ]",[-0.03355507],0.18453064680481818
25,48313,"[-0.015862   -0.04785093  0.00951109 -0.46733621  0.00781076  0.00550585
 -0.01354062  0.01301882  0.02002935 -0.31898066 -0.02411889  0.01435324
 -0.00512377 -0.0093255 ]",[-0.05958241],-0.0011435885602265358
25,48315,"[-0.015862   -0.04785093  0.00951109 -0.46733621  0.00781076  0.00550585
 -0.01354062  0.01301882  0.02002935 -0.31898066 -0.02411889  0.01435324
 -0.00512377 -0.0093255 ]",[-0.48012507],-3.0012171153187266
25,48321,"[-0.015862   -0.04785093  0.00951109 -0.46733621  0.00781076  0.00550585
 -0.01354062  0.01301882  0.02002935 -0.31898066 -0.02411889  0.01435324
 -0.00512377 -0.0093255 ]",[-0.09176085],-0.23069862114287598
25,48323,"[-0.015862   -0.04785093  0.00951109 -0.46733621  0.00781076  0.00550585
 -0.01354062  0.01301882  0.02002935 -0.31898066 -0.02411889  0.01435324
 -0.00512377 -0.0093255 ]",[-0.16221126],-0.7332787793637453
25,48325,"[-0.015862   -0.04785093  0.00951109 -0.46733621  0.00781076  0.00550585
 -0.01354062  0.01301882  0.02002935 -0.31898066 -0.02411889  0.01435324
 -0.00512377 -0.0093255 ]",[-0.18242725],-0.8774959270651036
25,48329,"[-0.015862   -0.04785093  0.00951109 -0.46733621  0.00781076  0.00550585
 -0.01354062  0.01301882  0.02002935 -0.31898066 -0.02411889  0.01435324
 -0.00512377 -0.0093255 ]",[-0.00970115],0.3547001159239215
25,48331,"[-0.015862   -0.04785093  0.00951109 -0.46733621  0.00781076  0.00550585
 -0.01354062  0.01301882  0.02002935 -0.31898066 -0.02411889  0.01435324
 -0.00512377 -0.0093255 ]",[-0.09646286],-0.26424192385927214
25,48337,"[-0.015862   -0.04785093  0.00951109 -0.46733621  0.00781076  0.00550585
 -0.01354062  0.01301882  0.02002935 -0.31898066 -0.02411889  0.01435324
 -0.00512377 -0.0093255 ]",[0.02722182],0.6181017154911703
25,48339,"[-0.015862   -0.04785093  0.00951109 -0.46733621  0.00781076  0.00550585
 -0.01354062  0.01301882  0.02002935 -0.31898066 -0.02411889  0.01435324
 -0.00512377 -0.0093255 ]",[-0.01675971],0.3043456655815445
25,48341,"[-0.015862   -0.04785093  0.00951109 -0.46733621  0.00781076  0.00550585
 -0.01354062  0.01301882  0.02002935 -0.31898066 -0.02411889  0.01435324
 -0.00512377 -0.0093255 ]",[-0.3721083],-2.2306454731964056
25,48347,"[-0.015862   -0.04785093  0.00951109 -0.46733621  0.00781076  0.00550585
 -0.01354062  0.01301882  0.02002935 -0.31898066 -0.02411889  0.01435324
 -0.00512377 -0.0093255 ]",[-0.10383109],-0.3168054903648558
25,48349,"[-0.015862   -0.04785093  0.00951109 -0.46733621  0.00781076  0.00550585
 -0.01354062  0.01301882  0.02002935 -0.31898066 -0.02411889  0.01435324
 -0.00512377 -0.0093255 ]",[0.12016072],1.2811106228946152
25,48351,"[-0.015862   -0.04785093  0.00951109 -0.46733621  0.00781076  0.00550585
 -0.01354062  0.01301882  0.02002935 -0.31898066 -0.02411889  0.01435324
 -0.00512377 -0.0093255 ]",[-0.53251159],-3.374932804358577
25,48353,"[-0.015862   -0.04785093  0.00951109 -0.46733621  0.00781076  0.00550585
 -0.01354062  0.01301882  0.02002935 -0.31898066 -0.02411889  0.01435324
 -0.00512377 -0.0093255 ]",[-0.15278188],-0.6660113562166609
25,48355,"[-0.015862   -0.04785093  0.00951109 -0.46733621  0.00781076  0.00550585
 -0.01354062  0.01301882  0.02002935 -0.31898066 -0.02411889  0.01435324
 -0.00512377 -0.0093255 ]",[0.02776452],0.6219732741727553
25,48361,"[-0.015862   -0.04785093  0.00951109 -0.46733621  0.00781076  0.00550585
 -0.01354062  0.01301882  0.02002935 -0.31898066 -0.02411889  0.01435324
 -0.00512377 -0.0093255 ]",[-0.04986681],0.06816571958287648
25,48363,"[-0.015862   -0.04785093  0.00951109 -0.46733621  0.00781076  0.00550585
 -0.01354062  0.01301882  0.02002935 -0.31898066 -0.02411889  0.01435324
 -0.00512377 -0.0093255 ]",[-0.14588346],-0.6167993110781484
25,48365,"[-0.015862   -0.04785093  0.00951109 -0.46733621  0.00781076  0.00550585
 -0.01354062  0.01301882  0.02002935 -0.31898066 -0.02411889  0.01435324
 -0.00512377 -0.0093255 ]",[-0.33789883],-1.9866014433544161
25,48367,"[-0.015862   -0.04785093  0.00951109 -0.46733621  0.00781076  0.00550585
 -0.01354062  0.01301882  0.02002935 -0.31898066 -0.02411889  0.01435324
 -0.00512377 -0.0093255 ]",[-0.03894621],0.14607126238374207
25,48371,"[-0.015862   -0.04785093  0.00951109 -0.46733621  0.00781076  0.00550585
 -0.01354062  0.01301882  0.02002935 -0.31898066 -0.02411889  0.01435324
 -0.00512377 -0.0093255 ]",[-0.22780958],-1.201245059661701
25,48373,"[-0.015862   -0.04785093  0.00951109 -0.46733621  0.00781076  0.00550585
 -0.01354062  0.01301882  0.02002935 -0.31898066 -0.02411889  0.01435324
 -0.00512377 -0.0093255 ]",[-0.13365967],-0.5295970309619422
25,48375,"[-0.015862   -0.04785093  0.00951109 -0.46733621  0.00781076  0.00550585
 -0.01354062  0.01301882  0.02002935 -0.31898066 -0.02411889  0.01435324
 -0.00512377 -0.0093255 ]",[-0.03839067],0.15003436551618804
25,48381,"[-0.015862   -0.04785093  0.00951109 -0.46733621  0.00781076  0.00550585
 -0.01354062  0.01301882  0.02002935 -0.31898066 -0.02411889  0.01435324
 -0.00512377 -0.0093255 ]",[0.03873496],0.7002343422114298
25,48387,"[-0.015862   -0.04785093  0.00951109 -0.46733621  0.00781076  0.00550585
 -0.01354062  0.01301882  0.02002935 -0.31898066 -0.02411889  0.01435324
 -0.00512377 -0.0093255 ]",[-0.46057803],-2.8617721510621057
25,48389,"[-0.015862   -0.04785093  0.00951109 -0.46733621  0.00781076  0.00550585
 -0.01354062  0.01301882  0.02002935 -0.31898066 -0.02411889  0.01435324
 -0.00512377 -0.0093255 ]",[-0.34513281],-2.0382072747580184
25,48395,"[-0.015862   -0.04785093  0.00951109 -0.46733621  0.00781076  0.00550585
 -0.01354062  0.01301882  0.02002935 -0.31898066 -0.02411889  0.01435324
 -0.00512377 -0.0093255 ]",[-0.22866402],-1.207340516180128
25,48397,"[-0.015862   -0.04785093  0.00951109 -0.46733621  0.00781076  0.00550585
 -0.01354062  0.01301882  0.02002935 -0.31898066 -0.02411889  0.01435324
 -0.00512377 -0.0093255 ]",[-0.12246669],-0.4497483767820661
25,48399,"[-0.015862   -0.04785093  0.00951109 -0.46733621  0.00781076  0.00550585
 -0.01354062  0.01301882  0.02002935 -0.31898066 -0.02411889  0.01435324
 -0.00512377 -0.0093255 ]",[-0.60000605],-3.8564258057778247
25,48401,"[-0.015862   -0.04785093  0.00951109 -0.46733621  0.00781076  0.00550585
 -0.01354062  0.01301882  0.02002935 -0.31898066 -0.02411889  0.01435324
 -0.00512377 -0.0093255 ]",[-0.09545292],-0.2570371898944634
25,48407,"[-0.015862   -0.04785093  0.00951109 -0.46733621  0.00781076  0.00550585
 -0.01354062  0.01301882  0.02002935 -0.31898066 -0.02411889  0.01435324
 -0.00512377 -0.0093255 ]",[-0.29829298],-1.7040606021023372
25,48409,"[-0.015862   -0.04785093  0.00951109 -0.46733621  0.00781076  0.00550585
 -0.01354062  0.01301882  0.02002935 -0.31898066 -0.02411889  0.01435324
 -0.00512377 -0.0093255 ]",[-0.09451365],-0.2503365904678392
25,48415,"[-0.015862   -0.04785093  0.00951109 -0.46733621  0.00781076  0.00550585
 -0.01354062  0.01301882  0.02002935 -0.31898066 -0.02411889  0.01435324
 -0.00512377 -0.0093255 ]",[-0.45900016],-2.8505158781627733
25,48419,"[-0.015862   -0.04785093  0.00951109 -0.46733621  0.00781076  0.00550585
 -0.01354062  0.01301882  0.02002935 -0.31898066 -0.02411889  0.01435324
 -0.00512377 -0.0093255 ]",[-0.30056666],-1.7202806353165558
25,48423,"[-0.015862   -0.04785093  0.00951109 -0.46733621  0.00781076  0.00550585
 -0.01354062  0.01301882  0.02002935 -0.31898066 -0.02411889  0.01435324
 -0.00512377 -0.0093255 ]",[0.00718361],0.4751528676820744
25,48427,"[-0.015862   -0.04785093  0.00951109 -0.46733621  0.00781076  0.00550585
 -0.01354062  0.01301882  0.02002935 -0.31898066 -0.02411889  0.01435324
 -0.00512377 -0.0093255 ]",[-0.0697013],-0.07332987860423683
25,48439,"[-0.015862   -0.04785093  0.00951109 -0.46733621  0.00781076  0.00550585
 -0.01354062  0.01301882  0.02002935 -0.31898066 -0.02411889  0.01435324
 -0.00512377 -0.0093255 ]",[0.00316448],0.4464811474290108
25,48441,"[-0.015862   -0.04785093  0.00951109 -0.46733621  0.00781076  0.00550585
 -0.01354062  0.01301882  0.02002935 -0.31898066 -0.02411889  0.01435324
 -0.00512377 -0.0093255 ]",[-0.00821745],0.3652845632755953
25,48449,"[-0.015862   -0.04785093  0.00951109 -0.46733621  0.00781076  0.00550585
 -0.01354062  0.01301882  0.02002935 -0.31898066 -0.02411889  0.01435324
 -0.00512377 -0.0093255 ]",[-0.05303331],0.045576453222080836
25,48451,"[-0.015862   -0.04785093  0.00951109 -0.46733621  0.00781076  0.00550585
 -0.01354062  0.01301882  0.02002935 -0.31898066 -0.02411889  0.01435324
 -0.00512377 -0.0093255 ]",[-0.08288511],-0.16738075000824354
25,48453,"[-0.015862   -0.04785093  0.00951109 -0.46733621  0.00781076  0.00550585
 -0.01354062  0.01301882  0.02002935 -0.31898066 -0.02411889  0.01435324
 -0.00512377 -0.0093255 ]",[0.03288491],0.6585011803461152
25,48455,"[-0.015862   -0.04785093  0.00951109 -0.46733621  0.00781076  0.00550585
 -0.01354062  0.01301882  0.02002935 -0.31898066 -0.02411889  0.01435324
 -0.00512377 -0.0093255 ]",[-0.23098558],-1.2239021086279784
25,48457,"[-0.015862   -0.04785093  0.00951109 -0.46733621  0.00781076  0.00550585
 -0.01354062  0.01301882  0.02002935 -0.31898066 -0.02411889  0.01435324
 -0.00512377 -0.0093255 ]",[-0.16109646],-0.7253260222963334
25,48459,"[-0.015862   -0.04785093  0.00951109 -0.46733621  0.00781076  0.00550585
 -0.01354062  0.01301882  0.02002935 -0.31898066 -0.02411889  0.01435324
 -0.00512377 -0.0093255 ]",[-0.2821466],-1.588875329495212
25,48463,"[-0.015862   -0.04785093  0.00951109 -0.46733621  0.00781076  0.00550585
 -0.01354062  0.01301882  0.02002935 -0.31898066 -0.02411889  0.01435324
 -0.00512377 -0.0093255 ]",[0.01922049],0.5610216874340153
25,48465,"[-0.015862   -0.04785093  0.00951109 -0.46733621  0.00781076  0.00550585
 -0.01354062  0.01301882  0.02002935 -0.31898066 -0.02411889  0.01435324
 -0.00512377 -0.0093255 ]",[-0.21873744],-1.136526133456032
25,48469,"[-0.015862   -0.04785093  0.00951109 -0.46733621  0.00781076  0.00550585
 -0.01354062  0.01301882  0.02002935 -0.31898066 -0.02411889  0.01435324
 -0.00512377 -0.0093255 ]",[-0.00853026],0.3630529700785605
25,48467,"[-0.015862   -0.04785093  0.00951109 -0.46733621  0.00781076  0.00550585
 -0.01354062  0.01301882  0.02002935 -0.31898066 -0.02411889  0.01435324
 -0.00512377 -0.0093255 ]",[-0.06864677],-0.06580706996935266
25,48471,"[-0.015862   -0.04785093  0.00951109 -0.46733621  0.00781076  0.00550585
 -0.01354062  0.01301882  0.02002935 -0.31898066 -0.02411889  0.01435324
 -0.00512377 -0.0093255 ]",[-0.11059902],-0.36508666276188756
25,48473,"[-0.015862   -0.04785093  0.00951109 -0.46733621  0.00781076  0.00550585
 -0.01354062  0.01301882  0.02002935 -0.31898066 -0.02411889  0.01435324
 -0.00512377 -0.0093255 ]",[-0.1581436],-0.7042608702841142
25,48477,"[-0.015862   -0.04785093  0.00951109 -0.46733621  0.00781076  0.00550585
 -0.01354062  0.01301882  0.02002935 -0.31898066 -0.02411889  0.01435324
 -0.00512377 -0.0093255 ]",[-0.11744511],-0.4139253751747936
25,48479,"[-0.015862   -0.04785093  0.00951109 -0.46733621  0.00781076  0.00550585
 -0.01354062  0.01301882  0.02002935 -0.31898066 -0.02411889  0.01435324
 -0.00512377 -0.0093255 ]",[-0.01440914],0.3211141560954379
25,48481,"[-0.015862   -0.04785093  0.00951109 -0.46733621  0.00781076  0.00550585
 -0.01354062  0.01301882  0.02002935 -0.31898066 -0.02411889  0.01435324
 -0.00512377 -0.0093255 ]",[-0.1103761],-0.3634963633436436
25,48485,"[-0.015862   -0.04785093  0.00951109 -0.46733621  0.00781076  0.00550585
 -0.01354062  0.01301882  0.02002935 -0.31898066 -0.02411889  0.01435324
 -0.00512377 -0.0093255 ]",[-0.01502674],0.31670832364355717
25,48487,"[-0.015862   -0.04785093  0.00951109 -0.46733621  0.00781076  0.00550585
 -0.01354062  0.01301882  0.02002935 -0.31898066 -0.02411889  0.01435324
 -0.00512377 -0.0093255 ]",[-0.33902444],-1.9946312896670046
25,48489,"[-0.015862   -0.04785093  0.00951109 -0.46733621  0.00781076  0.00550585
 -0.01354062  0.01301882  0.02002935 -0.31898066 -0.02411889  0.01435324
 -0.00512377 -0.0093255 ]",[-0.25650525],-1.4059546916835508
25,48491,"[-0.015862   -0.04785093  0.00951109 -0.46733621  0.00781076  0.00550585
 -0.01354062  0.01301882  0.02002935 -0.31898066 -0.02411889  0.01435324
 -0.00512377 -0.0093255 ]",[-0.014651],0.31938876646337283
25,48493,"[-0.015862   -0.04785093  0.00951109 -0.46733621  0.00781076  0.00550585
 -0.01354062  0.01301882  0.02002935 -0.31898066 -0.02411889  0.01435324
 -0.00512377 -0.0093255 ]",[-0.06895474],-0.06800408167350895
25,48497,"[-0.015862   -0.04785093  0.00951109 -0.46733621  0.00781076  0.00550585
 -0.01354062  0.01301882  0.02002935 -0.31898066 -0.02411889  0.01435324
 -0.00512377 -0.0093255 ]",[-0.06206903],-0.018882680198661347
25,48499,"[-0.015862   -0.04785093  0.00951109 -0.46733621  0.00781076  0.00550585
 -0.01354062  0.01301882  0.02002935 -0.31898066 -0.02411889  0.01435324
 -0.00512377 -0.0093255 ]",[-0.17458877],-0.8215776401728258
25,48503,"[-0.015862   -0.04785093  0.00951109 -0.46733621  0.00781076  0.00550585
 -0.01354062  0.01301882  0.02002935 -0.31898066 -0.02411889  0.01435324
 -0.00512377 -0.0093255 ]",[-0.20436921],-1.0340258094215662
25,48507,"[-0.015862   -0.04785093  0.00951109 -0.46733621  0.00781076  0.00550585
 -0.01354062  0.01301882  0.02002935 -0.31898066 -0.02411889  0.01435324
 -0.00512377 -0.0093255 ]",[-0.25932692],-1.4260839237911491
25,49003,"[-0.015862   -0.04785093  0.00951109 -0.46733621  0.00781076  0.00550585
 -0.01354062  0.01301882  0.02002935 -0.31898066 -0.02411889  0.01435324
 -0.00512377 -0.0093255 ]",[-0.07733755],-0.12780543541897746
25,49005,"[-0.015862   -0.04785093  0.00951109 -0.46733621  0.00781076  0.00550585
 -0.01354062  0.01301882  0.02002935 -0.31898066 -0.02411889  0.01435324
 -0.00512377 -0.0093255 ]",[-0.008251],0.36504516211246857
25,49007,"[-0.015862   -0.04785093  0.00951109 -0.46733621  0.00781076  0.00550585
 -0.01354062  0.01301882  0.02002935 -0.31898066 -0.02411889  0.01435324
 -0.00512377 -0.0093255 ]",[-0.05855833],0.006161997025246005
25,49011,"[-0.015862   -0.04785093  0.00951109 -0.46733621  0.00781076  0.00550585
 -0.01354062  0.01301882  0.02002935 -0.31898066 -0.02411889  0.01435324
 -0.00512377 -0.0093255 ]",[-0.0006265],0.4194369710945346
25,49021,"[-0.015862   -0.04785093  0.00951109 -0.46733621  0.00781076  0.00550585
 -0.01354062  0.01301882  0.02002935 -0.31898066 -0.02411889  0.01435324
 -0.00512377 -0.0093255 ]",[-0.14740132],-0.6276274183551316
25,49035,"[-0.015862   -0.04785093  0.00951109 -0.46733621  0.00781076  0.00550585
 -0.01354062  0.01301882  0.02002935 -0.31898066 -0.02411889  0.01435324
 -0.00512377 -0.0093255 ]",[-0.00087741],0.4176470381595509
25,49037,"[-0.015862   -0.04785093  0.00951109 -0.46733621  0.00781076  0.00550585
 -0.01354062  0.01301882  0.02002935 -0.31898066 -0.02411889  0.01435324
 -0.00512377 -0.0093255 ]",[-0.38771201],-2.341959461817909
25,49039,"[-0.015862   -0.04785093  0.00951109 -0.46733621  0.00781076  0.00550585
 -0.01354062  0.01301882  0.02002935 -0.31898066 -0.02411889  0.01435324
 -0.00512377 -0.0093255 ]",[-0.32082684],-1.8648129895293117
25,49041,"[-0.015862   -0.04785093  0.00951109 -0.46733621  0.00781076  0.00550585
 -0.01354062  0.01301882  0.02002935 -0.31898066 -0.02411889  0.01435324
 -0.00512377 -0.0093255 ]",[-0.32209325],-1.873847366066165
25,49043,"[-0.015862   -0.04785093  0.00951109 -0.46733621  0.00781076  0.00550585
 -0.01354062  0.01301882  0.02002935 -0.31898066 -0.02411889  0.01435324
 -0.00512377 -0.0093255 ]",[-0.06910887],-0.06910359096132192
25,49047,"[-0.015862   -0.04785093  0.00951109 -0.46733621  0.00781076  0.00550585
 -0.01354062  0.01301882  0.02002935 -0.31898066 -0.02411889  0.01435324
 -0.00512377 -0.0093255 ]",[-0.19053333],-0.9353232407228821
25,49045,"[-0.015862   -0.04785093  0.00951109 -0.46733621  0.00781076  0.00550585
 -0.01354062  0.01301882  0.02002935 -0.31898066 -0.02411889  0.01435324
 -0.00512377 -0.0093255 ]",[-0.1364545],-0.5495348261562744
25,49049,"[-0.015862   -0.04785093  0.00951109 -0.46733621  0.00781076  0.00550585
 -0.01354062  0.01301882  0.02002935 -0.31898066 -0.02411889  0.01435324
 -0.00512377 -0.0093255 ]",[0.0070463],0.47417329819306797
25,49051,"[-0.015862   -0.04785093  0.00951109 -0.46733621  0.00781076  0.00550585
 -0.01354062  0.01301882  0.02002935 -0.31898066 -0.02411889  0.01435324
 -0.00512377 -0.0093255 ]",[-0.2241977],-1.1754785693149408
25,49053,"[-0.015862   -0.04785093  0.00951109 -0.46733621  0.00781076  0.00550585
 -0.01354062  0.01301882  0.02002935 -0.31898066 -0.02411889  0.01435324
 -0.00512377 -0.0093255 ]",[-0.05849179],0.0066366830761327095
25,49057,"[-0.015862   -0.04785093  0.00951109 -0.46733621  0.00781076  0.00550585
 -0.01354062  0.01301882  0.02002935 -0.31898066 -0.02411889  0.01435324
 -0.00512377 -0.0093255 ]",[-0.00320905],0.4010135107284417
25,50001,"[-0.015862   -0.04785093  0.00951109 -0.46733621  0.00781076  0.00550585
 -0.01354062  0.01301882  0.02002935 -0.31898066 -0.02411889  0.01435324
 -0.00512377 -0.0093255 ]",[-0.19231141],-0.9480077117011197
25,50003,"[-0.015862   -0.04785093  0.00951109 -0.46733621  0.00781076  0.00550585
 -0.01354062  0.01301882  0.02002935 -0.31898066 -0.02411889  0.01435324
 -0.00512377 -0.0093255 ]",[-0.06422322],-0.034250280761709516
25,50005,"[-0.015862   -0.04785093  0.00951109 -0.46733621  0.00781076  0.00550585
 -0.01354062  0.01301882  0.02002935 -0.31898066 -0.02411889  0.01435324
 -0.00512377 -0.0093255 ]",[-0.11325714],-0.3840491709998264
25,50007,"[-0.015862   -0.04785093  0.00951109 -0.46733621  0.00781076  0.00550585
 -0.01354062  0.01301882  0.02002935 -0.31898066 -0.02411889  0.01435324
 -0.00512377 -0.0093255 ]",[0.05526243],0.818138237127433
25,50015,"[-0.015862   -0.04785093  0.00951109 -0.46733621  0.00781076  0.00550585
 -0.01354062  0.01301882  0.02002935 -0.31898066 -0.02411889  0.01435324
 -0.00512377 -0.0093255 ]",[-0.1659756],-0.7601329308234601
25,50011,"[-0.015862   -0.04785093  0.00951109 -0.46733621  0.00781076  0.00550585
 -0.01354062  0.01301882  0.02002935 -0.31898066 -0.02411889  0.01435324
 -0.00512377 -0.0093255 ]",[-0.07577995],-0.11669384695122086
25,50017,"[-0.015862   -0.04785093  0.00951109 -0.46733621  0.00781076  0.00550585
 -0.01354062  0.01301882  0.02002935 -0.31898066 -0.02411889  0.01435324
 -0.00512377 -0.0093255 ]",[-0.13525429],-0.5409728047756024
25,50019,"[-0.015862   -0.04785093  0.00951109 -0.46733621  0.00781076  0.00550585
 -0.01354062  0.01301882  0.02002935 -0.31898066 -0.02411889  0.01435324
 -0.00512377 -0.0093255 ]",[-0.23336467],-1.2408740346801637
25,50021,"[-0.015862   -0.04785093  0.00951109 -0.46733621  0.00781076  0.00550585
 -0.01354062  0.01301882  0.02002935 -0.31898066 -0.02411889  0.01435324
 -0.00512377 -0.0093255 ]",[-0.04561739],0.09848030279784156
25,50023,"[-0.015862   -0.04785093  0.00951109 -0.46733621  0.00781076  0.00550585
 -0.01354062  0.01301882  0.02002935 -0.31898066 -0.02411889  0.01435324
 -0.00512377 -0.0093255 ]",[-0.03219387],0.19424119981139584
25,50025,"[-0.015862   -0.04785093  0.00951109 -0.46733621  0.00781076  0.00550585
 -0.01354062  0.01301882  0.02002935 -0.31898066 -0.02411889  0.01435324
 -0.00512377 -0.0093255 ]",[0.00566563],0.4643238533521679
25,50027,"[-0.015862   -0.04785093  0.00951109 -0.46733621  0.00781076  0.00550585
 -0.01354062  0.01301882  0.02002935 -0.31898066 -0.02411889  0.01435324
 -0.00512377 -0.0093255 ]",[-0.04275853],0.11887488357977351
25,51001,"[-0.015862   -0.04785093  0.00951109 -0.46733621  0.00781076  0.00550585
 -0.01354062  0.01301882  0.02002935 -0.31898066 -0.02411889  0.01435324
 -0.00512377 -0.0093255 ]",[-0.10637809],-0.3349752886116451
25,51003,"[-0.015862   -0.04785093  0.00951109 -0.46733621  0.00781076  0.00550585
 -0.01354062  0.01301882  0.02002935 -0.31898066 -0.02411889  0.01435324
 -0.00512377 -0.0093255 ]",[-0.07145899],-0.08586894161595313
25,51005,"[-0.015862   -0.04785093  0.00951109 -0.46733621  0.00781076  0.00550585
 -0.01354062  0.01301882  0.02002935 -0.31898066 -0.02411889  0.01435324
 -0.00512377 -0.0093255 ]",[-0.06150479],-0.014857506018092787
25,51009,"[-0.015862   -0.04785093  0.00951109 -0.46733621  0.00781076  0.00550585
 -0.01354062  0.01301882  0.02002935 -0.31898066 -0.02411889  0.01435324
 -0.00512377 -0.0093255 ]",[-0.07697966],-0.12525235531595996
25,51013,"[-0.015862   -0.04785093  0.00951109 -0.46733621  0.00781076  0.00550585
 -0.01354062  0.01301882  0.02002935 -0.31898066 -0.02411889  0.01435324
 -0.00512377 -0.0093255 ]",[-0.03149133],0.19925297965106206
25,51015,"[-0.015862   -0.04785093  0.00951109 -0.46733621  0.00781076  0.00550585
 -0.01354062  0.01301882  0.02002935 -0.31898066 -0.02411889  0.01435324
 -0.00512377 -0.0093255 ]",[-0.07268297],-0.0946005615134293
25,51023,"[-0.015862   -0.04785093  0.00951109 -0.46733621  0.00781076  0.00550585
 -0.01354062  0.01301882  0.02002935 -0.31898066 -0.02411889  0.01435324
 -0.00512377 -0.0093255 ]",[0.01090655],0.5017116290262007
25,51027,"[-0.015862   -0.04785093  0.00951109 -0.46733621  0.00781076  0.00550585
 -0.01354062  0.01301882  0.02002935 -0.31898066 -0.02411889  0.01435324
 -0.00512377 -0.0093255 ]",[-0.20619311],-1.0470371576639317
25,51025,"[-0.015862   -0.04785093  0.00951109 -0.46733621  0.00781076  0.00550585
 -0.01354062  0.01301882  0.02002935 -0.31898066 -0.02411889  0.01435324
 -0.00512377 -0.0093255 ]",[-0.20790079],-1.0592194473099832
25,51029,"[-0.015862   -0.04785093  0.00951109 -0.46733621  0.00781076  0.00550585
 -0.01354062  0.01301882  0.02002935 -0.31898066 -0.02411889  0.01435324
 -0.00512377 -0.0093255 ]",[-0.38639749],-2.332581869690913
25,51033,"[-0.015862   -0.04785093  0.00951109 -0.46733621  0.00781076  0.00550585
 -0.01354062  0.01301882  0.02002935 -0.31898066 -0.02411889  0.01435324
 -0.00512377 -0.0093255 ]",[-0.15131309],-0.65553329821692
25,51031,"[-0.015862   -0.04785093  0.00951109 -0.46733621  0.00781076  0.00550585
 -0.01354062  0.01301882  0.02002935 -0.31898066 -0.02411889  0.01435324
 -0.00512377 -0.0093255 ]",[-0.14099399],-0.5819187408018716
25,51035,"[-0.015862   -0.04785093  0.00951109 -0.46733621  0.00781076  0.00550585
 -0.01354062  0.01301882  0.02002935 -0.31898066 -0.02411889  0.01435324
 -0.00512377 -0.0093255 ]",[-0.25931896],-1.4260271949455245
25,51041,"[-0.015862   -0.04785093  0.00951109 -0.46733621  0.00781076  0.00550585
 -0.01354062  0.01301882  0.02002935 -0.31898066 -0.02411889  0.01435324
 -0.00512377 -0.0093255 ]",[-0.03216805],0.19442537107443258
25,51047,"[-0.015862   -0.04785093  0.00951109 -0.46733621  0.00781076  0.00550585
 -0.01354062  0.01301882  0.02002935 -0.31898066 -0.02411889  0.01435324
 -0.00512377 -0.0093255 ]",[-0.13858483],-0.5647322586637529
25,51051,"[-0.015862   -0.04785093  0.00951109 -0.46733621  0.00781076  0.00550585
 -0.01354062  0.01301882  0.02002935 -0.31898066 -0.02411889  0.01435324
 -0.00512377 -0.0093255 ]",[-0.42730128],-2.6243819250616602
25,51059,"[-0.015862   -0.04785093  0.00951109 -0.46733621  0.00781076  0.00550585
 -0.01354062  0.01301882  0.02002935 -0.31898066 -0.02411889  0.01435324
 -0.00512377 -0.0093255 ]",[-0.00658472],0.37693212548898064
25,51061,"[-0.015862   -0.04785093  0.00951109 -0.46733621  0.00781076  0.00550585
 -0.01354062  0.01301882  0.02002935 -0.31898066 -0.02411889  0.01435324
 -0.00512377 -0.0093255 ]",[-0.07531934],-0.11340793550199454
25,51065,"[-0.015862   -0.04785093  0.00951109 -0.46733621  0.00781076  0.00550585
 -0.01354062  0.01301882  0.02002935 -0.31898066 -0.02411889  0.01435324
 -0.00512377 -0.0093255 ]",[-0.41176982],-2.513583410712093
25,51067,"[-0.015862   -0.04785093  0.00951109 -0.46733621  0.00781076  0.00550585
 -0.01354062  0.01301882  0.02002935 -0.31898066 -0.02411889  0.01435324
 -0.00512377 -0.0093255 ]",[-0.17010163],-0.7895672147700639
25,51069,"[-0.015862   -0.04785093  0.00951109 -0.46733621  0.00781076  0.00550585
 -0.01354062  0.01301882  0.02002935 -0.31898066 -0.02411889  0.01435324
 -0.00512377 -0.0093255 ]",[-0.03200388],0.19559651509455594
25,51071,"[-0.015862   -0.04785093  0.00951109 -0.46733621  0.00781076  0.00550585
 -0.01354062  0.01301882  0.02002935 -0.31898066 -0.02411889  0.01435324
 -0.00512377 -0.0093255 ]",[-0.3006705],-1.7210213755913513
25,51075,"[-0.015862   -0.04785093  0.00951109 -0.46733621  0.00781076  0.00550585
 -0.01354062  0.01301882  0.02002935 -0.31898066 -0.02411889  0.01435324
 -0.00512377 -0.0093255 ]",[-0.24912509],-1.3533060142524014
25,51073,"[-0.015862   -0.04785093  0.00951109 -0.46733621  0.00781076  0.00550585
 -0.01354062  0.01301882  0.02002935 -0.31898066 -0.02411889  0.01435324
 -0.00512377 -0.0093255 ]",[-0.10401198],-0.3180959394890373
25,51077,"[-0.015862   -0.04785093  0.00951109 -0.46733621  0.00781076  0.00550585
 -0.01354062  0.01301882  0.02002935 -0.31898066 -0.02411889  0.01435324
 -0.00512377 -0.0093255 ]",[-0.3821106],-2.302000035425558
25,51083,"[-0.015862   -0.04785093  0.00951109 -0.46733621  0.00781076  0.00550585
 -0.01354062  0.01301882  0.02002935 -0.31898066 -0.02411889  0.01435324
 -0.00512377 -0.0093255 ]",[-0.20895994],-1.066775254611598
25,51085,"[-0.015862   -0.04785093  0.00951109 -0.46733621  0.00781076  0.00550585
 -0.01354062  0.01301882  0.02002935 -0.31898066 -0.02411889  0.01435324
 -0.00512377 -0.0093255 ]",[0.03882519],0.7008779873566789
25,51087,"[-0.015862   -0.04785093  0.00951109 -0.46733621  0.00781076  0.00550585
 -0.01354062  0.01301882  0.02002935 -0.31898066 -0.02411889  0.01435324
 -0.00512377 -0.0093255 ]",[0.00028151],0.42591450877371473
25,51089,"[-0.015862   -0.04785093  0.00951109 -0.46733621  0.00781076  0.00550585
 -0.01354062  0.01301882  0.02002935 -0.31898066 -0.02411889  0.01435324
 -0.00512377 -0.0093255 ]",[-0.04041831],0.13556958627785493
25,51093,"[-0.015862   -0.04785093  0.00951109 -0.46733621  0.00781076  0.00550585
 -0.01354062  0.01301882  0.02002935 -0.31898066 -0.02411889  0.01435324
 -0.00512377 -0.0093255 ]",[-0.22250402],-1.1633961967362183
25,51095,"[-0.015862   -0.04785093  0.00951109 -0.46733621  0.00781076  0.00550585
 -0.01354062  0.01301882  0.02002935 -0.31898066 -0.02411889  0.01435324
 -0.00512377 -0.0093255 ]",[-0.09366948],-0.2443144093182786
25,51099,"[-0.015862   -0.04785093  0.00951109 -0.46733621  0.00781076  0.00550585
 -0.01354062  0.01301882  0.02002935 -0.31898066 -0.02411889  0.01435324
 -0.00512377 -0.0093255 ]",[-0.2636819],-1.4571516037903813
25,51105,"[-0.015862   -0.04785093  0.00951109 -0.46733621  0.00781076  0.00550585
 -0.01354062  0.01301882  0.02002935 -0.31898066 -0.02411889  0.01435324
 -0.00512377 -0.0093255 ]",[-0.21199173],-1.0884034885711296
25,51101,"[-0.015862   -0.04785093  0.00951109 -0.46733621  0.00781076  0.00550585
 -0.01354062  0.01301882  0.02002935 -0.31898066 -0.02411889  0.01435324
 -0.00512377 -0.0093255 ]",[-0.30622103],-1.7606178934660492
25,51107,"[-0.015862   -0.04785093  0.00951109 -0.46733621  0.00781076  0.00550585
 -0.01354062  0.01301882  0.02002935 -0.31898066 -0.02411889  0.01435324
 -0.00512377 -0.0093255 ]",[-0.023289],0.2577668536851697
25,51109,"[-0.015862   -0.04785093  0.00951109 -0.46733621  0.00781076  0.00550585
 -0.01354062  0.01301882  0.02002935 -0.31898066 -0.02411889  0.01435324
 -0.00512377 -0.0093255 ]",[-0.16029108],-0.7195805838860797
25,51117,"[-0.015862   -0.04785093  0.00951109 -0.46733621  0.00781076  0.00550585
 -0.01354062  0.01301882  0.02002935 -0.31898066 -0.02411889  0.01435324
 -0.00512377 -0.0093255 ]",[-0.11108778],-0.3685733902796406
25,51119,"[-0.015862   -0.04785093  0.00951109 -0.46733621  0.00781076  0.00550585
 -0.01354062  0.01301882  0.02002935 -0.31898066 -0.02411889  0.01435324
 -0.00512377 -0.0093255 ]",[-0.51225356],-3.230415815742109
25,51121,"[-0.015862   -0.04785093  0.00951109 -0.46733621  0.00781076  0.00550585
 -0.01354062  0.01301882  0.02002935 -0.31898066 -0.02411889  0.01435324
 -0.00512377 -0.0093255 ]",[-0.07215952],-0.09086636884249451
25,51135,"[-0.015862   -0.04785093  0.00951109 -0.46733621  0.00781076  0.00550585
 -0.01354062  0.01301882  0.02002935 -0.31898066 -0.02411889  0.01435324
 -0.00512377 -0.0093255 ]",[-0.37299835],-2.236994928843561
25,51137,"[-0.015862   -0.04785093  0.00951109 -0.46733621  0.00781076  0.00550585
 -0.01354062  0.01301882  0.02002935 -0.31898066 -0.02411889  0.01435324
 -0.00512377 -0.0093255 ]",[0.13980655],1.421260386929299
25,51139,"[-0.015862   -0.04785093  0.00951109 -0.46733621  0.00781076  0.00550585
 -0.01354062  0.01301882  0.02002935 -0.31898066 -0.02411889  0.01435324
 -0.00512377 -0.0093255 ]",[-0.18453523],-0.8925338741357338
25,51141,"[-0.015862   -0.04785093  0.00951109 -0.46733621  0.00781076  0.00550585
 -0.01354062  0.01301882  0.02002935 -0.31898066 -0.02411889  0.01435324
 -0.00512377 -0.0093255 ]",[-0.16004961],-0.717857984149792
25,51143,"[-0.015862   -0.04785093  0.00951109 -0.46733621  0.00781076  0.00550585
 -0.01354062  0.01301882  0.02002935 -0.31898066 -0.02411889  0.01435324
 -0.00512377 -0.0093255 ]",[0.04149653],0.7199348747077329
25,51145,"[-0.015862   -0.04785093  0.00951109 -0.46733621  0.00781076  0.00550585
 -0.01354062  0.01301882  0.02002935 -0.31898066 -0.02411889  0.01435324
 -0.00512377 -0.0093255 ]",[-0.20573545],-1.0437723009740054
25,51147,"[-0.015862   -0.04785093  0.00951109 -0.46733621  0.00781076  0.00550585
 -0.01354062  0.01301882  0.02002935 -0.31898066 -0.02411889  0.01435324
 -0.00512377 -0.0093255 ]",[-0.17108547],-0.7965857871434711
25,51149,"[-0.015862   -0.04785093  0.00951109 -0.46733621  0.00781076  0.00550585
 -0.01354062  0.01301882  0.02002935 -0.31898066 -0.02411889  0.01435324
 -0.00512377 -0.0093255 ]",[-0.25364346],-1.3855391857489021
25,51153,"[-0.015862   -0.04785093  0.00951109 -0.46733621  0.00781076  0.00550585
 -0.01354062  0.01301882  0.02002935 -0.31898066 -0.02411889  0.01435324
 -0.00512377 -0.0093255 ]",[-0.01963252],0.28385154510389726
25,51161,"[-0.015862   -0.04785093  0.00951109 -0.46733621  0.00781076  0.00550585
 -0.01354062  0.01301882  0.02002935 -0.31898066 -0.02411889  0.01435324
 -0.00512377 -0.0093255 ]",[-0.13629062],-0.5483657880618483
25,51163,"[-0.015862   -0.04785093  0.00951109 -0.46733621  0.00781076  0.00550585
 -0.01354062  0.01301882  0.02002935 -0.31898066 -0.02411889  0.01435324
 -0.00512377 -0.0093255 ]",[-0.46110771],-2.8655508015272693
25,51167,"[-0.015862   -0.04785093  0.00951109 -0.46733621  0.00781076  0.00550585
 -0.01354062  0.01301882  0.02002935 -0.31898066 -0.02411889  0.01435324
 -0.00512377 -0.0093255 ]",[-0.14935554],-0.6415684615650259
25,51165,"[-0.015862   -0.04785093  0.00951109 -0.46733621  0.00781076  0.00550585
 -0.01354062  0.01301882  0.02002935 -0.31898066 -0.02411889  0.01435324
 -0.00512377 -0.0093255 ]",[-0.00573556],0.38298986751453906
25,51169,"[-0.015862   -0.04785093  0.00951109 -0.46733621  0.00781076  0.00550585
 -0.01354062  0.01301882  0.02002935 -0.31898066 -0.02411889  0.01435324
 -0.00512377 -0.0093255 ]",[-0.22120409],-1.1541227125381481
25,51171,"[-0.015862   -0.04785093  0.00951109 -0.46733621  0.00781076  0.00550585
 -0.01354062  0.01301882  0.02002935 -0.31898066 -0.02411889  0.01435324
 -0.00512377 -0.0093255 ]",[-0.09961821],-0.2867515629677524
25,51173,"[-0.015862   -0.04785093  0.00951109 -0.46733621  0.00781076  0.00550585
 -0.01354062  0.01301882  0.02002935 -0.31898066 -0.02411889  0.01435324
 -0.00512377 -0.0093255 ]",[-0.19629406],-0.976419212218305
25,51175,"[-0.015862   -0.04785093  0.00951109 -0.46733621  0.00781076  0.00550585
 -0.01354062  0.01301882  0.02002935 -0.31898066 -0.02411889  0.01435324
 -0.00512377 -0.0093255 ]",[0.05004394],0.7809105236972098
25,51177,"[-0.015862   -0.04785093  0.00951109 -0.46733621  0.00781076  0.00550585
 -0.01354062  0.01301882  0.02002935 -0.31898066 -0.02411889  0.01435324
 -0.00512377 -0.0093255 ]",[-0.04745518],0.08536980816179257
25,51179,"[-0.015862   -0.04785093  0.00951109 -0.46733621  0.00781076  0.00550585
 -0.01354062  0.01301882  0.02002935 -0.31898066 -0.02411889  0.01435324
 -0.00512377 -0.0093255 ]",[-0.07959835],-0.14393359532850983
25,51183,"[-0.015862   -0.04785093  0.00951109 -0.46733621  0.00781076  0.00550585
 -0.01354062  0.01301882  0.02002935 -0.31898066 -0.02411889  0.01435324
 -0.00512377 -0.0093255 ]",[-0.35231113],-2.089416108281768
25,51185,"[-0.015862   -0.04785093  0.00951109 -0.46733621  0.00781076  0.00550585
 -0.01354062  0.01301882  0.02002935 -0.31898066 -0.02411889  0.01435324
 -0.00512377 -0.0093255 ]",[-0.23426845],-1.2473214664517074
25,51187,"[-0.015862   -0.04785093  0.00951109 -0.46733621  0.00781076  0.00550585
 -0.01354062  0.01301882  0.02002935 -0.31898066 -0.02411889  0.01435324
 -0.00512377 -0.0093255 ]",[-0.06138493],-0.014002417554239378
25,51191,"[-0.015862   -0.04785093  0.00951109 -0.46733621  0.00781076  0.00550585
 -0.01354062  0.01301882  0.02002935 -0.31898066 -0.02411889  0.01435324
 -0.00512377 -0.0093255 ]",[-0.04266585],0.11953605340284726
25,51193,"[-0.015862   -0.04785093  0.00951109 -0.46733621  0.00781076  0.00550585
 -0.01354062  0.01301882  0.02002935 -0.31898066 -0.02411889  0.01435324
 -0.00512377 -0.0093255 ]",[-0.24570592],-1.3289142402155603
25,51195,"[-0.015862   -0.04785093  0.00951109 -0.46733621  0.00781076  0.00550585
 -0.01354062  0.01301882  0.02002935 -0.31898066 -0.02411889  0.01435324
 -0.00512377 -0.0093255 ]",[0.05456208],0.8131420808579929
25,51197,"[-0.015862   -0.04785093  0.00951109 -0.46733621  0.00781076  0.00550585
 -0.01354062  0.01301882  0.02002935 -0.31898066 -0.02411889  0.01435324
 -0.00512377 -0.0093255 ]",[-0.15091637],-0.6527031521754835
25,51199,"[-0.015862   -0.04785093  0.00951109 -0.46733621  0.00781076  0.00550585
 -0.01354062  0.01301882  0.02002935 -0.31898066 -0.02411889  0.01435324
 -0.00512377 -0.0093255 ]",[-0.09230021],-0.2345462839580575
25,51510,"[-0.015862   -0.04785093  0.00951109 -0.46733621  0.00781076  0.00550585
 -0.01354062  0.01301882  0.02002935 -0.31898066 -0.02411889  0.01435324
 -0.00512377 -0.0093255 ]",[-0.03771983],0.15481999810090558
25,51520,"[-0.015862   -0.04785093  0.00951109 -0.46733621  0.00781076  0.00550585
 -0.01354062  0.01301882  0.02002935 -0.31898066 -0.02411889  0.01435324
 -0.00512377 -0.0093255 ]",[-0.26525163],-1.4683497444035407
25,51540,"[-0.015862   -0.04785093  0.00951109 -0.46733621  0.00781076  0.00550585
 -0.01354062  0.01301882  0.02002935 -0.31898066 -0.02411889  0.01435324
 -0.00512377 -0.0093255 ]",[-0.06719634],-0.05545994228833096
25,51550,"[-0.015862   -0.04785093  0.00951109 -0.46733621  0.00781076  0.00550585
 -0.01354062  0.01301882  0.02002935 -0.31898066 -0.02411889  0.01435324
 -0.00512377 -0.0093255 ]",[-0.01220214],0.3368584629057509
25,51570,"[-0.015862   -0.04785093  0.00951109 -0.46733621  0.00781076  0.00550585
 -0.01354062  0.01301882  0.02002935 -0.31898066 -0.02411889  0.01435324
 -0.00512377 -0.0093255 ]",[-0.3290881],-1.9237472899177517
25,51590,"[-0.015862   -0.04785093  0.00951109 -0.46733621  0.00781076  0.00550585
 -0.01354062  0.01301882  0.02002935 -0.31898066 -0.02411889  0.01435324
 -0.00512377 -0.0093255 ]",[-0.10281492],-0.30955633841306623
25,51630,"[-0.015862   -0.04785093  0.00951109 -0.46733621  0.00781076  0.00550585
 -0.01354062  0.01301882  0.02002935 -0.31898066 -0.02411889  0.01435324
 -0.00512377 -0.0093255 ]",[-0.15592123],-0.6884069181579662
25,51600,"[-0.015862   -0.04785093  0.00951109 -0.46733621  0.00781076  0.00550585
 -0.01354062  0.01301882  0.02002935 -0.31898066 -0.02411889  0.01435324
 -0.00512377 -0.0093255 ]",[-0.26509287],-1.4672171762920563
25,51650,"[-0.015862   -0.04785093  0.00951109 -0.46733621  0.00781076  0.00550585
 -0.01354062  0.01301882  0.02002935 -0.31898066 -0.02411889  0.01435324
 -0.00512377 -0.0093255 ]",[-0.02524282],0.24382870049630423
25,51660,"[-0.015862   -0.04785093  0.00951109 -0.46733621  0.00781076  0.00550585
 -0.01354062  0.01301882  0.02002935 -0.31898066 -0.02411889  0.01435324
 -0.00512377 -0.0093255 ]",[-0.08631657],-0.1918601126510932
25,51670,"[-0.015862   -0.04785093  0.00951109 -0.46733621  0.00781076  0.00550585
 -0.01354062  0.01301882  0.02002935 -0.31898066 -0.02411889  0.01435324
 -0.00512377 -0.0093255 ]",[-0.10629962],-0.33441551918134155
25,51680,"[-0.015862   -0.04785093  0.00951109 -0.46733621  0.00781076  0.00550585
 -0.01354062  0.01301882  0.02002935 -0.31898066 -0.02411889  0.01435324
 -0.00512377 -0.0093255 ]",[-0.06829815],-0.0633200682859983
25,51683,"[-0.015862   -0.04785093  0.00951109 -0.46733621  0.00781076  0.00550585
 -0.01354062  0.01301882  0.02002935 -0.31898066 -0.02411889  0.01435324
 -0.00512377 -0.0093255 ]",[-0.09633322],-0.2633170452702715
25,51690,"[-0.015862   -0.04785093  0.00951109 -0.46733621  0.00781076  0.00550585
 -0.01354062  0.01301882  0.02002935 -0.31898066 -0.02411889  0.01435324
 -0.00512377 -0.0093255 ]",[-0.21276878],-1.0939468289715892
25,51700,"[-0.015862   -0.04785093  0.00951109 -0.46733621  0.00781076  0.00550585
 -0.01354062  0.01301882  0.02002935 -0.31898066 -0.02411889  0.01435324
 -0.00512377 -0.0093255 ]",[-0.00249832],0.40608374699443034
25,51710,"[-0.015862   -0.04785093  0.00951109 -0.46733621  0.00781076  0.00550585
 -0.01354062  0.01301882  0.02002935 -0.31898066 -0.02411889  0.01435324
 -0.00512377 -0.0093255 ]",[-0.02064718],0.27661312054977816
25,51730,"[-0.015862   -0.04785093  0.00951109 -0.46733621  0.00781076  0.00550585
 -0.01354062  0.01301882  0.02002935 -0.31898066 -0.02411889  0.01435324
 -0.00512377 -0.0093255 ]",[-0.0874881],-0.20021760434790506
25,51735,"[-0.015862   -0.04785093  0.00951109 -0.46733621  0.00781076  0.00550585
 -0.01354062  0.01301882  0.02002935 -0.31898066 -0.02411889  0.01435324
 -0.00512377 -0.0093255 ]",[-0.19895781],-0.9954219166958999
25,51740,"[-0.015862   -0.04785093  0.00951109 -0.46733621  0.00781076  0.00550585
 -0.01354062  0.01301882  0.02002935 -0.31898066 -0.02411889  0.01435324
 -0.00512377 -0.0093255 ]",[-0.08243668],-0.16418169065081964
25,51760,"[-0.015862   -0.04785093  0.00951109 -0.46733621  0.00781076  0.00550585
 -0.01354062  0.01301882  0.02002935 -0.31898066 -0.02411889  0.01435324
 -0.00512377 -0.0093255 ]",[-0.01087301],0.3463402532751617
25,51770,"[-0.015862   -0.04785093  0.00951109 -0.46733621  0.00781076  0.00550585
 -0.01354062  0.01301882  0.02002935 -0.31898066 -0.02411889  0.01435324
 -0.00512377 -0.0093255 ]",[-0.03619478],0.16569946594277105
25,51775,"[-0.015862   -0.04785093  0.00951109 -0.46733621  0.00781076  0.00550585
 -0.01354062  0.01301882  0.02002935 -0.31898066 -0.02411889  0.01435324
 -0.00512377 -0.0093255 ]",[-0.15211749],-0.6612717548257059
25,51790,"[-0.015862   -0.04785093  0.00951109 -0.46733621  0.00781076  0.00550585
 -0.01354062  0.01301882  0.02002935 -0.31898066 -0.02411889  0.01435324
 -0.00512377 -0.0093255 ]",[-0.21560717],-1.1141953811123433
25,51800,"[-0.015862   -0.04785093  0.00951109 -0.46733621  0.00781076  0.00550585
 -0.01354062  0.01301882  0.02002935 -0.31898066 -0.02411889  0.01435324
 -0.00512377 -0.0093255 ]",[0.00894607],0.48772589153481904
25,51810,"[-0.015862   -0.04785093  0.00951109 -0.46733621  0.00781076  0.00550585
 -0.01354062  0.01301882  0.02002935 -0.31898066 -0.02411889  0.01435324
 -0.00512377 -0.0093255 ]",[-0.00792498],0.36737097879366015
25,51820,"[-0.015862   -0.04785093  0.00951109 -0.46733621  0.00781076  0.00550585
 -0.01354062  0.01301882  0.02002935 -0.31898066 -0.02411889  0.01435324
 -0.00512377 -0.0093255 ]",[-0.31785587],-1.8436186510349357
25,51840,"[-0.015862   -0.04785093  0.00951109 -0.46733621  0.00781076  0.00550585
 -0.01354062  0.01301882  0.02002935 -0.31898066 -0.02411889  0.01435324
 -0.00512377 -0.0093255 ]",[-0.25328528],-1.3829839811736546
25,53001,"[-0.015862   -0.04785093  0.00951109 -0.46733621  0.00781076  0.00550585
 -0.01354062  0.01301882  0.02002935 -0.31898066 -0.02411889  0.01435324
 -0.00512377 -0.0093255 ]",[-0.33963567],-1.9989916882973915
25,53003,"[-0.015862   -0.04785093  0.00951109 -0.46733621  0.00781076  0.00550585
 -0.01354062  0.01301882  0.02002935 -0.31898066 -0.02411889  0.01435324
 -0.00512377 -0.0093255 ]",[-0.00762946],0.3694791621669099
25,53005,"[-0.015862   -0.04785093  0.00951109 -0.46733621  0.00781076  0.00550585
 -0.01354062  0.01301882  0.02002935 -0.31898066 -0.02411889  0.01435324
 -0.00512377 -0.0093255 ]",[-0.03135486],0.20022651669435063
25,53007,"[-0.015862   -0.04785093  0.00951109 -0.46733621  0.00781076  0.00550585
 -0.01354062  0.01301882  0.02002935 -0.31898066 -0.02411889  0.01435324
 -0.00512377 -0.0093255 ]",[-0.08403375],-0.1755749155711102
25,53009,"[-0.015862   -0.04785093  0.00951109 -0.46733621  0.00781076  0.00550585
 -0.01354062  0.01301882  0.02002935 -0.31898066 -0.02411889  0.01435324
 -0.00512377 -0.0093255 ]",[-0.07919766],-0.14107511483883564
25,53011,"[-0.015862   -0.04785093  0.00951109 -0.46733621  0.00781076  0.00550585
 -0.01354062  0.01301882  0.02002935 -0.31898066 -0.02411889  0.01435324
 -0.00512377 -0.0093255 ]",[0.03967334],0.7069285877051363
25,53015,"[-0.015862   -0.04785093  0.00951109 -0.46733621  0.00781076  0.00550585
 -0.01354062  0.01301882  0.02002935 -0.31898066 -0.02411889  0.01435324
 -0.00512377 -0.0093255 ]",[-0.05055301],0.06327047436132517
25,53021,"[-0.015862   -0.04785093  0.00951109 -0.46733621  0.00781076  0.00550585
 -0.01354062  0.01301882  0.02002935 -0.31898066 -0.02411889  0.01435324
 -0.00512377 -0.0093255 ]",[-0.13856003],-0.5645553465862787
25,53017,"[-0.015862   -0.04785093  0.00951109 -0.46733621  0.00781076  0.00550585
 -0.01354062  0.01301882  0.02002935 -0.31898066 -0.02411889  0.01435324
 -0.00512377 -0.0093255 ]",[-0.0421519],0.12320246304633888
25,53025,"[-0.015862   -0.04785093  0.00951109 -0.46733621  0.00781076  0.00550585
 -0.01354062  0.01301882  0.02002935 -0.31898066 -0.02411889  0.01435324
 -0.00512377 -0.0093255 ]",[-0.16004271],-0.7178087793779143
25,53027,"[-0.015862   -0.04785093  0.00951109 -0.46733621  0.00781076  0.00550585
 -0.01354062  0.01301882  0.02002935 -0.31898066 -0.02411889  0.01435324
 -0.00512377 -0.0093255 ]",[-0.12560732],-0.4721530402025294
25,53029,"[-0.015862   -0.04785093  0.00951109 -0.46733621  0.00781076  0.00550585
 -0.01354062  0.01301882  0.02002935 -0.31898066 -0.02411889  0.01435324
 -0.00512377 -0.0093255 ]",[-0.03279136],0.18997877295742932
25,53031,"[-0.015862   -0.04785093  0.00951109 -0.46733621  0.00781076  0.00550585
 -0.01354062  0.01301882  0.02002935 -0.31898066 -0.02411889  0.01435324
 -0.00512377 -0.0093255 ]",[-0.17942843],-0.8561029343124857
25,53033,"[-0.015862   -0.04785093  0.00951109 -0.46733621  0.00781076  0.00550585
 -0.01354062  0.01301882  0.02002935 -0.31898066 -0.02411889  0.01435324
 -0.00512377 -0.0093255 ]",[0.00377853],0.45086165375017195
25,53035,"[-0.015862   -0.04785093  0.00951109 -0.46733621  0.00781076  0.00550585
 -0.01354062  0.01301882  0.02002935 -0.31898066 -0.02411889  0.01435324
 -0.00512377 -0.0093255 ]",[-0.00561575],0.383844586991078
25,53037,"[-0.015862   -0.04785093  0.00951109 -0.46733621  0.00781076  0.00550585
 -0.01354062  0.01301882  0.02002935 -0.31898066 -0.02411889  0.01435324
 -0.00512377 -0.0093255 ]",[-0.15932767],-0.7127078366516049
25,53041,"[-0.015862   -0.04785093  0.00951109 -0.46733621  0.00781076  0.00550585
 -0.01354062  0.01301882  0.02002935 -0.31898066 -0.02411889  0.01435324
 -0.00512377 -0.0093255 ]",[0.00045033],0.42711890761733623
25,53043,"[-0.015862   -0.04785093  0.00951109 -0.46733621  0.00781076  0.00550585
 -0.01354062  0.01301882  0.02002935 -0.31898066 -0.02411889  0.01435324
 -0.00512377 -0.0093255 ]",[-0.20831916],-1.0622040016528502
25,53045,"[-0.015862   -0.04785093  0.00951109 -0.46733621  0.00781076  0.00550585
 -0.01354062  0.01301882  0.02002935 -0.31898066 -0.02411889  0.01435324
 -0.00512377 -0.0093255 ]",[-0.09842556],-0.27824345032137004
25,53047,"[-0.015862   -0.04785093  0.00951109 -0.46733621  0.00781076  0.00550585
 -0.01354062  0.01301882  0.02002935 -0.31898066 -0.02411889  0.01435324
 -0.00512377 -0.0093255 ]",[-0.10103291],-0.29684377120155503
25,53049,"[-0.015862   -0.04785093  0.00951109 -0.46733621  0.00781076  0.00550585
 -0.01354062  0.01301882  0.02002935 -0.31898066 -0.02411889  0.01435324
 -0.00512377 -0.0093255 ]",[-0.0919027],-0.23171055683035216
25,53051,"[-0.015862   -0.04785093  0.00951109 -0.46733621  0.00781076  0.00550585
 -0.01354062  0.01301882  0.02002935 -0.31898066 -0.02411889  0.01435324
 -0.00512377 -0.0093255 ]",[-0.27568739],-1.542796549279131
25,53053,"[-0.015862   -0.04785093  0.00951109 -0.46733621  0.00781076  0.00550585
 -0.01354062  0.01301882  0.02002935 -0.31898066 -0.02411889  0.01435324
 -0.00512377 -0.0093255 ]",[-0.00327538],0.40054036446479296
25,53055,"[-0.015862   -0.04785093  0.00951109 -0.46733621  0.00781076  0.00550585
 -0.01354062  0.01301882  0.02002935 -0.31898066 -0.02411889  0.01435324
 -0.00512377 -0.0093255 ]",[-0.26643757],-1.4768100505130302
25,53057,"[-0.015862   -0.04785093  0.00951109 -0.46733621  0.00781076  0.00550585
 -0.01354062  0.01301882  0.02002935 -0.31898066 -0.02411889  0.01435324
 -0.00512377 -0.0093255 ]",[-0.03900972],0.1456181784685903
25,53059,"[-0.015862   -0.04785093  0.00951109 -0.46733621  0.00781076  0.00550585
 -0.01354062  0.01301882  0.02002935 -0.31898066 -0.02411889  0.01435324
 -0.00512377 -0.0093255 ]",[-0.30457611],-1.748883318207566
25,53061,"[-0.015862   -0.04785093  0.00951109 -0.46733621  0.00781076  0.00550585
 -0.01354062  0.01301882  0.02002935 -0.31898066 -0.02411889  0.01435324
 -0.00512377 -0.0093255 ]",[-0.00815174],0.3657533032095089
25,53063,"[-0.015862   -0.04785093  0.00951109 -0.46733621  0.00781076  0.00550585
 -0.01354062  0.01301882  0.02002935 -0.31898066 -0.02411889  0.01435324
 -0.00512377 -0.0093255 ]",[-0.01710251],0.30190017672394104
25,53065,"[-0.015862   -0.04785093  0.00951109 -0.46733621  0.00781076  0.00550585
 -0.01354062  0.01301882  0.02002935 -0.31898066 -0.02411889  0.01435324
 -0.00512377 -0.0093255 ]",[-0.1472774],-0.6267434244700327
25,53067,"[-0.015862   -0.04785093  0.00951109 -0.46733621  0.00781076  0.00550585
 -0.01354062  0.01301882  0.02002935 -0.31898066 -0.02411889  0.01435324
 -0.00512377 -0.0093255 ]",[-0.05019216],0.06584473751499385
25,53071,"[-0.015862   -0.04785093  0.00951109 -0.46733621  0.00781076  0.00550585
 -0.01354062  0.01301882  0.02002935 -0.31898066 -0.02411889  0.01435324
 -0.00512377 -0.0093255 ]",[-0.15735569],-0.6986400887295835
25,53073,"[-0.015862   -0.04785093  0.00951109 -0.46733621  0.00781076  0.00550585
 -0.01354062  0.01301882  0.02002935 -0.31898066 -0.02411889  0.01435324
 -0.00512377 -0.0093255 ]",[-0.04745232],0.08539024244926952
25,53075,"[-0.015862   -0.04785093  0.00951109 -0.46733621  0.00781076  0.00550585
 -0.01354062  0.01301882  0.02002935 -0.31898066 -0.02411889  0.01435324
 -0.00512377 -0.0093255 ]",[-0.00521618],0.38669503764580787
25,53077,"[-0.015862   -0.04785093  0.00951109 -0.46733621  0.00781076  0.00550585
 -0.01354062  0.01301882  0.02002935 -0.31898066 -0.02411889  0.01435324
 -0.00512377 -0.0093255 ]",[-0.04848146],0.07804853027055035
25,54001,"[-0.015862   -0.04785093  0.00951109 -0.46733621  0.00781076  0.00550585
 -0.01354062  0.01301882  0.02002935 -0.31898066 -0.02411889  0.01435324
 -0.00512377 -0.0093255 ]",[-0.50258395],-3.161434577440381
25,54003,"[-0.015862   -0.04785093  0.00951109 -0.46733621  0.00781076  0.00550585
 -0.01354062  0.01301882  0.02002935 -0.31898066 -0.02411889  0.01435324
 -0.00512377 -0.0093255 ]",[-0.07262012],-0.09415220348328839
25,54005,"[-0.015862   -0.04785093  0.00951109 -0.46733621  0.00781076  0.00550585
 -0.01354062  0.01301882  0.02002935 -0.31898066 -0.02411889  0.01435324
 -0.00512377 -0.0093255 ]",[-0.23188012],-1.2302835653353619
25,54009,"[-0.015862   -0.04785093  0.00951109 -0.46733621  0.00781076  0.00550585
 -0.01354062  0.01301882  0.02002935 -0.31898066 -0.02411889  0.01435324
 -0.00512377 -0.0093255 ]",[-0.2118117],-1.0871191347156142
25,54011,"[-0.015862   -0.04785093  0.00951109 -0.46733621  0.00781076  0.00550585
 -0.01354062  0.01301882  0.02002935 -0.31898066 -0.02411889  0.01435324
 -0.00512377 -0.0093255 ]",[-0.05153817],0.05624252114093599
25,54019,"[-0.015862   -0.04785093  0.00951109 -0.46733621  0.00781076  0.00550585
 -0.01354062  0.01301882  0.02002935 -0.31898066 -0.02411889  0.01435324
 -0.00512377 -0.0093255 ]",[-0.05431393],0.036440752510230594
25,54025,"[-0.015862   -0.04785093  0.00951109 -0.46733621  0.00781076  0.00550585
 -0.01354062  0.01301882  0.02002935 -0.31898066 -0.02411889  0.01435324
 -0.00512377 -0.0093255 ]",[-0.23080125],-1.2225870907468313
25,54027,"[-0.015862   -0.04785093  0.00951109 -0.46733621  0.00781076  0.00550585
 -0.01354062  0.01301882  0.02002935 -0.31898066 -0.02411889  0.01435324
 -0.00512377 -0.0093255 ]",[-0.38084732],-2.2929879761898837
25,54029,"[-0.015862   -0.04785093  0.00951109 -0.46733621  0.00781076  0.00550585
 -0.01354062  0.01301882  0.02002935 -0.31898066 -0.02411889  0.01435324
 -0.00512377 -0.0093255 ]",[-0.03427777],0.17937504887491645
25,54035,"[-0.015862   -0.04785093  0.00951109 -0.46733621  0.00781076  0.00550585
 -0.01354062  0.01301882  0.02002935 -0.31898066 -0.02411889  0.01435324
 -0.00512377 -0.0093255 ]",[-0.21626925],-1.1189184971218096
25,54033,"[-0.015862   -0.04785093  0.00951109 -0.46733621  0.00781076  0.00550585
 -0.01354062  0.01301882  0.02002935 -0.31898066 -0.02411889  0.01435324
 -0.00512377 -0.0093255 ]",[-0.0735852],-0.10103692892963981
25,54037,"[-0.015862   -0.04785093  0.00951109 -0.46733621  0.00781076  0.00550585
 -0.01354062  0.01301882  0.02002935 -0.31898066 -0.02411889  0.01435324
 -0.00512377 -0.0093255 ]",[-0.10102231],-0.2967681722523918
25,54039,"[-0.015862   -0.04785093  0.00951109 -0.46733621  0.00781076  0.00550585
 -0.01354062  0.01301882  0.02002935 -0.31898066 -0.02411889  0.01435324
 -0.00512377 -0.0093255 ]",[-0.032862],0.1894749063211097
25,54041,"[-0.015862   -0.04785093  0.00951109 -0.46733621  0.00781076  0.00550585
 -0.01354062  0.01301882  0.02002935 -0.31898066 -0.02411889  0.01435324
 -0.00512377 -0.0093255 ]",[-0.11216984],-0.37629255244057536
25,54043,"[-0.015862   -0.04785093  0.00951109 -0.46733621  0.00781076  0.00550585
 -0.01354062  0.01301882  0.02002935 -0.31898066 -0.02411889  0.01435324
 -0.00512377 -0.0093255 ]",[-0.14819162],-0.6332653078415468
25,54045,"[-0.015862   -0.04785093  0.00951109 -0.46733621  0.00781076  0.00550585
 -0.01354062  0.01301882  0.02002935 -0.31898066 -0.02411889  0.01435324
 -0.00512377 -0.0093255 ]",[-0.17801991],-0.8460547683949127
25,54047,"[-0.015862   -0.04785093  0.00951109 -0.46733621  0.00781076  0.00550585
 -0.01354062  0.01301882  0.02002935 -0.31898066 -0.02411889  0.01435324
 -0.00512377 -0.0093255 ]",[-0.15642411],-0.6919943556345143
25,54049,"[-0.015862   -0.04785093  0.00951109 -0.46733621  0.00781076  0.00550585
 -0.01354062  0.01301882  0.02002935 -0.31898066 -0.02411889  0.01435324
 -0.00512377 -0.0093255 ]",[0.06614831],0.8957961060317223
25,54051,"[-0.015862   -0.04785093  0.00951109 -0.46733621  0.00781076  0.00550585
 -0.01354062  0.01301882  0.02002935 -0.31898066 -0.02411889  0.01435324
 -0.00512377 -0.0093255 ]",[-0.15388657],-0.673892020633629
25,54053,"[-0.015862   -0.04785093  0.00951109 -0.46733621  0.00781076  0.00550585
 -0.01354062  0.01301882  0.02002935 -0.31898066 -0.02411889  0.01435324
 -0.00512377 -0.0093255 ]",[-0.33966233],-1.999181902831982
25,54057,"[-0.015862   -0.04785093  0.00951109 -0.46733621  0.00781076  0.00550585
 -0.01354062  0.01301882  0.02002935 -0.31898066 -0.02411889  0.01435324
 -0.00512377 -0.0093255 ]",[-0.03716628],0.15876890812642067
25,54055,"[-0.015862   -0.04785093  0.00951109 -0.46733621  0.00781076  0.00550585
 -0.01354062  0.01301882  0.02002935 -0.31898066 -0.02411889  0.01435324
 -0.00512377 -0.0093255 ]",[-0.119795],-0.43068909510465114
25,54059,"[-0.015862   -0.04785093  0.00951109 -0.46733621  0.00781076  0.00550585
 -0.01354062  0.01301882  0.02002935 -0.31898066 -0.02411889  0.01435324
 -0.00512377 -0.0093255 ]",[-0.28604017],-1.6166513353975402
25,54061,"[-0.015862   -0.04785093  0.00951109 -0.46733621  0.00781076  0.00550585
 -0.01354062  0.01301882  0.02002935 -0.31898066 -0.02411889  0.01435324
 -0.00512377 -0.0093255 ]",[-0.03203684],0.19536138830171318
25,54065,"[-0.015862   -0.04785093  0.00951109 -0.46733621  0.00781076  0.00550585
 -0.01354062  0.01301882  0.02002935 -0.31898066 -0.02411889  0.01435324
 -0.00512377 -0.0093255 ]",[-0.30843207],-1.7763910035428339
25,54067,"[-0.015862   -0.04785093  0.00951109 -0.46733621  0.00781076  0.00550585
 -0.01354062  0.01301882  0.02002935 -0.31898066 -0.02411889  0.01435324
 -0.00512377 -0.0093255 ]",[-0.26750394],-1.484417282162656
25,54069,"[-0.015862   -0.04785093  0.00951109 -0.46733621  0.00781076  0.00550585
 -0.01354062  0.01301882  0.02002935 -0.31898066 -0.02411889  0.01435324
 -0.00512377 -0.0093255 ]",[-0.05761582],0.012885710647744483
25,54077,"[-0.015862   -0.04785093  0.00951109 -0.46733621  0.00781076  0.00550585
 -0.01354062  0.01301882  0.02002935 -0.31898066 -0.02411889  0.01435324
 -0.00512377 -0.0093255 ]",[-0.04799198],0.0815403657490667
25,54075,"[-0.015862   -0.04785093  0.00951109 -0.46733621  0.00781076  0.00550585
 -0.01354062  0.01301882  0.02002935 -0.31898066 -0.02411889  0.01435324
 -0.00512377 -0.0093255 ]",[-0.34894168],-2.065379038611114
25,54079,"[-0.015862   -0.04785093  0.00951109 -0.46733621  0.00781076  0.00550585
 -0.01354062  0.01301882  0.02002935 -0.31898066 -0.02411889  0.01435324
 -0.00512377 -0.0093255 ]",[-0.00487231],0.38914812460404713
25,54081,"[-0.015862   -0.04785093  0.00951109 -0.46733621  0.00781076  0.00550585
 -0.01354062  0.01301882  0.02002935 -0.31898066 -0.02411889  0.01435324
 -0.00512377 -0.0093255 ]",[0.05625995],0.8252543910858804
25,54083,"[-0.015862   -0.04785093  0.00951109 -0.46733621  0.00781076  0.00550585
 -0.01354062  0.01301882  0.02002935 -0.31898066 -0.02411889  0.01435324
 -0.00512377 -0.0093255 ]",[-0.22174276],-1.1579654907517953
25,54089,"[-0.015862   -0.04785093  0.00951109 -0.46733621  0.00781076  0.00550585
 -0.01354062  0.01301882  0.02002935 -0.31898066 -0.02411889  0.01435324
 -0.00512377 -0.0093255 ]",[-0.35805597],-2.1303986963105013
25,54087,"[-0.015862   -0.04785093  0.00951109 -0.46733621  0.00781076  0.00550585
 -0.01354062  0.01301882  0.02002935 -0.31898066 -0.02411889  0.01435324
 -0.00512377 -0.0093255 ]",[-0.04551718],0.09919518132891843
25,54091,"[-0.015862   -0.04785093  0.00951109 -0.46733621  0.00781076  0.00550585
 -0.01354062  0.01301882  0.02002935 -0.31898066 -0.02411889  0.01435324
 -0.00512377 -0.0093255 ]",[-0.32241227],-1.876123198434479
25,54097,"[-0.015862   -0.04785093  0.00951109 -0.46733621  0.00781076  0.00550585
 -0.01354062  0.01301882  0.02002935 -0.31898066 -0.02411889  0.01435324
 -0.00512377 -0.0093255 ]",[0.00819787],0.4823884048723379
25,54103,"[-0.015862   -0.04785093  0.00951109 -0.46733621  0.00781076  0.00550585
 -0.01354062  0.01301882  0.02002935 -0.31898066 -0.02411889  0.01435324
 -0.00512377 -0.0093255 ]",[-0.29491235],-1.6799438148141377
25,54099,"[-0.015862   -0.04785093  0.00951109 -0.46733621  0.00781076  0.00550585
 -0.01354062  0.01301882  0.02002935 -0.31898066 -0.02411889  0.01435324
 -0.00512377 -0.0093255 ]",[0.08805036],1.0520412616705088
25,54107,"[-0.015862   -0.04785093  0.00951109 -0.46733621  0.00781076  0.00550585
 -0.01354062  0.01301882  0.02002935 -0.31898066 -0.02411889  0.01435324
 -0.00512377 -0.0093255 ]",[-0.01837147],0.2928476225011242
25,54109,"[-0.015862   -0.04785093  0.00951109 -0.46733621  0.00781076  0.00550585
 -0.01354062  0.01301882  0.02002935 -0.31898066 -0.02411889  0.01435324
 -0.00512377 -0.0093255 ]",[-0.21529423],-1.1119629050290873
25,55001,"[-0.015862   -0.04785093  0.00951109 -0.46733621  0.00781076  0.00550585
 -0.01354062  0.01301882  0.02002935 -0.31898066 -0.02411889  0.01435324
 -0.00512377 -0.0093255 ]",[-0.22501994],-1.1813443219779252
25,55003,"[-0.015862   -0.04785093  0.00951109 -0.46733621  0.00781076  0.00550585
 -0.01354062  0.01301882  0.02002935 -0.31898066 -0.02411889  0.01435324
 -0.00512377 -0.0093255 ]",[-0.24299231],-1.3095558520338035
25,55005,"[-0.015862   -0.04785093  0.00951109 -0.46733621  0.00781076  0.00550585
 -0.01354062  0.01301882  0.02002935 -0.31898066 -0.02411889  0.01435324
 -0.00512377 -0.0093255 ]",[-0.01371423],0.32607154918354153
25,55007,"[-0.015862   -0.04785093  0.00951109 -0.46733621  0.00781076  0.00550585
 -0.01354062  0.01301882  0.02002935 -0.31898066 -0.02411889  0.01435324
 -0.00512377 -0.0093255 ]",[-0.22791897],-1.2020254196053255
25,55009,"[-0.015862   -0.04785093  0.00951109 -0.46733621  0.00781076  0.00550585
 -0.01354062  0.01301882  0.02002935 -0.31898066 -0.02411889  0.01435324
 -0.00512377 -0.0093255 ]",[0.00727219],0.4757847747325409
25,55011,"[-0.015862   -0.04785093  0.00951109 -0.46733621  0.00781076  0.00550585
 -0.01354062  0.01301882  0.02002935 -0.31898066 -0.02411889  0.01435324
 -0.00512377 -0.0093255 ]",[-0.31595246],-1.8300400780935542
25,55013,"[-0.015862   -0.04785093  0.00951109 -0.46733621  0.00781076  0.00550585
 -0.01354062  0.01301882  0.02002935 -0.31898066 -0.02411889  0.01435324
 -0.00512377 -0.0093255 ]",[-0.25972658],-1.4289350356225796
25,55015,"[-0.015862   -0.04785093  0.00951109 -0.46733621  0.00781076  0.00550585
 -0.01354062  0.01301882  0.02002935 -0.31898066 -0.02411889  0.01435324
 -0.00512377 -0.0093255 ]",[-0.1199801],-0.4320095022712067
25,55017,"[-0.015862   -0.04785093  0.00951109 -0.46733621  0.00781076  0.00550585
 -0.01354062  0.01301882  0.02002935 -0.31898066 -0.02411889  0.01435324
 -0.00512377 -0.0093255 ]",[-0.01647683],0.30636365120130804
25,55019,"[-0.015862   -0.04785093  0.00951109 -0.46733621  0.00781076  0.00550585
 -0.01354062  0.01301882  0.02002935 -0.31898066 -0.02411889  0.01435324
 -0.00512377 -0.0093255 ]",[-0.21445839],-1.1060001719392276
25,55021,"[-0.015862   -0.04785093  0.00951109 -0.46733621  0.00781076  0.00550585
 -0.01354062  0.01301882  0.02002935 -0.31898066 -0.02411889  0.01435324
 -0.00512377 -0.0093255 ]",[-0.15586713],-0.6880209613483851
25,55023,"[-0.015862   -0.04785093  0.00951109 -0.46733621  0.00781076  0.00550585
 -0.01354062  0.01301882  0.02002935 -0.31898066 -0.02411889  0.01435324
 -0.00512377 -0.0093255 ]",[-0.3680859],-2.201950412377079
25,55025,"[-0.015862   -0.04785093  0.00951109 -0.46733621  0.00781076  0.00550585
 -0.01354062  0.01301882  0.02002935 -0.31898066 -0.02411889  0.01435324
 -0.00512377 -0.0093255 ]",[0.00975399],0.49348946021865264
25,55027,"[-0.015862   -0.04785093  0.00951109 -0.46733621  0.00781076  0.00550585
 -0.01354062  0.01301882  0.02002935 -0.31898066 -0.02411889  0.01435324
 -0.00512377 -0.0093255 ]",[-0.11285332],-0.38116841600903945
25,55029,"[-0.015862   -0.04785093  0.00951109 -0.46733621  0.00781076  0.00550585
 -0.01354062  0.01301882  0.02002935 -0.31898066 -0.02411889  0.01435324
 -0.00512377 -0.0093255 ]",[-0.24618311],-1.3323184752569304
25,55031,"[-0.015862   -0.04785093  0.00951109 -0.46733621  0.00781076  0.00550585
 -0.01354062  0.01301882  0.02002935 -0.31898066 -0.02411889  0.01435324
 -0.00512377 -0.0093255 ]",[-0.11175675],-0.3733456600540526
25,55033,"[-0.015862   -0.04785093  0.00951109 -0.46733621  0.00781076  0.00550585
 -0.01354062  0.01301882  0.02002935 -0.31898066 -0.02411889  0.01435324
 -0.00512377 -0.0093255 ]",[-0.07092273],-0.08204333957102897
25,55035,"[-0.015862   -0.04785093  0.00951109 -0.46733621  0.00781076  0.00550585
 -0.01354062  0.01301882  0.02002935 -0.31898066 -0.02411889  0.01435324
 -0.00512377 -0.0093255 ]",[-0.04521572],0.10134574042775499
25,55039,"[-0.015862   -0.04785093  0.00951109 -0.46733621  0.00781076  0.00550585
 -0.01354062  0.01301882  0.02002935 -0.31898066 -0.02411889  0.01435324
 -0.00512377 -0.0093255 ]",[-0.01035152],0.35006049240474807
25,55041,"[-0.015862   -0.04785093  0.00951109 -0.46733621  0.00781076  0.00550585
 -0.01354062  0.01301882  0.02002935 -0.31898066 -0.02411889  0.01435324
 -0.00512377 -0.0093255 ]",[-0.2746522],-1.5354116732777268
25,55043,"[-0.015862   -0.04785093  0.00951109 -0.46733621  0.00781076  0.00550585
 -0.01354062  0.01301882  0.02002935 -0.31898066 -0.02411889  0.01435324
 -0.00512377 -0.0093255 ]",[-0.13398273],-0.5319016859551762
25,55045,"[-0.015862   -0.04785093  0.00951109 -0.46733621  0.00781076  0.00550585
 -0.01354062  0.01301882  0.02002935 -0.31898066 -0.02411889  0.01435324
 -0.00512377 -0.0093255 ]",[-0.06721239],-0.05557444214497451
25,55047,"[-0.015862   -0.04785093  0.00951109 -0.46733621  0.00781076  0.00550585
 -0.01354062  0.01301882  0.02002935 -0.31898066 -0.02411889  0.01435324
 -0.00512377 -0.0093255 ]",[-0.15437885],-0.6774038324640084
25,55049,"[-0.015862   -0.04785093  0.00951109 -0.46733621  0.00781076  0.00550585
 -0.01354062  0.01301882  0.02002935 -0.31898066 -0.02411889  0.01435324
 -0.00512377 -0.0093255 ]",[-0.09923452],-0.28401442558473255
25,55053,"[-0.015862   -0.04785093  0.00951109 -0.46733621  0.00781076  0.00550585
 -0.01354062  0.01301882  0.02002935 -0.31898066 -0.02411889  0.01435324
 -0.00512377 -0.0093255 ]",[-0.2625858],-1.4493321726827182
25,55055,"[-0.015862   -0.04785093  0.00951109 -0.46733621  0.00781076  0.00550585
 -0.01354062  0.01301882  0.02002935 -0.31898066 -0.02411889  0.01435324
 -0.00512377 -0.0093255 ]",[-0.08347951],-0.17162109736387232
25,55057,"[-0.015862   -0.04785093  0.00951109 -0.46733621  0.00781076  0.00550585
 -0.01354062  0.01301882  0.02002935 -0.31898066 -0.02411889  0.01435324
 -0.00512377 -0.0093255 ]",[-0.05911892],0.0021628809018340678
25,55059,"[-0.015862   -0.04785093  0.00951109 -0.46733621  0.00781076  0.00550585
 -0.01354062  0.01301882  0.02002935 -0.31898066 -0.02411889  0.01435324
 -0.00512377 -0.0093255 ]",[0.00462219],0.45688015554922556
25,55061,"[-0.015862   -0.04785093  0.00951109 -0.46733621  0.00781076  0.00550585
 -0.01354062  0.01301882  0.02002935 -0.31898066 -0.02411889  0.01435324
 -0.00512377 -0.0093255 ]",[-0.48294003],-3.0212984800258758
25,55065,"[-0.015862   -0.04785093  0.00951109 -0.46733621  0.00781076  0.00550585
 -0.01354062  0.01301882  0.02002935 -0.31898066 -0.02411889  0.01435324
 -0.00512377 -0.0093255 ]",[-0.22801387],-1.2027024645006743
25,55063,"[-0.015862   -0.04785093  0.00951109 -0.46733621  0.00781076  0.00550585
 -0.01354062  0.01301882  0.02002935 -0.31898066 -0.02411889  0.01435324
 -0.00512377 -0.0093255 ]",[0.0072808],0.47584614952636206
25,55067,"[-0.015862   -0.04785093  0.00951109 -0.46733621  0.00781076  0.00550585
 -0.01354062  0.01301882  0.02002935 -0.31898066 -0.02411889  0.01435324
 -0.00512377 -0.0093255 ]",[-0.2706506],-1.5068650233664866
25,55069,"[-0.015862   -0.04785093  0.00951109 -0.46733621  0.00781076  0.00550585
 -0.01354062  0.01301882  0.02002935 -0.31898066 -0.02411889  0.01435324
 -0.00512377 -0.0093255 ]",[-0.13710957],-0.5542079957304308
25,55071,"[-0.015862   -0.04785093  0.00951109 -0.46733621  0.00781076  0.00550585
 -0.01354062  0.01301882  0.02002935 -0.31898066 -0.02411889  0.01435324
 -0.00512377 -0.0093255 ]",[0.07915667],0.988595315243239
25,55073,"[-0.015862   -0.04785093  0.00951109 -0.46733621  0.00781076  0.00550585
 -0.01354062  0.01301882  0.02002935 -0.31898066 -0.02411889  0.01435324
 -0.00512377 -0.0093255 ]",[-0.01197959],0.3384461084354296
25,55075,"[-0.015862   -0.04785093  0.00951109 -0.46733621  0.00781076  0.00550585
 -0.01354062  0.01301882  0.02002935 -0.31898066 -0.02411889  0.01435324
 -0.00512377 -0.0093255 ]",[-0.07090049],-0.08188468949914504
25,55077,"[-0.015862   -0.04785093  0.00951109 -0.46733621  0.00781076  0.00550585
 -0.01354062  0.01301882  0.02002935 -0.31898066 -0.02411889  0.01435324
 -0.00512377 -0.0093255 ]",[-0.33455121],-1.9627201132005918
25,55079,"[-0.015862   -0.04785093  0.00951109 -0.46733621  0.00781076  0.00550585
 -0.01354062  0.01301882  0.02002935 -0.31898066 -0.02411889  0.01435324
 -0.00512377 -0.0093255 ]",[0.00770093],0.4788433361827825
25,55081,"[-0.015862   -0.04785093  0.00951109 -0.46733621  0.00781076  0.00550585
 -0.01354062  0.01301882  0.02002935 -0.31898066 -0.02411889  0.01435324
 -0.00512377 -0.0093255 ]",[0.0281783],0.6249250535097751
25,55083,"[-0.015862   -0.04785093  0.00951109 -0.46733621  0.00781076  0.00550585
 -0.01354062  0.01301882  0.02002935 -0.31898066 -0.02411889  0.01435324
 -0.00512377 -0.0093255 ]",[-0.10970817],-0.35873144800894885
25,55085,"[-0.015862   -0.04785093  0.00951109 -0.46733621  0.00781076  0.00550585
 -0.01354062  0.01301882  0.02002935 -0.31898066 -0.02411889  0.01435324
 -0.00512377 -0.0093255 ]",[-0.07135497],-0.08512685068602445
25,55087,"[-0.015862   -0.04785093  0.00951109 -0.46733621  0.00781076  0.00550585
 -0.01354062  0.01301882  0.02002935 -0.31898066 -0.02411889  0.01435324
 -0.00512377 -0.0093255 ]",[-0.01452664],0.3202759093081557
25,55089,"[-0.015862   -0.04785093  0.00951109 -0.46733621  0.00781076  0.00550585
 -0.01354062  0.01301882  0.02002935 -0.31898066 -0.02411889  0.01435324
 -0.00512377 -0.0093255 ]",[-0.09781788],-0.27390836343589664
25,55093,"[-0.015862   -0.04785093  0.00951109 -0.46733621  0.00781076  0.00550585
 -0.01354062  0.01301882  0.02002935 -0.31898066 -0.02411889  0.01435324
 -0.00512377 -0.0093255 ]",[-0.06918647],-0.06965718923093786
25,55095,"[-0.015862   -0.04785093  0.00951109 -0.46733621  0.00781076  0.00550585
 -0.01354062  0.01301882  0.02002935 -0.31898066 -0.02411889  0.01435324
 -0.00512377 -0.0093255 ]",[-0.16002694],-0.7176962538840458
25,55097,"[-0.015862   -0.04785093  0.00951109 -0.46733621  0.00781076  0.00550585
 -0.01354062  0.01301882  0.02002935 -0.31898066 -0.02411889  0.01435324
 -0.00512377 -0.0093255 ]",[0.02639653],0.612214268984979
25,55099,"[-0.015862   -0.04785093  0.00951109 -0.46733621  0.00781076  0.00550585
 -0.01354062  0.01301882  0.02002935 -0.31898066 -0.02411889  0.01435324
 -0.00512377 -0.0093255 ]",[-0.2113082],-1.083527305745777
25,55101,"[-0.015862   -0.04785093  0.00951109 -0.46733621  0.00781076  0.00550585
 -0.01354062  0.01301882  0.02002935 -0.31898066 -0.02411889  0.01435324
 -0.00512377 -0.0093255 ]",[-0.04309004],0.11650993563711275
25,55103,"[-0.015862   -0.04785093  0.00951109 -0.46733621  0.00781076  0.00550585
 -0.01354062  0.01301882  0.02002935 -0.31898066 -0.02411889  0.01435324
 -0.00512377 -0.0093255 ]",[-0.2797616],-1.5718611868468402
25,55105,"[-0.015862   -0.04785093  0.00951109 -0.46733621  0.00781076  0.00550585
 -0.01354062  0.01301882  0.02002935 -0.31898066 -0.02411889  0.01435324
 -0.00512377 -0.0093255 ]",[-0.01295893],0.33145972281780783
25,55107,"[-0.015862   -0.04785093  0.00951109 -0.46733621  0.00781076  0.00550585
 -0.01354062  0.01301882  0.02002935 -0.31898066 -0.02411889  0.01435324
 -0.00512377 -0.0093255 ]",[0.00047443],0.42729082382685213
25,55109,"[-0.015862   -0.04785093  0.00951109 -0.46733621  0.00781076  0.00550585
 -0.01354062  0.01301882  0.02002935 -0.31898066 -0.02411889  0.01435324
 -0.00512377 -0.0093255 ]",[-0.19411648],-0.9608847544287497
25,55111,"[-0.015862   -0.04785093  0.00951109 -0.46733621  0.00781076  0.00550585
 -0.01354062  0.01301882  0.02002935 -0.31898066 -0.02411889  0.01435324
 -0.00512377 -0.0093255 ]",[0.00727158],0.4757803906173338
25,55113,"[-0.015862   -0.04785093  0.00951109 -0.46733621  0.00781076  0.00550585
 -0.01354062  0.01301882  0.02002935 -0.31898066 -0.02411889  0.01435324
 -0.00512377 -0.0093255 ]",[-0.25766304],-1.414214113822193
25,55115,"[-0.015862   -0.04785093  0.00951109 -0.46733621  0.00781076  0.00550585
 -0.01354062  0.01301882  0.02002935 -0.31898066 -0.02411889  0.01435324
 -0.00512377 -0.0093255 ]",[0.09258272],1.084374311811103
25,55119,"[-0.015862   -0.04785093  0.00951109 -0.46733621  0.00781076  0.00550585
 -0.01354062  0.01301882  0.02002935 -0.31898066 -0.02411889  0.01435324
 -0.00512377 -0.0093255 ]",[-0.28707134],-1.624007540923712
25,55117,"[-0.015862   -0.04785093  0.00951109 -0.46733621  0.00781076  0.00550585
 -0.01354062  0.01301882  0.02002935 -0.31898066 -0.02411889  0.01435324
 -0.00512377 -0.0093255 ]",[-0.04696114],0.0888942383899052
25,55121,"[-0.015862   -0.04785093  0.00951109 -0.46733621  0.00781076  0.00550585
 -0.01354062  0.01301882  0.02002935 -0.31898066 -0.02411889  0.01435324
 -0.00512377 -0.0093255 ]",[-0.18278323],-0.8800354340181162
25,55123,"[-0.015862   -0.04785093  0.00951109 -0.46733621  0.00781076  0.00550585
 -0.01354062  0.01301882  0.02002935 -0.31898066 -0.02411889  0.01435324
 -0.00512377 -0.0093255 ]",[-0.26439857],-1.4622641408869106
25,55125,"[-0.015862   -0.04785093  0.00951109 -0.46733621  0.00781076  0.00550585
 -0.01354062  0.01301882  0.02002935 -0.31898066 -0.02411889  0.01435324
 -0.00512377 -0.0093255 ]",[-0.20842249],-1.062941145542985
25,55127,"[-0.015862   -0.04785093  0.00951109 -0.46733621  0.00781076  0.00550585
 -0.01354062  0.01301882  0.02002935 -0.31898066 -0.02411889  0.01435324
 -0.00512377 -0.0093255 ]",[-0.01590498],0.3104430891420314
25,55129,"[-0.015862   -0.04785093  0.00951109 -0.46733621  0.00781076  0.00550585
 -0.01354062  0.01301882  0.02002935 -0.31898066 -0.02411889  0.01435324
 -0.00512377 -0.0093255 ]",[-0.28693589],-1.623041211996883
25,55131,"[-0.015862   -0.04785093  0.00951109 -0.46733621  0.00781076  0.00550585
 -0.01354062  0.01301882  0.02002935 -0.31898066 -0.02411889  0.01435324
 -0.00512377 -0.0093255 ]",[0.07820198],0.9817847525434412
25,55133,"[-0.015862   -0.04785093  0.00951109 -0.46733621  0.00781076  0.00550585
 -0.01354062  0.01301882  0.02002935 -0.31898066 -0.02411889  0.01435324
 -0.00512377 -0.0093255 ]",[-0.00525438],0.38642249583883853
25,55135,"[-0.015862   -0.04785093  0.00951109 -0.46733621  0.00781076  0.00550585
 -0.01354062  0.01301882  0.02002935 -0.31898066 -0.02411889  0.01435324
 -0.00512377 -0.0093255 ]",[-0.12897819],-0.49620022207372494
25,55137,"[-0.015862   -0.04785093  0.00951109 -0.46733621  0.00781076  0.00550585
 -0.01354062  0.01301882  0.02002935 -0.31898066 -0.02411889  0.01435324
 -0.00512377 -0.0093255 ]",[-0.22735744],-1.198019611713254
25,55139,"[-0.015862   -0.04785093  0.00951109 -0.46733621  0.00781076  0.00550585
 -0.01354062  0.01301882  0.02002935 -0.31898066 -0.02411889  0.01435324
 -0.00512377 -0.0093255 ]",[-0.03249694],0.19207912830280716
25,55141,"[-0.015862   -0.04785093  0.00951109 -0.46733621  0.00781076  0.00550585
 -0.01354062  0.01301882  0.02002935 -0.31898066 -0.02411889  0.01435324
 -0.00512377 -0.0093255 ]",[-0.12004573],-0.43247774842582093
25,56001,"[-0.015862   -0.04785093  0.00951109 -0.46733621  0.00781076  0.00550585
 -0.01354062  0.01301882  0.02002935 -0.31898066 -0.02411889  0.01435324
 -0.00512377 -0.0093255 ]",[-0.15789345],-0.7024763357522328
25,56005,"[-0.015862   -0.04785093  0.00951109 -0.46733621  0.00781076  0.00550585
 -0.01354062  0.01301882  0.02002935 -0.31898066 -0.02411889  0.01435324
 -0.00512377 -0.0093255 ]",[-0.24713997],-1.33914452794868
25,56007,"[-0.015862   -0.04785093  0.00951109 -0.46733621  0.00781076  0.00550585
 -0.01354062  0.01301882  0.02002935 -0.31898066 -0.02411889  0.01435324
 -0.00512377 -0.0093255 ]",[-0.41995354],-2.571964562391883
25,56009,"[-0.015862   -0.04785093  0.00951109 -0.46733621  0.00781076  0.00550585
 -0.01354062  0.01301882  0.02002935 -0.31898066 -0.02411889  0.01435324
 -0.00512377 -0.0093255 ]",[-0.2386593],-1.278645011179686
25,56015,"[-0.015862   -0.04785093  0.00951109 -0.46733621  0.00781076  0.00550585
 -0.01354062  0.01301882  0.02002935 -0.31898066 -0.02411889  0.01435324
 -0.00512377 -0.0093255 ]",[-0.31354299],-1.8128513791470773
25,56013,"[-0.015862   -0.04785093  0.00951109 -0.46733621  0.00781076  0.00550585
 -0.01354062  0.01301882  0.02002935 -0.31898066 -0.02411889  0.01435324
 -0.00512377 -0.0093255 ]",[-0.26983851],-1.5010717181228748
25,56021,"[-0.015862   -0.04785093  0.00951109 -0.46733621  0.00781076  0.00550585
 -0.01354062  0.01301882  0.02002935 -0.31898066 -0.02411889  0.01435324
 -0.00512377 -0.0093255 ]",[0.00632519],0.46902906793767635
25,56023,"[-0.015862   -0.04785093  0.00951109 -0.46733621  0.00781076  0.00550585
 -0.01354062  0.01301882  0.02002935 -0.31898066 -0.02411889  0.01435324
 -0.00512377 -0.0093255 ]",[-0.29508019],-1.681141139273747
25,56025,"[-0.015862   -0.04785093  0.00951109 -0.46733621  0.00781076  0.00550585
 -0.01354062  0.01301882  0.02002935 -0.31898066 -0.02411889  0.01435324
 -0.00512377 -0.0093255 ]",[-0.08822911],-0.2055038162278466
25,56029,"[-0.015862   -0.04785093  0.00951109 -0.46733621  0.00781076  0.00550585
 -0.01354062  0.01301882  0.02002935 -0.31898066 -0.02411889  0.01435324
 -0.00512377 -0.0093255 ]",[-0.30853612],-1.7771332537745446
25,56033,"[-0.015862   -0.04785093  0.00951109 -0.46733621  0.00781076  0.00550585
 -0.01354062  0.01301882  0.02002935 -0.31898066 -0.02411889  0.01435324
 -0.00512377 -0.0093255 ]",[-0.30683081],-1.764967894352252
25,56037,"[-0.015862   -0.04785093  0.00951109 -0.46733621  0.00781076  0.00550585
 -0.01354062  0.01301882  0.02002935 -0.31898066 -0.02411889  0.01435324
 -0.00512377 -0.0093255 ]",[-0.14963244],-0.6435438046289402
25,56039,"[-0.015862   -0.04785093  0.00951109 -0.46733621  0.00781076  0.00550585
 -0.01354062  0.01301882  0.02002935 -0.31898066 -0.02411889  0.01435324
 -0.00512377 -0.0093255 ]",[-0.47447558],-2.9609146778789324
25,12057,"[-0.015862   -0.04785093  0.00951109 -0.46733621  0.00781076  0.00550585
 -0.01354062  0.01301882  0.02002935 -0.31898066 -0.02411889  0.01435324
 -0.00512377 -0.0093255 ]",[0.00973218],0.4933338583808652
25,12059,"[-0.015862   -0.04785093  0.00951109 -0.46733621  0.00781076  0.00550585
 -0.01354062  0.01301882  0.02002935 -0.31898066 -0.02411889  0.01435324
 -0.00512377 -0.0093255 ]",[-0.33397412],-1.9586032360512506
25,12061,"[-0.015862   -0.04785093  0.00951109 -0.46733621  0.00781076  0.00550585
 -0.01354062  0.01301882  0.02002935 -0.31898066 -0.02411889  0.01435324
 -0.00512377 -0.0093255 ]",[-0.00565006],0.3835998028554111
25,12063,"[-0.015862   -0.04785093  0.00951109 -0.46733621  0.00781076  0.00550585
 -0.01354062  0.01301882  0.02002935 -0.31898066 -0.02411889  0.01435324
 -0.00512377 -0.0093255 ]",[-0.04738635],0.08586087944195187
25,12069,"[-0.015862   -0.04785093  0.00951109 -0.46733621  0.00781076  0.00550585
 -0.01354062  0.01301882  0.02002935 -0.31898066 -0.02411889  0.01435324
 -0.00512377 -0.0093255 ]",[-0.02160327],0.2697926029145579
25,12071,"[-0.015862   -0.04785093  0.00951109 -0.46733621  0.00781076  0.00550585
 -0.01354062  0.01301882  0.02002935 -0.31898066 -0.02411889  0.01435324
 -0.00512377 -0.0093255 ]",[-0.00890598],0.3603726720110651
25,12073,"[-0.015862   -0.04785093  0.00951109 -0.46733621  0.00781076  0.00550585
 -0.01354062  0.01301882  0.02002935 -0.31898066 -0.02411889  0.01435324
 -0.00512377 -0.0093255 ]",[0.0043554],0.45497691259011114
25,12075,"[-0.015862   -0.04785093  0.00951109 -0.46733621  0.00781076  0.00550585
 -0.01354062  0.01301882  0.02002935 -0.31898066 -0.02411889  0.01435324
 -0.00512377 -0.0093255 ]",[-0.11448338],-0.39279694129543347
25,12079,"[-0.015862   -0.04785093  0.00951109 -0.46733621  0.00781076  0.00550585
 -0.01354062  0.01301882  0.02002935 -0.31898066 -0.02411889  0.01435324
 -0.00512377 -0.0093255 ]",[-0.30405387],-1.7451577128691735
25,12081,"[-0.015862   -0.04785093  0.00951109 -0.46733621  0.00781076  0.00550585
 -0.01354062  0.01301882  0.02002935 -0.31898066 -0.02411889  0.01435324
 -0.00512377 -0.0093255 ]",[-0.02831871],0.22188583968370573
25,12083,"[-0.015862   -0.04785093  0.00951109 -0.46733621  0.00781076  0.00550585
 -0.01354062  0.01301882  0.02002935 -0.31898066 -0.02411889  0.01435324
 -0.00512377 -0.0093255 ]",[-0.01850735],0.29187826128978084
25,12085,"[-0.015862   -0.04785093  0.00951109 -0.46733621  0.00781076  0.00550585
 -0.01354062  0.01301882  0.02002935 -0.31898066 -0.02411889  0.01435324
 -0.00512377 -0.0093255 ]",[-0.0382208],0.15124621823865486
25,12086,"[-0.015862   -0.04785093  0.00951109 -0.46733621  0.00781076  0.00550585
 -0.01354062  0.01301882  0.02002935 -0.31898066 -0.02411889  0.01435324
 -0.00512377 -0.0093255 ]",[0.004972],0.4593755958574834
25,12087,"[-0.015862   -0.04785093  0.00951109 -0.46733621  0.00781076  0.00550585
 -0.01354062  0.01301882  0.02002935 -0.31898066 -0.02411889  0.01435324
 -0.00512377 -0.0093255 ]",[-0.05132112],0.05779096399190857
25,12089,"[-0.015862   -0.04785093  0.00951109 -0.46733621  0.00781076  0.00550585
 -0.01354062  0.01301882  0.02002935 -0.31898066 -0.02411889  0.01435324
 -0.00512377 -0.0093255 ]",[-0.09694137],-0.267655459508281
25,12091,"[-0.015862   -0.04785093  0.00951109 -0.46733621  0.00781076  0.00550585
 -0.01354062  0.01301882  0.02002935 -0.31898066 -0.02411889  0.01435324
 -0.00512377 -0.0093255 ]",[-0.00089051],0.41755359392750646
25,12093,"[-0.015862   -0.04785093  0.00951109 -0.46733621  0.00781076  0.00550585
 -0.01354062  0.01301882  0.02002935 -0.31898066 -0.02411889  0.01435324
 -0.00512377 -0.0093255 ]",[-0.0728574],-0.09584492899274588
25,12095,"[-0.015862   -0.04785093  0.00951109 -0.46733621  0.00781076  0.00550585
 -0.01354062  0.01301882  0.02002935 -0.31898066 -0.02411889  0.01435324
 -0.00512377 -0.0093255 ]",[-0.00391681],0.39596447873482427
25,12097,"[-0.015862   -0.04785093  0.00951109 -0.46733621  0.00781076  0.00550585
 -0.01354062  0.01301882  0.02002935 -0.31898066 -0.02411889  0.01435324
 -0.00512377 -0.0093255 ]",[-0.04717209],0.08738933734087978
25,12099,"[-0.015862   -0.04785093  0.00951109 -0.46733621  0.00781076  0.00550585
 -0.01354062  0.01301882  0.02002935 -0.31898066 -0.02411889  0.01435324
 -0.00512377 -0.0093255 ]",[-0.00682722],0.3752021660008386
25,12101,"[-0.015862   -0.04785093  0.00951109 -0.46733621  0.00781076  0.00550585
 -0.01354062  0.01301882  0.02002935 -0.31898066 -0.02411889  0.01435324
 -0.00512377 -0.0093255 ]",[-0.00885271],0.36075273547319436
25,12103,"[-0.015862   -0.04785093  0.00951109 -0.46733621  0.00781076  0.00550585
 -0.01354062  0.01301882  0.02002935 -0.31898066 -0.02411889  0.01435324
 -0.00512377 -0.0093255 ]",[-0.00083656],0.41793847220079583
25,12105,"[-0.015862   -0.04785093  0.00951109 -0.46733621  0.00781076  0.00550585
 -0.01354062  0.01301882  0.02002935 -0.31898066 -0.02411889  0.01435324
 -0.00512377 -0.0093255 ]",[-0.00429465],0.39326905826120584
25,12107,"[-0.015862   -0.04785093  0.00951109 -0.46733621  0.00781076  0.00550585
 -0.01354062  0.01301882  0.02002935 -0.31898066 -0.02411889  0.01435324
 -0.00512377 -0.0093255 ]",[0.02004105],0.5668754482257617
25,12109,"[-0.015862   -0.04785093  0.00951109 -0.46733621  0.00781076  0.00550585
 -0.01354062  0.01301882  0.02002935 -0.31898066 -0.02411889  0.01435324
 -0.00512377 -0.0093255 ]",[0.00937911],0.49081514271174936
25,12111,"[-0.015862   -0.04785093  0.00951109 -0.46733621  0.00781076  0.00550585
 -0.01354062  0.01301882  0.02002935 -0.31898066 -0.02411889  0.01435324
 -0.00512377 -0.0093255 ]",[0.05860045],0.8419510590624047
25,12113,"[-0.015862   -0.04785093  0.00951109 -0.46733621  0.00781076  0.00550585
 -0.01354062  0.01301882  0.02002935 -0.31898066 -0.02411889  0.01435324
 -0.00512377 -0.0093255 ]",[-0.06292971],-0.02502262402715881
25,12115,"[-0.015862   -0.04785093  0.00951109 -0.46733621  0.00781076  0.00550585
 -0.01354062  0.01301882  0.02002935 -0.31898066 -0.02411889  0.01435324
 -0.00512377 -0.0093255 ]",[-0.02256822],0.2629087855025714
25,12117,"[-0.015862   -0.04785093  0.00951109 -0.46733621  0.00781076  0.00550585
 -0.01354062  0.01301882  0.02002935 -0.31898066 -0.02411889  0.01435324
 -0.00512377 -0.0093255 ]",[-0.01520143],0.31546208466471676
25,12119,"[-0.015862   -0.04785093  0.00951109 -0.46733621  0.00781076  0.00550585
 -0.01354062  0.01301882  0.02002935 -0.31898066 -0.02411889  0.01435324
 -0.00512377 -0.0093255 ]",[-0.04652932],0.09197472840235639
25,12121,"[-0.015862   -0.04785093  0.00951109 -0.46733621  0.00781076  0.00550585
 -0.01354062  0.01301882  0.02002935 -0.31898066 -0.02411889  0.01435324
 -0.00512377 -0.0093255 ]",[-0.19202286],-0.9459492448266397
25,12123,"[-0.015862   -0.04785093  0.00951109 -0.46733621  0.00781076  0.00550585
 -0.01354062  0.01301882  0.02002935 -0.31898066 -0.02411889  0.01435324
 -0.00512377 -0.0093255 ]",[-0.31962464],-1.8562367320456297
25,12127,"[-0.015862   -0.04785093  0.00951109 -0.46733621  0.00781076  0.00550585
 -0.01354062  0.01301882  0.02002935 -0.31898066 -0.02411889  0.01435324
 -0.00512377 -0.0093255 ]",[-0.01378668],0.3255547037495738
25,12129,"[-0.015862   -0.04785093  0.00951109 -0.46733621  0.00781076  0.00550585
 -0.01354062  0.01301882  0.02002935 -0.31898066 -0.02411889  0.01435324
 -0.00512377 -0.0093255 ]",[-0.29223988],-1.6608788963787597
25,12131,"[-0.015862   -0.04785093  0.00951109 -0.46733621  0.00781076  0.00550585
 -0.01354062  0.01301882  0.02002935 -0.31898066 -0.02411889  0.01435324
 -0.00512377 -0.0093255 ]",[-0.05505634],0.031144562999714284
25,12133,"[-0.015862   -0.04785093  0.00951109 -0.46733621  0.00781076  0.00550585
 -0.01354062  0.01301882  0.02002935 -0.31898066 -0.02411889  0.01435324
 -0.00512377 -0.0093255 ]",[-0.10102556],-0.2967913268979633
25,13001,"[-0.015862   -0.04785093  0.00951109 -0.46733621  0.00781076  0.00550585
 -0.01354062  0.01301882  0.02002935 -0.31898066 -0.02411889  0.01435324
 -0.00512377 -0.0093255 ]",[-0.31261463],-1.8062286154051062
25,13009,"[-0.015862   -0.04785093  0.00951109 -0.46733621  0.00781076  0.00550585
 -0.01354062  0.01301882  0.02002935 -0.31898066 -0.02411889  0.01435324
 -0.00512377 -0.0093255 ]",[-0.18621104],-0.9044888217222392
25,13011,"[-0.015862   -0.04785093  0.00951109 -0.46733621  0.00781076  0.00550585
 -0.01354062  0.01301882  0.02002935 -0.31898066 -0.02411889  0.01435324
 -0.00512377 -0.0093255 ]",[-0.31350226],-1.8125607899136018
25,13013,"[-0.015862   -0.04785093  0.00951109 -0.46733621  0.00781076  0.00550585
 -0.01354062  0.01301882  0.02002935 -0.31898066 -0.02411889  0.01435324
 -0.00512377 -0.0093255 ]",[-0.09122587],-0.22688218857374362
25,13015,"[-0.015862   -0.04785093  0.00951109 -0.46733621  0.00781076  0.00550585
 -0.01354062  0.01301882  0.02002935 -0.31898066 -0.02411889  0.01435324
 -0.00512377 -0.0093255 ]",[-0.03983283],0.1397462699972656
25,13017,"[-0.015862   -0.04785093  0.00951109 -0.46733621  0.00781076  0.00550585
 -0.01354062  0.01301882  0.02002935 -0.31898066 -0.02411889  0.01435324
 -0.00512377 -0.0093255 ]",[-0.31560029],-1.827527786453916
25,13019,"[-0.015862   -0.04785093  0.00951109 -0.46733621  0.00781076  0.00550585
 -0.01354062  0.01301882  0.02002935 -0.31898066 -0.02411889  0.01435324
 -0.00512377 -0.0093255 ]",[-0.21488504],-1.1090437973690024
25,13021,"[-0.015862   -0.04785093  0.00951109 -0.46733621  0.00781076  0.00550585
 -0.01354062  0.01301882  0.02002935 -0.31898066 -0.02411889  0.01435324
 -0.00512377 -0.0093255 ]",[-0.03220525],0.19416001619810686
25,13031,"[-0.015862   -0.04785093  0.00951109 -0.46733621  0.00781076  0.00550585
 -0.01354062  0.01301882  0.02002935 -0.31898066 -0.02411889  0.01435324
 -0.00512377 -0.0093255 ]",[-0.03930197],0.14353332961622656
25,13027,"[-0.015862   -0.04785093  0.00951109 -0.46733621  0.00781076  0.00550585
 -0.01354062  0.01301882  0.02002935 -0.31898066 -0.02411889  0.01435324
 -0.00512377 -0.0093255 ]",[-0.26153428],-1.4418308269314408
25,13033,"[-0.015862   -0.04785093  0.00951109 -0.46733621  0.00781076  0.00550585
 -0.01354062  0.01301882  0.02002935 -0.31898066 -0.02411889  0.01435324
 -0.00512377 -0.0093255 ]",[-0.21298252],-1.09547158379129
25,13039,"[-0.015862   -0.04785093  0.00951109 -0.46733621  0.00781076  0.00550585
 -0.01354062  0.01301882  0.02002935 -0.31898066 -0.02411889  0.01435324
 -0.00512377 -0.0093255 ]",[-0.13099912],-0.5106171678741616
25,13045,"[-0.015862   -0.04785093  0.00951109 -0.46733621  0.00781076  0.00550585
 -0.01354062  0.01301882  0.02002935 -0.31898066 -0.02411889  0.01435324
 -0.00512377 -0.0093255 ]",[0.01749003],0.5486769730334554
25,13047,"[-0.015862   -0.04785093  0.00951109 -0.46733621  0.00781076  0.00550585
 -0.01354062  0.01301882  0.02002935 -0.31898066 -0.02411889  0.01435324
 -0.00512377 -0.0093255 ]",[-0.10836614],-0.3491576769142483
25,13053,"[-0.015862   -0.04785093  0.00951109 -0.46733621  0.00781076  0.00550585
 -0.01354062  0.01301882  0.02002935 -0.31898066 -0.02411889  0.01435324
 -0.00512377 -0.0093255 ]",[-0.38954941],-2.355067093272105
25,13051,"[-0.015862   -0.04785093  0.00951109 -0.46733621  0.00781076  0.00550585
 -0.01354062  0.01301882  0.02002935 -0.31898066 -0.02411889  0.01435324
 -0.00512377 -0.0093255 ]",[0.02104331],0.5740253653416201
25,13055,"[-0.015862   -0.04785093  0.00951109 -0.46733621  0.00781076  0.00550585
 -0.01354062  0.01301882  0.02002935 -0.31898066 -0.02411889  0.01435324
 -0.00512377 -0.0093255 ]",[-0.20831393],-1.0621666908320435
25,13057,"[-0.015862   -0.04785093  0.00951109 -0.46733621  0.00781076  0.00550585
 -0.01354062  0.01301882  0.02002935 -0.31898066 -0.02411889  0.01435324
 -0.00512377 -0.0093255 ]",[-0.07941156],-0.14260105857289213
25,13059,"[-0.015862   -0.04785093  0.00951109 -0.46733621  0.00781076  0.00550585
 -0.01354062  0.01301882  0.02002935 -0.31898066 -0.02411889  0.01435324
 -0.00512377 -0.0093255 ]",[-0.03219261],0.19425019294036283
25,13063,"[-0.015862   -0.04785093  0.00951109 -0.46733621  0.00781076  0.00550585
 -0.01354062  0.01301882  0.02002935 -0.31898066 -0.02411889  0.01435324
 -0.00512377 -0.0093255 ]",[-0.03235376],0.19310055856155883
25,13067,"[-0.015862   -0.04785093  0.00951109 -0.46733621  0.00781076  0.00550585
 -0.01354062  0.01301882  0.02002935 -0.31898066 -0.02411889  0.01435324
 -0.00512377 -0.0093255 ]",[0.01487926],0.5300521958378553
25,13069,"[-0.015862   -0.04785093  0.00951109 -0.46733621  0.00781076  0.00550585
 -0.01354062  0.01301882  0.02002935 -0.31898066 -0.02411889  0.01435324
 -0.00512377 -0.0093255 ]",[-0.12929474],-0.498458431014222
25,13071,"[-0.015862   -0.04785093  0.00951109 -0.46733621  0.00781076  0.00550585
 -0.01354062  0.01301882  0.02002935 -0.31898066 -0.02411889  0.01435324
 -0.00512377 -0.0093255 ]",[-0.10498954],-0.32506965335232435
25,13073,"[-0.015862   -0.04785093  0.00951109 -0.46733621  0.00781076  0.00550585
 -0.01354062  0.01301882  0.02002935 -0.31898066 -0.02411889  0.01435324
 -0.00512377 -0.0093255 ]",[-0.07194912],-0.08936540942311222
25,13075,"[-0.015862   -0.04785093  0.00951109 -0.46733621  0.00781076  0.00550585
 -0.01354062  0.01301882  0.02002935 -0.31898066 -0.02411889  0.01435324
 -0.00512377 -0.0093255 ]",[-0.42267944],-2.5914106291717105
25,13077,"[-0.015862   -0.04785093  0.00951109 -0.46733621  0.00781076  0.00550585
 -0.01354062  0.01301882  0.02002935 -0.31898066 -0.02411889  0.01435324
 -0.00512377 -0.0093255 ]",[-0.02249982],0.26339675355326886
25,13081,"[-0.015862   -0.04785093  0.00951109 -0.46733621  0.00781076  0.00550585
 -0.01354062  0.01301882  0.02002935 -0.31898066 -0.02411889  0.01435324
 -0.00512377 -0.0093255 ]",[-0.07509499],-0.1118074272142799
25,13083,"[-0.015862   -0.04785093  0.00951109 -0.46733621  0.00781076  0.00550585
 -0.01354062  0.01301882  0.02002935 -0.31898066 -0.02411889  0.01435324
 -0.00512377 -0.0093255 ]",[0.11191474],1.2222853669987601
25,13087,"[-0.015862   -0.04785093  0.00951109 -0.46733621  0.00781076  0.00550585
 -0.01354062  0.01301882  0.02002935 -0.31898066 -0.02411889  0.01435324
 -0.00512377 -0.0093255 ]",[-0.15751688],-0.699789944478509
25,13089,"[-0.015862   -0.04785093  0.00951109 -0.46733621  0.00781076  0.00550585
 -0.01354062  0.01301882  0.02002935 -0.31898066 -0.02411889  0.01435324
 -0.00512377 -0.0093255 ]",[-0.00498964],0.3883111072747891
25,13091,"[-0.015862   -0.04785093  0.00951109 -0.46733621  0.00781076  0.00550585
 -0.01354062  0.01301882  0.02002935 -0.31898066 -0.02411889  0.01435324
 -0.00512377 -0.0093255 ]",[-0.17238512],-0.8058572516526924
25,13095,"[-0.015862   -0.04785093  0.00951109 -0.46733621  0.00781076  0.00550585
 -0.01354062  0.01301882  0.02002935 -0.31898066 -0.02411889  0.01435324
 -0.00512377 -0.0093255 ]",[0.02284205],0.5868572899496933
25,13097,"[-0.015862   -0.04785093  0.00951109 -0.46733621  0.00781076  0.00550585
 -0.01354062  0.01301882  0.02002935 -0.31898066 -0.02411889  0.01435324
 -0.00512377 -0.0093255 ]",[-0.07777608],-0.1309338827714169
25,13099,"[-0.015862   -0.04785093  0.00951109 -0.46733621  0.00781076  0.00550585
 -0.01354062  0.01301882  0.02002935 -0.31898066 -0.02411889  0.01435324
 -0.00512377 -0.0093255 ]",[-0.28848298],-1.6340779052844736
25,13103,"[-0.015862   -0.04785093  0.00951109 -0.46733621  0.00781076  0.00550585
 -0.01354062  0.01301882  0.02002935 -0.31898066 -0.02411889  0.01435324
 -0.00512377 -0.0093255 ]",[-0.05575662],0.026148876408111574
25,13105,"[-0.015862   -0.04785093  0.00951109 -0.46733621  0.00781076  0.00550585
 -0.01354062  0.01301882  0.02002935 -0.31898066 -0.02411889  0.01435324
 -0.00512377 -0.0093255 ]",[-0.24011473],-1.2890277364556613
25,13107,"[-0.015862   -0.04785093  0.00951109 -0.46733621  0.00781076  0.00550585
 -0.01354062  0.01301882  0.02002935 -0.31898066 -0.02411889  0.01435324
 -0.00512377 -0.0093255 ]",[-0.20121664],-1.0115359518502836
25,13111,"[-0.015862   -0.04785093  0.00951109 -0.46733621  0.00781076  0.00550585
 -0.01354062  0.01301882  0.02002935 -0.31898066 -0.02411889  0.01435324
 -0.00512377 -0.0093255 ]",[-0.21391083],-1.102093960669722
25,13113,"[-0.015862   -0.04785093  0.00951109 -0.46733621  0.00781076  0.00550585
 -0.01354062  0.01301882  0.02002935 -0.31898066 -0.02411889  0.01435324
 -0.00512377 -0.0093255 ]",[-0.03588928],0.1678788357841329
25,13115,"[-0.015862   -0.04785093  0.00951109 -0.46733621  0.00781076  0.00550585
 -0.01354062  0.01301882  0.02002935 -0.31898066 -0.02411889  0.01435324
 -0.00512377 -0.0093255 ]",[-0.06989909],-0.0747409049303158
25,13119,"[-0.015862   -0.04785093  0.00951109 -0.46733621  0.00781076  0.00550585
 -0.01354062  0.01301882  0.02002935 -0.31898066 -0.02411889  0.01435324
 -0.00512377 -0.0093255 ]",[-0.4087503],-2.49204266859174
25,13117,"[-0.015862   -0.04785093  0.00951109 -0.46733621  0.00781076  0.00550585
 -0.01354062  0.01301882  0.02002935 -0.31898066 -0.02411889  0.01435324
 -0.00512377 -0.0093255 ]",[-0.00066818],0.41913964950482474
25,13121,"[-0.015862   -0.04785093  0.00951109 -0.46733621  0.00781076  0.00550585
 -0.01354062  0.01301882  0.02002935 -0.31898066 -0.02411889  0.01435324
 -0.00512377 -0.0093255 ]",[0.01948265],0.5628919106308794
25,13123,"[-0.015862   -0.04785093  0.00951109 -0.46733621  0.00781076  0.00550585
 -0.01354062  0.01301882  0.02002935 -0.31898066 -0.02411889  0.01435324
 -0.00512377 -0.0093255 ]",[-0.32652694],-1.905476470775789
25,13127,"[-0.015862   -0.04785093  0.00951109 -0.46733621  0.00781076  0.00550585
 -0.01354062  0.01301882  0.02002935 -0.31898066 -0.02411889  0.01435324
 -0.00512377 -0.0093255 ]",[-0.04838122],0.07876361950095831
25,13129,"[-0.015862   -0.04785093  0.00951109 -0.46733621  0.00781076  0.00550585
 -0.01354062  0.01301882  0.02002935 -0.31898066 -0.02411889  0.01435324
 -0.00512377 -0.0093255 ]",[-0.13735824],-0.5559819887434488
25,13131,"[-0.015862   -0.04785093  0.00951109 -0.46733621  0.00781076  0.00550585
 -0.01354062  0.01301882  0.02002935 -0.31898066 -0.02411889  0.01435324
 -0.00512377 -0.0093255 ]",[-0.22729484],-1.1975730596047802
25,13133,"[-0.015862   -0.04785093  0.00951109 -0.46733621  0.00781076  0.00550585
 -0.01354062  0.01301882  0.02002935 -0.31898066 -0.02411889  0.01435324
 -0.00512377 -0.0093255 ]",[-0.2471319],-1.339086931133067
25,13137,"[-0.015862   -0.04785093  0.00951109 -0.46733621  0.00781076  0.00550585
 -0.01354062  0.01301882  0.02002935 -0.31898066 -0.02411889  0.01435324
 -0.00512377 -0.0093255 ]",[-0.1746412],-0.8219516713727998
25,13135,"[-0.015862   -0.04785093  0.00951109 -0.46733621  0.00781076  0.00550585
 -0.01354062  0.01301882  0.02002935 -0.31898066 -0.02411889  0.01435324
 -0.00512377 -0.0093255 ]",[0.0154824],0.5343548434265974
25,13139,"[-0.015862   -0.04785093  0.00951109 -0.46733621  0.00781076  0.00550585
 -0.01354062  0.01301882  0.02002935 -0.31898066 -0.02411889  0.01435324
 -0.00512377 -0.0093255 ]",[-0.0505799],0.06307864128942636
25,13143,"[-0.015862   -0.04785093  0.00951109 -0.46733621  0.00781076  0.00550585
 -0.01354062  0.01301882  0.02002935 -0.31898066 -0.02411889  0.01435324
 -0.00512377 -0.0093255 ]",[-0.19821826],-0.9901460491737617
25,13145,"[-0.015862   -0.04785093  0.00951109 -0.46733621  0.00781076  0.00550585
 -0.01354062  0.01301882  0.02002935 -0.31898066 -0.02411889  0.01435324
 -0.00512377 -0.0093255 ]",[-0.25157402],-1.3707761998389545
25,13147,"[-0.015862   -0.04785093  0.00951109 -0.46733621  0.00781076  0.00550585
 -0.01354062  0.01301882  0.02002935 -0.31898066 -0.02411889  0.01435324
 -0.00512377 -0.0093255 ]",[-0.29655558],-1.6916663032417674
25,13151,"[-0.015862   -0.04785093  0.00951109 -0.46733621  0.00781076  0.00550585
 -0.01354062  0.01301882  0.02002935 -0.31898066 -0.02411889  0.01435324
 -0.00512377 -0.0093255 ]",[-0.0235641],0.25580436140200685
25,13157,"[-0.015862   -0.04785093  0.00951109 -0.46733621  0.00781076  0.00550585
 -0.01354062  0.01301882  0.02002935 -0.31898066 -0.02411889  0.01435324
 -0.00512377 -0.0093255 ]",[-0.12796453],-0.4889689746799015
25,13153,"[-0.015862   -0.04785093  0.00951109 -0.46733621  0.00781076  0.00550585
 -0.01354062  0.01301882  0.02002935 -0.31898066 -0.02411889  0.01435324
 -0.00512377 -0.0093255 ]",[-0.06312437],-0.026411268879537216
25,13163,"[-0.015862   -0.04785093  0.00951109 -0.46733621  0.00781076  0.00550585
 -0.01354062  0.01301882  0.02002935 -0.31898066 -0.02411889  0.01435324
 -0.00512377 -0.0093255 ]",[-0.40898637],-2.4937267807364294
25,13169,"[-0.015862   -0.04785093  0.00951109 -0.46733621  0.00781076  0.00550585
 -0.01354062  0.01301882  0.02002935 -0.31898066 -0.02411889  0.01435324
 -0.00512377 -0.0093255 ]",[-0.29838264],-1.704700265725571
25,13175,"[-0.015862   -0.04785093  0.00951109 -0.46733621  0.00781076  0.00550585
 -0.01354062  0.01301882  0.02002935 -0.31898066 -0.02411889  0.01435324
 -0.00512377 -0.0093255 ]",[-0.0976802],-0.27292619854945493
25,13177,"[-0.015862   -0.04785093  0.00951109 -0.46733621  0.00781076  0.00550585
 -0.01354062  0.01301882  0.02002935 -0.31898066 -0.02411889  0.01435324
 -0.00512377 -0.0093255 ]",[-0.3039904],-1.7447049486178117
25,13179,"[-0.015862   -0.04785093  0.00951109 -0.46733621  0.00781076  0.00550585
 -0.01354062  0.01301882  0.02002935 -0.31898066 -0.02411889  0.01435324
 -0.00512377 -0.0093255 ]",[-0.08099157],-0.1538725422676925
25,13185,"[-0.015862   -0.04785093  0.00951109 -0.46733621  0.00781076  0.00550585
 -0.01354062  0.01301882  0.02002935 -0.31898066 -0.02411889  0.01435324
 -0.00512377 -0.0093255 ]",[0.0367521],0.6860889993822856
25,13187,"[-0.015862   -0.04785093  0.00951109 -0.46733621  0.00781076  0.00550585
 -0.01354062  0.01301882  0.02002935 -0.31898066 -0.02411889  0.01435324
 -0.00512377 -0.0093255 ]",[-0.27549153],-1.5413992854660703
25,13189,"[-0.015862   -0.04785093  0.00951109 -0.46733621  0.00781076  0.00550585
 -0.01354062  0.01301882  0.02002935 -0.31898066 -0.02411889  0.01435324
 -0.00512377 -0.0093255 ]",[-0.19375173],-0.9582826847973273
25,13193,"[-0.015862   -0.04785093  0.00951109 -0.46733621  0.00781076  0.00550585
 -0.01354062  0.01301882  0.02002935 -0.31898066 -0.02411889  0.01435324
 -0.00512377 -0.0093255 ]",[-0.3427574],-2.0212615370136544
25,13195,"[-0.015862   -0.04785093  0.00951109 -0.46733621  0.00781076  0.00550585
 -0.01354062  0.01301882  0.02002935 -0.31898066 -0.02411889  0.01435324
 -0.00512377 -0.0093255 ]",[-0.15199151],-0.6603730073378895
25,13199,"[-0.015862   -0.04785093  0.00951109 -0.46733621  0.00781076  0.00550585
 -0.01354062  0.01301882  0.02002935 -0.31898066 -0.02411889  0.01435324
 -0.00512377 -0.0093255 ]",[-0.43903403],-2.708081199490398
25,13205,"[-0.015862   -0.04785093  0.00951109 -0.46733621  0.00781076  0.00550585
 -0.01354062  0.01301882  0.02002935 -0.31898066 -0.02411889  0.01435324
 -0.00512377 -0.0093255 ]",[-0.33745566],-1.9834399252570247
25,13207,"[-0.015862   -0.04785093  0.00951109 -0.46733621  0.00781076  0.00550585
 -0.01354062  0.01301882  0.02002935 -0.31898066 -0.02411889  0.01435324
 -0.00512377 -0.0093255 ]",[-0.1935379],-0.9567572909733192
25,13211,"[-0.015862   -0.04785093  0.00951109 -0.46733621  0.00781076  0.00550585
 -0.01354062  0.01301882  0.02002935 -0.31898066 -0.02411889  0.01435324
 -0.00512377 -0.0093255 ]",[-0.28631485],-1.6186108224042246
25,13213,"[-0.015862   -0.04785093  0.00951109 -0.46733621  0.00781076  0.00550585
 -0.01354062  0.01301882  0.02002935 -0.31898066 -0.02411889  0.01435324
 -0.00512377 -0.0093255 ]",[-0.15680421],-0.694705879536783
25,13215,"[-0.015862   -0.04785093  0.00951109 -0.46733621  0.00781076  0.00550585
 -0.01354062  0.01301882  0.02002935 -0.31898066 -0.02411889  0.01435324
 -0.00512377 -0.0093255 ]",[-0.02493061],0.24605591401616253
25,13217,"[-0.015862   -0.04785093  0.00951109 -0.46733621  0.00781076  0.00550585
 -0.01354062  0.01301882  0.02002935 -0.31898066 -0.02411889  0.01435324
 -0.00512377 -0.0093255 ]",[-0.09054364],-0.22201525095965055
25,13219,"[-0.015862   -0.04785093  0.00951109 -0.46733621  0.00781076  0.00550585
 -0.01354062  0.01301882  0.02002935 -0.31898066 -0.02411889  0.01435324
 -0.00512377 -0.0093255 ]",[-0.14411695],-0.6041973403479691
25,13221,"[-0.015862   -0.04785093  0.00951109 -0.46733621  0.00781076  0.00550585
 -0.01354062  0.01301882  0.02002935 -0.31898066 -0.02411889  0.01435324
 -0.00512377 -0.0093255 ]",[-0.27740955],-1.555082080060463
25,13223,"[-0.015862   -0.04785093  0.00951109 -0.46733621  0.00781076  0.00550585
 -0.01354062  0.01301882  0.02002935 -0.31898066 -0.02411889  0.01435324
 -0.00512377 -0.0093255 ]",[-0.0390351],0.14543712362595643
25,13225,"[-0.015862   -0.04785093  0.00951109 -0.46733621  0.00781076  0.00550585
 -0.01354062  0.01301882  0.02002935 -0.31898066 -0.02411889  0.01435324
 -0.00512377 -0.0093255 ]",[-0.25832477],-1.418934816353923
25,13229,"[-0.015862   -0.04785093  0.00951109 -0.46733621  0.00781076  0.00550585
 -0.01354062  0.01301882  0.02002935 -0.31898066 -0.02411889  0.01435324
 -0.00512377 -0.0093255 ]",[-0.28561244],-1.613599967282551
25,13227,"[-0.015862   -0.04785093  0.00951109 -0.46733621  0.00781076  0.00550585
 -0.01354062  0.01301882  0.02002935 -0.31898066 -0.02411889  0.01435324
 -0.00512377 -0.0093255 ]",[-0.27972468],-1.5715977805803774
25,13231,"[-0.015862   -0.04785093  0.00951109 -0.46733621  0.00781076  0.00550585
 -0.01354062  0.01301882  0.02002935 -0.31898066 -0.02411889  0.01435324
 -0.00512377 -0.0093255 ]",[-0.40280767],-2.4496490645971374
25,13233,"[-0.015862   -0.04785093  0.00951109 -0.46733621  0.00781076  0.00550585
 -0.01354062  0.01301882  0.02002935 -0.31898066 -0.02411889  0.01435324
 -0.00512377 -0.0093255 ]",[-0.23948686],-1.2845486395244776
25,13237,"[-0.015862   -0.04785093  0.00951109 -0.46733621  0.00781076  0.00550585
 -0.01354062  0.01301882  0.02002935 -0.31898066 -0.02411889  0.01435324
 -0.00512377 -0.0093255 ]",[-0.14448204],-0.6068018193816657
25,13241,"[-0.015862   -0.04785093  0.00951109 -0.46733621  0.00781076  0.00550585
 -0.01354062  0.01301882  0.02002935 -0.31898066 -0.02411889  0.01435324
 -0.00512377 -0.0093255 ]",[-0.28746809],-1.626837837985573
25,13245,"[-0.015862   -0.04785093  0.00951109 -0.46733621  0.00781076  0.00550585
 -0.01354062  0.01301882  0.02002935 -0.31898066 -0.02411889  0.01435324
 -0.00512377 -0.0093255 ]",[-0.01696799],0.30285983513646403
25,13247,"[-0.015862   -0.04785093  0.00951109 -0.46733621  0.00781076  0.00550585
 -0.01354062  0.01301882  0.02002935 -0.31898066 -0.02411889  0.01435324
 -0.00512377 -0.0093255 ]",[-0.0513318],0.057714742750209755
25,13251,"[-0.015862   -0.04785093  0.00951109 -0.46733621  0.00781076  0.00550585
 -0.01354062  0.01301882  0.02002935 -0.31898066 -0.02411889  0.01435324
 -0.00512377 -0.0093255 ]",[-0.19875761],-0.9939937301951004
25,13255,"[-0.015862   -0.04785093  0.00951109 -0.46733621  0.00781076  0.00550585
 -0.01354062  0.01301882  0.02002935 -0.31898066 -0.02411889  0.01435324
 -0.00512377 -0.0093255 ]",[-0.02751246],0.22763751043806923
25,13257,"[-0.015862   -0.04785093  0.00951109 -0.46733621  0.00781076  0.00550585
 -0.01354062  0.01301882  0.02002935 -0.31898066 -0.02411889  0.01435324
 -0.00512377 -0.0093255 ]",[-0.31140345],-1.7975882916696881
25,13267,"[-0.015862   -0.04785093  0.00951109 -0.46733621  0.00781076  0.00550585
 -0.01354062  0.01301882  0.02002935 -0.31898066 -0.02411889  0.01435324
 -0.00512377 -0.0093255 ]",[-0.286447],-1.6195535708797308
25,13261,"[-0.015862   -0.04785093  0.00951109 -0.46733621  0.00781076  0.00550585
 -0.01354062  0.01301882  0.02002935 -0.31898066 -0.02411889  0.01435324
 -0.00512377 -0.0093255 ]",[-0.16222151],-0.7333519066373698
25,13273,"[-0.015862   -0.04785093  0.00951109 -0.46733621  0.00781076  0.00550585
 -0.01354062  0.01301882  0.02002935 -0.31898066 -0.02411889  0.01435324
 -0.00512377 -0.0093255 ]",[-0.23566494],-1.2572837623899151
25,13277,"[-0.015862   -0.04785093  0.00951109 -0.46733621  0.00781076  0.00550585
 -0.01354062  0.01301882  0.02002935 -0.31898066 -0.02411889  0.01435324
 -0.00512377 -0.0093255 ]",[-0.13032814],-0.505830554578028
25,13275,"[-0.015862   -0.04785093  0.00951109 -0.46733621  0.00781076  0.00550585
 -0.01354062  0.01301882  0.02002935 -0.31898066 -0.02411889  0.01435324
 -0.00512377 -0.0093255 ]",[-0.16802444],-0.7747489257979955
25,13279,"[-0.015862   -0.04785093  0.00951109 -0.46733621  0.00781076  0.00550585
 -0.01354062  0.01301882  0.02002935 -0.31898066 -0.02411889  0.01435324
 -0.00512377 -0.0093255 ]",[-0.1430375],-0.5964967871598005
25,13285,"[-0.015862   -0.04785093  0.00951109 -0.46733621  0.00781076  0.00550585
 -0.01354062  0.01301882  0.02002935 -0.31898066 -0.02411889  0.01435324
 -0.00512377 -0.0093255 ]",[-0.04904883],0.07400104050799973
25,13291,"[-0.015862   -0.04785093  0.00951109 -0.46733621  0.00781076  0.00550585
 -0.01354062  0.01301882  0.02002935 -0.31898066 -0.02411889  0.01435324
 -0.00512377 -0.0093255 ]",[-0.21418897],-1.104078175092521
25,13293,"[-0.015862   -0.04785093  0.00951109 -0.46733621  0.00781076  0.00550585
 -0.01354062  0.01301882  0.02002935 -0.31898066 -0.02411889  0.01435324
 -0.00512377 -0.0093255 ]",[-0.23362569],-1.2427361582310954
25,13295,"[-0.015862   -0.04785093  0.00951109 -0.46733621  0.00781076  0.00550585
 -0.01354062  0.01301882  0.02002935 -0.31898066 -0.02411889  0.01435324
 -0.00512377 -0.0093255 ]",[-0.11717745],-0.4120159737750951
25,13297,"[-0.015862   -0.04785093  0.00951109 -0.46733621  0.00781076  0.00550585
 -0.01354062  0.01301882  0.02002935 -0.31898066 -0.02411889  0.01435324
 -0.00512377 -0.0093255 ]",[-0.03378812],0.18286809234445145
25,13299,"[-0.015862   -0.04785093  0.00951109 -0.46733621  0.00781076  0.00550585
 -0.01354062  0.01301882  0.02002935 -0.31898066 -0.02411889  0.01435324
 -0.00512377 -0.0093255 ]",[-0.04885263],0.07540071176868007
25,13303,"[-0.015862   -0.04785093  0.00951109 -0.46733621  0.00781076  0.00550585
 -0.01354062  0.01301882  0.02002935 -0.31898066 -0.02411889  0.01435324
 -0.00512377 -0.0093255 ]",[-0.26369421],-1.4572394197480742
25,13305,"[-0.015862   -0.04785093  0.00951109 -0.46733621  0.00781076  0.00550585
 -0.01354062  0.01301882  0.02002935 -0.31898066 -0.02411889  0.01435324
 -0.00512377 -0.0093255 ]",[-0.12328144],-0.4555606726362982
25,13311,"[-0.015862   -0.04785093  0.00951109 -0.46733621  0.00781076  0.00550585
 -0.01354062  0.01301882  0.02002935 -0.31898066 -0.02411889  0.01435324
 -0.00512377 -0.0093255 ]",[-0.18786027],-0.9162541303915276
25,13313,"[-0.015862   -0.04785093  0.00951109 -0.46733621  0.00781076  0.00550585
 -0.01354062  0.01301882  0.02002935 -0.31898066 -0.02411889  0.01435324
 -0.00512377 -0.0093255 ]",[-0.04617583],0.09449647892029087
25,13315,"[-0.015862   -0.04785093  0.00951109 -0.46733621  0.00781076  0.00550585
 -0.01354062  0.01301882  0.02002935 -0.31898066 -0.02411889  0.01435324
 -0.00512377 -0.0093255 ]",[-0.24984775],-1.358461303924765
25,13317,"[-0.015862   -0.04785093  0.00951109 -0.46733621  0.00781076  0.00550585
 -0.01354062  0.01301882  0.02002935 -0.31898066 -0.02411889  0.01435324
 -0.00512377 -0.0093255 ]",[-0.33170969],-1.9424492089622003
25,13321,"[-0.015862   -0.04785093  0.00951109 -0.46733621  0.00781076  0.00550585
 -0.01354062  0.01301882  0.02002935 -0.31898066 -0.02411889  0.01435324
 -0.00512377 -0.0093255 ]",[-0.37074165],-2.2208960236202544
25,16001,"[-0.015862   -0.04785093  0.00951109 -0.46733621  0.00781076  0.00550585
 -0.01354062  0.01301882  0.02002935 -0.31898066 -0.02411889  0.01435324
 -0.00512377 -0.0093255 ]",[0.01144233],0.5055337915898599
25,16005,"[-0.015862   -0.04785093  0.00951109 -0.46733621  0.00781076  0.00550585
 -0.01354062  0.01301882  0.02002935 -0.31898066 -0.02411889  0.01435324
 -0.00512377 -0.0093255 ]",[0.0179954],0.5522821803004172
25,16011,"[-0.015862   -0.04785093  0.00951109 -0.46733621  0.00781076  0.00550585
 -0.01354062  0.01301882  0.02002935 -0.31898066 -0.02411889  0.01435324
 -0.00512377 -0.0093255 ]",[-0.17223431],-0.8047813580262473
25,16013,"[-0.015862   -0.04785093  0.00951109 -0.46733621  0.00781076  0.00550585
 -0.01354062  0.01301882  0.02002935 -0.31898066 -0.02411889  0.01435324
 -0.00512377 -0.0093255 ]",[-0.44793419],-2.7715733482595617
25,16017,"[-0.015862   -0.04785093  0.00951109 -0.46733621  0.00781076  0.00550585
 -0.01354062  0.01301882  0.02002935 -0.31898066 -0.02411889  0.01435324
 -0.00512377 -0.0093255 ]",[-0.1449724],-0.6102999404092943
25,16019,"[-0.015862   -0.04785093  0.00951109 -0.46733621  0.00781076  0.00550585
 -0.01354062  0.01301882  0.02002935 -0.31898066 -0.02411889  0.01435324
 -0.00512377 -0.0093255 ]",[-0.02835207],0.22164788916928432
25,16027,"[-0.015862   -0.04785093  0.00951109 -0.46733621  0.00781076  0.00550585
 -0.01354062  0.01301882  0.02002935 -0.31898066 -0.02411889  0.01435324
 -0.00512377 -0.0093255 ]",[-0.01967263],0.28356538137624226
25,16031,"[-0.015862   -0.04785093  0.00951109 -0.46733621  0.00781076  0.00550585
 -0.01354062  0.01301882  0.02002935 -0.31898066 -0.02411889  0.01435324
 -0.00512377 -0.0093255 ]",[-0.27146732],-1.5126913478054538
25,16039,"[-0.015862   -0.04785093  0.00951109 -0.46733621  0.00781076  0.00550585
 -0.01354062  0.01301882  0.02002935 -0.31898066 -0.02411889  0.01435324
 -0.00512377 -0.0093255 ]",[-0.16045132],-0.7207237290329875
25,16049,"[-0.015862   -0.04785093  0.00951109 -0.46733621  0.00781076  0.00550585
 -0.01354062  0.01301882  0.02002935 -0.31898066 -0.02411889  0.01435324
 -0.00512377 -0.0093255 ]",[-0.1487259],-0.6370767665819209
25,16051,"[-0.015862   -0.04785093  0.00951109 -0.46733621  0.00781076  0.00550585
 -0.01354062  0.01301882  0.02002935 -0.31898066 -0.02411889  0.01435324
 -0.00512377 -0.0093255 ]",[-0.13306096],-0.5253259953556748
25,16053,"[-0.015862   -0.04785093  0.00951109 -0.46733621  0.00781076  0.00550585
 -0.01354062  0.01301882  0.02002935 -0.31898066 -0.02411889  0.01435324
 -0.00512377 -0.0093255 ]",[-0.24702616],-1.3383326404081033
25,16055,"[-0.015862   -0.04785093  0.00951109 -0.46733621  0.00781076  0.00550585
 -0.01354062  0.01301882  0.02002935 -0.31898066 -0.02411889  0.01435324
 -0.00512377 -0.0093255 ]",[-0.00521737],0.3866865335882347
25,16057,"[-0.015862   -0.04785093  0.00951109 -0.46733621  0.00781076  0.00550585
 -0.01354062  0.01301882  0.02002935 -0.31898066 -0.02411889  0.01435324
 -0.00512377 -0.0093255 ]",[-0.13403151],-0.5322496673551215
25,16065,"[-0.015862   -0.04785093  0.00951109 -0.46733621  0.00781076  0.00550585
 -0.01354062  0.01301882  0.02002935 -0.31898066 -0.02411889  0.01435324
 -0.00512377 -0.0093255 ]",[-0.27595096],-1.5446767483216173
25,16067,"[-0.015862   -0.04785093  0.00951109 -0.46733621  0.00781076  0.00550585
 -0.01354062  0.01301882  0.02002935 -0.31898066 -0.02411889  0.01435324
 -0.00512377 -0.0093255 ]",[-0.22562966],-1.185693951352384
25,16069,"[-0.015862   -0.04785093  0.00951109 -0.46733621  0.00781076  0.00550585
 -0.01354062  0.01301882  0.02002935 -0.31898066 -0.02411889  0.01435324
 -0.00512377 -0.0093255 ]",[-0.0107618],0.34713360861590203
25,16075,"[-0.015862   -0.04785093  0.00951109 -0.46733621  0.00781076  0.00550585
 -0.01354062  0.01301882  0.02002935 -0.31898066 -0.02411889  0.01435324
 -0.00512377 -0.0093255 ]",[-0.39315424],-2.380783309031099
25,16083,"[-0.015862   -0.04785093  0.00951109 -0.46733621  0.00781076  0.00550585
 -0.01354062  0.01301882  0.02002935 -0.31898066 -0.02411889  0.01435324
 -0.00512377 -0.0093255 ]",[-0.09737183],-0.2707263327867649
25,17003,"[-0.015862   -0.04785093  0.00951109 -0.46733621  0.00781076  0.00550585
 -0.01354062  0.01301882  0.02002935 -0.31898066 -0.02411889  0.01435324
 -0.00512377 -0.0093255 ]",[-0.30835953],-1.7758735541039545
25,17001,"[-0.015862   -0.04785093  0.00951109 -0.46733621  0.00781076  0.00550585
 -0.01354062  0.01301882  0.02002935 -0.31898066 -0.02411889  0.01435324
 -0.00512377 -0.0093255 ]",[-0.03174437],0.19744785365378079
25,17005,"[-0.015862   -0.04785093  0.00951109 -0.46733621  0.00781076  0.00550585
 -0.01354062  0.01301882  0.02002935 -0.31898066 -0.02411889  0.01435324
 -0.00512377 -0.0093255 ]",[-0.26370217],-1.4572961942155813
25,17007,"[-0.015862   -0.04785093  0.00951109 -0.46733621  0.00781076  0.00550585
 -0.01354062  0.01301882  0.02002935 -0.31898066 -0.02411889  0.01435324
 -0.00512377 -0.0093255 ]",[-0.16524847],-0.754945698058155
25,17011,"[-0.015862   -0.04785093  0.00951109 -0.46733621  0.00781076  0.00550585
 -0.01354062  0.01301882  0.02002935 -0.31898066 -0.02411889  0.01435324
 -0.00512377 -0.0093255 ]",[-0.21986523],-1.1445715617585743
25,17015,"[-0.015862   -0.04785093  0.00951109 -0.46733621  0.00781076  0.00550585
 -0.01354062  0.01301882  0.02002935 -0.31898066 -0.02411889  0.01435324
 -0.00512377 -0.0093255 ]",[-0.20877915],-1.0654855411703243
25,17017,"[-0.015862   -0.04785093  0.00951109 -0.46733621  0.00781076  0.00550585
 -0.01354062  0.01301882  0.02002935 -0.31898066 -0.02411889  0.01435324
 -0.00512377 -0.0093255 ]",[-0.11719772],-0.41216053976681116
25,17019,"[-0.015862   -0.04785093  0.00951109 -0.46733621  0.00781076  0.00550585
 -0.01354062  0.01301882  0.02002935 -0.31898066 -0.02411889  0.01435324
 -0.00512377 -0.0093255 ]",[-0.01026147],0.3507028929499295
25,17021,"[-0.015862   -0.04785093  0.00951109 -0.46733621  0.00781076  0.00550585
 -0.01354062  0.01301882  0.02002935 -0.31898066 -0.02411889  0.01435324
 -0.00512377 -0.0093255 ]",[-0.18546479],-0.8991651909157206
25,17023,"[-0.015862   -0.04785093  0.00951109 -0.46733621  0.00781076  0.00550585
 -0.01354062  0.01301882  0.02002935 -0.31898066 -0.02411889  0.01435324
 -0.00512377 -0.0093255 ]",[-0.64514238],-4.178420041216903
25,17027,"[-0.015862   -0.04785093  0.00951109 -0.46733621  0.00781076  0.00550585
 -0.01354062  0.01301882  0.02002935 -0.31898066 -0.02411889  0.01435324
 -0.00512377 -0.0093255 ]",[-0.18719189],-0.9114859774321163
25,17025,"[-0.015862   -0.04785093  0.00951109 -0.46733621  0.00781076  0.00550585
 -0.01354062  0.01301882  0.02002935 -0.31898066 -0.02411889  0.01435324
 -0.00512377 -0.0093255 ]",[0.03255242],0.6561292360322288
25,17029,"[-0.015862   -0.04785093  0.00951109 -0.46733621  0.00781076  0.00550585
 -0.01354062  0.01301882  0.02002935 -0.31898066 -0.02411889  0.01435324
 -0.00512377 -0.0093255 ]",[0.29895249],2.556578035409213
25,17031,"[-0.015862   -0.04785093  0.00951109 -0.46733621  0.00781076  0.00550585
 -0.01354062  0.01301882  0.02002935 -0.31898066 -0.02411889  0.01435324
 -0.00512377 -0.0093255 ]",[0.00867744],0.4858095171923727
25,17033,"[-0.015862   -0.04785093  0.00951109 -0.46733621  0.00781076  0.00550585
 -0.01354062  0.01301882  0.02002935 -0.31898066 -0.02411889  0.01435324
 -0.00512377 -0.0093255 ]",[-0.31182994],-1.8006307697826205
25,17037,"[-0.015862   -0.04785093  0.00951109 -0.46733621  0.00781076  0.00550585
 -0.01354062  0.01301882  0.02002935 -0.31898066 -0.02411889  0.01435324
 -0.00512377 -0.0093255 ]",[0.01331241],0.5188745584905851
25,17039,"[-0.015862   -0.04785093  0.00951109 -0.46733621  0.00781076  0.00550585
 -0.01354062  0.01301882  0.02002935 -0.31898066 -0.02411889  0.01435324
 -0.00512377 -0.0093255 ]",[-0.28890478],-1.6370869240223769
25,17041,"[-0.015862   -0.04785093  0.00951109 -0.46733621  0.00781076  0.00550585
 -0.01354062  0.01301882  0.02002935 -0.31898066 -0.02411889  0.01435324
 -0.00512377 -0.0093255 ]",[-0.2849641],-1.6089748794405783
25,17043,"[-0.015862   -0.04785093  0.00951109 -0.46733621  0.00781076  0.00550585
 -0.01354062  0.01301882  0.02002935 -0.31898066 -0.02411889  0.01435324
 -0.00512377 -0.0093255 ]",[0.00777801],0.4793931683310811
25,17045,"[-0.015862   -0.04785093  0.00951109 -0.46733621  0.00781076  0.00550585
 -0.01354062  0.01301882  0.02002935 -0.31898066 -0.02411889  0.01435324
 -0.00512377 -0.0093255 ]",[-0.11473249],-0.39457402850034606
25,17049,"[-0.015862   -0.04785093  0.00951109 -0.46733621  0.00781076  0.00550585
 -0.01354062  0.01301882  0.02002935 -0.31898066 -0.02411889  0.01435324
 -0.00512377 -0.0093255 ]",[-0.19383591],-0.9588832238113989
25,17051,"[-0.015862   -0.04785093  0.00951109 -0.46733621  0.00781076  0.00550585
 -0.01354062  0.01301882  0.02002935 -0.31898066 -0.02411889  0.01435324
 -0.00512377 -0.0093255 ]",[-0.28801376],-1.6307305335188542
25,17053,"[-0.015862   -0.04785093  0.00951109 -0.46733621  0.00781076  0.00550585
 -0.01354062  0.01301882  0.02002935 -0.31898066 -0.02411889  0.01435324
 -0.00512377 -0.0093255 ]",[-0.28697779],-1.6233401234267988
25,17055,"[-0.015862   -0.04785093  0.00951109 -0.46733621  0.00781076  0.00550585
 -0.01354062  0.01301882  0.02002935 -0.31898066 -0.02411889  0.01435324
 -0.00512377 -0.0093255 ]",[-0.06051596],-0.007803379873471971
25,17057,"[-0.015862   -0.04785093  0.00951109 -0.46733621  0.00781076  0.00550585
 -0.01354062  0.01301882  0.02002935 -0.31898066 -0.02411889  0.01435324
 -0.00512377 -0.0093255 ]",[-0.18413751],-0.8896966507265421
25,17063,"[-0.015862   -0.04785093  0.00951109 -0.46733621  0.00781076  0.00550585
 -0.01354062  0.01301882  0.02002935 -0.31898066 -0.02411889  0.01435324
 -0.00512377 -0.0093255 ]",[-0.01980994],0.28258588156535824
25,17061,"[-0.015862   -0.04785093  0.00951109 -0.46733621  0.00781076  0.00550585
 -0.01354062  0.01301882  0.02002935 -0.31898066 -0.02411889  0.01435324
 -0.00512377 -0.0093255 ]",[-0.16734534],-0.7699044077294522
25,17067,"[-0.015862   -0.04785093  0.00951109 -0.46733621  0.00781076  0.00550585
 -0.01354062  0.01301882  0.02002935 -0.31898066 -0.02411889  0.01435324
 -0.00512377 -0.0093255 ]",[-0.22620901],-1.189826897506386
25,17073,"[-0.015862   -0.04785093  0.00951109 -0.46733621  0.00781076  0.00550585
 -0.01354062  0.01301882  0.02002935 -0.31898066 -0.02411889  0.01435324
 -0.00512377 -0.0093255 ]",[-0.06695085],-0.05370870394976142
25,17075,"[-0.015862   -0.04785093  0.00951109 -0.46733621  0.00781076  0.00550585
 -0.01354062  0.01301882  0.02002935 -0.31898066 -0.02411889  0.01435324
 -0.00512377 -0.0093255 ]",[-0.18550928],-0.8994825446440262
25,17077,"[-0.015862   -0.04785093  0.00951109 -0.46733621  0.00781076  0.00550585
 -0.01354062  0.01301882  0.02002935 -0.31898066 -0.02411889  0.01435324
 -0.00512377 -0.0093255 ]",[-0.08710947],-0.19751654319052092
25,17081,"[-0.015862   -0.04785093  0.00951109 -0.46733621  0.00781076  0.00550585
 -0.01354062  0.01301882  0.02002935 -0.31898066 -0.02411889  0.01435324
 -0.00512377 -0.0093255 ]",[-0.07082197],-0.0813245591464812
25,17083,"[-0.015862   -0.04785093  0.00951109 -0.46733621  0.00781076  0.00550585
 -0.01354062  0.01301882  0.02002935 -0.31898066 -0.02411889  0.01435324
 -0.00512377 -0.0093255 ]",[-0.13929016],-0.5697639273907852
25,17085,"[-0.015862   -0.04785093  0.00951109 -0.46733621  0.00781076  0.00550585
 -0.01354062  0.01301882  0.02002935 -0.31898066 -0.02411889  0.01435324
 -0.00512377 -0.0093255 ]",[-0.215725],-1.1150359497959064
25,17087,"[-0.015862   -0.04785093  0.00951109 -0.46733621  0.00781076  0.00550585
 -0.01354062  0.01301882  0.02002935 -0.31898066 -0.02411889  0.01435324
 -0.00512377 -0.0093255 ]",[-0.36092345],-2.1508547681849404
25,17089,"[-0.015862   -0.04785093  0.00951109 -0.46733621  0.00781076  0.00550585
 -0.01354062  0.01301882  0.02002935 -0.31898066 -0.02411889  0.01435324
 -0.00512377 -0.0093255 ]",[-0.02085158],0.27515500367911977
25,17091,"[-0.015862   -0.04785093  0.00951109 -0.46733621  0.00781076  0.00550585
 -0.01354062  0.01301882  0.02002935 -0.31898066 -0.02411889  0.01435324
 -0.00512377 -0.0093255 ]",[-0.04738298],0.0858848876009935
25,17093,"[-0.015862   -0.04785093  0.00951109 -0.46733621  0.00781076  0.00550585
 -0.01354062  0.01301882  0.02002935 -0.31898066 -0.02411889  0.01435324
 -0.00512377 -0.0093255 ]",[0.06285449],0.8722985892383002
25,17095,"[-0.015862   -0.04785093  0.00951109 -0.46733621  0.00781076  0.00550585
 -0.01354062  0.01301882  0.02002935 -0.31898066 -0.02411889  0.01435324
 -0.00512377 -0.0093255 ]",[-0.01292798],0.3316804779874219
25,17099,"[-0.015862   -0.04785093  0.00951109 -0.46733621  0.00781076  0.00550585
 -0.01354062  0.01301882  0.02002935 -0.31898066 -0.02411889  0.01435324
 -0.00512377 -0.0093255 ]",[-0.07273186],-0.0949493337643727
25,17097,"[-0.015862   -0.04785093  0.00951109 -0.46733621  0.00781076  0.00550585
 -0.01354062  0.01301882  0.02002935 -0.31898066 -0.02411889  0.01435324
 -0.00512377 -0.0093255 ]",[-0.00033324],0.42152902805455983
25,17101,"[-0.015862   -0.04785093  0.00951109 -0.46733621  0.00781076  0.00550585
 -0.01354062  0.01301882  0.02002935 -0.31898066 -0.02411889  0.01435324
 -0.00512377 -0.0093255 ]",[-0.15927328],-0.7123198114079354
25,17103,"[-0.015862   -0.04785093  0.00951109 -0.46733621  0.00781076  0.00550585
 -0.01354062  0.01301882  0.02002935 -0.31898066 -0.02411889  0.01435324
 -0.00512377 -0.0093255 ]",[-0.07769138],-0.13032959216513762
25,17105,"[-0.015862   -0.04785093  0.00951109 -0.46733621  0.00781076  0.00550585
 -0.01354062  0.01301882  0.02002935 -0.31898066 -0.02411889  0.01435324
 -0.00512377 -0.0093255 ]",[-0.10623278],-0.3339386849149423
25,17107,"[-0.015862   -0.04785093  0.00951109 -0.46733621  0.00781076  0.00550585
 -0.01354062  0.01301882  0.02002935 -0.31898066 -0.02411889  0.01435324
 -0.00512377 -0.0093255 ]",[-0.16725954],-0.7692923091654086
25,17109,"[-0.015862   -0.04785093  0.00951109 -0.46733621  0.00781076  0.00550585
 -0.01354062  0.01301882  0.02002935 -0.31898066 -0.02411889  0.01435324
 -0.00512377 -0.0093255 ]",[-0.04969891],0.06936344797928909
25,17111,"[-0.015862   -0.04785093  0.00951109 -0.46733621  0.00781076  0.00550585
 -0.01354062  0.01301882  0.02002935 -0.31898066 -0.02411889  0.01435324
 -0.00512377 -0.0093255 ]",[-0.01000479],0.35253395738213134
25,17113,"[-0.015862   -0.04785093  0.00951109 -0.46733621  0.00781076  0.00550585
 -0.01354062  0.01301882  0.02002935 -0.31898066 -0.02411889  0.01435324
 -0.00512377 -0.0093255 ]",[0.00760555],0.478162860830974
25,17115,"[-0.015862   -0.04785093  0.00951109 -0.46733621  0.00781076  0.00550585
 -0.01354062  0.01301882  0.02002935 -0.31898066 -0.02411889  0.01435324
 -0.00512377 -0.0093255 ]",[-0.05182176],0.05421947167873831
25,17117,"[-0.015862   -0.04785093  0.00951109 -0.46733621  0.00781076  0.00550585
 -0.01354062  0.01301882  0.02002935 -0.31898066 -0.02411889  0.01435324
 -0.00512377 -0.0093255 ]",[-0.11552992],-0.4002627742961719
25,17119,"[-0.015862   -0.04785093  0.00951109 -0.46733621  0.00781076  0.00550585
 -0.01354062  0.01301882  0.02002935 -0.31898066 -0.02411889  0.01435324
 -0.00512377 -0.0093255 ]",[-0.01127115],0.3434999881295519
25,17121,"[-0.015862   -0.04785093  0.00951109 -0.46733621  0.00781076  0.00550585
 -0.01354062  0.01301882  0.02002935 -0.31898066 -0.02411889  0.01435324
 -0.00512377 -0.0093255 ]",[-0.09002885],-0.2183428324933771
25,17123,"[-0.015862   -0.04785093  0.00951109 -0.46733621  0.00781076  0.00550585
 -0.01354062  0.01301882  0.02002935 -0.31898066 -0.02411889  0.01435324
 -0.00512377 -0.0093255 ]",[-0.30746799],-1.7695134609805847
25,17125,"[-0.015862   -0.04785093  0.00951109 -0.46733621  0.00781076  0.00550585
 -0.01354062  0.01301882  0.02002935 -0.31898066 -0.02411889  0.01435324
 -0.00512377 -0.0093255 ]",[-0.33920531],-1.9959216369171138
25,17127,"[-0.015862   -0.04785093  0.00951109 -0.46733621  0.00781076  0.00550585
 -0.01354062  0.01301882  0.02002935 -0.31898066 -0.02411889  0.01435324
 -0.00512377 -0.0093255 ]",[-0.48128132],-3.009465548770288
25,17131,"[-0.015862   -0.04785093  0.00951109 -0.46733621  0.00781076  0.00550585
 -0.01354062  0.01301882  0.02002935 -0.31898066 -0.02411889  0.01435324
 -0.00512377 -0.0093255 ]",[-0.38893454],-2.350680717406094
25,17133,"[-0.015862   -0.04785093  0.00951109 -0.46733621  0.00781076  0.00550585
 -0.01354062  0.01301882  0.02002935 -0.31898066 -0.02411889  0.01435324
 -0.00512377 -0.0093255 ]",[-0.08424807],-0.17710380808485232
25,17135,"[-0.015862   -0.04785093  0.00951109 -0.46733621  0.00781076  0.00550585
 -0.01354062  0.01301882  0.02002935 -0.31898066 -0.02411889  0.01435324
 -0.00512377 -0.0093255 ]",[-0.09702221],-0.26823215644828213
25,17137,"[-0.015862   -0.04785093  0.00951109 -0.46733621  0.00781076  0.00550585
 -0.01354062  0.01301882  0.02002935 -0.31898066 -0.02411889  0.01435324
 -0.00512377 -0.0093255 ]",[-0.14619854],-0.6190470120424592
25,17139,"[-0.015862   -0.04785093  0.00951109 -0.46733621  0.00781076  0.00550585
 -0.01354062  0.01301882  0.02002935 -0.31898066 -0.02411889  0.01435324
 -0.00512377 -0.0093255 ]",[-0.18382113],-0.8874396138430374
25,17141,"[-0.015862   -0.04785093  0.00951109 -0.46733621  0.00781076  0.00550585
 -0.01354062  0.01301882  0.02002935 -0.31898066 -0.02411889  0.01435324
 -0.00512377 -0.0093255 ]",[-0.10095626],-0.29629696618567747
25,17143,"[-0.015862   -0.04785093  0.00951109 -0.46733621  0.00781076  0.00550585
 -0.01354062  0.01301882  0.02002935 -0.31898066 -0.02411889  0.01435324
 -0.00512377 -0.0093255 ]",[0.00885271],0.4870598765979644
25,17145,"[-0.015862   -0.04785093  0.00951109 -0.46733621  0.00781076  0.00550585
 -0.01354062  0.01301882  0.02002935 -0.31898066 -0.02411889  0.01435324
 -0.00512377 -0.0093255 ]",[-0.30388386],-1.743944911710358
25,17147,"[-0.015862   -0.04785093  0.00951109 -0.46733621  0.00781076  0.00550585
 -0.01354062  0.01301882  0.02002935 -0.31898066 -0.02411889  0.01435324
 -0.00512377 -0.0093255 ]",[-0.39621909],-2.4026473340143433
25,17157,"[-0.015862   -0.04785093  0.00951109 -0.46733621  0.00781076  0.00550585
 -0.01354062  0.01301882  0.02002935 -0.31898066 -0.02411889  0.01435324
 -0.00512377 -0.0093255 ]",[0.086776],1.0429502045220955
25,17149,"[-0.015862   -0.04785093  0.00951109 -0.46733621  0.00781076  0.00550585
 -0.01354062  0.01301882  0.02002935 -0.31898066 -0.02411889  0.01435324
 -0.00512377 -0.0093255 ]",[-0.26746864],-1.4841655073680105
25,17159,"[-0.015862   -0.04785093  0.00951109 -0.46733621  0.00781076  0.00550585
 -0.01354062  0.01301882  0.02002935 -0.31898066 -0.02411889  0.01435324
 -0.00512377 -0.0093255 ]",[-0.31390417],-1.8154279759362228
25,17161,"[-0.015862   -0.04785093  0.00951109 -0.46733621  0.00781076  0.00550585
 -0.01354062  0.01301882  0.02002935 -0.31898066 -0.02411889  0.01435324
 -0.00512377 -0.0093255 ]",[-0.05186311],0.05392450708618428
25,17163,"[-0.015862   -0.04785093  0.00951109 -0.46733621  0.00781076  0.00550585
 -0.01354062  0.01301882  0.02002935 -0.31898066 -0.02411889  0.01435324
 -0.00512377 -0.0093255 ]",[0.00575032],0.46492800967040165
25,17165,"[-0.015862   -0.04785093  0.00951109 -0.46733621  0.00781076  0.00550585
 -0.01354062  0.01301882  0.02002935 -0.31898066 -0.02411889  0.01435324
 -0.00512377 -0.0093255 ]",[0.18504703],1.7439975359812523
25,17167,"[-0.015862   -0.04785093  0.00951109 -0.46733621  0.00781076  0.00550585
 -0.01354062  0.01301882  0.02002935 -0.31898066 -0.02411889  0.01435324
 -0.00512377 -0.0093255 ]",[-0.01226764],0.3363912634916448
25,17173,"[-0.015862   -0.04785093  0.00951109 -0.46733621  0.00781076  0.00550585
 -0.01354062  0.01301882  0.02002935 -0.31898066 -0.02411889  0.01435324
 -0.00512377 -0.0093255 ]",[-0.21063997],-1.0787602575238127
25,17177,"[-0.015862   -0.04785093  0.00951109 -0.46733621  0.00781076  0.00550585
 -0.01354062  0.01301882  0.02002935 -0.31898066 -0.02411889  0.01435324
 -0.00512377 -0.0093255 ]",[-0.05523496],0.02987029712769302
25,17179,"[-0.015862   -0.04785093  0.00951109 -0.46733621  0.00781076  0.00550585
 -0.01354062  0.01301882  0.02002935 -0.31898066 -0.02411889  0.01435324
 -0.00512377 -0.0093255 ]",[-0.03837438],0.1501505785898907
25,17181,"[-0.015862   -0.04785093  0.00951109 -0.46733621  0.00781076  0.00550585
 -0.01354062  0.01301882  0.02002935 -0.31898066 -0.02411889  0.01435324
 -0.00512377 -0.0093255 ]",[-0.36089251],-2.1506341105010063
25,17183,"[-0.015862   -0.04785093  0.00951109 -0.46733621  0.00781076  0.00550585
 -0.01354062  0.01301882  0.02002935 -0.31898066 -0.02411889  0.01435324
 -0.00512377 -0.0093255 ]",[-0.02476369],0.2472467066164033
25,17185,"[-0.015862   -0.04785093  0.00951109 -0.46733621  0.00781076  0.00550585
 -0.01354062  0.01301882  0.02002935 -0.31898066 -0.02411889  0.01435324
 -0.00512377 -0.0093255 ]",[-0.26863362],-1.4924762456632268
25,17187,"[-0.015862   -0.04785093  0.00951109 -0.46733621  0.00781076  0.00550585
 -0.01354062  0.01301882  0.02002935 -0.31898066 -0.02411889  0.01435324
 -0.00512377 -0.0093255 ]",[-0.11525691],-0.39831516570333225
25,17189,"[-0.015862   -0.04785093  0.00951109 -0.46733621  0.00781076  0.00550585
 -0.01354062  0.01301882  0.02002935 -0.31898066 -0.02411889  0.01435324
 -0.00512377 -0.0093255 ]",[-0.23875318],-1.2793146815189136
25,17191,"[-0.015862   -0.04785093  0.00951109 -0.46733621  0.00781076  0.00550585
 -0.01354062  0.01301882  0.02002935 -0.31898066 -0.02411889  0.01435324
 -0.00512377 -0.0093255 ]",[-0.37950347],-2.2834012073342937
25,17193,"[-0.015862   -0.04785093  0.00951109 -0.46733621  0.00781076  0.00550585
 -0.01354062  0.01301882  0.02002935 -0.31898066 -0.02411889  0.01435324
 -0.00512377 -0.0093255 ]",[-0.15400298],-0.6747224513293331
25,17195,"[-0.015862   -0.04785093  0.00951109 -0.46733621  0.00781076  0.00550585
 -0.01354062  0.01301882  0.02002935 -0.31898066 -0.02411889  0.01435324
 -0.00512377 -0.0093255 ]",[-0.11324926],-0.3839929315657045
25,17197,"[-0.015862   -0.04785093  0.00951109 -0.46733621  0.00781076  0.00550585
 -0.01354062  0.01301882  0.02002935 -0.31898066 -0.02411889  0.01435324
 -0.00512377 -0.0093255 ]",[-0.00319033],0.401147075249376
25,17199,"[-0.015862   -0.04785093  0.00951109 -0.46733621  0.00781076  0.00550585
 -0.01354062  0.01301882  0.02002935 -0.31898066 -0.02411889  0.01435324
 -0.00512377 -0.0093255 ]",[-0.07701188],-0.12548216921291305
25,17201,"[-0.015862   -0.04785093  0.00951109 -0.46733621  0.00781076  0.00550585
 -0.01354062  0.01301882  0.02002935 -0.31898066 -0.02411889  0.01435324
 -0.00512377 -0.0093255 ]",[-0.01796961],0.2957144519306487
25,17203,"[-0.015862   -0.04785093  0.00951109 -0.46733621  0.00781076  0.00550585
 -0.01354062  0.01301882  0.02002935 -0.31898066 -0.02411889  0.01435324
 -0.00512377 -0.0093255 ]",[-0.02227372],0.26500970163163146
25,18001,"[-0.015862   -0.04785093  0.00951109 -0.46733621  0.00781076  0.00550585
 -0.01354062  0.01301882  0.02002935 -0.31898066 -0.02411889  0.01435324
 -0.00512377 -0.0093255 ]",[0.08504577],1.0306071093088396
25,18003,"[-0.015862   -0.04785093  0.00951109 -0.46733621  0.00781076  0.00550585
 -0.01354062  0.01301882  0.02002935 -0.31898066 -0.02411889  0.01435324
 -0.00512377 -0.0093255 ]",[0.03542775],0.6766412875308411
25,18005,"[-0.015862   -0.04785093  0.00951109 -0.46733621  0.00781076  0.00550585
 -0.01354062  0.01301882  0.02002935 -0.31898066 -0.02411889  0.01435324
 -0.00512377 -0.0093255 ]",[-0.12767335],-0.486891724014128
25,18009,"[-0.015862   -0.04785093  0.00951109 -0.46733621  0.00781076  0.00550585
 -0.01354062  0.01301882  0.02002935 -0.31898066 -0.02411889  0.01435324
 -0.00512377 -0.0093255 ]",[-0.39684706],-2.4071271652930464
25,18011,"[-0.015862   -0.04785093  0.00951109 -0.46733621  0.00781076  0.00550585
 -0.01354062  0.01301882  0.02002935 -0.31898066 -0.02411889  0.01435324
 -0.00512377 -0.0093255 ]",[-0.17916646],-0.8542340627907375
25,18013,"[-0.015862   -0.04785093  0.00951109 -0.46733621  0.00781076  0.00550585
 -0.01354062  0.01301882  0.02002935 -0.31898066 -0.02411889  0.01435324
 -0.00512377 -0.0093255 ]",[-0.33285373],-1.950610597521974
25,18017,"[-0.015862   -0.04785093  0.00951109 -0.46733621  0.00781076  0.00550585
 -0.01354062  0.01301882  0.02002935 -0.31898066 -0.02411889  0.01435324
 -0.00512377 -0.0093255 ]",[-0.145683],-0.6153692431012037
25,18015,"[-0.015862   -0.04785093  0.00951109 -0.46733621  0.00781076  0.00550585
 -0.01354062  0.01301882  0.02002935 -0.31898066 -0.02411889  0.01435324
 -0.00512377 -0.0093255 ]",[-0.14049971],-0.5783926396901937
25,18019,"[-0.015862   -0.04785093  0.00951109 -0.46733621  0.00781076  0.00550585
 -0.01354062  0.01301882  0.02002935 -0.31898066 -0.02411889  0.01435324
 -0.00512377 -0.0093255 ]",[-0.01912515],0.2874709887371117
25,18021,"[-0.015862   -0.04785093  0.00951109 -0.46733621  0.00781076  0.00550585
 -0.01354062  0.01301882  0.02002935 -0.31898066 -0.02411889  0.01435324
 -0.00512377 -0.0093255 ]",[-0.13462002],-0.5364480221283852
25,18027,"[-0.015862   -0.04785093  0.00951109 -0.46733621  0.00781076  0.00550585
 -0.01354062  0.01301882  0.02002935 -0.31898066 -0.02411889  0.01435324
 -0.00512377 -0.0093255 ]",[-0.15240533],-0.6633251391404972
25,18023,"[-0.015862   -0.04785093  0.00951109 -0.46733621  0.00781076  0.00550585
 -0.01354062  0.01301882  0.02002935 -0.31898066 -0.02411889  0.01435324
 -0.00512377 -0.0093255 ]",[-0.15792022],-0.7026673273817968
25,18029,"[-0.015862   -0.04785093  0.00951109 -0.46733621  0.00781076  0.00550585
 -0.01354062  0.01301882  0.02002935 -0.31898066 -0.02411889  0.01435324
 -0.00512377 -0.0093255 ]",[-0.12700612],-0.4821318818269174
25,18031,"[-0.015862   -0.04785093  0.00951109 -0.46733621  0.00781076  0.00550585
 -0.01354062  0.01301882  0.02002935 -0.31898066 -0.02411889  0.01435324
 -0.00512377 -0.0093255 ]",[-0.17727494],-0.8407402870427608
25,18033,"[-0.015862   -0.04785093  0.00951109 -0.46733621  0.00781076  0.00550585
 -0.01354062  0.01301882  0.02002935 -0.31898066 -0.02411889  0.01435324
 -0.00512377 -0.0093255 ]",[-0.14457017],-0.6074305653757994
25,18035,"[-0.015862   -0.04785093  0.00951109 -0.46733621  0.00781076  0.00550585
 -0.01354062  0.01301882  0.02002935 -0.31898066 -0.02411889  0.01435324
 -0.00512377 -0.0093255 ]",[0.08094839],1.0013771599336152
25,18037,"[-0.015862   -0.04785093  0.00951109 -0.46733621  0.00781076  0.00550585
 -0.01354062  0.01301882  0.02002935 -0.31898066 -0.02411889  0.01435324
 -0.00512377 -0.0093255 ]",[-0.05189014],0.05373162977750112
25,18039,"[-0.015862   -0.04785093  0.00951109 -0.46733621  0.00781076  0.00550585
 -0.01354062  0.01301882  0.02002935 -0.31898066 -0.02411889  0.01435324
 -0.00512377 -0.0093255 ]",[-0.02962352],0.2125775896880061
25,18041,"[-0.015862   -0.04785093  0.00951109 -0.46733621  0.00781076  0.00550585
 -0.01354062  0.01301882  0.02002935 -0.31898066 -0.02411889  0.01435324
 -0.00512377 -0.0093255 ]",[-0.14390905],-0.6027142210529146
25,18045,"[-0.015862   -0.04785093  0.00951109 -0.46733621  0.00781076  0.00550585
 -0.01354062  0.01301882  0.02002935 -0.31898066 -0.02411889  0.01435324
 -0.00512377 -0.0093255 ]",[-0.33859783],-1.991587969489273
25,18043,"[-0.015862   -0.04785093  0.00951109 -0.46733621  0.00781076  0.00550585
 -0.01354062  0.01301882  0.02002935 -0.31898066 -0.02411889  0.01435324
 -0.00512377 -0.0093255 ]",[-0.09830247],-0.2773652990739851
25,18047,"[-0.015862   -0.04785093  0.00951109 -0.46733621  0.00781076  0.00550585
 -0.01354062  0.01301882  0.02002935 -0.31898066 -0.02411889  0.01435324
 -0.00512377 -0.0093255 ]",[-0.33465614],-1.9634686985506682
25,18049,"[-0.015862   -0.04785093  0.00951109 -0.46733621  0.00781076  0.00550585
 -0.01354062  0.01301882  0.02002935 -0.31898066 -0.02411889  0.01435324
 -0.00512377 -0.0093255 ]",[-0.16013952],-0.7184993878403182
25,18051,"[-0.015862   -0.04785093  0.00951109 -0.46733621  0.00781076  0.00550585
 -0.01354062  0.01301882  0.02002935 -0.31898066 -0.02411889  0.01435324
 -0.00512377 -0.0093255 ]",[-0.25606452],-1.4028105846294718
25,18053,"[-0.015862   -0.04785093  0.00951109 -0.46733621  0.00781076  0.00550585
 -0.01354062  0.01301882  0.02002935 -0.31898066 -0.02411889  0.01435324
 -0.00512377 -0.0093255 ]",[-0.03178152],0.1971828278089857
25,18055,"[-0.015862   -0.04785093  0.00951109 -0.46733621  0.00781076  0.00550585
 -0.01354062  0.01301882  0.02002935 -0.31898066 -0.02411889  0.01435324
 -0.00512377 -0.0093255 ]",[-0.22222325],-1.1613932353125365
25,18057,"[-0.015862   -0.04785093  0.00951109 -0.46733621  0.00781076  0.00550585
 -0.01354062  0.01301882  0.02002935 -0.31898066 -0.02411889  0.01435324
 -0.00512377 -0.0093255 ]",[-0.01014384],0.35154199196982294
25,18059,"[-0.015862   -0.04785093  0.00951109 -0.46733621  0.00781076  0.00550585
 -0.01354062  0.01301882  0.02002935 -0.31898066 -0.02411889  0.01435324
 -0.00512377 -0.0093255 ]",[-0.13877311],-0.5660754174095005
25,18061,"[-0.015862   -0.04785093  0.00951109 -0.46733621  0.00781076  0.00550585
 -0.01354062  0.01301882  0.02002935 -0.31898066 -0.02411889  0.01435324
 -0.00512377 -0.0093255 ]",[-0.15039025],-0.6489499426033837
25,18063,"[-0.015862   -0.04785093  0.00951109 -0.46733621  0.00781076  0.00550585
 -0.01354062  0.01301882  0.02002935 -0.31898066 -0.02411889  0.01435324
 -0.00512377 -0.0093255 ]",[-0.0435216],0.11343124899129257
25,18065,"[-0.015862   -0.04785093  0.00951109 -0.46733621  0.00781076  0.00550585
 -0.01354062  0.01301882  0.02002935 -0.31898066 -0.02411889  0.01435324
 -0.00512377 -0.0093255 ]",[-0.05678409],0.01881910909532343
25,18067,"[-0.015862   -0.04785093  0.00951109 -0.46733621  0.00781076  0.00550585
 -0.01354062  0.01301882  0.02002935 -0.31898066 -0.02411889  0.01435324
 -0.00512377 -0.0093255 ]",[-0.02523106],0.24391257740282038
25,18069,"[-0.015862   -0.04785093  0.00951109 -0.46733621  0.00781076  0.00550585
 -0.01354062  0.01301882  0.02002935 -0.31898066 -0.02411889  0.01435324
 -0.00512377 -0.0093255 ]",[-0.08035937],-0.14936257265775332
25,18073,"[-0.015862   -0.04785093  0.00951109 -0.46733621  0.00781076  0.00550585
 -0.01354062  0.01301882  0.02002935 -0.31898066 -0.02411889  0.01435324
 -0.00512377 -0.0093255 ]",[-0.1931679],-0.9541177260838464
25,18071,"[-0.015862   -0.04785093  0.00951109 -0.46733621  0.00781076  0.00550585
 -0.01354062  0.01301882  0.02002935 -0.31898066 -0.02411889  0.01435324
 -0.00512377 -0.0093255 ]",[-0.08054374],-0.15067781544574416
25,18075,"[-0.015862   -0.04785093  0.00951109 -0.46733621  0.00781076  0.00550585
 -0.01354062  0.01301882  0.02002935 -0.31898066 -0.02411889  0.01435324
 -0.00512377 -0.0093255 ]",[0.0462174],0.75361266685084
25,18077,"[-0.015862   -0.04785093  0.00951109 -0.46733621  0.00781076  0.00550585
 -0.01354062  0.01301882  0.02002935 -0.31898066 -0.02411889  0.01435324
 -0.00512377 -0.0093255 ]",[-0.13603646],-0.5465526410832123
25,18079,"[-0.015862   -0.04785093  0.00951109 -0.46733621  0.00781076  0.00550585
 -0.01354062  0.01301882  0.02002935 -0.31898066 -0.02411889  0.01435324
 -0.00512377 -0.0093255 ]",[-0.23384733],-1.2443172592995393
25,18081,"[-0.015862   -0.04785093  0.00951109 -0.46733621  0.00781076  0.00550585
 -0.01354062  0.01301882  0.02002935 -0.31898066 -0.02411889  0.01435324
 -0.00512377 -0.0093255 ]",[0.03113036],0.6459845120942311
25,18083,"[-0.015862   -0.04785093  0.00951109 -0.46733621  0.00781076  0.00550585
 -0.01354062  0.01301882  0.02002935 -0.31898066 -0.02411889  0.01435324
 -0.00512377 -0.0093255 ]",[-0.00241263],0.40669504963369113
25,18085,"[-0.015862   -0.04785093  0.00951109 -0.46733621  0.00781076  0.00550585
 -0.01354062  0.01301882  0.02002935 -0.31898066 -0.02411889  0.01435324
 -0.00512377 -0.0093255 ]",[-0.03351785],0.18479619518779394
25,18087,"[-0.015862   -0.04785093  0.00951109 -0.46733621  0.00781076  0.00550585
 -0.01354062  0.01301882  0.02002935 -0.31898066 -0.02411889  0.01435324
 -0.00512377 -0.0093255 ]",[-0.13343257],-0.5279769953373763
25,18089,"[-0.015862   -0.04785093  0.00951109 -0.46733621  0.00781076  0.00550585
 -0.01354062  0.01301882  0.02002935 -0.31898066 -0.02411889  0.01435324
 -0.00512377 -0.0093255 ]",[0.02000404],0.5666114018055204
25,18091,"[-0.015862   -0.04785093  0.00951109 -0.46733621  0.00781076  0.00550585
 -0.01354062  0.01301882  0.02002935 -0.31898066 -0.02411889  0.01435324
 -0.00512377 -0.0093255 ]",[-0.02902484],0.21684849272041062
25,18093,"[-0.015862   -0.04785093  0.00951109 -0.46733621  0.00781076  0.00550585
 -0.01354062  0.01301882  0.02002935 -0.31898066 -0.02411889  0.01435324
 -0.00512377 -0.0093255 ]",[-0.0910515],-0.22563825980909774
25,18095,"[-0.015862   -0.04785093  0.00951109 -0.46733621  0.00781076  0.00550585
 -0.01354062  0.01301882  0.02002935 -0.31898066 -0.02411889  0.01435324
 -0.00512377 -0.0093255 ]",[-0.00931476],0.35745651103043496
25,18097,"[-0.015862   -0.04785093  0.00951109 -0.46733621  0.00781076  0.00550585
 -0.01354062  0.01301882  0.02002935 -0.31898066 -0.02411889  0.01435324
 -0.00512377 -0.0093255 ]",[0.0033522],0.44782028218509223
25,18099,"[-0.015862   -0.04785093  0.00951109 -0.46733621  0.00781076  0.00550585
 -0.01354062  0.01301882  0.02002935 -0.31898066 -0.02411889  0.01435324
 -0.00512377 -0.0093255 ]",[-0.1569191],-0.695525542464308
25,18103,"[-0.015862   -0.04785093  0.00951109 -0.46733621  0.00781076  0.00550585
 -0.01354062  0.01301882  0.02002935 -0.31898066 -0.02411889  0.01435324
 -0.00512377 -0.0093255 ]",[-0.16542764],-0.7562238846005727
25,18105,"[-0.015862   -0.04785093  0.00951109 -0.46733621  0.00781076  0.00550585
 -0.01354062  0.01301882  0.02002935 -0.31898066 -0.02411889  0.01435324
 -0.00512377 -0.0093255 ]",[-0.01613264],0.3088190292663613
25,18107,"[-0.015862   -0.04785093  0.00951109 -0.46733621  0.00781076  0.00550585
 -0.01354062  0.01301882  0.02002935 -0.31898066 -0.02411889  0.01435324
 -0.00512377 -0.0093255 ]",[-0.19719209],-0.9828255421249028
25,18109,"[-0.015862   -0.04785093  0.00951109 -0.46733621  0.00781076  0.00550585
 -0.01354062  0.01301882  0.02002935 -0.31898066 -0.02411889  0.01435324
 -0.00512377 -0.0093255 ]",[-0.01535888],0.3143389261477415
25,18111,"[-0.015862   -0.04785093  0.00951109 -0.46733621  0.00781076  0.00550585
 -0.01354062  0.01301882  0.02002935 -0.31898066 -0.02411889  0.01435324
 -0.00512377 -0.0093255 ]",[-0.34922689],-2.0674136943086627
25,18113,"[-0.015862   -0.04785093  0.00951109 -0.46733621  0.00781076  0.00550585
 -0.01354062  0.01301882  0.02002935 -0.31898066 -0.02411889  0.01435324
 -0.00512377 -0.0093255 ]",[-0.04939475],0.07153331709706992
25,18117,"[-0.015862   -0.04785093  0.00951109 -0.46733621  0.00781076  0.00550585
 -0.01354062  0.01301882  0.02002935 -0.31898066 -0.02411889  0.01435324
 -0.00512377 -0.0093255 ]",[-0.19577503],-0.9727165580328393
25,18119,"[-0.015862   -0.04785093  0.00951109 -0.46733621  0.00781076  0.00550585
 -0.01354062  0.01301882  0.02002935 -0.31898066 -0.02411889  0.01435324
 -0.00512377 -0.0093255 ]",[-0.30999448],-1.7875369292671852
25,18121,"[-0.015862   -0.04785093  0.00951109 -0.46733621  0.00781076  0.00550585
 -0.01354062  0.01301882  0.02002935 -0.31898066 -0.02411889  0.01435324
 -0.00512377 -0.0093255 ]",[-0.4164209],-2.546763312522666
25,18125,"[-0.015862   -0.04785093  0.00951109 -0.46733621  0.00781076  0.00550585
 -0.01354062  0.01301882  0.02002935 -0.31898066 -0.02411889  0.01435324
 -0.00512377 -0.0093255 ]",[-0.44547671],-2.7540421131826074
25,18123,"[-0.015862   -0.04785093  0.00951109 -0.46733621  0.00781076  0.00550585
 -0.01354062  0.01301882  0.02002935 -0.31898066 -0.02411889  0.01435324
 -0.00512377 -0.0093255 ]",[-0.00840744],0.3639291793405762
25,18127,"[-0.015862   -0.04785093  0.00951109 -0.46733621  0.00781076  0.00550585
 -0.01354062  0.01301882  0.02002935 -0.31898066 -0.02411889  0.01435324
 -0.00512377 -0.0093255 ]",[-0.04457027],0.10595027089828936
25,18129,"[-0.015862   -0.04785093  0.00951109 -0.46733621  0.00781076  0.00550585
 -0.01354062  0.01301882  0.02002935 -0.31898066 -0.02411889  0.01435324
 -0.00512377 -0.0093255 ]",[-0.1271995],-0.48351137933319804
25,18131,"[-0.015862   -0.04785093  0.00951109 -0.46733621  0.00781076  0.00550585
 -0.01354062  0.01301882  0.02002935 -0.31898066 -0.02411889  0.01435324
 -0.00512377 -0.0093255 ]",[-0.51685621],-3.2632502773180576
25,18133,"[-0.015862   -0.04785093  0.00951109 -0.46733621  0.00781076  0.00550585
 -0.01354062  0.01301882  0.02002935 -0.31898066 -0.02411889  0.01435324
 -0.00512377 -0.0093255 ]",[-0.09897832],-0.282186741315264
25,18135,"[-0.015862   -0.04785093  0.00951109 -0.46733621  0.00781076  0.00550585
 -0.01354062  0.01301882  0.02002935 -0.31898066 -0.02411889  0.01435324
 -0.00512377 -0.0093255 ]",[-0.13389436],-0.5312712568213978
25,18137,"[-0.015862   -0.04785093  0.00951109 -0.46733621  0.00781076  0.00550585
 -0.01354062  0.01301882  0.02002935 -0.31898066 -0.02411889  0.01435324
 -0.00512377 -0.0093255 ]",[-0.2023943],-1.0199371611994046
25,18139,"[-0.015862   -0.04785093  0.00951109 -0.46733621  0.00781076  0.00550585
 -0.01354062  0.01301882  0.02002935 -0.31898066 -0.02411889  0.01435324
 -0.00512377 -0.0093255 ]",[-0.37240314],-2.2327487629354903
25,18141,"[-0.015862   -0.04785093  0.00951109 -0.46733621  0.00781076  0.00550585
 -0.01354062  0.01301882  0.02002935 -0.31898066 -0.02411889  0.01435324
 -0.00512377 -0.0093255 ]",[0.01333438],0.5190313256512813
25,18143,"[-0.015862   -0.04785093  0.00951109 -0.46733621  0.00781076  0.00550585
 -0.01354062  0.01301882  0.02002935 -0.31898066 -0.02411889  0.01435324
 -0.00512377 -0.0093255 ]",[-0.26978279],-1.5006742310082961
25,18145,"[-0.015862   -0.04785093  0.00951109 -0.46733621  0.00781076  0.00550585
 -0.01354062  0.01301882  0.02002935 -0.31898066 -0.02411889  0.01435324
 -0.00512377 -0.0093255 ]",[-0.15631609],-0.6912237674859919
25,18147,"[-0.015862   -0.04785093  0.00951109 -0.46733621  0.00781076  0.00550585
 -0.01354062  0.01301882  0.02002935 -0.31898066 -0.02411889  0.01435324
 -0.00512377 -0.0093255 ]",[-0.36062754],-2.148743834859997
25,18149,"[-0.015862   -0.04785093  0.00951109 -0.46733621  0.00781076  0.00550585
 -0.01354062  0.01301882  0.02002935 -0.31898066 -0.02411889  0.01435324
 -0.00512377 -0.0093255 ]",[-0.07463228],-0.10850657231122916
25,18151,"[-0.015862   -0.04785093  0.00951109 -0.46733621  0.00781076  0.00550585
 -0.01354062  0.01301882  0.02002935 -0.31898066 -0.02411889  0.01435324
 -0.00512377 -0.0093255 ]",[-0.01848652],0.29202692224089755
25,18153,"[-0.015862   -0.04785093  0.00951109 -0.46733621  0.00781076  0.00550585
 -0.01354062  0.01301882  0.02002935 -0.31898066 -0.02411889  0.01435324
 -0.00512377 -0.0093255 ]",[-0.1800824],-0.8607682462348596
25,18157,"[-0.015862   -0.04785093  0.00951109 -0.46733621  0.00781076  0.00550585
 -0.01354062  0.01301882  0.02002935 -0.31898066 -0.02411889  0.01435324
 -0.00512377 -0.0093255 ]",[0.03197376],0.6520011561734413
25,18159,"[-0.015862   -0.04785093  0.00951109 -0.46733621  0.00781076  0.00550585
 -0.01354062  0.01301882  0.02002935 -0.31898066 -0.02411889  0.01435324
 -0.00512377 -0.0093255 ]",[-0.42912017],-2.6373575958423636
25,18163,"[-0.015862   -0.04785093  0.00951109 -0.46733621  0.00781076  0.00550585
 -0.01354062  0.01301882  0.02002935 -0.31898066 -0.02411889  0.01435324
 -0.00512377 -0.0093255 ]",[-0.00031414],0.4216652874695193
25,18165,"[-0.015862   -0.04785093  0.00951109 -0.46733621  0.00781076  0.00550585
 -0.01354062  0.01301882  0.02002935 -0.31898066 -0.02411889  0.01435324
 -0.00512377 -0.0093255 ]",[-0.32056812],-1.8629673410590504
25,18167,"[-0.015862   -0.04785093  0.00951109 -0.46733621  0.00781076  0.00550585
 -0.01354062  0.01301882  0.02002935 -0.31898066 -0.02411889  0.01435324
 -0.00512377 -0.0093255 ]",[-0.0345287],0.17758496114165548
25,18169,"[-0.015862   -0.04785093  0.00951109 -0.46733621  0.00781076  0.00550585
 -0.01354062  0.01301882  0.02002935 -0.31898066 -0.02411889  0.01435324
 -0.00512377 -0.0093255 ]",[-0.10357309],-0.314964955242549
25,18173,"[-0.015862   -0.04785093  0.00951109 -0.46733621  0.00781076  0.00550585
 -0.01354062  0.01301882  0.02002935 -0.31898066 -0.02411889  0.01435324
 -0.00512377 -0.0093255 ]",[-0.11890241],-0.424321488713183
25,18175,"[-0.015862   -0.04785093  0.00951109 -0.46733621  0.00781076  0.00550585
 -0.01354062  0.01301882  0.02002935 -0.31898066 -0.02411889  0.01435324
 -0.00512377 -0.0093255 ]",[-0.29184139],-1.658036188189495
25,18177,"[-0.015862   -0.04785093  0.00951109 -0.46733621  0.00781076  0.00550585
 -0.01354062  0.01301882  0.02002935 -0.31898066 -0.02411889  0.01435324
 -0.00512377 -0.0093255 ]",[-0.10251703],-0.30743119294171084
25,18179,"[-0.015862   -0.04785093  0.00951109 -0.46733621  0.00781076  0.00550585
 -0.01354062  0.01301882  0.02002935 -0.31898066 -0.02411889  0.01435324
 -0.00512377 -0.0093255 ]",[-0.1036364],-0.3154165930801868
25,18181,"[-0.015862   -0.04785093  0.00951109 -0.46733621  0.00781076  0.00550585
 -0.01354062  0.01301882  0.02002935 -0.31898066 -0.02411889  0.01435324
 -0.00512377 -0.0093255 ]",[-0.08127161],-0.15587028955926033
25,18183,"[-0.015862   -0.04785093  0.00951109 -0.46733621  0.00781076  0.00550585
 -0.01354062  0.01301882  0.02002935 -0.31898066 -0.02411889  0.01435324
 -0.00512377 -0.0093255 ]",[-0.14165016],-0.5865997308915507
25,19005,"[-0.015862   -0.04785093  0.00951109 -0.46733621  0.00781076  0.00550585
 -0.01354062  0.01301882  0.02002935 -0.31898066 -0.02411889  0.01435324
 -0.00512377 -0.0093255 ]",[-0.12798259],-0.4890978303613409
25,19007,"[-0.015862   -0.04785093  0.00951109 -0.46733621  0.00781076  0.00550585
 -0.01354062  0.01301882  0.02002935 -0.31898066 -0.02411889  0.01435324
 -0.00512377 -0.0093255 ]",[-0.14810299],-0.6326330410204858
25,19011,"[-0.015862   -0.04785093  0.00951109 -0.46733621  0.00781076  0.00550585
 -0.01354062  0.01301882  0.02002935 -0.31898066 -0.02411889  0.01435324
 -0.00512377 -0.0093255 ]",[-0.09606209],-0.2613828606006175
25,19013,"[-0.015862   -0.04785093  0.00951109 -0.46733621  0.00781076  0.00550585
 -0.01354062  0.01301882  0.02002935 -0.31898066 -0.02411889  0.01435324
 -0.00512377 -0.0093255 ]",[-0.01569194],0.31196290634723844
25,19015,"[-0.015862   -0.04785093  0.00951109 -0.46733621  0.00781076  0.00550585
 -0.01354062  0.01301882  0.02002935 -0.31898066 -0.02411889  0.01435324
 -0.00512377 -0.0093255 ]",[-0.13867971],-0.5654090757424364
25,19017,"[-0.015862   -0.04785093  0.00951109 -0.46733621  0.00781076  0.00550585
 -0.01354062  0.01301882  0.02002935 -0.31898066 -0.02411889  0.01435324
 -0.00512377 -0.0093255 ]",[-0.14033169],-0.5771939989892749
25,19019,"[-0.015862   -0.04785093  0.00951109 -0.46733621  0.00781076  0.00550585
 -0.01354062  0.01301882  0.02002935 -0.31898066 -0.02411889  0.01435324
 -0.00512377 -0.0093255 ]",[-0.28440838],-1.6050104612961087
25,19021,"[-0.015862   -0.04785093  0.00951109 -0.46733621  0.00781076  0.00550585
 -0.01354062  0.01301882  0.02002935 -0.31898066 -0.02411889  0.01435324
 -0.00512377 -0.0093255 ]",[-0.29785712],-1.7009513018739184
25,19023,"[-0.015862   -0.04785093  0.00951109 -0.46733621  0.00781076  0.00550585
 -0.01354062  0.01301882  0.02002935 -0.31898066 -0.02411889  0.01435324
 -0.00512377 -0.0093255 ]",[-0.32446071],-1.890736351690608
25,19025,"[-0.015862   -0.04785093  0.00951109 -0.46733621  0.00781076  0.00550585
 -0.01354062  0.01301882  0.02002935 -0.31898066 -0.02411889  0.01435324
 -0.00512377 -0.0093255 ]",[-0.47554331],-2.9685316348102853
25,19027,"[-0.015862   -0.04785093  0.00951109 -0.46733621  0.00781076  0.00550585
 -0.01354062  0.01301882  0.02002935 -0.31898066 -0.02411889  0.01435324
 -0.00512377 -0.0093255 ]",[0.06249862],0.8697598927691931
25,19029,"[-0.015862   -0.04785093  0.00951109 -0.46733621  0.00781076  0.00550585
 -0.01354062  0.01301882  0.02002935 -0.31898066 -0.02411889  0.01435324
 -0.00512377 -0.0093255 ]",[-0.15686134],-0.6951134765995295
25,19031,"[-0.015862   -0.04785093  0.00951109 -0.46733621  0.00781076  0.00550585
 -0.01354062  0.01301882  0.02002935 -0.31898066 -0.02411889  0.01435324
 -0.00512377 -0.0093255 ]",[-0.22758576],-1.1996484284569018
25,19033,"[-0.015862   -0.04785093  0.00951109 -0.46733621  0.00781076  0.00550585
 -0.01354062  0.01301882  0.02002935 -0.31898066 -0.02411889  0.01435324
 -0.00512377 -0.0093255 ]",[-0.05317974],0.04453187299578386
25,19035,"[-0.015862   -0.04785093  0.00951109 -0.46733621  0.00781076  0.00550585
 -0.01354062  0.01301882  0.02002935 -0.31898066 -0.02411889  0.01435324
 -0.00512377 -0.0093255 ]",[-0.20248535],-1.0205867127835093
25,19041,"[-0.015862   -0.04785093  0.00951109 -0.46733621  0.00781076  0.00550585
 -0.01354062  0.01301882  0.02002935 -0.31898066 -0.02411889  0.01435324
 -0.00512377 -0.0093255 ]",[-0.45947489],-2.853902566309938
25,19037,"[-0.015862   -0.04785093  0.00951109 -0.46733621  0.00781076  0.00550585
 -0.01354062  0.01301882  0.02002935 -0.31898066 -0.02411889  0.01435324
 -0.00512377 -0.0093255 ]",[-0.2292859],-1.2117768589049411
25,19043,"[-0.015862   -0.04785093  0.00951109 -0.46733621  0.00781076  0.00550585
 -0.01354062  0.01301882  0.02002935 -0.31898066 -0.02411889  0.01435324
 -0.00512377 -0.0093255 ]",[-0.22768405],-1.2003495943109106
25,19047,"[-0.015862   -0.04785093  0.00951109 -0.46733621  0.00781076  0.00550585
 -0.01354062  0.01301882  0.02002935 -0.31898066 -0.02411889  0.01435324
 -0.00512377 -0.0093255 ]",[-0.23663611],-1.2642119176330404
25,19045,"[-0.015862   -0.04785093  0.00951109 -0.46733621  0.00781076  0.00550585
 -0.01354062  0.01301882  0.02002935 -0.31898066 -0.02411889  0.01435324
 -0.00512377 -0.0093255 ]",[0.02274055],0.5861331607684578
25,19049,"[-0.015862   -0.04785093  0.00951109 -0.46733621  0.00781076  0.00550585
 -0.01354062  0.01301882  0.02002935 -0.31898066 -0.02411889  0.01435324
 -0.00512377 -0.0093255 ]",[-0.13744816],-0.5566234436209544
25,19055,"[-0.015862   -0.04785093  0.00951109 -0.46733621  0.00781076  0.00550585
 -0.01354062  0.01301882  0.02002935 -0.31898066 -0.02411889  0.01435324
 -0.00512377 -0.0093255 ]",[-0.19317535],-0.9541708942395155
25,19057,"[-0.015862   -0.04785093  0.00951109 -0.46733621  0.00781076  0.00550585
 -0.01354062  0.01301882  0.02002935 -0.31898066 -0.02411889  0.01435324
 -0.00512377 -0.0093255 ]",[-0.12487255],-0.4669113425630181
25,19059,"[-0.015862   -0.04785093  0.00951109 -0.46733621  0.00781076  0.00550585
 -0.01354062  0.01301882  0.02002935 -0.31898066 -0.02411889  0.01435324
 -0.00512377 -0.0093255 ]",[-0.36653859],-2.190912179619125
25,19061,"[-0.015862   -0.04785093  0.00951109 -0.46733621  0.00781076  0.00550585
 -0.01354062  0.01301882  0.02002935 -0.31898066 -0.02411889  0.01435324
 -0.00512377 -0.0093255 ]",[-0.06268189],-0.02325472148384259
25,19063,"[-0.015862   -0.04785093  0.00951109 -0.46733621  0.00781076  0.00550585
 -0.01354062  0.01301882  0.02002935 -0.31898066 -0.02411889  0.01435324
 -0.00512377 -0.0093255 ]",[-0.40332265],-2.4533228277602817
25,19065,"[-0.015862   -0.04785093  0.00951109 -0.46733621  0.00781076  0.00550585
 -0.01354062  0.01301882  0.02002935 -0.31898066 -0.02411889  0.01435324
 -0.00512377 -0.0093255 ]",[-0.30703582],-1.7664304262104638
25,19073,"[-0.015862   -0.04785093  0.00951109 -0.46733621  0.00781076  0.00550585
 -0.01354062  0.01301882  0.02002935 -0.31898066 -0.02411889  0.01435324
 -0.00512377 -0.0093255 ]",[-0.40226298],-2.4457633631413236
25,19067,"[-0.015862   -0.04785093  0.00951109 -0.46733621  0.00781076  0.00550585
 -0.01354062  0.01301882  0.02002935 -0.31898066 -0.02411889  0.01435324
 -0.00512377 -0.0093255 ]",[-0.30923704],-1.7821334913055502
25,19075,"[-0.015862   -0.04785093  0.00951109 -0.46733621  0.00781076  0.00550585
 -0.01354062  0.01301882  0.02002935 -0.31898066 -0.02411889  0.01435324
 -0.00512377 -0.0093255 ]",[-0.2911979],-1.6534456235034567
25,19079,"[-0.015862   -0.04785093  0.00951109 -0.46733621  0.00781076  0.00550585
 -0.01354062  0.01301882  0.02002935 -0.31898066 -0.02411889  0.01435324
 -0.00512377 -0.0093255 ]",[-0.30861136],-1.777670031785804
25,19081,"[-0.015862   -0.04785093  0.00951109 -0.46733621  0.00781076  0.00550585
 -0.01354062  0.01301882  0.02002935 -0.31898066 -0.02411889  0.01435324
 -0.00512377 -0.0093255 ]",[-0.3540846],-2.102067716394303
25,19083,"[-0.015862   -0.04785093  0.00951109 -0.46733621  0.00781076  0.00550585
 -0.01354062  0.01301882  0.02002935 -0.31898066 -0.02411889  0.01435324
 -0.00512377 -0.0093255 ]",[-0.23110349],-1.2247432117707977
25,19085,"[-0.015862   -0.04785093  0.00951109 -0.46733621  0.00781076  0.00550585
 -0.01354062  0.01301882  0.02002935 -0.31898066 -0.02411889  0.01435324
 -0.00512377 -0.0093255 ]",[-0.31613764],-1.8313611283761737
25,19087,"[-0.015862   -0.04785093  0.00951109 -0.46733621  0.00781076  0.00550585
 -0.01354062  0.01301882  0.02002935 -0.31898066 -0.02411889  0.01435324
 -0.00512377 -0.0093255 ]",[-0.22309989],-1.1676470004852437
25,19091,"[-0.015862   -0.04785093  0.00951109 -0.46733621  0.00781076  0.00550585
 -0.01354062  0.01301882  0.02002935 -0.31898066 -0.02411889  0.01435324
 -0.00512377 -0.0093255 ]",[-0.17509021],-0.8251548209254698
25,19095,"[-0.015862   -0.04785093  0.00951109 -0.46733621  0.00781076  0.00550585
 -0.01354062  0.01301882  0.02002935 -0.31898066 -0.02411889  0.01435324
 -0.00512377 -0.0093255 ]",[-0.34572155],-2.042407241788619
25,19099,"[-0.015862   -0.04785093  0.00951109 -0.46733621  0.00781076  0.00550585
 -0.01354062  0.01301882  0.02002935 -0.31898066 -0.02411889  0.01435324
 -0.00512377 -0.0093255 ]",[-0.06490631],-0.03912330293704349
25,19097,"[-0.015862   -0.04785093  0.00951109 -0.46733621  0.00781076  0.00550585
 -0.01354062  0.01301882  0.02002935 -0.31898066 -0.02411889  0.01435324
 -0.00512377 -0.0093255 ]",[-0.35824851],-2.1317722758116964
25,19101,"[-0.015862   -0.04785093  0.00951109 -0.46733621  0.00781076  0.00550585
 -0.01354062  0.01301882  0.02002935 -0.31898066 -0.02411889  0.01435324
 -0.00512377 -0.0093255 ]",[-0.23384929],-1.2443312235253625
25,19103,"[-0.015862   -0.04785093  0.00951109 -0.46733621  0.00781076  0.00550585
 -0.01354062  0.01301882  0.02002935 -0.31898066 -0.02411889  0.01435324
 -0.00512377 -0.0093255 ]",[-0.04383155],0.11122012507794972
25,19105,"[-0.015862   -0.04785093  0.00951109 -0.46733621  0.00781076  0.00550585
 -0.01354062  0.01301882  0.02002935 -0.31898066 -0.02411889  0.01435324
 -0.00512377 -0.0093255 ]",[-0.40770332],-2.4845737073437486
25,19107,"[-0.015862   -0.04785093  0.00951109 -0.46733621  0.00781076  0.00550585
 -0.01354062  0.01301882  0.02002935 -0.31898066 -0.02411889  0.01435324
 -0.00512377 -0.0093255 ]",[-0.31145481],-1.7979546868101874
25,19109,"[-0.015862   -0.04785093  0.00951109 -0.46733621  0.00781076  0.00550585
 -0.01354062  0.01301882  0.02002935 -0.31898066 -0.02411889  0.01435324
 -0.00512377 -0.0093255 ]",[-0.24689613],-1.3374050188645463
25,19111,"[-0.015862   -0.04785093  0.00951109 -0.46733621  0.00781076  0.00550585
 -0.01354062  0.01301882  0.02002935 -0.31898066 -0.02411889  0.01435324
 -0.00512377 -0.0093255 ]",[-0.11419274],-0.39072354345850047
25,19113,"[-0.015862   -0.04785093  0.00951109 -0.46733621  0.00781076  0.00550585
 -0.01354062  0.01301882  0.02002935 -0.31898066 -0.02411889  0.01435324
 -0.00512377 -0.0093255 ]",[-0.01740559],0.29973802791202564
25,19117,"[-0.015862   -0.04785093  0.00951109 -0.46733621  0.00781076  0.00550585
 -0.01354062  0.01301882  0.02002935 -0.31898066 -0.02411889  0.01435324
 -0.00512377 -0.0093255 ]",[-0.20794991],-1.0595698841226033
25,19123,"[-0.015862   -0.04785093  0.00951109 -0.46733621  0.00781076  0.00550585
 -0.01354062  0.01301882  0.02002935 -0.31898066 -0.02411889  0.01435324
 -0.00512377 -0.0093255 ]",[-0.23276625],-1.2366050515257756
25,19125,"[-0.015862   -0.04785093  0.00951109 -0.46733621  0.00781076  0.00550585
 -0.01354062  0.01301882  0.02002935 -0.31898066 -0.02411889  0.01435324
 -0.00512377 -0.0093255 ]",[-0.18315122],-0.8826605944150733
25,19127,"[-0.015862   -0.04785093  0.00951109 -0.46733621  0.00781076  0.00550585
 -0.01354062  0.01301882  0.02002935 -0.31898066 -0.02411889  0.01435324
 -0.00512377 -0.0093255 ]",[-0.09522734],-0.2554278888982063
25,19129,"[-0.015862   -0.04785093  0.00951109 -0.46733621  0.00781076  0.00550585
 -0.01354062  0.01301882  0.02002935 -0.31898066 -0.02411889  0.01435324
 -0.00512377 -0.0093255 ]",[-0.3284909],-1.9194869932094887
25,19133,"[-0.015862   -0.04785093  0.00951109 -0.46733621  0.00781076  0.00550585
 -0.01354062  0.01301882  0.02002935 -0.31898066 -0.02411889  0.01435324
 -0.00512377 -0.0093255 ]",[-0.52150883],-3.2964411478189746
25,19137,"[-0.015862   -0.04785093  0.00951109 -0.46733621  0.00781076  0.00550585
 -0.01354062  0.01301882  0.02002935 -0.31898066 -0.02411889  0.01435324
 -0.00512377 -0.0093255 ]",[-0.43137674],-2.6534555019119024
25,19139,"[-0.015862   -0.04785093  0.00951109 -0.46733621  0.00781076  0.00550585
 -0.01354062  0.01301882  0.02002935 -0.31898066 -0.02411889  0.01435324
 -0.00512377 -0.0093255 ]",[0.03841414],0.6979456388776187
25,19141,"[-0.015862   -0.04785093  0.00951109 -0.46733621  0.00781076  0.00550585
 -0.01354062  0.01301882  0.02002935 -0.31898066 -0.02411889  0.01435324
 -0.00512377 -0.0093255 ]",[-0.445789],-2.756269921685449
25,19147,"[-0.015862   -0.04785093  0.00951109 -0.46733621  0.00781076  0.00550585
 -0.01354062  0.01301882  0.02002935 -0.31898066 -0.02411889  0.01435324
 -0.00512377 -0.0093255 ]",[-0.43806796],-2.7011894615496357
25,19145,"[-0.015862   -0.04785093  0.00951109 -0.46733621  0.00781076  0.00550585
 -0.01354062  0.01301882  0.02002935 -0.31898066 -0.02411889  0.01435324
 -0.00512377 -0.0093255 ]",[-0.46272606],-2.8770957949370235
25,19149,"[-0.015862   -0.04785093  0.00951109 -0.46733621  0.00781076  0.00550585
 -0.01354062  0.01301882  0.02002935 -0.31898066 -0.02411889  0.01435324
 -0.00512377 -0.0093255 ]",[0.01384097],0.5226452230039643
25,19153,"[-0.015862   -0.04785093  0.00951109 -0.46733621  0.00781076  0.00550585
 -0.01354062  0.01301882  0.02002935 -0.31898066 -0.02411889  0.01435324
 -0.00512377 -0.0093255 ]",[0.01322634],0.5182605479058694
25,19155,"[-0.015862   -0.04785093  0.00951109 -0.46733621  0.00781076  0.00550585
 -0.01354062  0.01301882  0.02002935 -0.31898066 -0.02411889  0.01435324
 -0.00512377 -0.0093255 ]",[-0.01548782],0.3134190278428287
25,19157,"[-0.015862   -0.04785093  0.00951109 -0.46733621  0.00781076  0.00550585
 -0.01354062  0.01301882  0.02002935 -0.31898066 -0.02411889  0.01435324
 -0.00512377 -0.0093255 ]",[-0.14973188],-0.6442532168559838
25,19161,"[-0.015862   -0.04785093  0.00951109 -0.46733621  0.00781076  0.00550585
 -0.01354062  0.01301882  0.02002935 -0.31898066 -0.02411889  0.01435324
 -0.00512377 -0.0093255 ]",[-0.30972217],-1.785594338133525
25,19163,"[-0.015862   -0.04785093  0.00951109 -0.46733621  0.00781076  0.00550585
 -0.01354062  0.01301882  0.02002935 -0.31898066 -0.02411889  0.01435324
 -0.00512377 -0.0093255 ]",[0.0435093],0.7342935672061125
25,19165,"[-0.015862   -0.04785093  0.00951109 -0.46733621  0.00781076  0.00550585
 -0.01354062  0.01301882  0.02002935 -0.31898066 -0.02411889  0.01435324
 -0.00512377 -0.0093255 ]",[-0.29726418],-1.6967213522597608
25,19167,"[-0.015862   -0.04785093  0.00951109 -0.46733621  0.00781076  0.00550585
 -0.01354062  0.01301882  0.02002935 -0.31898066 -0.02411889  0.01435324
 -0.00512377 -0.0093255 ]",[-0.12947203],-0.4997232137098412
25,19169,"[-0.015862   -0.04785093  0.00951109 -0.46733621  0.00781076  0.00550585
 -0.01354062  0.01301882  0.02002935 -0.31898066 -0.02411889  0.01435324
 -0.00512377 -0.0093255 ]",[-0.01177263],0.339922525705048
25,19171,"[-0.015862   -0.04785093  0.00951109 -0.46733621  0.00781076  0.00550585
 -0.01354062  0.01301882  0.02002935 -0.31898066 -0.02411889  0.01435324
 -0.00512377 -0.0093255 ]",[-0.14465049],-0.6080035098791576
25,19175,"[-0.015862   -0.04785093  0.00951109 -0.46733621  0.00781076  0.00550585
 -0.01354062  0.01301882  0.02002935 -0.31898066 -0.02411889  0.01435324
 -0.00512377 -0.0093255 ]",[-0.27680033],-1.5507360339161798
25,19179,"[-0.015862   -0.04785093  0.00951109 -0.46733621  0.00781076  0.00550585
 -0.01354062  0.01301882  0.02002935 -0.31898066 -0.02411889  0.01435324
 -0.00512377 -0.0093255 ]",[-0.08070805],-0.15184998377889905
25,19183,"[-0.015862   -0.04785093  0.00951109 -0.46733621  0.00781076  0.00550585
 -0.01354062  0.01301882  0.02002935 -0.31898066 -0.02411889  0.01435324
 -0.00512377 -0.0093255 ]",[-0.35333553],-2.096724001354245
25,19181,"[-0.015862   -0.04785093  0.00951109 -0.46733621  0.00781076  0.00550585
 -0.01354062  0.01301882  0.02002935 -0.31898066 -0.02411889  0.01435324
 -0.00512377 -0.0093255 ]",[-0.04888647],0.07515925792346739
25,19187,"[-0.015862   -0.04785093  0.00951109 -0.46733621  0.00781076  0.00550585
 -0.01354062  0.01301882  0.02002935 -0.31898066 -0.02411889  0.01435324
 -0.00512377 -0.0093255 ]",[-0.04896656],0.07458789019021647
25,19191,"[-0.015862   -0.04785093  0.00951109 -0.46733621  0.00781076  0.00550585
 -0.01354062  0.01301882  0.02002935 -0.31898066 -0.02411889  0.01435324
 -0.00512377 -0.0093255 ]",[-0.22274142],-1.1650898005730264
25,19193,"[-0.015862   -0.04785093  0.00951109 -0.46733621  0.00781076  0.00550585
 -0.01354062  0.01301882  0.02002935 -0.31898066 -0.02411889  0.01435324
 -0.00512377 -0.0093255 ]",[-0.03396491],0.18160689333674127
25,19197,"[-0.015862   -0.04785093  0.00951109 -0.46733621  0.00781076  0.00550585
 -0.01354062  0.01301882  0.02002935 -0.31898066 -0.02411889  0.01435324
 -0.00512377 -0.0093255 ]",[-0.45994979],-2.8572903850663836
25,20001,"[-0.015862   -0.04785093  0.00951109 -0.46733621  0.00781076  0.00550585
 -0.01354062  0.01301882  0.02002935 -0.31898066 -0.02411889  0.01435324
 -0.00512377 -0.0093255 ]",[-0.37754637],-2.2694396604395526
25,20005,"[-0.015862   -0.04785093  0.00951109 -0.46733621  0.00781076  0.00550585
 -0.01354062  0.01301882  0.02002935 -0.31898066 -0.02411889  0.01435324
 -0.00512377 -0.0093255 ]",[-0.33135178],-1.9398959733585366
25,20009,"[-0.015862   -0.04785093  0.00951109 -0.46733621  0.00781076  0.00550585
 -0.01354062  0.01301882  0.02002935 -0.31898066 -0.02411889  0.01435324
 -0.00512377 -0.0093255 ]",[0.0439298],0.7372933941278169
25,20011,"[-0.015862   -0.04785093  0.00951109 -0.46733621  0.00781076  0.00550585
 -0.01354062  0.01301882  0.02002935 -0.31898066 -0.02411889  0.01435324
 -0.00512377 -0.0093255 ]",[-0.27577137],-1.5433955996021667
25,20015,"[-0.015862   -0.04785093  0.00951109 -0.46733621  0.00781076  0.00550585
 -0.01354062  0.01301882  0.02002935 -0.31898066 -0.02411889  0.01435324
 -0.00512377 -0.0093255 ]",[0.0326249],0.6566463348393837
25,20029,"[-0.015862   -0.04785093  0.00951109 -0.46733621  0.00781076  0.00550585
 -0.01354062  0.01301882  0.02002935 -0.31898066 -0.02411889  0.01435324
 -0.00512377 -0.0093255 ]",[-0.31729674],-1.8396299329363481
25,20021,"[-0.015862   -0.04785093  0.00951109 -0.46733621  0.00781076  0.00550585
 -0.01354062  0.01301882  0.02002935 -0.31898066 -0.02411889  0.01435324
 -0.00512377 -0.0093255 ]",[-0.17886875],-0.852110234684477
25,20035,"[-0.015862   -0.04785093  0.00951109 -0.46733621  0.00781076  0.00550585
 -0.01354062  0.01301882  0.02002935 -0.31898066 -0.02411889  0.01435324
 -0.00512377 -0.0093255 ]",[-0.1491595],-0.6401699885280964
25,20037,"[-0.015862   -0.04785093  0.00951109 -0.46733621  0.00781076  0.00550585
 -0.01354062  0.01301882  0.02002935 -0.31898066 -0.02411889  0.01435324
 -0.00512377 -0.0093255 ]",[0.0034782],0.4487191583811073
25,20041,"[-0.015862   -0.04785093  0.00951109 -0.46733621  0.00781076  0.00550585
 -0.01354062  0.01301882  0.02002935 -0.31898066 -0.02411889  0.01435324
 -0.00512377 -0.0093255 ]",[-0.14440933],-0.6062831259942306
25,20045,"[-0.015862   -0.04785093  0.00951109 -0.46733621  0.00781076  0.00550585
 -0.01354062  0.01301882  0.02002935 -0.31898066 -0.02411889  0.01435324
 -0.00512377 -0.0093255 ]",[-0.01430944],0.3218253944648269
25,20051,"[-0.015862   -0.04785093  0.00951109 -0.46733621  0.00781076  0.00550585
 -0.01354062  0.01301882  0.02002935 -0.31898066 -0.02411889  0.01435324
 -0.00512377 -0.0093255 ]",[-0.29676976],-1.6931942410178478
25,20055,"[-0.015862   -0.04785093  0.00951109 -0.46733621  0.00781076  0.00550585
 -0.01354062  0.01301882  0.02002935 -0.31898066 -0.02411889  0.01435324
 -0.00512377 -0.0093255 ]",[-0.0965658],-0.26497623242247315
25,20057,"[-0.015862   -0.04785093  0.00951109 -0.46733621  0.00781076  0.00550585
 -0.01354062  0.01301882  0.02002935 -0.31898066 -0.02411889  0.01435324
 -0.00512377 -0.0093255 ]",[-0.11412793],-0.39026120956064514
25,20059,"[-0.015862   -0.04785093  0.00951109 -0.46733621  0.00781076  0.00550585
 -0.01354062  0.01301882  0.02002935 -0.31898066 -0.02411889  0.01435324
 -0.00512377 -0.0093255 ]",[-0.12983103],-0.5022842162060163
25,20061,"[-0.015862   -0.04785093  0.00951109 -0.46733621  0.00781076  0.00550585
 -0.01354062  0.01301882  0.02002935 -0.31898066 -0.02411889  0.01435324
 -0.00512377 -0.0093255 ]",[-0.02957662],0.2129121739097259
25,20079,"[-0.015862   -0.04785093  0.00951109 -0.46733621  0.00781076  0.00550585
 -0.01354062  0.01301882  0.02002935 -0.31898066 -0.02411889  0.01435324
 -0.00512377 -0.0093255 ]",[-0.21203399],-1.0887049491673448
25,20087,"[-0.015862   -0.04785093  0.00951109 -0.46733621  0.00781076  0.00550585
 -0.01354062  0.01301882  0.02002935 -0.31898066 -0.02411889  0.01435324
 -0.00512377 -0.0093255 ]",[-0.2324122],-1.2340793465860649
25,20091,"[-0.015862   -0.04785093  0.00951109 -0.46733621  0.00781076  0.00550585
 -0.01354062  0.01301882  0.02002935 -0.31898066 -0.02411889  0.01435324
 -0.00512377 -0.0093255 ]",[-0.01215443],0.33719881728371504
25,20099,"[-0.015862   -0.04785093  0.00951109 -0.46733621  0.00781076  0.00550585
 -0.01354062  0.01301882  0.02002935 -0.31898066 -0.02411889  0.01435324
 -0.00512377 -0.0093255 ]",[-0.15059118],-0.650383303788654
25,20103,"[-0.015862   -0.04785093  0.00951109 -0.46733621  0.00781076  0.00550585
 -0.01354062  0.01301882  0.02002935 -0.31898066 -0.02411889  0.01435324
 -0.00512377 -0.0093255 ]",[-0.11324787],-0.38398306964485307
25,20111,"[-0.015862   -0.04785093  0.00951109 -0.46733621  0.00781076  0.00550585
 -0.01354062  0.01301882  0.02002935 -0.31898066 -0.02411889  0.01435324
 -0.00512377 -0.0093255 ]",[-0.16338098],-0.7416234004251404
25,20113,"[-0.015862   -0.04785093  0.00951109 -0.46733621  0.00781076  0.00550585
 -0.01354062  0.01301882  0.02002935 -0.31898066 -0.02411889  0.01435324
 -0.00512377 -0.0093255 ]",[-0.30071525],-1.7213406353292489
25,20115,"[-0.015862   -0.04785093  0.00951109 -0.46733621  0.00781076  0.00550585
 -0.01354062  0.01301882  0.02002935 -0.31898066 -0.02411889  0.01435324
 -0.00512377 -0.0093255 ]",[-0.25501499],-1.3953234119569717
25,20117,"[-0.015862   -0.04785093  0.00951109 -0.46733621  0.00781076  0.00550585
 -0.01354062  0.01301882  0.02002935 -0.31898066 -0.02411889  0.01435324
 -0.00512377 -0.0093255 ]",[-0.30893008],-1.7799437309907375
25,20121,"[-0.015862   -0.04785093  0.00951109 -0.46733621  0.00781076  0.00550585
 -0.01354062  0.01301882  0.02002935 -0.31898066 -0.02411889  0.01435324
 -0.00512377 -0.0093255 ]",[-0.07309502],-0.09754007280044573
25,20125,"[-0.015862   -0.04785093  0.00951109 -0.46733621  0.00781076  0.00550585
 -0.01354062  0.01301882  0.02002935 -0.31898066 -0.02411889  0.01435324
 -0.00512377 -0.0093255 ]",[-0.11249484],-0.3786110860293623
25,20133,"[-0.015862   -0.04785093  0.00951109 -0.46733621  0.00781076  0.00550585
 -0.01354062  0.01301882  0.02002935 -0.31898066 -0.02411889  0.01435324
 -0.00512377 -0.0093255 ]",[0.05975093],0.8501584050621235
25,20149,"[-0.015862   -0.04785093  0.00951109 -0.46733621  0.00781076  0.00550585
 -0.01354062  0.01301882  0.02002935 -0.31898066 -0.02411889  0.01435324
 -0.00512377 -0.0093255 ]",[-0.23766996],-1.2715872297641821
25,20139,"[-0.015862   -0.04785093  0.00951109 -0.46733621  0.00781076  0.00550585
 -0.01354062  0.01301882  0.02002935 -0.31898066 -0.02411889  0.01435324
 -0.00512377 -0.0093255 ]",[-0.2064369],-1.0487763556688288
25,20155,"[-0.015862   -0.04785093  0.00951109 -0.46733621  0.00781076  0.00550585
 -0.01354062  0.01301882  0.02002935 -0.31898066 -0.02411889  0.01435324
 -0.00512377 -0.0093255 ]",[-0.09181752],-0.23110287261662985
25,20161,"[-0.015862   -0.04785093  0.00951109 -0.46733621  0.00781076  0.00550585
 -0.01354062  0.01301882  0.02002935 -0.31898066 -0.02411889  0.01435324
 -0.00512377 -0.0093255 ]",[-0.07836068],-0.13510428424039853
25,20169,"[-0.015862   -0.04785093  0.00951109 -0.46733621  0.00781076  0.00550585
 -0.01354062  0.01301882  0.02002935 -0.31898066 -0.02411889  0.01435324
 -0.00512377 -0.0093255 ]",[-0.11551968],-0.4001896880658645
25,20173,"[-0.015862   -0.04785093  0.00951109 -0.46733621  0.00781076  0.00550585
 -0.01354062  0.01301882  0.02002935 -0.31898066 -0.02411889  0.01435324
 -0.00512377 -0.0093255 ]",[0.00557214],0.46365693664489593
25,20175,"[-0.015862   -0.04785093  0.00951109 -0.46733621  0.00781076  0.00550585
 -0.01354062  0.01301882  0.02002935 -0.31898066 -0.02411889  0.01435324
 -0.00512377 -0.0093255 ]",[-0.36879493],-2.2070084763572546
25,20177,"[-0.015862   -0.04785093  0.00951109 -0.46733621  0.00781076  0.00550585
 -0.01354062  0.01301882  0.02002935 -0.31898066 -0.02411889  0.01435324
 -0.00512377 -0.0093255 ]",[-0.03654885],0.1631735699935797
25,20191,"[-0.015862   -0.04785093  0.00951109 -0.46733621  0.00781076  0.00550585
 -0.01354062  0.01301882  0.02002935 -0.31898066 -0.02411889  0.01435324
 -0.00512377 -0.0093255 ]",[-0.15630544],-0.6911477855002108
25,20205,"[-0.015862   -0.04785093  0.00951109 -0.46733621  0.00781076  0.00550585
 -0.01354062  0.01301882  0.02002935 -0.31898066 -0.02411889  0.01435324
 -0.00512377 -0.0093255 ]",[-0.70431195],-4.600524795182193
25,20209,"[-0.015862   -0.04785093  0.00951109 -0.46733621  0.00781076  0.00550585
 -0.01354062  0.01301882  0.02002935 -0.31898066 -0.02411889  0.01435324
 -0.00512377 -0.0093255 ]",[0.06485428],0.8865647284556122
25,21001,"[-0.015862   -0.04785093  0.00951109 -0.46733621  0.00781076  0.00550585
 -0.01354062  0.01301882  0.02002935 -0.31898066 -0.02411889  0.01435324
 -0.00512377 -0.0093255 ]",[-0.19637975],-0.9770305069011606
25,21003,"[-0.015862   -0.04785093  0.00951109 -0.46733621  0.00781076  0.00550585
 -0.01354062  0.01301882  0.02002935 -0.31898066 -0.02411889  0.01435324
 -0.00512377 -0.0093255 ]",[-0.20864107],-1.0645004464256709
25,21005,"[-0.015862   -0.04785093  0.00951109 -0.46733621  0.00781076  0.00550585
 -0.01354062  0.01301882  0.02002935 -0.31898066 -0.02411889  0.01435324
 -0.00512377 -0.0093255 ]",[-0.2718944],-1.5157380135276672
25,21009,"[-0.015862   -0.04785093  0.00951109 -0.46733621  0.00781076  0.00550585
 -0.01354062  0.01301882  0.02002935 -0.31898066 -0.02411889  0.01435324
 -0.00512377 -0.0093255 ]",[-0.17019457],-0.7902302646779452
25,21013,"[-0.015862   -0.04785093  0.00951109 -0.46733621  0.00781076  0.00550585
 -0.01354062  0.01301882  0.02002935 -0.31898066 -0.02411889  0.01435324
 -0.00512377 -0.0093255 ]",[-0.10887098],-0.3527591457221046
25,21015,"[-0.015862   -0.04785093  0.00951109 -0.46733621  0.00781076  0.00550585
 -0.01354062  0.01301882  0.02002935 -0.31898066 -0.02411889  0.01435324
 -0.00512377 -0.0093255 ]",[-0.09300701],-0.23958846295001868
25,21017,"[-0.015862   -0.04785093  0.00951109 -0.46733621  0.00781076  0.00550585
 -0.01354062  0.01301882  0.02002935 -0.31898066 -0.02411889  0.01435324
 -0.00512377 -0.0093255 ]",[-0.17462637],-0.8218458863430019
25,21019,"[-0.015862   -0.04785093  0.00951109 -0.46733621  0.00781076  0.00550585
 -0.01354062  0.01301882  0.02002935 -0.31898066 -0.02411889  0.01435324
 -0.00512377 -0.0093255 ]",[-0.1157392],-0.4017557022915236
25,21021,"[-0.015862   -0.04785093  0.00951109 -0.46733621  0.00781076  0.00550585
 -0.01354062  0.01301882  0.02002935 -0.31898066 -0.02411889  0.01435324
 -0.00512377 -0.0093255 ]",[-0.1766459],-0.8362528690041404
25,21025,"[-0.015862   -0.04785093  0.00951109 -0.46733621  0.00781076  0.00550585
 -0.01354062  0.01301882  0.02002935 -0.31898066 -0.02411889  0.01435324
 -0.00512377 -0.0093255 ]",[-0.20067649],-1.0076826179393497
25,21027,"[-0.015862   -0.04785093  0.00951109 -0.46733621  0.00781076  0.00550585
 -0.01354062  0.01301882  0.02002935 -0.31898066 -0.02411889  0.01435324
 -0.00512377 -0.0093255 ]",[-0.12397141],-0.46048281150219744
25,21029,"[-0.015862   -0.04785093  0.00951109 -0.46733621  0.00781076  0.00550585
 -0.01354062  0.01301882  0.02002935 -0.31898066 -0.02411889  0.01435324
 -0.00512377 -0.0093255 ]",[-0.00865657],0.36215193493972014
25,21031,"[-0.015862   -0.04785093  0.00951109 -0.46733621  0.00781076  0.00550585
 -0.01354062  0.01301882  0.02002935 -0.31898066 -0.02411889  0.01435324
 -0.00512377 -0.0093255 ]",[-0.33902648],-1.9946458582761661
25,21035,"[-0.015862   -0.04785093  0.00951109 -0.46733621  0.00781076  0.00550585
 -0.01354062  0.01301882  0.02002935 -0.31898066 -0.02411889  0.01435324
 -0.00512377 -0.0093255 ]",[-0.13600704],-0.5463427430560487
25,21037,"[-0.015862   -0.04785093  0.00951109 -0.46733621  0.00781076  0.00550585
 -0.01354062  0.01301882  0.02002935 -0.31898066 -0.02411889  0.01435324
 -0.00512377 -0.0093255 ]",[-0.03564487],0.16962240412755522
25,21043,"[-0.015862   -0.04785093  0.00951109 -0.46733621  0.00781076  0.00550585
 -0.01354062  0.01301882  0.02002935 -0.31898066 -0.02411889  0.01435324
 -0.00512377 -0.0093255 ]",[-0.21469254],-1.107670556792357
25,21045,"[-0.015862   -0.04785093  0.00951109 -0.46733621  0.00781076  0.00550585
 -0.01354062  0.01301882  0.02002935 -0.31898066 -0.02411889  0.01435324
 -0.00512377 -0.0093255 ]",[-0.34384572],-2.029025445681336
25,21047,"[-0.015862   -0.04785093  0.00951109 -0.46733621  0.00781076  0.00550585
 -0.01354062  0.01301882  0.02002935 -0.31898066 -0.02411889  0.01435324
 -0.00512377 -0.0093255 ]",[-0.09877189],-0.2807140713628359
25,21049,"[-0.015862   -0.04785093  0.00951109 -0.46733621  0.00781076  0.00550585
 -0.01354062  0.01301882  0.02002935 -0.31898066 -0.02411889  0.01435324
 -0.00512377 -0.0093255 ]",[-0.08531363],-0.18470532588340063
25,21051,"[-0.015862   -0.04785093  0.00951109 -0.46733621  0.00781076  0.00550585
 -0.01354062  0.01301882  0.02002935 -0.31898066 -0.02411889  0.01435324
 -0.00512377 -0.0093255 ]",[-0.17714897],-0.8398416646232794
25,21055,"[-0.015862   -0.04785093  0.00951109 -0.46733621  0.00781076  0.00550585
 -0.01354062  0.01301882  0.02002935 -0.31898066 -0.02411889  0.01435324
 -0.00512377 -0.0093255 ]",[-0.35141931],-2.0830540074904156
25,21059,"[-0.015862   -0.04785093  0.00951109 -0.46733621  0.00781076  0.00550585
 -0.01354062  0.01301882  0.02002935 -0.31898066 -0.02411889  0.01435324
 -0.00512377 -0.0093255 ]",[-0.04360369],0.1128456514368972
25,21061,"[-0.015862   -0.04785093  0.00951109 -0.46733621  0.00781076  0.00550585
 -0.01354062  0.01301882  0.02002935 -0.31898066 -0.02411889  0.01435324
 -0.00512377 -0.0093255 ]",[-0.25544596],-1.398397929551155
25,21065,"[-0.015862   -0.04785093  0.00951109 -0.46733621  0.00781076  0.00550585
 -0.01354062  0.01301882  0.02002935 -0.31898066 -0.02411889  0.01435324
 -0.00512377 -0.0093255 ]",[-0.257242],-1.4112105339077718
25,21067,"[-0.015862   -0.04785093  0.00951109 -0.46733621  0.00781076  0.00550585
 -0.01354062  0.01301882  0.02002935 -0.31898066 -0.02411889  0.01435324
 -0.00512377 -0.0093255 ]",[0.01118179],0.5036751098760665
25,21069,"[-0.015862   -0.04785093  0.00951109 -0.46733621  0.00781076  0.00550585
 -0.01354062  0.01301882  0.02002935 -0.31898066 -0.02411889  0.01435324
 -0.00512377 -0.0093255 ]",[-0.25250877],-1.3774445367115904
25,21071,"[-0.015862   -0.04785093  0.00951109 -0.46733621  0.00781076  0.00550585
 -0.01354062  0.01301882  0.02002935 -0.31898066 -0.02411889  0.01435324
 -0.00512377 -0.0093255 ]",[-0.24407611],-1.3172875260852377
25,21073,"[-0.015862   -0.04785093  0.00951109 -0.46733621  0.00781076  0.00550585
 -0.01354062  0.01301882  0.02002935 -0.31898066 -0.02411889  0.01435324
 -0.00512377 -0.0093255 ]",[-0.10483832],-0.3239908954017008
25,21079,"[-0.015862   -0.04785093  0.00951109 -0.46733621  0.00781076  0.00550585
 -0.01354062  0.01301882  0.02002935 -0.31898066 -0.02411889  0.01435324
 -0.00512377 -0.0093255 ]",[-0.41594027],-2.5433346221863307
25,21081,"[-0.015862   -0.04785093  0.00951109 -0.46733621  0.00781076  0.00550585
 -0.01354062  0.01301882  0.02002935 -0.31898066 -0.02411889  0.01435324
 -0.00512377 -0.0093255 ]",[-0.2541138],-1.3888945521797027
25,21083,"[-0.015862   -0.04785093  0.00951109 -0.46733621  0.00781076  0.00550585
 -0.01354062  0.01301882  0.02002935 -0.31898066 -0.02411889  0.01435324
 -0.00512377 -0.0093255 ]",[-0.02273089],0.26174834764596216
25,21085,"[-0.015862   -0.04785093  0.00951109 -0.46733621  0.00781076  0.00550585
 -0.01354062  0.01301882  0.02002935 -0.31898066 -0.02411889  0.01435324
 -0.00512377 -0.0093255 ]",[-0.07533523],-0.11352127800491939
25,21089,"[-0.015862   -0.04785093  0.00951109 -0.46733621  0.00781076  0.00550585
 -0.01354062  0.01301882  0.02002935 -0.31898066 -0.02411889  0.01435324
 -0.00512377 -0.0093255 ]",[-0.01411688],0.323199088814427
25,21087,"[-0.015862   -0.04785093  0.00951109 -0.46733621  0.00781076  0.00550585
 -0.01354062  0.01301882  0.02002935 -0.31898066 -0.02411889  0.01435324
 -0.00512377 -0.0093255 ]",[-0.27480141],-1.5364761100664766
25,21093,"[-0.015862   -0.04785093  0.00951109 -0.46733621  0.00781076  0.00550585
 -0.01354062  0.01301882  0.02002935 -0.31898066 -0.02411889  0.01435324
 -0.00512377 -0.0093255 ]",[-0.01131539],0.34318440088100594
25,21095,"[-0.015862   -0.04785093  0.00951109 -0.46733621  0.00781076  0.00550585
 -0.01354062  0.01301882  0.02002935 -0.31898066 -0.02411889  0.01435324
 -0.00512377 -0.0093255 ]",[-0.11910757],-0.4257850865053428
25,21097,"[-0.015862   -0.04785093  0.00951109 -0.46733621  0.00781076  0.00550585
 -0.01354062  0.01301882  0.02002935 -0.31898066 -0.02411889  0.01435324
 -0.00512377 -0.0093255 ]",[-0.31577184],-1.8287515377089665
25,21099,"[-0.015862   -0.04785093  0.00951109 -0.46733621  0.00781076  0.00550585
 -0.01354062  0.01301882  0.02002935 -0.31898066 -0.02411889  0.01435324
 -0.00512377 -0.0093255 ]",[-0.08749481],-0.20026545618861408
25,21101,"[-0.015862   -0.04785093  0.00951109 -0.46733621  0.00781076  0.00550585
 -0.01354062  0.01301882  0.02002935 -0.31898066 -0.02411889  0.01435324
 -0.00512377 -0.0093255 ]",[-0.08487108],-0.18154830236143665
25,21103,"[-0.015862   -0.04785093  0.00951109 -0.46733621  0.00781076  0.00550585
 -0.01354062  0.01301882  0.02002935 -0.31898066 -0.02411889  0.01435324
 -0.00512377 -0.0093255 ]",[-0.35542068],-2.111599031489562
25,21107,"[-0.015862   -0.04785093  0.00951109 -0.46733621  0.00781076  0.00550585
 -0.01354062  0.01301882  0.02002935 -0.31898066 -0.02411889  0.01435324
 -0.00512377 -0.0093255 ]",[-0.11236508],-0.37768536071719033
25,21111,"[-0.015862   -0.04785093  0.00951109 -0.46733621  0.00781076  0.00550585
 -0.01354062  0.01301882  0.02002935 -0.31898066 -0.02411889  0.01435324
 -0.00512377 -0.0093255 ]",[0.01208179],0.5100955471726816
25,21113,"[-0.015862   -0.04785093  0.00951109 -0.46733621  0.00781076  0.00550585
 -0.01354062  0.01301882  0.02002935 -0.31898066 -0.02411889  0.01435324
 -0.00512377 -0.0093255 ]",[-0.12182527],-0.44517263576087746
25,21115,"[-0.015862   -0.04785093  0.00951109 -0.46733621  0.00781076  0.00550585
 -0.01354062  0.01301882  0.02002935 -0.31898066 -0.02411889  0.01435324
 -0.00512377 -0.0093255 ]",[-0.10106792],-0.29709351776527054
25,21117,"[-0.015862   -0.04785093  0.00951109 -0.46733621  0.00781076  0.00550585
 -0.01354062  0.01301882  0.02002935 -0.31898066 -0.02411889  0.01435324
 -0.00512377 -0.0093255 ]",[0.07231769],0.9398073052674845
25,21119,"[-0.015862   -0.04785093  0.00951109 -0.46733621  0.00781076  0.00550585
 -0.01354062  0.01301882  0.02002935 -0.31898066 -0.02411889  0.01435324
 -0.00512377 -0.0093255 ]",[-0.19956658],-0.9997647393346711
25,21121,"[-0.015862   -0.04785093  0.00951109 -0.46733621  0.00781076  0.00550585
 -0.01354062  0.01301882  0.02002935 -0.31898066 -0.02411889  0.01435324
 -0.00512377 -0.0093255 ]",[-0.1303609],-0.5060642440743224
25,21123,"[-0.015862   -0.04785093  0.00951109 -0.46733621  0.00781076  0.00550585
 -0.01354062  0.01301882  0.02002935 -0.31898066 -0.02411889  0.01435324
 -0.00512377 -0.0093255 ]",[-0.44132979],-2.724458778970347
25,21125,"[-0.015862   -0.04785093  0.00951109 -0.46733621  0.00781076  0.00550585
 -0.01354062  0.01301882  0.02002935 -0.31898066 -0.02411889  0.01435324
 -0.00512377 -0.0093255 ]",[-0.12129149],-0.44136477198944984
25,21127,"[-0.015862   -0.04785093  0.00951109 -0.46733621  0.00781076  0.00550585
 -0.01354062  0.01301882  0.02002935 -0.31898066 -0.02411889  0.01435324
 -0.00512377 -0.0093255 ]",[-0.27247208],-1.519859081460683
25,21135,"[-0.015862   -0.04785093  0.00951109 -0.46733621  0.00781076  0.00550585
 -0.01354062  0.01301882  0.02002935 -0.31898066 -0.02411889  0.01435324
 -0.00512377 -0.0093255 ]",[-0.32923425],-1.9247899125216383
25,21133,"[-0.015862   -0.04785093  0.00951109 -0.46733621  0.00781076  0.00550585
 -0.01354062  0.01301882  0.02002935 -0.31898066 -0.02411889  0.01435324
 -0.00512377 -0.0093255 ]",[-0.136669],-0.551065034083245
25,21137,"[-0.015862   -0.04785093  0.00951109 -0.46733621  0.00781076  0.00550585
 -0.01354062  0.01301882  0.02002935 -0.31898066 -0.02411889  0.01435324
 -0.00512377 -0.0093255 ]",[-0.21208457],-1.0890657435074242
25,21141,"[-0.015862   -0.04785093  0.00951109 -0.46733621  0.00781076  0.00550585
 -0.01354062  0.01301882  0.02002935 -0.31898066 -0.02411889  0.01435324
 -0.00512377 -0.0093255 ]",[-0.28988647],-1.6440901553250802
25,21145,"[-0.015862   -0.04785093  0.00951109 -0.46733621  0.00781076  0.00550585
 -0.01354062  0.01301882  0.02002935 -0.31898066 -0.02411889  0.01435324
 -0.00512377 -0.0093255 ]",[-0.11431752],-0.3916137639320969
25,21147,"[-0.015862   -0.04785093  0.00951109 -0.46733621  0.00781076  0.00550585
 -0.01354062  0.01301882  0.02002935 -0.31898066 -0.02411889  0.01435324
 -0.00512377 -0.0093255 ]",[-0.31549833],-1.8268004087909688
25,21151,"[-0.015862   -0.04785093  0.00951109 -0.46733621  0.00781076  0.00550585
 -0.01354062  0.01301882  0.02002935 -0.31898066 -0.02411889  0.01435324
 -0.00512377 -0.0093255 ]",[-0.09103791],-0.22554126609501787
25,21153,"[-0.015862   -0.04785093  0.00951109 -0.46733621  0.00781076  0.00550585
 -0.01354062  0.01301882  0.02002935 -0.31898066 -0.02411889  0.01435324
 -0.00512377 -0.0093255 ]",[-0.43435814],-2.674724265508622
25,21155,"[-0.015862   -0.04785093  0.00951109 -0.46733621  0.00781076  0.00550585
 -0.01354062  0.01301882  0.02002935 -0.31898066 -0.02411889  0.01435324
 -0.00512377 -0.0093255 ]",[-0.20201915],-1.0172609504760122
25,21157,"[-0.015862   -0.04785093  0.00951109 -0.46733621  0.00781076  0.00550585
 -0.01354062  0.01301882  0.02002935 -0.31898066 -0.02411889  0.01435324
 -0.00512377 -0.0093255 ]",[-0.31722456],-1.8391150197422488
25,21161,"[-0.015862   -0.04785093  0.00951109 -0.46733621  0.00781076  0.00550585
 -0.01354062  0.01301882  0.02002935 -0.31898066 -0.02411889  0.01435324
 -0.00512377 -0.0093255 ]",[-0.11752893],-0.4145233435661582
25,21163,"[-0.015862   -0.04785093  0.00951109 -0.46733621  0.00781076  0.00550585
 -0.01354062  0.01301882  0.02002935 -0.31898066 -0.02411889  0.01435324
 -0.00512377 -0.0093255 ]",[-0.15561612],-0.6862303265938262
25,21171,"[-0.015862   -0.04785093  0.00951109 -0.46733621  0.00781076  0.00550585
 -0.01354062  0.01301882  0.02002935 -0.31898066 -0.02411889  0.01435324
 -0.00512377 -0.0093255 ]",[-0.37887475],-2.278916057004835
25,21167,"[-0.015862   -0.04785093  0.00951109 -0.46733621  0.00781076  0.00550585
 -0.01354062  0.01301882  0.02002935 -0.31898066 -0.02411889  0.01435324
 -0.00512377 -0.0093255 ]",[-0.22360094],-1.17122145968864
25,21173,"[-0.015862   -0.04785093  0.00951109 -0.46733621  0.00781076  0.00550585
 -0.01354062  0.01301882  0.02002935 -0.31898066 -0.02411889  0.01435324
 -0.00512377 -0.0093255 ]",[-0.26489701],-1.4658199427536105
25,21175,"[-0.015862   -0.04785093  0.00951109 -0.46733621  0.00781076  0.00550585
 -0.01354062  0.01301882  0.02002935 -0.31898066 -0.02411889  0.01435324
 -0.00512377 -0.0093255 ]",[-0.17332159],-0.8125378174920207
25,21177,"[-0.015862   -0.04785093  0.00951109 -0.46733621  0.00781076  0.00550585
 -0.01354062  0.01301882  0.02002935 -0.31898066 -0.02411889  0.01435324
 -0.00512377 -0.0093255 ]",[-0.09965052],-0.28698205709842994
25,21179,"[-0.015862   -0.04785093  0.00951109 -0.46733621  0.00781076  0.00550585
 -0.01354062  0.01301882  0.02002935 -0.31898066 -0.02411889  0.01435324
 -0.00512377 -0.0093255 ]",[-0.18969293],-0.9293279311519452
25,21183,"[-0.015862   -0.04785093  0.00951109 -0.46733621  0.00781076  0.00550585
 -0.01354062  0.01301882  0.02002935 -0.31898066 -0.02411889  0.01435324
 -0.00512377 -0.0093255 ]",[-0.1610859],-0.7252507055357399
25,21185,"[-0.015862   -0.04785093  0.00951109 -0.46733621  0.00781076  0.00550585
 -0.01354062  0.01301882  0.02002935 -0.31898066 -0.02411889  0.01435324
 -0.00512377 -0.0093255 ]",[-0.07269433],-0.09468161340060596
25,21193,"[-0.015862   -0.04785093  0.00951109 -0.46733621  0.00781076  0.00550585
 -0.01354062  0.01301882  0.02002935 -0.31898066 -0.02411889  0.01435324
 -0.00512377 -0.0093255 ]",[0.02596292],0.6091209559864491
25,21195,"[-0.015862   -0.04785093  0.00951109 -0.46733621  0.00781076  0.00550585
 -0.01354062  0.01301882  0.02002935 -0.31898066 -0.02411889  0.01435324
 -0.00512377 -0.0093255 ]",[-0.0794359],-0.1427747329262551
25,21203,"[-0.015862   -0.04785093  0.00951109 -0.46733621  0.00781076  0.00550585
 -0.01354062  0.01301882  0.02002935 -0.31898066 -0.02411889  0.01435324
 -0.00512377 -0.0093255 ]",[-0.37861532],-2.2770653408037558
25,21199,"[-0.015862   -0.04785093  0.00951109 -0.46733621  0.00781076  0.00550585
 -0.01354062  0.01301882  0.02002935 -0.31898066 -0.02411889  0.01435324
 -0.00512377 -0.0093255 ]",[-0.12509592],-0.46850485680059845
25,21205,"[-0.015862   -0.04785093  0.00951109 -0.46733621  0.00781076  0.00550585
 -0.01354062  0.01301882  0.02002935 -0.31898066 -0.02411889  0.01435324
 -0.00512377 -0.0093255 ]",[-0.33451841],-1.9624861349358116
25,21207,"[-0.015862   -0.04785093  0.00951109 -0.46733621  0.00781076  0.00550585
 -0.01354062  0.01301882  0.02002935 -0.31898066 -0.02411889  0.01435324
 -0.00512377 -0.0093255 ]",[-0.33080768],-1.9360144978309557
25,21209,"[-0.015862   -0.04785093  0.00951109 -0.46733621  0.00781076  0.00550585
 -0.01354062  0.01301882  0.02002935 -0.31898066 -0.02411889  0.01435324
 -0.00512377 -0.0093255 ]",[-0.12674338],-0.4802575051233597
25,21211,"[-0.015862   -0.04785093  0.00951109 -0.46733621  0.00781076  0.00550585
 -0.01354062  0.01301882  0.02002935 -0.31898066 -0.02411889  0.01435324
 -0.00512377 -0.0093255 ]",[-0.13203406],-0.5180002272760316
25,21213,"[-0.015862   -0.04785093  0.00951109 -0.46733621  0.00781076  0.00550585
 -0.01354062  0.01301882  0.02002935 -0.31898066 -0.02411889  0.01435324
 -0.00512377 -0.0093255 ]",[-0.24491999],-1.323307587279887
25,21215,"[-0.015862   -0.04785093  0.00951109 -0.46733621  0.00781076  0.00550585
 -0.01354062  0.01301882  0.02002935 -0.31898066 -0.02411889  0.01435324
 -0.00512377 -0.0093255 ]",[-0.26625262],-1.4754906391261025
25,21217,"[-0.015862   -0.04785093  0.00951109 -0.46733621  0.00781076  0.00550585
 -0.01354062  0.01301882  0.02002935 -0.31898066 -0.02411889  0.01435324
 -0.00512377 -0.0093255 ]",[-0.30063229],-1.7207487982170317
25,21219,"[-0.015862   -0.04785093  0.00951109 -0.46733621  0.00781076  0.00550585
 -0.01354062  0.01301882  0.02002935 -0.31898066 -0.02411889  0.01435324
 -0.00512377 -0.0093255 ]",[-0.23215058],-1.2322129839678138
25,21221,"[-0.015862   -0.04785093  0.00951109 -0.46733621  0.00781076  0.00550585
 -0.01354062  0.01301882  0.02002935 -0.31898066 -0.02411889  0.01435324
 -0.00512377 -0.0093255 ]",[-0.27868299],-1.5641666036265522
25,21225,"[-0.015862   -0.04785093  0.00951109 -0.46733621  0.00781076  0.00550585
 -0.01354062  0.01301882  0.02002935 -0.31898066 -0.02411889  0.01435324
 -0.00512377 -0.0093255 ]",[-0.33047212],-1.9336206142739347
25,21227,"[-0.015862   -0.04785093  0.00951109 -0.46733621  0.00781076  0.00550585
 -0.01354062  0.01301882  0.02002935 -0.31898066 -0.02411889  0.01435324
 -0.00512377 -0.0093255 ]",[-0.00730162],0.3718179266156972
25,21233,"[-0.015862   -0.04785093  0.00951109 -0.46733621  0.00781076  0.00550585
 -0.01354062  0.01301882  0.02002935 -0.31898066 -0.02411889  0.01435324
 -0.00512377 -0.0093255 ]",[-0.10482246],-0.32387776073560504
25,21231,"[-0.015862   -0.04785093  0.00951109 -0.46733621  0.00781076  0.00550585
 -0.01354062  0.01301882  0.02002935 -0.31898066 -0.02411889  0.01435324
 -0.00512377 -0.0093255 ]",[-0.33281061],-1.950302968203837
25,21235,"[-0.015862   -0.04785093  0.00951109 -0.46733621  0.00781076  0.00550585
 -0.01354062  0.01301882  0.02002935 -0.31898066 -0.02411889  0.01435324
 -0.00512377 -0.0093255 ]",[-0.03795019],0.15317668233508044
25,21239,"[-0.015862   -0.04785093  0.00951109 -0.46733621  0.00781076  0.00550585
 -0.01354062  0.01301882  0.02002935 -0.31898066 -0.02411889  0.01435324
 -0.00512377 -0.0093255 ]",[-0.20913088],-1.0679947061684267
25,22003,"[-0.015862   -0.04785093  0.00951109 -0.46733621  0.00781076  0.00550585
 -0.01354062  0.01301882  0.02002935 -0.31898066 -0.02411889  0.01435324
 -0.00512377 -0.0093255 ]",[-0.30528305],-1.7539264870881648
25,22001,"[-0.015862   -0.04785093  0.00951109 -0.46733621  0.00781076  0.00550585
 -0.01354062  0.01301882  0.02002935 -0.31898066 -0.02411889  0.01435324
 -0.00512377 -0.0093255 ]",[-0.09698949],-0.2679987371933211
25,22005,"[-0.015862   -0.04785093  0.00951109 -0.46733621  0.00781076  0.00550585
 -0.01354062  0.01301882  0.02002935 -0.31898066 -0.02411889  0.01435324
 -0.00512377 -0.0093255 ]",[-0.08374429],-0.17350995437397682
25,22007,"[-0.015862   -0.04785093  0.00951109 -0.46733621  0.00781076  0.00550585
 -0.01354062  0.01301882  0.02002935 -0.31898066 -0.02411889  0.01435324
 -0.00512377 -0.0093255 ]",[-0.27439068],-1.5335460148255926
25,22009,"[-0.015862   -0.04785093  0.00951109 -0.46733621  0.00781076  0.00550585
 -0.01354062  0.01301882  0.02002935 -0.31898066 -0.02411889  0.01435324
 -0.00512377 -0.0093255 ]",[-0.13166692],-0.5153811360659504
25,22011,"[-0.015862   -0.04785093  0.00951109 -0.46733621  0.00781076  0.00550585
 -0.01354062  0.01301882  0.02002935 -0.31898066 -0.02411889  0.01435324
 -0.00512377 -0.0093255 ]",[-0.18436589],-0.8913258279744866
25,22013,"[-0.015862   -0.04785093  0.00951109 -0.46733621  0.00781076  0.00550585
 -0.01354062  0.01301882  0.02002935 -0.31898066 -0.02411889  0.01435324
 -0.00512377 -0.0093255 ]",[-0.36799741],-2.2013191020549154
25,22015,"[-0.015862   -0.04785093  0.00951109 -0.46733621  0.00781076  0.00550585
 -0.01354062  0.01301882  0.02002935 -0.31898066 -0.02411889  0.01435324
 -0.00512377 -0.0093255 ]",[-0.04616515],0.0945726621406267
25,22017,"[-0.015862   -0.04785093  0.00951109 -0.46733621  0.00781076  0.00550585
 -0.01354062  0.01301882  0.02002935 -0.31898066 -0.02411889  0.01435324
 -0.00512377 -0.0093255 ]",[-0.01261475],0.33391504363320584
25,22019,"[-0.015862   -0.04785093  0.00951109 -0.46733621  0.00781076  0.00550585
 -0.01354062  0.01301882  0.02002935 -0.31898066 -0.02411889  0.01435324
 -0.00512377 -0.0093255 ]",[-0.02833609],0.22176186799257022
25,22027,"[-0.015862   -0.04785093  0.00951109 -0.46733621  0.00781076  0.00550585
 -0.01354062  0.01301882  0.02002935 -0.31898066 -0.02411889  0.01435324
 -0.00512377 -0.0093255 ]",[-0.30590421],-1.7583577145056042
25,22029,"[-0.015862   -0.04785093  0.00951109 -0.46733621  0.00781076  0.00550585
 -0.01354062  0.01301882  0.02002935 -0.31898066 -0.02411889  0.01435324
 -0.00512377 -0.0093255 ]",[-0.13121418],-0.5121513640150714
25,22031,"[-0.015862   -0.04785093  0.00951109 -0.46733621  0.00781076  0.00550585
 -0.01354062  0.01301882  0.02002935 -0.31898066 -0.02411889  0.01435324
 -0.00512377 -0.0093255 ]",[-0.20455862],-1.0353770130071696
25,22033,"[-0.015862   -0.04785093  0.00951109 -0.46733621  0.00781076  0.00550585
 -0.01354062  0.01301882  0.02002935 -0.31898066 -0.02411889  0.01435324
 -0.00512377 -0.0093255 ]",[0.00160875],0.43538280439307314
25,22037,"[-0.015862   -0.04785093  0.00951109 -0.46733621  0.00781076  0.00550585
 -0.01354062  0.01301882  0.02002935 -0.31898066 -0.02411889  0.01435324
 -0.00512377 -0.0093255 ]",[-0.30968477],-1.7853275564883582
25,22039,"[-0.015862   -0.04785093  0.00951109 -0.46733621  0.00781076  0.00550585
 -0.01354062  0.01301882  0.02002935 -0.31898066 -0.02411889  0.01435324
 -0.00512377 -0.0093255 ]",[-0.14663638],-0.6221704630250242
25,22041,"[-0.015862   -0.04785093  0.00951109 -0.46733621  0.00781076  0.00550585
 -0.01354062  0.01301882  0.02002935 -0.31898066 -0.02411889  0.01435324
 -0.00512377 -0.0093255 ]",[0.11243288],1.2259816722288268
25,22043,"[-0.015862   -0.04785093  0.00951109 -0.46733621  0.00781076  0.00550585
 -0.01354062  0.01301882  0.02002935 -0.31898066 -0.02411889  0.01435324
 -0.00512377 -0.0093255 ]",[-0.1650193],-0.7533108507787414
25,22045,"[-0.015862   -0.04785093  0.00951109 -0.46733621  0.00781076  0.00550585
 -0.01354062  0.01301882  0.02002935 -0.31898066 -0.02411889  0.01435324
 -0.00512377 -0.0093255 ]",[-0.0573225],0.014978171889998977
25,22047,"[-0.015862   -0.04785093  0.00951109 -0.46733621  0.00781076  0.00550585
 -0.01354062  0.01301882  0.02002935 -0.31898066 -0.02411889  0.01435324
 -0.00512377 -0.0093255 ]",[-0.14217118],-0.590316588391105
25,22049,"[-0.015862   -0.04785093  0.00951109 -0.46733621  0.00781076  0.00550585
 -0.01354062  0.01301882  0.02002935 -0.31898066 -0.02411889  0.01435324
 -0.00512377 -0.0093255 ]",[-0.18517037],-0.897064854970743
25,22051,"[-0.015862   -0.04785093  0.00951109 -0.46733621  0.00781076  0.00550585
 -0.01354062  0.01301882  0.02002935 -0.31898066 -0.02411889  0.01435324
 -0.00512377 -0.0093255 ]",[-0.00840781],0.36392650584895564
25,22053,"[-0.015862   -0.04785093  0.00951109 -0.46733621  0.00781076  0.00550585
 -0.01354062  0.01301882  0.02002935 -0.31898066 -0.02411889  0.01435324
 -0.00512377 -0.0093255 ]",[-0.10829055],-0.3486184414671413
25,22055,"[-0.015862   -0.04785093  0.00951109 -0.46733621  0.00781076  0.00550585
 -0.01354062  0.01301882  0.02002935 -0.31898066 -0.02411889  0.01435324
 -0.00512377 -0.0093255 ]",[-0.01792576],0.29602722847341495
25,22057,"[-0.015862   -0.04785093  0.00951109 -0.46733621  0.00781076  0.00550585
 -0.01354062  0.01301882  0.02002935 -0.31898066 -0.02411889  0.01435324
 -0.00512377 -0.0093255 ]",[0.01793044],0.5518187546025068
25,22061,"[-0.015862   -0.04785093  0.00951109 -0.46733621  0.00781076  0.00550585
 -0.01354062  0.01301882  0.02002935 -0.31898066 -0.02411889  0.01435324
 -0.00512377 -0.0093255 ]",[-0.12860468],-0.4935356682713948
25,22063,"[-0.015862   -0.04785093  0.00951109 -0.46733621  0.00781076  0.00550585
 -0.01354062  0.01301882  0.02002935 -0.31898066 -0.02411889  0.01435324
 -0.00512377 -0.0093255 ]",[0.04327592],0.7326287005229486
25,22065,"[-0.015862   -0.04785093  0.00951109 -0.46733621  0.00781076  0.00550585
 -0.01354062  0.01301882  0.02002935 -0.31898066 -0.02411889  0.01435324
 -0.00512377 -0.0093255 ]",[-0.1467325],-0.6228562212828037
25,22067,"[-0.015862   -0.04785093  0.00951109 -0.46733621  0.00781076  0.00550585
 -0.01354062  0.01301882  0.02002935 -0.31898066 -0.02411889  0.01435324
 -0.00512377 -0.0093255 ]",[-0.21430083],-1.1048761638817461
25,22069,"[-0.015862   -0.04785093  0.00951109 -0.46733621  0.00781076  0.00550585
 -0.01354062  0.01301882  0.02002935 -0.31898066 -0.02411889  0.01435324
 -0.00512377 -0.0093255 ]",[-0.09223367],-0.23407159673561348
25,22071,"[-0.015862   -0.04785093  0.00951109 -0.46733621  0.00781076  0.00550585
 -0.01354062  0.01301882  0.02002935 -0.31898066 -0.02411889  0.01435324
 -0.00512377 -0.0093255 ]",[0.01687961],0.5443223169732355
25,22073,"[-0.015862   -0.04785093  0.00951109 -0.46733621  0.00781076  0.00550585
 -0.01354062  0.01301882  0.02002935 -0.31898066 -0.02411889  0.01435324
 -0.00512377 -0.0093255 ]",[-0.01411644],0.3232022279773288
25,22075,"[-0.015862   -0.04785093  0.00951109 -0.46733621  0.00781076  0.00550585
 -0.01354062  0.01301882  0.02002935 -0.31898066 -0.02411889  0.01435324
 -0.00512377 -0.0093255 ]",[0.26724006],2.330347431221389
25,22077,"[-0.015862   -0.04785093  0.00951109 -0.46733621  0.00781076  0.00550585
 -0.01354062  0.01301882  0.02002935 -0.31898066 -0.02411889  0.01435324
 -0.00512377 -0.0093255 ]",[-0.06305152],-0.025891585108064847
25,22079,"[-0.015862   -0.04785093  0.00951109 -0.46733621  0.00781076  0.00550585
 -0.01354062  0.01301882  0.02002935 -0.31898066 -0.02411889  0.01435324
 -0.00512377 -0.0093255 ]",[-0.02816376],0.2229912238837747
25,22083,"[-0.015862   -0.04785093  0.00951109 -0.46733621  0.00781076  0.00550585
 -0.01354062  0.01301882  0.02002935 -0.31898066 -0.02411889  0.01435324
 -0.00512377 -0.0093255 ]",[-0.25825099],-1.418408443603924
25,22085,"[-0.015862   -0.04785093  0.00951109 -0.46733621  0.00781076  0.00550585
 -0.01354062  0.01301882  0.02002935 -0.31898066 -0.02411889  0.01435324
 -0.00512377 -0.0093255 ]",[-0.20603074],-1.0458788430881336
25,22087,"[-0.015862   -0.04785093  0.00951109 -0.46733621  0.00781076  0.00550585
 -0.01354062  0.01301882  0.02002935 -0.31898066 -0.02411889  0.01435324
 -0.00512377 -0.0093255 ]",[0.03126892],0.6469730230689352
25,22089,"[-0.015862   -0.04785093  0.00951109 -0.46733621  0.00781076  0.00550585
 -0.01354062  0.01301882  0.02002935 -0.31898066 -0.02411889  0.01435324
 -0.00512377 -0.0093255 ]",[-0.03281558],0.1898060592423279
25,22093,"[-0.015862   -0.04785093  0.00951109 -0.46733621  0.00781076  0.00550585
 -0.01354062  0.01301882  0.02002935 -0.31898066 -0.02411889  0.01435324
 -0.00512377 -0.0093255 ]",[-0.27332299],-1.5259293196669284
25,22095,"[-0.015862   -0.04785093  0.00951109 -0.46733621  0.00781076  0.00550585
 -0.01354062  0.01301882  0.02002935 -0.31898066 -0.02411889  0.01435324
 -0.00512377 -0.0093255 ]",[-0.04072464],0.1333842657472416
25,22097,"[-0.015862   -0.04785093  0.00951109 -0.46733621  0.00781076  0.00550585
 -0.01354062  0.01301882  0.02002935 -0.31898066 -0.02411889  0.01435324
 -0.00512377 -0.0093255 ]",[-0.04436147],0.10743980353291148
25,22099,"[-0.015862   -0.04785093  0.00951109 -0.46733621  0.00781076  0.00550585
 -0.01354062  0.01301882  0.02002935 -0.31898066 -0.02411889  0.01435324
 -0.00512377 -0.0093255 ]",[-0.1708093],-0.7946156328527377
25,22101,"[-0.015862   -0.04785093  0.00951109 -0.46733621  0.00781076  0.00550585
 -0.01354062  0.01301882  0.02002935 -0.31898066 -0.02411889  0.01435324
 -0.00512377 -0.0093255 ]",[-0.05048149],0.06378067636166292
25,22103,"[-0.015862   -0.04785093  0.00951109 -0.46733621  0.00781076  0.00550585
 -0.01354062  0.01301882  0.02002935 -0.31898066 -0.02411889  0.01435324
 -0.00512377 -0.0093255 ]",[0.02990879],0.6372700592168914
25,22105,"[-0.015862   -0.04785093  0.00951109 -0.46733621  0.00781076  0.00550585
 -0.01354062  0.01301882  0.02002935 -0.31898066 -0.02411889  0.01435324
 -0.00512377 -0.0093255 ]",[-0.06638142],-0.049646451566982885
25,22111,"[-0.015862   -0.04785093  0.00951109 -0.46733621  0.00781076  0.00550585
 -0.01354062  0.01301882  0.02002935 -0.31898066 -0.02411889  0.01435324
 -0.00512377 -0.0093255 ]",[-0.19886641],-0.9947698685850772
25,22109,"[-0.015862   -0.04785093  0.00951109 -0.46733621  0.00781076  0.00550585
 -0.01354062  0.01301882  0.02002935 -0.31898066 -0.02411889  0.01435324
 -0.00512377 -0.0093255 ]",[-0.08649642],-0.1931431754411084
25,22113,"[-0.015862   -0.04785093  0.00951109 -0.46733621  0.00781076  0.00550585
 -0.01354062  0.01301882  0.02002935 -0.31898066 -0.02411889  0.01435324
 -0.00512377 -0.0093255 ]",[-0.07435777],-0.10654826543236734
25,22115,"[-0.015862   -0.04785093  0.00951109 -0.46733621  0.00781076  0.00550585
 -0.01354062  0.01301882  0.02002935 -0.31898066 -0.02411889  0.01435324
 -0.00512377 -0.0093255 ]",[-0.08472128],-0.18047962455278393
25,22117,"[-0.015862   -0.04785093  0.00951109 -0.46733621  0.00781076  0.00550585
 -0.01354062  0.01301882  0.02002935 -0.31898066 -0.02411889  0.01435324
 -0.00512377 -0.0093255 ]",[-0.06129907],-0.013389895189284243
25,22119,"[-0.015862   -0.04785093  0.00951109 -0.46733621  0.00781076  0.00550585
 -0.01354062  0.01301882  0.02002935 -0.31898066 -0.02411889  0.01435324
 -0.00512377 -0.0093255 ]",[-0.03678588],0.16148263763547915
25,22121,"[-0.015862   -0.04785093  0.00951109 -0.46733621  0.00781076  0.00550585
 -0.01354062  0.01301882  0.02002935 -0.31898066 -0.02411889  0.01435324
 -0.00512377 -0.0093255 ]",[-0.35161398],-2.084442756432282
25,22127,"[-0.015862   -0.04785093  0.00951109 -0.46733621  0.00781076  0.00550585
 -0.01354062  0.01301882  0.02002935 -0.31898066 -0.02411889  0.01435324
 -0.00512377 -0.0093255 ]",[-0.33159798],-1.9416523475201481
25,23001,"[-0.015862   -0.04785093  0.00951109 -0.46733621  0.00781076  0.00550585
 -0.01354062  0.01301882  0.02002935 -0.31898066 -0.02411889  0.01435324
 -0.00512377 -0.0093255 ]",[-0.04174482],0.12610649209282693
25,23003,"[-0.015862   -0.04785093  0.00951109 -0.46733621  0.00781076  0.00550585
 -0.01354062  0.01301882  0.02002935 -0.31898066 -0.02411889  0.01435324
 -0.00512377 -0.0093255 ]",[0.01626271],0.5399214728163458
25,23005,"[-0.015862   -0.04785093  0.00951109 -0.46733621  0.00781076  0.00550585
 -0.01354062  0.01301882  0.02002935 -0.31898066 -0.02411889  0.01435324
 -0.00512377 -0.0093255 ]",[0.01327848],0.5186325114610604
25,23007,"[-0.015862   -0.04785093  0.00951109 -0.46733621  0.00781076  0.00550585
 -0.01354062  0.01301882  0.02002935 -0.31898066 -0.02411889  0.01435324
 -0.00512377 -0.0093255 ]",[0.04999107],0.7805333329209784
25,23009,"[-0.015862   -0.04785093  0.00951109 -0.46733621  0.00781076  0.00550585
 -0.01354062  0.01301882  0.02002935 -0.31898066 -0.02411889  0.01435324
 -0.00512377 -0.0093255 ]",[-0.05720358],0.015826546880801585
25,23011,"[-0.015862   -0.04785093  0.00951109 -0.46733621  0.00781076  0.00550585
 -0.01354062  0.01301882  0.02002935 -0.31898066 -0.02411889  0.01435324
 -0.00512377 -0.0093255 ]",[-0.04795137],0.08183011599038502
25,23013,"[-0.015862   -0.04785093  0.00951109 -0.46733621  0.00781076  0.00550585
 -0.01354062  0.01301882  0.02002935 -0.31898066 -0.02411889  0.01435324
 -0.00512377 -0.0093255 ]",[0.03361812],0.6637317441227082
25,23015,"[-0.015862   -0.04785093  0.00951109 -0.46733621  0.00781076  0.00550585
 -0.01354062  0.01301882  0.02002935 -0.31898066 -0.02411889  0.01435324
 -0.00512377 -0.0093255 ]",[-0.10739737],-0.34224663768550945
25,23017,"[-0.015862   -0.04785093  0.00951109 -0.46733621  0.00781076  0.00550585
 -0.01354062  0.01301882  0.02002935 -0.31898066 -0.02411889  0.01435324
 -0.00512377 -0.0093255 ]",[-0.02209065],0.26631570299038204
25,23019,"[-0.015862   -0.04785093  0.00951109 -0.46733621  0.00781076  0.00550585
 -0.01354062  0.01301882  0.02002935 -0.31898066 -0.02411889  0.01435324
 -0.00512377 -0.0093255 ]",[-0.05050339],0.0636244926152357
25,23021,"[-0.015862   -0.04785093  0.00951109 -0.46733621  0.00781076  0.00550585
 -0.01354062  0.01301882  0.02002935 -0.31898066 -0.02411889  0.01435324
 -0.00512377 -0.0093255 ]",[-0.17026139],-0.7907069256922303
25,23025,"[-0.015862   -0.04785093  0.00951109 -0.46733621  0.00781076  0.00550585
 -0.01354062  0.01301882  0.02002935 -0.31898066 -0.02411889  0.01435324
 -0.00512377 -0.0093255 ]",[-0.09482249],-0.25253976882875706
25,23027,"[-0.015862   -0.04785093  0.00951109 -0.46733621  0.00781076  0.00550585
 -0.01354062  0.01301882  0.02002935 -0.31898066 -0.02411889  0.01435324
 -0.00512377 -0.0093255 ]",[-0.21004008],-1.0744807758424753
25,23029,"[-0.015862   -0.04785093  0.00951109 -0.46733621  0.00781076  0.00550585
 -0.01354062  0.01301882  0.02002935 -0.31898066 -0.02411889  0.01435324
 -0.00512377 -0.0093255 ]",[-0.11286586],-0.3812578867810338
25,23031,"[-0.015862   -0.04785093  0.00951109 -0.46733621  0.00781076  0.00550585
 -0.01354062  0.01301882  0.02002935 -0.31898066 -0.02411889  0.01435324
 -0.00512377 -0.0093255 ]",[-0.02785138],0.22521970092787968
25,24001,"[-0.015862   -0.04785093  0.00951109 -0.46733621  0.00781076  0.00550585
 -0.01354062  0.01301882  0.02002935 -0.31898066 -0.02411889  0.01435324
 -0.00512377 -0.0093255 ]",[-0.08034058],-0.1492285424478589
25,24003,"[-0.015862   -0.04785093  0.00951109 -0.46733621  0.00781076  0.00550585
 -0.01354062  0.01301882  0.02002935 -0.31898066 -0.02411889  0.01435324
 -0.00512377 -0.0093255 ]",[0.01548031],0.5343399886001619
25,24005,"[-0.015862   -0.04785093  0.00951109 -0.46733621  0.00781076  0.00550585
 -0.01354062  0.01301882  0.02002935 -0.31898066 -0.02411889  0.01435324
 -0.00512377 -0.0093255 ]",[0.01287814],0.51577657255074
25,24009,"[-0.015862   -0.04785093  0.00951109 -0.46733621  0.00781076  0.00550585
 -0.01354062  0.01301882  0.02002935 -0.31898066 -0.02411889  0.01435324
 -0.00512377 -0.0093255 ]",[-0.1217746],-0.44481116078329375
25,24011,"[-0.015862   -0.04785093  0.00951109 -0.46733621  0.00781076  0.00550585
 -0.01354062  0.01301882  0.02002935 -0.31898066 -0.02411889  0.01435324
 -0.00512377 -0.0093255 ]",[-0.05796213],0.01041518784996587
25,24013,"[-0.015862   -0.04785093  0.00951109 -0.46733621  0.00781076  0.00550585
 -0.01354062  0.01301882  0.02002935 -0.31898066 -0.02411889  0.01435324
 -0.00512377 -0.0093255 ]",[-0.00924141],0.3579797602335846
25,24015,"[-0.015862   -0.04785093  0.00951109 -0.46733621  0.00781076  0.00550585
 -0.01354062  0.01301882  0.02002935 -0.31898066 -0.02411889  0.01435324
 -0.00512377 -0.0093255 ]",[0.09143516],1.0761878207432705
25,24017,"[-0.015862   -0.04785093  0.00951109 -0.46733621  0.00781076  0.00550585
 -0.01354062  0.01301882  0.02002935 -0.31898066 -0.02411889  0.01435324
 -0.00512377 -0.0093255 ]",[0.0036237],0.4497571281883876
25,24019,"[-0.015862   -0.04785093  0.00951109 -0.46733621  0.00781076  0.00550585
 -0.01354062  0.01301882  0.02002935 -0.31898066 -0.02411889  0.01435324
 -0.00512377 -0.0093255 ]",[0.19150937],1.7900986961665832
25,24021,"[-0.015862   -0.04785093  0.00951109 -0.46733621  0.00781076  0.00550585
 -0.01354062  0.01301882  0.02002935 -0.31898066 -0.02411889  0.01435324
 -0.00512377 -0.0093255 ]",[-0.00550781],0.3846145891898718
25,24023,"[-0.015862   -0.04785093  0.00951109 -0.46733621  0.00781076  0.00550585
 -0.01354062  0.01301882  0.02002935 -0.31898066 -0.02411889  0.01435324
 -0.00512377 -0.0093255 ]",[-0.18126153],-0.8691798822254547
25,24025,"[-0.015862   -0.04785093  0.00951109 -0.46733621  0.00781076  0.00550585
 -0.01354062  0.01301882  0.02002935 -0.31898066 -0.02411889  0.01435324
 -0.00512377 -0.0093255 ]",[-0.05646266],0.02111210050777597
25,24027,"[-0.015862   -0.04785093  0.00951109 -0.46733621  0.00781076  0.00550585
 -0.01354062  0.01301882  0.02002935 -0.31898066 -0.02411889  0.01435324
 -0.00512377 -0.0093255 ]",[-0.02685548],0.232324304724535
25,24029,"[-0.015862   -0.04785093  0.00951109 -0.46733621  0.00781076  0.00550585
 -0.01354062  0.01301882  0.02002935 -0.31898066 -0.02411889  0.01435324
 -0.00512377 -0.0093255 ]",[-0.14226176],-0.5909627829768148
25,24031,"[-0.015862   -0.04785093  0.00951109 -0.46733621  0.00781076  0.00550585
 -0.01354062  0.01301882  0.02002935 -0.31898066 -0.02411889  0.01435324
 -0.00512377 -0.0093255 ]",[0.01308495],0.5172519303160762
25,24033,"[-0.015862   -0.04785093  0.00951109 -0.46733621  0.00781076  0.00550585
 -0.01354062  0.01301882  0.02002935 -0.31898066 -0.02411889  0.01435324
 -0.00512377 -0.0093255 ]",[-0.00614229],0.3800883503326919
25,24035,"[-0.015862   -0.04785093  0.00951109 -0.46733621  0.00781076  0.00550585
 -0.01354062  0.01301882  0.02002935 -0.31898066 -0.02411889  0.01435324
 -0.00512377 -0.0093255 ]",[-0.03244498],0.19244985172835932
25,24039,"[-0.015862   -0.04785093  0.00951109 -0.46733621  0.00781076  0.00550585
 -0.01354062  0.01301882  0.02002935 -0.31898066 -0.02411889  0.01435324
 -0.00512377 -0.0093255 ]",[-0.10168814],-0.30151809660280576
25,24037,"[-0.015862   -0.04785093  0.00951109 -0.46733621  0.00781076  0.00550585
 -0.01354062  0.01301882  0.02002935 -0.31898066 -0.02411889  0.01435324
 -0.00512377 -0.0093255 ]",[-0.0608199],-0.00997161517342906
25,24041,"[-0.015862   -0.04785093  0.00951109 -0.46733621  0.00781076  0.00550585
 -0.01354062  0.01301882  0.02002935 -0.31898066 -0.02411889  0.01435324
 -0.00512377 -0.0093255 ]",[-0.14040031],-0.5776835415422831
25,24043,"[-0.015862   -0.04785093  0.00951109 -0.46733621  0.00781076  0.00550585
 -0.01354062  0.01301882  0.02002935 -0.31898066 -0.02411889  0.01435324
 -0.00512377 -0.0093255 ]",[-0.04923313],0.07268622811449091
25,24045,"[-0.015862   -0.04785093  0.00951109 -0.46733621  0.00781076  0.00550585
 -0.01354062  0.01301882  0.02002935 -0.31898066 -0.02411889  0.01435324
 -0.00512377 -0.0093255 ]",[-0.09075034],-0.22348980607798932
25,24047,"[-0.015862   -0.04785093  0.00951109 -0.46733621  0.00781076  0.00550585
 -0.01354062  0.01301882  0.02002935 -0.31898066 -0.02411889  0.01435324
 -0.00512377 -0.0093255 ]",[0.04060363],0.7135650620293045
25,24510,"[-0.015862   -0.04785093  0.00951109 -0.46733621  0.00781076  0.00550585
 -0.01354062  0.01301882  0.02002935 -0.31898066 -0.02411889  0.01435324
 -0.00512377 -0.0093255 ]",[-0.00056157],0.41990017605616764
25,26001,"[-0.015862   -0.04785093  0.00951109 -0.46733621  0.00781076  0.00550585
 -0.01354062  0.01301882  0.02002935 -0.31898066 -0.02411889  0.01435324
 -0.00512377 -0.0093255 ]",[-0.19303249],-0.9531517345214263
25,26005,"[-0.015862   -0.04785093  0.00951109 -0.46733621  0.00781076  0.00550585
 -0.01354062  0.01301882  0.02002935 -0.31898066 -0.02411889  0.01435324
 -0.00512377 -0.0093255 ]",[-0.02134664],0.271623341351563
25,26007,"[-0.015862   -0.04785093  0.00951109 -0.46733621  0.00781076  0.00550585
 -0.01354062  0.01301882  0.02002935 -0.31898066 -0.02411889  0.01435324
 -0.00512377 -0.0093255 ]",[-0.06917336],-0.06956367694561197
25,26009,"[-0.015862   -0.04785093  0.00951109 -0.46733621  0.00781076  0.00550585
 -0.01354062  0.01301882  0.02002935 -0.31898066 -0.02411889  0.01435324
 -0.00512377 -0.0093255 ]",[-0.19878859],-0.9942147447766029
25,26011,"[-0.015862   -0.04785093  0.00951109 -0.46733621  0.00781076  0.00550585
 -0.01354062  0.01301882  0.02002935 -0.31898066 -0.02411889  0.01435324
 -0.00512377 -0.0093255 ]",[-0.16854024],-0.7784285868757453
25,26015,"[-0.015862   -0.04785093  0.00951109 -0.46733621  0.00781076  0.00550585
 -0.01354062  0.01301882  0.02002935 -0.31898066 -0.02411889  0.01435324
 -0.00512377 -0.0093255 ]",[-0.08434609],-0.177803089829793
25,26017,"[-0.015862   -0.04785093  0.00951109 -0.46733621  0.00781076  0.00550585
 -0.01354062  0.01301882  0.02002935 -0.31898066 -0.02411889  0.01435324
 -0.00512377 -0.0093255 ]",[-0.06090862],-0.010604527613966698
25,26019,"[-0.015862   -0.04785093  0.00951109 -0.46733621  0.00781076  0.00550585
 -0.01354062  0.01301882  0.02002935 -0.31898066 -0.02411889  0.01435324
 -0.00512377 -0.0093255 ]",[-0.22110667],-1.1534277377548459
25,26021,"[-0.015862   -0.04785093  0.00951109 -0.46733621  0.00781076  0.00550585
 -0.01354062  0.01301882  0.02002935 -0.31898066 -0.02411889  0.01435324
 -0.00512377 -0.0093255 ]",[-0.05029908],0.06508199714813509
25,26023,"[-0.015862   -0.04785093  0.00951109 -0.46733621  0.00781076  0.00550585
 -0.01354062  0.01301882  0.02002935 -0.31898066 -0.02411889  0.01435324
 -0.00512377 -0.0093255 ]",[0.00167553],0.43585923112455094
25,26025,"[-0.015862   -0.04785093  0.00951109 -0.46733621  0.00781076  0.00550585
 -0.01354062  0.01301882  0.02002935 -0.31898066 -0.02411889  0.01435324
 -0.00512377 -0.0093255 ]",[-0.00122757],0.4151490501928954
25,26027,"[-0.015862   -0.04785093  0.00951109 -0.46733621  0.00781076  0.00550585
 -0.01354062  0.01301882  0.02002935 -0.31898066 -0.02411889  0.01435324
 -0.00512377 -0.0093255 ]",[-0.0701469],-0.07650868756596112
25,26029,"[-0.015862   -0.04785093  0.00951109 -0.46733621  0.00781076  0.00550585
 -0.01354062  0.01301882  0.02002935 -0.31898066 -0.02411889  0.01435324
 -0.00512377 -0.0093255 ]",[-0.10826838],-0.3484602580842033
25,26031,"[-0.015862   -0.04785093  0.00951109 -0.46733621  0.00781076  0.00550585
 -0.01354062  0.01301882  0.02002935 -0.31898066 -0.02411889  0.01435324
 -0.00512377 -0.0093255 ]",[-0.2116669],-1.0860861735546126
25,26033,"[-0.015862   -0.04785093  0.00951109 -0.46733621  0.00781076  0.00550585
 -0.01354062  0.01301882  0.02002935 -0.31898066 -0.02411889  0.01435324
 -0.00512377 -0.0093255 ]",[0.18738958],1.7607088990624165
25,26035,"[-0.015862   -0.04785093  0.00951109 -0.46733621  0.00781076  0.00550585
 -0.01354062  0.01301882  0.02002935 -0.31898066 -0.02411889  0.01435324
 -0.00512377 -0.0093255 ]",[-0.15528914],-0.6838977114073138
25,26037,"[-0.015862   -0.04785093  0.00951109 -0.46733621  0.00781076  0.00550585
 -0.01354062  0.01301882  0.02002935 -0.31898066 -0.02411889  0.01435324
 -0.00512377 -0.0093255 ]",[-0.05982924],-0.0029044455657942663
25,26039,"[-0.015862   -0.04785093  0.00951109 -0.46733621  0.00781076  0.00550585
 -0.01354062  0.01301882  0.02002935 -0.31898066 -0.02411889  0.01435324
 -0.00512377 -0.0093255 ]",[-0.25387556],-1.3871949345273402
25,26041,"[-0.015862   -0.04785093  0.00951109 -0.46733621  0.00781076  0.00550585
 -0.01354062  0.01301882  0.02002935 -0.31898066 -0.02411889  0.01435324
 -0.00512377 -0.0093255 ]",[-0.10777806],-0.3449624317677286
25,26043,"[-0.015862   -0.04785093  0.00951109 -0.46733621  0.00781076  0.00550585
 -0.01354062  0.01301882  0.02002935 -0.31898066 -0.02411889  0.01435324
 -0.00512377 -0.0093255 ]",[-0.20355844],-1.0282419648601695
25,26045,"[-0.015862   -0.04785093  0.00951109 -0.46733621  0.00781076  0.00550585
 -0.01354062  0.01301882  0.02002935 -0.31898066 -0.02411889  0.01435324
 -0.00512377 -0.0093255 ]",[-0.04164941],0.12678714373191313
25,26047,"[-0.015862   -0.04785093  0.00951109 -0.46733621  0.00781076  0.00550585
 -0.01354062  0.01301882  0.02002935 -0.31898066 -0.02411889  0.01435324
 -0.00512377 -0.0093255 ]",[-0.11817055],-0.41910051304952
25,26049,"[-0.015862   -0.04785093  0.00951109 -0.46733621  0.00781076  0.00550585
 -0.01354062  0.01301882  0.02002935 -0.31898066 -0.02411889  0.01435324
 -0.00512377 -0.0093255 ]",[0.00952574],0.4918611984119396
25,26051,"[-0.015862   -0.04785093  0.00951109 -0.46733621  0.00781076  0.00550585
 -0.01354062  0.01301882  0.02002935 -0.31898066 -0.02411889  0.01435324
 -0.00512377 -0.0093255 ]",[-0.08885801],-0.20999027153053423
25,26053,"[-0.015862   -0.04785093  0.00951109 -0.46733621  0.00781076  0.00550585
 -0.01354062  0.01301882  0.02002935 -0.31898066 -0.02411889  0.01435324
 -0.00512377 -0.0093255 ]",[-0.28581914],-1.6150745473088446
25,26055,"[-0.015862   -0.04785093  0.00951109 -0.46733621  0.00781076  0.00550585
 -0.01354062  0.01301882  0.02002935 -0.31898066 -0.02411889  0.01435324
 -0.00512377 -0.0093255 ]",[-0.03517899],0.17294588999066346
25,26057,"[-0.015862   -0.04785093  0.00951109 -0.46733621  0.00781076  0.00550585
 -0.01354062  0.01301882  0.02002935 -0.31898066 -0.02411889  0.01435324
 -0.00512377 -0.0093255 ]",[-0.19993048],-1.0023607120981515
25,26059,"[-0.015862   -0.04785093  0.00951109 -0.46733621  0.00781076  0.00550585
 -0.01354062  0.01301882  0.02002935 -0.31898066 -0.02411889  0.01435324
 -0.00512377 -0.0093255 ]",[-0.06967221],-0.07312232337141246
25,26061,"[-0.015862   -0.04785093  0.00951109 -0.46733621  0.00781076  0.00550585
 -0.01354062  0.01301882  0.02002935 -0.31898066 -0.02411889  0.01435324
 -0.00512377 -0.0093255 ]",[-0.08893188],-0.21051727503812837
25,26063,"[-0.015862   -0.04785093  0.00951109 -0.46733621  0.00781076  0.00550585
 -0.01354062  0.01301882  0.02002935 -0.31898066 -0.02411889  0.01435324
 -0.00512377 -0.0093255 ]",[-0.09499999],-0.25380607839915725
25,26065,"[-0.015862   -0.04785093  0.00951109 -0.46733621  0.00781076  0.00550585
 -0.01354062  0.01301882  0.02002935 -0.31898066 -0.02411889  0.01435324
 -0.00512377 -0.0093255 ]",[0.0126411],0.5140855662903941
25,26067,"[-0.015862   -0.04785093  0.00951109 -0.46733621  0.00781076  0.00550585
 -0.01354062  0.01301882  0.02002935 -0.31898066 -0.02411889  0.01435324
 -0.00512377 -0.0093255 ]",[-0.07856794],-0.13658283423965106
25,26069,"[-0.015862   -0.04785093  0.00951109 -0.46733621  0.00781076  0.00550585
 -0.01354062  0.01301882  0.02002935 -0.31898066 -0.02411889  0.01435324
 -0.00512377 -0.0093255 ]",[-0.07229145],-0.09180755838040754
25,26071,"[-0.015862   -0.04785093  0.00951109 -0.46733621  0.00781076  0.00550585
 -0.01354062  0.01301882  0.02002935 -0.31898066 -0.02411889  0.01435324
 -0.00512377 -0.0093255 ]",[-0.14052936],-0.5786041223909587
25,26073,"[-0.015862   -0.04785093  0.00951109 -0.46733621  0.00781076  0.00550585
 -0.01354062  0.01301882  0.02002935 -0.31898066 -0.02411889  0.01435324
 -0.00512377 -0.0093255 ]",[-0.05371466],0.04071582601000177
25,26075,"[-0.015862   -0.04785093  0.00951109 -0.46733621  0.00781076  0.00550585
 -0.01354062  0.01301882  0.02002935 -0.31898066 -0.02411889  0.01435324
 -0.00512377 -0.0093255 ]",[0.00385436],0.4514026224415892
25,26077,"[-0.015862   -0.04785093  0.00951109 -0.46733621  0.00781076  0.00550585
 -0.01354062  0.01301882  0.02002935 -0.31898066 -0.02411889  0.01435324
 -0.00512377 -0.0093255 ]",[0.0058976],0.46597868382576785
25,26079,"[-0.015862   -0.04785093  0.00951109 -0.46733621  0.00781076  0.00550585
 -0.01354062  0.01301882  0.02002935 -0.31898066 -0.02411889  0.01435324
 -0.00512377 -0.0093255 ]",[-0.32779501],-1.9145226548551577
25,26081,"[-0.015862   -0.04785093  0.00951109 -0.46733621  0.00781076  0.00550585
 -0.01354062  0.01301882  0.02002935 -0.31898066 -0.02411889  0.01435324
 -0.00512377 -0.0093255 ]",[0.00644607],0.4698913551951731
25,26085,"[-0.015862   -0.04785093  0.00951109 -0.46733621  0.00781076  0.00550585
 -0.01354062  0.01301882  0.02002935 -0.31898066 -0.02411889  0.01435324
 -0.00512377 -0.0093255 ]",[-0.33388251],-1.9579497590258883
25,26087,"[-0.015862   -0.04785093  0.00951109 -0.46733621  0.00781076  0.00550585
 -0.01354062  0.01301882  0.02002935 -0.31898066 -0.02411889  0.01435324
 -0.00512377 -0.0093255 ]",[-0.00088418],0.4175986971803382
25,26089,"[-0.015862   -0.04785093  0.00951109 -0.46733621  0.00781076  0.00550585
 -0.01354062  0.01301882  0.02002935 -0.31898066 -0.02411889  0.01435324
 -0.00512377 -0.0093255 ]",[-0.13363449],-0.5294174472743259
25,26091,"[-0.015862   -0.04785093  0.00951109 -0.46733621  0.00781076  0.00550585
 -0.01354062  0.01301882  0.02002935 -0.31898066 -0.02411889  0.01435324
 -0.00512377 -0.0093255 ]",[-0.03943061],0.14261563240584113
25,26093,"[-0.015862   -0.04785093  0.00951109 -0.46733621  0.00781076  0.00550585
 -0.01354062  0.01301882  0.02002935 -0.31898066 -0.02411889  0.01435324
 -0.00512377 -0.0093255 ]",[-0.02107397],0.27356850503434216
25,26097,"[-0.015862   -0.04785093  0.00951109 -0.46733621  0.00781076  0.00550585
 -0.01354062  0.01301882  0.02002935 -0.31898066 -0.02411889  0.01435324
 -0.00512377 -0.0093255 ]",[-0.24912179],-1.3532824137136077
25,26101,"[-0.015862   -0.04785093  0.00951109 -0.46733621  0.00781076  0.00550585
 -0.01354062  0.01301882  0.02002935 -0.31898066 -0.02411889  0.01435324
 -0.00512377 -0.0093255 ]",[-0.16882291],-0.7804450985729712
25,26099,"[-0.015862   -0.04785093  0.00951109 -0.46733621  0.00781076  0.00550585
 -0.01354062  0.01301882  0.02002935 -0.31898066 -0.02411889  0.01435324
 -0.00512377 -0.0093255 ]",[-0.00408878],0.3947376701553629
25,26103,"[-0.015862   -0.04785093  0.00951109 -0.46733621  0.00781076  0.00550585
 -0.01354062  0.01301882  0.02002935 -0.31898066 -0.02411889  0.01435324
 -0.00512377 -0.0093255 ]",[0.03532553],0.6759120950531796
25,26105,"[-0.015862   -0.04785093  0.00951109 -0.46733621  0.00781076  0.00550585
 -0.01354062  0.01301882  0.02002935 -0.31898066 -0.02411889  0.01435324
 -0.00512377 -0.0093255 ]",[-0.16996998],-0.7886280685263135
25,26107,"[-0.015862   -0.04785093  0.00951109 -0.46733621  0.00781076  0.00550585
 -0.01354062  0.01301882  0.02002935 -0.31898066 -0.02411889  0.01435324
 -0.00512377 -0.0093255 ]",[-0.10691818],-0.33882819750190696
25,26109,"[-0.015862   -0.04785093  0.00951109 -0.46733621  0.00781076  0.00550585
 -0.01354062  0.01301882  0.02002935 -0.31898066 -0.02411889  0.01435324
 -0.00512377 -0.0093255 ]",[-0.07729635],-0.1275115556276283
25,26113,"[-0.015862   -0.04785093  0.00951109 -0.46733621  0.00781076  0.00550585
 -0.01354062  0.01301882  0.02002935 -0.31898066 -0.02411889  0.01435324
 -0.00512377 -0.0093255 ]",[-0.2586788],-1.4214603765548786
25,26111,"[-0.015862   -0.04785093  0.00951109 -0.46733621  0.00781076  0.00550585
 -0.01354062  0.01301882  0.02002935 -0.31898066 -0.02411889  0.01435324
 -0.00512377 -0.0093255 ]",[-0.06417314],-0.03389302156078349
25,26115,"[-0.015862   -0.04785093  0.00951109 -0.46733621  0.00781076  0.00550585
 -0.01354062  0.01301882  0.02002935 -0.31898066 -0.02411889  0.01435324
 -0.00512377 -0.0093255 ]",[-0.04179128],0.12577502802865292
25,26117,"[-0.015862   -0.04785093  0.00951109 -0.46733621  0.00781076  0.00550585
 -0.01354062  0.01301882  0.02002935 -0.31898066 -0.02411889  0.01435324
 -0.00512377 -0.0093255 ]",[-0.10804234],-0.3468477843097341
25,26119,"[-0.015862   -0.04785093  0.00951109 -0.46733621  0.00781076  0.00550585
 -0.01354062  0.01301882  0.02002935 -0.31898066 -0.02411889  0.01435324
 -0.00512377 -0.0093255 ]",[-0.23945085],-1.284291770136503
25,26121,"[-0.015862   -0.04785093  0.00951109 -0.46733621  0.00781076  0.00550585
 -0.01354062  0.01301882  0.02002935 -0.31898066 -0.02411889  0.01435324
 -0.00512377 -0.0093255 ]",[-0.03348353],0.185041026293081
25,26123,"[-0.015862   -0.04785093  0.00951109 -0.46733621  0.00781076  0.00550585
 -0.01354062  0.01301882  0.02002935 -0.31898066 -0.02411889  0.01435324
 -0.00512377 -0.0093255 ]",[-0.12471184],-0.4657649048303444
25,26125,"[-0.015862   -0.04785093  0.00951109 -0.46733621  0.00781076  0.00550585
 -0.01354062  0.01301882  0.02002935 -0.31898066 -0.02411889  0.01435324
 -0.00512377 -0.0093255 ]",[-0.00721494],0.3724362406876482
25,26127,"[-0.015862   -0.04785093  0.00951109 -0.46733621  0.00781076  0.00550585
 -0.01354062  0.01301882  0.02002935 -0.31898066 -0.02411889  0.01435324
 -0.00512377 -0.0093255 ]",[-0.20070137],-1.0078600995104332
25,26129,"[-0.015862   -0.04785093  0.00951109 -0.46733621  0.00781076  0.00550585
 -0.01354062  0.01301882  0.02002935 -0.31898066 -0.02411889  0.01435324
 -0.00512377 -0.0093255 ]",[-0.10311836],-0.3117209958301668
25,26131,"[-0.015862   -0.04785093  0.00951109 -0.46733621  0.00781076  0.00550585
 -0.01354062  0.01301882  0.02002935 -0.31898066 -0.02411889  0.01435324
 -0.00512377 -0.0093255 ]",[-0.31023885],-1.7892802216327661
25,26135,"[-0.015862   -0.04785093  0.00951109 -0.46733621  0.00781076  0.00550585
 -0.01354062  0.01301882  0.02002935 -0.31898066 -0.02411889  0.01435324
 -0.00512377 -0.0093255 ]",[-0.32804141],-1.916280429370763
25,26133,"[-0.015862   -0.04785093  0.00951109 -0.46733621  0.00781076  0.00550585
 -0.01354062  0.01301882  0.02002935 -0.31898066 -0.02411889  0.01435324
 -0.00512377 -0.0093255 ]",[-0.18251822],-0.878144901033618
25,26137,"[-0.015862   -0.04785093  0.00951109 -0.46733621  0.00781076  0.00550585
 -0.01354062  0.01301882  0.02002935 -0.31898066 -0.02411889  0.01435324
 -0.00512377 -0.0093255 ]",[-0.15606163],-0.6894085078552021
25,26139,"[-0.015862   -0.04785093  0.00951109 -0.46733621  0.00781076  0.00550585
 -0.01354062  0.01301882  0.02002935 -0.31898066 -0.02411889  0.01435324
 -0.00512377 -0.0093255 ]",[0.00499355],0.45952936001175726
25,26141,"[-0.015862   -0.04785093  0.00951109 -0.46733621  0.00781076  0.00550585
 -0.01354062  0.01301882  0.02002935 -0.31898066 -0.02411889  0.01435324
 -0.00512377 -0.0093255 ]",[-0.22075568],-1.1509238879121293
25,26143,"[-0.015862   -0.04785093  0.00951109 -0.46733621  0.00781076  0.00550585
 -0.01354062  0.01301882  0.02002935 -0.31898066 -0.02411889  0.01435324
 -0.00512377 -0.0093255 ]",[-0.11059297],-0.3650434728640999
25,26145,"[-0.015862   -0.04785093  0.00951109 -0.46733621  0.00781076  0.00550585
 -0.01354062  0.01301882  0.02002935 -0.31898066 -0.02411889  0.01435324
 -0.00512377 -0.0093255 ]",[-0.00361491],0.3981181828889964
25,26147,"[-0.015862   -0.04785093  0.00951109 -0.46733621  0.00781076  0.00550585
 -0.01354062  0.01301882  0.02002935 -0.31898066 -0.02411889  0.01435324
 -0.00512377 -0.0093255 ]",[0.00021342],0.42542881146818107
25,26149,"[-0.015862   -0.04785093  0.00951109 -0.46733621  0.00781076  0.00550585
 -0.01354062  0.01301882  0.02002935 -0.31898066 -0.02411889  0.01435324
 -0.00512377 -0.0093255 ]",[0.06190599],0.8655321885632076
25,26151,"[-0.015862   -0.04785093  0.00951109 -0.46733621  0.00781076  0.00550585
 -0.01354062  0.01301882  0.02002935 -0.31898066 -0.02411889  0.01435324
 -0.00512377 -0.0093255 ]",[-0.10592478],-0.331741446351745
25,26155,"[-0.015862   -0.04785093  0.00951109 -0.46733621  0.00781076  0.00550585
 -0.01354062  0.01301882  0.02002935 -0.31898066 -0.02411889  0.01435324
 -0.00512377 -0.0093255 ]",[0.00368497],0.45019422233944756
25,26157,"[-0.015862   -0.04785093  0.00951109 -0.46733621  0.00781076  0.00550585
 -0.01354062  0.01301882  0.02002935 -0.31898066 -0.02411889  0.01435324
 -0.00512377 -0.0093255 ]",[-0.06662767],-0.051403156975831144
25,26159,"[-0.015862   -0.04785093  0.00951109 -0.46733621  0.00781076  0.00550585
 -0.01354062  0.01301882  0.02002935 -0.31898066 -0.02411889  0.01435324
 -0.00512377 -0.0093255 ]",[0.05684057],0.8293964285872409
25,26161,"[-0.015862   -0.04785093  0.00951109 -0.46733621  0.00781076  0.00550585
 -0.01354062  0.01301882  0.02002935 -0.31898066 -0.02411889  0.01435324
 -0.00512377 -0.0093255 ]",[0.01202953],0.5097227519970126
25,26163,"[-0.015862   -0.04785093  0.00951109 -0.46733621  0.00781076  0.00550585
 -0.01354062  0.01301882  0.02002935 -0.31898066 -0.02411889  0.01435324
 -0.00512377 -0.0093255 ]",[0.0125272],0.5132730467360663
25,26165,"[-0.015862   -0.04785093  0.00951109 -0.46733621  0.00781076  0.00550585
 -0.01354062  0.01301882  0.02002935 -0.31898066 -0.02411889  0.01435324
 -0.00512377 -0.0093255 ]",[-0.24438401],-1.3194839892146617
25,27001,"[-0.015862   -0.04785093  0.00951109 -0.46733621  0.00781076  0.00550585
 -0.01354062  0.01301882  0.02002935 -0.31898066 -0.02411889  0.01435324
 -0.00512377 -0.0093255 ]",[-0.26243194],-1.4482345629337667
25,27003,"[-0.015862   -0.04785093  0.00951109 -0.46733621  0.00781076  0.00550585
 -0.01354062  0.01301882  0.02002935 -0.31898066 -0.02411889  0.01435324
 -0.00512377 -0.0093255 ]",[-0.00928575],0.3576635068617826
25,27005,"[-0.015862   -0.04785093  0.00951109 -0.46733621  0.00781076  0.00550585
 -0.01354062  0.01301882  0.02002935 -0.31898066 -0.02411889  0.01435324
 -0.00512377 -0.0093255 ]",[-0.13113297],-0.5115720469575599
25,27007,"[-0.015862   -0.04785093  0.00951109 -0.46733621  0.00781076  0.00550585
 -0.01354062  0.01301882  0.02002935 -0.31898066 -0.02411889  0.01435324
 -0.00512377 -0.0093255 ]",[-0.15984994],-0.7164335731853814
25,27009,"[-0.015862   -0.04785093  0.00951109 -0.46733621  0.00781076  0.00550585
 -0.01354062  0.01301882  0.02002935 -0.31898066 -0.02411889  0.01435324
 -0.00512377 -0.0093255 ]",[-0.18577478],-0.9013765645457901
25,27013,"[-0.015862   -0.04785093  0.00951109 -0.46733621  0.00781076  0.00550585
 -0.01354062  0.01301882  0.02002935 -0.31898066 -0.02411889  0.01435324
 -0.00512377 -0.0093255 ]",[-0.05410318],0.03794424466663583
25,27015,"[-0.015862   -0.04785093  0.00951109 -0.46733621  0.00781076  0.00550585
 -0.01354062  0.01301882  0.02002935 -0.31898066 -0.02411889  0.01435324
 -0.00512377 -0.0093255 ]",[-0.22806691],-1.2030808206364998
25,27017,"[-0.015862   -0.04785093  0.00951109 -0.46733621  0.00781076  0.00550585
 -0.01354062  0.01301882  0.02002935 -0.31898066 -0.02411889  0.01435324
 -0.00512377 -0.0093255 ]",[-0.25203999],-1.3741003609141402
25,27019,"[-0.015862   -0.04785093  0.00951109 -0.46733621  0.00781076  0.00550585
 -0.01354062  0.01301882  0.02002935 -0.31898066 -0.02411889  0.01435324
 -0.00512377 -0.0093255 ]",[-0.05845991],0.006864149055431123
25,27021,"[-0.015862   -0.04785093  0.00951109 -0.46733621  0.00781076  0.00550585
 -0.01354062  0.01301882  0.02002935 -0.31898066 -0.02411889  0.01435324
 -0.00512377 -0.0093255 ]",[-0.07779476],-0.1310671461431652
25,27023,"[-0.015862   -0.04785093  0.00951109 -0.46733621  0.00781076  0.00550585
 -0.01354062  0.01301882  0.02002935 -0.31898066 -0.02411889  0.01435324
 -0.00512377 -0.0093255 ]",[-0.38339012],-2.3111278776007382
25,27025,"[-0.015862   -0.04785093  0.00951109 -0.46733621  0.00781076  0.00550585
 -0.01354062  0.01301882  0.02002935 -0.31898066 -0.02411889  0.01435324
 -0.00512377 -0.0093255 ]",[-0.0438122],0.11135816925311857
25,27027,"[-0.015862   -0.04785093  0.00951109 -0.46733621  0.00781076  0.00550585
 -0.01354062  0.01301882  0.02002935 -0.31898066 -0.02411889  0.01435324
 -0.00512377 -0.0093255 ]",[-0.07283092],-0.09565599863475054
25,27033,"[-0.015862   -0.04785093  0.00951109 -0.46733621  0.00781076  0.00550585
 -0.01354062  0.01301882  0.02002935 -0.31898066 -0.02411889  0.01435324
 -0.00512377 -0.0093255 ]",[-0.10431433],-0.3202528264071758
25,27035,"[-0.015862   -0.04785093  0.00951109 -0.46733621  0.00781076  0.00550585
 -0.01354062  0.01301882  0.02002935 -0.31898066 -0.02411889  0.01435324
 -0.00512377 -0.0093255 ]",[-0.10949764],-0.35722959775248153
25,27037,"[-0.015862   -0.04785093  0.00951109 -0.46733621  0.00781076  0.00550585
 -0.01354062  0.01301882  0.02002935 -0.31898066 -0.02411889  0.01435324
 -0.00512377 -0.0093255 ]",[0.00737292],0.4765033482534724
25,27039,"[-0.015862   -0.04785093  0.00951109 -0.46733621  0.00781076  0.00550585
 -0.01354062  0.01301882  0.02002935 -0.31898066 -0.02411889  0.01435324
 -0.00512377 -0.0093255 ]",[-0.17807027],-0.846414073438609
25,27041,"[-0.015862   -0.04785093  0.00951109 -0.46733621  0.00781076  0.00550585
 -0.01354062  0.01301882  0.02002935 -0.31898066 -0.02411889  0.01435324
 -0.00512377 -0.0093255 ]",[-0.10485007],-0.32407468238349096
25,27043,"[-0.015862   -0.04785093  0.00951109 -0.46733621  0.00781076  0.00550585
 -0.01354062  0.01301882  0.02002935 -0.31898066 -0.02411889  0.01435324
 -0.00512377 -0.0093255 ]",[-0.29707526],-1.695373631328794
25,27045,"[-0.015862   -0.04785093  0.00951109 -0.46733621  0.00781076  0.00550585
 -0.01354062  0.01301882  0.02002935 -0.31898066 -0.02411889  0.01435324
 -0.00512377 -0.0093255 ]",[-0.11506417],-0.39694022902879744
25,27047,"[-0.015862   -0.04785093  0.00951109 -0.46733621  0.00781076  0.00550585
 -0.01354062  0.01301882  0.02002935 -0.31898066 -0.02411889  0.01435324
 -0.00512377 -0.0093255 ]",[-0.16426113],-0.7479021944308579
25,27049,"[-0.015862   -0.04785093  0.00951109 -0.46733621  0.00781076  0.00550585
 -0.01354062  0.01301882  0.02002935 -0.31898066 -0.02411889  0.01435324
 -0.00512377 -0.0093255 ]",[-0.09181691],-0.23109857298344003
25,27053,"[-0.015862   -0.04785093  0.00951109 -0.46733621  0.00781076  0.00550585
 -0.01354062  0.01301882  0.02002935 -0.31898066 -0.02411889  0.01435324
 -0.00512377 -0.0093255 ]",[-0.00457225],0.3912886954129822
25,27055,"[-0.015862   -0.04785093  0.00951109 -0.46733621  0.00781076  0.00550585
 -0.01354062  0.01301882  0.02002935 -0.31898066 -0.02411889  0.01435324
 -0.00512377 -0.0093255 ]",[-0.27325424],-1.5254388700880814
25,27059,"[-0.015862   -0.04785093  0.00951109 -0.46733621  0.00781076  0.00550585
 -0.01354062  0.01301882  0.02002935 -0.31898066 -0.02411889  0.01435324
 -0.00512377 -0.0093255 ]",[-0.10158744],-0.3007996923268988
25,27057,"[-0.015862   -0.04785093  0.00951109 -0.46733621  0.00781076  0.00550585
 -0.01354062  0.01301882  0.02002935 -0.31898066 -0.02411889  0.01435324
 -0.00512377 -0.0093255 ]",[-0.24996221],-1.3592778135298478
25,27061,"[-0.015862   -0.04785093  0.00951109 -0.46733621  0.00781076  0.00550585
 -0.01354062  0.01301882  0.02002935 -0.31898066 -0.02411889  0.01435324
 -0.00512377 -0.0093255 ]",[-0.17567026],-0.8292928579171437
25,27063,"[-0.015862   -0.04785093  0.00951109 -0.46733621  0.00781076  0.00550585
 -0.01354062  0.01301882  0.02002935 -0.31898066 -0.02411889  0.01435324
 -0.00512377 -0.0093255 ]",[-0.38364654],-2.3129571169878442
25,27065,"[-0.015862   -0.04785093  0.00951109 -0.46733621  0.00781076  0.00550585
 -0.01354062  0.01301882  0.02002935 -0.31898066 -0.02411889  0.01435324
 -0.00512377 -0.0093255 ]",[-0.33741797],-1.9831710881821312
25,27071,"[-0.015862   -0.04785093  0.00951109 -0.46733621  0.00781076  0.00550585
 -0.01354062  0.01301882  0.02002935 -0.31898066 -0.02411889  0.01435324
 -0.00512377 -0.0093255 ]",[-0.54107636],-3.436032322994525
25,27067,"[-0.015862   -0.04785093  0.00951109 -0.46733621  0.00781076  0.00550585
 -0.01354062  0.01301882  0.02002935 -0.31898066 -0.02411889  0.01435324
 -0.00512377 -0.0093255 ]",[0.02319122],0.5893481774405425
25,27079,"[-0.015862   -0.04785093  0.00951109 -0.46733621  0.00781076  0.00550585
 -0.01354062  0.01301882  0.02002935 -0.31898066 -0.02411889  0.01435324
 -0.00512377 -0.0093255 ]",[-0.20412133],-1.032257463971311
25,27083,"[-0.015862   -0.04785093  0.00951109 -0.46733621  0.00781076  0.00550585
 -0.01354062  0.01301882  0.02002935 -0.31898066 -0.02411889  0.01435324
 -0.00512377 -0.0093255 ]",[-0.12807619],-0.48976551520129524
25,27085,"[-0.015862   -0.04785093  0.00951109 -0.46733621  0.00781076  0.00550585
 -0.01354062  0.01301882  0.02002935 -0.31898066 -0.02411889  0.01435324
 -0.00512377 -0.0093255 ]",[0.02798837],0.6235701688219224
25,27089,"[-0.015862   -0.04785093  0.00951109 -0.46733621  0.00781076  0.00550585
 -0.01354062  0.01301882  0.02002935 -0.31898066 -0.02411889  0.01435324
 -0.00512377 -0.0093255 ]",[-0.19881909],-0.994432285841132
25,27091,"[-0.015862   -0.04785093  0.00951109 -0.46733621  0.00781076  0.00550585
 -0.01354062  0.01301882  0.02002935 -0.31898066 -0.02411889  0.01435324
 -0.00512377 -0.0093255 ]",[-0.09273584],-0.23765404122008219
25,27095,"[-0.015862   -0.04785093  0.00951109 -0.46733621  0.00781076  0.00550585
 -0.01354062  0.01301882  0.02002935 -0.31898066 -0.02411889  0.01435324
 -0.00512377 -0.0093255 ]",[-0.18779918],-0.9158183006119002
25,27093,"[-0.015862   -0.04785093  0.00951109 -0.46733621  0.00781076  0.00550585
 -0.01354062  0.01301882  0.02002935 -0.31898066 -0.02411889  0.01435324
 -0.00512377 -0.0093255 ]",[-0.00959169],0.3554809548558493
25,27097,"[-0.015862   -0.04785093  0.00951109 -0.46733621  0.00781076  0.00550585
 -0.01354062  0.01301882  0.02002935 -0.31898066 -0.02411889  0.01435324
 -0.00512377 -0.0093255 ]",[0.15318203],1.5166785601742605
25,27099,"[-0.015862   -0.04785093  0.00951109 -0.46733621  0.00781076  0.00550585
 -0.01354062  0.01301882  0.02002935 -0.31898066 -0.02411889  0.01435324
 -0.00512377 -0.0093255 ]",[0.04783968],0.7651857060219464
25,27105,"[-0.015862   -0.04785093  0.00951109 -0.46733621  0.00781076  0.00550585
 -0.01354062  0.01301882  0.02002935 -0.31898066 -0.02411889  0.01435324
 -0.00512377 -0.0093255 ]",[0.02253202],0.5846455830815608
25,27103,"[-0.015862   -0.04785093  0.00951109 -0.46733621  0.00781076  0.00550585
 -0.01354062  0.01301882  0.02002935 -0.31898066 -0.02411889  0.01435324
 -0.00512377 -0.0093255 ]",[-0.05491715],0.0321374815108158
25,27109,"[-0.015862   -0.04785093  0.00951109 -0.46733621  0.00781076  0.00550585
 -0.01354062  0.01301882  0.02002935 -0.31898066 -0.02411889  0.01435324
 -0.00512377 -0.0093255 ]",[-0.0186171],0.2910953313395593
25,27111,"[-0.015862   -0.04785093  0.00951109 -0.46733621  0.00781076  0.00550585
 -0.01354062  0.01301882  0.02002935 -0.31898066 -0.02411889  0.01435324
 -0.00512377 -0.0093255 ]",[-0.07675443],-0.1236455741201221
25,27113,"[-0.015862   -0.04785093  0.00951109 -0.46733621  0.00781076  0.00550585
 -0.01354062  0.01301882  0.02002935 -0.31898066 -0.02411889  0.01435324
 -0.00512377 -0.0093255 ]",[-0.13671732],-0.551409723528382
25,27115,"[-0.015862   -0.04785093  0.00951109 -0.46733621  0.00781076  0.00550585
 -0.01354062  0.01301882  0.02002935 -0.31898066 -0.02411889  0.01435324
 -0.00512377 -0.0093255 ]",[-0.22227739],-1.1617794534429549
25,27117,"[-0.015862   -0.04785093  0.00951109 -0.46733621  0.00781076  0.00550585
 -0.01354062  0.01301882  0.02002935 -0.31898066 -0.02411889  0.01435324
 -0.00512377 -0.0093255 ]",[-0.09624417],-0.2626818002469977
25,27121,"[-0.015862   -0.04785093  0.00951109 -0.46733621  0.00781076  0.00550585
 -0.01354062  0.01301882  0.02002935 -0.31898066 -0.02411889  0.01435324
 -0.00512377 -0.0093255 ]",[-0.30076372],-1.7216864228503272
25,27119,"[-0.015862   -0.04785093  0.00951109 -0.46733621  0.00781076  0.00550585
 -0.01354062  0.01301882  0.02002935 -0.31898066 -0.02411889  0.01435324
 -0.00512377 -0.0093255 ]",[0.03484462],0.6724813454690445
25,27123,"[-0.015862   -0.04785093  0.00951109 -0.46733621  0.00781076  0.00550585
 -0.01354062  0.01301882  0.02002935 -0.31898066 -0.02411889  0.01435324
 -0.00512377 -0.0093255 ]",[0.00729721],0.475963231836281
25,27127,"[-0.015862   -0.04785093  0.00951109 -0.46733621  0.00781076  0.00550585
 -0.01354062  0.01301882  0.02002935 -0.31898066 -0.02411889  0.01435324
 -0.00512377 -0.0093255 ]",[-0.1293923],-0.4991543964905569
25,27129,"[-0.015862   -0.04785093  0.00951109 -0.46733621  0.00781076  0.00550585
 -0.01354062  0.01301882  0.02002935 -0.31898066 -0.02411889  0.01435324
 -0.00512377 -0.0093255 ]",[-0.22630018],-1.1904772981048912
25,27131,"[-0.015862   -0.04785093  0.00951109 -0.46733621  0.00781076  0.00550585
 -0.01354062  0.01301882  0.02002935 -0.31898066 -0.02411889  0.01435324
 -0.00512377 -0.0093255 ]",[-0.00377487],0.3969771006914252
25,27135,"[-0.015862   -0.04785093  0.00951109 -0.46733621  0.00781076  0.00550585
 -0.01354062  0.01301882  0.02002935 -0.31898066 -0.02411889  0.01435324
 -0.00512377 -0.0093255 ]",[-0.1804478],-0.8633749372501759
25,27137,"[-0.015862   -0.04785093  0.00951109 -0.46733621  0.00781076  0.00550585
 -0.01354062  0.01301882  0.02002935 -0.31898066 -0.02411889  0.01435324
 -0.00512377 -0.0093255 ]",[0.00869719],0.48595047803717656
25,27139,"[-0.015862   -0.04785093  0.00951109 -0.46733621  0.00781076  0.00550585
 -0.01354062  0.01301882  0.02002935 -0.31898066 -0.02411889  0.01435324
 -0.00512377 -0.0093255 ]",[0.01695705],0.5448747586596054
25,27141,"[-0.015862   -0.04785093  0.00951109 -0.46733621  0.00781076  0.00550585
 -0.01354062  0.01301882  0.02002935 -0.31898066 -0.02411889  0.01435324
 -0.00512377 -0.0093255 ]",[-0.13029501],-0.5055941761202372
25,27143,"[-0.015862   -0.04785093  0.00951109 -0.46733621  0.00781076  0.00550585
 -0.01354062  0.01301882  0.02002935 -0.31898066 -0.02411889  0.01435324
 -0.00512377 -0.0093255 ]",[-0.35759242],-2.12709183324274
25,27145,"[-0.015862   -0.04785093  0.00951109 -0.46733621  0.00781076  0.00550585
 -0.01354062  0.01301882  0.02002935 -0.31898066 -0.02411889  0.01435324
 -0.00512377 -0.0093255 ]",[-0.02315474],0.2587246535743571
25,27147,"[-0.015862   -0.04785093  0.00951109 -0.46733621  0.00781076  0.00550585
 -0.01354062  0.01301882  0.02002935 -0.31898066 -0.02411889  0.01435324
 -0.00512377 -0.0093255 ]",[-0.1905959],-0.935769585464469
25,27151,"[-0.015862   -0.04785093  0.00951109 -0.46733621  0.00781076  0.00550585
 -0.01354062  0.01301882  0.02002935 -0.31898066 -0.02411889  0.01435324
 -0.00512377 -0.0093255 ]",[-0.21041887],-1.0771830035877263
25,27153,"[-0.015862   -0.04785093  0.00951109 -0.46733621  0.00781076  0.00550585
 -0.01354062  0.01301882  0.02002935 -0.31898066 -0.02411889  0.01435324
 -0.00512377 -0.0093255 ]",[-0.1111565],-0.36906363456372143
25,27157,"[-0.015862   -0.04785093  0.00951109 -0.46733621  0.00781076  0.00550585
 -0.01354062  0.01301882  0.02002935 -0.31898066 -0.02411889  0.01435324
 -0.00512377 -0.0093255 ]",[-0.1308579],-0.5096097552919473
25,27161,"[-0.015862   -0.04785093  0.00951109 -0.46733621  0.00781076  0.00550585
 -0.01354062  0.01301882  0.02002935 -0.31898066 -0.02411889  0.01435324
 -0.00512377 -0.0093255 ]",[-0.23950607],-1.2846856734664551
25,27163,"[-0.015862   -0.04785093  0.00951109 -0.46733621  0.00781076  0.00550585
 -0.01354062  0.01301882  0.02002935 -0.31898066 -0.02411889  0.01435324
 -0.00512377 -0.0093255 ]",[0.05986917],0.8510018513499166
25,27169,"[-0.015862   -0.04785093  0.00951109 -0.46733621  0.00781076  0.00550585
 -0.01354062  0.01301882  0.02002935 -0.31898066 -0.02411889  0.01435324
 -0.00512377 -0.0093255 ]",[-0.09161492],-0.22965760089667606
25,27171,"[-0.015862   -0.04785093  0.00951109 -0.46733621  0.00781076  0.00550585
 -0.01354062  0.01301882  0.02002935 -0.31898066 -0.02411889  0.01435324
 -0.00512377 -0.0093255 ]",[-0.0702994],-0.0775966107821139
25,27173,"[-0.015862   -0.04785093  0.00951109 -0.46733621  0.00781076  0.00550585
 -0.01354062  0.01301882  0.02002935 -0.31898066 -0.02411889  0.01435324
 -0.00512377 -0.0093255 ]",[-0.32675416],-1.9070974278987762
25,28001,"[-0.015862   -0.04785093  0.00951109 -0.46733621  0.00781076  0.00550585
 -0.01354062  0.01301882  0.02002935 -0.31898066 -0.02411889  0.01435324
 -0.00512377 -0.0093255 ]",[-0.05682702],0.01851285178196496
25,28007,"[-0.015862   -0.04785093  0.00951109 -0.46733621  0.00781076  0.00550585
 -0.01354062  0.01301882  0.02002935 -0.31898066 -0.02411889  0.01435324
 -0.00512377 -0.0093255 ]",[0.04573959],0.7502040627204171
25,28003,"[-0.015862   -0.04785093  0.00951109 -0.46733621  0.00781076  0.00550585
 -0.01354062  0.01301882  0.02002935 -0.31898066 -0.02411889  0.01435324
 -0.00512377 -0.0093255 ]",[-0.21535098],-1.1123677548208744
25,28011,"[-0.015862   -0.04785093  0.00951109 -0.46733621  0.00781076  0.00550585
 -0.01354062  0.01301882  0.02002935 -0.31898066 -0.02411889  0.01435324
 -0.00512377 -0.0093255 ]",[-0.23406069],-1.2458393647970027
25,28013,"[-0.015862   -0.04785093  0.00951109 -0.46733621  0.00781076  0.00550585
 -0.01354062  0.01301882  0.02002935 -0.31898066 -0.02411889  0.01435324
 -0.00512377 -0.0093255 ]",[-0.35508743],-2.1092217038756793
25,28017,"[-0.015862   -0.04785093  0.00951109 -0.46733621  0.00781076  0.00550585
 -0.01354062  0.01301882  0.02002935 -0.31898066 -0.02411889  0.01435324
 -0.00512377 -0.0093255 ]",[-0.20565392],-1.0431906746046142
25,28023,"[-0.015862   -0.04785093  0.00951109 -0.46733621  0.00781076  0.00550585
 -0.01354062  0.01301882  0.02002935 -0.31898066 -0.02411889  0.01435324
 -0.00512377 -0.0093255 ]",[-0.35205059],-2.0875574670489696
25,28025,"[-0.015862   -0.04785093  0.00951109 -0.46733621  0.00781076  0.00550585
 -0.01354062  0.01301882  0.02002935 -0.31898066 -0.02411889  0.01435324
 -0.00512377 -0.0093255 ]",[-0.15490961],-0.6811901765204094
25,28027,"[-0.015862   -0.04785093  0.00951109 -0.46733621  0.00781076  0.00550585
 -0.01354062  0.01301882  0.02002935 -0.31898066 -0.02411889  0.01435324
 -0.00512377 -0.0093255 ]",[-0.13333761],-0.5272995344945037
25,28029,"[-0.015862   -0.04785093  0.00951109 -0.46733621  0.00781076  0.00550585
 -0.01354062  0.01301882  0.02002935 -0.31898066 -0.02411889  0.01435324
 -0.00512377 -0.0093255 ]",[-0.03470971],0.17629368614662097
25,28031,"[-0.015862   -0.04785093  0.00951109 -0.46733621  0.00781076  0.00550585
 -0.01354062  0.01301882  0.02002935 -0.31898066 -0.02411889  0.01435324
 -0.00512377 -0.0093255 ]",[-0.25818403],-1.4179308008814633
25,28033,"[-0.015862   -0.04785093  0.00951109 -0.46733621  0.00781076  0.00550585
 -0.01354062  0.01301882  0.02002935 -0.31898066 -0.02411889  0.01435324
 -0.00512377 -0.0093255 ]",[-0.03104267],0.2024536494283494
25,28035,"[-0.015862   -0.04785093  0.00951109 -0.46733621  0.00781076  0.00550585
 -0.01354062  0.01301882  0.02002935 -0.31898066 -0.02411889  0.01435324
 -0.00512377 -0.0093255 ]",[-0.05145253],0.056853494637492376
25,28039,"[-0.015862   -0.04785093  0.00951109 -0.46733621  0.00781076  0.00550585
 -0.01354062  0.01301882  0.02002935 -0.31898066 -0.02411889  0.01435324
 -0.00512377 -0.0093255 ]",[-0.25863971],-1.4211815321255115
25,28043,"[-0.015862   -0.04785093  0.00951109 -0.46733621  0.00781076  0.00550585
 -0.01354062  0.01301882  0.02002935 -0.31898066 -0.02411889  0.01435324
 -0.00512377 -0.0093255 ]",[-0.24611004],-1.3317971993124946
25,28045,"[-0.015862   -0.04785093  0.00951109 -0.46733621  0.00781076  0.00550585
 -0.01354062  0.01301882  0.02002935 -0.31898066 -0.02411889  0.01435324
 -0.00512377 -0.0093255 ]",[-0.17542573],-0.8275483747765787
25,28047,"[-0.015862   -0.04785093  0.00951109 -0.46733621  0.00781076  0.00550585
 -0.01354062  0.01301882  0.02002935 -0.31898066 -0.02411889  0.01435324
 -0.00512377 -0.0093255 ]",[-0.01217042],0.33708475694451967
25,28049,"[-0.015862   -0.04785093  0.00951109 -0.46733621  0.00781076  0.00550585
 -0.01354062  0.01301882  0.02002935 -0.31898066 -0.02411889  0.01435324
 -0.00512377 -0.0093255 ]",[0.00844712],0.48416651268579475
25,28051,"[-0.015862   -0.04785093  0.00951109 -0.46733621  0.00781076  0.00550585
 -0.01354062  0.01301882  0.02002935 -0.31898066 -0.02411889  0.01435324
 -0.00512377 -0.0093255 ]",[-0.33712491],-1.9810804389213734
25,28057,"[-0.015862   -0.04785093  0.00951109 -0.46733621  0.00781076  0.00550585
 -0.01354062  0.01301882  0.02002935 -0.31898066 -0.02411889  0.01435324
 -0.00512377 -0.0093255 ]",[-0.21620014],-1.1184254730447363
25,28059,"[-0.015862   -0.04785093  0.00951109 -0.46733621  0.00781076  0.00550585
 -0.01354062  0.01301882  0.02002935 -0.31898066 -0.02411889  0.01435324
 -0.00512377 -0.0093255 ]",[-0.01657175],0.3056864775299506
25,28061,"[-0.015862   -0.04785093  0.00951109 -0.46733621  0.00781076  0.00550585
 -0.01354062  0.01301882  0.02002935 -0.31898066 -0.02411889  0.01435324
 -0.00512377 -0.0093255 ]",[-0.24306374],-1.310065474403954
25,28067,"[-0.015862   -0.04785093  0.00951109 -0.46733621  0.00781076  0.00550585
 -0.01354062  0.01301882  0.02002935 -0.31898066 -0.02411889  0.01435324
 -0.00512377 -0.0093255 ]",[-0.13941836],-0.5706784857191923
25,28071,"[-0.015862   -0.04785093  0.00951109 -0.46733621  0.00781076  0.00550585
 -0.01354062  0.01301882  0.02002935 -0.31898066 -0.02411889  0.01435324
 -0.00512377 -0.0093255 ]",[-0.08259814],-0.16533353994187397
25,28073,"[-0.015862   -0.04785093  0.00951109 -0.46733621  0.00781076  0.00550585
 -0.01354062  0.01301882  0.02002935 -0.31898066 -0.02411889  0.01435324
 -0.00512377 -0.0093255 ]",[-0.1559729],-0.6887755086837504
25,28075,"[-0.015862   -0.04785093  0.00951109 -0.46733621  0.00781076  0.00550585
 -0.01354062  0.01301882  0.02002935 -0.31898066 -0.02411889  0.01435324
 -0.00512377 -0.0093255 ]",[-0.06101629],-0.011372649161889112
25,28079,"[-0.015862   -0.04785093  0.00951109 -0.46733621  0.00781076  0.00550585
 -0.01354062  0.01301882  0.02002935 -0.31898066 -0.02411889  0.01435324
 -0.00512377 -0.0093255 ]",[-0.31030801],-1.7897735826350338
25,28081,"[-0.015862   -0.04785093  0.00951109 -0.46733621  0.00781076  0.00550585
 -0.01354062  0.01301882  0.02002935 -0.31898066 -0.02411889  0.01435324
 -0.00512377 -0.0093255 ]",[-0.08570643],-0.1875074924024128
25,28083,"[-0.015862   -0.04785093  0.00951109 -0.46733621  0.00781076  0.00550585
 -0.01354062  0.01301882  0.02002935 -0.31898066 -0.02411889  0.01435324
 -0.00512377 -0.0093255 ]",[-0.22069447],-1.1504871787895625
25,28085,"[-0.015862   -0.04785093  0.00951109 -0.46733621  0.00781076  0.00550585
 -0.01354062  0.01301882  0.02002935 -0.31898066 -0.02411889  0.01435324
 -0.00512377 -0.0093255 ]",[-0.14667102],-0.6224176129011502
25,28087,"[-0.015862   -0.04785093  0.00951109 -0.46733621  0.00781076  0.00550585
 -0.01354062  0.01301882  0.02002935 -0.31898066 -0.02411889  0.01435324
 -0.00512377 -0.0093255 ]",[-0.08734344],-0.1991856360028641
25,28089,"[-0.015862   -0.04785093  0.00951109 -0.46733621  0.00781076  0.00550585
 -0.01354062  0.01301882  0.02002935 -0.31898066 -0.02411889  0.01435324
 -0.00512377 -0.0093255 ]",[0.17458886],1.6693909104322542
25,28091,"[-0.015862   -0.04785093  0.00951109 -0.46733621  0.00781076  0.00550585
 -0.01354062  0.01301882  0.02002935 -0.31898066 -0.02411889  0.01435324
 -0.00512377 -0.0093255 ]",[-0.19234647],-0.9482578312715408
25,28093,"[-0.015862   -0.04785093  0.00951109 -0.46733621  0.00781076  0.00550585
 -0.01354062  0.01301882  0.02002935 -0.31898066 -0.02411889  0.01435324
 -0.00512377 -0.0093255 ]",[-0.26098721],-1.4379281329615126
25,28095,"[-0.015862   -0.04785093  0.00951109 -0.46733621  0.00781076  0.00550585
 -0.01354062  0.01301882  0.02002935 -0.31898066 -0.02411889  0.01435324
 -0.00512377 -0.0093255 ]",[-0.20337596],-1.0269401290982818
25,28099,"[-0.015862   -0.04785093  0.00951109 -0.46733621  0.00781076  0.00550585
 -0.01354062  0.01301882  0.02002935 -0.31898066 -0.02411889  0.01435324
 -0.00512377 -0.0093255 ]",[-0.30032241],-1.7185382282942607
25,28101,"[-0.015862   -0.04785093  0.00951109 -0.46733621  0.00781076  0.00550585
 -0.01354062  0.01301882  0.02002935 -0.31898066 -0.02411889  0.01435324
 -0.00512377 -0.0093255 ]",[0.00485762],0.4585596470836895
25,28105,"[-0.015862   -0.04785093  0.00951109 -0.46733621  0.00781076  0.00550585
 -0.01354062  0.01301882  0.02002935 -0.31898066 -0.02411889  0.01435324
 -0.00512377 -0.0093255 ]",[-0.14402632],-0.60355079737729
25,28107,"[-0.015862   -0.04785093  0.00951109 -0.46733621  0.00781076  0.00550585
 -0.01354062  0.01301882  0.02002935 -0.31898066 -0.02411889  0.01435324
 -0.00512377 -0.0093255 ]",[-0.149238],-0.6407299590902389
25,28109,"[-0.015862   -0.04785093  0.00951109 -0.46733621  0.00781076  0.00550585
 -0.01354062  0.01301882  0.02002935 -0.31898066 -0.02411889  0.01435324
 -0.00512377 -0.0093255 ]",[-0.02872674],0.2189750348015243
25,28113,"[-0.015862   -0.04785093  0.00951109 -0.46733621  0.00781076  0.00550585
 -0.01354062  0.01301882  0.02002935 -0.31898066 -0.02411889  0.01435324
 -0.00512377 -0.0093255 ]",[-0.20880568],-1.0656747922555114
25,28115,"[-0.015862   -0.04785093  0.00951109 -0.46733621  0.00781076  0.00550585
 -0.01354062  0.01301882  0.02002935 -0.31898066 -0.02411889  0.01435324
 -0.00512377 -0.0093255 ]",[-0.1352581],-0.5409999665170875
25,28117,"[-0.015862   -0.04785093  0.00951109 -0.46733621  0.00781076  0.00550585
 -0.01354062  0.01301882  0.02002935 -0.31898066 -0.02411889  0.01435324
 -0.00512377 -0.0093255 ]",[-0.35921021],-2.1386328278670703
25,28121,"[-0.015862   -0.04785093  0.00951109 -0.46733621  0.00781076  0.00550585
 -0.01354062  0.01301882  0.02002935 -0.31898066 -0.02411889  0.01435324
 -0.00512377 -0.0093255 ]",[-0.06438704],-0.035418951500533626
25,28123,"[-0.015862   -0.04785093  0.00951109 -0.46733621  0.00781076  0.00550585
 -0.01354062  0.01301882  0.02002935 -0.31898066 -0.02411889  0.01435324
 -0.00512377 -0.0093255 ]",[-0.0609176],-0.010668612624560793
25,28127,"[-0.015862   -0.04785093  0.00951109 -0.46733621  0.00781076  0.00550585
 -0.01354062  0.01301882  0.02002935 -0.31898066 -0.02411889  0.01435324
 -0.00512377 -0.0093255 ]",[-0.18222786],-0.8760735065283154
25,28133,"[-0.015862   -0.04785093  0.00951109 -0.46733621  0.00781076  0.00550585
 -0.01354062  0.01301882  0.02002935 -0.31898066 -0.02411889  0.01435324
 -0.00512377 -0.0093255 ]",[-0.13562451],-0.5436138449420157
25,28135,"[-0.015862   -0.04785093  0.00951109 -0.46733621  0.00781076  0.00550585
 -0.01354062  0.01301882  0.02002935 -0.31898066 -0.02411889  0.01435324
 -0.00512377 -0.0093255 ]",[-0.6474762],-4.195069099696305
25,28137,"[-0.015862   -0.04785093  0.00951109 -0.46733621  0.00781076  0.00550585
 -0.01354062  0.01301882  0.02002935 -0.31898066 -0.02411889  0.01435324
 -0.00512377 -0.0093255 ]",[-0.17035936],-0.7914058704955236
25,28139,"[-0.015862   -0.04785093  0.00951109 -0.46733621  0.00781076  0.00550585
 -0.01354062  0.01301882  0.02002935 -0.31898066 -0.02411889  0.01435324
 -0.00512377 -0.0093255 ]",[-0.19058743],-0.9357091759103536
25,28141,"[-0.015862   -0.04785093  0.00951109 -0.46733621  0.00781076  0.00550585
 -0.01354062  0.01301882  0.02002935 -0.31898066 -0.02411889  0.01435324
 -0.00512377 -0.0093255 ]",[-0.46044007],-2.860787967904972
25,28149,"[-0.015862   -0.04785093  0.00951109 -0.46733621  0.00781076  0.00550585
 -0.01354062  0.01301882  0.02002935 -0.31898066 -0.02411889  0.01435324
 -0.00512377 -0.0093255 ]",[-0.10819204],-0.3479156641642246
25,28145,"[-0.015862   -0.04785093  0.00951109 -0.46733621  0.00781076  0.00550585
 -0.01354062  0.01301882  0.02002935 -0.31898066 -0.02411889  0.01435324
 -0.00512377 -0.0093255 ]",[-0.10776318],-0.3448562928908068
25,28151,"[-0.015862   -0.04785093  0.00951109 -0.46733621  0.00781076  0.00550585
 -0.01354062  0.01301882  0.02002935 -0.31898066 -0.02411889  0.01435324
 -0.00512377 -0.0093255 ]",[-0.00997574],0.3527412320236714
25,28153,"[-0.015862   -0.04785093  0.00951109 -0.46733621  0.00781076  0.00550585
 -0.01354062  0.01301882  0.02002935 -0.31898066 -0.02411889  0.01435324
 -0.00512377 -0.0093255 ]",[-0.45950922],-2.8541474069972503
25,28159,"[-0.015862   -0.04785093  0.00951109 -0.46733621  0.00781076  0.00550585
 -0.01354062  0.01301882  0.02002935 -0.31898066 -0.02411889  0.01435324
 -0.00512377 -0.0093255 ]",[-0.13118093],-0.5119141441695205
25,29001,"[-0.015862   -0.04785093  0.00951109 -0.46733621  0.00781076  0.00550585
 -0.01354062  0.01301882  0.02002935 -0.31898066 -0.02411889  0.01435324
 -0.00512377 -0.0093255 ]",[-0.06865574],-0.06587101180499152
25,28163,"[-0.015862   -0.04785093  0.00951109 -0.46733621  0.00781076  0.00550585
 -0.01354062  0.01301882  0.02002935 -0.31898066 -0.02411889  0.01435324
 -0.00512377 -0.0093255 ]",[-0.01535401],0.31437366205803446
25,29003,"[-0.015862   -0.04785093  0.00951109 -0.46733621  0.00781076  0.00550585
 -0.01354062  0.01301882  0.02002935 -0.31898066 -0.02411889  0.01435324
 -0.00512377 -0.0093255 ]",[-0.32340815],-1.8832276108478754
25,29007,"[-0.015862   -0.04785093  0.00951109 -0.46733621  0.00781076  0.00550585
 -0.01354062  0.01301882  0.02002935 -0.31898066 -0.02411889  0.01435324
 -0.00512377 -0.0093255 ]",[-0.08729981],-0.1988744207055762
25,29009,"[-0.015862   -0.04785093  0.00951109 -0.46733621  0.00781076  0.00550585
 -0.01354062  0.01301882  0.02002935 -0.31898066 -0.02411889  0.01435324
 -0.00512377 -0.0093255 ]",[-0.13179623],-0.5163036122368656
25,29013,"[-0.015862   -0.04785093  0.00951109 -0.46733621  0.00781076  0.00550585
 -0.01354062  0.01301882  0.02002935 -0.31898066 -0.02411889  0.01435324
 -0.00512377 -0.0093255 ]",[-0.26706198],-1.4812644092731386
25,29015,"[-0.015862   -0.04785093  0.00951109 -0.46733621  0.00781076  0.00550585
 -0.01354062  0.01301882  0.02002935 -0.31898066 -0.02411889  0.01435324
 -0.00512377 -0.0093255 ]",[-0.11278856],-0.3807064314798924
25,29019,"[-0.015862   -0.04785093  0.00951109 -0.46733621  0.00781076  0.00550585
 -0.01354062  0.01301882  0.02002935 -0.31898066 -0.02411889  0.01435324
 -0.00512377 -0.0093255 ]",[-0.00469167],0.3904368244612136
25,29021,"[-0.015862   -0.04785093  0.00951109 -0.46733621  0.00781076  0.00550585
 -0.01354062  0.01301882  0.02002935 -0.31898066 -0.02411889  0.01435324
 -0.00512377 -0.0093255 ]",[-0.04969878],0.06936440444457018
25,29023,"[-0.015862   -0.04785093  0.00951109 -0.46733621  0.00781076  0.00550585
 -0.01354062  0.01301882  0.02002935 -0.31898066 -0.02411889  0.01435324
 -0.00512377 -0.0093255 ]",[-0.13049586],-0.5070269894290758
25,29027,"[-0.015862   -0.04785093  0.00951109 -0.46733621  0.00781076  0.00550585
 -0.01354062  0.01301882  0.02002935 -0.31898066 -0.02411889  0.01435324
 -0.00512377 -0.0093255 ]",[-0.12082171],-0.4380133858596668
25,29029,"[-0.015862   -0.04785093  0.00951109 -0.46733621  0.00781076  0.00550585
 -0.01354062  0.01301882  0.02002935 -0.31898066 -0.02411889  0.01435324
 -0.00512377 -0.0093255 ]",[-0.07953565],-0.14348631426888947
25,29031,"[-0.015862   -0.04785093  0.00951109 -0.46733621  0.00781076  0.00550585
 -0.01354062  0.01301882  0.02002935 -0.31898066 -0.02411889  0.01435324
 -0.00512377 -0.0093255 ]",[-0.0691506],-0.06940125379601991
25,29037,"[-0.015862   -0.04785093  0.00951109 -0.46733621  0.00781076  0.00550585
 -0.01354062  0.01301882  0.02002935 -0.31898066 -0.02411889  0.01435324
 -0.00512377 -0.0093255 ]",[-0.13191902],-0.517179592062295
25,29043,"[-0.015862   -0.04785093  0.00951109 -0.46733621  0.00781076  0.00550585
 -0.01354062  0.01301882  0.02002935 -0.31898066 -0.02411889  0.01435324
 -0.00512377 -0.0093255 ]",[-0.13042723],-0.506537403763418
25,29049,"[-0.015862   -0.04785093  0.00951109 -0.46733621  0.00781076  0.00550585
 -0.01354062  0.01301882  0.02002935 -0.31898066 -0.02411889  0.01435324
 -0.00512377 -0.0093255 ]",[-0.25069244],-1.3644871430085266
25,29047,"[-0.015862   -0.04785093  0.00951109 -0.46733621  0.00781076  0.00550585
 -0.01354062  0.01301882  0.02002935 -0.31898066 -0.02411889  0.01435324
 -0.00512377 -0.0093255 ]",[0.02307684],0.5885322153273379
25,29051,"[-0.015862   -0.04785093  0.00951109 -0.46733621  0.00781076  0.00550585
 -0.01354062  0.01301882  0.02002935 -0.31898066 -0.02411889  0.01435324
 -0.00512377 -0.0093255 ]",[0.02177241],0.5792266443934134
25,29053,"[-0.015862   -0.04785093  0.00951109 -0.46733621  0.00781076  0.00550585
 -0.01354062  0.01301882  0.02002935 -0.31898066 -0.02411889  0.01435324
 -0.00512377 -0.0093255 ]",[-0.35204095],-2.0874887069286596
25,29065,"[-0.015862   -0.04785093  0.00951109 -0.46733621  0.00781076  0.00550585
 -0.01354062  0.01301882  0.02002935 -0.31898066 -0.02411889  0.01435324
 -0.00512377 -0.0093255 ]",[-0.49082991],-3.077583428635975
25,29055,"[-0.015862   -0.04785093  0.00951109 -0.46733621  0.00781076  0.00550585
 -0.01354062  0.01301882  0.02002935 -0.31898066 -0.02411889  0.01435324
 -0.00512377 -0.0093255 ]",[-0.18481923],-0.8945598623266459
25,29069,"[-0.015862   -0.04785093  0.00951109 -0.46733621  0.00781076  0.00550585
 -0.01354062  0.01301882  0.02002935 -0.31898066 -0.02411889  0.01435324
 -0.00512377 -0.0093255 ]",[-0.21233055],-1.0908205190846707
25,29071,"[-0.015862   -0.04785093  0.00951109 -0.46733621  0.00781076  0.00550585
 -0.01354062  0.01301882  0.02002935 -0.31898066 -0.02411889  0.01435324
 -0.00512377 -0.0093255 ]",[0.13082113],1.357160047674956
25,29073,"[-0.015862   -0.04785093  0.00951109 -0.46733621  0.00781076  0.00550585
 -0.01354062  0.01301882  0.02002935 -0.31898066 -0.02411889  0.01435324
 -0.00512377 -0.0093255 ]",[-0.22717197],-1.1966964752228246
25,29077,"[-0.015862   -0.04785093  0.00951109 -0.46733621  0.00781076  0.00550585
 -0.01354062  0.01301882  0.02002935 -0.31898066 -0.02411889  0.01435324
 -0.00512377 -0.0093255 ]",[0.01211639],0.5103424173328321
25,29079,"[-0.015862   -0.04785093  0.00951109 -0.46733621  0.00781076  0.00550585
 -0.01354062  0.01301882  0.02002935 -0.31898066 -0.02411889  0.01435324
 -0.00512377 -0.0093255 ]",[-0.33788864],-1.9865286925872798
25,29083,"[-0.015862   -0.04785093  0.00951109 -0.46733621  0.00781076  0.00550585
 -0.01354062  0.01301882  0.02002935 -0.31898066 -0.02411889  0.01435324
 -0.00512377 -0.0093255 ]",[-0.10781618],-0.3452343766092566
25,29091,"[-0.015862   -0.04785093  0.00951109 -0.46733621  0.00781076  0.00550585
 -0.01354062  0.01301882  0.02002935 -0.31898066 -0.02411889  0.01435324
 -0.00512377 -0.0093255 ]",[-0.1936802],-0.9577724163392501
25,29093,"[-0.015862   -0.04785093  0.00951109 -0.46733621  0.00781076  0.00550585
 -0.01354062  0.01301882  0.02002935 -0.31898066 -0.02411889  0.01435324
 -0.00512377 -0.0093255 ]",[-0.19193463],-0.9453198035945154
25,29095,"[-0.015862   -0.04785093  0.00951109 -0.46733621  0.00781076  0.00550585
 -0.01354062  0.01301882  0.02002935 -0.31898066 -0.02411889  0.01435324
 -0.00512377 -0.0093255 ]",[0.02405347],0.5954992927631739
25,29097,"[-0.015862   -0.04785093  0.00951109 -0.46733621  0.00781076  0.00550585
 -0.01354062  0.01301882  0.02002935 -0.31898066 -0.02411889  0.01435324
 -0.00512377 -0.0093255 ]",[0.03163242],0.6495661498952092
25,29099,"[-0.015862   -0.04785093  0.00951109 -0.46733621  0.00781076  0.00550585
 -0.01354062  0.01301882  0.02002935 -0.31898066 -0.02411889  0.01435324
 -0.00512377 -0.0093255 ]",[-0.01920174],0.2869246700605822
25,29101,"[-0.015862   -0.04785093  0.00951109 -0.46733621  0.00781076  0.00550585
 -0.01354062  0.01301882  0.02002935 -0.31898066 -0.02411889  0.01435324
 -0.00512377 -0.0093255 ]",[-0.17910237],-0.8537768532716057
25,29105,"[-0.015862   -0.04785093  0.00951109 -0.46733621  0.00781076  0.00550585
 -0.01354062  0.01301882  0.02002935 -0.31898066 -0.02411889  0.01435324
 -0.00512377 -0.0093255 ]",[-0.1826684],-0.8792162373298295
25,29107,"[-0.015862   -0.04785093  0.00951109 -0.46733621  0.00781076  0.00550585
 -0.01354062  0.01301882  0.02002935 -0.31898066 -0.02411889  0.01435324
 -0.00512377 -0.0093255 ]",[-0.17115997],-0.7971172652819979
25,29109,"[-0.015862   -0.04785093  0.00951109 -0.46733621  0.00781076  0.00550585
 -0.01354062  0.01301882  0.02002935 -0.31898066 -0.02411889  0.01435324
 -0.00512377 -0.0093255 ]",[0.19798301],1.836280477540703
25,29111,"[-0.015862   -0.04785093  0.00951109 -0.46733621  0.00781076  0.00550585
 -0.01354062  0.01301882  0.02002935 -0.31898066 -0.02411889  0.01435324
 -0.00512377 -0.0093255 ]",[-0.31539388],-1.8260552521510018
25,29113,"[-0.015862   -0.04785093  0.00951109 -0.46733621  0.00781076  0.00550585
 -0.01354062  0.01301882  0.02002935 -0.31898066 -0.02411889  0.01435324
 -0.00512377 -0.0093255 ]",[-0.22512249],-1.1820758773158535
25,29115,"[-0.015862   -0.04785093  0.00951109 -0.46733621  0.00781076  0.00550585
 -0.01354062  0.01301882  0.02002935 -0.31898066 -0.02411889  0.01435324
 -0.00512377 -0.0093255 ]",[-0.20294372],-1.0238566384055452
25,29117,"[-0.015862   -0.04785093  0.00951109 -0.46733621  0.00781076  0.00550585
 -0.01354062  0.01301882  0.02002935 -0.31898066 -0.02411889  0.01435324
 -0.00512377 -0.0093255 ]",[-0.31542556],-1.826281265037746
25,29119,"[-0.015862   -0.04785093  0.00951109 -0.46733621  0.00781076  0.00550585
 -0.01354062  0.01301882  0.02002935 -0.31898066 -0.02411889  0.01435324
 -0.00512377 -0.0093255 ]",[-0.44670495],-2.7628041201768943
25,29121,"[-0.015862   -0.04785093  0.00951109 -0.46733621  0.00781076  0.00550585
 -0.01354062  0.01301882  0.02002935 -0.31898066 -0.02411889  0.01435324
 -0.00512377 -0.0093255 ]",[-0.11256263],-0.379094668399953
25,29127,"[-0.015862   -0.04785093  0.00951109 -0.46733621  0.00781076  0.00550585
 -0.01354062  0.01301882  0.02002935 -0.31898066 -0.02411889  0.01435324
 -0.00512377 -0.0093255 ]",[-0.0534853],0.04235203403170762
25,29131,"[-0.015862   -0.04785093  0.00951109 -0.46733621  0.00781076  0.00550585
 -0.01354062  0.01301882  0.02002935 -0.31898066 -0.02411889  0.01435324
 -0.00512377 -0.0093255 ]",[-0.33890604],-1.9937866529675117
25,29133,"[-0.015862   -0.04785093  0.00951109 -0.46733621  0.00781076  0.00550585
 -0.01354062  0.01301882  0.02002935 -0.31898066 -0.02411889  0.01435324
 -0.00512377 -0.0093255 ]",[-0.40707473],-2.4800894583943394
25,29135,"[-0.015862   -0.04785093  0.00951109 -0.46733621  0.00781076  0.00550585
 -0.01354062  0.01301882  0.02002935 -0.31898066 -0.02411889  0.01435324
 -0.00512377 -0.0093255 ]",[-0.31174457],-1.8000217602715718
25,29139,"[-0.015862   -0.04785093  0.00951109 -0.46733621  0.00781076  0.00550585
 -0.01354062  0.01301882  0.02002935 -0.31898066 -0.02411889  0.01435324
 -0.00512377 -0.0093255 ]",[-0.40192383],-2.4433439183510526
25,29141,"[-0.015862   -0.04785093  0.00951109 -0.46733621  0.00781076  0.00550585
 -0.01354062  0.01301882  0.02002935 -0.31898066 -0.02411889  0.01435324
 -0.00512377 -0.0093255 ]",[-0.34418638],-2.031455642232347
25,29143,"[-0.015862   -0.04785093  0.00951109 -0.46733621  0.00781076  0.00550585
 -0.01354062  0.01301882  0.02002935 -0.31898066 -0.02411889  0.01435324
 -0.00512377 -0.0093255 ]",[-0.0601552],-0.005229772842387536
25,29145,"[-0.015862   -0.04785093  0.00951109 -0.46733621  0.00781076  0.00550585
 -0.01354062  0.01301882  0.02002935 -0.31898066 -0.02411889  0.01435324
 -0.00512377 -0.0093255 ]",[-0.05737936],0.01457254441538792
25,29147,"[-0.015862   -0.04785093  0.00951109 -0.46733621  0.00781076  0.00550585
 -0.01354062  0.01301882  0.02002935 -0.31898066 -0.02411889  0.01435324
 -0.00512377 -0.0093255 ]",[-0.35338008],-2.0970417915173147
25,29151,"[-0.015862   -0.04785093  0.00951109 -0.46733621  0.00781076  0.00550585
 -0.01354062  0.01301882  0.02002935 -0.31898066 -0.02411889  0.01435324
 -0.00512377 -0.0093255 ]",[-0.36610109],-2.1877911496837443
25,29155,"[-0.015862   -0.04785093  0.00951109 -0.46733621  0.00781076  0.00550585
 -0.01354062  0.01301882  0.02002935 -0.31898066 -0.02411889  0.01435324
 -0.00512377 -0.0093255 ]",[-0.33841234],-1.9902646842285105
25,29157,"[-0.015862   -0.04785093  0.00951109 -0.46733621  0.00781076  0.00550585
 -0.01354062  0.01301882  0.02002935 -0.31898066 -0.02411889  0.01435324
 -0.00512377 -0.0093255 ]",[-0.40534178],-2.4677269332916647
25,29159,"[-0.015862   -0.04785093  0.00951109 -0.46733621  0.00781076  0.00550585
 -0.01354062  0.01301882  0.02002935 -0.31898066 -0.02411889  0.01435324
 -0.00512377 -0.0093255 ]",[-0.05294977],0.04617240782976326
25,29161,"[-0.015862   -0.04785093  0.00951109 -0.46733621  0.00781076  0.00550585
 -0.01354062  0.01301882  0.02002935 -0.31898066 -0.02411889  0.01435324
 -0.00512377 -0.0093255 ]",[-0.10022602],-0.2910875684252045
25,29163,"[-0.015862   -0.04785093  0.00951109 -0.46733621  0.00781076  0.00550585
 -0.01354062  0.01301882  0.02002935 -0.31898066 -0.02411889  0.01435324
 -0.00512377 -0.0093255 ]",[-0.14551223],-0.6141510180135967
25,29165,"[-0.015862   -0.04785093  0.00951109 -0.46733621  0.00781076  0.00550585
 -0.01354062  0.01301882  0.02002935 -0.31898066 -0.02411889  0.01435324
 -0.00512377 -0.0093255 ]",[-0.03466031],0.17664605674869915
25,29167,"[-0.015862   -0.04785093  0.00951109 -0.46733621  0.00781076  0.00550585
 -0.01354062  0.01301882  0.02002935 -0.31898066 -0.02411889  0.01435324
 -0.00512377 -0.0093255 ]",[-0.47101818],-2.9362502366676764
25,29169,"[-0.015862   -0.04785093  0.00951109 -0.46733621  0.00781076  0.00550585
 -0.01354062  0.01301882  0.02002935 -0.31898066 -0.02411889  0.01435324
 -0.00512377 -0.0093255 ]",[-0.1818536],-0.873403637778615
25,29175,"[-0.015862   -0.04785093  0.00951109 -0.46733621  0.00781076  0.00550585
 -0.01354062  0.01301882  0.02002935 -0.31898066 -0.02411889  0.01435324
 -0.00512377 -0.0093255 ]",[-0.00294001],0.40293283886890424
25,29177,"[-0.015862   -0.04785093  0.00951109 -0.46733621  0.00781076  0.00550585
 -0.01354062  0.01301882  0.02002935 -0.31898066 -0.02411889  0.01435324
 -0.00512377 -0.0093255 ]",[-0.3186636],-1.8493808601088082
25,29181,"[-0.015862   -0.04785093  0.00951109 -0.46733621  0.00781076  0.00550585
 -0.01354062  0.01301882  0.02002935 -0.31898066 -0.02411889  0.01435324
 -0.00512377 -0.0093255 ]",[-0.30646041],-1.7623255404036449
25,29183,"[-0.015862   -0.04785093  0.00951109 -0.46733621  0.00781076  0.00550585
 -0.01354062  0.01301882  0.02002935 -0.31898066 -0.02411889  0.01435324
 -0.00512377 -0.0093255 ]",[-0.0028355],0.4036783409729199
25,29186,"[-0.015862   -0.04785093  0.00951109 -0.46733621  0.00781076  0.00550585
 -0.01354062  0.01301882  0.02002935 -0.31898066 -0.02411889  0.01435324
 -0.00512377 -0.0093255 ]",[-0.39875199],-2.420716632695554
25,29187,"[-0.015862   -0.04785093  0.00951109 -0.46733621  0.00781076  0.00550585
 -0.01354062  0.01301882  0.02002935 -0.31898066 -0.02411889  0.01435324
 -0.00512377 -0.0093255 ]",[-0.00353771],0.39866892613232646
25,29189,"[-0.015862   -0.04785093  0.00951109 -0.46733621  0.00781076  0.00550585
 -0.01354062  0.01301882  0.02002935 -0.31898066 -0.02411889  0.01435324
 -0.00512377 -0.0093255 ]",[-0.00131446],0.41452921945093757
25,29195,"[-0.015862   -0.04785093  0.00951109 -0.46733621  0.00781076  0.00550585
 -0.01354062  0.01301882  0.02002935 -0.31898066 -0.02411889  0.01435324
 -0.00512377 -0.0093255 ]",[-0.10282515],-0.3096292974814848
25,29201,"[-0.015862   -0.04785093  0.00951109 -0.46733621  0.00781076  0.00550585
 -0.01354062  0.01301882  0.02002935 -0.31898066 -0.02411889  0.01435324
 -0.00512377 -0.0093255 ]",[-0.17806905],-0.8464053681310467
25,29207,"[-0.015862   -0.04785093  0.00951109 -0.46733621  0.00781076  0.00550585
 -0.01354062  0.01301882  0.02002935 -0.31898066 -0.02411889  0.01435324
 -0.00512377 -0.0093255 ]",[-0.0002228],0.4223168869204729
25,29209,"[-0.015862   -0.04785093  0.00951109 -0.46733621  0.00781076  0.00550585
 -0.01354062  0.01301882  0.02002935 -0.31898066 -0.02411889  0.01435324
 -0.00512377 -0.0093255 ]",[-0.15061638],-0.6505630811393848
25,29213,"[-0.015862   -0.04785093  0.00951109 -0.46733621  0.00781076  0.00550585
 -0.01354062  0.01301882  0.02002935 -0.31898066 -0.02411889  0.01435324
 -0.00512377 -0.0093255 ]",[-0.10911353],-0.35448946089130273
25,29215,"[-0.015862   -0.04785093  0.00951109 -0.46733621  0.00781076  0.00550585
 -0.01354062  0.01301882  0.02002935 -0.31898066 -0.02411889  0.01435324
 -0.00512377 -0.0093255 ]",[-0.34057237],-2.005673935708151
25,29217,"[-0.015862   -0.04785093  0.00951109 -0.46733621  0.00781076  0.00550585
 -0.01354062  0.01301882  0.02002935 -0.31898066 -0.02411889  0.01435324
 -0.00512377 -0.0093255 ]",[-0.09951922],-0.28604539704544096
25,29221,"[-0.015862   -0.04785093  0.00951109 -0.46733621  0.00781076  0.00550585
 -0.01354062  0.01301882  0.02002935 -0.31898066 -0.02411889  0.01435324
 -0.00512377 -0.0093255 ]",[-0.28936344],-1.6403589167630532
25,29219,"[-0.015862   -0.04785093  0.00951109 -0.46733621  0.00781076  0.00550585
 -0.01354062  0.01301882  0.02002935 -0.31898066 -0.02411889  0.01435324
 -0.00512377 -0.0093255 ]",[-0.23936262],-1.2836623559387237
25,29223,"[-0.015862   -0.04785093  0.00951109 -0.46733621  0.00781076  0.00550585
 -0.01354062  0.01301882  0.02002935 -0.31898066 -0.02411889  0.01435324
 -0.00512377 -0.0093255 ]",[-0.29342773],-1.6693528376256273
25,29225,"[-0.015862   -0.04785093  0.00951109 -0.46733621  0.00781076  0.00550585
 -0.01354062  0.01301882  0.02002935 -0.31898066 -0.02411889  0.01435324
 -0.00512377 -0.0093255 ]",[-0.05084703],0.06117300657894827
25,29229,"[-0.015862   -0.04785093  0.00951109 -0.46733621  0.00781076  0.00550585
 -0.01354062  0.01301882  0.02002935 -0.31898066 -0.02411889  0.01435324
 -0.00512377 -0.0093255 ]",[-0.16813953],-0.775569978840307
25,29510,"[-0.015862   -0.04785093  0.00951109 -0.46733621  0.00781076  0.00550585
 -0.01354062  0.01301882  0.02002935 -0.31898066 -0.02411889  0.01435324
 -0.00512377 -0.0093255 ]",[0.00232894],0.44052050927501624
25,30003,"[-0.015862   -0.04785093  0.00951109 -0.46733621  0.00781076  0.00550585
 -0.01354062  0.01301882  0.02002935 -0.31898066 -0.02411889  0.01435324
 -0.00512377 -0.0093255 ]",[-0.19548561],-0.9706518728147393
25,30005,"[-0.015862   -0.04785093  0.00951109 -0.46733621  0.00781076  0.00550585
 -0.01354062  0.01301882  0.02002935 -0.31898066 -0.02411889  0.01435324
 -0.00512377 -0.0093255 ]",[-0.24797617],-1.3451098122576601
25,30009,"[-0.015862   -0.04785093  0.00951109 -0.46733621  0.00781076  0.00550585
 -0.01354062  0.01301882  0.02002935 -0.31898066 -0.02411889  0.01435324
 -0.00512377 -0.0093255 ]",[-0.36613896],-2.18806127753323
25,30013,"[-0.015862   -0.04785093  0.00951109 -0.46733621  0.00781076  0.00550585
 -0.01354062  0.01301882  0.02002935 -0.31898066 -0.02411889  0.01435324
 -0.00512377 -0.0093255 ]",[-0.0351446],0.17319124926603058
25,30017,"[-0.015862   -0.04785093  0.00951109 -0.46733621  0.00781076  0.00550585
 -0.01354062  0.01301882  0.02002935 -0.31898066 -0.02411889  0.01435324
 -0.00512377 -0.0093255 ]",[-0.16227466],-0.7337310740838884
25,30029,"[-0.015862   -0.04785093  0.00951109 -0.46733621  0.00781076  0.00550585
 -0.01354062  0.01301882  0.02002935 -0.31898066 -0.02411889  0.01435324
 -0.00512377 -0.0093255 ]",[-0.04574177],0.09759298308831742
25,30031,"[-0.015862   -0.04785093  0.00951109 -0.46733621  0.00781076  0.00550585
 -0.01354062  0.01301882  0.02002935 -0.31898066 -0.02411889  0.01435324
 -0.00512377 -0.0093255 ]",[-0.06344879],-0.028725599412807237
25,30035,"[-0.015862   -0.04785093  0.00951109 -0.46733621  0.00781076  0.00550585
 -0.01354062  0.01301882  0.02002935 -0.31898066 -0.02411889  0.01435324
 -0.00512377 -0.0093255 ]",[-0.22728252],-1.1974851567414317
25,30041,"[-0.015862   -0.04785093  0.00951109 -0.46733621  0.00781076  0.00550585
 -0.01354062  0.01301882  0.02002935 -0.31898066 -0.02411889  0.01435324
 -0.00512377 -0.0093255 ]",[-0.06712644],-0.054961327372646876
25,30047,"[-0.015862   -0.04785093  0.00951109 -0.46733621  0.00781076  0.00550585
 -0.01354062  0.01301882  0.02002935 -0.31898066 -0.02411889  0.01435324
 -0.00512377 -0.0093255 ]",[-0.1977238],-0.9866187109491784
25,30049,"[-0.015862   -0.04785093  0.00951109 -0.46733621  0.00781076  0.00550585
 -0.01354062  0.01301882  0.02002935 -0.31898066 -0.02411889  0.01435324
 -0.00512377 -0.0093255 ]",[-0.03478158],0.17578094191240537
25,30053,"[-0.015862   -0.04785093  0.00951109 -0.46733621  0.00781076  0.00550585
 -0.01354062  0.01301882  0.02002935 -0.31898066 -0.02411889  0.01435324
 -0.00512377 -0.0093255 ]",[-0.31966597],-1.8565315456533564
25,30063,"[-0.015862   -0.04785093  0.00951109 -0.46733621  0.00781076  0.00550585
 -0.01354062  0.01301882  0.02002935 -0.31898066 -0.02411889  0.01435324
 -0.00512377 -0.0093255 ]",[-0.03972926],0.14048513970166895
25,30067,"[-0.015862   -0.04785093  0.00951109 -0.46733621  0.00781076  0.00550585
 -0.01354062  0.01301882  0.02002935 -0.31898066 -0.02411889  0.01435324
 -0.00512377 -0.0093255 ]",[-0.2471407],-1.3391496967380212
25,30081,"[-0.015862   -0.04785093  0.00951109 -0.46733621  0.00781076  0.00550585
 -0.01354062  0.01301882  0.02002935 -0.31898066 -0.02411889  0.01435324
 -0.00512377 -0.0093255 ]",[-0.07333867],-0.09927817451930862
25,30087,"[-0.015862   -0.04785093  0.00951109 -0.46733621  0.00781076  0.00550585
 -0.01354062  0.01301882  0.02002935 -0.31898066 -0.02411889  0.01435324
 -0.00512377 -0.0093255 ]",[-0.44811919],-2.7728930958358795
25,30083,"[-0.015862   -0.04785093  0.00951109 -0.46733621  0.00781076  0.00550585
 -0.01354062  0.01301882  0.02002935 -0.31898066 -0.02411889  0.01435324
 -0.00512377 -0.0093255 ]",[-0.14727471],-0.6267241993334136
25,30093,"[-0.015862   -0.04785093  0.00951109 -0.46733621  0.00781076  0.00550585
 -0.01354062  0.01301882  0.02002935 -0.31898066 -0.02411889  0.01435324
 -0.00512377 -0.0093255 ]",[-0.17582368],-0.8303873229153291
25,30111,"[-0.015862   -0.04785093  0.00951109 -0.46733621  0.00781076  0.00550585
 -0.01354062  0.01301882  0.02002935 -0.31898066 -0.02411889  0.01435324
 -0.00512377 -0.0093255 ]",[-0.00124063],0.4150558500867784
25,31001,"[-0.015862   -0.04785093  0.00951109 -0.46733621  0.00781076  0.00550585
 -0.01354062  0.01301882  0.02002935 -0.31898066 -0.02411889  0.01435324
 -0.00512377 -0.0093255 ]",[-0.12226233],-0.44829053410038877
25,31019,"[-0.015862   -0.04785093  0.00951109 -0.46733621  0.00781076  0.00550585
 -0.01354062  0.01301882  0.02002935 -0.31898066 -0.02411889  0.01435324
 -0.00512377 -0.0093255 ]",[-0.09641321],-0.2638876850814119
25,31025,"[-0.015862   -0.04785093  0.00951109 -0.46733621  0.00781076  0.00550585
 -0.01354062  0.01301882  0.02002935 -0.31898066 -0.02411889  0.01435324
 -0.00512377 -0.0093255 ]",[-0.19773893],-0.9867266073162847
25,31041,"[-0.015862   -0.04785093  0.00951109 -0.46733621  0.00781076  0.00550585
 -0.01354062  0.01301882  0.02002935 -0.31898066 -0.02411889  0.01435324
 -0.00512377 -0.0093255 ]",[-0.35450292],-2.105051922422091
25,31043,"[-0.015862   -0.04785093  0.00951109 -0.46733621  0.00781076  0.00550585
 -0.01354062  0.01301882  0.02002935 -0.31898066 -0.02411889  0.01435324
 -0.00512377 -0.0093255 ]",[-0.2908028],-1.6506270827957992
25,31053,"[-0.015862   -0.04785093  0.00951109 -0.46733621  0.00781076  0.00550585
 -0.01354062  0.01301882  0.02002935 -0.31898066 -0.02411889  0.01435324
 -0.00512377 -0.0093255 ]",[-0.03864002],0.14825555613021862
25,31047,"[-0.015862   -0.04785093  0.00951109 -0.46733621  0.00781076  0.00550585
 -0.01354062  0.01301882  0.02002935 -0.31898066 -0.02411889  0.01435324
 -0.00512377 -0.0093255 ]",[-0.13206801],-0.5182424217261765
25,31055,"[-0.015862   -0.04785093  0.00951109 -0.46733621  0.00781076  0.00550585
 -0.01354062  0.01301882  0.02002935 -0.31898066 -0.02411889  0.01435324
 -0.00512377 -0.0093255 ]",[0.01513096],0.5318477559466435
25,31067,"[-0.015862   -0.04785093  0.00951109 -0.46733621  0.00781076  0.00550585
 -0.01354062  0.01301882  0.02002935 -0.31898066 -0.02411889  0.01435324
 -0.00512377 -0.0093255 ]",[-0.18471713],-0.8938315527468711
25,31079,"[-0.015862   -0.04785093  0.00951109 -0.46733621  0.00781076  0.00550585
 -0.01354062  0.01301882  0.02002935 -0.31898066 -0.02411889  0.01435324
 -0.00512377 -0.0093255 ]",[-0.05052718],0.06345472861789961
25,31089,"[-0.015862   -0.04785093  0.00951109 -0.46733621  0.00781076  0.00550585
 -0.01354062  0.01301882  0.02002935 -0.31898066 -0.02411889  0.01435324
 -0.00512377 -0.0093255 ]",[-0.32345998],-1.883597305327202
25,31109,"[-0.015862   -0.04785093  0.00951109 -0.46733621  0.00781076  0.00550585
 -0.01354062  0.01301882  0.02002935 -0.31898066 -0.02411889  0.01435324
 -0.00512377 -0.0093255 ]",[0.00793365],0.48050351903878397
25,31111,"[-0.015862   -0.04785093  0.00951109 -0.46733621  0.00781076  0.00550585
 -0.01354062  0.01301882  0.02002935 -0.31898066 -0.02411889  0.01435324
 -0.00512377 -0.0093255 ]",[-0.21185515],-1.0874291114542427
25,31119,"[-0.015862   -0.04785093  0.00951109 -0.46733621  0.00781076  0.00550585
 -0.01354062  0.01301882  0.02002935 -0.31898066 -0.02411889  0.01435324
 -0.00512377 -0.0093255 ]",[-0.10964481],-0.35827948655722547
25,31131,"[-0.015862   -0.04785093  0.00951109 -0.46733621  0.00781076  0.00550585
 -0.01354062  0.01301882  0.02002935 -0.31898066 -0.02411889  0.01435324
 -0.00512377 -0.0093255 ]",[0.20814322],1.9087615135364122
25,31151,"[-0.015862   -0.04785093  0.00951109 -0.46733621  0.00781076  0.00550585
 -0.01354062  0.01301882  0.02002935 -0.31898066 -0.02411889  0.01435324
 -0.00512377 -0.0093255 ]",[-0.26238102],-1.447871344326004
25,31141,"[-0.015862   -0.04785093  0.00951109 -0.46733621  0.00781076  0.00550585
 -0.01354062  0.01301882  0.02002935 -0.31898066 -0.02411889  0.01435324
 -0.00512377 -0.0093255 ]",[-0.20589643],-1.0449207235269418
25,31155,"[-0.015862   -0.04785093  0.00951109 -0.46733621  0.00781076  0.00550585
 -0.01354062  0.01301882  0.02002935 -0.31898066 -0.02411889  0.01435324
 -0.00512377 -0.0093255 ]",[-0.20183735],-1.0159639694681688
25,31153,"[-0.015862   -0.04785093  0.00951109 -0.46733621  0.00781076  0.00550585
 -0.01354062  0.01301882  0.02002935 -0.31898066 -0.02411889  0.01435324
 -0.00512377 -0.0093255 ]",[-0.00394719],0.39574779669852267
25,31157,"[-0.015862   -0.04785093  0.00951109 -0.46733621  0.00781076  0.00550585
 -0.01354062  0.01301882  0.02002935 -0.31898066 -0.02411889  0.01435324
 -0.00512377 -0.0093255 ]",[-0.0965597],-0.2649327261398374
25,31159,"[-0.015862   -0.04785093  0.00951109 -0.46733621  0.00781076  0.00550585
 -0.01354062  0.01301882  0.02002935 -0.31898066 -0.02411889  0.01435324
 -0.00512377 -0.0093255 ]",[-0.41940501],-2.568051390974443
25,31185,"[-0.015862   -0.04785093  0.00951109 -0.46733621  0.00781076  0.00550585
 -0.01354062  0.01301882  0.02002935 -0.31898066 -0.02411889  0.01435324
 -0.00512377 -0.0093255 ]",[-0.25519736],-1.3966244551552442
25,31177,"[-0.015862   -0.04785093  0.00951109 -0.46733621  0.00781076  0.00550585
 -0.01354062  0.01301882  0.02002935 -0.31898066 -0.02411889  0.01435324
 -0.00512377 -0.0093255 ]",[-0.30107596],-1.723913909915281
25,32001,"[-0.015862   -0.04785093  0.00951109 -0.46733621  0.00781076  0.00550585
 -0.01354062  0.01301882  0.02002935 -0.31898066 -0.02411889  0.01435324
 -0.00512377 -0.0093255 ]",[-0.17530926],-0.8267175348919992
25,32003,"[-0.015862   -0.04785093  0.00951109 -0.46733621  0.00781076  0.00550585
 -0.01354062  0.01301882  0.02002935 -0.31898066 -0.02411889  0.01435324
 -0.00512377 -0.0093255 ]",[0.01640699],0.5409507283506528
25,32005,"[-0.015862   -0.04785093  0.00951109 -0.46733621  0.00781076  0.00550585
 -0.01354062  0.01301882  0.02002935 -0.31898066 -0.02411889  0.01435324
 -0.00512377 -0.0093255 ]",[0.02344818],0.5911812995251763
25,32007,"[-0.015862   -0.04785093  0.00951109 -0.46733621  0.00781076  0.00550585
 -0.01354062  0.01301882  0.02002935 -0.31898066 -0.02411889  0.01435324
 -0.00512377 -0.0093255 ]",[-0.12717841],-0.48336095603733625
25,32013,"[-0.015862   -0.04785093  0.00951109 -0.46733621  0.00781076  0.00550585
 -0.01354062  0.01301882  0.02002935 -0.31898066 -0.02411889  0.01435324
 -0.00512377 -0.0093255 ]",[-0.19819652],-0.9899910240016879
25,32019,"[-0.015862   -0.04785093  0.00951109 -0.46733621  0.00781076  0.00550585
 -0.01354062  0.01301882  0.02002935 -0.31898066 -0.02411889  0.01435324
 -0.00512377 -0.0093255 ]",[-0.22605984],-1.1887627787423172
25,32023,"[-0.015862   -0.04785093  0.00951109 -0.46733621  0.00781076  0.00550585
 -0.01354062  0.01301882  0.02002935 -0.31898066 -0.02411889  0.01435324
 -0.00512377 -0.0093255 ]",[0.00308299],0.4458997727488389
25,32031,"[-0.015862   -0.04785093  0.00951109 -0.46733621  0.00781076  0.00550585
 -0.01354062  0.01301882  0.02002935 -0.31898066 -0.02411889  0.01435324
 -0.00512377 -0.0093255 ]",[0.02016125],0.5677329069127341
25,32510,"[-0.015862   -0.04785093  0.00951109 -0.46733621  0.00781076  0.00550585
 -0.01354062  0.01301882  0.02002935 -0.31898066 -0.02411889  0.01435324
 -0.00512377 -0.0093255 ]",[-0.03814664],0.1517752144491169
25,33001,"[-0.015862   -0.04785093  0.00951109 -0.46733621  0.00781076  0.00550585
 -0.01354062  0.01301882  0.02002935 -0.31898066 -0.02411889  0.01435324
 -0.00512377 -0.0093255 ]",[-0.04401073],0.10994189827263051
25,33003,"[-0.015862   -0.04785093  0.00951109 -0.46733621  0.00781076  0.00550585
 -0.01354062  0.01301882  0.02002935 -0.31898066 -0.02411889  0.01435324
 -0.00512377 -0.0093255 ]",[-0.17352608],-0.8139966092646491
25,33005,"[-0.015862   -0.04785093  0.00951109 -0.46733621  0.00781076  0.00550585
 -0.01354062  0.01301882  0.02002935 -0.31898066 -0.02411889  0.01435324
 -0.00512377 -0.0093255 ]",[0.00599374],0.4666645216645147
25,33007,"[-0.015862   -0.04785093  0.00951109 -0.46733621  0.00781076  0.00550585
 -0.01354062  0.01301882  0.02002935 -0.31898066 -0.02411889  0.01435324
 -0.00512377 -0.0093255 ]",[-0.0927429],-0.23770441715305854
25,33009,"[-0.015862   -0.04785093  0.00951109 -0.46733621  0.00781076  0.00550585
 -0.01354062  0.01301882  0.02002935 -0.31898066 -0.02411889  0.01435324
 -0.00512377 -0.0093255 ]",[-0.09251702],-0.23609300756144594
25,33011,"[-0.015862   -0.04785093  0.00951109 -0.46733621  0.00781076  0.00550585
 -0.01354062  0.01301882  0.02002935 -0.31898066 -0.02411889  0.01435324
 -0.00512377 -0.0093255 ]",[0.01404048],0.5240684905152336
25,33013,"[-0.015862   -0.04785093  0.00951109 -0.46733621  0.00781076  0.00550585
 -0.01354062  0.01301882  0.02002935 -0.31898066 -0.02411889  0.01435324
 -0.00512377 -0.0093255 ]",[-0.00958541],0.3555257479719032
25,33015,"[-0.015862   -0.04785093  0.00951109 -0.46733621  0.00781076  0.00550585
 -0.01354062  0.01301882  0.02002935 -0.31898066 -0.02411889  0.01435324
 -0.00512377 -0.0093255 ]",[-0.02367309],0.2550268831299206
25,33017,"[-0.015862   -0.04785093  0.00951109 -0.46733621  0.00781076  0.00550585
 -0.01354062  0.01301882  0.02002935 -0.31898066 -0.02411889  0.01435324
 -0.00512377 -0.0093255 ]",[-0.03575956],0.1688042191220255
25,33019,"[-0.015862   -0.04785093  0.00951109 -0.46733621  0.00781076  0.00550585
 -0.01354062  0.01301882  0.02002935 -0.31898066 -0.02411889  0.01435324
 -0.00512377 -0.0093255 ]",[-0.1385335],-0.5643660434595185
25,34001,"[-0.015862   -0.04785093  0.00951109 -0.46733621  0.00781076  0.00550585
 -0.01354062  0.01301882  0.02002935 -0.31898066 -0.02411889  0.01435324
 -0.00512377 -0.0093255 ]",[-0.00610946],0.38032252753356455
25,34003,"[-0.015862   -0.04785093  0.00951109 -0.46733621  0.00781076  0.00550585
 -0.01354062  0.01301882  0.02002935 -0.31898066 -0.02411889  0.01435324
 -0.00512377 -0.0093255 ]",[-0.00897578],0.3598747545893614
25,34005,"[-0.015862   -0.04785093  0.00951109 -0.46733621  0.00781076  0.00550585
 -0.01354062  0.01301882  0.02002935 -0.31898066 -0.02411889  0.01435324
 -0.00512377 -0.0093255 ]",[0.00489496],0.45882604030488877
25,34007,"[-0.015862   -0.04785093  0.00951109 -0.46733621  0.00781076  0.00550585
 -0.01354062  0.01301882  0.02002935 -0.31898066 -0.02411889  0.01435324
 -0.00512377 -0.0093255 ]",[-0.01166373],0.34069940530359194
25,34009,"[-0.015862   -0.04785093  0.00951109 -0.46733621  0.00781076  0.00550585
 -0.01354062  0.01301882  0.02002935 -0.31898066 -0.02411889  0.01435324
 -0.00512377 -0.0093255 ]",[-0.02528454],0.2435311050330524
25,34011,"[-0.015862   -0.04785093  0.00951109 -0.46733621  0.00781076  0.00550585
 -0.01354062  0.01301882  0.02002935 -0.31898066 -0.02411889  0.01435324
 -0.00512377 -0.0093255 ]",[-0.02510501],0.24481177205395832
25,34013,"[-0.015862   -0.04785093  0.00951109 -0.46733621  0.00781076  0.00550585
 -0.01354062  0.01301882  0.02002935 -0.31898066 -0.02411889  0.01435324
 -0.00512377 -0.0093255 ]",[0.00074381],0.4292125007681044
25,34015,"[-0.015862   -0.04785093  0.00951109 -0.46733621  0.00781076  0.00550585
 -0.01354062  0.01301882  0.02002935 -0.31898066 -0.02411889  0.01435324
 -0.00512377 -0.0093255 ]",[0.00690573],0.4731705317979684
25,34017,"[-0.015862   -0.04785093  0.00951109 -0.46733621  0.00781076  0.00550585
 -0.01354062  0.01301882  0.02002935 -0.31898066 -0.02411889  0.01435324
 -0.00512377 -0.0093255 ]",[0.01521585],0.5324533671388763
25,01001,"[-0.015862   -0.04785093  0.00951109 -0.46733621  0.00781076  0.00550585
 -0.01354062  0.01301882  0.02002935 -0.31898066 -0.02411889  0.01435324
 -0.00512377 -0.0093255 ]",[-0.13028534],-0.5055252319340203
25,01003,"[-0.015862   -0.04785093  0.00951109 -0.46733621  0.00781076  0.00550585
 -0.01354062  0.01301882  0.02002935 -0.31898066 -0.02411889  0.01435324
 -0.00512377 -0.0093255 ]",[-0.02012951],0.28030607625062676
25,01005,"[-0.015862   -0.04785093  0.00951109 -0.46733621  0.00781076  0.00550585
 -0.01354062  0.01301882  0.02002935 -0.31898066 -0.02411889  0.01435324
 -0.00512377 -0.0093255 ]",[-0.16709993],-0.7681536531706312
25,01007,"[-0.015862   -0.04785093  0.00951109 -0.46733621  0.00781076  0.00550585
 -0.01354062  0.01301882  0.02002935 -0.31898066 -0.02411889  0.01435324
 -0.00512377 -0.0093255 ]",[-0.22303384],-1.16717586610639
25,01009,"[-0.015862   -0.04785093  0.00951109 -0.46733621  0.00781076  0.00550585
 -0.01354062  0.01301882  0.02002935 -0.31898066 -0.02411889  0.01435324
 -0.00512377 -0.0093255 ]",[-0.13195474],-0.5174344092519799
25,01013,"[-0.015862   -0.04785093  0.00951109 -0.46733621  0.00781076  0.00550585
 -0.01354062  0.01301882  0.02002935 -0.31898066 -0.02411889  0.01435324
 -0.00512377 -0.0093255 ]",[-0.19653863],-0.9781639229558579
25,01015,"[-0.015862   -0.04785093  0.00951109 -0.46733621  0.00781076  0.00550585
 -0.01354062  0.01301882  0.02002935 -0.31898066 -0.02411889  0.01435324
 -0.00512377 -0.0093255 ]",[0.03879724],0.700678597245275
25,01017,"[-0.015862   -0.04785093  0.00951109 -0.46733621  0.00781076  0.00550585
 -0.01354062  0.01301882  0.02002935 -0.31898066 -0.02411889  0.01435324
 -0.00512377 -0.0093255 ]",[-0.09439689],-0.24950361397664475
25,01019,"[-0.015862   -0.04785093  0.00951109 -0.46733621  0.00781076  0.00550585
 -0.01354062  0.01301882  0.02002935 -0.31898066 -0.02411889  0.01435324
 -0.00512377 -0.0093255 ]",[-0.16952071],-0.785423083561114
25,01021,"[-0.015862   -0.04785093  0.00951109 -0.46733621  0.00781076  0.00550585
 -0.01354062  0.01301882  0.02002935 -0.31898066 -0.02411889  0.01435324
 -0.00512377 -0.0093255 ]",[-0.19145041],-0.9418655259423065
25,01023,"[-0.015862   -0.04785093  0.00951109 -0.46733621  0.00781076  0.00550585
 -0.01354062  0.01301882  0.02002935 -0.31898066 -0.02411889  0.01435324
 -0.00512377 -0.0093255 ]",[-0.46126371],-2.866663617449744
25,01025,"[-0.015862   -0.04785093  0.00951109 -0.46733621  0.00781076  0.00550585
 -0.01354062  0.01301882  0.02002935 -0.31898066 -0.02411889  0.01435324
 -0.00512377 -0.0093255 ]",[0.00359886],0.449579906823549
25,01027,"[-0.015862   -0.04785093  0.00951109 -0.46733621  0.00781076  0.00550585
 -0.01354062  0.01301882  0.02002935 -0.31898066 -0.02411889  0.01435324
 -0.00512377 -0.0093255 ]",[-0.31248633],-1.8053133455707615
25,01029,"[-0.015862   -0.04785093  0.00951109 -0.46733621  0.00781076  0.00550585
 -0.01354062  0.01301882  0.02002935 -0.31898066 -0.02411889  0.01435324
 -0.00512377 -0.0093255 ]",[-0.25449253],-1.391596281819087
25,01031,"[-0.015862   -0.04785093  0.00951109 -0.46733621  0.00781076  0.00550585
 -0.01354062  0.01301882  0.02002935 -0.31898066 -0.02411889  0.01435324
 -0.00512377 -0.0093255 ]",[-0.09005049],-0.21849725085762361
25,01033,"[-0.015862   -0.04785093  0.00951109 -0.46733621  0.00781076  0.00550585
 -0.01354062  0.01301882  0.02002935 -0.31898066 -0.02411889  0.01435324
 -0.00512377 -0.0093255 ]",[-0.13663024],-0.550788544793115
25,01035,"[-0.015862   -0.04785093  0.00951109 -0.46733621  0.00781076  0.00550585
 -0.01354062  0.01301882  0.02002935 -0.31898066 -0.02411889  0.01435324
 -0.00512377 -0.0093255 ]",[-0.33796161],-1.9870492596293508
25,01039,"[-0.015862   -0.04785093  0.00951109 -0.46733621  0.00781076  0.00550585
 -0.01354062  0.01301882  0.02002935 -0.31898066 -0.02411889  0.01435324
 -0.00512377 -0.0093255 ]",[-0.07052114],-0.07917843491476309
25,01041,"[-0.015862   -0.04785093  0.00951109 -0.46733621  0.00781076  0.00550585
 -0.01354062  0.01301882  0.02002935 -0.31898066 -0.02411889  0.01435324
 -0.00512377 -0.0093255 ]",[-0.16604863],-0.7606538953391143
25,01043,"[-0.015862   -0.04785093  0.00951109 -0.46733621  0.00781076  0.00550585
 -0.01354062  0.01301882  0.02002935 -0.31898066 -0.02411889  0.01435324
 -0.00512377 -0.0093255 ]",[-0.09619807],-0.2623529043921998
25,01045,"[-0.015862   -0.04785093  0.00951109 -0.46733621  0.00781076  0.00550585
 -0.01354062  0.01301882  0.02002935 -0.31898066 -0.02411889  0.01435324
 -0.00512377 -0.0093255 ]",[-0.11257378],-0.37917418327583297
25,01047,"[-0.015862   -0.04785093  0.00951109 -0.46733621  0.00781076  0.00550585
 -0.01354062  0.01301882  0.02002935 -0.31898066 -0.02411889  0.01435324
 -0.00512377 -0.0093255 ]",[-0.09009737],-0.2188316535195164
25,01049,"[-0.015862   -0.04785093  0.00951109 -0.46733621  0.00781076  0.00550585
 -0.01354062  0.01301882  0.02002935 -0.31898066 -0.02411889  0.01435324
 -0.00512377 -0.0093255 ]",[0.02338708],0.5907453797881441
25,01051,"[-0.015862   -0.04785093  0.00951109 -0.46733621  0.00781076  0.00550585
 -0.01354062  0.01301882  0.02002935 -0.31898066 -0.02411889  0.01435324
 -0.00512377 -0.0093255 ]",[-0.04738792],0.0858496210504358
25,01053,"[-0.015862   -0.04785093  0.00951109 -0.46733621  0.00781076  0.00550585
 -0.01354062  0.01301882  0.02002935 -0.31898066 -0.02411889  0.01435324
 -0.00512377 -0.0093255 ]",[-0.10839283],-0.3493481190145072
25,01055,"[-0.015862   -0.04785093  0.00951109 -0.46733621  0.00781076  0.00550585
 -0.01354062  0.01301882  0.02002935 -0.31898066 -0.02411889  0.01435324
 -0.00512377 -0.0093255 ]",[-0.03607557],0.16654982872090116
25,01057,"[-0.015862   -0.04785093  0.00951109 -0.46733621  0.00781076  0.00550585
 -0.01354062  0.01301882  0.02002935 -0.31898066 -0.02411889  0.01435324
 -0.00512377 -0.0093255 ]",[-0.18759984],-0.9143962472610976
25,01059,"[-0.015862   -0.04785093  0.00951109 -0.46733621  0.00781076  0.00550585
 -0.01354062  0.01301882  0.02002935 -0.31898066 -0.02411889  0.01435324
 -0.00512377 -0.0093255 ]",[-0.12243707],-0.44953711462286383
25,01061,"[-0.015862   -0.04785093  0.00951109 -0.46733621  0.00781076  0.00550585
 -0.01354062  0.01301882  0.02002935 -0.31898066 -0.02411889  0.01435324
 -0.00512377 -0.0093255 ]",[-0.3760044],-2.2584395216113586
25,01065,"[-0.015862   -0.04785093  0.00951109 -0.46733621  0.00781076  0.00550585
 -0.01354062  0.01301882  0.02002935 -0.31898066 -0.02411889  0.01435324
 -0.00512377 -0.0093255 ]",[-0.13393834],-0.5315850270451395
25,01067,"[-0.015862   -0.04785093  0.00951109 -0.46733621  0.00781076  0.00550585
 -0.01354062  0.01301882  0.02002935 -0.31898066 -0.02411889  0.01435324
 -0.00512377 -0.0093255 ]",[-0.17505308],-0.8248899973459104
25,01069,"[-0.015862   -0.04785093  0.00951109 -0.46733621  0.00781076  0.00550585
 -0.01354062  0.01301882  0.02002935 -0.31898066 -0.02411889  0.01435324
 -0.00512377 -0.0093255 ]",[-0.05396979],0.038895785692544226
25,01071,"[-0.015862   -0.04785093  0.00951109 -0.46733621  0.00781076  0.00550585
 -0.01354062  0.01301882  0.02002935 -0.31898066 -0.02411889  0.01435324
 -0.00512377 -0.0093255 ]",[-0.06209736],-0.019084794833163783
25,01073,"[-0.015862   -0.04785093  0.00951109 -0.46733621  0.00781076  0.00550585
 -0.01354062  0.01301882  0.02002935 -0.31898066 -0.02411889  0.01435324
 -0.00512377 -0.0093255 ]",[0.02774018],0.6217995984255096
25,01077,"[-0.015862   -0.04785093  0.00951109 -0.46733621  0.00781076  0.00550585
 -0.01354062  0.01301882  0.02002935 -0.31898066 -0.02411889  0.01435324
 -0.00512377 -0.0093255 ]",[0.0049274],0.45905745526728087
25,01079,"[-0.015862   -0.04785093  0.00951109 -0.46733621  0.00781076  0.00550585
 -0.01354062  0.01301882  0.02002935 -0.31898066 -0.02411889  0.01435324
 -0.00512377 -0.0093255 ]",[-0.12826896],-0.4911407351891572
25,01081,"[-0.015862   -0.04785093  0.00951109 -0.46733621  0.00781076  0.00550585
 -0.01354062  0.01301882  0.02002935 -0.31898066 -0.02411889  0.01435324
 -0.00512377 -0.0093255 ]",[-0.02132741],0.27176052086839697
25,01083,"[-0.015862   -0.04785093  0.00951109 -0.46733621  0.00781076  0.00550585
 -0.01354062  0.01301882  0.02002935 -0.31898066 -0.02411889  0.01435324
 -0.00512377 -0.0093255 ]",[-0.05501982],0.03140509083783875
25,01085,"[-0.015862   -0.04785093  0.00951109 -0.46733621  0.00781076  0.00550585
 -0.01354062  0.01301882  0.02002935 -0.31898066 -0.02411889  0.01435324
 -0.00512377 -0.0093255 ]",[-0.35445613],-2.1047181186436994
25,01087,"[-0.015862   -0.04785093  0.00951109 -0.46733621  0.00781076  0.00550585
 -0.01354062  0.01301882  0.02002935 -0.31898066 -0.02411889  0.01435324
 -0.00512377 -0.0093255 ]",[-0.09310348],-0.24027669395708412
25,01089,"[-0.015862   -0.04785093  0.00951109 -0.46733621  0.00781076  0.00550585
 -0.01354062  0.01301882  0.02002935 -0.31898066 -0.02411889  0.01435324
 -0.00512377 -0.0093255 ]",[-0.02069238],0.276290659799859
25,01091,"[-0.015862   -0.04785093  0.00951109 -0.46733621  0.00781076  0.00550585
 -0.01354062  0.01301882  0.02002935 -0.31898066 -0.02411889  0.01435324
 -0.00512377 -0.0093255 ]",[-0.27735485],-1.5546918377433985
25,01093,"[-0.015862   -0.04785093  0.00951109 -0.46733621  0.00781076  0.00550585
 -0.01354062  0.01301882  0.02002935 -0.31898066 -0.02411889  0.01435324
 -0.00512377 -0.0093255 ]",[-0.17931881],-0.8553209382266596
25,01095,"[-0.015862   -0.04785093  0.00951109 -0.46733621  0.00781076  0.00550585
 -0.01354062  0.01301882  0.02002935 -0.31898066 -0.02411889  0.01435324
 -0.00512377 -0.0093255 ]",[-0.12016917],-0.43335831432027966
25,01097,"[-0.015862   -0.04785093  0.00951109 -0.46733621  0.00781076  0.00550585
 -0.01354062  0.01301882  0.02002935 -0.31898066 -0.02411889  0.01435324
 -0.00512377 -0.0093255 ]",[-0.01510066],0.3161809672706477
25,01099,"[-0.015862   -0.04785093  0.00951109 -0.46733621  0.00781076  0.00550585
 -0.01354062  0.01301882  0.02002935 -0.31898066 -0.02411889  0.01435324
 -0.00512377 -0.0093255 ]",[-0.24037071],-1.2908538674618668
25,01101,"[-0.015862   -0.04785093  0.00951109 -0.46733621  0.00781076  0.00550585
 -0.01354062  0.01301882  0.02002935 -0.31898066 -0.02411889  0.01435324
 -0.00512377 -0.0093255 ]",[-0.0211394],0.27310171516230625
25,01103,"[-0.015862   -0.04785093  0.00951109 -0.46733621  0.00781076  0.00550585
 -0.01354062  0.01301882  0.02002935 -0.31898066 -0.02411889  0.01435324
 -0.00512377 -0.0093255 ]",[-0.0774718],-0.1287631747991256
25,01107,"[-0.015862   -0.04785093  0.00951109 -0.46733621  0.00781076  0.00550585
 -0.01354062  0.01301882  0.02002935 -0.31898066 -0.02411889  0.01435324
 -0.00512377 -0.0093255 ]",[-0.35484535],-2.1074947872547964
25,01109,"[-0.015862   -0.04785093  0.00951109 -0.46733621  0.00781076  0.00550585
 -0.01354062  0.01301882  0.02002935 -0.31898066 -0.02411889  0.01435324
 -0.00512377 -0.0093255 ]",[-0.11399443],-0.3893088846980773
25,01113,"[-0.015862   -0.04785093  0.00951109 -0.46733621  0.00781076  0.00550585
 -0.01354062  0.01301882  0.02002935 -0.31898066 -0.02411889  0.01435324
 -0.00512377 -0.0093255 ]",[-0.00830871],0.36463349271673645
25,01111,"[-0.015862   -0.04785093  0.00951109 -0.46733621  0.00781076  0.00550585
 -0.01354062  0.01301882  0.02002935 -0.31898066 -0.02411889  0.01435324
 -0.00512377 -0.0093255 ]",[-0.23021383],-1.2183965458226338
25,01115,"[-0.015862   -0.04785093  0.00951109 -0.46733621  0.00781076  0.00550585
 -0.01354062  0.01301882  0.02002935 -0.31898066 -0.02411889  0.01435324
 -0.00512377 -0.0093255 ]",[-0.01573527],0.3116538244745363
25,01117,"[-0.015862   -0.04785093  0.00951109 -0.46733621  0.00781076  0.00550585
 -0.01354062  0.01301882  0.02002935 -0.31898066 -0.02411889  0.01435324
 -0.00512377 -0.0093255 ]",[-0.00019312],0.42252865396306183
25,01119,"[-0.015862   -0.04785093  0.00951109 -0.46733621  0.00781076  0.00550585
 -0.01354062  0.01301882  0.02002935 -0.31898066 -0.02411889  0.01435324
 -0.00512377 -0.0093255 ]",[-0.33631263],-1.975285738433637
25,01121,"[-0.015862   -0.04785093  0.00951109 -0.46733621  0.00781076  0.00550585
 -0.01354062  0.01301882  0.02002935 -0.31898066 -0.02411889  0.01435324
 -0.00512377 -0.0093255 ]",[-0.04375025],0.11180009853687466
25,01123,"[-0.015862   -0.04785093  0.00951109 -0.46733621  0.00781076  0.00550585
 -0.01354062  0.01301882  0.02002935 -0.31898066 -0.02411889  0.01435324
 -0.00512377 -0.0093255 ]",[-0.12773058],-0.48730002657619914
25,01125,"[-0.015862   -0.04785093  0.00951109 -0.46733621  0.00781076  0.00550585
 -0.01354062  0.01301882  0.02002935 -0.31898066 -0.02411889  0.01435324
 -0.00512377 -0.0093255 ]",[-0.02496096],0.24583943070958175
25,01127,"[-0.015862   -0.04785093  0.00951109 -0.46733621  0.00781076  0.00550585
 -0.01354062  0.01301882  0.02002935 -0.31898066 -0.02411889  0.01435324
 -0.00512377 -0.0093255 ]",[-0.08013829],-0.14778539732775559
25,01129,"[-0.015862   -0.04785093  0.00951109 -0.46733621  0.00781076  0.00550585
 -0.01354062  0.01301882  0.02002935 -0.31898066 -0.02411889  0.01435324
 -0.00512377 -0.0093255 ]",[-0.35270883],-2.09225320109704
25,01131,"[-0.015862   -0.04785093  0.00951109 -0.46733621  0.00781076  0.00550585
 -0.01354062  0.01301882  0.02002935 -0.31898066 -0.02411889  0.01435324
 -0.00512377 -0.0093255 ]",[-0.46846304],-2.918022304186275
25,01133,"[-0.015862   -0.04785093  0.00951109 -0.46733621  0.00781076  0.00550585
 -0.01354062  0.01301882  0.02002935 -0.31898066 -0.02411889  0.01435324
 -0.00512377 -0.0093255 ]",[-0.19779316],-0.9871134858521207
25,04001,"[-0.015862   -0.04785093  0.00951109 -0.46733621  0.00781076  0.00550585
 -0.01354062  0.01301882  0.02002935 -0.31898066 -0.02411889  0.01435324
 -0.00512377 -0.0093255 ]",[-0.22344399],-1.1701017987062656
25,04003,"[-0.015862   -0.04785093  0.00951109 -0.46733621  0.00781076  0.00550585
 -0.01354062  0.01301882  0.02002935 -0.31898066 -0.02411889  0.01435324
 -0.00512377 -0.0093255 ]",[-0.01738709],0.29987002150773456
25,04005,"[-0.015862   -0.04785093  0.00951109 -0.46733621  0.00781076  0.00550585
 -0.01354062  0.01301882  0.02002935 -0.31898066 -0.02411889  0.01435324
 -0.00512377 -0.0093255 ]",[-0.04430059],0.10787407322089138
25,04007,"[-0.015862   -0.04785093  0.00951109 -0.46733621  0.00781076  0.00550585
 -0.01354062  0.01301882  0.02002935 -0.31898066 -0.02411889  0.01435324
 -0.00512377 -0.0093255 ]",[-0.03937041],0.1430450635792924
25,04009,"[-0.015862   -0.04785093  0.00951109 -0.46733621  0.00781076  0.00550585
 -0.01354062  0.01301882  0.02002935 -0.31898066 -0.02411889  0.01435324
 -0.00512377 -0.0093255 ]",[0.00479374],0.4581039504557768
25,04012,"[-0.015862   -0.04785093  0.00951109 -0.46733621  0.00781076  0.00550585
 -0.01354062  0.01301882  0.02002935 -0.31898066 -0.02411889  0.01435324
 -0.00512377 -0.0093255 ]",[-0.17221438],-0.8046392475964559
25,04013,"[-0.015862   -0.04785093  0.00951109 -0.46733621  0.00781076  0.00550585
 -0.01354062  0.01301882  0.02002935 -0.31898066 -0.02411889  0.01435324
 -0.00512377 -0.0093255 ]",[0.00674944],0.47205555765624313
25,04015,"[-0.015862   -0.04785093  0.00951109 -0.46733621  0.00781076  0.00550585
 -0.01354062  0.01301882  0.02002935 -0.31898066 -0.02411889  0.01435324
 -0.00512377 -0.0093255 ]",[-0.01664045],0.3051964398095476
25,04017,"[-0.015862   -0.04785093  0.00951109 -0.46733621  0.00781076  0.00550585
 -0.01354062  0.01301882  0.02002935 -0.31898066 -0.02411889  0.01435324
 -0.00512377 -0.0093255 ]",[-0.09659949],-0.2652165824457249
25,04021,"[-0.015862   -0.04785093  0.00951109 -0.46733621  0.00781076  0.00550585
 -0.01354062  0.01301882  0.02002935 -0.31898066 -0.02411889  0.01435324
 -0.00512377 -0.0093255 ]",[0.00028573],0.4259446778025232
25,04023,"[-0.015862   -0.04785093  0.00951109 -0.46733621  0.00781076  0.00550585
 -0.01354062  0.01301882  0.02002935 -0.31898066 -0.02411889  0.01435324
 -0.00512377 -0.0093255 ]",[-0.0256974],0.2405857760469604
25,04025,"[-0.015862   -0.04785093  0.00951109 -0.46733621  0.00781076  0.00550585
 -0.01354062  0.01301882  0.02002935 -0.31898066 -0.02411889  0.01435324
 -0.00512377 -0.0093255 ]",[-0.0387124],0.14773918185856477
25,04027,"[-0.015862   -0.04785093  0.00951109 -0.46733621  0.00781076  0.00550585
 -0.01354062  0.01301882  0.02002935 -0.31898066 -0.02411889  0.01435324
 -0.00512377 -0.0093255 ]",[0.04817404],0.7675710090731724
25,05001,"[-0.015862   -0.04785093  0.00951109 -0.46733621  0.00781076  0.00550585
 -0.01354062  0.01301882  0.02002935 -0.31898066 -0.02411889  0.01435324
 -0.00512377 -0.0093255 ]",[-0.10293587],-0.31041913468595056
25,05005,"[-0.015862   -0.04785093  0.00951109 -0.46733621  0.00781076  0.00550585
 -0.01354062  0.01301882  0.02002935 -0.31898066 -0.02411889  0.01435324
 -0.00512377 -0.0093255 ]",[-0.14931909],-0.641308484208309
25,05003,"[-0.015862   -0.04785093  0.00951109 -0.46733621  0.00781076  0.00550585
 -0.01354062  0.01301882  0.02002935 -0.31898066 -0.02411889  0.01435324
 -0.00512377 -0.0093255 ]",[-0.18841888],-0.9202390887043145
25,05007,"[-0.015862   -0.04785093  0.00951109 -0.46733621  0.00781076  0.00550585
 -0.01354062  0.01301882  0.02002935 -0.31898066 -0.02411889  0.01435324
 -0.00512377 -0.0093255 ]",[-0.02717644],0.23003461415962506
25,05009,"[-0.015862   -0.04785093  0.00951109 -0.46733621  0.00781076  0.00550585
 -0.01354062  0.01301882  0.02002935 -0.31898066 -0.02411889  0.01435324
 -0.00512377 -0.0093255 ]",[-0.11109627],-0.3686339435005976
25,05011,"[-0.015862   -0.04785093  0.00951109 -0.46733621  0.00781076  0.00550585
 -0.01354062  0.01301882  0.02002935 -0.31898066 -0.02411889  0.01435324
 -0.00512377 -0.0093255 ]",[-0.28258543],-1.592005843026073
25,05015,"[-0.015862   -0.04785093  0.00951109 -0.46733621  0.00781076  0.00550585
 -0.01354062  0.01301882  0.02002935 -0.31898066 -0.02411889  0.01435324
 -0.00512377 -0.0093255 ]",[-0.00362915],0.39801661553590195
25,05017,"[-0.015862   -0.04785093  0.00951109 -0.46733621  0.00781076  0.00550585
 -0.01354062  0.01301882  0.02002935 -0.31898066 -0.02411889  0.01435324
 -0.00512377 -0.0093255 ]",[-0.67900979],-4.42002386799978
25,05019,"[-0.015862   -0.04785093  0.00951109 -0.46733621  0.00781076  0.00550585
 -0.01354062  0.01301882  0.02002935 -0.31898066 -0.02411889  0.01435324
 -0.00512377 -0.0093255 ]",[-0.34688943],-2.0507386938324133
25,05021,"[-0.015862   -0.04785093  0.00951109 -0.46733621  0.00781076  0.00550585
 -0.01354062  0.01301882  0.02002935 -0.31898066 -0.02411889  0.01435324
 -0.00512377 -0.0093255 ]",[-0.24380982],-1.3153878505986245
25,05023,"[-0.015862   -0.04785093  0.00951109 -0.46733621  0.00781076  0.00550585
 -0.01354062  0.01301882  0.02002935 -0.31898066 -0.02411889  0.01435324
 -0.00512377 -0.0093255 ]",[-0.28535499],-1.611763416210602
25,05027,"[-0.015862   -0.04785093  0.00951109 -0.46733621  0.00781076  0.00550585
 -0.01354062  0.01301882  0.02002935 -0.31898066 -0.02411889  0.01435324
 -0.00512377 -0.0093255 ]",[-0.4497395],-2.7844520636389247
25,05029,"[-0.015862   -0.04785093  0.00951109 -0.46733621  0.00781076  0.00550585
 -0.01354062  0.01301882  0.02002935 -0.31898066 -0.02411889  0.01435324
 -0.00512377 -0.0093255 ]",[-0.27833285],-1.561668742494962
25,05031,"[-0.015862   -0.04785093  0.00951109 -0.46733621  0.00781076  0.00550585
 -0.01354062  0.01301882  0.02002935 -0.31898066 -0.02411889  0.01435324
 -0.00512377 -0.0093255 ]",[-0.08440428],-0.1782182335709016
25,05033,"[-0.015862   -0.04785093  0.00951109 -0.46733621  0.00781076  0.00550585
 -0.01354062  0.01301882  0.02002935 -0.31898066 -0.02411889  0.01435324
 -0.00512377 -0.0093255 ]",[-0.14178801],-0.5875831209811059
25,05037,"[-0.015862   -0.04785093  0.00951109 -0.46733621  0.00781076  0.00550585
 -0.01354062  0.01301882  0.02002935 -0.31898066 -0.02411889  0.01435324
 -0.00512377 -0.0093255 ]",[-0.33160222],-1.9416825936593043
25,05035,"[-0.015862   -0.04785093  0.00951109 -0.46733621  0.00781076  0.00550585
 -0.01354062  0.01301882  0.02002935 -0.31898066 -0.02411889  0.01435324
 -0.00512377 -0.0093255 ]",[-0.06315411],-0.026623445310629698
25,05041,"[-0.015862   -0.04785093  0.00951109 -0.46733621  0.00781076  0.00550585
 -0.01354062  0.01301882  0.02002935 -0.31898066 -0.02411889  0.01435324
 -0.00512377 -0.0093255 ]",[-0.40874568],-2.492009708281181
25,05043,"[-0.015862   -0.04785093  0.00951109 -0.46733621  0.00781076  0.00550585
 -0.01354062  0.01301882  0.02002935 -0.31898066 -0.02411889  0.01435324
 -0.00512377 -0.0093255 ]",[-0.16727757],-0.7694209513930134
25,05045,"[-0.015862   -0.04785093  0.00951109 -0.46733621  0.00781076  0.00550585
 -0.01354062  0.01301882  0.02002935 -0.31898066 -0.02411889  0.01435324
 -0.00512377 -0.0093255 ]",[-0.05527788],0.029564164052871537
25,05053,"[-0.015862   -0.04785093  0.00951109 -0.46733621  0.00781076  0.00550585
 -0.01354062  0.01301882  0.02002935 -0.31898066 -0.02411889  0.01435324
 -0.00512377 -0.0093255 ]",[-0.52674626],-3.333804013754112
25,05051,"[-0.015862   -0.04785093  0.00951109 -0.46733621  0.00781076  0.00550585
 -0.01354062  0.01301882  0.02002935 -0.31898066 -0.02411889  0.01435324
 -0.00512377 -0.0093255 ]",[-0.01577512],0.3113695151349283
25,05055,"[-0.015862   -0.04785093  0.00951109 -0.46733621  0.00781076  0.00550585
 -0.01354062  0.01301882  0.02002935 -0.31898066 -0.02411889  0.01435324
 -0.00512377 -0.0093255 ]",[-0.07938861],-0.14243731601170798
25,05057,"[-0.015862   -0.04785093  0.00951109 -0.46733621  0.00781076  0.00550585
 -0.01354062  0.01301882  0.02002935 -0.31898066 -0.02411889  0.01435324
 -0.00512377 -0.0093255 ]",[-0.30756353],-1.7701950263848192
25,05059,"[-0.015862   -0.04785093  0.00951109 -0.46733621  0.00781076  0.00550585
 -0.01354062  0.01301882  0.02002935 -0.31898066 -0.02411889  0.01435324
 -0.00512377 -0.0093255 ]",[-0.11822184],-0.41946642876736145
25,05063,"[-0.015862   -0.04785093  0.00951109 -0.46733621  0.00781076  0.00550585
 -0.01354062  0.01301882  0.02002935 -0.31898066 -0.02411889  0.01435324
 -0.00512377 -0.0093255 ]",[-0.22820657],-1.2040771308544895
25,05065,"[-0.015862   -0.04785093  0.00951109 -0.46733621  0.00781076  0.00550585
 -0.01354062  0.01301882  0.02002935 -0.31898066 -0.02411889  0.01435324
 -0.00512377 -0.0093255 ]",[-0.42674455],-2.6204103300285366
25,05067,"[-0.015862   -0.04785093  0.00951109 -0.46733621  0.00781076  0.00550585
 -0.01354062  0.01301882  0.02002935 -0.31898066 -0.02411889  0.01435324
 -0.00512377 -0.0093255 ]",[-0.20747926],-1.056212330173487
25,05069,"[-0.015862   -0.04785093  0.00951109 -0.46733621  0.00781076  0.00550585
 -0.01354062  0.01301882  0.02002935 -0.31898066 -0.02411889  0.01435324
 -0.00512377 -0.0093255 ]",[-0.04397249],0.11021470236592062
25,05075,"[-0.015862   -0.04785093  0.00951109 -0.46733621  0.00781076  0.00550585
 -0.01354062  0.01301882  0.02002935 -0.31898066 -0.02411889  0.01435324
 -0.00512377 -0.0093255 ]",[-0.16171662],-0.7297501527152366
25,05071,"[-0.015862   -0.04785093  0.00951109 -0.46733621  0.00781076  0.00550585
 -0.01354062  0.01301882  0.02002935 -0.31898066 -0.02411889  0.01435324
 -0.00512377 -0.0093255 ]",[-0.2171373],-1.1251110330169165
25,05077,"[-0.015862   -0.04785093  0.00951109 -0.46733621  0.00781076  0.00550585
 -0.01354062  0.01301882  0.02002935 -0.31898066 -0.02411889  0.01435324
 -0.00512377 -0.0093255 ]",[-0.34395376],-2.02979620270439
25,05079,"[-0.015862   -0.04785093  0.00951109 -0.46733621  0.00781076  0.00550585
 -0.01354062  0.01301882  0.02002935 -0.31898066 -0.02411889  0.01435324
 -0.00512377 -0.0093255 ]",[-0.35682515],-2.1216182846397085
25,05083,"[-0.015862   -0.04785093  0.00951109 -0.46733621  0.00781076  0.00550585
 -0.01354062  0.01301882  0.02002935 -0.31898066 -0.02411889  0.01435324
 -0.00512377 -0.0093255 ]",[-0.17155165],-0.7999114019652978
25,05081,"[-0.015862   -0.04785093  0.00951109 -0.46733621  0.00781076  0.00550585
 -0.01354062  0.01301882  0.02002935 -0.31898066 -0.02411889  0.01435324
 -0.00512377 -0.0093255 ]",[-0.3883229],-2.3463173926698357
25,05085,"[-0.015862   -0.04785093  0.00951109 -0.46733621  0.00781076  0.00550585
 -0.01354062  0.01301882  0.02002935 -0.31898066 -0.02411889  0.01435324
 -0.00512377 -0.0093255 ]",[-0.10249567],-0.30727885708766384
25,05087,"[-0.015862   -0.04785093  0.00951109 -0.46733621  0.00781076  0.00550585
 -0.01354062  0.01301882  0.02002935 -0.31898066 -0.02411889  0.01435324
 -0.00512377 -0.0093255 ]",[-0.41487227],-2.5357157028108337
25,05089,"[-0.015862   -0.04785093  0.00951109 -0.46733621  0.00781076  0.00550585
 -0.01354062  0.01301882  0.02002935 -0.31898066 -0.02411889  0.01435324
 -0.00512377 -0.0093255 ]",[-0.42419878],-2.6022493086331377
25,05091,"[-0.015862   -0.04785093  0.00951109 -0.46733621  0.00781076  0.00550585
 -0.01354062  0.01301882  0.02002935 -0.31898066 -0.02411889  0.01435324
 -0.00512377 -0.0093255 ]",[-0.11293492],-0.3817505023514079
25,05093,"[-0.015862   -0.04785093  0.00951109 -0.46733621  0.00781076  0.00550585
 -0.01354062  0.01301882  0.02002935 -0.31898066 -0.02411889  0.01435324
 -0.00512377 -0.0093255 ]",[-0.10556685],-0.32918803769336924
25,05103,"[-0.015862   -0.04785093  0.00951109 -0.46733621  0.00781076  0.00550585
 -0.01354062  0.01301882  0.02002935 -0.31898066 -0.02411889  0.01435324
 -0.00512377 -0.0093255 ]",[-0.24918559],-1.3537375510610856
25,05107,"[-0.015862   -0.04785093  0.00951109 -0.46733621  0.00781076  0.00550585
 -0.01354062  0.01301882  0.02002935 -0.31898066 -0.02411889  0.01435324
 -0.00512377 -0.0093255 ]",[-0.17457143],-0.82145400560064
25,05111,"[-0.015862   -0.04785093  0.00951109 -0.46733621  0.00781076  0.00550585
 -0.01354062  0.01301882  0.02002935 -0.31898066 -0.02411889  0.01435324
 -0.00512377 -0.0093255 ]",[-0.4013028],-2.438913618426183
25,05113,"[-0.015862   -0.04785093  0.00951109 -0.46733621  0.00781076  0.00550585
 -0.01354062  0.01301882  0.02002935 -0.31898066 -0.02411889  0.01435324
 -0.00512377 -0.0093255 ]",[-0.25157092],-1.3707541016155
25,05115,"[-0.015862   -0.04785093  0.00951109 -0.46733621  0.00781076  0.00550585
 -0.01354062  0.01301882  0.02002935 -0.31898066 -0.02411889  0.01435324
 -0.00512377 -0.0093255 ]",[-0.00326703],0.4005998801491596
25,05121,"[-0.015862   -0.04785093  0.00951109 -0.46733621  0.00781076  0.00550585
 -0.01354062  0.01301882  0.02002935 -0.31898066 -0.02411889  0.01435324
 -0.00512377 -0.0093255 ]",[-0.24384059],-1.3156073081270414
25,05119,"[-0.015862   -0.04785093  0.00951109 -0.46733621  0.00781076  0.00550585
 -0.01354062  0.01301882  0.02002935 -0.31898066 -0.02411889  0.01435324
 -0.00512377 -0.0093255 ]",[-0.00706627],0.3734968064002422
25,05123,"[-0.015862   -0.04785093  0.00951109 -0.46733621  0.00781076  0.00550585
 -0.01354062  0.01301882  0.02002935 -0.31898066 -0.02411889  0.01435324
 -0.00512377 -0.0093255 ]",[-0.20996613],-1.073953212332475
25,05125,"[-0.015862   -0.04785093  0.00951109 -0.46733621  0.00781076  0.00550585
 -0.01354062  0.01301882  0.02002935 -0.31898066 -0.02411889  0.01435324
 -0.00512377 -0.0093255 ]",[-0.07399437],-0.10395585000380228
25,05131,"[-0.015862   -0.04785093  0.00951109 -0.46733621  0.00781076  0.00550585
 -0.01354062  0.01301882  0.02002935 -0.31898066 -0.02411889  0.01435324
 -0.00512377 -0.0093255 ]",[-0.05632754],0.022076043838636514
25,05135,"[-0.015862   -0.04785093  0.00951109 -0.46733621  0.00781076  0.00550585
 -0.01354062  0.01301882  0.02002935 -0.31898066 -0.02411889  0.01435324
 -0.00512377 -0.0093255 ]",[-0.41687853],-2.55002800873054
25,05133,"[-0.015862   -0.04785093  0.00951109 -0.46733621  0.00781076  0.00550585
 -0.01354062  0.01301882  0.02002935 -0.31898066 -0.02411889  0.01435324
 -0.00512377 -0.0093255 ]",[-0.27888764],-1.5656264879687722
25,05139,"[-0.015862   -0.04785093  0.00951109 -0.46733621  0.00781076  0.00550585
 -0.01354062  0.01301882  0.02002935 -0.31898066 -0.02411889  0.01435324
 -0.00512377 -0.0093255 ]",[-0.16849016],-0.7780713033107349
25,05141,"[-0.015862   -0.04785093  0.00951109 -0.46733621  0.00781076  0.00550585
 -0.01354062  0.01301882  0.02002935 -0.31898066 -0.02411889  0.01435324
 -0.00512377 -0.0093255 ]",[-0.31143546],-1.7978166709961567
25,05143,"[-0.015862   -0.04785093  0.00951109 -0.46733621  0.00781076  0.00550585
 -0.01354062  0.01301882  0.02002935 -0.31898066 -0.02411889  0.01435324
 -0.00512377 -0.0093255 ]",[0.02585012],0.6083162657062028
25,05145,"[-0.015862   -0.04785093  0.00951109 -0.46733621  0.00781076  0.00550585
 -0.01354062  0.01301882  0.02002935 -0.31898066 -0.02411889  0.01435324
 -0.00512377 -0.0093255 ]",[-0.09015085],-0.21921317943099644
25,05149,"[-0.015862   -0.04785093  0.00951109 -0.46733621  0.00781076  0.00550585
 -0.01354062  0.01301882  0.02002935 -0.31898066 -0.02411889  0.01435324
 -0.00512377 -0.0093255 ]",[-0.2992306],-1.7107494578625784
25,06001,"[-0.015862   -0.04785093  0.00951109 -0.46733621  0.00781076  0.00550585
 -0.01354062  0.01301882  0.02002935 -0.31898066 -0.02411889  0.01435324
 -0.00512377 -0.0093255 ]",[0.00481107],0.45822757592436497
25,06005,"[-0.015862   -0.04785093  0.00951109 -0.46733621  0.00781076  0.00550585
 -0.01354062  0.01301882  0.02002935 -0.31898066 -0.02411889  0.01435324
 -0.00512377 -0.0093255 ]",[-0.05448367],0.03522985291280318
25,06007,"[-0.015862   -0.04785093  0.00951109 -0.46733621  0.00781076  0.00550585
 -0.01354062  0.01301882  0.02002935 -0.31898066 -0.02411889  0.01435324
 -0.00512377 -0.0093255 ]",[0.01420431],0.5252372541896798
25,06009,"[-0.015862   -0.04785093  0.00951109 -0.46733621  0.00781076  0.00550585
 -0.01354062  0.01301882  0.02002935 -0.31898066 -0.02411889  0.01435324
 -0.00512377 -0.0093255 ]",[-0.06997751],-0.07530028091625204
25,06011,"[-0.015862   -0.04785093  0.00951109 -0.46733621  0.00781076  0.00550585
 -0.01354062  0.01301882  0.02002935 -0.31898066 -0.02411889  0.01435324
 -0.00512377 -0.0093255 ]",[-0.36573952],-2.1852117266516164
25,06013,"[-0.015862   -0.04785093  0.00951109 -0.46733621  0.00781076  0.00550585
 -0.01354062  0.01301882  0.02002935 -0.31898066 -0.02411889  0.01435324
 -0.00512377 -0.0093255 ]",[0.0080361],0.48123437255111023
25,06015,"[-0.015862   -0.04785093  0.00951109 -0.46733621  0.00781076  0.00550585
 -0.01354062  0.01301882  0.02002935 -0.31898066 -0.02411889  0.01435324
 -0.00512377 -0.0093255 ]",[-0.12848955],-0.4927143599225119
25,06017,"[-0.015862   -0.04785093  0.00951109 -0.46733621  0.00781076  0.00550585
 -0.01354062  0.01301882  0.02002935 -0.31898066 -0.02411889  0.01435324
 -0.00512377 -0.0093255 ]",[-0.02940394],0.21414404447013088
25,06019,"[-0.015862   -0.04785093  0.00951109 -0.46733621  0.00781076  0.00550585
 -0.01354062  0.01301882  0.02002935 -0.31898066 -0.02411889  0.01435324
 -0.00512377 -0.0093255 ]",[0.00178517],0.436641402793956
25,06021,"[-0.015862   -0.04785093  0.00951109 -0.46733621  0.00781076  0.00550585
 -0.01354062  0.01301882  0.02002935 -0.31898066 -0.02411889  0.01435324
 -0.00512377 -0.0093255 ]",[-0.17378851],-0.8158687864593015
25,06023,"[-0.015862   -0.04785093  0.00951109 -0.46733621  0.00781076  0.00550585
 -0.01354062  0.01301882  0.02002935 -0.31898066 -0.02411889  0.01435324
 -0.00512377 -0.0093255 ]",[-0.05367586],0.040992653634009654
25,06025,"[-0.015862   -0.04785093  0.00951109 -0.46733621  0.00781076  0.00550585
 -0.01354062  0.01301882  0.02002935 -0.31898066 -0.02411889  0.01435324
 -0.00512377 -0.0093255 ]",[-0.00204611],0.40930972285012784
25,06027,"[-0.015862   -0.04785093  0.00951109 -0.46733621  0.00781076  0.00550585
 -0.01354062  0.01301882  0.02002935 -0.31898066 -0.02411889  0.01435324
 -0.00512377 -0.0093255 ]",[0.08195619],1.0085665726003323
25,06029,"[-0.015862   -0.04785093  0.00951109 -0.46733621  0.00781076  0.00550585
 -0.01354062  0.01301882  0.02002935 -0.31898066 -0.02411889  0.01435324
 -0.00512377 -0.0093255 ]",[-0.01240199],0.3354327738262934
25,06031,"[-0.015862   -0.04785093  0.00951109 -0.46733621  0.00781076  0.00550585
 -0.01354062  0.01301882  0.02002935 -0.31898066 -0.02411889  0.01435324
 -0.00512377 -0.0093255 ]",[0.07899051],0.9874100117258465
25,06033,"[-0.015862   -0.04785093  0.00951109 -0.46733621  0.00781076  0.00550585
 -0.01354062  0.01301882  0.02002935 -0.31898066 -0.02411889  0.01435324
 -0.00512377 -0.0093255 ]",[-0.01509094],0.31625034907591404
25,06035,"[-0.015862   -0.04785093  0.00951109 -0.46733621  0.00781076  0.00550585
 -0.01354062  0.01301882  0.02002935 -0.31898066 -0.02411889  0.01435324
 -0.00512377 -0.0093255 ]",[-0.13334865],-0.5273782550548834
25,06039,"[-0.015862   -0.04785093  0.00951109 -0.46733621  0.00781076  0.00550585
 -0.01354062  0.01301882  0.02002935 -0.31898066 -0.02411889  0.01435324
 -0.00512377 -0.0093255 ]",[-0.01659768],0.30550150376888996
25,06041,"[-0.015862   -0.04785093  0.00951109 -0.46733621  0.00781076  0.00550585
 -0.01354062  0.01301882  0.02002935 -0.31898066 -0.02411889  0.01435324
 -0.00512377 -0.0093255 ]",[-0.01955393],0.2844121800231011
25,06043,"[-0.015862   -0.04785093  0.00951109 -0.46733621  0.00781076  0.00550585
 -0.01354062  0.01301882  0.02002935 -0.31898066 -0.02411889  0.01435324
 -0.00512377 -0.0093255 ]",[-0.19169153],-0.9435855664669714
25,06045,"[-0.015862   -0.04785093  0.00951109 -0.46733621  0.00781076  0.00550585
 -0.01354062  0.01301882  0.02002935 -0.31898066 -0.02411889  0.01435324
 -0.00512377 -0.0093255 ]",[-0.02642428],0.2354003661186905
25,06047,"[-0.015862   -0.04785093  0.00951109 -0.46733621  0.00781076  0.00550585
 -0.01354062  0.01301882  0.02002935 -0.31898066 -0.02411889  0.01435324
 -0.00512377 -0.0093255 ]",[0.01394247],0.5233692698275982
25,06049,"[-0.015862   -0.04785093  0.00951109 -0.46733621  0.00781076  0.00550585
 -0.01354062  0.01301882  0.02002935 -0.31898066 -0.02411889  0.01435324
 -0.00512377 -0.0093255 ]",[-0.18917],-0.9255975016607323
25,06053,"[-0.015862   -0.04785093  0.00951109 -0.46733621  0.00781076  0.00550585
 -0.01354062  0.01301882  0.02002935 -0.31898066 -0.02411889  0.01435324
 -0.00512377 -0.0093255 ]",[-0.02196483],0.2672132621075589
25,06055,"[-0.015862   -0.04785093  0.00951109 -0.46733621  0.00781076  0.00550585
 -0.01354062  0.01301882  0.02002935 -0.31898066 -0.02411889  0.01435324
 -0.00512377 -0.0093255 ]",[-0.01373146],0.3259486040944068
25,06057,"[-0.015862   -0.04785093  0.00951109 -0.46733621  0.00781076  0.00550585
 -0.01354062  0.01301882  0.02002935 -0.31898066 -0.02411889  0.01435324
 -0.00512377 -0.0093255 ]",[-0.1103338],-0.3631946191648269
25,06059,"[-0.015862   -0.04785093  0.00951109 -0.46733621  0.00781076  0.00550585
 -0.01354062  0.01301882  0.02002935 -0.31898066 -0.02411889  0.01435324
 -0.00512377 -0.0093255 ]",[0.02495776],0.6019503751258821
25,06061,"[-0.015862   -0.04785093  0.00951109 -0.46733621  0.00781076  0.00550585
 -0.01354062  0.01301882  0.02002935 -0.31898066 -0.02411889  0.01435324
 -0.00512377 -0.0093255 ]",[0.00350268],0.4488937503396088
25,06063,"[-0.015862   -0.04785093  0.00951109 -0.46733621  0.00781076  0.00550585
 -0.01354062  0.01301882  0.02002935 -0.31898066 -0.02411889  0.01435324
 -0.00512377 -0.0093255 ]",[-0.31387601],-1.8152270547698919
25,06065,"[-0.015862   -0.04785093  0.00951109 -0.46733621  0.00781076  0.00550585
 -0.01354062  0.01301882  0.02002935 -0.31898066 -0.02411889  0.01435324
 -0.00512377 -0.0093255 ]",[0.00478974],0.4580754088489812
25,06067,"[-0.015862   -0.04785093  0.00951109 -0.46733621  0.00781076  0.00550585
 -0.01354062  0.01301882  0.02002935 -0.31898066 -0.02411889  0.01435324
 -0.00512377 -0.0093255 ]",[0.01225019],0.5112969121009575
25,06069,"[-0.015862   -0.04785093  0.00951109 -0.46733621  0.00781076  0.00550585
 -0.01354062  0.01301882  0.02002935 -0.31898066 -0.02411889  0.01435324
 -0.00512377 -0.0093255 ]",[-0.05705034],0.016919749855369086
25,06071,"[-0.015862   -0.04785093  0.00951109 -0.46733621  0.00781076  0.00550585
 -0.01354062  0.01301882  0.02002935 -0.31898066 -0.02411889  0.01435324
 -0.00512377 -0.0093255 ]",[0.0062415],0.4684320276177415
25,06073,"[-0.015862   -0.04785093  0.00951109 -0.46733621  0.00781076  0.00550585
 -0.01354062  0.01301882  0.02002935 -0.31898066 -0.02411889  0.01435324
 -0.00512377 -0.0093255 ]",[0.00499514],0.4595407397222103
25,06075,"[-0.015862   -0.04785093  0.00951109 -0.46733621  0.00781076  0.00550585
 -0.01354062  0.01301882  0.02002935 -0.31898066 -0.02411889  0.01435324
 -0.00512377 -0.0093255 ]",[0.01503513],0.5311641520522544
25,06077,"[-0.015862   -0.04785093  0.00951109 -0.46733621  0.00781076  0.00550585
 -0.01354062  0.01301882  0.02002935 -0.31898066 -0.02411889  0.01435324
 -0.00512377 -0.0093255 ]",[0.00555737],0.46355153410555333
25,06079,"[-0.015862   -0.04785093  0.00951109 -0.46733621  0.00781076  0.00550585
 -0.01354062  0.01301882  0.02002935 -0.31898066 -0.02411889  0.01435324
 -0.00512377 -0.0093255 ]",[-0.02191149],0.2675938202374269
25,06081,"[-0.015862   -0.04785093  0.00951109 -0.46733621  0.00781076  0.00550585
 -0.01354062  0.01301882  0.02002935 -0.31898066 -0.02411889  0.01435324
 -0.00512377 -0.0093255 ]",[-0.00393074],0.39586512512056093
25,06083,"[-0.015862   -0.04785093  0.00951109 -0.46733621  0.00781076  0.00550585
 -0.01354062  0.01301882  0.02002935 -0.31898066 -0.02411889  0.01435324
 -0.00512377 -0.0093255 ]",[0.0064808],0.47013915355243985
25,06085,"[-0.015862   -0.04785093  0.00951109 -0.46733621  0.00781076  0.00550585
 -0.01354062  0.01301882  0.02002935 -0.31898066 -0.02411889  0.01435324
 -0.00512377 -0.0093255 ]",[0.00028772],0.4259588110635679
25,06087,"[-0.015862   -0.04785093  0.00951109 -0.46733621  0.00781076  0.00550585
 -0.01354062  0.01301882  0.02002935 -0.31898066 -0.02411889  0.01435324
 -0.00512377 -0.0093255 ]",[-0.03085392],0.20380013806033906
25,06089,"[-0.015862   -0.04785093  0.00951109 -0.46733621  0.00781076  0.00550585
 -0.01354062  0.01301882  0.02002935 -0.31898066 -0.02411889  0.01435324
 -0.00512377 -0.0093255 ]",[-0.01214153],0.3372909085809131
25,06093,"[-0.015862   -0.04785093  0.00951109 -0.46733621  0.00781076  0.00550585
 -0.01354062  0.01301882  0.02002935 -0.31898066 -0.02411889  0.01435324
 -0.00512377 -0.0093255 ]",[-0.05473253],0.03345456753744396
25,06095,"[-0.015862   -0.04785093  0.00951109 -0.46733621  0.00781076  0.00550585
 -0.01354062  0.01301882  0.02002935 -0.31898066 -0.02411889  0.01435324
 -0.00512377 -0.0093255 ]",[0.02925134],0.632579960655715
25,06097,"[-0.015862   -0.04785093  0.00951109 -0.46733621  0.00781076  0.00550585
 -0.01354062  0.01301882  0.02002935 -0.31898066 -0.02411889  0.01435324
 -0.00512377 -0.0093255 ]",[-0.00464404],0.39077656747225553
25,06099,"[-0.015862   -0.04785093  0.00951109 -0.46733621  0.00781076  0.00550585
 -0.01354062  0.01301882  0.02002935 -0.31898066 -0.02411889  0.01435324
 -0.00512377 -0.0093255 ]",[-0.02346259],0.25652855560890847
25,06101,"[-0.015862   -0.04785093  0.00951109 -0.46733621  0.00781076  0.00550585
 -0.01354062  0.01301882  0.02002935 -0.31898066 -0.02411889  0.01435324
 -0.00512377 -0.0093255 ]",[-0.05122621],0.05846798566461011
25,06103,"[-0.015862   -0.04785093  0.00951109 -0.46733621  0.00781076  0.00550585
 -0.01354062  0.01301882  0.02002935 -0.31898066 -0.02411889  0.01435324
 -0.00512377 -0.0093255 ]",[-0.08010448],-0.14754426766296683
25,06105,"[-0.015862   -0.04785093  0.00951109 -0.46733621  0.00781076  0.00550585
 -0.01354062  0.01301882  0.02002935 -0.31898066 -0.02411889  0.01435324
 -0.00512377 -0.0093255 ]",[-0.32415386],-1.8885473582638679
25,06107,"[-0.015862   -0.04785093  0.00951109 -0.46733621  0.00781076  0.00550585
 -0.01354062  0.01301882  0.02002935 -0.31898066 -0.02411889  0.01435324
 -0.00512377 -0.0093255 ]",[-0.0111374],0.34445415945846686
25,06109,"[-0.015862   -0.04785093  0.00951109 -0.46733621  0.00781076  0.00550585
 -0.01354062  0.01301882  0.02002935 -0.31898066 -0.02411889  0.01435324
 -0.00512377 -0.0093255 ]",[-0.11829254],-0.4199707530533204
25,06111,"[-0.015862   -0.04785093  0.00951109 -0.46733621  0.00781076  0.00550585
 -0.01354062  0.01301882  0.02002935 -0.31898066 -0.02411889  0.01435324
 -0.00512377 -0.0093255 ]",[-0.00191832],0.41022136407240695
25,06113,"[-0.015862   -0.04785093  0.00951109 -0.46733621  0.00781076  0.00550585
 -0.01354062  0.01301882  0.02002935 -0.31898066 -0.02411889  0.01435324
 -0.00512377 -0.0093255 ]",[-0.029615],0.21263837444850345
25,06115,"[-0.015862   -0.04785093  0.00951109 -0.46733621  0.00781076  0.00550585
 -0.01354062  0.01301882  0.02002935 -0.31898066 -0.02411889  0.01435324
 -0.00512377 -0.0093255 ]",[-0.13013741],-0.5044698857040704
25,08001,"[-0.015862   -0.04785093  0.00951109 -0.46733621  0.00781076  0.00550585
 -0.01354062  0.01301882  0.02002935 -0.31898066 -0.02411889  0.01435324
 -0.00512377 -0.0093255 ]",[0.00737325],0.4765057287411485
25,08003,"[-0.015862   -0.04785093  0.00951109 -0.46733621  0.00781076  0.00550585
 -0.01354062  0.01301882  0.02002935 -0.31898066 -0.02411889  0.01435324
 -0.00512377 -0.0093255 ]",[-0.28409483],-1.6027736736489286
25,08005,"[-0.015862   -0.04785093  0.00951109 -0.46733621  0.00781076  0.00550585
 -0.01354062  0.01301882  0.02002935 -0.31898066 -0.02411889  0.01435324
 -0.00512377 -0.0093255 ]",[-0.01178712],0.3398191707689534
25,08007,"[-0.015862   -0.04785093  0.00951109 -0.46733621  0.00781076  0.00550585
 -0.01354062  0.01301882  0.02002935 -0.31898066 -0.02411889  0.01435324
 -0.00512377 -0.0093255 ]",[-0.16202006],-0.7319148539109828
25,08013,"[-0.015862   -0.04785093  0.00951109 -0.46733621  0.00781076  0.00550585
 -0.01354062  0.01301882  0.02002935 -0.31898066 -0.02411889  0.01435324
 -0.00512377 -0.0093255 ]",[-0.02153017],0.2703140603683726
25,08014,"[-0.015862   -0.04785093  0.00951109 -0.46733621  0.00781076  0.00550585
 -0.01354062  0.01301882  0.02002935 -0.31898066 -0.02411889  0.01435324
 -0.00512377 -0.0093255 ]",[-0.01905287],0.2879866772034132
25,08015,"[-0.015862   -0.04785093  0.00951109 -0.46733621  0.00781076  0.00550585
 -0.01354062  0.01301882  0.02002935 -0.31898066 -0.02411889  0.01435324
 -0.00512377 -0.0093255 ]",[-0.32526163],-1.8964499488139817
25,08029,"[-0.015862   -0.04785093  0.00951109 -0.46733621  0.00781076  0.00550585
 -0.01354062  0.01301882  0.02002935 -0.31898066 -0.02411889  0.01435324
 -0.00512377 -0.0093255 ]",[-0.21796442],-1.1310115229086544
25,08031,"[-0.015862   -0.04785093  0.00951109 -0.46733621  0.00781076  0.00550585
 -0.01354062  0.01301882  0.02002935 -0.31898066 -0.02411889  0.01435324
 -0.00512377 -0.0093255 ]",[0.01752478],0.5489248124193175
25,08035,"[-0.015862   -0.04785093  0.00951109 -0.46733621  0.00781076  0.00550585
 -0.01354062  0.01301882  0.02002935 -0.31898066 -0.02411889  0.01435324
 -0.00512377 -0.0093255 ]",[-0.03111761],0.20191902961648622
25,08039,"[-0.015862   -0.04785093  0.00951109 -0.46733621  0.00781076  0.00550585
 -0.01354062  0.01301882  0.02002935 -0.31898066 -0.02411889  0.01435324
 -0.00512377 -0.0093255 ]",[-0.15704263],-0.6964067543564736
25,08037,"[-0.015862   -0.04785093  0.00951109 -0.46733621  0.00781076  0.00550585
 -0.01354062  0.01301882  0.02002935 -0.31898066 -0.02411889  0.01435324
 -0.00512377 -0.0093255 ]",[-0.07660784],-0.12259988494216775
25,08041,"[-0.015862   -0.04785093  0.00951109 -0.46733621  0.00781076  0.00550585
 -0.01354062  0.01301882  0.02002935 -0.31898066 -0.02411889  0.01435324
 -0.00512377 -0.0093255 ]",[0.01270881],0.514568578454326
25,08043,"[-0.015862   -0.04785093  0.00951109 -0.46733621  0.00781076  0.00550585
 -0.01354062  0.01301882  0.02002935 -0.31898066 -0.02411889  0.01435324
 -0.00512377 -0.0093255 ]",[-0.06342374],-0.028546906464736545
25,08045,"[-0.015862   -0.04785093  0.00951109 -0.46733621  0.00781076  0.00550585
 -0.01354062  0.01301882  0.02002935 -0.31898066 -0.02411889  0.01435324
 -0.00512377 -0.0093255 ]",[0.02608171],0.6099684155445662
25,08051,"[-0.015862   -0.04785093  0.00951109 -0.46733621  0.00781076  0.00550585
 -0.01354062  0.01301882  0.02002935 -0.31898066 -0.02411889  0.01435324
 -0.00512377 -0.0093255 ]",[-0.31700429],-1.8375436725447871
25,08059,"[-0.015862   -0.04785093  0.00951109 -0.46733621  0.00781076  0.00550585
 -0.01354062  0.01301882  0.02002935 -0.31898066 -0.02411889  0.01435324
 -0.00512377 -0.0093255 ]",[0.00836386],0.48357255782187647
25,08067,"[-0.015862   -0.04785093  0.00951109 -0.46733621  0.00781076  0.00550585
 -0.01354062  0.01301882  0.02002935 -0.31898066 -0.02411889  0.01435324
 -0.00512377 -0.0093255 ]",[-0.16360843],-0.7432459851287663
25,08069,"[-0.015862   -0.04785093  0.00951109 -0.46733621  0.00781076  0.00550585
 -0.01354062  0.01301882  0.02002935 -0.31898066 -0.02411889  0.01435324
 -0.00512377 -0.0093255 ]",[-0.01799494],0.2955336942494837
25,08071,"[-0.015862   -0.04785093  0.00951109 -0.46733621  0.00781076  0.00550585
 -0.01354062  0.01301882  0.02002935 -0.31898066 -0.02411889  0.01435324
 -0.00512377 -0.0093255 ]",[-0.2798728],-1.5726544476212032
25,08075,"[-0.015862   -0.04785093  0.00951109 -0.46733621  0.00781076  0.00550585
 -0.01354062  0.01301882  0.02002935 -0.31898066 -0.02411889  0.01435324
 -0.00512377 -0.0093255 ]",[-0.17386872],-0.8164409632606939
25,08077,"[-0.015862   -0.04785093  0.00951109 -0.46733621  0.00781076  0.00550585
 -0.01354062  0.01301882  0.02002935 -0.31898066 -0.02411889  0.01435324
 -0.00512377 -0.0093255 ]",[-0.03171787],0.19763688963031778
25,08081,"[-0.015862   -0.04785093  0.00951109 -0.46733621  0.00781076  0.00550585
 -0.01354062  0.01301882  0.02002935 -0.31898066 -0.02411889  0.01435324
 -0.00512377 -0.0093255 ]",[-0.57563692],-3.682580959797134
25,08083,"[-0.015862   -0.04785093  0.00951109 -0.46733621  0.00781076  0.00550585
 -0.01354062  0.01301882  0.02002935 -0.31898066 -0.02411889  0.01435324
 -0.00512377 -0.0093255 ]",[-0.17218522],-0.8044312280379526
25,08085,"[-0.015862   -0.04785093  0.00951109 -0.46733621  0.00781076  0.00550585
 -0.01354062  0.01301882  0.02002935 -0.31898066 -0.02411889  0.01435324
 -0.00512377 -0.0093255 ]",[-0.09335741],-0.24208821736224895
25,08087,"[-0.015862   -0.04785093  0.00951109 -0.46733621  0.00781076  0.00550585
 -0.01354062  0.01301882  0.02002935 -0.31898066 -0.02411889  0.01435324
 -0.00512377 -0.0093255 ]",[-0.14286028],-0.5952324723668067
25,08089,"[-0.015862   -0.04785093  0.00951109 -0.46733621  0.00781076  0.00550585
 -0.01354062  0.01301882  0.02002935 -0.31898066 -0.02411889  0.01435324
 -0.00512377 -0.0093255 ]",[-0.20077563],-1.0083898748057856
25,08093,"[-0.015862   -0.04785093  0.00951109 -0.46733621  0.00781076  0.00550585
 -0.01354062  0.01301882  0.02002935 -0.31898066 -0.02411889  0.01435324
 -0.00512377 -0.0093255 ]",[-0.15297964],-0.6674221350105934
25,08097,"[-0.015862   -0.04785093  0.00951109 -0.46733621  0.00781076  0.00550585
 -0.01354062  0.01301882  0.02002935 -0.31898066 -0.02411889  0.01435324
 -0.00512377 -0.0093255 ]",[-0.18444461],-0.891887433902626
25,08099,"[-0.015862   -0.04785093  0.00951109 -0.46733621  0.00781076  0.00550585
 -0.01354062  0.01301882  0.02002935 -0.31898066 -0.02411889  0.01435324
 -0.00512377 -0.0093255 ]",[-0.26653485],-1.4775039754229269
25,08101,"[-0.015862   -0.04785093  0.00951109 -0.46733621  0.00781076  0.00550585
 -0.01354062  0.01301882  0.02002935 -0.31898066 -0.02411889  0.01435324
 -0.00512377 -0.0093255 ]",[-0.01587288],0.3106721259256631
25,08107,"[-0.015862   -0.04785093  0.00951109 -0.46733621  0.00781076  0.00550585
 -0.01354062  0.01301882  0.02002935 -0.31898066 -0.02411889  0.01435324
 -0.00512377 -0.0093255 ]",[-0.00636888],0.37847186531492
25,08113,"[-0.015862   -0.04785093  0.00951109 -0.46733621  0.00781076  0.00550585
 -0.01354062  0.01301882  0.02002935 -0.31898066 -0.02411889  0.01435324
 -0.00512377 -0.0093255 ]",[-0.14553276],-0.6142974863128848
25,08119,"[-0.015862   -0.04785093  0.00951109 -0.46733621  0.00781076  0.00550585
 -0.01354062  0.01301882  0.02002935 -0.31898066 -0.02411889  0.01435324
 -0.00512377 -0.0093255 ]",[-0.0540096],0.03861183901625294
25,08117,"[-0.015862   -0.04785093  0.00951109 -0.46733621  0.00781076  0.00550585
 -0.01354062  0.01301882  0.02002935 -0.31898066 -0.02411889  0.01435324
 -0.00512377 -0.0093255 ]",[-0.30683133],-1.7649716460135096
25,08123,"[-0.015862   -0.04785093  0.00951109 -0.46733621  0.00781076  0.00550585
 -0.01354062  0.01301882  0.02002935 -0.31898066 -0.02411889  0.01435324
 -0.00512377 -0.0093255 ]",[0.00299528],0.4452740451946193
25,09001,"[-0.015862   -0.04785093  0.00951109 -0.46733621  0.00781076  0.00550585
 -0.01354062  0.01301882  0.02002935 -0.31898066 -0.02411889  0.01435324
 -0.00512377 -0.0093255 ]",[-0.00269907],0.4046516566938865
25,09003,"[-0.015862   -0.04785093  0.00951109 -0.46733621  0.00781076  0.00550585
 -0.01354062  0.01301882  0.02002935 -0.31898066 -0.02411889  0.01435324
 -0.00512377 -0.0093255 ]",[0.00891037],0.48747120695398266
25,09005,"[-0.015862   -0.04785093  0.00951109 -0.46733621  0.00781076  0.00550585
 -0.01354062  0.01301882  0.02002935 -0.31898066 -0.02411889  0.01435324
 -0.00512377 -0.0093255 ]",[-0.0274436],0.22812877218913913
25,09007,"[-0.015862   -0.04785093  0.00951109 -0.46733621  0.00781076  0.00550585
 -0.01354062  0.01301882  0.02002935 -0.31898066 -0.02411889  0.01435324
 -0.00512377 -0.0093255 ]",[0.09837531],1.1256975934469535
25,09009,"[-0.015862   -0.04785093  0.00951109 -0.46733621  0.00781076  0.00550585
 -0.01354062  0.01301882  0.02002935 -0.31898066 -0.02411889  0.01435324
 -0.00512377 -0.0093255 ]",[-0.00507377],0.3877109489174065
25,09011,"[-0.015862   -0.04785093  0.00951109 -0.46733621  0.00781076  0.00550585
 -0.01354062  0.01301882  0.02002935 -0.31898066 -0.02411889  0.01435324
 -0.00512377 -0.0093255 ]",[0.01740081],0.5480404277624861
25,09015,"[-0.015862   -0.04785093  0.00951109 -0.46733621  0.00781076  0.00550585
 -0.01354062  0.01301882  0.02002935 -0.31898066 -0.02411889  0.01435324
 -0.00512377 -0.0093255 ]",[0.03475478],0.6718405034714198
25,09013,"[-0.015862   -0.04785093  0.00951109 -0.46733621  0.00781076  0.00550585
 -0.01354062  0.01301882  0.02002935 -0.31898066 -0.02411889  0.01435324
 -0.00512377 -0.0093255 ]",[-0.05612871],0.023494474227298758
25,10001,"[-0.015862   -0.04785093  0.00951109 -0.46733621  0.00781076  0.00550585
 -0.01354062  0.01301882  0.02002935 -0.31898066 -0.02411889  0.01435324
 -0.00512377 -0.0093255 ]",[-0.02692733],0.23181174749942618
25,10003,"[-0.015862   -0.04785093  0.00951109 -0.46733621  0.00781076  0.00550585
 -0.01354062  0.01301882  0.02002935 -0.31898066 -0.02411889  0.01435324
 -0.00512377 -0.0093255 ]",[0.02430488],0.5972928268971408
25,10005,"[-0.015862   -0.04785093  0.00951109 -0.46733621  0.00781076  0.00550585
 -0.01354062  0.01301882  0.02002935 -0.31898066 -0.02411889  0.01435324
 -0.00512377 -0.0093255 ]",[-0.01226792],0.33638925678629183
25,11001,"[-0.015862   -0.04785093  0.00951109 -0.46733621  0.00781076  0.00550585
 -0.01354062  0.01301882  0.02002935 -0.31898066 -0.02411889  0.01435324
 -0.00512377 -0.0093255 ]",[0.0132667],0.5185484616159025
25,12001,"[-0.015862   -0.04785093  0.00951109 -0.46733621  0.00781076  0.00550585
 -0.01354062  0.01301882  0.02002935 -0.31898066 -0.02411889  0.01435324
 -0.00512377 -0.0093255 ]",[0.02744727],0.6197100179679029
25,12003,"[-0.015862   -0.04785093  0.00951109 -0.46733621  0.00781076  0.00550585
 -0.01354062  0.01301882  0.02002935 -0.31898066 -0.02411889  0.01435324
 -0.00512377 -0.0093255 ]",[-0.31727925],-1.8395051803612534
25,12005,"[-0.015862   -0.04785093  0.00951109 -0.46733621  0.00781076  0.00550585
 -0.01354062  0.01301882  0.02002935 -0.31898066 -0.02411889  0.01435324
 -0.00512377 -0.0093255 ]",[-0.0131045],0.33042120166122096
25,12007,"[-0.015862   -0.04785093  0.00951109 -0.46733621  0.00781076  0.00550585
 -0.01354062  0.01301882  0.02002935 -0.31898066 -0.02411889  0.01435324
 -0.00512377 -0.0093255 ]",[-0.35700733],-2.122917958614583
25,12009,"[-0.015862   -0.04785093  0.00951109 -0.46733621  0.00781076  0.00550585
 -0.01354062  0.01301882  0.02002935 -0.31898066 -0.02411889  0.01435324
 -0.00512377 -0.0093255 ]",[0.02334014],0.5904105579143382
25,12011,"[-0.015862   -0.04785093  0.00951109 -0.46733621  0.00781076  0.00550585
 -0.01354062  0.01301882  0.02002935 -0.31898066 -0.02411889  0.01435324
 -0.00512377 -0.0093255 ]",[-0.00169824],0.41179139173272294
25,12015,"[-0.015862   -0.04785093  0.00951109 -0.46733621  0.00781076  0.00550585
 -0.01354062  0.01301882  0.02002935 -0.31898066 -0.02411889  0.01435324
 -0.00512377 -0.0093255 ]",[-0.06187799],-0.017519826530794844
25,12017,"[-0.015862   -0.04785093  0.00951109 -0.46733621  0.00781076  0.00550585
 -0.01354062  0.01301882  0.02002935 -0.31898066 -0.02411889  0.01435324
 -0.00512377 -0.0093255 ]",[-0.06717986],-0.055342400504741665
25,12019,"[-0.015862   -0.04785093  0.00951109 -0.46733621  0.00781076  0.00550585
 -0.01354062  0.01301882  0.02002935 -0.31898066 -0.02411889  0.01435324
 -0.00512377 -0.0093255 ]",[0.02604913],0.6097359927488617
25,12021,"[-0.015862   -0.04785093  0.00951109 -0.46733621  0.00781076  0.00550585
 -0.01354062  0.01301882  0.02002935 -0.31898066 -0.02411889  0.01435324
 -0.00512377 -0.0093255 ]",[-0.00425768],0.39353283046678617
25,12023,"[-0.015862   -0.04785093  0.00951109 -0.46733621  0.00781076  0.00550585
 -0.01354062  0.01301882  0.02002935 -0.31898066 -0.02411889  0.01435324
 -0.00512377 -0.0093255 ]",[-0.15544466],-0.6850071026984725
25,12027,"[-0.015862   -0.04785093  0.00951109 -0.46733621  0.00781076  0.00550585
 -0.01354062  0.01301882  0.02002935 -0.31898066 -0.02411889  0.01435324
 -0.00512377 -0.0093255 ]",[-0.05763751],0.012730975730664663
25,12031,"[-0.015862   -0.04785093  0.00951109 -0.46733621  0.00781076  0.00550585
 -0.01354062  0.01301882  0.02002935 -0.31898066 -0.02411889  0.01435324
 -0.00512377 -0.0093255 ]",[0.01236235],0.5120970533254036
25,12033,"[-0.015862   -0.04785093  0.00951109 -0.46733621  0.00781076  0.00550585
 -0.01354062  0.01301882  0.02002935 -0.31898066 -0.02411889  0.01435324
 -0.00512377 -0.0093255 ]",[0.01291106],0.5160114385529149
25,12035,"[-0.015862   -0.04785093  0.00951109 -0.46733621  0.00781076  0.00550585
 -0.01354062  0.01301882  0.02002935 -0.31898066 -0.02411889  0.01435324
 -0.00512377 -0.0093255 ]",[-0.06748974],-0.05755302072033812
25,12037,"[-0.015862   -0.04785093  0.00951109 -0.46733621  0.00781076  0.00550585
 -0.01354062  0.01301882  0.02002935 -0.31898066 -0.02411889  0.01435324
 -0.00512377 -0.0093255 ]",[-0.09968392],-0.28722034308149147
25,12041,"[-0.015862   -0.04785093  0.00951109 -0.46733621  0.00781076  0.00550585
 -0.01354062  0.01301882  0.02002935 -0.31898066 -0.02411889  0.01435324
 -0.00512377 -0.0093255 ]",[-0.29398724],-1.673344234276859
25,12039,"[-0.015862   -0.04785093  0.00951109 -0.46733621  0.00781076  0.00550585
 -0.01354062  0.01301882  0.02002935 -0.31898066 -0.02411889  0.01435324
 -0.00512377 -0.0093255 ]",[-0.18616529],-0.9041624325711332
25,12049,"[-0.015862   -0.04785093  0.00951109 -0.46733621  0.00781076  0.00550585
 -0.01354062  0.01301882  0.02002935 -0.31898066 -0.02411889  0.01435324
 -0.00512377 -0.0093255 ]",[-0.17867219],-0.8507080328330743
25,12051,"[-0.015862   -0.04785093  0.00951109 -0.46733621  0.00781076  0.00550585
 -0.01354062  0.01301882  0.02002935 -0.31898066 -0.02411889  0.01435324
 -0.00512377 -0.0093255 ]",[-0.13904593],-0.5680216417496714
25,12053,"[-0.015862   -0.04785093  0.00951109 -0.46733621  0.00781076  0.00550585
 -0.01354062  0.01301882  0.02002935 -0.31898066 -0.02411889  0.01435324
 -0.00512377 -0.0093255 ]",[-0.02166865],0.2693261904282895
25,12055,"[-0.015862   -0.04785093  0.00951109 -0.46733621  0.00781076  0.00550585
 -0.01354062  0.01301882  0.02002935 -0.31898066 -0.02411889  0.01435324
 -0.00512377 -0.0093255 ]",[-0.02717281],0.23006051547706854
